custom_id,company_name,headline,prompt_type,headline type,confidence,magnitude,explanation,input_tokens,output_tokens,headline type num,date,permno,ret_fd1,ret_fd5,ret_fd10,ret_ld1,ret_ld2,ret_ld3,ret,exret,b_mkt,mkt-rf,smb,hml,rf,exret_hat,exret_1,exret_2,exret_3,exret_4,exret_5,exret_6,exret_7,exret_8,exret_9,exret_10
3239,ASTRAZENECA PLC,"Fasenra Approved in the US for Self-administration in a New Pre-filled Auto-injector, the Fasenra Pen",0,increase,0.8,0.7,,141,28,2.0,,,,,,,,,,,,,,,,,,,,,,,,,,
3247,BANK OF AMERICA CORP,"Morgan Stanley Maintains Overweight on Bank of America, Lowers Price Target to $31",0,uncertain,0.6,0.3,,132,29,1.0,,,,,,,,,,,,,,,,,,,,,,,,,,
3255,BIG LOTS INC,Big Lots Option Alert: Oct 18 $22.5 Calls Sweep (5) near the Ask: 620 @ $0.398 vs 640 OI; Ref=$21.24,0,uncertain,0.6,0.3,,148,29,1.0,,,,,,,,,,,,,,,,,,,,,,,,,,
3263,BIG LOTS INC,Big Lots Option Alert: Oct 18 $22.5 Calls Sweep (18) near the Ask: 600 @ $0.4 vs 640 OI; Ref=$21.2,0,increase,0.8,0.7,,148,28,2.0,,,,,,,,,,,,,,,,,,,,,,,,,,
3271,BANK OF NEW YORK MELLON CORP,"Morgan Stanley Maintains Underweight on Bank of New York Mellon, Lowers Price Target to $40",0,decrease,0.8,0.7,,140,29,0.0,,,,,,,,,,,,,,,,,,,,,,,,,,
3279,BURLINGTON STORES INC,Canada Goose Holdings Get Small Spike As Traders Circulate Unconfirmed Chatter Indicating Burlington Stores Has Approached The Company With An M&A Offer,0,uncertain,0.7,0.5,,143,29,1.0,,,,,,,,,,,,,,,,,,,,,,,,,,
3287,FIRST BUSEY CORP,"B. Riley Maintains Neutral on First Busey, Lowers Price Target to $27",0,decrease,0.8,0.7,,132,29,0.0,,,,,,,,,,,,,,,,,,,,,,,,,,
3295,BLACKSTONE INC,Jon Najarian Sees Unusual Options Activity In Blackstone And Luckin Coffee,0,uncertain,0.6,0.3,,123,29,1.0,,,,,,,,,,,,,,,,,,,,,,,,,,
3303,C F INDUSTRIES HOLDINGS INC,"Stifel Nicolaus Maintains Hold on CF Industries Holdings, Lowers Price Target to $46",0,decrease,0.8,0.7,,137,29,0.0,,,,,,,,,,,,,,,,,,,,,,,,,,
3311,CHEGG INC,"BMO Capital Maintains Outperform on Chegg, Lowers Price Target to $35",0,uncertain,0.6,0.4,,125,29,1.0,,,,,,,,,,,,,,,,,,,,,,,,,,
3319,COHERUS BIOSCIENCES INC,Coherus Biosciences shares are trading higher. Not seeing any news to justify price action.,0,uncertain,0.7,0.3,,134,29,1.0,,,,,,,,,,,,,,,,,,,,,,,,,,
3327,CHARTER COMMUNICATIONS INC NEW,Charter Communications shares are trading higher after KeyBanc upgraded the stock from Sector Weight to Overweight and announced a price target of $515 per share.,0,increase,0.8,0.9,,147,28,2.0,,,,,,,,,,,,,,,,,,,,,,,,,,
3335,CHARTER COMMUNICATIONS INC NEW,"KeyBanc Upgrades Charter Communications On Price Hike, Broadband Potential",0,increase,0.9,0.8,,132,28,2.0,,,,,,,,,,,,,,,,,,,,,,,,,,
3343,CHARTER COMMUNICATIONS INC NEW,"Citigroup Maintains Buy on Charter Communications, Raises Price Target to $483",0,increase,0.8,0.7,,132,28,2.0,,,,,,,,,,,,,,,,,,,,,,,,,,
3351,CHARTER COMMUNICATIONS INC NEW,"KeyBanc Upgrades Charter Communications to Overweight, Announces $515 Price Target",0,increase,0.9,0.8,,134,28,2.0,,,,,,,,,,,,,,,,,,,,,,,,,,
3359,COMERICA INC,"B. Riley Maintains Neutral on Comerica, Lowers Price Target to $65",0,decrease,0.8,0.7,,125,29,0.0,,,,,,,,,,,,,,,,,,,,,,,,,,
3367,COMCAST CORP NEW,"Citigroup Maintains Buy on Comcast, Raises Price Target to $56",0,increase,0.8,0.7,,125,28,2.0,,,,,,,,,,,,,,,,,,,,,,,,,,
3375,CONSOLIDATED COMMS HLDGS INC,Consolidated Communications shares are trading lower despite no company-specific news. The stock has dropped approximately 17% in the last 5 days.,0,uncertain,0.7,0.8,,147,29,1.0,,,,,,,,,,,,,,,,,,,,,,,,,,
3383,CALLON PETROLEUM CO DEL,"Morgan Stanley Maintains Equal-Weight on Callon Petroleum, Lowers Price Target to $4.75",0,decrease,0.8,0.7,,137,29,0.0,,,,,,,,,,,,,,,,,,,,,,,,,,
3391,SALESFORCE INC,"UK's Competition And Markets Authority Says Is Considering If Salesforce, Tableau Deal Resulted In A Lessening Of Competition Within UK",0,uncertain,0.7,0.5,,134,29,1.0,,,,,,,,,,,,,,,,,,,,,,,,,,
3399,C S X CORP,A Peek Into The Markets: US Stock Futures Fall; All Eyes On Jobs Data,0,uncertain,0.6,0.3,,127,29,1.0,,,,,,,,,,,,,,,,,,,,,,,,,,
3407,C S X CORP,"JP Morgan Downgrades CSX to Neutral, Lowers Price Target to $76",0,decrease,0.8,0.7,,127,29,0.0,,,,,,,,,,,,,,,,,,,,,,,,,,
3415,CYTOSORBENTS CORP,CytoSorbents Reports Removal Of Ticagrelor Intraoperatively Results In Expected Cost Savings Of ~$5K Per Patient,0,increase,0.8,0.7,,143,28,2.0,,,,,,,,,,,,,,,,,,,,,,,,,,
3423,CYTOKINETICS INC,Cytokinetics Highlights Presentation Of Added Analyses From FORTITUDE-ALS At NEALS Meeting,0,uncertain,0.6,0.3,,133,29,1.0,,,,,,,,,,,,,,,,,,,,,,,,,,
3431,D B V TECHNOLOGIES S A,"DBV Technologies Shares Resume Trade, Up 12%",0,increase,0.8,0.12,,127,28,2.0,,,,,,,,,,,,,,,,,,,,,,,,,,
3439,D B V TECHNOLOGIES S A,DBV Technologies To Resume Trade At 12:15 a.m. EDT,0,uncertain,0.6,0.3,,132,29,1.0,,,,,,,,,,,,,,,,,,,,,,,,,,
3447,D B V TECHNOLOGIES S A,"DBV Technologies Announces FDA Acceptance Of BLA filing For Viaskin Peanut For The Treatment Of Peanut Allergy; Target Action Date Provided By FDA Is Aug. 5, 2020",0,increase,0.9,0.8,,157,28,2.0,,,,,,,,,,,,,,,,,,,,,,,,,,
3455,D B V TECHNOLOGIES S A,"DBV Technologies Shares Halted, News Pending",0,uncertain,0.7,0.5,,126,29,1.0,,,,,,,,,,,,,,,,,,,,,,,,,,
3463,DISH NETWORK CORP,"Citi Maintains Buy on DISH Network, Lowers Price Target to $40",0,uncertain,0.6,0.3,,128,29,1.0,,,,,,,,,,,,,,,,,,,,,,,,,,
3471,DISH NETWORK CORP,Sportradar Announces Partnership With DISH to Become the Company's Official Sports Data Provider,0,increase,0.8,0.7,,129,28,2.0,,,,,,,,,,,,,,,,,,,,,,,,,,
3479,DOMINOS PIZZA INC,"Wedbush Likes Domino's Pizza, Says Pressure From Third-Party Delivery Is 'Unsustainable'",0,increase,0.8,0.7,,135,28,2.0,,,,,,,,,,,,,,,,,,,,,,,,,,
3487,DOMINOS PIZZA INC,UPDATE: Wedbush On Domino's Also Notes 'The health of DPZ's domestic system can withstand a near-term challenge as management executes an offensive strategy',0,increase,0.8,0.6,,146,28,2.0,,,,,,,,,,,,,,,,,,,,,,,,,,
3495,DOMINOS PIZZA INC,"UPDATE: Wedbush Initiates Domino's With Outperform, Announces $280 Target As Firm Views Current Economics Of Third Party Delivery 'as unsustainable beyond the near-term from the point of view of both restaurants and third party marketplaces'",0,increase,0.8,0.7,,162,28,2.0,,,,,,,,,,,,,,,,,,,,,,,,,,
3503,DOMINOS PIZZA INC,"Wedbush Initiates Coverage On Domino's Pizza with Outperform Rating, Announces $280 Price Target",0,increase,0.8,0.7,,136,28,2.0,,,,,,,,,,,,,,,,,,,,,,,,,,
3511,DEVON ENERGY CORP NEW,"Morgan Stanley Maintains Equal-Weight on Devon Energy, Lowers Price Target to $27",0,decrease,0.8,0.7,,132,29,0.0,,,,,,,,,,,,,,,,,,,,,,,,,,
3519,ELECTRONIC ARTS INC,Electronic Arts Says Implemented Fix Related To FIFA 20 Global Series Registration Page Issue,0,uncertain,0.6,0.3,,128,29,1.0,,,,,,,,,,,,,,,,,,,,,,,,,,
3527,EQUIFAX INC,6 Tips For Cancelling A Bank Account,0,uncertain,0.6,0.2,,117,29,1.0,,,,,,,,,,,,,,,,,,,,,,,,,,
3535,8X8 INC NEW,8x8 shares are trading lower despite no company-specific news. The stock has dropped approximately 26% over the last month.,0,decrease,0.8,0.7,,138,29,0.0,,,,,,,,,,,,,,,,,,,,,,,,,,
3543,EMCOR GROUP INC,"EMCOR Reports Purchase Of Batchelor & Kimball In All-Cash Deal, No Terms Disclosed",0,uncertain,0.6,0.3,,129,29,1.0,,,,,,,,,,,,,,,,,,,,,,,,,,
3551,EOG RESOURCES INC,"Morgan Stanley Maintains Equal-Weight on EOG Resources, Lowers Price Target to $95",0,decrease,0.8,0.6,,131,29,0.0,,,,,,,,,,,,,,,,,,,,,,,,,,
3559,EQUINIX INC,Equinix Reports Purchase Of 3 Data Centers From Axtel For $175M In Cash,0,increase,0.8,0.7,,131,28,2.0,,,,,,,,,,,,,,,,,,,,,,,,,,
3567,EMBRAER S A,Boeing Shares Edge Lower; Hearing Co. Faces In-Depth EU Probe Into Its Embraer Deal,0,uncertain,0.7,0.5,,134,29,1.0,,,,,,,,,,,,,,,,,,,,,,,,,,
3575,ISHARES INC,CAN Ivey PMI for Sep 48.7 vs 60.6 Prior,0,decrease,0.8,0.7,,128,29,0.0,,,,,,,,,,,,,,,,,,,,,,,,,,
3583,ISHARES INC,Nikkei Survey Shows A Quarter Of Japanese Companies Want To Cut China Risk,0,increase,0.8,0.6,,127,28,2.0,,,,,,,,,,,,,,,,,,,,,,,,,,
3591,ISHARES TRUST,"Spain's Acting Ag Minister Says US Tariffs On Ag, Food Sectors Are 'Unacceptable'",0,uncertain,0.6,0.3,,132,29,1.0,,,,,,,,,,,,,,,,,,,,,,,,,,
3599,ISHARES TRUST,'Glasgow Airport partially evacuated amid 'concerns' over cargo' -Earlier Metro Article,0,uncertain,0.6,0.3,,133,29,1.0,,,,,,,,,,,,,,,,,,,,,,,,,,
3607,ISHARES TRUST,"Hearing Court Docs Show UK Gov't. Will Send A Letter To EU Asking For Brexit Extension If No Deal By Oct. 19, 2019",0,uncertain,0.6,0.3,,144,29,1.0,,,,,,,,,,,,,,,,,,,,,,,,,,
3615,ISHARES TRUST,Spokesperson For UK Prime Minister Johnson Says 'We Are Ready To Talk At Any Point Including Over The Weekend',0,uncertain,0.6,0.3,,135,29,1.0,,,,,,,,,,,,,,,,,,,,,,,,,,
3623,EXELIXIS INC,Exelixis shares are trading lower despite no company-specific news. The stock has dropped approximately 15% over the past month.,0,uncertain,0.7,0.6,,136,29,1.0,,,,,,,,,,,,,,,,,,,,,,,,,,
3631,DIAMONDBACK ENERGY INC,"Morgan Stanley Maintains Overweight on Diamondback Energy, Lowers Price Target to $131",0,uncertain,0.6,0.4,,134,29,1.0,,,,,,,,,,,,,,,,,,,,,,,,,,
3639,FEDEX CORP,UPS To Invest $220 Million In Louisville Maintenance Hangar,0,uncertain,0.6,0.3,,120,29,1.0,,,,,,,,,,,,,,,,,,,,,,,,,,
3647,PHOENIX NEW MEDIA LTD,Phoenix New Media Offers Update On Proposed Sale Of Investment In Yidian: 2 Shareholders Of Particle Notified Co. Of Intention To Exercise Co-Sale Rights Related To 16M Particle Shares For Total Price Of RMB240M,0,uncertain,0.6,0.3,,163,29,1.0,,,,,,,,,,,,,,,,,,,,,,,,,,
3655,FIVE BELOW INC,William Blair Initiates Coverage On Five Below with Outperform Rating,0,increase,0.8,0.7,,121,28,2.0,,,,,,,,,,,,,,,,,,,,,,,,,,
3663,AMICUS THERAPEUTICS INC,"Amicus Therapeutics shares are trading lower. NOTE: the stock saw increased volatility after the company announced ""positive"" data in Pompe Disease Phase 1/2 study of AT-GAA on October 2nd.",0,uncertain,0.6,0.4,,161,29,1.0,,,,,,,,,,,,,,,,,,,,,,,,,,
3671,FULTON FINANCIAL CORP PA,"Fulton Financial 8-K Shows Co. Received Letter From Dept. Of Justice Indicated Completion Of Review Of Possible Discriminatory Lending by Fulton Under Fair Housing Act, Determined Circumstances Do Not Require Enforcement Action",0,uncertain,0.7,0.3,,164,29,1.0,,,,,,,,,,,,,,,,,,,,,,,,,,
3679,FORWARD AIR CORP,"Transplace's McGuigan, Schneider's Rourke, Forward Air's Campbell Highlight Back-To-Back Discussions At FreightWaves LIVE Chicago",0,uncertain,0.6,0.3,,136,29,1.0,,,,,,,,,,,,,,,,,,,,,,,,,,
3687,GENERAL DYNAMICS CORP,"UPDATE: Exela, General Dynamics Contracts For VA Program Have Maximum Potential Value $900M Over 5 Years",0,increase,0.8,0.7,,135,28,2.0,,,,,,,,,,,,,,,,,,,,,,,,,,
3695,GENERAL DYNAMICS CORP,"Exela, General Dynamics Report Co.'s Selected By US Dept. Of Veterans Affairs To Provide Services Under VA's New $2B Veterans Intake, Conversion, Communication Services Program",0,increase,0.8,0.7,,149,28,2.0,,,,,,,,,,,,,,,,,,,,,,,,,,
3703,GENETIC TECHNOLOGIES LTD,Genetic Technologies to Issue Up to 1.13B Fully Paid Ordinary Shares @ A$0.004/New Ordinary Share,0,uncertain,0.7,0.5,,140,29,1.0,,,,,,,,,,,,,,,,,,,,,,,,,,
3711,GEO GROUP INC NEW,The GEO Group Option Alert: Jan 17 $15 Puts at the Bid: 1200 @ $1.351 vs 3160 OI; Earnings 11/6 Before Open [est] Ref=$15.76,0,uncertain,0.6,0.3,,157,29,1.0,,,,,,,,,,,,,,,,,,,,,,,,,,
3719,GEVO INC,EPA Official Says Increases To Biofuel Mandates To Be Informed By Waived Amounts From Last Three Compliance Years,0,uncertain,0.7,0.3,,131,29,1.0,,,,,,,,,,,,,,,,,,,,,,,,,,
3727,GEVO INC,"'New White House Ethanol Plan Revealed, More Details Expected' -Michigan Ag Today",0,increase,0.8,0.7,,125,28,2.0,,,,,,,,,,,,,,,,,,,,,,,,,,
3735,GILEAD SCIENCES INC,Gilead Highlights New Data From HIV Clinical Development Program At IDWeek,0,uncertain,0.6,0.3,,127,29,1.0,,,,,,,,,,,,,,,,,,,,,,,,,,
3743,BARRICK GOLD CORP,Barrick Gold shares are trading higher after National Bank Financial initiated coverage on the company's stock with an Outperform rating.﻿,0,increase,0.8,0.7,,138,28,2.0,,,,,,,,,,,,,,,,,,,,,,,,,,
3751,H D F C BANK LTD,"Top 10 Most Oversold Stocks Via Benzinga Pro's Screener Tool For Fri., October 04, 2019",0,uncertain,0.6,0.3,,139,29,1.0,,,,,,,,,,,,,,,,,,,,,,,,,,
3759,HERON THERAPEUTICS INC,Heron Therapeutics Late Thursday Priced 8.571M Shares At $17.50/Share,0,uncertain,0.6,0.4,,139,29,1.0,,,,,,,,,,,,,,,,,,,,,,,,,,
3767,HUB GROUP INC,"JP Morgan Upgrades Hub Group to Overweight, Raises Price Target to $60",0,increase,0.8,0.7,,125,28,2.0,,,,,,,,,,,,,,,,,,,,,,,,,,
3775,INTERCONTINENTALEXCHANGE GRP INC,"Wells Fargo Maintains Market Perform on Intercontinental Exchange, Raises Price Target to $95",0,increase,0.8,0.7,,139,28,2.0,,,,,,,,,,,,,,,,,,,,,,,,,,
3783,JABIL INC,Apple's Stock Higher On Reports Of 'Much Busier' iPhone 11 Demand,0,increase,0.8,0.7,,125,28,2.0,,,,,,,,,,,,,,,,,,,,,,,,,,
3791,JABIL INC,"Bank of America Reiterates Neutral on Jabil, Raises Price Target to $37",0,increase,0.8,0.6,,126,28,2.0,,,,,,,,,,,,,,,,,,,,,,,,,,
3799,KINDER MORGAN INC,Kinder Morgan Reports Commercial In Service Of First Unit At Elba Island Facility,0,increase,0.8,0.7,,128,28,2.0,,,,,,,,,,,,,,,,,,,,,,,,,,
3807,LIBERTY BROADBAND CORP,"Citigroup Initiates Coverage On Liberty Broadband with Buy Rating, Announces $125 Price Target",0,increase,0.8,0.7,,138,28,2.0,2019-10-04,14988.0,0.0834071717690676,-0.7970348484014456,2.8915616256483645,0.7278943434357643,1.476262846133758,0.4776918641653971,2.5958,1.3294,0.8991,1.39,-0.47,-0.07,0.007,1.339051,0.449,0.919,-0.6986,-0.7691,-1.3585,-0.199,1.4253,1.0629,0.6186,0.3685
3815,LATTICE SEMICONDUCTOR CORP,Lattice Semiconductor Option Alert: Dec 20 $25 Calls Sweep (33) near the Ask: 1000 @ $0.5 vs 128 OI; Earnings 10/24 After Close [est] Ref=$18.9099,0,uncertain,0.6,0.3,,170,29,1.0,2019-10-04,75854.0,-1.8643124029040337,-0.2589294536275099,0.2589387953278788,2.860288508236408,4.93827777298228,2.269625105095341,3.262,2.2181,1.1369,1.39,-0.47,-0.07,0.007,1.674709,-1.6068,-2.0076,1.3431,1.8381,0.0337,0.4798,1.0516,-1.951,-0.5958,0.4429
3823,SOUTHWEST AIRLINES CO,5 Easy Ways To Plan A Vacation On A Budget,0,uncertain,0.6,0.2,,127,29,1.0,2019-10-04,58683.0,0.473574548959732,2.1405517668479312,1.3070631584653825,0.4227467346936464,-2.079821385417535,-3.240140882961551,1.0142,-0.1516,0.9201,1.39,-0.47,-0.07,0.007,-0.2717389999999999,0.8155,1.5107,0.1703,-0.175,-0.8115,0.445,-0.695,-0.8335,-0.0726,-0.412
3831,MASTERCARD INC,"U.S. Helps Mastercard, Visa Score Victory in Indonesia in Global Lobbying Effort",0,increase,0.8,0.7,,129,28,2.0,2019-10-04,91233.0,-0.6823305506259203,0.7994341748242428,-1.129531409853013,1.440561655908823,-0.9780741005869008,-1.207791293936089,2.1507,0.0465,1.2745,1.39,-0.47,-0.07,0.007,0.3721450000000001,-0.0967,0.1088,0.3587,-0.2311,-0.3814,0.1545,-0.562,0.5993,-0.8439,-1.1172
3839,MANHATTAN ASSOCIATES INC,PreMarket Prep Recap: All About The Jobs Number,0,uncertain,0.6,0.3,,127,29,1.0,2019-10-04,85992.0,0.9367969818413258,2.739235693088382,-7.079332671366845,2.662353217601776,2.7390400994713016,2.2932918860234075,2.1934,1.1761,1.0215,1.39,-0.47,-0.07,0.007,0.7665149999999998,1.1866,-0.15,1.6576,-0.2943,0.0801,-2.0255,-1.7668,-2.2272,-2.225,-2.7026
3847,MANNKIND CORP,MannKind shares are trading higher on above-average volume despite no company-specific news.,0,uncertain,0.6,0.3,,129,29,1.0,2019-10-04,90285.0,3.076929412782192,-1.5384600707453844,-1.5384601264548214,0.0,-1.5873000025749209,-0.7999991900864201,4.8387,4.4042,0.9126,1.39,-0.47,-0.07,0.007,3.563186000000001,3.1713,-0.611,-0.7089,-2.0947,-1.0795,1.5014,-2.9324,-0.4889,-1.0806,1.154
3855,ALTRIA GROUP INC,Oregon Governor Kate Brown Issues Temporary Ban On Flavored Vaping Products,0,uncertain,0.6,0.3,,124,29,1.0,2019-10-04,13901.0,1.2484912760555744,2.2088790037876116,6.434574163221063,1.4921718277037144,-0.850336376421823,-0.2200491927207948,2.0583,1.131,0.5549,1.39,-0.47,-0.07,0.007,1.279989,1.5382,0.4612,0.41,0.6983,-1.5091,0.3264,1.2313,0.4327,1.9458,0.1373
3863,ALTRIA GROUP INC,Investigators Focusing On 'Dank' Brand Vape Cartridge As Possible Cause Of Lung Illnesses,0,decrease,0.8,0.7,,132,29,0.0,2019-10-04,13901.0,1.2484912760555744,2.2088790037876116,6.434574163221063,1.4921718277037144,-0.850336376421823,-0.2200491927207948,2.0583,1.131,0.5549,1.39,-0.47,-0.07,0.007,1.279989,1.5382,0.4612,0.41,0.6983,-1.5091,0.3264,1.2313,0.4327,1.9458,0.1373
3871,MOSAIC CO NEW,"Stifel Nicolaus Maintains Hold on Mosaic, Lowers Price Target to $23",0,decrease,0.8,0.7,,130,29,0.0,2019-10-04,90386.0,-0.9798794984817504,6.859205838768556,0.8251668659198685,-1.6940714791417122,-2.375059615677988,-3.756099677701064,-1.7233,-3.0199,1.2635,1.39,-0.47,-0.07,0.007,-3.4865649999999997,-0.5938,-1.1277,0.8744,2.1788,4.9522,-2.5983,-0.854,-0.8138,-3.0795,-0.2553
3879,MARATHON OIL CORP,"Morgan Stanley Maintains Equal-Weight on Marathon Oil, Lowers Price Target to $15",0,decrease,0.8,0.7,,134,29,0.0,2019-10-04,15069.0,-1.2975827790796757,1.557087738721763,-2.249136805800278,3.1858377158641815,-1.1026300663955269,-4.971479690233515,-0.8576,-2.9352,1.7052,1.39,-0.47,-0.07,0.007,-3.2348280000000003,-0.6557,0.1528,-0.2976,0.7524,0.4044,0.8655,-1.0501,-1.9901,-1.3103,-2.2157
3887,MARVELL TECHNOLOGY INC,Marvell Technology Group Option Alert: Oct 25 $26 Calls Sweep (43) near the Ask: 1150 @ $0.211 vs 942 OI; Earnings 12/3 After Close [est] Ref=$24.22,0,increase,0.8,0.7,,164,28,2.0,2019-10-04,88360.0,0.3478657454252243,-1.363179789874469,-2.840272774876318,-0.3334719687700271,-0.37500063831023,-4.2450921048929,2.1957,0.5224,1.3757,1.39,-0.47,-0.07,0.007,0.2764770000000001,0.8158,-4.1458,0.7718,-0.6455,1.2638,0.4643,-0.1594,-2.3886,-1.55,1.1026
3895,MARVELL TECHNOLOGY INC,"Stifel Reinstates Buy on Marvell Technology Group, Announces $29 Price Target",0,increase,0.8,0.7,,132,28,2.0,2019-10-04,88360.0,0.3478657454252243,-1.363179789874469,-2.840272774876318,-0.3334719687700271,-0.37500063831023,-4.2450921048929,2.1957,0.5224,1.3757,1.39,-0.47,-0.07,0.007,0.2764770000000001,0.8158,-4.1458,0.7718,-0.6455,1.2638,0.4643,-0.1594,-2.3886,-1.55,1.1026
3903,ARCELORMITTAL S A LUXEMBOURG,ArcelorMittal Option Alert: Jan 17 $16 Calls Sweep (31) near the Ask: 765 @ $0.37 vs 2508 OI; Earnings 10/31 Before Open [est] Ref=$12.89,0,increase,0.8,0.7,,178,28,2.0,2019-10-04,85261.0,1.689702831208706,13.364053469043968,12.058369440858495,-2.5816259905695915,-6.418673135580988,-9.90168447577785,1.4809,-0.574,1.7316,1.39,-0.47,-0.07,0.007,-0.933024,2.3258,0.4299,0.305,5.8767,2.7862,-2.4287,-0.7193,-1.0565,0.8936,0.2512
3911,MATADOR RESOURCES CO,Capital One Financial Upgrades Matador Resources to Overweight,0,increase,0.8,0.7,,122,28,2.0,2019-10-04,13244.0,-0.8968571200966835,-8.071744242620627,-20.371552998051413,-0.320514035411179,-1.892745590304412,-5.9286172097461005,0.3858,-1.786,2.0683,1.39,-0.47,-0.07,0.007,-2.4961369999999996,-0.2209,-0.0598,-3.5497,-4.4622,-1.1846,-4.1341,-2.5221,-2.8096,0.3003,-7.5944
3919,MICROVISION INC WA,"Microvision Shares Spike 13% Over Last Min., Now Up 23% For Session; Traders Circulate Blog Post From 'Ben's MicroVision Blog' 'Apparent MVIS logo on HL2 Prototype PCB board'",0,increase,0.8,0.7,,154,28,2.0,2019-10-04,83885.0,-0.0809253251645714,-4.235234384956687,-4.89614338051897,0.18967823125422,-3.1505310191772495,-3.0212022143919826,27.6076,27.9045,0.6605,1.39,-0.47,-0.07,0.007,26.682505,-0.1161,0.909,-4.7568,8.8763,-8.1731,-6.3225,-0.6164,4.942,-3.1314,3.0961
3927,NORDIC AMERICAN TANKERS LTD,Nordic American Tankers shares are trading higher on continued momentum after the stock has increased roughly 30% in the last month.,0,increase,0.8,0.7,,145,28,2.0,2019-10-04,85346.0,10.39426401257515,48.02868015497483,43.369178513608865,5.429859086871147,6.880727270527287,7.870362646112294,19.7425,18.9244,1.3314,1.39,-0.47,-0.07,0.007,17.884853999999997,10.7147,22.85,2.7982,0.2894,5.2158,2.4859,-9.5457,3.098,-2.7781,1.709
3935,NEPTUNE WELLNESS SOLUTIONS INC,Neptune Wellness Solutions Partners With American Media,0,uncertain,0.6,0.3,,125,29,1.0,2019-10-04,92222.0,-0.7874008268117905,-11.811024805962,-7.349080664500107,1.6574636101722715,2.793300117652353,3.3707900471321883,3.5326,2.4572,1.2013,1.39,-0.47,-0.07,0.007,1.855793,-0.5257,0.9859,-1.1669,-9.1607,-2.336,-0.2167,2.4937,0.3698,-0.2734,1.3583
3943,NEPTUNE WELLNESS SOLUTIONS INC,Neptune Wellness Solutions Reports Strategic Partnership With American Media; Neptune To Issue To AMI 3M Warrants With Exercise Price At $8/Share,0,increase,0.8,0.7,,147,28,2.0,2019-10-04,92222.0,-0.7874008268117905,-11.811024805962,-7.349080664500107,1.6574636101722715,2.793300117652353,3.3707900471321883,3.5326,2.4572,1.2013,1.39,-0.47,-0.07,0.007,1.855793,-0.5257,0.9859,-1.1669,-9.1607,-2.336,-0.2167,2.4937,0.3698,-0.2734,1.3583
3951,NETFLIX INC,The Latest Battle In The Streaming Wars: Advertising,0,uncertain,0.6,0.3,,118,29,1.0,2019-10-04,89393.0,0.6121862679719925,3.717139308828976,0.9201140750134896,0.0447692873422056,-0.5304520788586342,0.1980415722999229,1.7304,-0.3114,1.509,1.39,-0.47,-0.07,0.007,-0.3741099999999997,1.1584,0.9866,-2.4912,4.276,-0.9504,1.2388,-2.2349,1.1084,1.456,-4.6869
3959,NETFLIX INC,Netflix Option Alert: Fri $270 Puts Sweep (3) near the Bid: 1200 @ $0.59 vs 1663 OI; Earnings 10/16 After Close Ref=$273.38,0,uncertain,0.6,0.4,,154,29,1.0,2019-10-04,89393.0,0.6121862679719925,3.717139308828976,0.9201140750134896,0.0447692873422056,-0.5304520788586342,0.1980415722999229,1.7304,-0.3114,1.509,1.39,-0.47,-0.07,0.007,-0.3741099999999997,1.1584,0.9866,-2.4912,4.276,-0.9504,1.2388,-2.2349,1.1084,1.456,-4.6869
3967,NETFLIX INC,'Exclusive data that predicted Netflix's big Q2 subscriber miss suggests international growth has bounced back' -Business Insider,0,increase,0.8,0.7,,131,28,2.0,2019-10-04,89393.0,0.6121862679719925,3.717139308828976,0.9201140750134896,0.0447692873422056,-0.5304520788586342,0.1980415722999229,1.7304,-0.3114,1.509,1.39,-0.47,-0.07,0.007,-0.3741099999999997,1.1584,0.9866,-2.4912,4.276,-0.9504,1.2388,-2.2349,1.1084,1.456,-4.6869
3975,NETFLIX INC,Disney Bans Netflix Ads As Streaming's Marketing Wars Intensify,0,uncertain,0.6,0.3,,121,29,1.0,2019-10-04,89393.0,0.6121862679719925,3.717139308828976,0.9201140750134896,0.0447692873422056,-0.5304520788586342,0.1980415722999229,1.7304,-0.3114,1.509,1.39,-0.47,-0.07,0.007,-0.3741099999999997,1.1584,0.9866,-2.4912,4.276,-0.9504,1.2388,-2.2349,1.1084,1.456,-4.6869
3983,NETFLIX INC,Netflix Option Alert: Oct 18 $285 Calls at the Ask: 648 @ $9.6 vs 16962 OI; Earnings 10/16 After Close Ref=$271.61,0,increase,0.8,0.7,,150,28,2.0,2019-10-04,89393.0,0.6121862679719925,3.717139308828976,0.9201140750134896,0.0447692873422056,-0.5304520788586342,0.1980415722999229,1.7304,-0.3114,1.509,1.39,-0.47,-0.07,0.007,-0.3741099999999997,1.1584,0.9866,-2.4912,4.276,-0.9504,1.2388,-2.2349,1.1084,1.456,-4.6869
3991,N I O INC,"Goldman Sachs Downgrades NIO to Neutral, Lowers Price Target to $1.47",0,decrease,0.8,0.9,,128,29,0.0,2019-10-04,18087.0,-4.320991039276123,-3.703707766416442,-6.172841063313028,3.1446509063243866,24.24241873319066,5.1282090112673595,-1.2195,-2.3688,1.4443,1.39,-0.47,-0.07,0.007,-3.234077,-4.0257,12.2469,-3.7686,-6.7603,-0.6416,-1.0221,-0.6814,-6.2639,-2.1265,5.6582
3999,SERVICENOW INC,ServiceNow shares are trading higher after on seemingly no company-specific news.,0,uncertain,0.7,0.3,,124,29,1.0,2019-10-04,13447.0,0.6266822572797537,1.4447520731118324,-8.811171562916764,4.261692985892296,2.8944910087786546,1.3866413762808172,3.5397,1.6429,1.3639,1.39,-0.47,-0.07,0.007,1.636879,1.1093,-1.715,0.2075,0.0474,1.2096,-0.0911,-0.0639,-6.5677,-1.1204,-2.5696
4007,NORFOLK SOUTHERN CORP,"Snow, Slush, Slow Downs In Northern Rockies",0,uncertain,0.6,0.3,,131,29,1.0,2019-10-04,64311.0,-0.6654375232756138,3.286652231316811,5.2598055510738595,0.542164035141468,-2.4974254672435525,-5.037294115508639,1.2954,-0.302,1.1179,1.39,-0.47,-0.07,0.007,-0.2654809999999996,-0.1815,-1.0462,0.3462,0.9038,2.3612,0.2003,0.1854,0.4356,1.1998,-0.8248
4015,NORTHERN TRUST CORP,"Morgan Stanley Maintains Underweight on Northern Trust, Lowers Price Target to $90",0,decrease,0.8,0.7,,135,29,0.0,2019-10-04,58246.0,-0.2920388011261821,2.897901702863903,6.346177310838774,-0.4471957217901945,-3.404536857401408,-6.965281001262547,2.5455,0.961,1.2586,1.39,-0.47,-0.07,0.007,0.7890460000000001,0.2177,0.7211,0.1202,0.2729,0.5317,0.8203,0.5988,-0.4472,0.2461,0.7782
4023,NORTHERN TRUST CORP,"Buckingham Maintains Buy on Northern Trust, Lowers Price Target to $112",0,uncertain,0.6,0.3,,134,29,1.0,2019-10-04,58246.0,-0.2920388011261821,2.897901702863903,6.346177310838774,-0.4471957217901945,-3.404536857401408,-6.965281001262547,2.5455,0.961,1.2586,1.39,-0.47,-0.07,0.007,0.7890460000000001,0.2177,0.7211,0.1202,0.2729,0.5317,0.8203,0.5988,-0.4472,0.2461,0.7782
4031,NOVARTIS A G,"Conatus Pharmaceuticals And Novartis Mutually Agree To Terminate Collaboration Agreement Dated December 19, 2016",0,uncertain,0.6,0.3,,137,29,1.0,2019-10-04,88233.0,0.3258072771131992,0.7679729982989381,1.0937801967121574,0.995855312794447,-0.9879108355297372,-1.9677779857296795,0.8804,0.164,0.4465,1.39,-0.47,-0.07,0.007,0.252765,0.5261,-0.3772,-0.111,-0.0345,0.3464,-0.7756,0.4368,0.564,0.1996,-0.1302
4039,OCCIDENTAL PETROLEUM CORP,"Morgan Stanley Maintains Equal-Weight on Occidental Petroleum, Lowers Price Target to $51",0,decrease,0.8,0.7,,137,29,0.0,2019-10-04,34833.0,-2.0664021372795105,-4.527515066926336,-6.0831179425225645,0.6055010482668877,-1.3022611849856758,-2.8558589778316823,-0.3009,-1.5635,1.0005,1.39,-0.47,-0.07,0.007,-1.698595,-1.6865,-1.487,-0.7321,-0.1831,-1.2562,-1.1991,-0.2265,-1.1459,-0.5035,0.3662
4047,PALO ALTO NETWORKS INC,Palo Alto Networks Achieves New FedRAMP Milestone For Cortex Offerings,0,increase,0.8,0.7,,131,28,2.0,2019-10-04,13511.0,1.0637746192514896,-0.0712394937515736,0.9687958127439832,1.4848366379737854,1.6878081166775472,2.2715030894158383,1.0122,0.0652,0.8077,1.39,-0.47,-0.07,0.007,-0.1175029999999996,1.2823,-1.506,0.6714,-0.1223,-0.5784,1.7769,-1.6188,0.3031,-0.346,0.5213
4055,PETROLEO BRASILEIRO SA PETROBRAS,"Petrobras Will Announce Non-Binding Phase For Sale Of Reman, Lubnor Refineries, Xisto Unit In Coming Weeks",0,uncertain,0.6,0.3,,153,29,1.0,2019-10-04,88490.0,-2.6074692606925964,1.4799158193156137,2.396054783463719,0.9272407740354538,-1.393733471954317,-2.21147643903592,0.2827,-1.1303,1.099,1.39,-0.47,-0.07,0.007,-1.25191,-2.1718,1.5086,1.6068,-0.8178,0.6598,0.0909,-0.8264,1.7246,-1.9995,0.8061
4063,PETROLEO BRASILEIRO SA PETROBRAS,Petrobras Has Opened Non-Binding Phase For Sale Of Regap Refinery,0,uncertain,0.6,0.3,,142,29,1.0,2019-10-04,88490.0,-2.6074692606925964,1.4799158193156137,2.396054783463719,0.9272407740354538,-1.393733471954317,-2.21147643903592,0.2827,-1.1303,1.099,1.39,-0.47,-0.07,0.007,-1.25191,-2.1718,1.5086,1.6068,-0.8178,0.6598,0.0909,-0.8264,1.7246,-1.9995,0.8061
4071,P G & E CORP,PG&E Says it has Received $34B of Commitments for its Bankruptcy Reorganization,0,increase,0.8,0.9,,131,28,2.0,2019-10-04,13688.0,5.795769393444061,-26.218946300258484,-28.610852660187845,6.584823131561279,-3.5353476368360504,-4.499997822334201,13.822,12.5161,1.0436,1.39,-0.47,-0.07,0.007,12.364396,6.248,-3.4948,-0.226,-29.862,1.6133,-4.1294,-0.4155,2.2513,-0.9887,-0.8045
4079,P G & E CORP,PG&E shares are trading higher after the California Public Utilities Commissions and Safety Enforcement division submitted proposed settlement deal.,0,increase,0.8,0.7,,134,28,2.0,2019-10-04,13688.0,5.795769393444061,-26.218946300258484,-28.610852660187845,6.584823131561279,-3.5353476368360504,-4.499997822334201,13.822,12.5161,1.0436,1.39,-0.47,-0.07,0.007,12.364396,6.248,-3.4948,-0.226,-29.862,1.6133,-4.1294,-0.4155,2.2513,-0.9887,-0.8045
4087,P G & E CORP,"UPDATE: PG&E Settlement Will Create System Enhancements To Include Locate, Mark Ticket Compliance Audits To Verify Categorization Of Timeliness",0,uncertain,0.6,0.3,,140,29,1.0,2019-10-04,13688.0,5.795769393444061,-26.218946300258484,-28.610852660187845,6.584823131561279,-3.5353476368360504,-4.499997822334201,13.822,12.5161,1.0436,1.39,-0.47,-0.07,0.007,12.364396,6.248,-3.4948,-0.226,-29.862,1.6133,-4.1294,-0.4155,2.2513,-0.9887,-0.8045
4095,P G & E CORP,"PG&E 8-K Shows California Public Utilities Commission's Safety and Enforcement Division, Coalition Of Utilities Employees Jointly Submitted Proposed Settlement Deal",0,uncertain,0.6,0.3,,139,29,1.0,2019-10-04,13688.0,5.795769393444061,-26.218946300258484,-28.610852660187845,6.584823131561279,-3.5353476368360504,-4.499997822334201,13.822,12.5161,1.0436,1.39,-0.47,-0.07,0.007,12.364396,6.248,-3.4948,-0.226,-29.862,1.6133,-4.1294,-0.4155,2.2513,-0.9887,-0.8045
4103,PEPSICO INC,Analysts React To PepsiCo's Q3 Beat,0,increase,0.8,0.7,,119,28,2.0,2019-10-04,13856.0,-1.382950134575367,-1.8819500063370296,-2.872825002863011,2.978938445448875,0.4076563343071715,0.6053876568690386,1.7038,0.6238,0.5134,1.39,-0.47,-0.07,0.007,0.9831740000000002,-1.0542,-0.0662,-0.4748,-0.6073,-0.4468,-0.322,-1.1472,0.5053,0.8594,-0.5802
4111,PEPSICO INC,CORRECTION: Credit Suisse Raised Price Target On Pepsi To $126; A prior headline incorrectly suggested the price target was lowered.,0,increase,0.9,0.8,,135,28,2.0,2019-10-04,13856.0,-1.382950134575367,-1.8819500063370296,-2.872825002863011,2.978938445448875,0.4076563343071715,0.6053876568690386,1.7038,0.6238,0.5134,1.39,-0.47,-0.07,0.007,0.9831740000000002,-1.0542,-0.0662,-0.4748,-0.6073,-0.4468,-0.322,-1.1472,0.5053,0.8594,-0.5802
4119,PEPSICO INC,"UPDATE: Credit Suisse Maintains Underperform On Pepsi, Raises Target To $126 As Firm Notes 'Despite two home-run innovations (Gatorade Zero, Bubly), volumes have been flat for four quarters. Core CSD brands are declining, despite increased investments'",0,decrease,0.8,0.7,,163,29,0.0,2019-10-04,13856.0,-1.382950134575367,-1.8819500063370296,-2.872825002863011,2.978938445448875,0.4076563343071715,0.6053876568690386,1.7038,0.6238,0.5134,1.39,-0.47,-0.07,0.007,0.9831740000000002,-1.0542,-0.0662,-0.4748,-0.6073,-0.4468,-0.322,-1.1472,0.5053,0.8594,-0.5802
4127,PEPSICO INC,"UPDATE: Morgan Stanley Maintains Overweight On Pepsi, Raises Target To $154 As Firm Sees 'superior PEP organic sales growth, and high EPS visibility post a re-base under a new CEO as not fully priced into a discounted valuation vs peers'",0,increase,0.8,0.7,,160,28,2.0,2019-10-04,13856.0,-1.382950134575367,-1.8819500063370296,-2.872825002863011,2.978938445448875,0.4076563343071715,0.6053876568690386,1.7038,0.6238,0.5134,1.39,-0.47,-0.07,0.007,0.9831740000000002,-1.0542,-0.0662,-0.4748,-0.6073,-0.4468,-0.322,-1.1472,0.5053,0.8594,-0.5802
4135,PEPSICO INC,"Morgan Stanley Maintains Overweight on PepsiCo, Raises Price Target to $154",0,increase,0.8,0.7,,126,28,2.0,2019-10-04,13856.0,-1.382950134575367,-1.8819500063370296,-2.872825002863011,2.978938445448875,0.4076563343071715,0.6053876568690386,1.7038,0.6238,0.5134,1.39,-0.47,-0.07,0.007,0.9831740000000002,-1.0542,-0.0662,-0.4748,-0.6073,-0.4468,-0.322,-1.1472,0.5053,0.8594,-0.5802
4143,PEPSICO INC,"BMO Capital Maintains Market Perform on PepsiCo, Raises Price Target to $133",0,increase,0.8,0.6,,126,28,2.0,2019-10-04,13856.0,-1.382950134575367,-1.8819500063370296,-2.872825002863011,2.978938445448875,0.4076563343071715,0.6053876568690386,1.7038,0.6238,0.5134,1.39,-0.47,-0.07,0.007,0.9831740000000002,-1.0542,-0.0662,-0.4748,-0.6073,-0.4468,-0.322,-1.1472,0.5053,0.8594,-0.5802
4151,PEPSICO INC,"Credit Suisse Maintains Underperform on PepsiCo, Raises Price Target to $126",0,uncertain,0.6,0.3,,126,29,1.0,2019-10-04,13856.0,-1.382950134575367,-1.8819500063370296,-2.872825002863011,2.978938445448875,0.4076563343071715,0.6053876568690386,1.7038,0.6238,0.5134,1.39,-0.47,-0.07,0.007,0.9831740000000002,-1.0542,-0.0662,-0.4748,-0.6073,-0.4468,-0.322,-1.1472,0.5053,0.8594,-0.5802
4159,PEPSICO INC,"Citigroup Maintains Neutral on PepsiCo, Raises Price Target to $143",0,increase,0.8,0.6,,124,28,2.0,2019-10-04,13856.0,-1.382950134575367,-1.8819500063370296,-2.872825002863011,2.978938445448875,0.4076563343071715,0.6053876568690386,1.7038,0.6238,0.5134,1.39,-0.47,-0.07,0.007,0.9831740000000002,-1.0542,-0.0662,-0.4748,-0.6073,-0.4468,-0.322,-1.1472,0.5053,0.8594,-0.5802
4167,INSULET CORP,"UBS Downgrades Insulet to Neutral, Raises Price Target to $160",0,uncertain,0.6,0.3,,126,29,1.0,2019-10-04,92050.0,1.5874043107032776,-1.4203128977785084,-1.1953732706994955,0.8804613724350929,-2.542528798616017,-3.7834176890290223,-1.9472,-3.1138,0.8396,1.39,-0.47,-0.07,0.007,-3.121244,1.8328,-1.9547,0.3672,0.0568,-1.9267,-0.554,0.798,0.5286,-0.3593,-0.0855
4175,P T C THERAPEUTICS INC,PTC Therapeutics Highlights Analysis Showing Translarna™ Slows Disease Progression in Patients with Duchenne Muscular Dystrophy,0,increase,0.9,0.8,,145,28,2.0,2019-10-04,13967.0,-3.354179486632347,0.3126791543493601,3.1267720792350406,-0.176267244387418,5.462440395636636,0.4730926540020164,3.5315,2.6883,1.1659,1.39,-0.47,-0.07,0.007,1.903899,-3.2104,0.928,-0.2085,2.458,0.5971,0.8508,0.451,-0.3451,-0.3017,0.8915
4183,PIONEER NATURAL RESOURCES CO,"Morgan Stanley Maintains Overweight on Pioneer Natural Resources, Lowers Price Target to $167",0,uncertain,0.6,0.4,,138,29,1.0,2019-10-04,75241.0,-0.7253854535520077,5.627738305946295,-1.6659994355654129,3.066621720790863,2.431610110842941,-0.8587058086353183,0.6095,-1.1019,1.4389,1.39,-0.47,-0.07,0.007,-1.397571,-0.1956,1.6246,1.4922,1.3424,0.2562,-1.5221,-0.9804,-1.6191,-1.2339,-3.2876
4191,RINGCENTRAL INC,Mid-Afternoon Market Update: Dow Surges Over 300 Points; Avaya Shares Gain Following Deal With RingCentral,0,increase,0.8,0.7,,135,28,2.0,2019-10-04,14136.0,5.768522992730141,6.209430060454735,-0.9981658023129336,4.962553456425667,3.196055275408316,1.4960983018049934,28.0383,26.0554,1.662,1.39,-0.47,-0.07,0.007,25.72112,6.3613,2.0481,-0.2235,-0.3038,-2.4678,2.0587,-1.9682,-2.6803,-1.6473,-2.8685
4199,RINGCENTRAL INC,"Morgan Stanley Maintains Equal-Weight on RingCentral, Raises Price Target to $140",0,increase,0.8,0.7,,129,28,2.0,2019-10-04,14136.0,5.768522992730141,6.209430060454735,-0.9981658023129336,4.962553456425667,3.196055275408316,1.4960983018049934,28.0383,26.0554,1.662,1.39,-0.47,-0.07,0.007,25.72112,6.3613,2.0481,-0.2235,-0.3038,-2.4678,2.0587,-1.9682,-2.6803,-1.6473,-2.8685
4207,RINGCENTRAL INC,RingCentral shares are trading higher after the company announced a partnership with Avaya in which RingCentral will have access to sell its services to Avaya's 100 million users.,0,increase,0.9,0.8,,145,28,2.0,2019-10-04,14136.0,5.768522992730141,6.209430060454735,-0.9981658023129336,4.962553456425667,3.196055275408316,1.4960983018049934,28.0383,26.0554,1.662,1.39,-0.47,-0.07,0.007,25.72112,6.3613,2.0481,-0.2235,-0.3038,-2.4678,2.0587,-1.9682,-2.6803,-1.6473,-2.8685
4215,RINGCENTRAL INC,Avaya Rallies Following Deal With RingCentral,0,increase,0.8,0.7,,121,28,2.0,2019-10-04,14136.0,5.768522992730141,6.209430060454735,-0.9981658023129336,4.962553456425667,3.196055275408316,1.4960983018049934,28.0383,26.0554,1.662,1.39,-0.47,-0.07,0.007,25.72112,6.3613,2.0481,-0.2235,-0.3038,-2.4678,2.0587,-1.9682,-2.6803,-1.6473,-2.8685
4223,RANGE RESOURCES CORP,"Morgan Stanley Maintains Underweight on Range Resources, Lowers Price Target to $0.75",0,decrease,0.8,0.9,,131,29,0.0,2019-10-04,50017.0,-0.8196713402867317,-1.912572476811547,0.5464480628175394,5.847947672009468,2.840906571795254,-5.235603444700077,1.105,-0.0237,1.6372,1.39,-0.47,-0.07,0.007,-1.1777079999999998,-0.4238,-4.7783,-0.4848,1.9552,1.4451,-2.2212,-0.7811,1.4888,4.1817,-3.6217
4231,RANGE RESOURCES CORP,Credit Suisse Downgrades Range Resources to Neutral,0,decrease,0.8,0.7,,120,29,0.0,2019-10-04,50017.0,-0.8196713402867317,-1.912572476811547,0.5464480628175394,5.847947672009468,2.840906571795254,-5.235603444700077,1.105,-0.0237,1.6372,1.39,-0.47,-0.07,0.007,-1.1777079999999998,-0.4238,-4.7783,-0.4848,1.9552,1.4451,-2.2212,-0.7811,1.4888,4.1817,-3.6217
4239,SABRE CORP,"Sabre Corp. Reports Grupo CDV Selected Co. To Provide Technology For Travel Agencies In Spain, No Terms Disclosed",0,uncertain,0.6,0.3,,135,29,1.0,2019-10-04,14608.0,-0.5080771632492542,-0.877600561987002,-3.4872939919972756,-1.367994211614132,-2.786520553599592,-3.415946705415729,0.0925,-1.0804,0.8943,1.39,-0.47,-0.07,0.007,-1.157577,-0.1927,-0.0541,-0.8149,-0.2283,-0.0864,-0.3287,-0.5097,-0.4653,-0.2115,-1.6486
4247,BOSTON BEER INC,"UBS Upgrades Boston Beer Co to Neutral, Raises Price Target to $390",0,increase,0.8,0.7,,129,28,2.0,2019-10-04,82634.0,-2.8379591181874275,2.9001668260880464,2.0008299383066364,0.7465523201972246,0.2918645847238332,1.9308941182602848,3.9692,2.8937,0.708,1.39,-0.47,-0.07,0.007,2.97808,-2.4986,0.2342,2.1311,-0.6748,3.1091,-1.6888,-1.2282,-0.8733,4.9471,-2.1535
4255,ECHOSTAR CORP,"Citigroup Downgrades EchoStar to Neutral, Lowers Price Target to $44",0,decrease,0.8,0.7,,129,29,0.0,2019-10-04,92469.0,-0.8597520180046558,-2.1225171114867547,0.2686687404367838,-1.172487623989582,-2.468498617841841,-4.265519155236152,-1.8719,-2.7525,0.8117,1.39,-0.47,-0.07,0.007,-3.0071629999999994,-0.6174,-2.1357,0.1259,1.4341,-1.3518,-1.5312,-0.1385,0.9563,0.7369,1.4072
4263,SEACOAST BANKING CORP FLA,"B. Riley Maintains Buy on Seacoast Banking, Lowers Price Target to $29",0,uncertain,0.7,0.5,,140,29,1.0,2019-10-04,69586.0,0.280784978531301,-0.9225814182882264,2.8479705189144333,0.2039952436462044,-0.8077575721051611,-2.9632558242440044,1.5065,0.4352,1.2257,1.39,-0.47,-0.07,0.007,-0.2042229999999998,0.6267,-0.777,-0.5311,0.06,-0.8964,1.2206,-0.3008,0.0118,0.7749,0.0059
4271,SKYWEST INC,"SkyWest Reports September Departures Up 6.3% YoY, Passengers Up 7.3% YoY",0,increase,0.8,0.7,,134,28,2.0,2019-10-04,10421.0,0.017979358381126,0.1258760779965895,2.049989876241054,-1.431637816131115,-2.4269245031398268,-4.041811137006157,0.9622,-0.3093,1.219,1.39,-0.47,-0.07,0.007,-0.7392099999999999,0.3846,0.5764,-0.4101,0.1876,-1.2002,0.9784,0.1169,-0.5313,-0.9383,0.7875
4279,STMICROELECTRONICS NV,10 Technology Stocks Moving In Friday's Pre-Market Session,0,uncertain,0.6,0.3,,128,29,1.0,2019-10-04,81132.0,-0.2027319278568029,6.690317730467132,6.994430248397943,0.9473700076341628,0.3138046820428508,-0.827300137511211,2.8676,0.9014,1.6288,1.39,-0.47,-0.07,0.007,0.596568,0.3551,-1.1219,1.3411,0.3904,4.8845,0.3498,0.5307,-0.92,-1.6037,0.7119
4287,STRATUS PROPERTIES INC,Stratus Properties Reports Closed $75M Loan With ACRC Lender To Refinance The Santal,0,uncertain,0.6,0.3,,131,29,1.0,2019-10-04,77790.0,0.0348373549059033,1.2195068294054368,-4.494776520805033,0.2831855788826942,-2.344020399765645,-3.541031347649093,1.306,1.0265,0.6252,1.39,-0.47,-0.07,0.007,0.4299720000000002,0.0913,0.9764,-0.031,0.392,-0.1732,-2.5023,0.9679,-1.7967,-2.6276,-1.1892
4295,CONSTELLATION BRANDS INC,Analysts Think Constellation's Beer Bash Will Keep The Party Going,0,increase,0.8,0.7,,126,28,2.0,2019-10-04,69796.0,-2.5807783007621765,-0.3406646324234152,1.692989872831574,-6.059286743402481,-7.234615668385547,-6.281360564635219,-0.2677,-1.4461,0.7736,1.39,-0.47,-0.07,0.007,-1.3500039999999998,-2.2377,1.6434,0.2677,0.1585,-0.7116,0.0411,1.2036,1.0561,-0.834,0.15
4303,CONSTELLATION BRANDS INC,Analysts Think Constellation's Beer Bash Will Keep The Party Going,0,increase,0.8,0.7,,126,28,2.0,2019-10-04,69796.0,-2.5807783007621765,-0.3406646324234152,1.692989872831574,-6.059286743402481,-7.234615668385547,-6.281360564635219,-0.2677,-1.4461,0.7736,1.39,-0.47,-0.07,0.007,-1.3500039999999998,-2.2377,1.6434,0.2677,0.1585,-0.7116,0.0411,1.2036,1.0561,-0.834,0.15
4311,CONSTELLATION BRANDS INC,"Morgan Stanley Maintains Equal-Weight on Constellation Brands, Lowers Price Target to $214",0,decrease,0.8,0.7,,133,29,0.0,2019-10-04,69796.0,-2.5807783007621765,-0.3406646324234152,1.692989872831574,-6.059286743402481,-7.234615668385547,-6.281360564635219,-0.2677,-1.4461,0.7736,1.39,-0.47,-0.07,0.007,-1.3500039999999998,-2.2377,1.6434,0.2677,0.1585,-0.7116,0.0411,1.2036,1.0561,-0.834,0.15
4319,CONSTELLATION BRANDS INC,"Morgan Stanley Maintains Equal-Weight on Constellation Brands, Lowers Price Target to $214",0,decrease,0.8,0.7,,133,29,0.0,2019-10-04,69796.0,-2.5807783007621765,-0.3406646324234152,1.692989872831574,-6.059286743402481,-7.234615668385547,-6.281360564635219,-0.2677,-1.4461,0.7736,1.39,-0.47,-0.07,0.007,-1.3500039999999998,-2.2377,1.6434,0.2677,0.1585,-0.7116,0.0411,1.2036,1.0561,-0.834,0.15
4327,CONSTELLATION BRANDS INC,"Credit Suisse Maintains Outperform on Constellation Brands, Lowers Price Target to $228",0,uncertain,0.6,0.3,,132,29,1.0,2019-10-04,69796.0,-2.5807783007621765,-0.3406646324234152,1.692989872831574,-6.059286743402481,-7.234615668385547,-6.281360564635219,-0.2677,-1.4461,0.7736,1.39,-0.47,-0.07,0.007,-1.3500039999999998,-2.2377,1.6434,0.2677,0.1585,-0.7116,0.0411,1.2036,1.0561,-0.834,0.15
4335,CONSTELLATION BRANDS INC,"Credit Suisse Maintains Outperform on Constellation Brands, Lowers Price Target to $228",0,uncertain,0.7,0.5,,132,29,1.0,2019-10-04,69796.0,-2.5807783007621765,-0.3406646324234152,1.692989872831574,-6.059286743402481,-7.234615668385547,-6.281360564635219,-0.2677,-1.4461,0.7736,1.39,-0.47,-0.07,0.007,-1.3500039999999998,-2.2377,1.6434,0.2677,0.1585,-0.7116,0.0411,1.2036,1.0561,-0.834,0.15
4343,SOUTHWESTERN ENERGY CO,"Morgan Stanley Maintains Underweight on Southwestern Energy, Lowers Price Target to $1.5",0,decrease,0.8,0.9,,136,29,0.0,2019-10-04,63765.0,-1.0638287290930748,3.723407341030205,6.914893636384134,-3.703700378537178,-3.703700378537178,-5.699476765190203,3.2967,1.7551,1.7572,1.39,-0.47,-0.07,0.007,0.8471919999999997,-0.5245,-0.4374,-1.7297,3.5096,2.067,2.4692,0.8968,-1.258,5.241,-7.0998
4351,SYSCO CORP,Sysco Announces Additional Product Offerings,0,increase,0.8,0.7,,117,28,2.0,2019-10-04,52038.0,0.0895709439646452,0.9213066769216516,1.266791822853608,-0.3688163822516799,-1.285286892381721,-1.3350183645043143,0.2566,-0.4054,0.4332,1.39,-0.47,-0.07,0.007,-0.3525479999999999,0.2677,-0.1675,0.2956,-0.1467,0.337,0.197,-0.3459,-0.0677,0.2117,0.2297
4359,TIDEWATER INC NEW,"Husky Energy Reports Deal To Sell Prince George Refinery To Tidewater For $215M In Cash Plus Closing Adjustment For Inventory, Contingent Payment Of $60M Over 2 Years",0,increase,0.8,0.7,,153,28,2.0,2019-10-04,50606.0,0.2811027225106954,7.027406759256749,10.049193980730363,-0.2054841490462422,-0.8843545355794569,-3.5737919997316903,-2.3336,-3.5357,1.3343,1.39,-0.47,-0.07,0.007,-4.195277,0.6561,-0.5284,-0.1214,2.9024,3.4438,0.8148,-0.4063,0.352,-0.5032,0.063
4367,TARGET CORP,The Walt Disney Company Launches Disney Store In 25 TAaget Locations,0,increase,0.8,0.7,,121,28,2.0,2019-10-04,49154.0,-1.0540802031755447,2.5022946636434895,3.4005492683783167,1.3883596286177635,0.641872975793345,-0.2712570580126638,2.326,1.0546,0.9065,1.39,-0.47,-0.07,0.007,1.0589650000000002,-0.675,2.0054,0.8441,-0.4294,0.0198,-0.4706,-0.2154,0.4555,0.6901,-0.1179
4375,THERMO FISHER SCIENTIFIC INC,Thermo Fisher Scientific shares are trading higher. Not seeing any news to justify the price action.,0,uncertain,0.7,0.3,,139,29,1.0,2019-10-04,62092.0,-1.0742333717644217,-2.9627002971346683,-3.722194325641026,1.209174282848835,-1.5622791067757658,-2.8701841935945716,3.3191,1.7591,1.0228,1.39,-0.47,-0.07,0.007,1.8904080000000003,-0.6317,-4.4029,0.5259,0.8568,-0.0337,0.2845,-0.4927,-1.4595,0.096,0.6642
4383,T MOBILE U S INC,"Three Of Five FCC Commissioners Vote To Approve $26.5Billion Sprint, T-mobile Tie-Up",0,increase,0.8,0.7,,134,28,2.0,2019-10-04,91937.0,0.6282927468419075,1.974613429229155,4.628799580922149,0.8048656396567822,-1.5025516934104255,-2.2153042413895485,1.2528,0.1442,0.775,1.39,-0.47,-0.07,0.007,0.1685499999999999,0.9452,0.13,-0.5074,0.1916,0.6307,-1.0063,0.6078,0.5061,0.9971,1.0313
4391,T MOBILE U S INC,"Hearing FCC Decision In T-Mobile, Sprint Deal Set For Oct. 9 Or 16",0,uncertain,0.6,0.3,,132,29,1.0,2019-10-04,91937.0,0.6282927468419075,1.974613429229155,4.628799580922149,0.8048656396567822,-1.5025516934104255,-2.2153042413895485,1.2528,0.1442,0.775,1.39,-0.47,-0.07,0.007,0.1685499999999999,0.9452,0.13,-0.5074,0.1916,0.6307,-1.0063,0.6078,0.5061,0.9971,1.0313
4399,TANDEM DIABETES CARE INC,Tandem Diabetes Care shares are trading higher after UBS upgraded the stock from Neutral to Buy and announced a price target of $75 per share.,0,increase,0.8,0.9,,148,28,2.0,2019-10-04,14325.0,-0.8039197884500027,-1.1883965097266636,11.114994955681825,2.794518321752548,0.5359042751519549,-4.577824357952121,1.6702,0.1683,1.599,1.39,-0.47,-0.07,0.007,-0.55941,-0.5043,-3.8338,3.3503,0.0581,-0.0032,0.9945,6.8156,-4.2169,3.6267,3.958
4407,TANDEM DIABETES CARE INC,"UBS Upgrades Tandem Diabetes Care to Buy, Announces $75 Price Target",0,increase,0.8,0.7,,137,28,2.0,2019-10-04,14325.0,-0.8039197884500027,-1.1883965097266636,11.114994955681825,2.794518321752548,0.5359042751519549,-4.577824357952121,1.6702,0.1683,1.599,1.39,-0.47,-0.07,0.007,-0.55941,-0.5043,-3.8338,3.3503,0.0581,-0.0032,0.9945,6.8156,-4.2169,3.6267,3.958
4415,TEEKAY TANKERS LTD,Teekay Tankers shares are trading higher. Not seeing any news to justify the price action.,0,uncertain,0.7,0.5,,134,29,1.0,2019-10-04,92518.0,17.218542098999023,30.463578510148093,40.39734399975015,7.200002670288086,3.076929484422486,3.076929484422486,12.6866,11.4571,1.482,1.39,-0.47,-0.07,0.007,10.61962,17.6433,4.9129,2.341,-0.5512,3.2484,2.8406,-2.0248,1.4515,3.048,-0.2739
4423,THOMSON REUTERS CORP,Thomson Reuters Acquires FC Business Intelligence; Financial Terms Not Disclosed,0,uncertain,0.6,0.3,,128,29,1.0,2019-10-04,89444.0,-0.2526351017877459,-0.6390255268086675,-0.8768077603263036,1.0639868676662445,-0.0300770757357349,-0.5831330557515169,1.2032,0.2419,0.5138,1.39,-0.47,-0.07,0.007,0.4820180000000001,0.023,-1.089,0.8531,-0.3441,-0.6429,0.0497,-1.4835,0.3261,0.8641,0.3215
4431,TRINITY INDUSTRIES INC,Trinity Industries shares are trading lower. Not seeing any news to justify the price action.,0,uncertain,0.7,0.5,,132,29,1.0,2019-10-04,55001.0,-2.4303600192070007,3.082385406294308,8.050932208262251,-2.242150343954563,-4.907304267607671,-11.382112712332235,-3.2683,-4.4685,1.3448,1.39,-0.47,-0.07,0.007,-5.144572,-2.0826,0.2135,0.3699,4.2334,-0.0639,0.3537,2.259,0.9942,-0.065,-0.9464
4439,TESLA INC,Got A Portfolio That Can't Be Beat? Webull Will Give You A Tesla Or Pay Down Your Student Loans If You Prove It,0,uncertain,0.6,0.3,,136,29,1.0,2019-10-04,93436.0,2.717888168990612,7.112304790362001,11.027101009811592,-4.154158756136894,-4.765214678322815,-3.2548664911234537,-0.6866,-2.0574,1.1653,1.39,-0.47,-0.07,0.007,-2.313367,3.0758,2.9028,1.1368,-0.3318,-0.3952,4.055,-1.0267,0.7904,-0.0901,-1.0721
4447,TESLA INC,'Tesla's software update that resulted in battery capacity loss is under probe by NHTSA' -Electrek,0,uncertain,0.7,0.5,,132,29,1.0,2019-10-04,93436.0,2.717888168990612,7.112304790362001,11.027101009811592,-4.154158756136894,-4.765214678322815,-3.2548664911234537,-0.6866,-2.0574,1.1653,1.39,-0.47,-0.07,0.007,-2.313367,3.0758,2.9028,1.1368,-0.3318,-0.3952,4.055,-1.0267,0.7904,-0.0901,-1.0721
4455,TESLA INC,US Auto Safety Regulators Reviewing Petition Suggesting 2K Tesla Vehicles Could Be Prone To Battery Fires,0,uncertain,0.6,0.4,,133,29,1.0,2019-10-04,93436.0,2.717888168990612,7.112304790362001,11.027101009811592,-4.154158756136894,-4.765214678322815,-3.2548664911234537,-0.6866,-2.0574,1.1653,1.39,-0.47,-0.07,0.007,-2.313367,3.0758,2.9028,1.1368,-0.3318,-0.3952,4.055,-1.0267,0.7904,-0.0901,-1.0721
4463,TESLA INC,'Tesla is developing a bezel-less display technology with 'holographic' feature' -Electrek,0,increase,0.8,0.7,,131,28,2.0,2019-10-04,93436.0,2.717888168990612,7.112304790362001,11.027101009811592,-4.154158756136894,-4.765214678322815,-3.2548664911234537,-0.6866,-2.0574,1.1653,1.39,-0.47,-0.07,0.007,-2.313367,3.0758,2.9028,1.1368,-0.3318,-0.3952,4.055,-1.0267,0.7904,-0.0901,-1.0721
4471,TESLA INC,"''There's absolutely no reason to own' Tesla in the near term, says wealth manager' -CNBC",0,decrease,0.8,0.7,,131,29,0.0,2019-10-04,93436.0,2.717888168990612,7.112304790362001,11.027101009811592,-4.154158756136894,-4.765214678322815,-3.2548664911234537,-0.6866,-2.0574,1.1653,1.39,-0.47,-0.07,0.007,-2.313367,3.0758,2.9028,1.1368,-0.3318,-0.3952,4.055,-1.0267,0.7904,-0.0901,-1.0721
4479,TAIWAN SEMICONDUCTOR MFG CO LTD,Taiwan Semiconductor Expected to Post Record 2019 Revenues,0,increase,0.9,0.8,,137,28,2.0,2019-10-04,85442.0,1.117677427828312,4.217629880657903,3.9223969936108327,1.5076475217938423,-0.1271405082416299,1.3984541273313722,0.6153,-0.8128,1.0243,1.39,-0.47,-0.07,0.007,-0.8154769999999999,1.5165,1.4351,0.7701,-0.0533,-0.234,1.1638,-0.133,-0.2433,-1.1982,-0.347
4487,TAIWAN SEMICONDUCTOR MFG CO LTD,Taiwan Semiconductor 7nm Process Attracts Multiple Orders for AI Processors,0,increase,0.9,0.8,,140,28,2.0,2019-10-04,85442.0,1.117677427828312,4.217629880657903,3.9223969936108327,1.5076475217938423,-0.1271405082416299,1.3984541273313722,0.6153,-0.8128,1.0243,1.39,-0.47,-0.07,0.007,-0.8154769999999999,1.5165,1.4351,0.7701,-0.0533,-0.234,1.1638,-0.133,-0.2433,-1.1982,-0.347
4495,TEXAS ROADHOUSE INC,"UPDATE: Barclays On Texas Road House Also Notes 'difficult compares, slowing unit growth, and rising costs (both labor & commodities) that will pressure restaurant margins for the foreseeable future'",0,decrease,0.8,0.7,,147,29,0.0,2019-10-04,90427.0,2.290233224630356,2.5739774540041616,-1.4187287282285357,-0.3703677095472812,-1.2367137832216546,-2.6846912554368108,-3.4631,-4.0062,0.5357,1.39,-0.47,-0.07,0.007,-4.214723,2.4243,0.49,-1.8139,-0.1449,1.4848,-3.7093,1.1264,-1.6045,-1.8723,1.2751
4503,TEXAS ROADHOUSE INC,"UPDATE: Barclays Downgrades Texas Road House To Equal Weight As Firm Notes 'to be clear, our downgrade is not a short-term call on the upcoming 3Q19 result. Rather, our view is predicated on a more onerous operating environment long-term'",0,decrease,0.8,0.7,,164,29,0.0,2019-10-04,90427.0,2.290233224630356,2.5739774540041616,-1.4187287282285357,-0.3703677095472812,-1.2367137832216546,-2.6846912554368108,-3.4631,-4.0062,0.5357,1.39,-0.47,-0.07,0.007,-4.214723,2.4243,0.49,-1.8139,-0.1449,1.4848,-3.7093,1.1264,-1.6045,-1.8723,1.2751
4511,TEXAS ROADHOUSE INC,"Barclays Downgrades Texas Roadhouse to Equal-Weight, Lowers Price Target to $52",0,decrease,0.8,0.7,,131,29,0.0,2019-10-04,90427.0,2.290233224630356,2.5739774540041616,-1.4187287282285357,-0.3703677095472812,-1.2367137832216546,-2.6846912554368108,-3.4631,-4.0062,0.5357,1.39,-0.47,-0.07,0.007,-4.214723,2.4243,0.49,-1.8139,-0.1449,1.4848,-3.7093,1.1264,-1.6045,-1.8723,1.2751
4519,UNITED STATES NATURAL GAS FD L P,"Baker Hughes Reports Total Rigs Down 5, Oil Rigs Down 3",0,uncertain,0.6,0.3,,134,29,1.0,2019-10-04,91947.0,-1.8408002331852913,-5.323381475823618,-0.149257076428122,3.3057820051908493,1.7811725530313849,0.3512279001345986,0.5,0.1423,0.2013,1.39,-0.47,-0.07,0.007,0.213193,-1.6908,-0.1643,-2.6274,-1.983,0.5586,2.7901,2.448,-1.9617,1.588,0.3212
4527,UNITED STATES NATURAL GAS FD L P,EPA To Ensure 15B+ Gallons Of Ethanol Blended Into US Fuel Supply Starting Next Year,0,decrease,0.8,0.7,,139,29,0.0,2019-10-04,91947.0,-1.8408002331852913,-5.323381475823618,-0.149257076428122,3.3057820051908493,1.7811725530313849,0.3512279001345986,0.5,0.1423,0.2013,1.39,-0.47,-0.07,0.007,0.213193,-1.6908,-0.1643,-2.6274,-1.983,0.5586,2.7901,2.448,-1.9617,1.588,0.3212
4535,UNITED STATES NATURAL GAS FD L P,"EPA To Propose, Seek Public Comment On Expanding Biofuel Blending Requirements From 2020",0,uncertain,0.6,0.3,,138,29,1.0,2019-10-04,91947.0,-1.8408002331852913,-5.323381475823618,-0.149257076428122,3.3057820051908493,1.7811725530313849,0.3512279001345986,0.5,0.1423,0.2013,1.39,-0.47,-0.07,0.007,0.213193,-1.6908,-0.1643,-2.6274,-1.983,0.5586,2.7901,2.448,-1.9617,1.588,0.3212
4543,VALE S A,Vale shares are trading higher despite no company-specific news. This could potentially be continued momentum as the stock continues to rebound after dropping 5% on Wednesday.,0,uncertain,0.6,0.3,,140,29,1.0,2019-10-04,89330.0,-1.8340615555644035,3.144110001165057,-2.62008929250952,1.7479350790381432,-3.4061080795772303,-3.8260831228253966,3.5262,1.7687,1.2549,1.39,-0.47,-0.07,0.007,1.774889,-1.3145,0.3323,-0.6551,1.9969,1.8796,-1.7428,-2.4948,-1.7071,-0.6973,0.3144
4551,WEIBO CORP,Weibo shares are trading higher after Credit Suisse upgraded the stock from Neutral to Outperform.,0,increase,0.8,0.7,,129,28,2.0,2019-10-04,14616.0,1.3243663124740124,1.997058673747132,-0.0420444438579248,5.191262811422348,3.6804292922062,3.240225053344603,2.9654,0.8896,1.8059,1.39,-0.47,-0.07,0.007,0.4481989999999998,1.9053,-0.9998,-0.0636,1.2962,-0.9692,0.7175,-0.5553,3.4286,-2.8627,-4.2104
4559,WEIBO CORP,Credit Suisse Upgrades Weibo to Outperform,0,increase,0.9,0.8,,121,28,2.0,2019-10-04,14616.0,1.3243663124740124,1.997058673747132,-0.0420444438579248,5.191262811422348,3.6804292922062,3.240225053344603,2.9654,0.8896,1.8059,1.39,-0.47,-0.07,0.007,0.4481989999999998,1.9053,-0.9998,-0.0636,1.2962,-0.9692,0.7175,-0.5553,3.4286,-2.8627,-4.2104
4567,WENDYS CO,Wendy's Option Alert: Oct 18 $21 Calls Sweep (12) near the Ask: 824 @ $0.351 vs 2595 OI; Earnings 11/5 After Close [est] Ref=$20.45,0,uncertain,0.6,0.4,,160,29,1.0,2019-10-04,19828.0,-2.803286164999008,0.434993404409667,4.398258990253301,1.7319243401288986,1.0723200752999371,1.4264257738935582,2.0972,1.2826,0.5262,1.39,-0.47,-0.07,0.007,1.358782,-2.5686,0.208,-0.0206,-0.961,3.4157,1.8055,-1.7648,1.9292,0.5574,1.3094
4575,WELLS FARGO & CO NEW,"Credit Suisse Maintains Neutral on Wells Fargo, Raises Price Target to $53",0,increase,0.8,0.6,,135,28,2.0,2019-10-04,38703.0,-0.8128383196890354,9.018910063218757e-08,1.5444060872613186,0.020627854974009,-1.1822295144157668,-3.885803251578313,1.5058,0.186,1.0069,1.39,-0.47,-0.07,0.007,0.0992090000000003,-0.3792,-0.2762,-0.1442,0.1805,-0.3076,0.3469,0.9073,-1.0642,-0.0372,0.3042
4583,SELECT SECTOR SPDR TRUST,Japan To Require Tech Cos. To Seek Approval For M&A Worth ¥40B+ ($374M+),0,uncertain,0.6,0.3,,136,29,1.0,2019-10-04,86457.0,-0.4221030045300722,1.2662900467386606,0.4469281595657071,1.226365752518177,-0.6768624183276728,-1.6018885280907114,1.6532,-0.2171,1.2503,1.39,-0.47,-0.07,0.007,-0.0917169999999998,0.1045,0.0944,0.1813,-0.0424,0.011,0.0688,-0.2377,-0.2263,-0.608,-0.1067
4591,SELECT SECTOR SPDR TRUST,Time For A Checkup On This Health Care ETF,0,uncertain,0.6,0.3,,125,29,1.0,2019-10-04,86451.0,-0.3328474704176187,-0.2108009176474135,1.808504195974048,0.8982387371361256,-0.5714309685813324,-1.5422161276779756,1.5664,0.3882,0.7949,1.39,-0.47,-0.07,0.007,0.4544890000000001,-0.0024,-0.6764,-0.0972,0.035,-0.0609,0.044,0.9624,0.1527,0.4462,0.1937
4599,EXXON MOBIL CORP,Exxon Mobil Bans Use Of Vessels Linked To Oil Flows From Venezuela In The Last Year,0,uncertain,0.6,0.3,,137,29,1.0,2019-10-04,11850.0,-1.377417054027319,0.0145021321877436,-1.9718728186286392,1.2360414490103722,-1.4068072212682914,-3.724680819002713,1.4563,0.0489,0.9628,1.39,-0.47,-0.07,0.007,0.1110080000000002,-0.9408,-0.3521,0.1344,0.3962,-0.124,0.4024,-0.4682,-1.5142,-0.159,-0.8227
4607,EXXON MOBIL CORP,"Morgan Stanley Maintains Equal-Weight on Exxon Mobil, Lowers Price Target to $82",0,decrease,0.8,0.7,,136,29,0.0,2019-10-04,11850.0,-1.377417054027319,0.0145021321877436,-1.9718728186286392,1.2360414490103722,-1.4068072212682914,-3.724680819002713,1.4563,0.0489,0.9628,1.39,-0.47,-0.07,0.007,0.1110080000000002,-0.9408,-0.3521,0.1344,0.3962,-0.124,0.4024,-0.4682,-1.5142,-0.159,-0.8227
4615,ASBURY AUTOMOTIVE GROUP INC,"JP Morgan Maintains Neutral on Asbury Automotive Group, Lowers Price Target to $99",0,decrease,0.8,0.7,,137,29,0.0,,,,,,,,,,,,,,,,,,,,,,,,,,
4623,ACORDA THERAPEUTICS INC,"Acorda Therapeutics Announces Corporate Restructuring; Co. To Reduce Headcount By 25%, Expects Annualized Cost Savings ~$21M",0,uncertain,0.6,0.4,,150,29,1.0,,,,,,,,,,,,,,,,,,,,,,,,,,
4631,ACORDA THERAPEUTICS INC,Acorda Therapuetics shares are trading higher. Not seeing any news to justify the price action.,0,uncertain,0.6,0.3,,139,29,1.0,,,,,,,,,,,,,,,,,,,,,,,,,,
4639,ANALOG DEVICES INC,"Analog Devices shares are trading lower after Texas Instruments reported weak Q3 results and issued soft Q4 guidance, which is moving the semiconductor sector lower today.",0,decrease,0.8,0.7,,141,29,0.0,,,,,,,,,,,,,,,,,,,,,,,,,,
4647,AGNICO EAGLE MINES LTD,"Agnico Eagle Mines Q3 EPS $0.32 Beats $0.29 Estimate, Sales $682.959M Miss $706.48M Estimate",0,uncertain,0.6,0.3,,151,29,1.0,,,,,,,,,,,,,,,,,,,,,,,,,,
4655,AGNICO EAGLE MINES LTD,Agnico Eagle Mines shares are trading higher in anticipation of the release of the company's Q3 earnings after the close today.,0,uncertain,0.6,0.4,,144,29,1.0,,,,,,,,,,,,,,,,,,,,,,,,,,
4663,AMERICAN INTERNATIONAL GROUP INC,"AIG Reports Proposals To Launch New Syndicate At Lloyd's Serving US High Net Worth Market Which Will Start Writing Business Effective Jan. 1, 2020",0,increase,0.8,0.7,,144,28,2.0,,,,,,,,,,,,,,,,,,,,,,,,,,
4671,ACADIA REALTY TRUST,"Acadia Realty Trust Q3 EPS $0.12 Beats $0.09 Estimate, FFO $0.34",0,increase,0.8,0.7,,139,28,2.0,,,,,,,,,,,,,,,,,,,,,,,,,,
4679,ALIGN TECHNOLOGY INC,"Align Technology Announced Q4 EPS $1.35 - $1.42 vs $1.35 Estimate, Sales $640 Million - $650 Million vs $639.29 Million Estimate",0,uncertain,0.6,0.3,,147,29,1.0,,,,,,,,,,,,,,,,,,,,,,,,,,
4687,ALIGN TECHNOLOGY INC,"Align Tech Q3 EPS $1.28 Beats $1.14 Estimate, Sales $607.3M Beat $593.83M Estimate",0,increase,0.9,0.8,,138,28,2.0,,,,,,,,,,,,,,,,,,,,,,,,,,
4695,ALKERMES PLC,Alkermes PLC shares are trading higher after the company reported better-than-expected Q3 EPS and sales results.,0,increase,0.9,0.8,,134,28,2.0,,,,,,,,,,,,,,,,,,,,,,,,,,
4703,ALKERMES PLC,Alkermes Sees $150M In Cost Savings From Restructuring,0,increase,0.8,0.7,,127,28,2.0,,,,,,,,,,,,,,,,,,,,,,,,,,
4711,ALKERMES PLC,"Alkermes Sees FY19Adj. EPS $0.44-$0.57, Sakes $1.14B-$1.19B",0,uncertain,0.6,0.4,,143,29,1.0,,,,,,,,,,,,,,,,,,,,,,,,,,
4719,ALKERMES PLC,"Alkermes Q3 Adj. EPS $(0.04) Beats $(0.21) Estimate, Sales $255.2M Beat $251.16M Estimate",0,increase,0.8,0.7,,146,28,2.0,,,,,,,,,,,,,,,,,,,,,,,,,,
4727,AMEDISYS INC,"Amedisys Reports Chair Donald Washburn To Retire; Pres, CEO Paul Kusserow Named Replacement",0,uncertain,0.7,0.3,,134,29,1.0,,,,,,,,,,,,,,,,,,,,,,,,,,
4735,AMERIPRISE FINANCIAL INC,Ameriprise Financial Q3 EPS $4.12 Beats $4.09 Estimate,0,increase,0.8,0.6,,137,28,2.0,,,,,,,,,,,,,,,,,,,,,,,,,,
4743,A M T D IDEA GROUP,"UBS Maintains Neutral on TD Ameritrade Holding, Raises Price Target to $39",0,increase,0.8,0.7,,131,28,2.0,,,,,,,,,,,,,,,,,,,,,,,,,,
4751,A M T D IDEA GROUP,"Deutsche Bank Earlier Maintained Hold on TD Ameritrade Holding, Raised Price Target to $39",0,increase,0.8,0.7,,133,28,2.0,,,,,,,,,,,,,,,,,,,,,,,,,,
4759,AMPHENOL CORP NEW,Amphenol shares are trading higher after the company reported better-than-expected Q3 EPS and sales results. The company also raised its FY19 EPS and sales guidance above analyst estimates.,0,increase,0.9,0.8,,149,28,2.0,,,,,,,,,,,,,,,,,,,,,,,,,,
4767,AMPHENOL CORP NEW,"UPDATE: Amphenol Raises FY19 Guidance: Adj. EPS From $3.56-$3.60 To $3.65-$3.67 vs $3.58 Estimate, Sales From $7.92B-$8B To $8.035B-$8.075B vs $7.96B Est.",0,increase,0.9,0.8,,179,28,2.0,,,,,,,,,,,,,,,,,,,,,,,,,,
4775,AMPHENOL CORP NEW,"Amphenol Sees Q3 Adj. EPS $0.89-$0.91 vs $0.91 Estimate, Sales $1.96B-$2B vs $2.01B",0,decrease,0.8,0.7,,153,29,0.0,,,,,,,,,,,,,,,,,,,,,,,,,,
4783,AMPHENOL CORP NEW,Amphenol Raises FY19 Guidance,0,increase,0.8,0.7,,120,28,2.0,,,,,,,,,,,,,,,,,,,,,,,,,,
4791,AMPHENOL CORP NEW,"Amphenol Q3 Adj. EPS $0.95 Beats $0.87 Estimate, Sales $2.101B Beat $1.98B Estimate",0,increase,0.9,0.8,,145,28,2.0,,,,,,,,,,,,,,,,,,,,,,,,,,
4799,APOLLO COMMERCIAL RL EST FIN INC,"Apollo Commercial Real Q3 EPS $0.47, Inline",0,uncertain,0.6,0.3,,133,29,1.0,,,,,,,,,,,,,,,,,,,,,,,,,,
4807,ASGN INC,"ASGN Q3 Adj. EPS $1.31 Beats $1.23 Estimate, Sales $1B Beat $998.25M Estimate",0,increase,0.9,0.8,,136,28,2.0,,,,,,,,,,,,,,,,,,,,,,,,,,
4815,GRUPO AEROPORTUARIO DEL SUR S A,"ASUR Reports Q3 Sales Up 11.5% YoY, EPS Up 33.1% YoY",0,increase,0.8,0.7,,149,28,2.0,,,,,,,,,,,,,,,,,,,,,,,,,,
4823,A T N INTERNATIONAL INC,"ATN International Q3 EPS $0.09 Down From $1.06 YoY, Sales $115.6M Miss $115.76M Estimate",0,decrease,0.8,0.7,,143,29,0.0,,,,,,,,,,,,,,,,,,,,,,,,,,
4831,AVERY DENNISON CORP,Avery Dennison Narrows FY19 Adj. EPS Guidance From $6.50-$6.65 To $6.50-$6.60 vs $6.52 Est.,0,uncertain,0.6,0.3,,151,29,1.0,,,,,,,,,,,,,,,,,,,,,,,,,,
4839,AVERY DENNISON CORP,"Avery Dennison Q3 Adj. EPS $1.66 Up From $1.45 YoY, Sales $1.76B, Same YoY",0,increase,0.8,0.7,,147,28,2.0,,,,,,,,,,,,,,,,,,,,,,,,,,
4847,ARMSTRONG WORLD INDS INC NEW,Armstrong World Industries Raises Quarterly Dividend From $0.175 To $0.20/Share,0,increase,0.8,0.7,,137,28,2.0,,,,,,,,,,,,,,,,,,,,,,,,,,
4855,AXALTA COATING SYSTEMS LTD,Axalta Coating Systems Option Alert: Jan 17 $28 Puts Sweep (42) near the Bid: 807 @ $1.401 vs 6688 OI; Earnings 10/24 Before Open Ref=$28.55,0,uncertain,0.6,0.4,,167,29,1.0,,,,,,,,,,,,,,,,,,,,,,,,,,
4863,AXALTA COATING SYSTEMS LTD,"Axalta Shares Make Parabolic Move As Traders Circulate Chatter; Stock Spiked ~1.4% To Session High, Quickly Sold Off And Is Now Unchanged From Prior To Circulation Of Chatter",0,uncertain,0.7,0.3,,160,29,1.0,,,,,,,,,,,,,,,,,,,,,,,,,,
4871,AXALTA COATING SYSTEMS LTD,Axalta Shares Spike ~1% On Slight Uptick In Volume As Hearing Chatter Co. Has Attracted Interest From 2 Groups,0,uncertain,0.6,0.3,,146,29,1.0,,,,,,,,,,,,,,,,,,,,,,,,,,
4879,ALIBABA GROUP HOLDING LTD,Vertical Group Initiates Coverage On Alibaba Group Holding with Buy Rating,0,increase,0.8,0.7,,127,28,2.0,,,,,,,,,,,,,,,,,,,,,,,,,,
4887,BANC OF CALIFORNIA INC,Banc of California Q3 EPS $(0.45) Misses $(0.34) Estimate,0,decrease,0.8,0.7,,137,29,0.0,,,,,,,,,,,,,,,,,,,,,,,,,,
4895,BANNER CORP,Banner Q3 EPS $1.15 Beats $1.05 Estimate,0,increase,0.8,0.7,,123,28,2.0,,,,,,,,,,,,,,,,,,,,,,,,,,
4903,BRINKS CO,"Brink's Cuts FY19 Adj. Sales Guidance From $3.75B To $3.7B vs $3.72B Estimate, EPS From $4.20 At The Midpoint To $3.90-$4.10 vs $3.96 Est.",0,decrease,0.8,0.7,,165,29,0.0,,,,,,,,,,,,,,,,,,,,,,,,,,
4911,BRINKS CO,"Brink's Q3 Adj. EPS $1.05 Beats $1.04 Estimate, Sales $924.6M Miss $931.07M Estimate",0,uncertain,0.6,0.3,,141,29,1.0,,,,,,,,,,,,,,,,,,,,,,,,,,
4919,BRIGHTCOVE INC,"Brightcove Q3 EPS $0.06 Beats $0.04 Estimate, Sales $47.4M Beat $47.26M Estimate",0,increase,0.8,0.6,,141,28,2.0,,,,,,,,,,,,,,,,,,,,,,,,,,
4927,BIG LOTS INC,Big Lots shares are trading higher on seemingly no company-specific news.,0,uncertain,0.6,0.3,,121,29,1.0,,,,,,,,,,,,,,,,,,,,,,,,,,
4935,BIOGEN INC,Biogen Analysts Debate About-Face On Aducanumab: 'Path To Market An Uphill Battle',0,uncertain,0.7,0.5,,130,29,1.0,,,,,,,,,,,,,,,,,,,,,,,,,,
4943,BIOGEN INC,'7 burning questions now that Biogen $BIIB  has resurrected its 'failed' Alzheimer's drug' -Tweet From Stat News Snr Writer,0,uncertain,0.6,0.3,,138,29,1.0,,,,,,,,,,,,,,,,,,,,,,,,,,
4951,BIOGEN INC,"UPDATE: Morgan Stanley Maintains Underweight On Biogen, Raises Target To $262 As Firm Notes 'We add 35% risk-adjusted aducanumab sales into our model but remain UW given our concerns around the updated filing strategy and base business'",0,uncertain,0.7,0.5,,159,29,1.0,,,,,,,,,,,,,,,,,,,,,,,,,,
4959,BIOGEN INC,"UPDATE:H.C. Wainwright Reiterates Buy On Biogen, Raises Tgt To $335 Notes 'In light of the new analysis from the aducanumab Phase 3 trials and plans for BLA submission based on discussions with the FDA, we raised our probability of success to 15%' From 0%",0,increase,0.9,0.8,,173,28,2.0,,,,,,,,,,,,,,,,,,,,,,,,,,
4967,BIOGEN INC,"UPDATE: Canaccord On Biogen Also Notes 'we would like to wait until BIIB presents a fuller data set at the Clinical Trials in Alzheimer's Disease (CTAD) conference in San Diego, CA (12/4-12/7)'",0,uncertain,0.6,0.3,,158,29,1.0,,,,,,,,,,,,,,,,,,,,,,,,,,
4975,BIOGEN INC,"UPDATE: Canaccord Maintains Hold On Biogen, Raises Target To $305 Notes 'There is still a lot of uncertainty and investor skepticism as it is unclear whether the FDA could approve adu based on one successful EMERGE trial supported by ENGAGE that failed'",0,uncertain,0.7,0.5,,160,29,1.0,,,,,,,,,,,,,,,,,,,,,,,,,,
4983,BIOGEN INC,"BMO Capital Maintains Market Perform on Biogen, Raises Price Target to $297",0,increase,0.8,0.7,,124,28,2.0,,,,,,,,,,,,,,,,,,,,,,,,,,
4991,BIOGEN INC,"Canaccord Genuity Maintains Hold on Biogen, Raises Price Target to $305",0,increase,0.8,0.6,,125,28,2.0,,,,,,,,,,,,,,,,,,,,,,,,,,
4999,BIOGEN INC,"Credit Suisse Maintains Underperform on Biogen, Raises Price Target to $260",0,uncertain,0.6,0.3,,124,29,1.0,,,,,,,,,,,,,,,,,,,,,,,,,,
5007,BIOGEN INC,"SVB Leerink Upgrades Biogen to Outperform, Raises Price Target to $350",0,increase,0.9,0.8,,125,28,2.0,,,,,,,,,,,,,,,,,,,,,,,,,,
5015,BIOGEN INC,"JP Morgan Maintains Neutral on Biogen, Raises Price Target to $260",0,increase,0.8,0.7,,122,28,2.0,,,,,,,,,,,,,,,,,,,,,,,,,,
5023,BIOGEN INC,"Cowen & Co. Maintains Outperform on Biogen, Raises Price Target to $325",0,increase,0.9,0.8,,126,28,2.0,,,,,,,,,,,,,,,,,,,,,,,,,,
5031,BIOGEN INC,"Morgan Stanley Maintains Underweight on Biogen, Raises Price Target to $262",0,uncertain,0.6,0.3,,124,29,1.0,,,,,,,,,,,,,,,,,,,,,,,,,,
5039,BIOGEN INC,"H.C. Wainwright Reiterates Buy on Biogen, Raises Price Target to $335",0,increase,0.9,0.8,,127,28,2.0,,,,,,,,,,,,,,,,,,,,,,,,,,
5047,BIOGEN INC,Guggenheim Upgrades Biogen to Buy,0,increase,0.9,0.8,,116,28,2.0,,,,,,,,,,,,,,,,,,,,,,,,,,
5055,BIOMARIN PHARMACEUTICAL INC,"Biomarin Pharmaceutical Q3 EPS $0.30 Beats $0.07 Estimate, Sales $461.1M Beat $454.22M Estimate",0,increase,0.8,0.7,,152,28,2.0,,,,,,,,,,,,,,,,,,,,,,,,,,
5063,BIOMARIN PHARMACEUTICAL INC,Biomarin Pharmaceuticals shares are trading higher on anticipation of the release of the company's Q3 earnings scheduled for release today after the close.,0,uncertain,0.6,0.4,,148,29,1.0,,,,,,,,,,,,,,,,,,,,,,,,,,
5071,BRISTOL MYERS SQUIBB CO,"UBS Maintains Neutral on Bristol-Myers Squibb, Raises Price Target to $53",0,increase,0.8,0.6,,139,28,2.0,,,,,,,,,,,,,,,,,,,,,,,,,,
5079,B O K FINANCIAL CORP,BOK Financial Q3 EPS $2 Beats $1.92 Estimate,0,increase,0.8,0.7,,131,28,2.0,,,,,,,,,,,,,,,,,,,,,,,,,,
5087,POPULAR INC,"Popular Q3 EPS $1.7 Beats $1.6 Estimate, Sales $476.99M Miss $479.68M Estimate",0,uncertain,0.6,0.3,,135,29,1.0,,,,,,,,,,,,,,,,,,,,,,,,,,
5095,BROOKLINE BANCORP INC,"Brookline Bancorp Q3 EPS $0.28, Inline; Raises Qtr. Dividend From $0.11 To $0.115/Share",0,increase,0.8,0.7,,150,28,2.0,,,,,,,,,,,,,,,,,,,,,,,,,,
5103,BOSTON SCIENTIFIC CORP,Boston Scientific shares are trading higher after the company reported better-than-expected Q3 EPS and sales results.,0,increase,0.9,0.8,,137,28,2.0,,,,,,,,,,,,,,,,,,,,,,,,,,
5111,BOSTON SCIENTIFIC CORP,"Boston Scientific Sees Q4 Adj. EPS $0.42-$0.45 vs $0.44 Est., Sees FY19 Adj. EPS $1.55-$1.58 vs $1.56 Est.",0,decrease,0.8,0.6,,162,29,0.0,,,,,,,,,,,,,,,,,,,,,,,,,,
5119,BOSTON SCIENTIFIC CORP,"Boston Scientific Q3 EPS $0.39 Beats $0.38 Estimate, Sales $2.71B Beat $2.65B Estimate",0,increase,0.8,0.7,,146,28,2.0,,,,,,,,,,,,,,,,,,,,,,,,,,
5127,BLACKSTONE INC,Blackstone Group Option Alert: Jan 17 $49 Calls Sweep (3) near the Ask: 1503 @ $4.0 vs 2177 OI; Earnings 10/23 Before Open Ref=$51.8404,0,uncertain,0.6,0.3,,156,29,1.0,,,,,,,,,,,,,,,,,,,,,,,,,,
5135,BLACKSTONE INC,Blackstone Group shares are trading higher after the company reported better-than-expected Q3 EPS and sales results.,0,increase,0.9,0.8,,128,28,2.0,,,,,,,,,,,,,,,,,,,,,,,,,,
5143,BLACKSTONE INC,"Blackstone Group Q3 EPS $1.15 Does Not Compare To $0.53 Estimate, Fee Related Earnings $0.37/Share, Sales $1.74B Beat $1.36B Estimate",0,increase,0.8,0.7,,151,28,2.0,,,,,,,,,,,,,,,,,,,,,,,,,,
5151,BOYD GAMING CORP,"Deutsche Bank Maintains Buy on Boyd Gaming, Lowers Price Target to $35",0,uncertain,0.6,0.3,,132,29,1.0,,,,,,,,,,,,,,,,,,,,,,,,,,
5159,CACI INTERNATIONAL INC,"CACI Reports Partnership With BlackBerry For Secure, Certified Gov't. Mobile Communications App, No Terms Disclosed",0,increase,0.8,0.7,,132,28,2.0,,,,,,,,,,,,,,,,,,,,,,,,,,
5167,CALIX INC,Calix shares are trading higher after the company reported better-than-expected Q3 EPS and sales results.,0,increase,0.8,0.7,,127,28,2.0,,,,,,,,,,,,,,,,,,,,,,,,,,
5175,CATERPILLAR INC,From Cat Q3 Earnings Conference Call: Co. Committed To High Single Digit Dividend Increase Over The Years,0,increase,0.8,0.7,,136,28,2.0,,,,,,,,,,,,,,,,,,,,,,,,,,
5183,CATERPILLAR INC,From Cat Q3 Earnings Conference Call: Sees Pricing To Be 'Moderate' Next Year,0,uncertain,0.6,0.3,,133,29,1.0,,,,,,,,,,,,,,,,,,,,,,,,,,
5191,CATERPILLAR INC,Caterpillar Inc Says Expects $900M Inventory Reduction In Q4 2019,0,uncertain,0.6,0.5,,131,29,1.0,,,,,,,,,,,,,,,,,,,,,,,,,,
5199,CATERPILLAR INC,Catepillar Says 'See Flat End User Demand In Q4 2019 vs Expectation Of A Rise Earlier',0,decrease,0.8,0.7,,136,29,0.0,,,,,,,,,,,,,,,,,,,,,,,,,,
5207,CATERPILLAR INC,Caterpillar Inc Says 'Customers Are Delaying Capital Spending In Light Of Global Economic Uncertainity',0,decrease,0.8,0.7,,133,29,0.0,,,,,,,,,,,,,,,,,,,,,,,,,,
5215,CATERPILLAR INC,From Cat Q3 Earnings Conference Call: Sees Chinese Dealers Increasing Inventories In View Of Earlier Chinese New Year,0,increase,0.8,0.7,,136,28,2.0,,,,,,,,,,,,,,,,,,,,,,,,,,
5223,CATERPILLAR INC,"Caterpillar Reports Q3 Earnings Miss, Cuts Guidance",0,decrease,0.8,0.7,,126,29,0.0,,,,,,,,,,,,,,,,,,,,,,,,,,
5231,CATERPILLAR INC,Caterpillar shares are trading lower after the company reported worse-than-expected Q3 results and cut FY19 guidance.,0,decrease,0.8,0.9,,136,29,0.0,,,,,,,,,,,,,,,,,,,,,,,,,,
5239,CATERPILLAR INC,Caterpillar Cuts FY19 EPS Guidance From $12.06-$13.06 To $10.90 To $11.40 vs $11.70 Est.,0,decrease,0.8,0.7,,147,29,0.0,,,,,,,,,,,,,,,,,,,,,,,,,,
5247,CATERPILLAR INC,"Caterpillar Q3 EPS $2.66 Misses $2.89 Estimate, Sales $12.8B Miss $13.49B Estimate",0,decrease,0.8,0.7,,144,29,0.0,,,,,,,,,,,,,,,,,,,,,,,,,,
5255,CARNIVAL CORP,Carnival shares are trading higher on seemingly no company-specific news.,0,uncertain,0.6,0.3,,124,29,1.0,,,,,,,,,,,,,,,,,,,,,,,,,,
5263,CRESTWOOD EQUITY PARTNERS LP,"Raymond James Upgrades Crestwood Equity Partners to Strong Buy, Announces $40 Price Target",0,increase,0.9,0.8,,140,28,2.0,,,,,,,,,,,,,,,,,,,,,,,,,,
5271,CORE LABORATORIES INC,"Core Laboratories Q3 Adj. EPS $0.5 Beats $0.49 Estimate, Sales $173.2M Beat $171.79M Estimate",0,increase,0.8,0.7,,144,28,2.0,,,,,,,,,,,,,,,,,,,,,,,,,,
5279,CLEVELAND CLIFFS INC NEW,"Cleveland-Cliffs Q3 EPS $0.33 Beats $0.26 Estimate, Sales $555.6M Beat $552.28M Estimate",0,increase,0.8,0.6,,149,28,2.0,,,,,,,,,,,,,,,,,,,,,,,,,,
5287,COMMERCIAL METALS CO,"Commercial Metals Q4 EPS $0.76 Beats $0.7 Estimate, Sales $1.5B Miss $1.57B Estimate",0,uncertain,0.6,0.4,,142,29,1.0,,,,,,,,,,,,,,,,,,,,,,,,,,
5295,CHIPOTLE MEXICAN GRILL INC,"UBS Maintains Sell on Chipotle Mexican Grill, Raises Price Target to $690",0,uncertain,0.6,0.3,,138,29,1.0,,,,,,,,,,,,,,,,,,,,,,,,,,
5303,CHIPOTLE MEXICAN GRILL INC,The Street Debates What's Next For Chipotle,0,uncertain,0.6,0.3,,131,29,1.0,,,,,,,,,,,,,,,,,,,,,,,,,,
5311,CHIPOTLE MEXICAN GRILL INC,UPDATE: Stephens On Chipotle Also Notes 'We also believe the earnings revision story may be slightly more difficult to write in coming quarters as compares become more difficult',0,uncertain,0.7,0.5,,152,29,1.0,,,,,,,,,,,,,,,,,,,,,,,,,,
5319,CHIPOTLE MEXICAN GRILL INC,"UPDATE: Stephens Maintains Equal-Weight On Chipotle, Raises Target To $800 Notes 'Despite our positive outlook on CMG's fundamentals, we view the stock as somewhat range bound nearterm as investors digest an impressive sales and profit improvement'",0,uncertain,0.7,0.5,,169,29,1.0,,,,,,,,,,,,,,,,,,,,,,,,,,
5327,CHIPOTLE MEXICAN GRILL INC,"UPDATE: Credit Suisse Maintains Outperform On Chipotle, Raises Target To $930 As Firm Notes 'Our confidence in ongoing SSS growth includes contributions from:'",0,increase,0.8,0.7,,154,28,2.0,,,,,,,,,,,,,,,,,,,,,,,,,,
5335,CHIPOTLE MEXICAN GRILL INC,UPDATE: KeyBanc On Chipotle Notes Q3 SSS And Restaurant Margin Growth 'came as the Company spent fewer marketing dollars (2% vs. 3% expected for the year) and during what is typically a seasonally low period for delivery sales',0,increase,0.8,0.7,,173,28,2.0,,,,,,,,,,,,,,,,,,,,,,,,,,
5343,CHIPOTLE MEXICAN GRILL INC,"UPDATE: KeyBanc Maintains Overweight On Chipotle, Raises Target To $900 Notes Co's 'Digital initiatives continue to support industry-leading SSS growth' As 'traffic increased 7.5% (cons. 6%) and Chipotle saw an ~88% y/y increase in digital sales'",0,increase,0.9,0.8,,183,28,2.0,,,,,,,,,,,,,,,,,,,,,,,,,,
5351,CHIPOTLE MEXICAN GRILL INC,"UPDATE: Morgan Stanley On Chipotle Also Notes 'But compares get more difficult from here on in, and even if one assumes a more bullish ~$20 in EPS in the coming year, we wonder if valuation will finally start to matter'",0,uncertain,0.7,0.5,,168,29,1.0,,,,,,,,,,,,,,,,,,,,,,,,,,
5359,CHIPOTLE MEXICAN GRILL INC,"UPDATE: Morgan Stanley Maintains Equal-Weight On Chipotle, Raises Target To $797 As Firm Notes Co's 'solid top to bottom beat, with strong 4Q-to-date trends and plenty of longer term drivers'",0,increase,0.8,0.7,,165,28,2.0,,,,,,,,,,,,,,,,,,,,,,,,,,
5367,CHIPOTLE MEXICAN GRILL INC,"Credit Suisse Maintains Outperform on Chipotle Mexican Grill, Raises Price Target to $930",0,increase,0.8,0.7,,140,28,2.0,,,,,,,,,,,,,,,,,,,,,,,,,,
5375,CHIPOTLE MEXICAN GRILL INC,"JP Morgan Maintains Neutral on Chipotle Mexican Grill, Raises Price Target to $845",0,increase,0.8,0.7,,138,28,2.0,,,,,,,,,,,,,,,,,,,,,,,,,,
5383,CHIPOTLE MEXICAN GRILL INC,"SunTrust Robinson Humphrey Maintains Buy on Chipotle Mexican Grill, Lowers Price Target to $900",0,uncertain,0.6,0.3,,142,29,1.0,,,,,,,,,,,,,,,,,,,,,,,,,,
5391,CHIPOTLE MEXICAN GRILL INC,"Wells Fargo Maintains Market Perform on Chipotle Mexican Grill, Raises Price Target to $803",0,increase,0.9,0.8,,140,28,2.0,,,,,,,,,,,,,,,,,,,,,,,,,,
5399,CHIPOTLE MEXICAN GRILL INC,"Morgan Stanley Maintains Equal-Weight on Chipotle Mexican Grill, Raises Price Target to $797",0,increase,0.8,0.7,,141,28,2.0,,,,,,,,,,,,,,,,,,,,,,,,,,
5407,CHIPOTLE MEXICAN GRILL INC,"Barclays Maintains Equal-Weight on Chipotle Mexican Grill, Raises Price Target to $725",0,increase,0.8,0.7,,141,28,2.0,,,,,,,,,,,,,,,,,,,,,,,,,,
5415,CHIPOTLE MEXICAN GRILL INC,"Stephens & Co. Maintains Equal-Weight on Chipotle Mexican Grill, Raises Price Target to $800",0,increase,0.8,0.7,,144,28,2.0,,,,,,,,,,,,,,,,,,,,,,,,,,
5423,CHIPOTLE MEXICAN GRILL INC,"KeyBanc Maintains Overweight on Chipotle Mexican Grill, Raises Price Target to $900",0,increase,0.8,0.7,,140,28,2.0,,,,,,,,,,,,,,,,,,,,,,,,,,
5431,COSTAMARE INC,Costamare shares are trading higher after the company reported better-than-expected Q3 EPS and sales results.,0,increase,0.8,0.7,,130,28,2.0,,,,,,,,,,,,,,,,,,,,,,,,,,
5439,COSTAMARE INC,"Costamare Q3 EPS $0.26 Beats $0.18 Estimate, Sales $123.6M Beat $115.69M Estimate",0,increase,0.8,0.7,,139,28,2.0,,,,,,,,,,,,,,,,,,,,,,,,,,
5447,COMTECH TELECOMMUNICATIONS CORP,Comtech Telecom Wins $3M Added Funding From US Army,0,increase,0.8,0.7,,131,28,2.0,,,,,,,,,,,,,,,,,,,,,,,,,,
5455,CENTENE CORP DEL,"Deutsche Bank Maintains Buy on Centene, Lowers Price Target to $60",0,uncertain,0.6,0.3,,128,29,1.0,,,,,,,,,,,,,,,,,,,,,,,,,,
5463,CENTENE CORP DEL,"Credit Suisse Maintains Neutral on Centene, Lowers Price Target to $57",0,decrease,0.8,0.7,,128,29,0.0,,,,,,,,,,,,,,,,,,,,,,,,,,
5471,CANADIAN NATIONAL RAILWAY CO,"Canadian National Railway Shares Relatively Quiet As Hearing CFRA Downgrades From Buy To Hold, Cuts Price Target From $108 To $95",0,decrease,0.8,0.7,,145,29,0.0,,,,,,,,,,,,,,,,,,,,,,,,,,
5479,CANADIAN PACIFIC KANSAS CITY LTD,Canadian Pacific Reports Record-Low Operating Ratio,0,increase,0.8,0.7,,129,28,2.0,,,,,,,,,,,,,,,,,,,,,,,,,,
5487,CANADIAN PACIFIC KANSAS CITY LTD,"Canadian Pacific Railway Q3 Adj. EPS $4.61 Beats $3.41 Estimate, Sales $1.979B Beat $1.5B Estimate",0,increase,0.8,0.7,,153,28,2.0,,,,,,,,,,,,,,,,,,,,,,,,,,
5495,CANADIAN PACIFIC KANSAS CITY LTD,A Preview Of Canadian Pacific Railway's Q3 Earnings,0,uncertain,0.6,0.3,,132,29,1.0,,,,,,,,,,,,,,,,,,,,,,,,,,
5503,CALLON PETROLEUM CO DEL,Callon Petroleum Issues Release Correcting 'False And Misleading' Information From Paulson & Co.,0,increase,0.8,0.7,,134,28,2.0,,,,,,,,,,,,,,,,,,,,,,,,,,
5511,CENTRAL PACIFIC FINANCIAL CORP,Central Pacific Financial Q3 EPS $0.51 Beats $0.49 Estimate,0,increase,0.8,0.5,,135,28,2.0,,,,,,,,,,,,,,,,,,,,,,,,,,
5519,CHENIERE ENERGY PARTNERS L P,Raymond James Downgrades Cheniere Energy Partners to Underperform,0,decrease,0.8,0.7,,133,29,0.0,,,,,,,,,,,,,,,,,,,,,,,,,,
5527,C V B FINANCIAL CORP,CVB Financial Q3 EPS $0.36 Misses $0.37 Estimate,0,decrease,0.8,0.6,,134,29,0.0,,,,,,,,,,,,,,,,,,,,,,,,,,
5535,DOMINION ENERGY INC,"UPDATE: Dominion, Smithfield Report Investment Will Expand Align Renewable Nat Gas Joint Venture To Pursue New Projects Across Country, Including Arizona, California",0,increase,0.8,0.7,,139,28,2.0,,,,,,,,,,,,,,,,,,,,,,,,,,
5543,DOMINION ENERGY INC,"Dominion Energy, Smithfield Foods Report $500M Investment In Renewable Nat Gas Projects Across US Through 2028",0,increase,0.8,0.7,,134,28,2.0,,,,,,,,,,,,,,,,,,,,,,,,,,
5551,DELTA AIR LINES INC,Delta Borrowing $1.5 Billion To Pay For LATAM Airlines Stake,0,uncertain,0.6,0.4,,128,29,1.0,,,,,,,,,,,,,,,,,,,,,,,,,,
5559,3 D SYSTEMS CORP DEL,3D Systems And Antleron Announce Collaboration To Accelerate 3D Printing Biomedical Breakthroughs,0,increase,0.8,0.7,,139,28,2.0,,,,,,,,,,,,,,,,,,,,,,,,,,
5567,WISDOMTREE TRUST,An ETF For The End Of The European Malaise,0,increase,0.8,0.7,,123,28,2.0,,,,,,,,,,,,,,,,,,,,,,,,,,
5575,DISCOVER FINANCIAL SERVICES,"Wells Fargo Maintains Market Perform on Discover Financial, Raises Price Target to $86",0,increase,0.8,0.6,,130,28,2.0,,,,,,,,,,,,,,,,,,,,,,,,,,
5583,DISCOVER FINANCIAL SERVICES,"Credit Suisse Maintains Outperform on Discover Financial, Raises Price Target to $99",0,increase,0.9,0.8,,130,28,2.0,,,,,,,,,,,,,,,,,,,,,,,,,,
5591,DISCOVER FINANCIAL SERVICES,"JP Morgan Maintains Overweight on Discover Financial, Raises Price Target to $90",0,increase,0.8,0.7,,129,28,2.0,,,,,,,,,,,,,,,,,,,,,,,,,,
5599,DOMINOS PIZZA INC,CL King Initiates Coverage On Domino's Pizza with Neutral Rating,0,uncertain,0.6,0.3,,127,29,1.0,,,,,,,,,,,,,,,,,,,,,,,,,,
5607,DEXCOM INC,"Stifel Initiates Coverage On DexCom with Buy Rating, Announces $190 Price Target",0,increase,0.8,0.7,,128,28,2.0,,,,,,,,,,,,,,,,,,,,,,,,,,
5615,EBAY INC,From eBay Earnings Conference Call: Expects To Share Update On Possible Stubhub Sale Before Next Earnings Release,0,uncertain,0.6,0.3,,129,29,1.0,,,,,,,,,,,,,,,,,,,,,,,,,,
5623,EBAY INC,"eBay Sees Q4 Adj. EPS $0.73-$0.76 vs $0.76 Est., Sales $2.77B-$2.82B vs $2.85B Est.; Sees FY19 Adj. EPS $2.75-$2.78 vs $2.75 Est., Sales $10.75B-$10.80B vs $10.82B Est.",0,decrease,0.8,0.7,,190,29,0.0,,,,,,,,,,,,,,,,,,,,,,,,,,
5631,EBAY INC,eBay Says 'Continues To Review The Role And Value Of StubHub And Classifieds In Its Portfolio To Determine The Best Path Forward And Anticipates Sharing An Update On The Stubhub Business Before The Next Earnings Release',0,uncertain,0.7,0.3,,152,29,1.0,,,,,,,,,,,,,,,,,,,,,,,,,,
5639,EBAY INC,"eBay Q3 Adj. EPS $0.67 Beats $0.64 Estimate, Sales $2.65B Beat $2.64B Estimate",0,increase,0.8,0.6,,138,28,2.0,,,,,,,,,,,,,,,,,,,,,,,,,,
5647,EBAY INC,"Benchmark Reiterates Buy on eBay, Lowers Price Target to $47",0,uncertain,0.7,0.5,,122,29,1.0,,,,,,,,,,,,,,,,,,,,,,,,,,
5655,EQUIFAX INC,Equifax Q3 EPS $1.48 Beats $1.44 Estimate,0,increase,0.8,0.6,,124,28,2.0,,,,,,,,,,,,,,,,,,,,,,,,,,
5663,EASTGROUP PROPERTIES INC,"EastGroup Properties Q3 EPS $1.28 Beats $0.54 Estimate, Sales $83.938M Beat $83.09M Estimate",0,increase,0.8,0.7,,141,28,2.0,,,,,,,,,,,,,,,,,,,,,,,,,,
5671,EMPLOYERS HOLDINGS INC,Employers Holdings Q3 Adj. EPS $0.88 Beats $0.64 Estimate,0,increase,0.9,0.8,,131,28,2.0,,,,,,,,,,,,,,,,,,,,,,,,,,
5679,EMBRAER S A,From Boeing Q3 Earnings Conference Call: Sees Embraer Deal To Close In Early 2020,0,uncertain,0.6,0.3,,135,29,1.0,,,,,,,,,,,,,,,,,,,,,,,,,,
5687,EMPIRE STATE REALTY TRUST INC,Empire State Realty Trust Q3 FFO $0.24 Down From $0.25 YoY,0,decrease,0.8,0.04,,140,29,0.0,,,,,,,,,,,,,,,,,,,,,,,,,,
5695,ESSEX PROPERTY TRUST INC,Essex Property Trust Q3 Core FFO $3.35 Up From $3.15 YoY,0,increase,0.8,0.6,,134,28,2.0,,,,,,,,,,,,,,,,,,,,,,,,,,
5703,E S S A BANCORP INC,ESSA Bancorp Q4 EPS $0.35 Up From $0.28 YoY,0,increase,0.8,0.7,,138,28,2.0,,,,,,,,,,,,,,,,,,,,,,,,,,
5711,EVERCORE INC,"Evercore Q3 EPS $1.26 Misses $1.63 Estimate, Sales $408.546M Miss $480.08M Estimate",0,decrease,0.8,0.7,,137,29,0.0,,,,,,,,,,,,,,,,,,,,,,,,,,
5719,EDWARDS LIFESCIENCES CORP,Edwards Life Science Raised Its FY19 EPS Guidance From $5.20 - $5.40 to $5.50 - $5.65 vs $5.34 Estimate,0,increase,0.8,0.7,,155,28,2.0,,,,,,,,,,,,,,,,,,,,,,,,,,
5727,EDWARDS LIFESCIENCES CORP,Edwards Lifesciences Q3 Adj. EPS $1.41 vs $1.22 Estimate,0,increase,0.8,0.7,,139,28,2.0,,,,,,,,,,,,,,,,,,,,,,,,,,
5735,EDWARDS LIFESCIENCES CORP,"Edwards Lifesciences Q3 EPS $1.3 Beats $1.22 Estimate, Sales $1.1B Beat $1.04B Estimate",0,increase,0.8,0.7,,151,28,2.0,,,,,,,,,,,,,,,,,,,,,,,,,,
5743,ISHARES INC,CAN Wholesale Sales (MoM) for Aug (1.2)% vs 0.3% Est; Prior 1.4%,0,decrease,0.8,0.9,,138,29,0.0,,,,,,,,,,,,,,,,,,,,,,,,,,
5751,ISHARES INC,"AFP Reports Man Holed Up at Museum in Southern France, Threatening Messages in Arabic, According to Police",0,uncertain,0.6,0.3,,132,29,1.0,,,,,,,,,,,,,,,,,,,,,,,,,,
5759,ISHARES TRUST,"EU Diplomats Say No Decision Expected On Wednesday On Length, Type Of Extension For Britain's Departure Date From EU; Ambassadors To Discuss Brexit Extension Again On Friday, EU Diplomats Say 3 Month Delay To End Of Jan. Most Likely",0,uncertain,0.7,0.3,,164,29,1.0,,,,,,,,,,,,,,,,,,,,,,,,,,
5767,ISHARES TRUST,Spokesperson For UK Prime Minister Says UK Parliament Will Always Vote For Delay,0,uncertain,0.6,0.3,,128,29,1.0,,,,,,,,,,,,,,,,,,,,,,,,,,
5775,ISHARES TRUST,"Spokesperson For UK Prime Minister Johnson Says Johnson Spoke With EC President Tusk And Told Him He Still Opposes Deal Extension, Wants To Leave By Oct. 31",0,uncertain,0.7,0.4,,149,29,1.0,,,,,,,,,,,,,,,,,,,,,,,,,,
5783,ISHARES TRUST,UK Times Political Editor Says PM Johnson Meeting Labour's Corbyn to Discuss New Program Motion,0,uncertain,0.6,0.3,,129,29,1.0,,,,,,,,,,,,,,,,,,,,,,,,,,
5791,ISHARES INC,'Congressional Sources Confirm USMCA Meeting Between US Trade Rep Lighthizer & Democratic Working Group Happened This Morning' -Tweet From Fox Business Correspondent,0,uncertain,0.6,0.3,,143,29,1.0,,,,,,,,,,,,,,,,,,,,,,,,,,
5799,FORD MOTOR CO DEL,Ford Falls After Q3 Sales Miss,0,decrease,0.8,0.7,,118,29,0.0,,,,,,,,,,,,,,,,,,,,,,,,,,
5807,FORD MOTOR CO DEL,"Ford Motor Q3 EPS $0.34 Beats $0.26 Estimate, Sales $33.93B Miss $33.98B Estimate; Sees FY Adj. EPS $1.20-$1.32 vs $1.26 Est.",0,uncertain,0.6,0.3,,161,29,1.0,,,,,,,,,,,,,,,,,,,,,,,,,,
5815,FORD MOTOR CO DEL,Q3 Earnings Outlook For Ford Motor,0,uncertain,0.6,0.3,,119,29,1.0,,,,,,,,,,,,,,,,,,,,,,,,,,
5823,FIRSTCASH HOLDINGS INC,FirstCash Sees FY19 Adj. EPS $3.85-$4.00 vs $3.90 Est.,0,uncertain,0.6,0.3,,136,29,1.0,,,,,,,,,,,,,,,,,,,,,,,,,,
5831,FIRSTCASH HOLDINGS INC,"FirstCash Q3 Adj. EPS $0.84, Inline, Sales $452.46M Miss $452.76M Estimate",0,uncertain,0.6,0.3,,140,29,1.0,,,,,,,,,,,,,,,,,,,,,,,,,,
5839,FREEPORT MCMORAN INC,"Freeport-McMoRan Q3 Adj. EPS $(0.01) Down From $0.35 YoY, Sales $3.308B Miss $3.55B Estimate",0,decrease,0.8,0.7,,154,29,0.0,,,,,,,,,,,,,,,,,,,,,,,,,,
5847,FIDUS INVESTMENT CORP,"National Securities Initiates Coverage On Fidus Inv with Neutral Rating, Announces $15 Price Target",0,uncertain,0.6,0.3,,137,29,1.0,,,,,,,,,,,,,,,,,,,,,,,,,,
5855,FEDEX CORP,"Peak Season For Air Cargo: Past Results, Present Challenges",0,uncertain,0.6,0.3,,120,29,1.0,,,,,,,,,,,,,,,,,,,,,,,,,,
5863,FIRST FINANCIAL BANKSHARES INC,First Financial Bankshares Reports Has Begun National Search For Successor To CFO J. Bruce Hildebrand,0,uncertain,0.7,0.3,,138,29,1.0,,,,,,,,,,,,,,,,,,,,,,,,,,
5871,FIBROGEN INC,FibroGen Announces First Patient Dosed In LAPIS Phase 3 Clinical Trial Of Pamrevlumab For The Treatment Of Patients With Locally Advanced Pancreatic Cancer,0,increase,0.9,0.8,,148,28,2.0,,,,,,,,,,,,,,,,,,,,,,,,,,
5879,FIRST INTERSTATE BANCSYSTEM INC,First Interstate BancSys Q3 EPS $0.8 Beats $0.79 Estimate,0,increase,0.8,0.6,,134,28,2.0,,,,,,,,,,,,,,,,,,,,,,,,,,
5887,FIDELITY NATIONAL INFO SVCS INC,Fidelity National Info Option Alert: Dec 20 $130 Calls Sweep (2) near the Ask: 2931 @ $3.701 vs 2832 OI; Earnings 11/5 Before Open Ref=$125.8318,0,uncertain,0.6,0.3,,169,29,1.0,,,,,,,,,,,,,,,,,,,,,,,,,,
5895,FIFTH THIRD BANCORP,"Bank of America Reiterates Buy on Fifth Third Bancorp, Raises Price Target to $31",0,increase,0.8,0.7,,136,28,2.0,,,,,,,,,,,,,,,,,,,,,,,,,,
5903,FIFTH THIRD BANCORP,"Raymond James Maintains Outperform on Fifth Third Bancorp, Raises Price Target to $31",0,increase,0.8,0.7,,136,28,2.0,,,,,,,,,,,,,,,,,,,,,,,,,,
5911,FARMERS NATIONAL BANC CORP,Farmers National Banc Q3 EPS $0.33 Up From $0.29 YoY,0,increase,0.8,0.2,,136,28,2.0,,,,,,,,,,,,,,,,,,,,,,,,,,
5919,FRESENIUS MED CARE AG & CO KGAA,Redburn Downgrades Fresenius Medical Care to Neutral,0,decrease,0.8,0.7,,134,29,0.0,,,,,,,,,,,,,,,,,,,,,,,,,,
5927,FIRST BANCORP INC ME,First Bancorp Q3 EPS $0.58 Up From $0.55 YoY,0,increase,0.8,0.5,,133,28,2.0,,,,,,,,,,,,,,,,,,,,,,,,,,
5935,FIRST INDUSTRIAL REALTY TR INC,"First Industrial Realty Q3 FFO $0.44 Beats $0.2 Estimate, Sales $106.59M Beat $106.48M Estimate",0,increase,0.8,0.6,,150,28,2.0,,,,,,,,,,,,,,,,,,,,,,,,,,
5943,FIRST BANK,First Bank Announces 1M Share Buyback,0,increase,0.8,0.7,,115,28,2.0,,,,,,,,,,,,,,,,,,,,,,,,,,
5951,FIRST SOLAR INC,First Solar Announces DE Shaw Is The Acquirer Of Its Cove Mountain And Cove Mountain 2 Projects,0,uncertain,0.7,0.3,,129,29,1.0,,,,,,,,,,,,,,,,,,,,,,,,,,
5959,TECHNIPFMC PLC,"TechnipFMC Q3 EPS $0.12 Does Not Compare To $0.50 Estimate, Sales $3.34B Miss $3.52B Estimate",0,decrease,0.8,0.7,,147,29,0.0,,,,,,,,,,,,,,,,,,,,,,,,,,
5967,TECHNIPFMC PLC,"JP Morgan Maintains Overweight on TechnipFMC, Raises Price Target to $35",0,increase,0.8,0.7,,131,28,2.0,,,,,,,,,,,,,,,,,,,,,,,,,,
5975,GREENE COUNTY BANCORP INC,Greene County Bancorp Q1 EPS $0.57 Up From $0.51 YoY,0,increase,0.8,0.1,,137,28,2.0,,,,,,,,,,,,,,,,,,,,,,,,,,
5983,GANNETT CO INC,New Media Announces European Commission Regulatory Clearance For Merger with Gannett,0,increase,0.8,0.7,,128,28,2.0,,,,,,,,,,,,,,,,,,,,,,,,,,
5991,GENERAL DYNAMICS CORP,General Dynamics shares are trading lower after the company reported its Q3 earnings results.,0,uncertain,0.6,0.7,,128,29,1.0,,,,,,,,,,,,,,,,,,,,,,,,,,
5999,GENERAL DYNAMICS CORP,"General Dynamics Q3 EPS $3.14 Beats $3.06 Estimate, Sales $9.76B Inline",0,increase,0.8,0.6,,136,28,2.0,,,,,,,,,,,,,,,,,,,,,,,,,,
6007,GRACO INC,"Graco CEO Says 'Given the sharp decline in Asia Pacific and slowing in our Industrial and Process businesses in the Americas, we are lowering our full-year 2019 worldwide outlook to flat revenue on a constant currency organic basis'",0,decrease,0.8,0.7,,153,29,0.0,,,,,,,,,,,,,,,,,,,,,,,,,,
6015,GRACO INC,"Graco Q3 Adj. EPS $0.45 Misses $0.51 Estimate, Sales $400.6M Miss $418.89M Estimate",0,decrease,0.8,0.7,,141,29,0.0,,,,,,,,,,,,,,,,,,,,,,,,,,
6023,GOGO INC,"Gogo Shares Spike Over $6 Level On Uptick In Volume, Stock Now Up 2.7% For Session; Co. Reports Its AVANCE Platform Achieved 175K+ Business Aviation Flights",0,increase,0.8,0.7,,152,28,2.0,,,,,,,,,,,,,,,,,,,,,,,,,,
6031,ALPHABET INC,"Credit Suisse Maintains Outperform on Alphabet, Raises Price Target to $1.7K",0,increase,0.8,0.7,,130,28,2.0,,,,,,,,,,,,,,,,,,,,,,,,,,
6039,ALPHABET INC,Google's Antitrust Probe Meeting Reportedly To Take Place Next Month,0,uncertain,0.6,0.3,,124,29,1.0,,,,,,,,,,,,,,,,,,,,,,,,,,
6047,ALPHABET INC,Google Bows To EU Pressure Over Android Remedy,0,uncertain,0.6,0.3,,121,29,1.0,,,,,,,,,,,,,,,,,,,,,,,,,,
6055,GOLD RESOURCE CORP,Gold Resource Corp Raises Qtr. Dividend From $0.02 To $0.04/Share,0,increase,0.8,0.7,,130,28,2.0,,,,,,,,,,,,,,,,,,,,,,,,,,
6063,GRAPHIC PACKAGING HOLDING CO,"Deutsche Bank Earlier Maintained Buy on Graphic Packaging Holding, Raised Price Target to $17",0,increase,0.8,0.7,,133,28,2.0,,,,,,,,,,,,,,,,,,,,,,,,,,
6071,GARMIN LTD,A Closer Look At Insider Sales By Garmin's Chairman,0,uncertain,0.6,0.3,,118,29,1.0,,,,,,,,,,,,,,,,,,,,,,,,,,
6079,G S K PLC,GlaxoSmithKline Reports FDA Approval Of Added Indication For Zejula For Late-Line Treatment For Women With Recurrent Ovarian Cancer,0,increase,0.8,0.7,,139,28,2.0,,,,,,,,,,,,,,,,,,,,,,,,,,
6087,GETTY REALTY CORP NEW,Getty Realty Q3 AFFO $0.43,0,uncertain,0.6,0.3,,125,29,1.0,,,,,,,,,,,,,,,,,,,,,,,,,,
6095,GETTY REALTY CORP NEW,Getty Realty Raises Qtr. Dividend From $0.35 to $0.37/Share,0,increase,0.8,0.5,,135,28,2.0,,,,,,,,,,,,,,,,,,,,,,,,,,
6103,GRAINGER W W INC,W. W. Grainger shares are trading lower after the company reported worse-than-expected Q3 EPS and sales results.,0,decrease,0.8,0.7,,135,29,0.0,,,,,,,,,,,,,,,,,,,,,,,,,,
6111,GRAINGER W W INC,"Grainger Reaffirms FY19 Guidance: EPS $17.10-$18.70 vs $17.54 Estimate, Sales Growth 2-5% Year Over Year",0,uncertain,0.6,0.3,,147,29,1.0,,,,,,,,,,,,,,,,,,,,,,,,,,
6119,GRAINGER W W INC,"W.W. Grainger Q3 Adj. EPS $4.26 Misses $4.4 Estimate, Sales $2.947B Miss $2.95B Estimate",0,decrease,0.8,0.6,,146,29,0.0,,,,,,,,,,,,,,,,,,,,,,,,,,
6127,HAWAIIAN HOLDINGS INC,"Deutsche Bank Earlier Maintained Sell on Hawaiian Holdings, Raised Price Target to $28",0,uncertain,0.6,0.3,,134,29,1.0,,,,,,,,,,,,,,,,,,,,,,,,,,
6135,HALLIBURTON CO,UPDATE: Argus Downgrades Haliburton To Hold As Firm Expects Co.'to face pressure from rising crude oil inventories and moderating global demand' to face pressure from rising crude oil',0,decrease,0.8,0.7,,152,29,0.0,,,,,,,,,,,,,,,,,,,,,,,,,,
6143,HALLIBURTON CO,Argus Research Downgrades Halliburton to Hold,0,decrease,0.8,0.7,,123,29,0.0,,,,,,,,,,,,,,,,,,,,,,,,,,
6151,HASBRO INC,Hasbro CEO Defends Company After Post-Earnings Sell-Off,0,uncertain,0.7,0.3,,122,29,1.0,,,,,,,,,,,,,,,,,,,,,,,,,,
6159,HASBRO INC,"SunTrust Robinson Humphrey Maintains Hold on Hasbro, Lowers Price Target to $102",0,decrease,0.8,0.6,,128,29,0.0,,,,,,,,,,,,,,,,,,,,,,,,,,
6167,HASBRO INC,"BMO Capital Maintains Market Perform on Hasbro, Lowers Price Target to $90",0,decrease,0.8,0.7,,127,29,0.0,,,,,,,,,,,,,,,,,,,,,,,,,,
6175,HORIZON BANCORP INC,Horizon Bancorp Q3 EPS $0.46 Up From $0.32 YoY,0,increase,0.8,0.2,,136,28,2.0,,,,,,,,,,,,,,,,,,,,,,,,,,
6183,HEALTHCARE SERVICES GROUP INC,"Benchmark Reiterates Buy on Healthcare Services Group, Lowers Price Target to $34",0,uncertain,0.6,0.3,,130,29,1.0,,,,,,,,,,,,,,,,,,,,,,,,,,
6191,HILTON WORLDWIDE HOLDINGS INC,Hilton Worldwide shares are trading higher after the company reported better-than-expected Q3 EPS and sales results.,0,increase,0.8,0.7,,140,28,2.0,,,,,,,,,,,,,,,,,,,,,,,,,,
6199,HILTON WORLDWIDE HOLDINGS INC,"Hilton Worldwide Holdings Sees Q4 Adj. EPS $0.91-$0.96 vs $0.99 Est., Sees FY19 Adj. EPS $3.81-$3.86 vs $3.87 Est.",0,decrease,0.8,0.7,,166,29,0.0,,,,,,,,,,,,,,,,,,,,,,,,,,
6207,HILTON WORLDWIDE HOLDINGS INC,"Hilton Worldwide Holdings Q3 Adj. EPS $1.05 Beats $1.02 Estimate, Sales $2.4B Beat $2.38B Estimate",0,increase,0.8,0.7,,152,28,2.0,,,,,,,,,,,,,,,,,,,,,,,,,,
6215,HONDA MOTOR LTD,'Honda Launches e:Technology Brand: Announces Accelerated EV Strategy',0,increase,0.8,0.7,,126,28,2.0,,,,,,,,,,,,,,,,,,,,,,,,,,
6223,H N I CORP,HNI Corp Narrows FY19 EPS From $2.50-$2.70 To $2.50-$2.60,0,uncertain,0.6,0.3,,137,29,1.0,,,,,,,,,,,,,,,,,,,,,,,,,,
6231,H N I CORP,"HNI Q3 EPS $1.08 Beats $1.07 Estimate, Sales $625.4M Miss $640.3M Estimate",0,uncertain,0.6,0.4,,140,29,1.0,,,,,,,,,,,,,,,,,,,,,,,,,,
6239,HARLEY DAVIDSON INC,Leaks on Harley-Davidson Electric Bicycles Reveal New Details,0,increase,0.8,0.6,,127,28,2.0,,,,,,,,,,,,,,,,,,,,,,,,,,
6247,HEXCEL CORP NEW,"Credit Suisse Maintains Neutral on Hexcel, Lowers Price Target to $78",0,decrease,0.8,0.7,,128,29,0.0,,,,,,,,,,,,,,,,,,,,,,,,,,
6255,ICON PLC NEW,ICON Raises FY19 Adj. EPS Guidance From $6.75-$6.95 To $6.81-$6.95 vs $6.88 Est.; Narrows Sales Guidance From $2.76B-$2.84B To $2.79B-$2.83B vs $2.81B Est.,0,uncertain,0.6,0.3,,173,29,1.0,,,,,,,,,,,,,,,,,,,,,,,,,,
6263,ICON PLC NEW,"Icon Q3 Adj. EPS $1.74, Inline, Sales $710.4M Beat $709.52M Estimate",0,increase,0.8,0.6,,133,28,2.0,,,,,,,,,,,,,,,,,,,,,,,,,,
6271,FIRST INTERNET BANCORP,First Internet Q3 EPS $0.63 Beats $0.61 Estimate,0,increase,0.8,0.6,,130,28,2.0,,,,,,,,,,,,,,,,,,,,,,,,,,
6279,IROBOT CORP,iRobot Option Alert: Nov 15 $55 Calls at the Ask: 1000 @ $0.451 vs 768 OI; Ref=$48.36,0,increase,0.8,0.7,,145,28,2.0,,,,,,,,,,,,,,,,,,,,,,,,,,
6287,IROBOT CORP,"Analysts: iRobot Will Struggle Due To Trade Issues, Increasing Competition",0,decrease,0.8,0.7,,126,29,0.0,,,,,,,,,,,,,,,,,,,,,,,,,,
6295,IROBOT CORP,"Piper Jaffray Reiterates Neutral on iRobot, Lowers Price Target to $51",0,decrease,0.8,0.7,,131,29,0.0,,,,,,,,,,,,,,,,,,,,,,,,,,
6303,IROBOT CORP,"JP Morgan Maintains Neutral on iRobot, Lowers Price Target to $40",0,decrease,0.8,0.7,,127,29,0.0,,,,,,,,,,,,,,,,,,,,,,,,,,
6311,IROBOT CORP,IRobot shares are trading lower after the company narrowed its FY19 revenue guidance from $1.2 - $1.25 billion to $1.2 - $1.21 billion and its operating income guidance from $75 - $100 million to $75 - $80 million,0,decrease,0.8,0.7,,167,29,0.0,,,,,,,,,,,,,,,,,,,,,,,,,,
6319,INVESCO LTD,Invesco shares are trading higher after the company reported better-than-expected Q3 EPS results.,0,increase,0.8,0.7,,126,28,2.0,,,,,,,,,,,,,,,,,,,,,,,,,,
6327,INVESCO LTD,"Invesco Q3 EPS $0.7 Beats $0.57 Estimate, Sales $1.23B Inline",0,increase,0.8,0.7,,131,28,2.0,,,,,,,,,,,,,,,,,,,,,,,,,,
6335,HUNT J B TRANSPORT SERVICES INC,Railroads Face Major Challenges To Jump-Start Their Intermodal Business,0,uncertain,0.6,0.3,,130,29,1.0,,,,,,,,,,,,,,,,,,,,,,,,,,
6343,JOHNSON & JOHNSON,"J&J Confirms Deal In Principle To Settle Opioid Litigation As Publicly Announced, Outlined By Committee Of State Attorneys General",0,increase,0.9,0.8,,150,28,2.0,,,,,,,,,,,,,,,,,,,,,,,,,,
6351,JOHNSON & JOHNSON,"J&J Medical Devices Unit Auris Health Reports Results From BENEFIT Study Showing Safety, Feasibility Of Monarch Platform",0,increase,0.8,0.7,,145,28,2.0,,,,,,,,,,,,,,,,,,,,,,,,,,
6359,NORDSTROM INC,"Wedbush Maintains Neutral on Nordstrom, Raises Price Target to $36",0,increase,0.8,0.6,,127,28,2.0,,,,,,,,,,,,,,,,,,,,,,,,,,
6367,KAISER ALUMINUM CORP,"Kaiser Aluminum Q3 EPS $1.82 Misses $1.9 Estimate, Sales $375M Miss $393.94M Estimate",0,decrease,0.8,0.7,,148,29,0.0,,,,,,,,,,,,,,,,,,,,,,,,,,
6375,KIMCO REALTY CORP,"Capital One Financial Downgrades Kimco Realty to Equal-Weight, Announces $21 Price Target",0,decrease,0.8,0.7,,134,29,0.0,,,,,,,,,,,,,,,,,,,,,,,,,,
6383,KIMBERLY CLARK CORP,Kimberly-Clark shares are trading higher after Deutsche Bank upgraded the stock from Sell to Hold and raised the price target from $123 to $124.,0,increase,0.8,0.6,,147,28,2.0,,,,,,,,,,,,,,,,,,,,,,,,,,
6391,KIMBERLY CLARK CORP,"Morgan Stanley Maintains Equal-Weight on Kimberly-Clark, Lowers Price Target to $139",0,decrease,0.8,0.7,,137,29,0.0,,,,,,,,,,,,,,,,,,,,,,,,,,
6399,KIMBERLY CLARK CORP,"Deutsche Bank Upgrades Kimberly-Clark to Hold, Raises Price Target to $124",0,increase,0.8,0.7,,134,28,2.0,,,,,,,,,,,,,,,,,,,,,,,,,,
6407,COCA COLA CO,"UPDATE:UBS On Coca-Cola Notes Co's 'navigating aggressive US price increases, digesting a transformational deal (Costa), completing a global refranchising','demonstrating strong innovation capabilities while reinvigorating growth in high-margin sparkling'",0,increase,0.8,0.7,,164,28,2.0,,,,,,,,,,,,,,,,,,,,,,,,,,
6415,COCA COLA CO,"UPDATE: UBS Upgrades Coca-Cola To Buy, Raises Target To $63 As Firm Believes 'a sustainable fundamental inflection will drive 3 years of above-algorithm earnings growth and cash flow generation'",0,increase,0.9,0.8,,152,28,2.0,,,,,,,,,,,,,,,,,,,,,,,,,,
6423,COCA COLA CO,"UBS Upgrades Coca-Cola to Buy, Raises Price Target to $63",0,increase,0.8,0.7,,126,28,2.0,,,,,,,,,,,,,,,,,,,,,,,,,,
6431,KROGER CO,Kroger Option Alert: Nov 8 $25 Calls at the Ask: 5000 @ $0.57 vs 971 OI; Earnings 12/5 Before Open [est] Ref=$24.945,0,increase,0.8,0.7,,155,28,2.0,,,,,,,,,,,,,,,,,,,,,,,,,,
6439,KOHLS CORP,Evercore ISI Group Downgrades Kohl's to In-Line,0,decrease,0.8,0.7,,123,29,0.0,,,,,,,,,,,,,,,,,,,,,,,,,,
6447,KRATOS DEFENSE & SECUR SOLS INC,Kratos Awarded Multi-Million Dollar Applied Research Contract To Develop Virtual Prototyping Holodeck (VPH) For US Army; Terms Not Disclosed,0,increase,0.8,0.7,,154,28,2.0,,,,,,,,,,,,,,,,,,,,,,,,,,
6455,LITHIA MOTORS INC,Lithia Motors shares are trading higher after the company reported better-than-expected Q3 EPS and sales results.,0,increase,0.9,0.8,,135,28,2.0,,,,,,,,,,,,,,,,,,,,,,,,,,
6463,LITHIA MOTORS INC,"Lithia Motors Q3 EPS $3.39 Beats $3.09 Estimate, Sales $3.332B Beat $3.26B Estimate",0,increase,0.9,0.8,,144,28,2.0,2019-10-23,84319.0,0.9420916438102722,3.1076217801147443,2.9963927925546585,-3.9292197674512863,-0.0536787883447575,1.6616000522924557,17.2882,17.006,0.6625,0.25,-0.09,0.26,0.007,17.115575,1.4997,0.5842,0.196,1.1701,-0.5432,0.6797,-0.2995,-0.9901,-0.4316,-1.3843
6471,LAMAR ADVERTISING CO NEW,"Imperial Capital Downgrades Lamar Advertising to In-Line, Announces $86 Price Target",0,decrease,0.8,0.7,,134,29,0.0,2019-10-23,83879.0,-0.8846288546919823,-1.9025686731530824,0.3150779082435884,0.4708431661128998,0.5558229646439816,0.8238433587498983,-0.8411,-1.0779,0.7824,0.25,-0.09,0.26,0.007,-1.0437,-0.8946,-0.4832,-1.4163,0.9552,-1.0588,-0.7444,-0.7977,-0.5692,2.6136,0.6459
6479,LIBERTY GLOBAL PLC,"Benchmark Maintains Buy on Liberty Global, Lowers Price Target to $32",0,uncertain,0.6,0.3,,126,29,1.0,2019-10-23,90227.0,0.3296247217804193,2.6369978043591535,3.1314388388169467,-6.559938192367554,-7.24805771568251,-6.08319925162617,1.4208,1.1618,0.9769,0.25,-0.09,0.26,0.007,1.1695750000000005,0.1567,-0.4464,0.8278,0.8976,-0.2164,1.344,0.0191,-1.1056,0.5419,-1.3369
6487,LENNOX INTERNATIONAL INC,"JP Morgan Maintains Underweight on Lennox International, Lowers Price Target to $200",0,decrease,0.8,0.7,,129,29,0.0,2019-10-23,87034.0,2.340357005596161,3.7111355209474177,4.960713487745916,-0.2457994967699051,-2.2815184536167377,-1.3076060140768564,-3.3446,-3.5685,0.8324,0.25,-0.09,0.26,0.007,-3.5597,2.1526,-1.1655,1.0277,0.6467,-0.2367,0.0018,-0.3652,-0.2505,-0.1229,1.1056
6495,LILLY ELI & CO,"Eli Lilly Reports Mixed Q3 Earnings, Raises Guidance",0,uncertain,0.7,0.5,,127,29,1.0,2019-10-23,50876.0,0.4096786025911569,4.953444662369844,5.977651905632353,1.7885206267237663,1.1045627286221826,1.2723559498041492,-2.2214,-2.3333,0.5996,0.25,-0.09,0.26,0.007,-2.3783000000000003,-0.1255,2.0141,2.2016,-0.8238,0.2672,1.0545,-1.4127,0.7986,-1.3727,2.1371
6503,LILLY ELI & CO,Eli Lilly And Co shares are trading lower after the company reported worse-than-expected Q3 sales results.,0,decrease,0.8,0.7,,136,29,0.0,2019-10-23,50876.0,0.4096786025911569,4.953444662369844,5.977651905632353,1.7885206267237663,1.1045627286221826,1.2723559498041492,-2.2214,-2.3333,0.5996,0.25,-0.09,0.26,0.007,-2.3783000000000003,-0.1255,2.0141,2.2016,-0.8238,0.2672,1.0545,-1.4127,0.7986,-1.3727,2.1371
6511,LILLY ELI & CO,"Lilly Raises FY19 Adj. EPS Guidance From $5.67-$5.77 To $5.75-$5.85 vs $5.72 Est., Sees Sales $22B-$22.5B vs $22.23B Est.",0,uncertain,0.6,0.3,,167,29,1.0,2019-10-23,50876.0,0.4096786025911569,4.953444662369844,5.977651905632353,1.7885206267237663,1.1045627286221826,1.2723559498041492,-2.2214,-2.3333,0.5996,0.25,-0.09,0.26,0.007,-2.3783000000000003,-0.1255,2.0141,2.2016,-0.8238,0.2672,1.0545,-1.4127,0.7986,-1.3727,2.1371
6519,LILLY ELI & CO,"Eli Lilly Q3 Adj. EPS $1.48 Beats $1.4 Estimate, Sales $5.48B Miss $5.5B Estimate",0,uncertain,0.6,0.3,,147,29,1.0,2019-10-23,50876.0,0.4096786025911569,4.953444662369844,5.977651905632353,1.7885206267237663,1.1045627286221826,1.2723559498041492,-2.2214,-2.3333,0.5996,0.25,-0.09,0.26,0.007,-2.3783000000000003,-0.1255,2.0141,2.2016,-0.8238,0.2672,1.0545,-1.4127,0.7986,-1.3727,2.1371
6527,LEMAITRE VASCULAR INC,"LeMaitre Vascular Q3 EPS $0.25 Beats $0.21 Estimate, Sales $29.1M Beat $28.15M Estimate",0,increase,0.8,0.7,,150,28,2.0,2019-10-23,91503.0,-4.527780786156654,-0.7500013712796294,-9.138891732344256,-1.9932597875595093,-0.399427768258298,0.6051845071267881,3.1223,2.8831,0.8671,0.25,-0.09,0.26,0.007,2.898525,-4.3846,1.0607,0.0103,1.183,0.4781,-2.5588,-0.7157,-4.1011,1.0454,-3.7717
6535,LOCKHEED MARTIN CORP,Lockheed Martin To Sell Energy Solutions Group To TRC; Terms Not Disclosed,0,uncertain,0.6,0.3,,131,29,1.0,2019-10-23,21178.0,0.4422509111464023,1.4875816359399607,1.7958167248511403,-0.0989159569144249,0.3221600144664993,-0.8964103837747373,-0.1579,-0.3067,0.7058,0.25,-0.09,0.26,0.007,-0.34135,0.0853,-1.3955,-0.1498,0.0073,1.5804,-0.3384,0.0464,-1.3698,-0.1174,1.5916
6543,LOCKHEED MARTIN CORP,"Credit Suisse Maintains Neutral on Lockheed Martin, Lowers Price Target to $385",0,decrease,0.8,0.7,,132,29,0.0,2019-10-23,21178.0,0.4422509111464023,1.4875816359399607,1.7958167248511403,-0.0989159569144249,0.3221600144664993,-0.8964103837747373,-0.1579,-0.3067,0.7058,0.25,-0.09,0.26,0.007,-0.34135,0.0853,-1.3955,-0.1498,0.0073,1.5804,-0.3384,0.0464,-1.3698,-0.1174,1.5916
6551,LOCKHEED MARTIN CORP,"JP Morgan Maintains Neutral on Lockheed Martin, Lowers Price Target to $360",0,decrease,0.8,0.7,,131,29,0.0,2019-10-23,21178.0,0.4422509111464023,1.4875816359399607,1.7958167248511403,-0.0989159569144249,0.3221600144664993,-0.8964103837747373,-0.1579,-0.3067,0.7058,0.25,-0.09,0.26,0.007,-0.34135,0.0853,-1.3955,-0.1498,0.0073,1.5804,-0.3384,0.0464,-1.3698,-0.1174,1.5916
6559,LOCKHEED MARTIN CORP,"Morgan Stanley Maintains Equal-Weight on Lockheed Martin, Lowers Price Target to $364",0,decrease,0.8,0.7,,134,29,0.0,2019-10-23,21178.0,0.4422509111464023,1.4875816359399607,1.7958167248511403,-0.0989159569144249,0.3221600144664993,-0.8964103837747373,-0.1579,-0.3067,0.7058,0.25,-0.09,0.26,0.007,-0.34135,0.0853,-1.3955,-0.1498,0.0073,1.5804,-0.3384,0.0464,-1.3698,-0.1174,1.5916
6567,LOCKHEED MARTIN CORP,Lockheed Martin Awarded $108M Air Force ICBM Contract,0,increase,0.8,0.7,,129,28,2.0,2019-10-23,21178.0,0.4422509111464023,1.4875816359399607,1.7958167248511403,-0.0989159569144249,0.3221600144664993,-0.8964103837747373,-0.1579,-0.3067,0.7058,0.25,-0.09,0.26,0.007,-0.34135,0.0853,-1.3955,-0.1498,0.0073,1.5804,-0.3384,0.0464,-1.3698,-0.1174,1.5916
6575,COMSTOCK INC,Comstock Mining 13G From Leviston Resources Shows New 6.19% Stake,0,increase,0.8,0.7,,127,28,2.0,2019-10-23,12840.0,-1.0586666874587536,-4.1368444164070155,0.0956437411485655,1.7679611220955849,3.4831463302127386,-0.7543069688737747,-1.2345,-1.2404,-0.1008,0.25,-0.09,0.26,0.007,-1.2163,-0.6693,0.4515,2.0397,-3.879,-1.4838,0.2782,0.1435,1.2476,-0.1504,2.2856
6583,L G DISPLAY CO LTD,"'LG Display 'survival at risk,' CEO warns as loss hits' -Nikkei Asian Review",0,decrease,0.8,0.9,,134,29,0.0,2019-10-23,90266.0,1.0327012278139591,0.6884674620815545,8.950085614363413,-0.480764964595437,4.545454110131586,2.4752490781371206,-6.4412,-6.6847,1.1557,0.25,-0.09,0.26,0.007,-6.737125,0.6249,0.2385,0.2729,-1.9842,-0.4322,0.5416,-1.5723,3.0227,5.8618,-0.5447
6591,LAM RESH CORP,"Lam Research Sees Q2 Adj. EPS $3.60-$4 vs $3.15 Estimate, Sales $2.5B +/- $150M vs $2.19B Est.",0,increase,0.8,0.9,,153,28,2.0,2019-10-23,48486.0,13.903428614139557,19.032509666253382,18.15336586948093,-1.4887205325067043,0.5177607425390196,-0.5040247028761047,-0.7365,-1.1086,1.4895,0.25,-0.09,0.26,0.007,-1.115875,13.6089,0.864,3.149,-1.523,-0.0545,-1.7632,0.9792,-0.6124,-0.0339,-0.7488
6599,LAM RESH CORP,"Lam Research Q1 Adj. EPS $3.18 Beats $3.01 Estimate, Sales $2.166B Beat $2.16B Estimate",0,increase,0.8,0.6,,145,28,2.0,2019-10-23,48486.0,13.903428614139557,19.032509666253382,18.15336586948093,-1.4887205325067043,0.5177607425390196,-0.5040247028761047,-0.7365,-1.1086,1.4895,0.25,-0.09,0.26,0.007,-1.115875,13.6089,0.864,3.149,-1.523,-0.0545,-1.7632,0.9792,-0.6124,-0.0339,-0.7488
6607,LAKE SHORE BANCORP INC,Lake Shore Bancorp Q3 EPS $0.2 Up From $0.17 YoY,0,increase,0.8,0.5,,138,28,2.0,2019-10-23,91176.0,-0.4217094741761684,-0.08755287036597,0.5807611003644242,0.5305205006152391,0.1496712877601114,-0.0726636547986325,-0.1735,-0.1977,-0.0023,0.25,-0.09,0.26,0.007,-0.179925,-0.4513,0.6923,-0.3634,0.4165,-0.3494,1.1601,-0.568,-0.1963,0.0262,0.3066
6615,LANDSTAR SYSTEM INC,Landstar Reports Significant Third Quarter Earnings Miss,0,decrease,0.8,0.9,,118,29,0.0,2019-10-23,78981.0,0.1567810424603521,0.2874331412988207,2.064282587394417,1.3674592599272728,1.903415542847786,1.9213822601718225,-0.7177,-1.0872,1.0042,0.25,-0.09,0.26,0.007,-0.97575,0.7115,2.2818,-1.1348,-0.545,-1.5024,-0.8604,-0.7102,0.621,0.7656,-0.5731
6623,LANDSTAR SYSTEM INC,"Landstar System Sees Q4 EPS $1.40-$1.46 vs $1.51 Est., Sales $970M-$1.02B vs $1.07B Est.",0,decrease,0.8,0.7,,148,29,0.0,2019-10-23,78981.0,0.1567810424603521,0.2874331412988207,2.064282587394417,1.3674592599272728,1.903415542847786,1.9213822601718225,-0.7177,-1.0872,1.0042,0.25,-0.09,0.26,0.007,-0.97575,0.7115,2.2818,-1.1348,-0.545,-1.5024,-0.8604,-0.7102,0.621,0.7656,-0.5731
6631,LANDSTAR SYSTEM INC,"Landstar System Q3 EPS $1.35 Misses $1.43 Estimate, Sales $1.01B Miss $1.03B Estimate",0,decrease,0.8,0.7,,140,29,0.0,2019-10-23,78981.0,0.1567810424603521,0.2874331412988207,2.064282587394417,1.3674592599272728,1.903415542847786,1.9213822601718225,-0.7177,-1.0872,1.0042,0.25,-0.09,0.26,0.007,-0.97575,0.7115,2.2818,-1.1348,-0.545,-1.5024,-0.8604,-0.7102,0.621,0.7656,-0.5731
6639,MASIMO CORP,Masimo Highlights Study Investigating Effects Of Co.'s SpHb Hemoglobin Monitoring on Postoperative Anemia and Inappropriate Blood Transfusion in Patients Undergoing Hip and Knee Surgery,0,increase,0.8,0.7,,145,28,2.0,2019-10-23,92220.0,0.056161341490224,3.488944334836508,-1.1512807239325684,-1.918444223701954,-3.5368878076895705,-3.6216220998310344,-0.1332,-0.2224,1.0501,0.25,-0.09,0.26,0.007,-0.402725,-0.7536,0.3219,0.3769,2.1429,-1.4039,-0.9285,0.4417,-1.3919,-1.5413,-0.5629
6647,MCDONALDS CORP,"UPDATE: Morgan Stanley On McDonald's Also Notes 'US comps slowed vs last quarter, but was consistent with 1Q momentum; traffic still brand's biggest opportunity'",0,uncertain,0.7,0.3,,147,29,1.0,2019-10-23,43449.0,-1.6013264656066897,-1.1646038907353051,-2.524980618528072,-5.04169724881649,-4.426856548498337,-3.664492060740332,-0.0301,-0.1283,0.3955,0.25,-0.09,0.26,0.007,-0.135975,-2.0243,-0.7843,-1.6303,0.7217,1.7218,-0.1485,-1.4559,-2.5968,2.1161,0.7413
6655,MCDONALDS CORP,"UPDATE: Morgan Stanley Maintains Overweight On McDonald's, Lowers Target To $214 As Firm Notes 'Despite strong current top line, tech and remodel-related investment spend likely pushes out HSD EPS growth until FY21'",0,decrease,0.8,0.7,,159,29,0.0,2019-10-23,43449.0,-1.6013264656066897,-1.1646038907353051,-2.524980618528072,-5.04169724881649,-4.426856548498337,-3.664492060740332,-0.0301,-0.1283,0.3955,0.25,-0.09,0.26,0.007,-0.135975,-2.0243,-0.7843,-1.6303,0.7217,1.7218,-0.1485,-1.4559,-2.5968,2.1161,0.7413
6663,MCDONALDS CORP,"UBS Maintains Neutral on McDonald's, Lowers Price Target to $212",0,decrease,0.8,0.7,,131,29,0.0,2019-10-23,43449.0,-1.6013264656066897,-1.1646038907353051,-2.524980618528072,-5.04169724881649,-4.426856548498337,-3.664492060740332,-0.0301,-0.1283,0.3955,0.25,-0.09,0.26,0.007,-0.135975,-2.0243,-0.7843,-1.6303,0.7217,1.7218,-0.1485,-1.4559,-2.5968,2.1161,0.7413
6671,MCDONALDS CORP,"UPDATE: KeyBanc Maintains Overweight On McDonald's, Lowers Tgt To $225 Notes Co. 'is in the early days of it's digital journey' And Co. 'expects SG&A expenses to be higher next year to support digital investments' Which Could Weigh On EPS Growth Next Year",0,uncertain,0.7,0.5,,177,29,1.0,2019-10-23,43449.0,-1.6013264656066897,-1.1646038907353051,-2.524980618528072,-5.04169724881649,-4.426856548498337,-3.664492060740332,-0.0301,-0.1283,0.3955,0.25,-0.09,0.26,0.007,-0.135975,-2.0243,-0.7843,-1.6303,0.7217,1.7218,-0.1485,-1.4559,-2.5968,2.1161,0.7413
6679,MCDONALDS CORP,"Wells Fargo Maintains Outperform on McDonald's, Lowers Price Target to $222",0,uncertain,0.7,0.5,,133,29,1.0,2019-10-23,43449.0,-1.6013264656066897,-1.1646038907353051,-2.524980618528072,-5.04169724881649,-4.426856548498337,-3.664492060740332,-0.0301,-0.1283,0.3955,0.25,-0.09,0.26,0.007,-0.135975,-2.0243,-0.7843,-1.6303,0.7217,1.7218,-0.1485,-1.4559,-2.5968,2.1161,0.7413
6687,MCDONALDS CORP,Wall Street Takes A Bite Out Of McDonald's Quarter,0,decrease,0.8,0.7,,125,29,0.0,2019-10-23,43449.0,-1.6013264656066897,-1.1646038907353051,-2.524980618528072,-5.04169724881649,-4.426856548498337,-3.664492060740332,-0.0301,-0.1283,0.3955,0.25,-0.09,0.26,0.007,-0.135975,-2.0243,-0.7843,-1.6303,0.7217,1.7218,-0.1485,-1.4559,-2.5968,2.1161,0.7413
6695,MCDONALDS CORP,"Credit Suisse Maintains Outperform on McDonald's, Lowers Price Target to $230",0,uncertain,0.6,0.4,,133,29,1.0,2019-10-23,43449.0,-1.6013264656066897,-1.1646038907353051,-2.524980618528072,-5.04169724881649,-4.426856548498337,-3.664492060740332,-0.0301,-0.1283,0.3955,0.25,-0.09,0.26,0.007,-0.135975,-2.0243,-0.7843,-1.6303,0.7217,1.7218,-0.1485,-1.4559,-2.5968,2.1161,0.7413
6703,MCDONALDS CORP,"JP Morgan Maintains Overweight on McDonald's, Lowers Price Target to $215",0,uncertain,0.6,0.4,,132,29,1.0,2019-10-23,43449.0,-1.6013264656066897,-1.1646038907353051,-2.524980618528072,-5.04169724881649,-4.426856548498337,-3.664492060740332,-0.0301,-0.1283,0.3955,0.25,-0.09,0.26,0.007,-0.135975,-2.0243,-0.7843,-1.6303,0.7217,1.7218,-0.1485,-1.4559,-2.5968,2.1161,0.7413
6711,MCDONALDS CORP,"SunTrust Robinson Humphrey Maintains Buy on McDonald's, Lowers Price Target to $230",0,uncertain,0.6,0.4,,134,29,1.0,2019-10-23,43449.0,-1.6013264656066897,-1.1646038907353051,-2.524980618528072,-5.04169724881649,-4.426856548498337,-3.664492060740332,-0.0301,-0.1283,0.3955,0.25,-0.09,0.26,0.007,-0.135975,-2.0243,-0.7843,-1.6303,0.7217,1.7218,-0.1485,-1.4559,-2.5968,2.1161,0.7413
6719,MCDONALDS CORP,"Morgan Stanley Maintains Overweight on McDonald's, Lowers Price Target to $214",0,uncertain,0.7,0.5,,133,29,1.0,2019-10-23,43449.0,-1.6013264656066897,-1.1646038907353051,-2.524980618528072,-5.04169724881649,-4.426856548498337,-3.664492060740332,-0.0301,-0.1283,0.3955,0.25,-0.09,0.26,0.007,-0.135975,-2.0243,-0.7843,-1.6303,0.7217,1.7218,-0.1485,-1.4559,-2.5968,2.1161,0.7413
6727,MCDONALDS CORP,"KeyBanc Maintains Overweight on McDonald's, Lowers Price Target to $225",0,uncertain,0.6,0.3,,133,29,1.0,2019-10-23,43449.0,-1.6013264656066897,-1.1646038907353051,-2.524980618528072,-5.04169724881649,-4.426856548498337,-3.664492060740332,-0.0301,-0.1283,0.3955,0.25,-0.09,0.26,0.007,-0.135975,-2.0243,-0.7843,-1.6303,0.7217,1.7218,-0.1485,-1.4559,-2.5968,2.1161,0.7413
6735,MACROGENICS INC,"Wedbush Maintains Outperform on Macrogenics, Lowers Price Target to $14",0,decrease,0.8,0.7,,130,29,0.0,2019-10-23,14257.0,-3.74331958591938,-7.540105969779997,-10.481288512487572,-3.0329693108797073,0.2727250156758565,-3.668122913915839,-15.2312,-15.2056,0.8248,0.25,-0.09,0.26,0.007,-15.4444,-3.7946,-4.1838,0.7046,-1.2089,-1.5808,-1.0073,2.3167,-2.7382,-1.2067,-0.0011
6743,M I HOMES INC,"M/I Homes Q3 EPS $1.32 Beats $0.99 Estimate, Sales $653.345M Beat $604.31M Estimate",0,increase,0.9,0.8,,143,28,2.0,2019-10-23,79909.0,4.905134066939354,1.249414914695457,-0.0231422934470759,1.828332617878914,1.1094267022782711,0.804423592101311,7.7806,7.7086,0.5498,0.25,-0.09,0.26,0.007,7.63615,4.9804,-1.7144,-2.572,-0.8477,0.3713,1.3951,-1.3755,-1.9988,-1.5039,1.9865
6751,M K S INSTRUMENTS INC,"MKS Sees Q4 Adj. EPS $0.85-$1.19 vs $1.02 Estimate, Sales $445M-$495M vs $461.9M Est.",0,decrease,0.8,0.6,,155,29,0.0,2019-10-23,86778.0,15.691037476062776,16.38842068854942,19.25190244794692,0.0208725716220214,1.6219641183761846,1.257000594647795,-1.2727,-1.6926,1.7439,0.25,-0.09,0.26,0.007,-1.7156749999999998,15.5569,0.1,2.2831,-2.5183,-1.7429,-0.9025,-0.7757,1.9202,1.1367,-0.6324
6759,M K S INSTRUMENTS INC,"MKS Instruments Q3 Adj. EPS $1.12 Beats $0.87 Estimate, Sales $462.5M Beat $442.9M Estimate",0,increase,0.8,0.7,,149,28,2.0,2019-10-23,86778.0,15.691037476062776,16.38842068854942,19.25190244794692,0.0208725716220214,1.6219641183761846,1.257000594647795,-1.2727,-1.6926,1.7439,0.25,-0.09,0.26,0.007,-1.7156749999999998,15.5569,0.1,2.2831,-2.5183,-1.7429,-0.9025,-0.7757,1.9202,1.1367,-0.6324
6767,MARKETAXESS HLDGS INC,"MarketAxess Holdings Q3 EPS $1.42 Beats $1.39 Estimate, Sales $131.6M Beat $127.05M Estimate",0,increase,0.9,0.8,,148,28,2.0,2019-10-23,90454.0,2.12753489613533,4.959378677873749,1.7961479838230376,-3.607809916138649,-3.4657704763658703,-2.587937653813843,0.4491,0.5164,0.2832,0.25,-0.09,0.26,0.007,0.3712999999999999,1.0416,-1.3636,1.1667,1.5114,0.7094,2.1408,0.1667,-0.916,-3.2749,0.77
6775,MARTIN MIDSTREAM PARTNERS LP,"Martin Midstream Partners shares are trading higher after the company reported Q3 EPS of $0.33, up from $(0.28) in the same quarter last year.",0,increase,0.8,0.7,,151,28,2.0,2019-10-23,89570.0,10.022780299186708,13.439638956891107,19.134400063024714,9.11329761147499,11.868681219307463,15.064933231066725,-0.9029,-1.0924,0.8006,0.25,-0.09,0.26,0.007,-1.11005,10.6706,-0.4591,7.8226,-4.7503,-0.5822,3.4665,-3.2253,5.6482,0.2228,-1.9876
6783,MARTIN MIDSTREAM PARTNERS LP,Martin Midstream Partners Q3 EPS $0.33 Up From $(0.28) YoY,0,increase,0.8,0.9,,137,28,2.0,2019-10-23,89570.0,10.022780299186708,13.439638956891107,19.134400063024714,9.11329761147499,11.868681219307463,15.064933231066725,-0.9029,-1.0924,0.8006,0.25,-0.09,0.26,0.007,-1.11005,10.6706,-0.4591,7.8226,-4.7503,-0.5822,3.4665,-3.2253,5.6482,0.2228,-1.9876
6791,MAGELLAN MIDSTREAM PTNRS L P,"Raymond James Maintains Outperform on Magellan Midstream, Raises Price Target to $72",0,increase,0.8,0.7,,140,28,2.0,2019-10-23,88901.0,-0.0158051247126422,1.3594758982444333,-2.7821670801498777,-0.8182782679796219,-1.230017036270703,-1.1540237928367891,-1.5255,-1.6721,0.5215,0.25,-0.09,0.26,0.007,-1.662875,-0.1448,0.8084,-1.1053,0.5475,0.489,-2.6128,-0.0211,-0.1959,-1.0486,-0.9392
6799,MEDICINOVA INC,MediciNova Receives Notice of Allowance for New Patent Covering MN-001 for the Treatment of NAFLD and NASH in Japan,0,increase,0.9,0.8,,140,28,2.0,2019-10-23,91672.0,7.352945953607559,-8.33333100960706,-4.289214180749146,-2.4539854377508163,1.792572170551976,10.878657250018064,2.6415,2.3783,1.422,0.25,-0.09,0.26,0.007,2.279,7.4735,-13.8839,-2.7953,-1.283,0.6579,8.6596,0.4717,-1.4514,-1.9945,-2.1543
6807,ALTRIA GROUP INC,'House panel to vote on plan to raise tax on nicotine used in vaping' -AJC,0,uncertain,0.6,0.4,,130,29,1.0,2019-10-23,13901.0,0.4491959232836962,-1.689841622503674,-1.7967918461192722,1.7120253294706345,4.534171454910618,4.652216343857951,0.8848,0.6607,0.5839,0.25,-0.09,0.26,0.007,0.7318250000000001,0.3301,-0.5594,-1.9936,0.9523,-1.0414,-2.3583,-0.001,0.7956,1.4687,-0.9648
6815,MORNINGSTAR INC,Morningstar Q3 EPS $1.14 Up From $1.03 YoY,0,increase,0.8,0.2,,126,28,2.0,2019-10-23,90708.0,-7.558654993772507,0.1648756741650325,2.2320884025252674,-1.578851044178009,0.0573226607828436,0.3000903414689615,0.3883,0.2755,0.7166,0.25,-0.09,0.26,0.007,0.2021499999999999,-8.044,-0.0293,1.8806,2.5375,2.676,2.6097,-0.492,0.1996,-0.3032,-0.3304
6823,MARATHON PETROLEUM CORP,Marathon Petroleum Option Alert: Jan 17 $67.5 Calls Sweep (2) near the Ask: 774 @ $3.73 vs 44013 OI; Earnings 10/31 Before Open Ref=$65.655,0,increase,0.8,0.7,,166,28,2.0,2019-10-23,12872.0,0.7287015672773123,0.4858049643001294,-2.4138511566737963,0.7886224426329136,0.0614075875823294,1.6848702755031475,1.0586,0.5104,1.4403,0.25,-0.09,0.26,0.007,0.6915250000000002,1.05,1.6776,-1.3712,0.4267,-2.1933,-2.4839,1.6728,0.5002,-2.5782,-3.2924
6831,MARINE PRODUCTS CORP,"Marine Products Q3 EPS $0.23 Beats $0.21 Estimate, Sales $72.21M Miss $73.64M Estimate",0,uncertain,0.6,0.4,,141,29,1.0,2019-10-23,88895.0,-0.1483642728999257,0.5192927592460039,6.602376801190268,0.511693675071001,0.5852225640234465,0.0727818944503022,-1.9636,-2.2414,0.8361,0.25,-0.09,0.26,0.007,-2.1796249999999997,0.6076,-5.6207,1.1245,-0.1873,4.4578,-0.0673,-1.282,-0.3135,2.7379,2.9469
6839,M S A SAFETY INC,"MSA Safety Q3 Adj. EPS $1.15 Misses $1.17 Estimate, Sales $351.014M Beat $346.47M Estimate",0,uncertain,0.6,0.3,,146,29,1.0,2019-10-23,54253.0,-0.480812881141901,7.265607475795455,10.061441578335506,-0.403833482414484,1.0870475649549238,1.1321060502849312,-1.0048,-1.2643,1.0136,0.25,-0.09,0.26,0.007,-1.2652,-0.3765,2.2613,1.2275,1.6097,1.0946,0.2863,-0.1186,0.3396,-0.3207,1.018
6847,MIDDLESEX WATER CO,Middlesex Water 8-K Shows Raises Qtr. Dividend From $0.24 To $0.25625/Share,0,increase,0.9,0.8,,137,28,2.0,2019-10-23,53859.0,-1.0710500180721283,-0.1508500229466025,-4.1031846349801615,1.1824272572994232,1.197970806044979,0.6107826746656331,0.6071,0.4558,0.5521,0.25,-0.09,0.26,0.007,0.4620749999999999,-1.1848,-0.7366,-1.1502,0.4308,1.6819,1.8228,-1.7566,-2.8374,-2.3464,0.7703
6855,M G I C INVESTMENT CORP WIS,"Deutsche Bank Maintains Buy on MGIC Investment, Raises Price Target to $18.5",0,increase,0.8,0.7,,142,28,2.0,2019-10-23,76804.0,0.637394841760397,-2.7620420718570515,-0.920680668480134,3.056769073009491,4.7337231240776045,5.592841254311831,-0.2825,-0.7135,1.1282,0.25,-0.09,0.26,0.007,-0.57155,1.0191,-1.1583,-1.7599,-0.3658,-1.2238,0.6252,-1.5073,-0.3381,0.171,0.3562
6863,MICRON TECHNOLOGY INC,SSD Prices Continue to Fall in China,0,decrease,0.8,0.7,,119,29,0.0,2019-10-23,53613.0,5.463498830795288,7.210034032539214,6.7622044028254225,-1.2383931316435337,2.7375168373862113,-1.846154268081801,0.0,-0.3707,1.8574,0.25,-0.09,0.26,0.007,-0.47135,5.0772,0.8168,-0.0275,-1.0998,-0.9072,0.1302,-0.4666,1.9943,-1.919,-1.4046
6871,MURPHY USA INC,"Wells Fargo Maintains Market Perform on Murphy USA, Raises Price Target to $87",0,increase,0.8,0.7,,128,28,2.0,2019-10-23,14076.0,0.3505309345200658,3.888701351447743,30.025190326061768,0.8715069852769375,1.3243550152328254,0.3891899172341118,1.1187,0.8791,0.6552,0.25,-0.09,0.26,0.007,0.9479000000000002,0.6045,0.3864,1.0082,-0.3237,1.7099,24.8235,-4.6817,1.2732,3.4508,-0.7137
6879,MAGNACHIP SEMICONDUCTOR CORP,MagnaChip Semiconductor shares are trading higher after the company reported Q3 EPS of $0.49 compared to the $0.28 estimate. The company also reported better-than-expected Q3 sales results.,0,increase,0.9,0.8,,162,28,2.0,2019-10-23,12629.0,4.424045979976654,6.67779814042333,6.176967851356441,-0.3278685500845313,1.757322477441381,3.5775135130612146,-1.4803,-1.6421,1.0469,0.25,-0.09,0.26,0.007,-1.7490249999999998,4.3421,2.221,2.2424,-2.0732,-2.0252,0.5389,-0.3631,-0.6667,-0.3195,-0.1978
6887,MAGNACHIP SEMICONDUCTOR CORP,"MagnaChip Semiconductor Q3 EPS $0.49 May Not Compare $0.28 Estimate, Sales $229.7M Beat $225M Estimate",0,increase,0.8,0.7,,152,28,2.0,2019-10-23,12629.0,4.424045979976654,6.67779814042333,6.176967851356441,-0.3278685500845313,1.757322477441381,3.5775135130612146,-1.4803,-1.6421,1.0469,0.25,-0.09,0.26,0.007,-1.7490249999999998,4.3421,2.221,2.2424,-2.0732,-2.0252,0.5389,-0.3631,-0.6667,-0.3195,-0.1978
6895,MYRIAD GENETICS INC,Myriad Genetics Reports FDA Approval Of myChoice CDx Test,0,increase,0.8,0.7,,127,28,2.0,2019-10-23,82508.0,3.416633978486061,5.662767813649472,-26.60550217474461,3.2289009541273117,5.626435262469509,6.147274351799115,-2.1059,-2.2276,0.9193,0.25,-0.09,0.26,0.007,-2.342725,3.1321,-1.3407,2.0077,-0.5706,0.3206,1.2118,-0.66,3.8685,-40.3745,11.5604
6903,NORDIC AMERICAN TANKERS LTD,Nordic American Tankers shares are trading higher despite no company-specific news. The stock has rallied approximately 102% over the past month.,0,increase,0.8,0.9,,147,28,2.0,2019-10-23,85346.0,-9.478670358657835,-9.715636933883976,-18.957340571478664,1.2690342962741852,-0.2499997695047717,1.0126572853188742,5.7644,5.4114,1.1492,0.25,-0.09,0.26,0.007,5.4701,-8.6466,-2.9622,-0.9845,-0.2551,2.3001,-4.8678,-1.8597,-0.2728,-4.4637,-1.7041
6911,NAVIENT CORP,Navient shares are trading higher after the company reported a $1B buyback.,0,increase,0.8,0.9,,125,28,2.0,2019-10-23,14601.0,1.3137564063072205,7.573419638188472,9.505413507134586,1.5886252745985985,3.184713515158699,2.1008404425386873,6.5021,5.9828,1.3213,0.25,-0.09,0.26,0.007,6.164775000000001,2.1443,3.2477,1.1374,0.5071,-0.0988,0.1308,-2.0126,-0.927,1.4429,-0.566
6919,NAVIENT CORP,Navient Reports $1B Buyback,0,increase,0.8,0.7,,117,28,2.0,2019-10-23,14601.0,1.3137564063072205,7.573419638188472,9.505413507134586,1.5886252745985985,3.184713515158699,2.1008404425386873,6.5021,5.9828,1.3213,0.25,-0.09,0.26,0.007,6.164775000000001,2.1443,3.2477,1.1374,0.5071,-0.0988,0.1308,-2.0126,-0.927,1.4429,-0.566
6927,NORTHEAST BANK,Northeast Bank Reports 900K Share Buyback,0,increase,0.8,0.7,,121,28,2.0,2019-10-23,75556.0,-4.503313452005386,-5.43046178706168,1.015450293561826,0.5378791596740484,2.0009119930580743,1.0815672344085536,0.9808,0.7053,0.4678,0.25,-0.09,0.26,0.007,0.85685,-3.4806,0.4973,1.3079,-3.8082,0.6634,0.851,0.5843,1.1321,1.164,0.2746
6935,NASDAQ INC,Nasdaq shares are trading higher after the company reported better-than-expected Q3 EPS and sales results.,0,increase,0.9,0.8,,128,28,2.0,2019-10-23,90601.0,-0.3158619161695242,-1.2338367859940802,-1.372025892062867,-0.3056265646591782,-0.7706368810316278,-0.4779835104461449,3.5254,3.2748,0.8286,0.25,-0.09,0.26,0.007,3.31125,-0.7151,-2.7955,-0.0741,0.206,0.941,-0.1576,-1.1164,-0.893,0.0427,1.1117
6943,NASDAQ INC,"Nasdaq Q3 Adj. EPS $1.27 Beats $1.21 Estimate, Sales $632M Beat $629.35M Estimate",0,increase,0.8,0.6,,137,28,2.0,2019-10-23,90601.0,-0.3158619161695242,-1.2338367859940802,-1.372025892062867,-0.3056265646591782,-0.7706368810316278,-0.4779835104461449,3.5254,3.2748,0.8286,0.25,-0.09,0.26,0.007,3.31125,-0.7151,-2.7955,-0.0741,0.206,0.941,-0.1576,-1.1164,-0.893,0.0427,1.1117
6951,NEXTERA ENERGY INC,"Wells Fargo Maintains Outperform on NextEra Energy, Raises Price Target to $260",0,increase,0.8,0.7,,132,28,2.0,2019-10-23,24205.0,0.6567809730768204,-0.2288107394351701,-3.605929879324388,1.4776642434298992,1.6173476461726732,2.2285729570780344,-0.1016,-0.1748,0.1978,0.25,-0.09,0.26,0.007,-0.15805,0.2594,-0.1778,-1.5534,0.0564,0.6878,1.0303,-0.8327,-2.331,-0.7903,-0.2194
6959,NEPTUNE WELLNESS SOLUTIONS INC,Neptune Wellness Solns Option Alert: Nov 15 $4 Puts Sweep (2) near the Bid: 4000 @ $0.7 vs 4270 OI; Earnings 11/12 After Close [est] Ref=$3.64,0,uncertain,0.6,0.4,,171,29,1.0,2019-10-23,92222.0,-4.891306161880493,-5.163044910862635,-7.065216931036233,-2.040821313858032,-4.815866185515272,-5.084747676175716,9.5238,9.4984,1.1891,0.25,-0.09,0.26,0.007,9.219525,-5.4713,-1.2565,-0.4284,-3.0722,1.7608,-3.168,-0.2835,0.5309,-1.229,2.6597
6967,NEWMARKET CORP,"NewMarket Q3 EPS $6.06 Beats $5.93 Estimate, Sales $555.82M Beat $540M Estimate",0,increase,0.8,0.7,,140,28,2.0,2019-10-23,42550.0,2.225186489522457,4.383660929195354,5.42308973170853,-0.2619198989123106,-1.50663228563237,-1.366318482860085,1.6894,1.6125,0.5827,0.25,-0.09,0.26,0.007,1.536725,1.9465,-1.1517,0.5922,2.0846,-0.4184,0.2485,-1.4085,-0.6441,1.2498,1.6046
6975,SERVICENOW INC,"ServiceNow Q3 Adj. EPS $1.03 Beats $0.88 Estimate, Adj. Sales $899.23M Beat $884.97M Estimate",0,increase,0.9,0.8,,144,28,2.0,2019-10-23,13447.0,8.076907694339752,13.608473549170627,9.69956437527124,-5.213780701160431,-6.032923222199715,-10.211946569584818,-3.6481,-3.6382,1.4204,0.25,-0.09,0.26,0.007,-4.0102,6.4662,0.8347,0.2149,-0.5726,1.614,-1.1878,2.0289,-1.4653,-0.9171,0.3011
6983,SERVICENOW INC,"What Mark Parker's Departure And John Donahoe's Arrival Means For Nike, ServiceNow",0,uncertain,0.7,0.5,,130,29,1.0,2019-10-23,13447.0,8.076907694339752,13.608473549170627,9.69956437527124,-5.213780701160431,-6.032923222199715,-10.211946569584818,-3.6481,-3.6382,1.4204,0.25,-0.09,0.26,0.007,-4.0102,6.4662,0.8347,0.2149,-0.5726,1.614,-1.1878,2.0289,-1.4653,-0.9171,0.3011
6991,SERVICENOW INC,"UPDATE: Deutsche Bank Maintains Buy On ServiceNow, Lowers Tgt To $260 Thinks 'the after-market decline in the stock had more to do with the perception of CEO transition risk than it did with the 3Q19 results and 4Q19 guide, which were generally in-line'",0,uncertain,0.7,0.5,,172,29,1.0,2019-10-23,13447.0,8.076907694339752,13.608473549170627,9.69956437527124,-5.213780701160431,-6.032923222199715,-10.211946569584818,-3.6481,-3.6382,1.4204,0.25,-0.09,0.26,0.007,-4.0102,6.4662,0.8347,0.2149,-0.5726,1.614,-1.1878,2.0289,-1.4653,-0.9171,0.3011
6999,SERVICENOW INC,"Deutsche Bank Earlier Maintained Buy on ServiceNow, Lowered Price Target to $260",0,uncertain,0.6,0.4,,129,29,1.0,2019-10-23,13447.0,8.076907694339752,13.608473549170627,9.69956437527124,-5.213780701160431,-6.032923222199715,-10.211946569584818,-3.6481,-3.6382,1.4204,0.25,-0.09,0.26,0.007,-4.0102,6.4662,0.8347,0.2149,-0.5726,1.614,-1.1878,2.0289,-1.4653,-0.9171,0.3011
7007,SERVICENOW INC,"UPDATE: Mizuho Downgrades ServiceNow To Neutral, Lowers Target To $230 As Firm Notes 'Could CEO Departure Portend Further Employee Attrition?'; Firm Worries 'that this development could accelerate this trend'",0,decrease,0.8,0.7,,156,29,0.0,2019-10-23,13447.0,8.076907694339752,13.608473549170627,9.69956437527124,-5.213780701160431,-6.032923222199715,-10.211946569584818,-3.6481,-3.6382,1.4204,0.25,-0.09,0.26,0.007,-4.0102,6.4662,0.8347,0.2149,-0.5726,1.614,-1.1878,2.0289,-1.4653,-0.9171,0.3011
7015,SERVICENOW INC,ServiceNow shares are trading lower after the company issued Q3 and FY19 guidance. Mizuho also downgraded the company's stock from Buy to Neutral and lowered the price target from $308 to $230.,0,decrease,0.8,0.9,,153,29,0.0,2019-10-23,13447.0,8.076907694339752,13.608473549170627,9.69956437527124,-5.213780701160431,-6.032923222199715,-10.211946569584818,-3.6481,-3.6382,1.4204,0.25,-0.09,0.26,0.007,-4.0102,6.4662,0.8347,0.2149,-0.5726,1.614,-1.1878,2.0289,-1.4653,-0.9171,0.3011
7023,SERVICENOW INC,ServiceNow Q3 Earnings Preview,0,uncertain,0.6,0.3,,118,29,1.0,2019-10-23,13447.0,8.076907694339752,13.608473549170627,9.69956437527124,-5.213780701160431,-6.032923222199715,-10.211946569584818,-3.6481,-3.6382,1.4204,0.25,-0.09,0.26,0.007,-4.0102,6.4662,0.8347,0.2149,-0.5726,1.614,-1.1878,2.0289,-1.4653,-0.9171,0.3011
7031,SERVICENOW INC,"Mizuho Downgrades ServiceNow to Neutral, Lowers Price Target to $230",0,decrease,0.8,0.7,,128,29,0.0,2019-10-23,13447.0,8.076907694339752,13.608473549170627,9.69956437527124,-5.213780701160431,-6.032923222199715,-10.211946569584818,-3.6481,-3.6382,1.4204,0.25,-0.09,0.26,0.007,-4.0102,6.4662,0.8347,0.2149,-0.5726,1.614,-1.1878,2.0289,-1.4653,-0.9171,0.3011
7039,NORFOLK SOUTHERN CORP,Norfolk Southern Shares Relatively Quiet On Uptick In Volume As Hearing Stock Downgraded To Neutral By Bank Of America,0,uncertain,0.7,0.5,,145,29,1.0,2019-10-23,64311.0,-0.9141572751104832,0.0649160405781001,4.91513932817349,1.4877298846840858,3.8755443810051697,2.8577647728997846,-2.1645,-2.5787,1.1186,0.25,-0.09,0.26,0.007,-2.45115,-0.8317,2.1886,-0.8783,-1.5061,0.1113,-0.5073,2.7774,0.3541,0.4317,-0.5203
7047,NORFOLK SOUTHERN CORP,"High Impact Snowstorm To Slam Rockies Tonight, Thursday",0,uncertain,0.6,0.3,,131,29,1.0,2019-10-23,64311.0,-0.9141572751104832,0.0649160405781001,4.91513932817349,1.4877298846840858,3.8755443810051697,2.8577647728997846,-2.1645,-2.5787,1.1186,0.25,-0.09,0.26,0.007,-2.45115,-0.8317,2.1886,-0.8783,-1.5061,0.1113,-0.5073,2.7774,0.3541,0.4317,-0.5203
7055,NORFOLK SOUTHERN CORP,Norfolk Southern shares are trading lower after the company reported worse-than-expected Q3 EPS and sales.,0,decrease,0.8,0.7,,141,29,0.0,2019-10-23,64311.0,-0.9141572751104832,0.0649160405781001,4.91513932817349,1.4877298846840858,3.8755443810051697,2.8577647728997846,-2.1645,-2.5787,1.1186,0.25,-0.09,0.26,0.007,-2.45115,-0.8317,2.1886,-0.8783,-1.5061,0.1113,-0.5073,2.7774,0.3541,0.4317,-0.5203
7063,NORFOLK SOUTHERN CORP,Coal And Intermodal Declines Put Pressure On Norfolk Southern's Profits,0,decrease,0.8,0.7,,135,29,0.0,2019-10-23,64311.0,-0.9141572751104832,0.0649160405781001,4.91513932817349,1.4877298846840858,3.8755443810051697,2.8577647728997846,-2.1645,-2.5787,1.1186,0.25,-0.09,0.26,0.007,-2.45115,-0.8317,2.1886,-0.8783,-1.5061,0.1113,-0.5073,2.7774,0.3541,0.4317,-0.5203
7071,NORFOLK SOUTHERN CORP,"Norfolk Southern Q3 EPS $2.49 Misses $2.58 Estimate, Sales $2.81B Miss $2.85B Estimate",0,decrease,0.8,0.6,,152,29,0.0,2019-10-23,64311.0,-0.9141572751104832,0.0649160405781001,4.91513932817349,1.4877298846840858,3.8755443810051697,2.8577647728997846,-2.1645,-2.5787,1.1186,0.25,-0.09,0.26,0.007,-2.45115,-0.8317,2.1886,-0.8783,-1.5061,0.1113,-0.5073,2.7774,0.3541,0.4317,-0.5203
7079,NETGEAR INC,Netgear Sees Q4 Sales $240M-$255M vs $296.39M Est.,0,decrease,0.8,0.3,,129,29,0.0,2019-10-23,89800.0,-14.934639632701874,-10.39215803227398,-10.588234747668055,-0.930230226367712,0.3770054088555685,0.1881510036652933,-4.2254,-4.2708,0.8309,0.25,-0.09,0.26,0.007,-4.440124999999999,-14.9639,1.1967,2.0243,-3.389,3.7575,-0.2833,-1.201,0.1439,-0.5181,1.3443
7087,NETGEAR INC,"Netgear Q3 Adj. EPS $0.65 Beats $0.6 Estimate, Sales $265.86M Miss $272.22M Estimate",0,uncertain,0.6,0.4,,140,29,1.0,2019-10-23,89800.0,-14.934639632701874,-10.39215803227398,-10.588234747668055,-0.930230226367712,0.3770054088555685,0.1881510036652933,-4.2254,-4.2708,0.8309,0.25,-0.09,0.26,0.007,-4.440124999999999,-14.9639,1.1967,2.0243,-3.389,3.7575,-0.2833,-1.201,0.1439,-0.5181,1.3443
7095,NORTHERN TRUST CORP,Northern Trust Q3 EPS $1.69 Beats $1.63 Estimate,0,increase,0.8,0.6,,132,28,2.0,2019-10-23,58246.0,0.1896913046948611,0.8686053507227065,5.840653305032872,0.6814699620008469,2.9890175587683254,3.9884884324707937,2.7177,2.1236,1.275,0.25,-0.09,0.26,0.007,2.3919499999999996,0.8522,0.3909,0.3939,-0.6028,-0.3665,-0.3629,-0.5943,0.4902,1.0895,0.4316
7103,NVIDIA CORP,NVIDIA shares are trading lower in sympathy with Texas Instruments after the company reported weak Q3 sales results and issued Q4 sales guidance below analyst estimates.,0,decrease,0.8,0.7,,136,29,0.0,2019-10-23,86580.0,0.9072757326066494,4.054540819309493,6.427807086277393,-0.2040681196376681,2.68780254069394,0.6794007004347291,-0.2658,-0.5858,1.9625,0.25,-0.09,0.26,0.007,-0.763425,0.171,2.7677,-0.3718,-1.5754,-0.7923,-0.2655,-1.1931,3.6968,-0.3505,-0.3523
7111,NORWOOD FINANCIAL CORP,Norwood Financial Q3 EPS $0.62 Up From $0.58 YoY,0,increase,0.8,0.2,,133,28,2.0,2019-10-23,85883.0,2.079998701810837,1.1200011365152696,7.104003904329659,-0.6428825203329325,1.3442618205818937,1.7110907521844076,1.1,0.9053,0.7545,0.25,-0.09,0.26,0.007,0.9043750000000002,2.3721,-3.3229,-0.3706,0.258,1.4646,-0.7039,7.2277,-1.6113,-1.279,1.2274
7119,OWENS CORNING NEW,"Owens-Corning Q3 EPS $1.36 Misses $1.5 Estimate, Sales $1.88B Beat $1.85B Estimate",0,uncertain,0.6,0.3,,144,29,1.0,2019-10-23,91531.0,0.3415730083361268,-0.3741047285596766,2.8952483846076404,-0.0945946259889751,0.6671932633976141,0.971957648085464,-2.9825,-3.3789,1.1103,0.25,-0.09,0.26,0.007,-3.267075,0.8823,0.7531,-0.1662,-1.9499,-0.5293,0.9335,-0.1031,0.2696,-0.9004,0.4186
7127,ONEOK INC NEW,"Raymond James Maintains Outperform on ONEOK, Lowers Price Target to $73",0,uncertain,0.6,0.3,,127,29,1.0,2019-10-23,25232.0,0.5358866415917873,-1.2974273307614692,1.0881978479268195,1.0488553903996944,1.6329550659643255,2.417363760057212,0.8247,0.4332,0.9965,0.25,-0.09,0.26,0.007,0.5685749999999999,0.6323,-0.1373,-0.9845,0.5689,-2.0991,0.2976,0.5163,1.3194,-0.2879,-1.6182
7135,OLD POINT FINL CORP,Old Point Financial Q3 EPS $0.43 Up From $0.32 YoY,0,increase,0.8,0.3,,131,28,2.0,2019-10-23,88183.0,0.456426152959466,0.5809103746918121,1.768879639963905,1.178433932363987,-0.4652581674768563,0.6802327942094788,-1.6146,-1.5853,-0.0209,0.25,-0.09,0.26,0.007,-1.616375,0.604,1.3267,-1.9151,-0.6888,1.2039,1.5436,-2.1265,3.2641,1.7653,-2.8638
7143,O REILLY AUTOMOTIVE INC NEW,"O'Reilly Sees Q4 EPS $4.12-$4.22 vs $4.19 Estimate; FY19 EPS $17.75-$17.85 vs $17.55 Est., Sales $10B-$10.3B vs $10.11B Est.",0,uncertain,0.7,0.5,,178,29,1.0,2019-10-23,79103.0,9.180333465337752,9.028038852856724,10.06166525344092,-0.5143258720636368,-0.6944489751632754,-1.6627009615511557,0.0325,-0.1268,0.6,0.25,-0.09,0.26,0.007,-0.1245,9.0793,-0.0254,0.4811,-1.6904,0.3253,-0.0927,-0.2263,-0.2669,-0.5681,1.619
7151,O REILLY AUTOMOTIVE INC NEW,"O'Reilly Automotive Q3 EPS $5.08 Beats $4.79 Estimate, Sales $2.67B Beat $2.64B Estimate",0,increase,0.8,0.7,,152,28,2.0,2019-10-23,79103.0,9.180333465337752,9.028038852856724,10.06166525344092,-0.5143258720636368,-0.6944489751632754,-1.6627009615511557,0.0325,-0.1268,0.6,0.25,-0.09,0.26,0.007,-0.1245,9.0793,-0.0254,0.4811,-1.6904,0.3253,-0.0927,-0.2263,-0.2669,-0.5681,1.619
7159,ORRSTOWN FINANCIAL SERVICES INC,Orrstown Finl Servs Q3 EPS $0.62 Up From $0.49 YoY,0,increase,0.8,0.7,,141,28,2.0,2019-10-23,92919.0,-3.820226341485977,-1.123595372549746,-3.47611526364755,-1.0158990509808064,1.5405535443463014,2.798168054292094,-0.714,-1.0093,0.8215,0.25,-0.09,0.26,0.007,-0.926375,-3.3899,1.3509,0.5416,-0.392,0.4504,-0.739,-0.233,-2.1757,1.0203,-2.3091
7167,OLD SECOND BANCORP INC,Old Second Bancorp Q3 EPS $0.40  Beats $0.31 Estimate,0,increase,0.8,0.7,,133,28,2.0,2019-10-23,79851.0,-2.2239869460463524,-2.6214519025523964,0.3992711923783698,1.4693902805447578,2.3887969917625984,2.1364028710882943,1.2872,0.9094,0.8459,0.25,-0.09,0.26,0.007,1.068725,-1.4783,-0.2591,0.1643,-0.9862,-0.1715,-0.5755,-0.5379,0.5748,0.644,0.3155
7175,PLAINS ALL AMERN PIPELINE L P,"Bank of America Reiterates Buy on Plains All American, Lowers Price Target to $25",0,uncertain,0.7,0.5,,138,29,1.0,2019-10-23,89858.0,-0.9389687329530716,-3.1298954703781523,-0.3104980914571453,-0.7704141084104776,-0.5661379960660073,0.9404404384146804,-0.7764,-1.1069,0.9012,0.25,-0.09,0.26,0.007,-1.0087,-0.7099,0.0553,-2.709,-0.7315,0.2569,0.1399,1.3645,1.4115,-1.5202,-0.5414
7183,PLAINS ALL AMERN PIPELINE L P,"Raymond James Maintains Strong Buy on Plains All American, Lowers Price Target to $27",0,uncertain,0.6,0.3,,138,29,1.0,2019-10-23,89858.0,-0.9389687329530716,-3.1298954703781523,-0.3104980914571453,-0.7704141084104776,-0.5661379960660073,0.9404404384146804,-0.7764,-1.1069,0.9012,0.25,-0.09,0.26,0.007,-1.0087,-0.7099,0.0553,-2.709,-0.7315,0.2569,0.1399,1.3645,1.4115,-1.5202,-0.5414
7191,PROSPERITY BANCSHARES INC,Prosperity Bancshares Q3 EPS $1.19 Beats $1.18 Estimate,0,increase,0.8,0.6,,141,28,2.0,2019-10-23,86432.0,-0.8789640851318836,-3.0561117751197964,-2.9614536317102313,0.4491223953664303,1.0875658349030592,2.3891246394678767,3.3254,2.7898,1.0513,0.25,-0.09,0.26,0.007,3.055575,0.0808,-1.0232,-0.3687,-0.9721,-0.5585,-2.6615,0.7338,-2.2316,0.1834,0.2783
7199,P G & E CORP,"PG&E Moving Forward With Public Safety Power Shutoff In Portions Of 17 Counties In Sierra Foothills, North Bay, Small Parts Of San Mateo And Kern Counties",0,uncertain,0.6,0.4,,147,29,1.0,2019-10-23,13688.0,-12.195122241973875,-25.12194969309409,-15.60975162800321,0.7462739013135433,4.381445196386369,3.448281774930062,1.2346,0.8638,0.9765,0.25,-0.09,0.26,0.007,0.983475,-11.9477,-31.1793,-24.5205,32.1773,22.7463,1.0589,2.7803,12.0327,9.736,-13.5212
7207,PRECISION DRILLING CORP,Precision Drilling shares are trading lower after ScotiaBank downgraded the stock from Sector Perform to Sector Underperform.,0,decrease,0.8,0.7,,136,29,0.0,2019-10-23,90999.0,-0.9433954022824764,0.9434064373470274,2.8301972373567574,-1.8181800842285156,1.8868019882955167,2.8571515715794416,-1.8519,-2.5632,1.5995,0.25,-0.09,0.26,0.007,-2.258775,0.2655,8.2685,-0.9848,-3.5067,-2.8303,-0.2648,2.0287,1.6704,-2.6783,-3.8312
7215,PRECISION DRILLING CORP,ScotiaBank Downgrades Precision Drilling to Sector Underperform,0,decrease,0.8,0.7,,128,29,0.0,2019-10-23,90999.0,-0.9433954022824764,0.9434064373470274,2.8301972373567574,-1.8181800842285156,1.8868019882955167,2.8571515715794416,-1.8519,-2.5632,1.5995,0.25,-0.09,0.26,0.007,-2.258775,0.2655,8.2685,-0.9848,-3.5067,-2.8303,-0.2648,2.0287,1.6704,-2.6783,-3.8312
7223,PUBLIC SERVICE ENTERPRISE GP INC,"Mizuho Maintains Buy on Public Service Enterprise, Raises Price Target to $64",0,increase,0.9,0.8,,132,28,2.0,2019-10-23,23712.0,0.733183091506362,0.7809976301162314,-1.2910443942464769,0.0160367751959711,0.1444857179043746,0.5318321258607428,0.5771,0.4623,0.3034,0.25,-0.09,0.26,0.007,0.4942499999999999,0.4281,-0.4646,-1.219,0.3996,1.122,0.051,-0.5288,-0.7887,-0.6557,-0.3357
7231,PROCTER & GAMBLE CO,"UBS Maintains Neutral on Procter & Gamble, Raises Price Target to $126",0,increase,0.8,0.7,,133,28,2.0,2019-10-23,18163.0,1.455285307019949,1.5772378012199884,-2.178862150594985,2.6032906025648117,4.009533516622543,4.758641162985855,0.6711,0.4812,0.4957,0.25,-0.09,0.26,0.007,0.5401750000000001,1.1419,-1.3063,0.0155,0.369,0.6595,-0.331,-0.7596,-4.0071,0.0803,0.7436
7239,PROCTER & GAMBLE CO,"Wells Fargo Maintains Outperform on Procter & Gamble, Raises Price Target to $136",0,increase,0.8,0.7,,135,28,2.0,2019-10-23,18163.0,1.455285307019949,1.5772378012199884,-2.178862150594985,2.6032906025648117,4.009533516622543,4.758641162985855,0.6711,0.4812,0.4957,0.25,-0.09,0.26,0.007,0.5401750000000001,1.1419,-1.3063,0.0155,0.369,0.6595,-0.331,-0.7596,-4.0071,0.0803,0.7436
7247,PROCTER & GAMBLE CO,"JP Morgan Maintains Overweight on Procter & Gamble, Raises Price Target to $139",0,increase,0.8,0.7,,134,28,2.0,2019-10-23,18163.0,1.455285307019949,1.5772378012199884,-2.178862150594985,2.6032906025648117,4.009533516622543,4.758641162985855,0.6711,0.4812,0.4957,0.25,-0.09,0.26,0.007,0.5401750000000001,1.1419,-1.3063,0.0155,0.369,0.6595,-0.331,-0.7596,-4.0071,0.0803,0.7436
7255,PULTE GROUP INC,"Wells Fargo Maintains Market Perform on PulteGroup, Raises Price Target to $42",0,increase,0.8,0.7,,130,28,2.0,2019-10-23,54148.0,3.012796677649021,-0.6527796818595166,-2.5106702922553237,3.246927633881569,2.9503943343002215,3.1119208018924427,1.0145,0.9086,0.539,0.25,-0.09,0.26,0.007,0.87275,2.8831,-1.8931,-2.7945,-1.1864,1.3068,-0.5856,1.3735,-4.8336,0.3656,1.676
7263,POLARIS INC,"Raymond James Maintains Strong Buy on Polaris, Raises Price Target to $117",0,increase,0.8,0.7,,126,28,2.0,2019-10-23,75182.0,-0.8950487710535526,-0.2262179405623898,0.0393437067339075,10.897154361009598,11.901080506793903,13.162890658738323,0.3058,-0.2315,1.517,0.25,-0.09,0.26,0.007,-0.0804499999999999,-0.0999,-0.5553,-1.4359,0.0721,0.8982,-1.4713,-2.5583,-0.0329,1.5245,-0.8031
7271,POLARIS INC,"Wedbush Maintains Outperform on Polaris, Raises Price Target to $110",0,increase,0.8,0.7,,126,28,2.0,2019-10-23,75182.0,-0.8950487710535526,-0.2262179405623898,0.0393437067339075,10.897154361009598,11.901080506793903,13.162890658738323,0.3058,-0.2315,1.517,0.25,-0.09,0.26,0.007,-0.0804499999999999,-0.0999,-0.5553,-1.4359,0.0721,0.8982,-1.4713,-2.5583,-0.0329,1.5245,-0.8031
7279,PARKE BANCORP INC,Parke Bancorp Q3 EPS $0.71 Up From $0.56 YoY,0,increase,0.8,0.2,,134,28,2.0,2019-10-23,89573.0,2.7507470920681953,1.523489721273097,1.396529544511682,-0.5163465160876513,1.4035159237267392,0.8726037748182147,2.2059,1.9277,0.6743,0.25,-0.09,0.26,0.007,2.030325,3.3479,-1.417,0.118,-0.7822,0.1842,0.8956,-0.9419,-0.7808,-0.2261,-1.1833
7287,PLEXUS CORP,"Plexus Q4 EPS $0.93 Beats $0.85 Estimate, Sales $810M Beat $776.02M Estimate",0,increase,0.8,0.7,,139,28,2.0,2019-10-23,10032.0,8.461187034845352,12.061361700838669,14.446292018882346,1.06531186029315,1.677542556030942,1.15901718316338,0.5652,0.2674,1.0698,0.25,-0.09,0.26,0.007,0.29075,8.7549,0.4546,1.4619,-1.7841,1.6798,0.9452,-1.3796,-1.5349,2.049,0.6164
7295,PENTAIR PLC,Pentair shares are trading higher after the company reported better-than-expected Q3 EPS results.,0,increase,0.8,0.7,,128,28,2.0,2019-10-23,13586.0,0.313472980633378,0.7716414128521754,3.520614971302871,0.9999983943998814,2.1789887481140413,2.4180975625082146,5.2805,4.9193,1.1139,0.25,-0.09,0.26,0.007,4.995025,0.5971,-1.6343,0.004,0.3334,0.4043,0.0114,0.3271,-0.3143,0.6231,-0.2271
7303,PENTAIR PLC,Pentair Sees Q4 Adj. EPS $0.64-$0.66 vs $0.66 Est.,0,decrease,0.8,0.5,,133,29,0.0,2019-10-23,13586.0,0.313472980633378,0.7716414128521754,3.520614971302871,0.9999983943998814,2.1789887481140413,2.4180975625082146,5.2805,4.9193,1.1139,0.25,-0.09,0.26,0.007,4.995025,0.5971,-1.6343,0.004,0.3334,0.4043,0.0114,0.3271,-0.3143,0.6231,-0.2271
7311,PENTAIR PLC,Pentair Reaffirms FY19 Adj. EPS Guidance Of ~$2.35 vs $2.33 Est.,0,increase,0.8,0.6,,133,28,2.0,2019-10-23,13586.0,0.313472980633378,0.7716414128521754,3.520614971302871,0.9999983943998814,2.1789887481140413,2.4180975625082146,5.2805,4.9193,1.1139,0.25,-0.09,0.26,0.007,4.995025,0.5971,-1.6343,0.004,0.3334,0.4043,0.0114,0.3271,-0.3143,0.6231,-0.2271
7319,PENTAIR PLC,"Pentair Q3 Adj. EPS $0.58 Beats $0.55 Estimate, Sales $714M Miss $718.86M Estimate",0,uncertain,0.6,0.4,,139,29,1.0,2019-10-23,13586.0,0.313472980633378,0.7716414128521754,3.520614971302871,0.9999983943998814,2.1789887481140413,2.4180975625082146,5.2805,4.9193,1.1139,0.25,-0.09,0.26,0.007,4.995025,0.5971,-1.6343,0.004,0.3334,0.4043,0.0114,0.3271,-0.3143,0.6231,-0.2271
7327,INSULET CORP,"Stifel Initiates Coverage On Insulet with Hold Rating, Announces $163 Price Target",0,uncertain,0.6,0.4,,130,29,1.0,2019-10-23,92050.0,1.9523520022630692,0.3413202548729455,9.215645468826072,-1.9560759887099264,-1.8667948053270988,-3.5851231912649606,-2.9032,-2.7387,0.8447,0.25,-0.09,0.26,0.007,-3.121375,0.5581,-2.7247,-0.0307,0.5875,-1.7535,-1.3589,0.9086,0.9526,0.0174,11.0465
7335,P P L CORP,Macquarie Upgrades PPL to Neutral,0,increase,0.8,0.6,,120,28,2.0,2019-10-23,22517.0,-0.1506908913142979,0.3315268230928092,0.3918054778551116,0.2756512956693768,2.2166810554089533,2.0255579318466443,1.3439,1.1534,0.3326,0.25,-0.09,0.26,0.007,1.25375,-0.0975,0.1569,-0.9455,0.0922,1.0454,0.7554,-0.146,-0.756,0.2903,-1.0156
7343,PERFICIENT INC,"Perficient Reports Partnership With Dallas Mavericks Whereby Co. to Receive Variety Of Marketing, Corporate Engagement Benefits, No Terms Disclosed",0,uncertain,0.6,0.3,,133,29,1.0,2019-10-23,87086.0,1.048771757632494,3.2511847174818476,-0.0524391985344596,-0.2626700093969702,-0.3934882291492747,-1.6576000834411797,0.4477,0.294,0.8953,0.25,-0.09,0.26,0.007,0.2168749999999999,0.8002,-0.6212,1.2163,5.0274,-4.6712,-0.0405,-1.3674,-4.2052,2.1849,-0.2413
7351,PERRIGO CO PLC,"Perrigo Company Issues Voluntary Worldwide Recall Of Ranitidine Due To Possible Presence Of Impurity, N-nitrosodimethylamine (NDMA) Impurity In The product",0,decrease,0.8,0.9,,149,29,0.0,2019-10-23,77182.0,-0.6623676046729088,-1.2143511400150464,-7.065317829974315,0.4266361240297556,0.4452650254568535,-0.4596433650100873,0.3879,0.0482,1.2271,0.25,-0.09,0.26,0.007,0.074125,-0.3512,-0.8333,-1.0573,-0.1506,-0.2469,-0.3434,0.7981,-2.5051,0.2291,-6.0139
7359,P T C INC,"PTC Q4 EPS $0.64 Beats $0.45 Estimate, Sales $335.004M Beat $333.86M Estimate",0,increase,0.9,0.8,,138,28,2.0,2019-10-23,75912.0,4.574671387672424,-0.104648976307986,7.295556238473089,-0.2722327597439289,2.423120910911991,2.311878276470214,1.4407,1.2701,1.3371,0.25,-0.09,0.26,0.007,1.099425,3.8981,-3.8975,-1.5469,-4.4137,3.1782,0.4586,2.9008,1.8905,3.586,-1.4689
7367,P T C INC,PTC To Purchase Onshape For $470M,0,uncertain,0.6,0.3,,119,29,1.0,2019-10-23,75912.0,4.574671387672424,-0.104648976307986,7.295556238473089,-0.2722327597439289,2.423120910911991,2.311878276470214,1.4407,1.2701,1.3371,0.25,-0.09,0.26,0.007,1.099425,3.8981,-3.8975,-1.5469,-4.4137,3.1782,0.4586,2.9008,1.8905,3.586,-1.4689
7375,PAPA JOHNS INTL INC,CL King Initiates Coverage On Papa John's International with Buy Rating,0,increase,0.8,0.7,,130,28,2.0,2019-10-23,79299.0,1.4896572567522526,3.4349789796196406,7.150364703329526,0.796038843691349,4.49294108577285,2.8891267404841825,0.1404,0.1096,0.4676,0.25,-0.09,0.26,0.007,0.0164999999999999,1.3195,-1.2122,0.4449,2.5343,-0.8409,-0.5445,-1.5327,-1.1802,-0.1529,7.3501
7383,QUALCOMM INC,"Qualcomm To Report Q4 Earnings On Wed., Nov. 6, 2019 After Market Close",0,uncertain,0.6,0.3,,129,29,1.0,2019-10-23,77178.0,2.2656654939055443,5.437603158230875,9.56758102002262,-0.6457357667386532,1.0169939854825172,-0.6331518499914424,-1.5675,-1.9033,1.0515,0.25,-0.09,0.26,0.007,-1.837375,2.361,0.8628,2.9751,-1.7791,-0.1086,-0.6442,2.3908,0.8972,0.2504,-0.8635
7391,RESTAURANT BRANDS INTL INC,Restaurant Brands Intl Option Alert: Nov 15 $70 Calls Sweep (46) near the Ask: 1034 @ $1.109 vs 2696 OI; Earnings 10/28 Before Open Ref=$67.42,0,increase,0.8,0.7,,167,28,2.0,2019-10-23,15113.0,1.5463849529623983,-3.5346117582422343,-3.063330897072236,-2.653203159570694,-2.3292832270148223,-2.737359819294616,0.5777,0.5478,0.476,0.25,-0.09,0.26,0.007,0.4517,1.0246,-0.9154,-4.1688,-1.2145,0.3124,-0.1137,-0.5113,-0.2355,1.4195,0.3232
7399,RESTAURANT BRANDS INTL INC,Restaurant Brands Intl Option Alert: Jan 17 $80 Calls Sweep (43) near the Ask: 734 @ $0.3 vs 1857 OI; Earnings 10/28 Before Open Ref=$67.2403,0,increase,0.8,0.7,,167,28,2.0,2019-10-23,15113.0,1.5463849529623983,-3.5346117582422343,-3.063330897072236,-2.653203159570694,-2.3292832270148223,-2.737359819294616,0.5777,0.5478,0.476,0.25,-0.09,0.26,0.007,0.4517,1.0246,-0.9154,-4.1688,-1.2145,0.3124,-0.1137,-0.5113,-0.2355,1.4195,0.3232
7407,ROGERS COMMUNICATIONS INC,"Rogers Communications Q3 EPS $1.19 May Not Compare To $0.6 Estimate, Sales $3.75B May Not Compare To $2.76B Estimate",0,increase,0.8,0.9,,152,28,2.0,2019-10-23,78405.0,-1.1349091306328771,0.3426121691733508,2.0985001625359656,0.1184159773401916,1.969848261963114,2.360770992258998,-7.944,-8.0264,0.2188,0.25,-0.09,0.26,0.007,-8.0057,-1.1775,1.3029,1.1735,-1.062,-0.1645,0.5836,-0.3662,-0.5799,0.5797,1.2221
7415,ROCKY BRANDS INC,"Rocky Brands Q3 EPS $0.75 Beats $0.63 Estimate, Sales $67.18M Miss $68.2M Estimate",0,uncertain,0.6,0.4,,141,29,1.0,2019-10-23,78908.0,-15.368297696113586,-16.550472244414106,-7.426494987319043,-2.121214382350445,-3.1484235738252875,-2.0915501079143084,2.1362,1.8496,0.7298,0.25,-0.09,0.26,0.007,1.94675,-14.8677,-1.0312,0.255,-1.3176,-0.0454,1.7843,-1.079,1.3421,2.0719,4.1338
7423,R P C INC,RPC shares are trading lower after the company reported worse-than-expected Q3 sales and announce a year-over-year drop in EPS.,0,decrease,0.8,0.7,,134,29,0.0,2019-10-23,66683.0,0.4319650121033191,-10.151193816699466,-6.695463604175178,2.0040158182382584,10.412147320515697,11.868130257221576,-9.0373,-9.5265,1.0752,0.25,-0.09,0.26,0.007,-9.3131,2.005,2.1809,-7.3313,0.0952,-6.6378,1.1141,-0.2293,2.1603,-2.7359,-0.6442
7431,R P C INC,"RPC Q3 Adj. EPS $(0.08) Down From $0.19 YoY, Sales $293.2M Miss $342.99M Estimate",0,decrease,0.8,0.7,,142,29,0.0,2019-10-23,66683.0,0.4319650121033191,-10.151193816699466,-6.695463604175178,2.0040158182382584,10.412147320515697,11.868130257221576,-9.0373,-9.5265,1.0752,0.25,-0.09,0.26,0.007,-9.3131,2.005,2.1809,-7.3313,0.0952,-6.6378,1.1141,-0.2293,2.1603,-2.7359,-0.6442
7439,ROBERT HALF INTERNATIONAL INC,"Robert Half International Q3 EPS $0.95 Misses $1 Estimate, Sales $1.552B Beat $1.55B Estimate",0,uncertain,0.6,0.3,,140,29,1.0,2019-10-23,52230.0,3.918415680527687,3.9899795744074984,4.186795766392759,0.0178801157744601,1.5610829451426778,2.7359560791867965,-0.1072,-0.4764,1.3363,0.25,-0.09,0.26,0.007,-0.448275,4.1029,-1.1787,1.3234,-0.9458,-0.7714,-0.6676,0.5167,-1.7674,-0.368,0.3906
7447,RIGEL PHARMACEUTICALS INC,Rigel Pharmaceuticals Provides Business Update Prior To Investor & Analyst Call,0,uncertain,0.6,0.3,,133,29,1.0,2019-10-23,88810.0,17.142854630947113,22.285720795087748,20.571423434898904,0.595244625583291,3.3639185287035467,5.625002090179554,3.5503,3.4463,1.4784,0.25,-0.09,0.26,0.007,3.1736999999999997,17.0197,1.133,8.3789,-6.2613,-1.6304,-3.3223,3.0958,-0.4705,0.6624,-0.9784
7455,RENASANT CORP,Sandler O'Neill Downgrades Renasant to Hold,0,decrease,0.8,0.7,,123,29,0.0,2019-10-23,77526.0,0.2343345899134874,3.2806060911490187,4.452256830128354,-2.1430572494864464,-2.374009640729291,-2.3604513445081077,-2.901,-3.4133,1.1714,0.25,-0.09,0.26,0.007,-3.20085,1.207,-0.8867,1.524,0.1038,1.1934,-0.4404,-1.1996,-0.7194,-0.8201,0.8049
7463,RETAIL OPPORTUNITY INVST CORP,Capital One Financial Upgrades Retail Opportunity Inv to Overweight,0,increase,0.9,0.8,,130,28,2.0,2019-10-23,92343.0,-0.9483682923018932,-0.7903035627629174,-3.1612243738791457,0.2115331357344985,2.487836661307652,3.1012058119168184,0.1583,0.0109,0.5609,0.25,-0.09,0.26,0.007,0.011075,-1.0436,-0.231,-0.7862,-0.7406,1.1711,-0.6643,-0.2548,-0.9679,-1.2797,0.328
7471,ROLLINS INC,Rollins shares are trading higher after the company reported better-than-expected Q3 sales results.,0,increase,0.8,0.7,,127,28,2.0,2019-10-23,36003.0,0.1816758303903043,-1.0641055531213417,-0.2854934268119669,-1.7476772889494896,0.0556186251698953,0.9823139377422409,7.0873,6.8931,0.7456,0.25,-0.09,0.26,0.007,6.8939,-0.061,-0.9075,-1.4497,0.5984,-0.4426,0.2179,0.6993,-0.3866,0.1986,-0.7141
7479,ROLLINS INC,"Rollins Q3 Adj. EPS $0.22, Inline, Sales $556.466M Beat $547.97M Estimate",0,increase,0.8,0.7,,136,28,2.0,2019-10-23,36003.0,0.1816758303903043,-1.0641055531213417,-0.2854934268119669,-1.7476772889494896,0.0556186251698953,0.9823139377422409,7.0873,6.8931,0.7456,0.25,-0.09,0.26,0.007,6.8939,-0.061,-0.9075,-1.4497,0.5984,-0.4426,0.2179,0.6993,-0.3866,0.1986,-0.7141
7487,RANGE RESOURCES CORP,Range Resources Q3 EPS $(0.07) Beats $(0.1) Estimate,0,increase,0.8,0.5,,128,28,2.0,2019-10-23,50017.0,-0.7812492549419403,5.208334560634986,18.229168538543348,-1.574801653623581,1.9021720662604211,-1.3157881732790755,2.4,1.5649,1.6388,0.25,-0.09,0.26,0.007,1.9833,1.4928,9.0668,-2.0896,5.4735,-6.6381,2.1009,0.3748,6.0069,-4.7244,1.2313
7495,RUSH ENTERPRISES INC,Rush Enterprises shares are trading lower despite the company reporting better-than-expected Q3 EPS and sales results.,0,uncertain,0.6,0.4,,134,29,1.0,2019-10-23,89455.0,-0.2964000683277845,0.980392838297628,2.302777776906706,3.862873837351799,7.40232195636068,8.636368778328652,1.9526,1.6203,0.831,0.25,-0.09,0.26,0.007,1.73785,0.5923,-0.2589,1.3151,-0.0082,-0.7574,-0.3283,-1.7354,1.6775,0.3836,-1.452
7503,RUSH ENTERPRISES INC,"Rush Enterprises Q3 EPS $1.05 Beats $1.01 Estimate, Sales $1.599B Beat $1.49B Estimate",0,increase,0.8,0.7,,143,28,2.0,2019-10-23,89455.0,-0.2964000683277845,0.980392838297628,2.302777776906706,3.862873837351799,7.40232195636068,8.636368778328652,1.9526,1.6203,0.831,0.25,-0.09,0.26,0.007,1.73785,0.5923,-0.2589,1.3151,-0.0082,-0.7574,-0.3283,-1.7354,1.6775,0.3836,-1.452
7511,SPIRIT AIRLINES INC,Spirit Airlines shares are trading higher after the company reported better-than-expected Q3 EPS and sales results.,0,increase,0.8,0.7,,135,28,2.0,2019-10-23,12796.0,-1.298017706722021,-0.1589442450213862,3.814565731169872,-1.7159489914774897,1.2234931999965948,1.251017406010968,1.3967,1.1198,1.2257,0.25,-0.09,0.26,0.007,1.0832750000000002,-1.3006,0.9474,-0.3702,-2.6978,1.5187,0.3267,-0.3532,0.4157,0.982,1.1509
7519,SPIRIT AIRLINES INC,"Spirit Airlines, Inc. Q3 Adj. EPS $1.32 Beats $1.23 Estimate, Sales $992M Beat $986.9M Estimate",0,increase,0.8,0.6,,147,28,2.0,2019-10-23,12796.0,-1.298017706722021,-0.1589442450213862,3.814565731169872,-1.7159489914774897,1.2234931999965948,1.251017406010968,1.3967,1.1198,1.2257,0.25,-0.09,0.26,0.007,1.0832750000000002,-1.3006,0.9474,-0.3702,-2.6978,1.5187,0.3267,-0.3532,0.4157,0.982,1.1509
7527,SPIRIT AIRLINES INC,Boeing Shares Unaffected As Hearing Spirit Air Is Close To Deal For As Many As 100 Airbus A320-Family Jets,0,decrease,0.8,0.7,,140,29,0.0,2019-10-23,12796.0,-1.298017706722021,-0.1589442450213862,3.814565731169872,-1.7159489914774897,1.2234931999965948,1.251017406010968,1.3967,1.1198,1.2257,0.25,-0.09,0.26,0.007,1.0832750000000002,-1.3006,0.9474,-0.3702,-2.6978,1.5187,0.3267,-0.3532,0.4157,0.982,1.1509
7535,STEPAN CO,"Stepan Q3 EPS $1.11 Misses $1.14 Estimate, Sales $451.58M Miss $489.4M Estimate",0,decrease,0.8,0.7,,137,29,0.0,2019-10-23,36898.0,-0.5852817092090845,3.741640770405863,3.302671525257317,-1.0513190180063248,-0.2413719819267856,-0.1260798021478715,0.6522,0.3686,0.9627,0.25,-0.09,0.26,0.007,0.404525,-0.2948,1.3855,0.6441,0.576,0.3506,-0.7983,-1.6512,-0.4424,1.1034,-0.4091
7543,S E I INVESTMENTS CO,"SEI Investments Q3 EPS $0.86 Beats $0.83 Estimate, Sales $416.25M Beat $415.52M Estimate",0,increase,0.8,0.6,,145,28,2.0,2019-10-23,68196.0,4.276489466428757,6.423460153193172,9.25117684417538,-1.9112609326839447,-2.078366523542108,-1.9447276577393424,-0.3305,-0.7259,1.1835,0.25,-0.09,0.26,0.007,-0.633375,4.4391,-0.96,0.0201,0.9895,0.6154,-1.0249,0.144,0.8751,0.35,0.0614
7551,SUPERIOR GROUP OF COMPANIES INC,"Superior Group Q3 EPS $0.26 Beats $0.25 Estimate, Sales $89.466M Miss $96.66M Estimate",0,uncertain,0.6,0.5,,147,29,1.0,2019-10-23,47861.0,-1.3341806828975675,-3.36721543492956,3.240154225505143,2.149179205298424,4.190842095820857,1.6991786300393663,-2.599,-2.86,0.7975,0.25,-0.09,0.26,0.007,-2.805375,-0.9267,-5.753,-0.8603,0.4532,3.2274,-4.2083,4.4207,2.1611,0.6953,2.0913
7559,SHERWIN WILLIAMS CO,"UBS Maintains Neutral on Sherwin-Williams, Raises Price Target to $570",0,increase,0.8,0.7,,132,28,2.0,2019-10-23,36468.0,1.8053794279694555,3.9654504624966336,2.0164214090628185,2.9941393062472343,1.0751398089962727,1.132842716061888,-0.5327,-0.7295,0.813,0.25,-0.09,0.26,0.007,-0.74295,1.5106,-0.2396,0.0747,0.7555,0.4086,-2.118,0.4921,-1.7062,-0.976,1.8237
7567,SHERWIN WILLIAMS CO,"Bank of America Reiterates Buy on Sherwin-Williams, Raises Price Target to $630",0,increase,0.9,0.8,,134,28,2.0,2019-10-23,36468.0,1.8053794279694555,3.9654504624966336,2.0164214090628185,2.9941393062472343,1.0751398089962727,1.132842716061888,-0.5327,-0.7295,0.813,0.25,-0.09,0.26,0.007,-0.74295,1.5106,-0.2396,0.0747,0.7555,0.4086,-2.118,0.4921,-1.7062,-0.976,1.8237
7575,SHERWIN WILLIAMS CO,"UPDATE: Deutsche Bank Maintains Buy On Sherwin-Williams, Raises Tgt To $640 Notes '8% SSS Growth in US/Canada Paint Stores Highlights Q3 Beat'; Notes 'With customer backlogs for the remainder of the year, we expect another strong SSS performance in Q4'",0,increase,0.8,0.7,,175,28,2.0,2019-10-23,36468.0,1.8053794279694555,3.9654504624966336,2.0164214090628185,2.9941393062472343,1.0751398089962727,1.132842716061888,-0.5327,-0.7295,0.813,0.25,-0.09,0.26,0.007,-0.74295,1.5106,-0.2396,0.0747,0.7555,0.4086,-2.118,0.4921,-1.7062,-0.976,1.8237
7583,SHERWIN WILLIAMS CO,"Deutsche Bank Earlier Maintained Buy on Sherwin-Williams, Raised Price Target to $640",0,increase,0.8,0.7,,134,28,2.0,2019-10-23,36468.0,1.8053794279694555,3.9654504624966336,2.0164214090628185,2.9941393062472343,1.0751398089962727,1.132842716061888,-0.5327,-0.7295,0.813,0.25,-0.09,0.26,0.007,-0.74295,1.5106,-0.2396,0.0747,0.7555,0.4086,-2.118,0.4921,-1.7062,-0.976,1.8237
7591,SHERWIN WILLIAMS CO,"UPDATE: Buckingham On Sherwin-Williams Also Notes 'However, the strong beat implies reduction in 4Q19 EPS estimate and headwinds in international paint and global industrial coatings look to continue if not intensify over the next 3-6 months'",0,decrease,0.8,0.7,,166,29,0.0,2019-10-23,36468.0,1.8053794279694555,3.9654504624966336,2.0164214090628185,2.9941393062472343,1.0751398089962727,1.132842716061888,-0.5327,-0.7295,0.813,0.25,-0.09,0.26,0.007,-0.74295,1.5106,-0.2396,0.0747,0.7555,0.4086,-2.118,0.4921,-1.7062,-0.976,1.8237
7599,SHERWIN WILLIAMS CO,"UPDATE: Buckingham Maintains Neutral On Sherwin Williams, Raises Target To $515 'On Stronger Store Growth'",0,increase,0.8,0.7,,137,28,2.0,2019-10-23,36468.0,1.8053794279694555,3.9654504624966336,2.0164214090628185,2.9941393062472343,1.0751398089962727,1.132842716061888,-0.5327,-0.7295,0.813,0.25,-0.09,0.26,0.007,-0.74295,1.5106,-0.2396,0.0747,0.7555,0.4086,-2.118,0.4921,-1.7062,-0.976,1.8237
7607,SHERWIN WILLIAMS CO,"Credit Suisse Maintains Outperform on Sherwin-Williams, Raises Price Target to $610",0,increase,0.8,0.7,,134,28,2.0,2019-10-23,36468.0,1.8053794279694555,3.9654504624966336,2.0164214090628185,2.9941393062472343,1.0751398089962727,1.132842716061888,-0.5327,-0.7295,0.813,0.25,-0.09,0.26,0.007,-0.74295,1.5106,-0.2396,0.0747,0.7555,0.4086,-2.118,0.4921,-1.7062,-0.976,1.8237
7615,SHERWIN WILLIAMS CO,"JP Morgan Maintains Neutral on Sherwin-Williams, Raises Price Target to $560",0,increase,0.8,0.7,,132,28,2.0,2019-10-23,36468.0,1.8053794279694555,3.9654504624966336,2.0164214090628185,2.9941393062472343,1.0751398089962727,1.132842716061888,-0.5327,-0.7295,0.813,0.25,-0.09,0.26,0.007,-0.74295,1.5106,-0.2396,0.0747,0.7555,0.4086,-2.118,0.4921,-1.7062,-0.976,1.8237
7623,SHERWIN WILLIAMS CO,"Buckingham Maintains Neutral on Sherwin-Williams, Raises Price Target to $515",0,increase,0.8,0.7,,133,28,2.0,2019-10-23,36468.0,1.8053794279694555,3.9654504624966336,2.0164214090628185,2.9941393062472343,1.0751398089962727,1.132842716061888,-0.5327,-0.7295,0.813,0.25,-0.09,0.26,0.007,-0.74295,1.5106,-0.2396,0.0747,0.7555,0.4086,-2.118,0.4921,-1.7062,-0.976,1.8237
7631,SHERWIN WILLIAMS CO,"Morgan Stanley Maintains Overweight on Sherwin-Williams, Raises Price Target to $650",0,increase,0.9,0.8,,134,28,2.0,2019-10-23,36468.0,1.8053794279694555,3.9654504624966336,2.0164214090628185,2.9941393062472343,1.0751398089962727,1.132842716061888,-0.5327,-0.7295,0.813,0.25,-0.09,0.26,0.007,-0.74295,1.5106,-0.2396,0.0747,0.7555,0.4086,-2.118,0.4921,-1.7062,-0.976,1.8237
7639,SHERWIN WILLIAMS CO,"Wells Fargo Maintains Outperform on Sherwin-Williams, Raises Price Target to $650",0,increase,0.8,0.7,,134,28,2.0,2019-10-23,36468.0,1.8053794279694555,3.9654504624966336,2.0164214090628185,2.9941393062472343,1.0751398089962727,1.132842716061888,-0.5327,-0.7295,0.813,0.25,-0.09,0.26,0.007,-0.74295,1.5106,-0.2396,0.0747,0.7555,0.4086,-2.118,0.4921,-1.7062,-0.976,1.8237
7647,SIX FLAGS ENTERTAINMENT CORP,These Analysts Think Six Flags Stock Is Still Worth The Ride,0,uncertain,0.6,0.3,,129,29,1.0,2019-10-23,93423.0,-1.6265586018562317,-4.879684374392934,-2.2058861598727497,-1.2909479439258575,-0.2919454359001538,0.3919277186479331,-12.3951,-12.5422,0.8366,0.25,-0.09,0.26,0.007,-12.611249999999998,-2.0029,-2.7289,0.2589,-0.3099,-1.8286,-0.9496,-2.2328,2.1476,1.9748,1.5685
7655,SKECHERS U S A INC,"UPDATE: Morgan Stanley Maintains Equal-Weight On Sketchers, Raises Target To $35 As Firm Notes Co's 'EBIT margin direction remains the key investor question'; Firm Maintains Equal-Weight 'for now as we seek confidence in future margin direction'",0,uncertain,0.6,0.4,,168,29,1.0,2019-10-23,86949.0,2.178646996617317,4.901958478827617,5.7189496852773525,1.3333333656191826,2.1780085988550413,2.31556440539451,-3.3684,-3.8643,1.3375,0.25,-0.09,0.26,0.007,-3.709775,2.538,0.1087,0.6746,-0.7883,1.1494,-2.0999,-1.1146,-1.2558,3.692,-0.9405
7663,SKECHERS U S A INC,"Morgan Stanley Earlier Maintained Equal-Weight on Skechers USA, Raised Price Target to $35",0,increase,0.8,0.7,,137,28,2.0,2019-10-23,86949.0,2.178646996617317,4.901958478827617,5.7189496852773525,1.3333333656191826,2.1780085988550413,2.31556440539451,-3.3684,-3.8643,1.3375,0.25,-0.09,0.26,0.007,-3.709775,2.538,0.1087,0.6746,-0.7883,1.1494,-2.0999,-1.1146,-1.2558,3.692,-0.9405
7671,SILGAN HOLDINGS INC,"Silgan Holdings Sees Q4 Adj. EPS $0.34-$0.39 vs $0.42 Est., Narrows FY19 Adj. EPS Guidance From $2.10-$2.20 To $2.12-$2.17 vs $2.18 Est.",0,decrease,0.8,0.7,,168,29,0.0,2019-10-23,84563.0,-1.8196413293480873,0.6763317027575599,-0.644118689783002,0.0644760089926421,0.42057932453754,2.4422497568800106,0.0322,-0.1513,0.7683,0.25,-0.09,0.26,0.007,-0.166875,-1.9586,0.796,0.1759,0.7182,-0.187,-1.2313,-0.7259,-1.436,-0.5072,1.7504
7679,SILGAN HOLDINGS INC,"Silgan Holdings Q3 Adj. EPS $0.76, Sales $1.32B, Both Inline",0,uncertain,0.6,0.3,,133,29,1.0,2019-10-23,84563.0,-1.8196413293480873,0.6763317027575599,-0.644118689783002,0.0644760089926421,0.42057932453754,2.4422497568800106,0.0322,-0.1513,0.7683,0.25,-0.09,0.26,0.007,-0.166875,-1.9586,0.796,0.1759,0.7182,-0.187,-1.2313,-0.7259,-1.436,-0.5072,1.7504
7687,S L M CORP,SLM Q3 EPS $0.29 Beats $0.26 Estimate,0,increase,0.8,0.7,,126,28,2.0,2019-10-23,66325.0,-7.624315470457077,-6.298349974487937,-1.5469654035201064,0.5555576644837856,2.782508577876741,3.5469156921879907,0.0,-0.4466,1.1103,0.25,-0.09,0.26,0.007,-0.284575,-6.8095,2.6549,-1.8748,0.956,-1.2804,0.6442,-0.7559,1.4184,-0.6879,0.9907
7695,SPLUNK INC,"Splunk shares are trading higher following the company's annual user conference. Analysts reacted positively to the conference, saying demand signals appear positive.",0,increase,0.8,0.7,,134,28,2.0,2019-10-23,13379.0,4.0782630443573,4.756522847320599,7.304349134243671,-0.6028958596289158,-0.4416384514750238,-2.4204928521580404,4.1101,4.1846,1.3093,0.25,-0.09,0.26,0.007,3.775775,2.8179,-0.8567,-0.9474,-0.028,-0.5312,-0.3385,2.0114,-0.418,2.3837,0.9528
7703,SPOK HOLDINGS INC,"Spok Holdings Q3 EPS $(0.07) Down From $(0.02) YoY, Sales $39.453M Down From $42.476M YoY",0,decrease,0.8,0.6,,149,29,0.0,2019-10-23,90464.0,-2.335643954575062,3.546711269220304,5.53632667859385,2.4390285834670067,0.9795245775794824,-0.2638499375770764,1.94,1.6085,0.7015,0.25,-0.09,0.26,0.007,1.757625,-1.5101,-0.4111,2.9974,1.3368,1.4173,0.2865,-3.0251,0.1915,1.3656,0.4792
7711,SCORPIO TANKERS INC,Scorpio Slowly Begins Separating Its Conjoined Twins,0,uncertain,0.6,0.3,,127,29,1.0,2019-10-23,93299.0,-2.3795923218131065,-5.447251897268002,-7.597480988453964,0.7777395192533731,-3.3839988139405364,-5.205408809251011,3.5322,2.987,1.3563,0.25,-0.09,0.26,0.007,3.1861249999999997,-1.4581,-3.0958,-2.5333,-0.5738,1.6697,-2.318,2.8926,-1.0033,-4.6044,-0.9422
7719,STREAMLINE HEALTH SOLUTIONS INC,Streamline Health Solutions 13D Filing Shows Sandra F. Pessin Holds 3.2% Stake,0,uncertain,0.7,0.3,,136,29,1.0,2019-10-23,83391.0,2.5641104206442833,3.4188111188629966,12.82052191368228,0.0,14.406786859035492,15.187710464609804,-13.3333,-13.4162,0.118,0.25,-0.09,0.26,0.007,-13.3698,2.5137,4.1317,-7.422,7.8139,-3.29,3.8811,2.2713,6.7247,-3.1054,-1.2182
7727,SUN COMMUNITIES INC,"Sun Communities Q3 EPS $1.46 Up From $1.35 YoY, Sales $362.4M Up From $323.4M YoY",0,increase,0.8,0.7,,144,28,2.0,2019-10-23,80102.0,2.2322623059153557,3.464512886334825,0.838711622512478,-0.6957275327295065,-0.1347913677492762,1.493906096620523,-0.3728,-0.3512,0.1843,0.25,-0.09,0.26,0.007,-0.425875,1.6505,-0.5996,0.5758,0.5635,0.1942,1.1713,0.4239,-1.3304,-2.349,0.5301
7735,SUN COMMUNITIES INC,"Sun Communities Q3 Core FFO $1.46 Up From $1.35 YoY, Sales $362.4M Up From $323.4M YoY",0,increase,0.8,0.6,,146,28,2.0,2019-10-23,80102.0,2.2322623059153557,3.464512886334825,0.838711622512478,-0.6957275327295065,-0.1347913677492762,1.493906096620523,-0.3728,-0.3512,0.1843,0.25,-0.09,0.26,0.007,-0.425875,1.6505,-0.5996,0.5758,0.5635,0.1942,1.1713,0.4239,-1.3304,-2.349,0.5301
7743,SUNOCO LP,"Raymond James Maintains Outperform on Sunoco, Raises Price Target to $35",0,increase,0.8,0.7,,126,28,2.0,2019-10-23,13584.0,-0.1832662499509751,1.954793385544118,2.6893538717116083,-0.2161818789318204,-0.584611167322735,0.5289420685991253,1.3309,1.1807,0.5952,0.25,-0.09,0.26,0.007,1.1751,-0.3476,-0.1241,-0.2343,1.0229,0.7145,0.8941,0.1508,-0.351,-2.1986,1.6681
7751,STOCK YARDS BANCORP INC,Stock Yards Bancorp Q3 EPS $0.76 Up From $0.6 YoY,0,increase,0.8,0.7,,137,28,2.0,2019-10-23,79013.0,1.7461610957980156,4.769356029697169,6.463381850900962,-0.3989301156252622,1.7663085336298678,1.877046995595566,2.4566,2.1101,0.8349,0.25,-0.09,0.26,0.007,2.240875,2.4723,0.2969,0.4738,-0.4937,1.8036,0.1971,-0.9142,-0.3499,0.1526,0.2355
7759,TELEDYNE TECHNOLOGIES,Teledyne Technologies shares are trading higher after the company reported better-than-expected Q3 EPS and sales results.,0,increase,0.8,0.7,,137,28,2.0,2019-10-23,87445.0,1.993514597415924,2.7548492976504413,3.7821792703126578,-3.193240612745285,-2.585027399272577,-2.9460285803079467,4.9447,4.7503,0.9046,0.25,-0.09,0.26,0.007,4.711550000000001,1.7729,-2.4684,-0.2155,0.4519,1.675,-1.5694,0.9229,-0.2941,0.2713,0.8993
7767,TELEDYNE TECHNOLOGIES,Teledyne Technologies Raises FY19 GAAP EPS Guidance From $9.86-$9.96 To $10.37-$10.42,0,increase,0.9,0.8,,144,28,2.0,2019-10-23,87445.0,1.993514597415924,2.7548492976504413,3.7821792703126578,-3.193240612745285,-2.585027399272577,-2.9460285803079467,4.9447,4.7503,0.9046,0.25,-0.09,0.26,0.007,4.711550000000001,1.7729,-2.4684,-0.2155,0.4519,1.675,-1.5694,0.9229,-0.2941,0.2713,0.8993
7775,TELEDYNE TECHNOLOGIES,"Teledyne Technologies Q3 EPS $2.84 Beats $2.53 Estimate, Sales $802.2M Beat $786.55M Estimate",0,increase,0.8,0.7,,146,28,2.0,2019-10-23,87445.0,1.993514597415924,2.7548492976504413,3.7821792703126578,-3.193240612745285,-2.585027399272577,-2.9460285803079467,4.9447,4.7503,0.9046,0.25,-0.09,0.26,0.007,4.711550000000001,1.7729,-2.4684,-0.2155,0.4519,1.675,-1.5694,0.9229,-0.2941,0.2713,0.8993
7783,T E CONNECTIVITY LTD,"Jim Cramer Shares His Thoughts On Westrock, TE Connectivity And More",0,uncertain,0.6,0.3,,125,29,1.0,2019-10-23,92157.0,0.3634769469499588,-3.624117507417868,0.4276260131397036,0.1599675044417381,1.1959925050001097,0.9892453504054766,-0.4046,-0.7017,1.061,0.25,-0.09,0.26,0.007,-0.67685,0.2846,-0.3802,-0.1911,-0.1442,-4.5765,-0.19,0.8631,2.5409,0.0155,-0.5631
7791,TEVA PHARMACEUTICAL INDS LTD,Teva Pharmaceutical Indus Option Alert: Dec 20 $8 Puts Sweep (11) near the Ask: 600 @ $1.0 vs 48730 OI; Earnings 11/7 Before Open Ref=$7.71,0,uncertain,0.6,0.4,,171,29,1.0,2019-10-23,75652.0,2.900378592312336,3.2786855406259585,2.1437650477552417,-1.4723912812769413,7.066662933882295,3.346200137364086,-1.2453,-1.7206,1.3795,0.25,-0.09,0.26,0.007,-1.597175,3.9418,-2.8802,0.6624,1.6992,-0.7894,0.93,-0.7478,3.4125,-3.8413,-4.2781
7799,TARGET CORP,Target Adding Nearly $50M In Payroll Compared To Last Holiday To Ensure More Team Members Are Available To Assist Guests During Peak Hours,0,increase,0.9,0.8,,133,28,2.0,2019-10-23,49154.0,-0.9967678226530552,-3.08010082079756,-0.763288861457434,-0.4310326185077429,0.3368538805616827,-0.0353271489328288,-1.6168,-1.918,0.9212,0.25,-0.09,0.26,0.007,-1.8541,-1.0615,-1.5786,0.1344,-1.4007,-0.2435,-0.5423,-0.2721,0.2796,1.167,0.3168
7807,TENET HEALTHCARE CORP,Fitch Affirms Tenet Healthcare Rating At B; Outlook Remains Positive,0,increase,0.8,0.7,,130,28,2.0,2019-10-23,52337.0,-0.5985619500279427,5.3072624547451985,18.395853210055012,1.838238537311554,4.703909575246423,6.085107661481248,0.5215,0.2192,1.5328,0.25,-0.09,0.26,0.007,0.1312999999999999,-0.1809,-2.406,1.3726,4.8093,-0.4648,-2.7251,-0.8642,3.6763,3.0322,7.0057
7815,TOYOTA MOTOR CORP,Toyota's Lexus To Launch All-Battery Electric Vehicle Next Year,0,uncertain,0.6,0.3,,125,29,1.0,2019-10-23,76655.0,0.6044177804142237,1.237981970347568,2.2210803687982006,0.0220061454456299,0.4271943953707335,0.2942325709438531,0.7114,0.5891,0.5535,0.25,-0.09,0.26,0.007,0.566025,0.3929,-0.1871,-0.3106,0.3499,0.0004,-0.1669,0.3788,0.3446,0.1655,-0.2516
7823,THERMO FISHER SCIENTIFIC INC,Thermo Fisher Scientific shares are trading higher after the company reported better-than-expected Q3 EPS and sales results. The company also raised FY19 EPS guidance above analyst estimates.,0,increase,0.9,0.8,,155,28,2.0,2019-10-23,62092.0,-1.175357960164547,1.660321529381914,-0.7947950880693111,-0.8993504568934441,-0.1528047892528916,-0.2130779436578023,5.6728,5.4703,1.0592,0.25,-0.09,0.26,0.007,5.401,-1.8431,0.6751,0.4069,-0.254,0.4958,0.2064,-0.184,-0.8815,-2.4263,0.5559
7831,THERMO FISHER SCIENTIFIC INC,"Thermo Fisher Narrows FY19 Sales Guidance From $25.30B-$25.50B To $25.34B-$25.50B vs $25.43B Est., Raises Adj. EPS Guidance From $12.16-$12.26 To $12.28-$12.34 vs $12.25 Est.",0,uncertain,0.6,0.3,,189,29,1.0,2019-10-23,62092.0,-1.175357960164547,1.660321529381914,-0.7947950880693111,-0.8993504568934441,-0.1528047892528916,-0.2130779436578023,5.6728,5.4703,1.0592,0.25,-0.09,0.26,0.007,5.401,-1.8431,0.6751,0.4069,-0.254,0.4958,0.2064,-0.184,-0.8815,-2.4263,0.5559
7839,THERMO FISHER SCIENTIFIC INC,"Thermo Fisher Scientific Q3 Adj. EPS $2.94 Beats $2.87 Estimate, Sales $6.27B Beat $6.18B Estimate",0,increase,0.8,0.7,,154,28,2.0,2019-10-23,62092.0,-1.175357960164547,1.660321529381914,-0.7947950880693111,-0.8993504568934441,-0.1528047892528916,-0.2130779436578023,5.6728,5.4703,1.0592,0.25,-0.09,0.26,0.007,5.401,-1.8431,0.6751,0.4069,-0.254,0.4958,0.2064,-0.184,-0.8815,-2.4263,0.5559
7847,TEEKAY TANKERS LTD,Teekay Tankers shares are trading higher after Jefferies upgraded the stock from Hold to Buy and raised the price target from $1.5 to $2.5 per share.,0,increase,0.8,0.7,,152,28,2.0,2019-10-23,92518.0,1.395347435027361,-7.003296831342709e-08,-9.302327323762205,3.1250033527612686,-6.603767620048062,-7.042257593535117,8.5859,8.0578,1.374,0.25,-0.09,0.26,0.007,8.2354,2.4824,-0.7439,-1.4703,-2.6844,1.9024,-3.7726,1.765,-1.0523,-4.0079,-5.876
7855,TEEKAY TANKERS LTD,6 Industrials Stocks Moving In Wednesday's Pre-Market Session,0,uncertain,0.6,0.3,,128,29,1.0,2019-10-23,92518.0,1.395347435027361,-7.003296831342709e-08,-9.302327323762205,3.1250033527612686,-6.603767620048062,-7.042257593535117,8.5859,8.0578,1.374,0.25,-0.09,0.26,0.007,8.2354,2.4824,-0.7439,-1.4703,-2.6844,1.9024,-3.7726,1.765,-1.0523,-4.0079,-5.876
7863,TEEKAY TANKERS LTD,"Jefferies Upgrades Teekay Tankers to Buy, Raises Price Target to $2.5",0,increase,0.8,0.7,,136,28,2.0,2019-10-23,92518.0,1.395347435027361,-7.003296831342709e-08,-9.302327323762205,3.1250033527612686,-6.603767620048062,-7.042257593535117,8.5859,8.0578,1.374,0.25,-0.09,0.26,0.007,8.2354,2.4824,-0.7439,-1.4703,-2.6844,1.9024,-3.7726,1.765,-1.0523,-4.0079,-5.876
7871,TONIX PHARMACEUTICALS HLDG CORP,"Tonix Pharmaceuticals Announces Issuance Of US Patent For Crystalline Tianeptine Oxalate Salt, The Active Ingredient Of TNX-601",0,increase,0.8,0.7,,162,28,2.0,2019-10-23,14107.0,-5.219718441367149,-15.489197981081029,-20.61178365519232,-0.1281706150621175,-15.249072140137976,-13.422218769926753,5.7238,5.0833,1.1748,0.25,-0.09,0.26,0.007,5.4231,-4.0567,1.1532,-15.2386,1.9843,1.2316,-14.4003,20.0362,-18.9676,-4.2861,12.2367
7879,TRINITY INDUSTRIES INC,"Trinity Industries Q3 EPS $0.39 Beats $0.35 Estimate, Sales $813.6M Beat $809.74M Estimate",0,increase,0.8,0.6,,145,28,2.0,2019-10-23,55001.0,1.135130226612091,7.837841850030114,16.594592803758434,0.7072963751852512,2.5484821265567392,1.1475464974869176,-0.054,-0.5135,1.3966,0.25,-0.09,0.26,0.007,-0.41015,1.9884,1.4368,1.3821,-0.2487,2.2044,0.4599,1.8805,3.1798,-0.8877,-0.0948
7887,T C ENERGY CORP,Canadian Prime Minister Justin Trudeau Says Will Continue With Trans Mountain Pipeline Expansion,0,increase,0.8,0.7,,124,28,2.0,2019-10-23,67774.0,-0.4068960901349783,-2.286379149259521,-2.4413915931581487,-0.7324615493416786,0.0777321086081972,0.058284059599023,0.2136,0.0168,0.5153,0.25,-0.09,0.26,0.007,0.077775,-0.4644,-0.8471,-0.6885,-0.6977,-0.1512,0.0044,0.973,-1.5167,-1.7006,1.1009
7895,TRAVELERS COMPANIES INC,"Morgan Stanley Maintains Underweight on Travelers Companies, Lowers Price Target to $125",0,decrease,0.8,0.7,,136,29,0.0,2019-10-23,59459.0,-0.5523690953850746,-1.800851185770247,0.1437668853889295,-8.286949247121811,-7.930112402977308,-7.353361613498032,1.5444,1.2818,0.7219,0.25,-0.09,0.26,0.007,1.3569250000000002,-0.8033,-0.994,-1.1531,-0.0827,0.3487,1.1448,-0.8228,-0.7411,0.9669,0.4193
7903,TRAVELERS COMPANIES INC,"Deutsche Bank Upgrades Travelers Companies to Hold, Announces $140 Price Target",0,increase,0.8,0.7,,134,28,2.0,2019-10-23,59459.0,-0.5523690953850746,-1.800851185770247,0.1437668853889295,-8.286949247121811,-7.930112402977308,-7.353361613498032,1.5444,1.2818,0.7219,0.25,-0.09,0.26,0.007,1.3569250000000002,-0.8033,-0.994,-1.1531,-0.0827,0.3487,1.1448,-0.8228,-0.7411,0.9669,0.4193
7911,TESLA INC,Tesla's Stock Surges After Big Q3 Profit Beat; Says Trial Production Underway In Shanghai,0,increase,0.8,0.9,,128,28,2.0,2019-10-23,93436.0,17.669232189655304,23.68855748957353,28.231504331139725,0.8205135352909565,-0.533181671766958,-2.439210344308218,-0.3521,-0.5641,1.1322,0.25,-0.09,0.26,0.007,-0.64215,17.425,8.7723,-1.0701,-3.4309,-0.7779,0.4464,-1.9024,1.1081,-0.0601,3.3471
7919,TESLA INC,"UPDATE: Tesla Says Positive GAAP Net Income Going Forward Will Possibly Have Temporary Exceptions 'particularly around the launch
and ramp of new products'",0,uncertain,0.7,0.5,,136,29,1.0,2019-10-23,93436.0,17.669232189655304,23.68855748957353,28.231504331139725,0.8205135352909565,-0.533181671766958,-2.439210344308218,-0.3521,-0.5641,1.1322,0.25,-0.09,0.26,0.007,-0.64215,17.425,8.7723,-1.0701,-3.4309,-0.7779,0.4464,-1.9024,1.1081,-0.0601,3.3471
7927,TESLA INC,Tesla Says Is Highly Confident In Exceeding 360K Deliveries This Year,0,increase,0.8,0.7,,126,28,2.0,2019-10-23,93436.0,17.669232189655304,23.68855748957353,28.231504331139725,0.8205135352909565,-0.533181671766958,-2.439210344308218,-0.3521,-0.5641,1.1322,0.25,-0.09,0.26,0.007,-0.64215,17.425,8.7723,-1.0701,-3.4309,-0.7779,0.4464,-1.9024,1.1081,-0.0601,3.3471
7935,TESLA INC,Tesla Says During Q3 We Registered One Accident For Every 4.34 Million Miles Driven In Which Drivers Had Autopilot Engaged,0,increase,0.8,0.7,,137,28,2.0,2019-10-23,93436.0,17.669232189655304,23.68855748957353,28.231504331139725,0.8205135352909565,-0.533181671766958,-2.439210344308218,-0.3521,-0.5641,1.1322,0.25,-0.09,0.26,0.007,-0.64215,17.425,8.7723,-1.0701,-3.4309,-0.7779,0.4464,-1.9024,1.1081,-0.0601,3.3471
7943,TESLA INC,Tesla Says Model Y Is Scheduled For Production In Summer 2020,0,uncertain,0.6,0.3,,122,29,1.0,2019-10-23,93436.0,17.669232189655304,23.68855748957353,28.231504331139725,0.8205135352909565,-0.533181671766958,-2.439210344308218,-0.3521,-0.5641,1.1322,0.25,-0.09,0.26,0.007,-0.64215,17.425,8.7723,-1.0701,-3.4309,-0.7779,0.4464,-1.9024,1.1081,-0.0601,3.3471
7951,TESLA INC,Self-Driving Startup Zoox Raises $200M,0,decrease,0.8,0.6,,119,29,0.0,2019-10-23,93436.0,17.669232189655304,23.68855748957353,28.231504331139725,0.8205135352909565,-0.533181671766958,-2.439210344308218,-0.3521,-0.5641,1.1322,0.25,-0.09,0.26,0.007,-0.64215,17.425,8.7723,-1.0701,-3.4309,-0.7779,0.4464,-1.9024,1.1081,-0.0601,3.3471
7959,TESLA INC,Tesla Q3 Adj. EPS $1.86 vs $2.90 In Same Qtr. Last Year,0,decrease,0.8,0.6,,131,29,0.0,2019-10-23,93436.0,17.669232189655304,23.68855748957353,28.231504331139725,0.8205135352909565,-0.533181671766958,-2.439210344308218,-0.3521,-0.5641,1.1322,0.25,-0.09,0.26,0.007,-0.64215,17.425,8.7723,-1.0701,-3.4309,-0.7779,0.4464,-1.9024,1.1081,-0.0601,3.3471
7967,TESLA INC,Tesla Q3 2019 Update Now Available On Co. Website,0,uncertain,0.6,0.3,,122,29,1.0,2019-10-23,93436.0,17.669232189655304,23.68855748957353,28.231504331139725,0.8205135352909565,-0.533181671766958,-2.439210344308218,-0.3521,-0.5641,1.1322,0.25,-0.09,0.26,0.007,-0.64215,17.425,8.7723,-1.0701,-3.4309,-0.7779,0.4464,-1.9024,1.1081,-0.0601,3.3471
7975,TESLA INC,Hearing Tesla Q3 Adj. EPS $1.86,0,increase,0.8,0.7,,121,28,2.0,2019-10-23,93436.0,17.669232189655304,23.68855748957353,28.231504331139725,0.8205135352909565,-0.533181671766958,-2.439210344308218,-0.3521,-0.5641,1.1322,0.25,-0.09,0.26,0.007,-0.64215,17.425,8.7723,-1.0701,-3.4309,-0.7779,0.4464,-1.9024,1.1081,-0.0601,3.3471
7983,TESLA INC,"Tesla Trial Production Of Model 3 In Shanghai Has Begun, Is Ahead Of Schedule",0,increase,0.8,0.7,,126,28,2.0,2019-10-23,93436.0,17.669232189655304,23.68855748957353,28.231504331139725,0.8205135352909565,-0.533181671766958,-2.439210344308218,-0.3521,-0.5641,1.1322,0.25,-0.09,0.26,0.007,-0.64215,17.425,8.7723,-1.0701,-3.4309,-0.7779,0.4464,-1.9024,1.1081,-0.0601,3.3471
7991,TESLA INC,Tesla Planning To Produced Limited Volumes Of Tesla Semi In 2020,0,uncertain,0.7,0.3,,123,29,1.0,2019-10-23,93436.0,17.669232189655304,23.68855748957353,28.231504331139725,0.8205135352909565,-0.533181671766958,-2.439210344308218,-0.3521,-0.5641,1.1322,0.25,-0.09,0.26,0.007,-0.64215,17.425,8.7723,-1.0701,-3.4309,-0.7779,0.4464,-1.9024,1.1081,-0.0601,3.3471
7999,TESLA INC,Tesla Sees Positive GAAP net Income Going Forward,0,increase,0.8,0.7,,119,28,2.0,2019-10-23,93436.0,17.669232189655304,23.68855748957353,28.231504331139725,0.8205135352909565,-0.533181671766958,-2.439210344308218,-0.3521,-0.5641,1.1322,0.25,-0.09,0.26,0.007,-0.64215,17.425,8.7723,-1.0701,-3.4309,-0.7779,0.4464,-1.9024,1.1081,-0.0601,3.3471
8007,TESLA INC,"Tesla Says Is Ahead Of Schedule To Produce Model Y, Sees Launch By Summer 2020",0,increase,0.8,0.7,,128,28,2.0,2019-10-23,93436.0,17.669232189655304,23.68855748957353,28.231504331139725,0.8205135352909565,-0.533181671766958,-2.439210344308218,-0.3521,-0.5641,1.1322,0.25,-0.09,0.26,0.007,-0.64215,17.425,8.7723,-1.0701,-3.4309,-0.7779,0.4464,-1.9024,1.1081,-0.0601,3.3471
8015,TESLA INC,"Tesla Q3 Adj. Basic $1.91, Diluted EPS $1.86 Beats $(0.42) Estimate, Sales $6.3B Miss $6.34B Estimate",0,uncertain,0.6,0.4,,148,29,1.0,2019-10-23,93436.0,17.669232189655304,23.68855748957353,28.231504331139725,0.8205135352909565,-0.533181671766958,-2.439210344308218,-0.3521,-0.5641,1.1322,0.25,-0.09,0.26,0.007,-0.64215,17.425,8.7723,-1.0701,-3.4309,-0.7779,0.4464,-1.9024,1.1081,-0.0601,3.3471
8023,TESLA INC,"Tesla Shares Up 5% Following Earnings Press Release, Results To Be Released On Co. Site Shortly",0,increase,0.8,0.5,,130,28,2.0,2019-10-23,93436.0,17.669232189655304,23.68855748957353,28.231504331139725,0.8205135352909565,-0.533181671766958,-2.439210344308218,-0.3521,-0.5641,1.1322,0.25,-0.09,0.26,0.007,-0.64215,17.425,8.7723,-1.0701,-3.4309,-0.7779,0.4464,-1.9024,1.1081,-0.0601,3.3471
8031,TESLA INC,Roger DaSilva Highlights Unusual Options Activity In Tesla,0,uncertain,0.6,0.3,,120,29,1.0,2019-10-23,93436.0,17.669232189655304,23.68855748957353,28.231504331139725,0.8205135352909565,-0.533181671766958,-2.439210344308218,-0.3521,-0.5641,1.1322,0.25,-0.09,0.26,0.007,-0.64215,17.425,8.7723,-1.0701,-3.4309,-0.7779,0.4464,-1.9024,1.1081,-0.0601,3.3471
8039,TESLA INC,"'Tesla starts trial production of Chinese Model 3, reportedly plans to sell cars to Gigafactory 3 workers' -Electrek",0,increase,0.8,0.7,,137,28,2.0,2019-10-23,93436.0,17.669232189655304,23.68855748957353,28.231504331139725,0.8205135352909565,-0.533181671766958,-2.439210344308218,-0.3521,-0.5641,1.1322,0.25,-0.09,0.26,0.007,-0.64215,17.425,8.7723,-1.0701,-3.4309,-0.7779,0.4464,-1.9024,1.1081,-0.0601,3.3471
8047,TESLA INC,Tesla's Futuristic Door Handles Blamed for Death in Fiery Wreck,0,decrease,0.8,0.7,,124,29,0.0,2019-10-23,93436.0,17.669232189655304,23.68855748957353,28.231504331139725,0.8205135352909565,-0.533181671766958,-2.439210344308218,-0.3521,-0.5641,1.1322,0.25,-0.09,0.26,0.007,-0.64215,17.425,8.7723,-1.0701,-3.4309,-0.7779,0.4464,-1.9024,1.1081,-0.0601,3.3471
8055,ISHARES INC,President Trump Lifts Sanctions On Turkey,0,uncertain,0.6,0.3,,119,29,1.0,2019-10-23,92600.0,-1.1480637826025486,-0.9897070400412876,0.3562950939409948,1.9616078585386276,0.1229535853370933,2.260363809204091,3.3975,3.163,0.7141,0.25,-0.09,0.26,0.007,3.211975,-1.1045,0.0082,-0.4431,-0.2344,0.002,-0.6867,-0.4448,0.4489,-0.2643,1.0178
8063,ISHARES INC,Senior Trump Administration Official Says US Has Seen no Evidence Of Ethnic Cleansing By Turks In Northwestern Syria,0,uncertain,0.6,0.3,,130,29,1.0,2019-10-23,92600.0,-1.1480637826025486,-0.9897070400412876,0.3562950939409948,1.9616078585386276,0.1229535853370933,2.260363809204091,3.3975,3.163,0.7141,0.25,-0.09,0.26,0.007,3.211975,-1.1045,0.0082,-0.4431,-0.2344,0.002,-0.6867,-0.4448,0.4489,-0.2643,1.0178
8071,ISHARES INC,US Removes Sanctions On Turkey's Ministries Of Defense And Energy,0,increase,0.8,0.7,,124,28,2.0,2019-10-23,92600.0,-1.1480637826025486,-0.9897070400412876,0.3562950939409948,1.9616078585386276,0.1229535853370933,2.260363809204091,3.3975,3.163,0.7141,0.25,-0.09,0.26,0.007,3.211975,-1.1045,0.0082,-0.4431,-0.2344,0.002,-0.6867,-0.4448,0.4489,-0.2643,1.0178
8079,ISHARES INC,Trump Says US Should Only Commit US Troops To Battle When A Clear National Interest Is At Stake,0,uncertain,0.6,0.3,,130,29,1.0,2019-10-23,92600.0,-1.1480637826025486,-0.9897070400412876,0.3562950939409948,1.9616078585386276,0.1229535853370933,2.260363809204091,3.3975,3.163,0.7141,0.25,-0.09,0.26,0.007,3.211975,-1.1045,0.0082,-0.4431,-0.2344,0.002,-0.6867,-0.4448,0.4489,-0.2643,1.0178
8087,ISHARES INC,Turkey ETF Spikes Nearly 4% Over Past Few Minutes After Trump Said Will Remove Sanctions On Turkey,0,increase,0.8,0.7,,132,28,2.0,2019-10-23,92600.0,-1.1480637826025486,-0.9897070400412876,0.3562950939409948,1.9616078585386276,0.1229535853370933,2.260363809204091,3.3975,3.163,0.7141,0.25,-0.09,0.26,0.007,3.211975,-1.1045,0.0082,-0.4431,-0.2344,0.002,-0.6867,-0.4448,0.4489,-0.2643,1.0178
8095,ISHARES INC,"Trump Says Small Number Of US Troops Will Remain In The Area Where They Have The Oil, Will Decide What To Do With Oil In The Future",0,uncertain,0.6,0.3,,140,29,1.0,2019-10-23,92600.0,-1.1480637826025486,-0.9897070400412876,0.3562950939409948,1.9616078585386276,0.1229535853370933,2.260363809204091,3.3975,3.163,0.7141,0.25,-0.09,0.26,0.007,3.211975,-1.1045,0.0082,-0.4431,-0.2344,0.002,-0.6867,-0.4448,0.4489,-0.2643,1.0178
8103,ISHARES INC,"Trump Says Ceasefire Holding In Turkey-Syria Very Well, Says We Welcome Other Countries To Help In Turkey",0,uncertain,0.6,0.3,,134,29,1.0,2019-10-23,92600.0,-1.1480637826025486,-0.9897070400412876,0.3562950939409948,1.9616078585386276,0.1229535853370933,2.260363809204091,3.3975,3.163,0.7141,0.25,-0.09,0.26,0.007,3.211975,-1.1045,0.0082,-0.4431,-0.2344,0.002,-0.6867,-0.4448,0.4489,-0.2643,1.0178
8111,ISHARES INC,Turkey's Defense Minister Says He Sees Disagreements With US Related To F-35 Project Being Overcome,0,uncertain,0.6,0.3,,133,29,1.0,2019-10-23,92600.0,-1.1480637826025486,-0.9897070400412876,0.3562950939409948,1.9616078585386276,0.1229535853370933,2.260363809204091,3.3975,3.163,0.7141,0.25,-0.09,0.26,0.007,3.211975,-1.1045,0.0082,-0.4431,-0.2344,0.002,-0.6867,-0.4448,0.4489,-0.2643,1.0178
8119,ISHARES INC,Russian Foreign Ministry Says Moscow In Contact With US About Syria Deal With Turkey,0,uncertain,0.6,0.3,,125,29,1.0,2019-10-23,92600.0,-1.1480637826025486,-0.9897070400412876,0.3562950939409948,1.9616078585386276,0.1229535853370933,2.260363809204091,3.3975,3.163,0.7141,0.25,-0.09,0.26,0.007,3.211975,-1.1045,0.0082,-0.4431,-0.2344,0.002,-0.6867,-0.4448,0.4489,-0.2643,1.0178
8127,ISHARES INC,Trump Says Will Make Statement On Turkey At 11 a.m. EDT,0,uncertain,0.6,0.3,,125,29,1.0,2019-10-23,92600.0,-1.1480637826025486,-0.9897070400412876,0.3562950939409948,1.9616078585386276,0.1229535853370933,2.260363809204091,3.3975,3.163,0.7141,0.25,-0.09,0.26,0.007,3.211975,-1.1045,0.0082,-0.4431,-0.2344,0.002,-0.6867,-0.4448,0.4489,-0.2643,1.0178
8135,ISHARES INC,Russia's Defense Ministry Says Syria Will Establish 15 Border Posts Along Its Border With Turkey,0,uncertain,0.6,0.3,,128,29,1.0,2019-10-23,92600.0,-1.1480637826025486,-0.9897070400412876,0.3562950939409948,1.9616078585386276,0.1229535853370933,2.260363809204091,3.3975,3.163,0.7141,0.25,-0.09,0.26,0.007,3.211975,-1.1045,0.0082,-0.4431,-0.2344,0.002,-0.6867,-0.4448,0.4489,-0.2643,1.0178
8143,ISHARES INC,Russian Forces Cross Euphrates Headed for Syrian-Turkish Border,0,uncertain,0.6,0.3,,126,29,1.0,2019-10-23,92600.0,-1.1480637826025486,-0.9897070400412876,0.3562950939409948,1.9616078585386276,0.1229535853370933,2.260363809204091,3.3975,3.163,0.7141,0.25,-0.09,0.26,0.007,3.211975,-1.1045,0.0082,-0.4431,-0.2344,0.002,-0.6867,-0.4448,0.4489,-0.2643,1.0178
8151,THERAPEUTICSMD INC,"TherapeuticsMD Announces Proposed Underwritten Public Offering Of 22 Million Shares Of Common Stock, No Terms Disclosed",0,uncertain,0.6,0.3,,139,29,1.0,2019-10-23,13863.0,-22.01087474822998,-27.17391348009984,-28.80435293288969,-1.0526305995881555,2.592088003493931,0.534758681510672,-2.1277,-2.1682,1.1278,0.25,-0.09,0.26,0.007,-2.41665,-22.331,-2.0571,-0.8792,1.5649,-7.5895,0.0502,5.6378,-2.4644,-3.5485,-1.9783
8159,THERAPEUTICSMD INC,"TherapeuticsMD Sees Q3 Sales From Prescription Vitamin Business $2.5M-$2.6M, Sales From IMVEXXY, BIJUVA, ANNOVERA $5.32B-$5.7B",0,uncertain,0.6,0.4,,165,29,1.0,2019-10-23,13863.0,-22.01087474822998,-27.17391348009984,-28.80435293288969,-1.0526305995881555,2.592088003493931,0.534758681510672,-2.1277,-2.1682,1.1278,0.25,-0.09,0.26,0.007,-2.41665,-22.331,-2.0571,-0.8792,1.5649,-7.5895,0.0502,5.6378,-2.4644,-3.5485,-1.9783
8167,TEXAS INSTRUMENTS INC,"UBS Maintains Sell on Texas Instruments, Raises Price Target to $110",0,uncertain,0.6,0.3,,130,29,1.0,2019-10-23,15579.0,-0.4539666231721639,-0.2185760120932633,1.9585038764099003,-1.8024787306785583,-0.6874704238566953,-1.1987991773259377,-7.4823,-7.7524,1.2715,0.25,-0.09,0.26,0.007,-7.807175,-0.8444,1.064,-1.2756,0.3972,-1.7388,0.6478,-1.3066,2.1622,-0.8768,0.5778
8175,TEXAS INSTRUMENTS INC,"Bank of America Reiterates Buy on Texas Instruments, Lowers Price Target to $140",0,uncertain,0.7,0.5,,133,29,1.0,2019-10-23,15579.0,-0.4539666231721639,-0.2185760120932633,1.9585038764099003,-1.8024787306785583,-0.6874704238566953,-1.1987991773259377,-7.4823,-7.7524,1.2715,0.25,-0.09,0.26,0.007,-7.807175,-0.8444,1.064,-1.2756,0.3972,-1.7388,0.6478,-1.3066,2.1622,-0.8768,0.5778
8183,TEXAS INSTRUMENTS INC,"Deutsche Bank Earlier Maintained Hold on Texas Instruments, Lowered Price Target to $115",0,decrease,0.8,0.7,,133,29,0.0,2019-10-23,15579.0,-0.4539666231721639,-0.2185760120932633,1.9585038764099003,-1.8024787306785583,-0.6874704238566953,-1.1987991773259377,-7.4823,-7.7524,1.2715,0.25,-0.09,0.26,0.007,-7.807175,-0.8444,1.064,-1.2756,0.3972,-1.7388,0.6478,-1.3066,2.1622,-0.8768,0.5778
8191,TEXAS INSTRUMENTS INC,"Mizuho Maintains Neutral on Texas Instruments, Lowers Price Target to $113",0,decrease,0.8,0.7,,132,29,0.0,2019-10-23,15579.0,-0.4539666231721639,-0.2185760120932633,1.9585038764099003,-1.8024787306785583,-0.6874704238566953,-1.1987991773259377,-7.4823,-7.7524,1.2715,0.25,-0.09,0.26,0.007,-7.807175,-0.8444,1.064,-1.2756,0.3972,-1.7388,0.6478,-1.3066,2.1622,-0.8768,0.5778
8199,TEXAS INSTRUMENTS INC,"Morgan Stanley Maintains Equal-Weight on Texas Instruments, Lowers Price Target to $109",0,decrease,0.8,0.7,,134,29,0.0,2019-10-23,15579.0,-0.4539666231721639,-0.2185760120932633,1.9585038764099003,-1.8024787306785583,-0.6874704238566953,-1.1987991773259377,-7.4823,-7.7524,1.2715,0.25,-0.09,0.26,0.007,-7.807175,-0.8444,1.064,-1.2756,0.3972,-1.7388,0.6478,-1.3066,2.1622,-0.8768,0.5778
8207,TEXAS INSTRUMENTS INC,"SunTrust Robinson Humphrey Maintains Hold on Texas Instruments, Lowers Price Target to $122",0,decrease,0.8,0.7,,134,29,0.0,2019-10-23,15579.0,-0.4539666231721639,-0.2185760120932633,1.9585038764099003,-1.8024787306785583,-0.6874704238566953,-1.1987991773259377,-7.4823,-7.7524,1.2715,0.25,-0.09,0.26,0.007,-7.807175,-0.8444,1.064,-1.2756,0.3972,-1.7388,0.6478,-1.3066,2.1622,-0.8768,0.5778
8215,TEXAS INSTRUMENTS INC,Charter Equity Downgrades Texas Instruments to Market Perform,0,decrease,0.8,0.7,,125,29,0.0,2019-10-23,15579.0,-0.4539666231721639,-0.2185760120932633,1.9585038764099003,-1.8024787306785583,-0.6874704238566953,-1.1987991773259377,-7.4823,-7.7524,1.2715,0.25,-0.09,0.26,0.007,-7.807175,-0.8444,1.064,-1.2756,0.3972,-1.7388,0.6478,-1.3066,2.1622,-0.8768,0.5778
8223,TRAVELZOO,"Travelzoo Q3 EPS $0.03 Beats $0.02 Estimate, Sales $25.5M Miss $25.8M Estimate",0,uncertain,0.6,0.3,,141,29,1.0,2019-10-23,89941.0,-2.791144885122776,-0.577482222830028,-2.694904938569709,0.7929444313049316,3.435796954806647,1.688885160952136,-9.1783,-9.0782,1.2983,0.25,-0.09,0.26,0.007,-9.509875,-3.5596,-3.0399,3.8117,0.0463,-1.3656,-1.6039,-3.197,7.397,-1.3207,-2.1664
8231,C V R PARTNERS LP,CVR Partners shares are trading lower after the company reported worse-than-expected Q3 sales results.,0,decrease,0.8,0.7,,134,29,0.0,2019-10-23,12644.0,-0.2832858590409159,-6.798867287317889,-8.611049033838746,0.5730653647333384,3.0150393293126854e-08,3.0150393293126854e-08,0.5698,0.2975,0.8864,0.25,-0.09,0.26,0.007,0.3411999999999999,-0.0818,-1.1951,-2.0609,-3.116,-1.4703,0.9187,2.1635,-2.4353,-3.013,-1.2561
8239,C V R PARTNERS LP,"CVR Partners Q3 EPS $(0.2) May Not Compare To $(0.04) Estimate, Sales $88.582M Miss $96.86M Estimate",0,decrease,0.8,0.7,,150,29,0.0,2019-10-23,12644.0,-0.2832858590409159,-6.798867287317889,-8.611049033838746,0.5730653647333384,3.0150393293126854e-08,3.0150393293126854e-08,0.5698,0.2975,0.8864,0.25,-0.09,0.26,0.007,0.3411999999999999,-0.0818,-1.1951,-2.0609,-3.116,-1.4703,0.9187,2.1635,-2.4353,-3.013,-1.2561
8247,U F P INDUSTRIES INC,"Universal Forest Products Q3 EPS $0.84 Beats $0.76 Estimate, Sales $1.163B Miss $1.18B Estimate",0,uncertain,0.6,0.4,,145,29,1.0,2019-10-23,79878.0,19.58739012479782,19.01826115983203,21.84017844377304,2.258535474538803,2.926246558726864,2.0623515957080008,-0.9164,-1.228,1.0188,0.25,-0.09,0.26,0.007,-1.1781,19.9667,-1.111,0.5054,1.4588,-2.6767,1.0836,0.6532,-1.2324,1.2998,-1.1365
8255,ULTA BEAUTY INC,"Cowen & Co. Maintains Outperform on Ulta Beauty, Lowers Price Target to $300",0,uncertain,0.6,0.4,,134,29,1.0,2019-10-23,92322.0,0.4456205293536186,1.0005486267955277,2.572838055273663,0.6842331495136023,-1.2545825245721345,-4.510278904926324,0.4052,0.2896,0.8171,0.25,-0.09,0.26,0.007,0.193925,0.1501,0.3153,-0.3266,0.2468,-1.1155,-2.6461,-1.003,1.667,3.4718,-0.1862
8263,UNIFIRST CORP,"UniFirst Corporation Sees FY20 EPS $7.47-$7.92, Sales $1.86B-$1.88B vs $1.8B Est.",0,increase,0.8,0.7,,146,28,2.0,2019-10-23,65306.0,-2.085333690047264,-2.253508892240852,0.3651785004026964,-1.985030435025692,-0.7076309301007888,0.3395351277695413,6.7063,6.5555,0.7613,0.25,-0.09,0.26,0.007,6.508975,-2.2097,0.0074,-0.4102,-1.9326,0.9724,-0.9061,1.472,-0.4536,0.5186,1.4534
8271,UNIFIRST CORP,"UniFirst Q4 EPS $2.01 Beats $1.96 Estimate, Sales $479.6M Beat $473.06M Estimate",0,increase,0.8,0.6,,140,28,2.0,2019-10-23,65306.0,-2.085333690047264,-2.253508892240852,0.3651785004026964,-1.985030435025692,-0.7076309301007888,0.3395351277695413,6.7063,6.5555,0.7613,0.25,-0.09,0.26,0.007,6.508975,-2.2097,0.0074,-0.4102,-1.9326,0.9724,-0.9061,1.472,-0.4536,0.5186,1.4534
8279,UNIVERSAL STNLESS & ALY PRODS IN,"Universal Stainless Q3 EPS $0.09 May Not Compare To $0.25 Estimate, Sales $42.46M Miss $65.83M Estimate",0,decrease,0.8,0.7,,155,29,0.0,2019-10-23,81184.0,-2.9739748686552048,1.7843850012752016,3.345723306575077,-0.9420298039913176,-2.217449790085868,-1.583875191502382,-1.6094,-1.923,1.1787,0.25,-0.09,0.26,0.007,-1.911075,-2.4131,-1.4495,-2.6644,1.6138,5.7543,-0.9543,3.2114,-1.116,0.8989,-2.3693
8287,UNIVEST FINANCIAL CORP,Univest Financial Q3 EPS $0.6 Beats $0.51 Estimate,0,increase,0.9,0.8,,134,28,2.0,2019-10-23,89828.0,1.7377588897943497,2.2906791185662634,3.5347571023103264,-0.8264427073299885,0.9211111081156576,0.6389769562648251,0.4762,0.0788,0.9096,0.25,-0.09,0.26,0.007,0.2418,2.5987,-1.6119,0.437,-0.2794,1.0773,0.3773,-1.5103,-1.1299,0.7946,-0.0653
8295,VERITEX HOLDINGS INC,"Raymond James Maintains Outperform on Veritex Holdings, Raises Price Target to $28",0,increase,0.8,0.7,,132,28,2.0,2019-10-23,15022.0,-0.2408649772405624,0.6021661975325721,1.5857102501808162,-1.6587680205702782,1.3843656158317952,2.426985632530454,0.0402,-0.5238,1.1339,0.25,-0.09,0.26,0.007,-0.2502749999999999,0.808,-1.2064,1.5766,-0.4739,0.1413,-0.6156,-1.2966,-0.75,0.2301,-0.3615
8303,VALMONT INDUSTRIES INC,Valmont Cuts FY19 EPS Guidance From $8.10-$8.70 To $7.05-$7.45,0,decrease,0.8,0.7,,141,29,0.0,2019-10-23,80128.0,-4.078839719295502,-0.3609585372595703,4.490327346412903,0.1801931648515164,0.7539025593880977,0.7101014694922192,-0.3382,-0.7593,1.2118,0.25,-0.09,0.26,0.007,-0.64815,-3.666,1.6608,-0.8554,1.2623,0.5017,0.2766,0.7503,0.0471,1.2158,-0.2568
8311,VALMONT INDUSTRIES INC,"Valmont Industries Q3 Adj. EPS $1.82 Misses $2.3 Estimate, Sales $690.34M Miss $745.36M Estimate",0,decrease,0.8,0.7,,148,29,0.0,2019-10-23,80128.0,-4.078839719295502,-0.3609585372595703,4.490327346412903,0.1801931648515164,0.7539025593880977,0.7101014694922192,-0.3382,-0.7593,1.2118,0.25,-0.09,0.26,0.007,-0.64815,-3.666,1.6608,-0.8554,1.2623,0.5017,0.2766,0.7503,0.0471,1.2158,-0.2568
8319,VANDA PHARMACEUTICALS INC,Vanda Pharma Offers Results Of Comparative Genomics Study Presented At American Society of Human Genetics Conference,0,uncertain,0.6,0.3,,139,29,1.0,2019-10-23,91186.0,0.3660336136817932,0.4392418335895431,-3.8067312656722807,0.3665633033961057,0.7358309424762233,0.0730940818431058,-0.2191,0.0854,0.7208,0.25,-0.09,0.26,0.007,-0.4063,-0.2634,1.506,-0.0953,-1.051,-3.1406,-1.1774,1.8456,-0.2946,-1.4024,-0.8235
8327,VERINT SYSTEMS INC,"Needham Initiates Coverage On Verint Systems with Buy Rating, Announces $53 Price Target",0,increase,0.8,0.7,,130,28,2.0,2019-10-23,89397.0,1.8126949667930603,5.275390506218436,10.202183325123992,0.2113175578415393,-0.257070860422437,-1.7269168935201915,0.8201,0.804,0.7915,0.25,-0.09,0.26,0.007,0.615225,1.3625,-0.1425,0.334,1.1956,0.2028,0.4783,1.0116,1.9279,-0.0679,1.7327
8335,VERASTEM INC,Verastem Oncology Highlights COPIKTRA Presentations At Lymphoma & Myeloma 2019 Int'l. Congress,0,increase,0.8,0.7,,136,28,2.0,2019-10-23,13202.0,0.0,-19.999997993572137,-18.518517954462087,0.0,0.0,0.0,19.469,19.6903,1.1081,0.25,-0.09,0.26,0.007,19.184975,-0.7268,-4.777,0.8124,-5.9375,-14.4529,1.4481,-1.4022,-0.0579,0.8601,2.8371
8343,VERIZON COMMUNICATIONS INC,Verizon And SAP Announced IoT Analytics Collaboration,0,increase,0.8,0.7,,124,28,2.0,2019-10-23,65875.0,-0.4927713889628649,-0.0985567942573539,-1.2319316444815986,0.032922564423643,-0.4586384416502942,0.5959288963461207,0.181,0.0074,0.3523,0.25,-0.09,0.26,0.007,0.0859249999999999,-0.5654,-0.4295,-0.393,0.102,0.9818,-0.4873,-0.4711,-1.1346,-0.5467,0.7327
8351,WALGREENS BOOTS ALLIANCE INC,"JPMorgan Downgrades Walgreens, Says Near-Term Growth Likely To Remain Challenged",0,decrease,0.8,0.7,,138,29,0.0,2019-10-23,19502.0,-0.2016140148043632,2.382696560904707,9.035924148084296,1.3372404500842094,0.0361672104642663,-1.1083284849838448,-1.3738,-1.7408,1.0142,0.25,-0.09,0.26,0.007,-1.6343499999999995,0.1111,1.1111,0.0826,0.5805,-0.2535,-1.232,3.0268,2.7637,2.2768,-2.6174
8359,WALGREENS BOOTS ALLIANCE INC,"UPDATE: JP Morgan On Walgreens Also Notes 'We find it increasingly difficult to support an OW rating with growth taking longer to realize under the current strategy, limited clarity on the roadmap to improvement and few identifiable near term catalysts'",0,decrease,0.8,0.7,,164,29,0.0,2019-10-23,19502.0,-0.2016140148043632,2.382696560904707,9.035924148084296,1.3372404500842094,0.0361672104642663,-1.1083284849838448,-1.3738,-1.7408,1.0142,0.25,-0.09,0.26,0.007,-1.6343499999999995,0.1111,1.1111,0.0826,0.5805,-0.2535,-1.232,3.0268,2.7637,2.2768,-2.6174
8367,WALGREENS BOOTS ALLIANCE INC,"UPDATE: JP Morgan Downgrades Walgreens To Neutral, Lowers Target To $63 Notes 'With WBA expected to provide FY20 guidance with F4Q1 results on Monday 10/28, we believe adjusted operating profit growth will continue to remain challenged in the near term'",0,decrease,0.8,0.7,,175,29,0.0,2019-10-23,19502.0,-0.2016140148043632,2.382696560904707,9.035924148084296,1.3372404500842094,0.0361672104642663,-1.1083284849838448,-1.3738,-1.7408,1.0142,0.25,-0.09,0.26,0.007,-1.6343499999999995,0.1111,1.1111,0.0826,0.5805,-0.2535,-1.232,3.0268,2.7637,2.2768,-2.6174
8375,WALGREENS BOOTS ALLIANCE INC,"JP Morgan Downgrades Walgreens Boots Alliance to Neutral, Lowers Price Target to $63",0,decrease,0.8,0.7,,137,29,0.0,2019-10-23,19502.0,-0.2016140148043632,2.382696560904707,9.035924148084296,1.3372404500842094,0.0361672104642663,-1.1083284849838448,-1.3738,-1.7408,1.0142,0.25,-0.09,0.26,0.007,-1.6343499999999995,0.1111,1.1111,0.0826,0.5805,-0.2535,-1.232,3.0268,2.7637,2.2768,-2.6174
8383,WESTERN DIGITAL CORP,Western Digital shares are trading lower on seemingly no company-specific news.,0,uncertain,0.7,0.3,,125,29,1.0,2019-10-23,66384.0,3.2437101006507874,7.823067144742302,-6.816999404522994,0.4436896648257971,1.2558051795173777,-1.2747371220567572,-2.0557,-2.4461,1.7362,0.25,-0.09,0.26,0.007,-2.49675,2.8926,1.8346,1.1955,0.1891,-1.2504,-16.094,1.9231,1.2257,-1.715,-0.2678
8391,WINNEBAGO INDUSTRIES INC,"Winnebago Industries Q4 EPS $1.01, Inline, Sales $530.4M Beat $521.39M Estimate",0,increase,0.8,0.6,,145,28,2.0,2019-10-23,51086.0,1.5637625008821487,0.1015422338811689,1.9293197281216037,1.0401949286460876,3.4866888109132077,2.5678030959637166,15.2082,14.7719,1.1529,0.25,-0.09,0.26,0.007,14.912975,2.5884,0.7279,0.1564,-7.2858,3.8337,-1.245,-0.3067,-1.6511,1.4766,0.3295
8399,WHITEHORSE FINANCE INC,"National Securities Initiates Coverage On WhiteHorse Finance with Neutral Rating, Announces $14 Price Target",0,uncertain,0.7,0.3,,135,29,1.0,2019-10-23,13714.0,-0.2123123267665505,0.2477009645053929,0.6064986750601742,0.8664251305162907,1.085387656950232,0.5036017765100542,1.1453,1.0741,0.4277,0.25,-0.09,0.26,0.007,1.0313750000000002,-0.3988,-0.5328,1.0982,0.2113,-1.0121,0.0104,-0.5516,0.0516,0.0051,0.5676
8407,WHIRLPOOL CORP,Whirlpool CFO Says India Continues To Be A Very Strong Business With Very Strong Margins,0,increase,0.8,0.7,,132,28,2.0,2019-10-23,25419.0,-1.0051830671727655,-4.56956319544477,-3.515044973620063,-0.024902616860345,-0.273191625961533,0.2809495847768462,0.9588,0.5629,1.1786,0.25,-0.09,0.26,0.007,0.6571499999999999,-0.5768,-1.6028,-3.8083,0.2111,0.2604,-0.8062,-3.4151,1.6601,1.7354,-0.4714
8415,WASTE MANAGEMENT INC DEL,Waste Management Sees FY19 Adj. EPS $4.28-$4.38 vs $4.30 Est.,0,uncertain,0.6,0.3,,135,29,1.0,2019-10-23,11955.0,-0.1764175482094288,-0.6174513452572916,-3.034314537780725,-0.2984552644193172,-0.1110678251943886,0.550395068823839,-3.0363,-3.193,0.5138,0.25,-0.09,0.26,0.007,-3.1717500000000003,-0.6129,-1.6875,-0.2507,1.0075,-0.0061,-0.459,-0.9732,-0.2816,-2.0023,1.1405
8423,WASTE MANAGEMENT INC DEL,"Waste Management Q3 EPS $1.16 Beats $1.14 Estimate, Sales $3.97B Miss $4B Estimate",0,uncertain,0.6,0.4,,139,29,1.0,2019-10-23,11955.0,-0.1764175482094288,-0.6174513452572916,-3.034314537780725,-0.2984552644193172,-0.1110678251943886,0.550395068823839,-3.0363,-3.193,0.5138,0.25,-0.09,0.26,0.007,-3.1717500000000003,-0.6129,-1.6875,-0.2507,1.0075,-0.0061,-0.459,-0.9732,-0.2816,-2.0023,1.1405
8431,WILLIAMS COS,"Raymond James Maintains Strong Buy on Williams Companies, Lowers Price Target to $32",0,uncertain,0.6,0.3,,127,29,1.0,2019-10-23,38156.0,-1.0230169631540775,-2.4296663953145115,-5.200338405293192,0.737839238718152,1.3094685099543035,1.7982450108162906,1.0771,0.7609,0.9044,0.25,-0.09,0.26,0.007,0.8440000000000001,-0.9449,-0.4344,-1.6795,1.007,-1.2491,-2.0103,1.2337,1.0344,-1.8164,-3.1397
8439,BERKLEY W R CORP,WR Berkley shares are trading higher after the company reported better-than-expected Q3 EPS and sales results.,0,increase,0.8,0.7,,136,28,2.0,2019-10-23,17743.0,-1.6557706519961355,-2.295813933255275,-4.285517879081036,-4.315336421132088,-4.651496692304768,-4.207261502610371,5.9248,5.7258,0.618,0.25,-0.09,0.26,0.007,5.763300000000001,-1.8405,-1.9985,-0.9057,0.9986,0.6349,-0.2745,-1.218,-2.4729,-0.3993,1.5422
8447,WESBANCO INC,"Wesbanco Q3 EPS $0.71 Misses $0.78 Estimate, Sales $96.12M Miss $100.12M Estimate",0,decrease,0.8,0.7,,145,29,0.0,2019-10-23,11293.0,-6.782253086566925,-3.3401357244302377,-2.9321809570785895,1.1648996733129025,2.330461414686535,2.464610475773843,0.3582,-0.0096,0.859,0.25,-0.09,0.26,0.007,0.13645,-6.0045,0.2744,1.0459,1.0299,0.4746,0.1079,-1.9499,-0.4904,-0.2315,0.2109
8455,WATERSTONE FINANCIAL INC NEW,"Waterstone Financial shares are trading higher after the company reported Q3 EPS of $0.42, up from $0.31 from the same quarter last year.",0,increase,0.8,0.7,,147,28,2.0,2019-10-23,90961.0,5.408518761396408,7.422330019185397,9.033381190261624,-0.2881910186260938,-0.5175396994906656,-0.4030028641470284,0.4624,0.3019,0.3452,0.25,-0.09,0.26,0.007,0.3691,5.7975,-0.2795,1.0071,0.4751,0.3314,0.1742,-0.3957,-0.0231,-0.0841,0.6984
8463,WATERSTONE FINANCIAL INC NEW,Waterstone Financial Q3 EPS $0.42 Up From $0.31 YoY,0,increase,0.8,0.7,,133,28,2.0,2019-10-23,90961.0,5.408518761396408,7.422330019185397,9.033381190261624,-0.2881910186260938,-0.5175396994906656,-0.4030028641470284,0.4624,0.3019,0.3452,0.25,-0.09,0.26,0.007,0.3691,5.7975,-0.2795,1.0071,0.4751,0.3314,0.1742,-0.3957,-0.0231,-0.0841,0.6984
8471,WSFS FINANCIAL CORP,"Keefe, Bruyette & Woods Downgrades WSFS Financial to Market Perform, Announces $46 Price Target",0,decrease,0.8,0.7,,138,29,0.0,2019-10-23,10892.0,-1.6143681481480598,-2.273760871289232,0.3183274811069614,2.6012249290943146,2.8221667753350443,3.2081907021294764,-3.0423,-3.4835,0.9011,0.25,-0.09,0.26,0.007,-3.274575,-0.6722,-0.1599,-0.3684,-0.9833,0.1395,-0.8997,-1.4481,0.1715,0.826,0.8367
8479,X P O INC,"Today's Pickup: Canadian Cargo Drone Firm Lands A Big Customer, DSV",0,increase,0.8,0.7,,124,28,2.0,2019-10-23,90175.0,-0.0255711551290005,1.2404108507308331,6.726345726356531,0.064618611941114,0.8861093958155708,0.5846394161089119,1.0075,0.569,1.4189,0.25,-0.09,0.26,0.007,0.6457750000000002,0.5893,0.8182,-0.2092,0.6276,-1.7541,-2.2928,1.0978,1.8274,1.1606,0.6799
8487,X P O INC,"Transportation One Levels Up, Hires Gillihan As Chief Revenue Officer",0,increase,0.8,0.7,,123,28,2.0,2019-10-23,90175.0,-0.0255711551290005,1.2404108507308331,6.726345726356531,0.064618611941114,0.8861093958155708,0.5846394161089119,1.0075,0.569,1.4189,0.25,-0.09,0.26,0.007,0.6457750000000002,0.5893,0.8182,-0.2092,0.6276,-1.7541,-2.2928,1.0978,1.8274,1.1606,0.6799
8495,ZIONS BANCORPORATION N A,"Morgan Stanley Maintains Equal-Weight on Zions Bancorp, Raises Price Target to $52",0,increase,0.8,0.7,,139,28,2.0,2019-10-23,84129.0,-0.8969551883637905,2.6700095692431924,5.068836793038134,5.276995152235031,7.513417737833938,9.17348030319005,-0.2912,-0.8681,1.1114,0.25,-0.09,0.26,0.007,-0.57605,0.0835,0.0714,1.206,0.4959,1.0728,-0.4044,-0.782,-0.4324,0.3181,-0.4851
8503,ACADIA PHARMACEUTICALS,ACADIA Pharmaceuticals Announces Late-Breaking Oral Presentation Of The Phase 3 HARMONY Study Of Pimavanserin In Dementia-Related Psychosis At The Clinical Trials on Alzheimer's Disease (CTAD) 2019 Meeting Dec 4th,0,increase,0.9,0.8,,173,28,2.0,,,,,,,,,,,,,,,,,,,,,,,,,,
8511,ACCENTURE PLC IRELAND,Accenture To Acquire Nytec,0,increase,0.8,0.7,,122,28,2.0,,,,,,,,,,,,,,,,,,,,,,,,,,
8519,ADOBE INC,Box And Adobe Announce Cloud Collaboration,0,increase,0.8,0.7,,116,28,2.0,,,,,,,,,,,,,,,,,,,,,,,,,,
8527,ARCHER DANIELS MIDLAND CO,ADM Milling Announces Flour Recall After FDA Confirmed E. Coli Strain,0,decrease,0.8,0.7,,134,29,0.0,,,,,,,,,,,,,,,,,,,,,,,,,,
8535,AEHR TEST SYSTEMS,Aehr Sees FY20 Sales $27M-$31M vs $29M Estimate,0,uncertain,0.6,0.3,,129,29,1.0,,,,,,,,,,,,,,,,,,,,,,,,,,
8543,AEHR TEST SYSTEMS,"Aehr Test Systems Q1 Adj. EPS $(0.01) Beats $(0.02) Estimate, Sales $5.533M Miss $5.58M Estimate",0,uncertain,0.6,0.4,,146,29,1.0,,,,,,,,,,,,,,,,,,,,,,,,,,
8551,A G N C INVESTMENT CORP,"RBC Capital Initiates Coverage On AGNC Investment with Sector Perform Rating, Announces $16 Price Target",0,uncertain,0.6,0.3,,140,29,1.0,,,,,,,,,,,,,,,,,,,,,,,,,,
8559,ASHFORD HOSPITALITY TRUST INC,Ashford Trust Reports New Franchise Deal For The Hilton Alexandria Old Town,0,increase,0.8,0.7,,135,28,2.0,,,,,,,,,,,,,,,,,,,,,,,,,,
8567,ASSURANT INC,"SunTrust Robinson Humphrey Maintains Buy on Assurant, Raises Price Target to $145",0,increase,0.8,0.7,,128,28,2.0,,,,,,,,,,,,,,,,,,,,,,,,,,
8575,GALLAGHER ARTHUR J & CO,"Arthur J. Gallagher Reports Purchase Of Horseshoe Insurance Services Holdings, No Terms Disclosed",0,increase,0.8,0.7,,140,28,2.0,,,,,,,,,,,,,,,,,,,,,,,,,,
8583,ALBEMARLE CORP,"Buckingham Maintains Neutral on Albemarle, Lowers Price Target to $75",0,decrease,0.8,0.7,,134,29,0.0,,,,,,,,,,,,,,,,,,,,,,,,,,
8591,ALIMERA SCIENCES INC,Alimera Reports Marketing Authorization for ILUVIEN In Portugal For Treatment Of Non-Infectious Posterior Uveitis,0,increase,0.8,0.7,,138,28,2.0,,,,,,,,,,,,,,,,,,,,,,,,,,
8599,A M T D IDEA GROUP,"Wells Fargo Downgrades TD Ameritrade Holding to Underperform, Lowers Price Target to $30",0,decrease,0.8,0.7,,134,29,0.0,,,,,,,,,,,,,,,,,,,,,,,,,,
8607,ARISTA NETWORKS INC,"UPDATE: Nomura Downgrades Arista Networks To Neutral, Lowers Target To $230 As Firm Notes Co's 'Recovery Elusive' As Co. 'faces difficult comps in 1H20 and possible webscale share loss in 2H20'",0,decrease,0.8,0.9,,163,29,0.0,,,,,,,,,,,,,,,,,,,,,,,,,,
8615,ARISTA NETWORKS INC,"Arista Networks shares are trading lower after Nomura analysts downgraded the stock form Buy to Neutral, citing a 'difficult' comps outlook in the first half of 2020 and possible webscale share loss in the second half.",0,decrease,0.8,0.7,,158,29,0.0,,,,,,,,,,,,,,,,,,,,,,,,,,
8623,ARISTA NETWORKS INC,"Nomura Downgrades Arista Networks to Neutral, Lowers Price Target to $230",0,decrease,0.8,0.7,,128,29,0.0,,,,,,,,,,,,,,,,,,,,,,,,,,
8631,AMPCO PITTSBURGH CORP,UPDATE: Ampco Purchase For $8M In Cash To Be Paid For Equity Of ASW,0,uncertain,0.6,0.3,,138,29,1.0,,,,,,,,,,,,,,,,,,,,,,,,,,
8639,AMPCO PITTSBURGH CORP,"Ampco Pittsburgh 8-K Shows Ampco UES Sub, ASW Steel Entered Share Purchase Deal With Valbruna Canada",0,uncertain,0.6,0.3,,145,29,1.0,,,,,,,,,,,,,,,,,,,,,,,,,,
8647,APOLLO GLOBAL MANAGEMENT INC NEW,"Apollo Global management shares are trading higher as a potential rebound from the $35 support level yesterday, the stock has continued today on seemingly no company-specific news.",0,uncertain,0.6,0.3,,145,29,1.0,,,,,,,,,,,,,,,,,,,,,,,,,,
8655,ANTERO RESOURCES CORP,JP Morgan Reinstates Underweight on Antero Resources,0,decrease,0.8,0.7,,126,29,0.0,,,,,,,,,,,,,,,,,,,,,,,,,,
8663,ARES MANAGEMENT CORP,"Ares Mgmt. Reports Strategic Joint Venture With Fidante Partners In Australia, No Terms Disclosed",0,uncertain,0.6,0.3,,132,29,1.0,,,,,,,,,,,,,,,,,,,,,,,,,,
8671,ARAMARK,"Aramark Reports Expansion Of Relationship With Dickies To Provide Added Premium Apparel Options To More Workers, No Terms Disclosed",0,increase,0.8,0.6,,131,28,2.0,,,,,,,,,,,,,,,,,,,,,,,,,,
8679,ARROWHEAD PHARMACEUTICALS INC,"Baird Initiates Coverage On Arrowhead Pharmaceuticals with Outperform Rating, Announces $39 Price Target",0,increase,0.8,0.7,,142,28,2.0,,,,,,,,,,,,,,,,,,,,,,,,,,
8687,ACTIVISION BLIZZARD INC,Activiion Blizzard shares are trading higher on seemingly no company-specific news.,0,uncertain,0.6,0.3,,131,29,1.0,,,,,,,,,,,,,,,,,,,,,,,,,,
8695,AMERICAN AXLE & MFG HLGDS INC,American Axle & Mfg shares are trading lower on seemingly no company-specific news.,0,uncertain,0.7,0.5,,139,29,1.0,,,,,,,,,,,,,,,,,,,,,,,,,,
8703,ACUITY BRANDS INC,"Oppenheimer Maintains Outperform on Acuity Brands, Lowers Price Target to $140",0,decrease,0.8,0.6,,132,29,0.0,,,,,,,,,,,,,,,,,,,,,,,,,,
8711,ACUITY BRANDS INC,"Wells Fargo Maintains Outperform on Acuity Brands, Lowers Price Target to $138",0,uncertain,0.6,0.3,,132,29,1.0,,,,,,,,,,,,,,,,,,,,,,,,,,
8719,ACUITY BRANDS INC,"Credit Suisse Maintains Outperform on Acuity Brands, Lowers Price Target to $140",0,decrease,0.8,0.7,,132,29,0.0,,,,,,,,,,,,,,,,,,,,,,,,,,
8727,BRIGHTCOVE INC,"Brightcove Reports Expansion Of Partnership With Adobe, Has Joined LaunchPoint",0,increase,0.8,0.7,,125,28,2.0,,,,,,,,,,,,,,,,,,,,,,,,,,
8735,BERRY GLOBAL GROUP INC,"Wells Fargo Maintains Outperform on Berry Global Group, Lowers Price Target to $60",0,uncertain,0.6,0.3,,130,29,1.0,,,,,,,,,,,,,,,,,,,,,,,,,,
8743,BIOGEN INC,Biogen Reports Biogen Canada's Results From NURTURE Study,0,increase,0.8,0.7,,120,28,2.0,,,,,,,,,,,,,,,,,,,,,,,,,,
8751,BANKUNITED INC,"Morgan Stanley Maintains Equal-Weight on BankUnited, Lowers Price Target to $37",0,decrease,0.8,0.7,,128,29,0.0,,,,,,,,,,,,,,,,,,,,,,,,,,
8759,B O K FINANCIAL CORP,"Morgan Stanley Maintains Equal-Weight on BOK Financial, Lowers Price Target to $88",0,decrease,0.8,0.7,,137,29,0.0,,,,,,,,,,,,,,,,,,,,,,,,,,
8767,BASSETT FURNITURE INDUSTRIES INC,"Bassett Furniture Indus Q3 EPS $0.21 Down From $0.28 YoY, Sales $109.4M Down From $112.956M YoY",0,decrease,0.8,0.3,,160,29,0.0,,,,,,,,,,,,,,,,,,,,,,,,,,
8775,BLACKSTONE INC,Blackstone shares are trading higher despite no company-specific news. This could potentially be a rebound after the stock dropped 9% over the past 5 days.,0,uncertain,0.6,0.4,,138,29,1.0,,,,,,,,,,,,,,,,,,,,,,,,,,
8783,CITIGROUP INC,"UBS Maintains Buy on Citigroup, Raises Price Target to $93",0,increase,0.9,0.8,,124,28,2.0,,,,,,,,,,,,,,,,,,,,,,,,,,
8791,CITIGROUP INC,This Day In Market History: The $700B TARP Bailout,0,uncertain,0.6,0.3,,123,29,1.0,,,,,,,,,,,,,,,,,,,,,,,,,,
8799,CACI INTERNATIONAL INC,"CACI Wins $70M Task Order To Assist US Navy In Assessing Weapons, Combat Systems",0,increase,0.8,0.7,,130,28,2.0,,,,,,,,,,,,,,,,,,,,,,,,,,
8807,CITIZENS FINANCIAL GROUP INC,"Morgan Stanley Maintains Overweight on Citizens Financial Group, Lowers Price Target to $42",0,uncertain,0.6,0.4,,136,29,1.0,,,,,,,,,,,,,,,,,,,,,,,,,,
8815,CULLEN FROST BANKERS INC,"Morgan Stanley Maintains Underweight on Cullen/Frost Bankers, Lowers Price Target to $92",0,decrease,0.8,0.7,,141,29,0.0,,,,,,,,,,,,,,,,,,,,,,,,,,
8823,CHURCHILL DOWNS INC,Churchill Downs To Acquire Turfway Park For $46M In Cash,0,increase,0.8,0.7,,133,28,2.0,,,,,,,,,,,,,,,,,,,,,,,,,,
8831,CHECK POINT SOFTWARE TECHS LTD,"UPDATE: Suntrust Initiates Check Point Software With Hold, $115 Target As Firm Notes 'Check Point product pipeline is robust, but sales execution remains a show me story and their growth rate has lagged the market growth'",0,decrease,0.8,0.7,,157,29,0.0,,,,,,,,,,,,,,,,,,,,,,,,,,
8839,CHECK POINT SOFTWARE TECHS LTD,"SunTrust Robinson Humphrey Initiates Coverage On Check Point Software Tech with Hold Rating, Announces $115 Price Target",0,uncertain,0.7,0.5,,136,29,1.0,,,,,,,,,,,,,,,,,,,,,,,,,,
8847,CIENA CORP,"Ciena Reports Will Purchase Centina, No Terms Disclosed",0,uncertain,0.6,0.3,,121,29,1.0,,,,,,,,,,,,,,,,,,,,,,,,,,
8855,CLEVELAND CLIFFS INC NEW,Cleveland-Cliffs shares are trading higher despite no company-specific news. This could potentially be a rebound after the stock dropped approximately 20% over the last 13 trading sessions.,0,uncertain,0.7,0.5,,153,29,1.0,,,,,,,,,,,,,,,,,,,,,,,,,,
8863,CLOROX CO,'Share Weakness Across Key Categories': Analysts Weigh In On Clorox's Investor Day,0,decrease,0.8,0.7,,129,29,0.0,,,,,,,,,,,,,,,,,,,,,,,,,,
8871,CLOROX CO,"UPDATE: Credit Suisse On Clorox Also Notes 'Importantly, outlook for U.S., the largest area of concern, has not changed'",0,uncertain,0.6,0.3,,138,29,1.0,,,,,,,,,,,,,,,,,,,,,,,,,,
8879,CLOROX CO,"UPDATE: Credit Suisse Maintains Outperform On Clorox, Lowers Target To $168 As Firm Notes 'Bears will point to decline in guide and worse F/x, but we believe meeting effectively reset forecasts and benchmarked expectations'",0,uncertain,0.7,0.5,,157,29,1.0,,,,,,,,,,,,,,,,,,,,,,,,,,
8887,CLOROX CO,"UPDATE: Deutsche Bank Maintains Hold On Clorox, Raises Target To $145 As Firm Notes 'Analyst Day Takeaways – ST & LT Guidance Cut, Stock Outperforms?; Firm Still Expects Shares 'to drift lower as Street numbers are presumably revised downward'",0,decrease,0.8,0.7,,164,29,0.0,,,,,,,,,,,,,,,,,,,,,,,,,,
8895,CLOROX CO,"Bank of America Maintains Neutral on Clorox, Lowers Price Target to $160",0,decrease,0.8,0.7,,127,29,0.0,,,,,,,,,,,,,,,,,,,,,,,,,,
8903,CLOROX CO,"UBS Maintains Sell on Clorox, Lowers Price Target to $125",0,decrease,0.8,0.7,,126,29,0.0,,,,,,,,,,,,,,,,,,,,,,,,,,
8911,CLOROX CO,"Deutsche Bank Maintains Hold on Clorox, Lowers Price Target to $145",0,decrease,0.8,0.7,,127,29,0.0,,,,,,,,,,,,,,,,,,,,,,,,,,
8919,CLOROX CO,"Credit Suisse Maintains Outperform on Clorox, Lowers Price Target to $168",0,uncertain,0.7,0.5,,128,29,1.0,,,,,,,,,,,,,,,,,,,,,,,,,,
8927,CLOROX CO,"Citigroup Maintains Neutral on Clorox, Lowers Price Target to $163",0,decrease,0.8,0.7,,126,29,0.0,,,,,,,,,,,,,,,,,,,,,,,,,,
8935,COMERICA INC,"Morgan Stanley Maintains Overweight on Comerica, Lowers Price Target to $80",0,uncertain,0.6,0.3,,126,29,1.0,,,,,,,,,,,,,,,,,,,,,,,,,,
8943,C M E GROUP INC,"UBS Maintains Neutral on CME Group, Raises Price Target to $220",0,increase,0.8,0.7,,127,28,2.0,,,,,,,,,,,,,,,,,,,,,,,,,,
8951,CANADIAN NATIONAL RAILWAY CO,Canadian National Truckers Ratify New Contract,0,uncertain,0.6,0.3,,125,29,1.0,,,,,,,,,,,,,,,,,,,,,,,,,,
8959,CENTERPOINT ENERGY INC,CenterPoint Energy Option Alert: Nov 15 $30 Calls at the Ask: 1600 @ $0.391 vs 460 OI; Earnings 11/7 Before Open [est] Ref=$28.84,0,uncertain,0.6,0.3,,155,29,1.0,,,,,,,,,,,,,,,,,,,,,,,,,,
8967,CANTERBURY PARK HOLDING CORP,"Canterbury Park Names Pres, CEO Randy Sampson As Chair",0,uncertain,0.6,0.3,,134,29,1.0,,,,,,,,,,,,,,,,,,,,,,,,,,
8975,CATALYST PHARMACEUTICALS INC,"Chmn McEnany Buys 10,000 Of Catalyst Pharmaceuticals @$4.89",0,increase,0.8,0.7,,139,28,2.0,,,,,,,,,,,,,,,,,,,,,,,,,,
8983,SALESFORCE INC,Salesforce.Com Inc Says Selling Stockholders May Offer And Resell Up To 4.5M Shares Of Salesforce Common Stock,0,uncertain,0.6,0.4,,134,29,1.0,,,,,,,,,,,,,,,,,,,,,,,,,,
8991,CENOVUS ENERGY INC,"UBS Maintains Neutral on Cenovus Energy, Raises Price Target to $13",0,increase,0.8,0.7,,131,28,2.0,,,,,,,,,,,,,,,,,,,,,,,,,,
8999,DELTA AIR LINES INC,Delta Air Lines shares are trading lower after Buckingham Research downgraded the stock from Buy to Neutral and lowered the price target from $74 to $58 per share.,0,decrease,0.8,0.7,,144,29,0.0,,,,,,,,,,,,,,,,,,,,,,,,,,
9007,DELTA AIR LINES INC,"Credit Suisse Maintains Outperform on Delta Air Lines, Lowers Price Target to $71",0,uncertain,0.6,0.3,,132,29,1.0,,,,,,,,,,,,,,,,,,,,,,,,,,
9015,DELTA AIR LINES INC,"Buckingham Research Downgrades Delta Air Lines to Neutral, Lowers Price Target to $58",0,decrease,0.8,0.7,,132,29,0.0,,,,,,,,,,,,,,,,,,,,,,,,,,
9023,DELTA AIR LINES INC,"'Fast Money Halftime Report' Traders Share Their Thoughts On Royal Dutch Shell, Delta And More",0,uncertain,0.6,0.3,,133,29,1.0,,,,,,,,,,,,,,,,,,,,,,,,,,
9031,DELTA AIR LINES INC,Delta Agrees to Raise Stake in Alitalia to 12%,0,uncertain,0.6,0.3,,126,29,1.0,,,,,,,,,,,,,,,,,,,,,,,,,,
9039,DANA INC,"Dana, Valeo Report Collaboration To Supply Complete 48-Volt Electric Vehicle Systems, No Terms Disclosed",0,increase,0.8,0.7,,129,28,2.0,,,,,,,,,,,,,,,,,,,,,,,,,,
9047,DUPONT DE NEMOURS INC,"DuPont To Buy Evoqua Water's Membrane Unit, No Terms Disclosed",0,uncertain,0.6,0.3,,131,29,1.0,,,,,,,,,,,,,,,,,,,,,,,,,,
9055,DISCOVER FINANCIAL SERVICES,"Credit Cards For Kids: Pros, Cons And More",0,uncertain,0.6,0.3,,123,29,1.0,,,,,,,,,,,,,,,,,,,,,,,,,,
9063,DELTA APPAREL INC,Delta Apparel Shares Positive Q4 Preliminary Results,0,increase,0.8,0.7,,122,28,2.0,,,,,,,,,,,,,,,,,,,,,,,,,,
9071,DELTA APPAREL INC,Delta Apparel Sees Prelim. Q4 Sales $104M-$106M vs $105.7M Estimate; FY19 Sales $428M-$430M vs $429.5M Est.,0,uncertain,0.6,0.3,,153,29,1.0,,,,,,,,,,,,,,,,,,,,,,,,,,
9079,DELUXE CORP,"Deluxe Reports New Deal With Ingram Micro To Bring Products, Marketing Solutions, No Terms Disclosed",0,increase,0.8,0.7,,130,28,2.0,,,,,,,,,,,,,,,,,,,,,,,,,,
9087,ELECTRONIC ARTS INC,Electronic Arts Says Aware Of Potential Issue Affecting Registration Page For FIFA 20 Global Series That Went Live On Thursday,0,uncertain,0.6,0.3,,136,29,1.0,,,,,,,,,,,,,,,,,,,,,,,,,,
9095,ENANTA PHARMACEUTICALS INC,"Enanta Pharma Highlights New Data From Co.'s Phase 2a Human Challenge Study Of EDP-938 For RSV Showed Highly Statistically Significant Reductions in Total Symptom Score, Mucus Weight and RSV Viral Load as Measured by RT-PCR Assay and by Plaque Assay",0,increase,0.9,0.8,,182,28,2.0,,,,,,,,,,,,,,,,,,,,,,,,,,
9103,EQUINIX INC,"Stifel Maintains Buy on Equinix, Raises Price Target to $610",0,increase,0.8,0.7,,128,28,2.0,,,,,,,,,,,,,,,,,,,,,,,,,,
9111,E Q T CORP,Shares of several oil and gas companies are trading lower following a larger-than-expected build in US crude inventories. Crude futures also moved lower on weak US PMI numbers.,0,decrease,0.8,0.7,,146,29,0.0,,,,,,,,,,,,,,,,,,,,,,,,,,
9119,EMBRAER S A,"Boeing, Embraer Report Continue To Work Closely To Establish Strategic Partnership; Boeing Will Own 80% Of New Co., Named Boeing Brasil - Commercial",0,uncertain,0.7,0.5,,146,29,1.0,,,,,,,,,,,,,,,,,,,,,,,,,,
9127,ELBIT SYSTEMS LTD,Elbit Systems Reports Its Elbit Systems Of America Subsidiary Wins $23M Order By US Marine Corps,0,increase,0.8,0.7,,134,28,2.0,,,,,,,,,,,,,,,,,,,,,,,,,,
9135,EAST WEST BANCORP INC,"SunTrust Robinson Humphrey Maintains Buy on East West Bancorp, Lowers Price Target to $54",0,uncertain,0.6,0.3,,136,29,1.0,,,,,,,,,,,,,,,,,,,,,,,,,,
9143,ISHARES TRUST,"UK's Johnson Says Sees Momentum Behind Brexit Proposals, But Not Going To Pretend Its A Done Deal",0,uncertain,0.7,0.5,,135,29,1.0,,,,,,,,,,,,,,,,,,,,,,,,,,
9151,ISHARES TRUST,Spokesperson For UK Prime Minister Johnson Says Is Disappointed By US Tariff List,0,uncertain,0.6,0.3,,130,29,1.0,,,,,,,,,,,,,,,,,,,,,,,,,,
9159,EXPONENT INC,"Sidoti & Co. Maintains Neutral on Exponent, Raises Price Target to $72",0,increase,0.8,0.7,,125,28,2.0,,,,,,,,,,,,,,,,,,,,,,,,,,
9167,DIAMONDBACK ENERGY INC,Diamondback Energy shares are trading higher on seemingly no company-specific news.,0,uncertain,0.7,0.3,,128,29,1.0,,,,,,,,,,,,,,,,,,,,,,,,,,
9175,FUELCELL ENERGY INC,"FuelCell Energy Reports Deal With E.ON Solutions To Develop European Market, No Terms Disclosed",0,increase,0.8,0.6,,129,28,2.0,,,,,,,,,,,,,,,,,,,,,,,,,,
9183,FUELCELL ENERGY INC,FuelCell Energy shares are trading higher after the company announced NRG Energy has extended a $40 million revolving construction and term financing facility to FuelCell Finance for the purpose of project development by the company and its subsidiaries.,0,increase,0.9,0.8,,153,28,2.0,,,,,,,,,,,,,,,,,,,,,,,,,,
9191,FEDEX CORP,"Loss Of Parcel Select Business Could Hit USPS Hard, Consultancy Says",0,increase,0.8,0.7,,122,28,2.0,,,,,,,,,,,,,,,,,,,,,,,,,,
9199,FIFTH THIRD BANCORP,"Morgan Stanley Maintains Equal-Weight on Fifth Third Bancorp, Lowers Price Target to $31",0,decrease,0.8,0.7,,138,29,0.0,,,,,,,,,,,,,,,,,,,,,,,,,,
9207,AMICUS THERAPEUTICS INC,Amicus Therapeutics shares are trading higher in seemingly no company-specific news.,0,uncertain,0.7,0.3,,133,29,1.0,,,,,,,,,,,,,,,,,,,,,,,,,,
9215,GLACIER BANCORP INC NEW,"SunTrust Robinson Humphrey Maintains Buy on Glacier Bancorp, Lowers Price Target to $41",0,uncertain,0.7,0.5,,139,29,1.0,,,,,,,,,,,,,,,,,,,,,,,,,,
9223,GEVO INC,Trump Administration Expected To Announce Details On US Biofuels Deal By Friday,0,increase,0.8,0.7,,122,28,2.0,,,,,,,,,,,,,,,,,,,,,,,,,,
9231,GILEAD SCIENCES INC,Gilead Receives FDA Approval For Descovy In HIV Pre-Exposure Prophylaxis,0,increase,0.8,0.7,,133,28,2.0,,,,,,,,,,,,,,,,,,,,,,,,,,
9239,GOPRO INC,"Wedbush Maintains Neutral, $5.50 Target On GoPro As Firm Expects 'more volatility in shares of GPRO before yearend, depending on holiday sell-through of its new product lineup'",0,uncertain,0.7,0.5,,148,29,1.0,,,,,,,,,,,,,,,,,,,,,,,,,,
9247,GOPRO INC,"GoPro Crashes 20% After Production Delay, Analysts Remain Cautious",0,decrease,0.8,0.7,,124,29,0.0,,,,,,,,,,,,,,,,,,,,,,,,,,
9255,GOPRO INC,GoPro Option Alert: Jan 17 $6 Puts Sweep (2) near the Bid: 3350 @ $2.041 vs 7692 OI; Earnings 10/31 After Close [est] Ref=$4.0701,0,uncertain,0.6,0.4,,159,29,1.0,,,,,,,,,,,,,,,,,,,,,,,,,,
9263,GOPRO INC,"Morgan Stanley Maintains Underweight on GoPro, Lowers Price Target to $4.5",0,decrease,0.8,0.7,,127,29,0.0,,,,,,,,,,,,,,,,,,,,,,,,,,
9271,GOPRO INC,GoPro shares are trading lower after the company cut H2'19 EPS and sales guidance. The company also issued FY19 EPS and sales guidance below analyst estimates and issued Q3 EPS guidance below analyst estimates.,0,decrease,0.8,0.9,,148,29,0.0,,,,,,,,,,,,,,,,,,,,,,,,,,
9279,GAP INC,Gap Option Alert: Dec 20 $17 Puts at the Ask: 4000 @ $2.03 vs 1341 OI; Earnings 11/19 After Close [est] Ref=$16.15,0,uncertain,0.6,0.4,,151,29,1.0,,,,,,,,,,,,,,,,,,,,,,,,,,
9287,GRAN TIERRA ENERGY INC,Gran Tierra Energy Appoints Tony Berthelet As COO,0,uncertain,0.6,0.3,,128,29,1.0,,,,,,,,,,,,,,,,,,,,,,,,,,
9295,HAIN CELESTIAL GROUP INC,"Hain Celestial Shares Unaffected Amid Report 'Buyout firm PAI Partners bakes bid for Hain Daniels Group, the food company behind Mary Berry-branded desserts, Linda McCartney, Robertson's marmalade, Sun-Pat and Gale's honey'",0,uncertain,0.7,0.5,,169,29,1.0,,,,,,,,,,,,,,,,,,,,,,,,,,
9303,HERON THERAPEUTICS INC,"Heron Therapeutics Reports Offering Of Common Stock, No Size Disclosed",0,uncertain,0.6,0.3,,131,29,1.0,,,,,,,,,,,,,,,,,,,,,,,,,,
9311,HERON THERAPEUTICS INC,"JMP Securities Reiterates Market Outperform on Heron Therapeutics, Lowers Price Target to $32",0,uncertain,0.6,0.4,,139,29,1.0,,,,,,,,,,,,,,,,,,,,,,,,,,
9319,INDEPENDENT BANK GROUP INC,"SunTrust Robinson Humphrey Maintains Hold on Independent Bank Gr, Lowers Price Target to $60",0,decrease,0.8,0.7,,133,29,0.0,,,,,,,,,,,,,,,,,,,,,,,,,,
9327,I G C PHARMA INC,India Globalization Capital Granted Patent Titled 'Method And Composition For Treating CNS Disorders (With THC/CBD),0,increase,0.8,0.7,,137,28,2.0,,,,,,,,,,,,,,,,,,,,,,,,,,
9335,INCYTE CORP,"Mizuho Initiates Coverage On Incyte with Buy Rating, Announces $95 Price Target",0,increase,0.8,0.7,,128,28,2.0,,,,,,,,,,,,,,,,,,,,,,,,,,
9343,ISHARES TRUST,Commerce Secretary Ross Says U.S. Renegotiating Grant of Special Trade Privilege to India,0,uncertain,0.7,0.5,,131,29,1.0,,,,,,,,,,,,,,,,,,,,,,,,,,
9351,INTUIT INC,"Intuit Reaffirms Prelim. Q1, FY20 Guidance",0,uncertain,0.7,0.3,,121,29,1.0,,,,,,,,,,,,,,,,,,,,,,,,,,
9359,INTERNATIONAL PAPER CO,International Paper Option Alert: Oct 18 $40 Calls Sweep (39) near the Ask: 724 @ $0.801 vs 4493 OI; Earnings 10/31 Before Open Ref=$39.4761,0,uncertain,0.6,0.4,,156,29,1.0,,,,,,,,,,,,,,,,,,,,,,,,,,
9367,J & J SNACK FOODS CORP,J&J Snack Foods Corp. Acquires ICEE Distributor In Louisiana; Terms Not Disclosed,0,increase,0.8,0.7,,140,28,2.0,,,,,,,,,,,,,,,,,,,,,,,,,,
9375,JOHNSON & JOHNSON,J&J's Janssen Reports FDA Breakthrough Therapy Designation Granted For Niraparib For Treatment Of Metastatic Castration-Resistant Prostate Cancer,0,increase,0.8,0.7,,153,28,2.0,,,,,,,,,,,,,,,,,,,,,,,,,,
9383,KEYCORP NEW,"Morgan Stanley Maintains Overweight on KeyCorp, Lowers Price Target to $20.5",0,uncertain,0.6,0.3,,129,29,1.0,,,,,,,,,,,,,,,,,,,,,,,,,,
9391,KEYCORP NEW,"UBS Maintains Buy on KeyCorp, Raises Price Target to $22",0,increase,0.8,0.7,,124,28,2.0,,,,,,,,,,,,,,,,,,,,,,,,,,
9399,COCA COLA CO,Coca-Cola Option Alert: Nov 15 $50 Calls at the Ask: 2000 @ $4.05 vs 23522 OI; Earnings 10/18 Before Open Ref=$53.448,0,uncertain,0.6,0.3,,155,29,1.0,,,,,,,,,,,,,,,,,,,,,,,,,,
9407,KROGER CO,Kroger Shares Quiet As Traders Circulate Speculation From Dealreporter Co. Is An Activist Target,0,uncertain,0.6,0.3,,132,29,1.0,,,,,,,,,,,,,,,,,,,,,,,,,,
9415,KRATOS DEFENSE & SECUR SOLS INC,"Kratos Wins Prime Contract Award To Deliver Up To 33 Oriole Rocket Motors To US Gov't. Customer, No Terms Disclosed",0,increase,0.8,0.7,,150,28,2.0,,,,,,,,,,,,,,,,,,,,,,,,,,
9423,LAZARD LTD,Lazard Asset Management Laying Off As Much As 7% Of Global Workforce,0,uncertain,0.7,0.5,,126,29,1.0,2019-10-03,90701.0,0.8751547895371914,4.025674143921787,8.051348245133894,-0.4690702073276043,-2.999997834527912,-2.0484682210099137,0.972,0.5541,1.4395,0.8,-0.22,-0.89,0.007,-0.1866,-0.9735,1.3176,2.6875,-0.6562,0.6762,0.5388,-0.1288,2.4157,-0.8347,-1.5298
9431,LENNAR CORP,"Analysts Like Lennar Q3 Print, Say Homebuilder Well Positioned For Growth",0,increase,0.8,0.7,,128,28,2.0,2019-10-03,52708.0,1.674933172762394,0.5810975505319949,4.409504446152113,3.7688415497541423,3.52730771742491,5.665201901155337,1.1934,0.8054,0.5957,0.8,-0.22,-0.89,0.007,0.70984,1.1747,-0.1493,0.7349,-0.3749,-0.3396,-1.6366,1.1242,0.4639,2.2857,-0.9568
9439,LENNAR CORP,"Analysts Like Lennar Q3 Print, Say Homebuilder Well Positioned For Growth",0,increase,0.8,0.7,,128,28,2.0,2019-10-03,52708.0,1.674933172762394,0.5810975505319949,4.409504446152113,3.7688415497541423,3.52730771742491,5.665201901155337,1.1934,0.8054,0.5957,0.8,-0.22,-0.89,0.007,0.70984,1.1747,-0.1493,0.7349,-0.3749,-0.3396,-1.6366,1.1242,0.4639,2.2857,-0.9568
9447,LENNAR CORP,"BTIG Maintains Buy on Lennar, Raises Price Target to $75",0,increase,0.8,0.7,,127,28,2.0,2019-10-03,52708.0,1.674933172762394,0.5810975505319949,4.409504446152113,3.7688415497541423,3.52730771742491,5.665201901155337,1.1934,0.8054,0.5957,0.8,-0.22,-0.89,0.007,0.70984,1.1747,-0.1493,0.7349,-0.3749,-0.3396,-1.6366,1.1242,0.4639,2.2857,-0.9568
9455,LENNAR CORP,"BTIG Maintains Buy on Lennar, Raises Price Target to $75",0,increase,0.8,0.7,,127,28,2.0,2019-10-03,52708.0,1.674933172762394,0.5810975505319949,4.409504446152113,3.7688415497541423,3.52730771742491,5.665201901155337,1.1934,0.8054,0.5957,0.8,-0.22,-0.89,0.007,0.70984,1.1747,-0.1493,0.7349,-0.3749,-0.3396,-1.6366,1.1242,0.4639,2.2857,-0.9568
9463,LENNAR CORP,"Buckingham Maintains Buy on Lennar, Raises Price Target to $67",0,increase,0.8,0.7,,128,28,2.0,2019-10-03,52708.0,1.674933172762394,0.5810975505319949,4.409504446152113,3.7688415497541423,3.52730771742491,5.665201901155337,1.1934,0.8054,0.5957,0.8,-0.22,-0.89,0.007,0.70984,1.1747,-0.1493,0.7349,-0.3749,-0.3396,-1.6366,1.1242,0.4639,2.2857,-0.9568
9471,LENNAR CORP,"Buckingham Maintains Buy on Lennar, Raises Price Target to $67",0,increase,0.8,0.7,,128,28,2.0,2019-10-03,52708.0,1.674933172762394,0.5810975505319949,4.409504446152113,3.7688415497541423,3.52730771742491,5.665201901155337,1.1934,0.8054,0.5957,0.8,-0.22,-0.89,0.007,0.70984,1.1747,-0.1493,0.7349,-0.3749,-0.3396,-1.6366,1.1242,0.4639,2.2857,-0.9568
9479,LENNAR CORP,"JMP Securities Reiterates Market Outperform on Lennar, Raises Price Target to $65",0,increase,0.8,0.7,,131,28,2.0,2019-10-03,52708.0,1.674933172762394,0.5810975505319949,4.409504446152113,3.7688415497541423,3.52730771742491,5.665201901155337,1.1934,0.8054,0.5957,0.8,-0.22,-0.89,0.007,0.70984,1.1747,-0.1493,0.7349,-0.3749,-0.3396,-1.6366,1.1242,0.4639,2.2857,-0.9568
9487,LENNAR CORP,"JMP Securities Reiterates Market Outperform on Lennar, Raises Price Target to $65",0,increase,0.8,0.7,,131,28,2.0,2019-10-03,52708.0,1.674933172762394,0.5810975505319949,4.409504446152113,3.7688415497541423,3.52730771742491,5.665201901155337,1.1934,0.8054,0.5957,0.8,-0.22,-0.89,0.007,0.70984,1.1747,-0.1493,0.7349,-0.3749,-0.3396,-1.6366,1.1242,0.4639,2.2857,-0.9568
9495,LENNAR CORP,"RBC Capital Maintains Outperform on Lennar, Raises Price Target to $63",0,increase,0.8,0.7,,129,28,2.0,2019-10-03,52708.0,1.674933172762394,0.5810975505319949,4.409504446152113,3.7688415497541423,3.52730771742491,5.665201901155337,1.1934,0.8054,0.5957,0.8,-0.22,-0.89,0.007,0.70984,1.1747,-0.1493,0.7349,-0.3749,-0.3396,-1.6366,1.1242,0.4639,2.2857,-0.9568
9503,LENNAR CORP,"RBC Capital Maintains Outperform on Lennar, Raises Price Target to $63",0,increase,0.8,0.7,,129,28,2.0,2019-10-03,52708.0,1.674933172762394,0.5810975505319949,4.409504446152113,3.7688415497541423,3.52730771742491,5.665201901155337,1.1934,0.8054,0.5957,0.8,-0.22,-0.89,0.007,0.70984,1.1747,-0.1493,0.7349,-0.3749,-0.3396,-1.6366,1.1242,0.4639,2.2857,-0.9568
9511,LITTELFUSE INC,"Jefferies Initiates Coverage On Littelfuse with Buy Rating, Announces $215 Price Target",0,increase,0.9,0.8,,134,28,2.0,2019-10-03,77918.0,2.0506925880908966,0.5240662680195962,6.824264272779246,-0.5501488223671913,-3.1470316368232942,-3.234352474392632,2.2244,1.4869,1.3432,0.8,-0.22,-0.89,0.007,1.14284,0.5466,-0.0898,-0.0903,-0.3515,0.3906,0.5141,0.9441,0.3515,-0.2502,0.4338
9519,LILLY ELI & CO,Eli Lilly Highlights Head-To-Head Data Showed Taltz Superiority Vs. TREMFYA In People with Moderate to Severe Plaque Psoriasis,0,increase,0.8,0.7,,147,28,2.0,2019-10-03,50876.0,0.8481647819280624,-0.3448623281567697,1.090500549181117,-3.5688526928424835,-4.319057122474479,-4.778857744848219,0.271,-0.5226,0.631,0.8,-0.22,-0.89,0.007,-0.2408,-0.298,-0.0099,0.31,-0.7559,-0.8403,0.8485,-0.4832,1.0747,-1.2312,0.4896
9527,LOCKHEED MARTIN CORP,US State Department Approves Possible Sale Of $39.2M Worth Of Javelin Missiles And Related Equipment To Ukraine,0,increase,0.8,0.7,,140,28,2.0,2019-10-03,21178.0,1.28664281219244,1.7944554275076685,-0.789349072549228,-1.5695355832576752,-3.0508111770517155,-2.5034139662159505,0.5024,-0.1964,0.7442,0.8,-0.22,-0.89,0.007,-0.09996,0.2059,0.0024,0.7387,-0.0694,0.1635,-2.2702,0.3999,-0.7237,0.2399,-1.7729
9535,MACYS INC,Macy's Will Hire 80K Seasonal Workers For 2019 Holiday Season,0,increase,0.8,0.7,,124,28,2.0,2019-10-03,77462.0,1.0810799896717072,3.3783783544099943,6.621618281382036,-5.787784978747368,-5.727157969651186,-4.185744571201688,1.0239,1.3658,1.183,0.8,-0.22,-0.89,0.007,0.0705,-0.1875,0.8842,0.8811,-0.1792,1.8224,0.7485,-2.2108,1.4687,0.2743,-0.581
9543,M E I PHARMA INC,MEI Pharma Announces Updated Clinical Data From ME-401 Phase 1B Study In Patients With Indolent B-Cell Malignancies,0,increase,0.9,0.8,,144,28,2.0,2019-10-03,89935.0,-4.999995231628418,-8.33333205653829,-0.5555547400242666,2.4242473766207695,0.5952445944384932,-0.5882347967817392,6.5089,6.4393,0.9338,0.8,-0.22,-0.89,0.007,5.75486,-5.6644,-1.0147,-0.1009,-0.6599,-0.0981,-1.8482,1.2473,-0.5631,1.9269,3.4171
9551,M F A FINANCIAL INC,"RBC Capital Reinstates Outperform on MFA Financial, Announces $8 Price Target",0,increase,0.8,0.7,,134,28,2.0,2019-10-03,85935.0,1.3661189004778862,3.278685341952303,3.415300471304094,0.4120842553675174,-0.6793503411974711,-1.2162181757340962,0.1368,0.0605,0.4561,0.8,-0.22,-0.89,0.007,-0.23508,0.7799,0.0453,0.6513,0.3047,1.1373,-0.7924,-0.1626,-0.407,-0.1084,0.5634
9559,MARKETAXESS HLDGS INC,"Buckingham Maintains Underperform on MarketAxess Holdings, Raises Price Target to $249",0,uncertain,0.6,0.3,,136,29,1.0,2019-10-03,90454.0,2.9953178018331528,6.59918435015745,3.811680690324226,-1.9322477281093595,-2.677859169591102,-1.841637311800981,5.6882,4.6765,0.2774,0.8,-0.22,-0.89,0.007,5.459280000000001,2.1559,0.477,-0.0864,1.6875,0.7497,-2.8431,0.0676,-0.309,-1.9366,3.1327
9567,MANNKIND CORP,Mallinckrodt Option Alert: Nov 15 $4 Calls Sweep (11) near the Ask: 642 @ $0.4 vs 1 OI; Earnings 11/5 Before Open [est] Ref=$2.54,0,uncertain,0.6,0.3,,165,29,1.0,2019-10-03,90285.0,4.838705062866211,2.419352617462311,3.225803388382431,-1.5873000025749209,-0.7999991900864201,-0.7999991900864201,0.0,-0.5859,0.8881,0.8,-0.22,-0.89,0.007,-0.71748,4.4042,3.1713,-0.611,-0.7089,-2.0947,-1.0795,1.5014,-2.9324,-0.4889,-1.0806
9575,ALTRIA GROUP INC,FTC Says Will Study E-Cigarette Manufacturers' Sales And Advertising Campaign Methods,0,uncertain,0.7,0.3,,127,29,1.0,2019-10-03,13901.0,2.0583193749189377,5.317319495237327,8.502811161805779,-2.3080678656697273,-1.68704737477805,0.1993473054660022,1.4922,1.2106,0.5473,0.8,-0.22,-0.89,0.007,1.04736,1.131,1.5382,0.4612,0.41,0.6983,-1.5091,0.3264,1.2313,0.4327,1.9458
9583,HELLO GROUP INC,Momo Option Alert: Oct 11 $34 Calls Sweep (12) near the Ask: 3660 @ $0.73 vs 52 OI; Ref=$33.43,0,increase,0.8,0.7,,147,28,2.0,2019-10-03,15135.0,0.1799681223928928,-0.4499144611666228,3.7492502512178394,3.6565903574228287,5.229176729569329,4.420240837432399,2.2699,1.008,1.4132,0.8,-0.22,-0.89,0.007,1.1323399999999997,-1.3428,-0.9232,-1.2027,1.0383,2.1022,-0.2898,1.5302,-0.723,1.4147,-2.4882
9591,MARATHON PETROLEUM CORP,Refineries Push Back Against Washington Crude-By-Rail Law; IMO 2020 Cited,0,uncertain,0.6,0.3,,138,29,1.0,2019-10-03,12872.0,1.2333361431956291,3.21666729711767,6.833330870603183,-1.954289898276329,-2.551439023362123,-5.158598991734853,1.3514,0.8305,1.414,0.8,-0.22,-0.89,0.007,0.2132,-0.5746,-0.0066,1.4111,0.1083,1.3503,0.4506,-0.1006,0.0777,-2.021,1.7218
9599,MERCK & CO INC NEW,What's Behind PDS Biotech's Rally?,0,uncertain,0.6,0.3,,122,29,1.0,2019-10-03,22752.0,2.7314506471157074,1.232782685953615,1.2811279766427264,-2.380095422267914,-3.0410993984531176,-1.5559049254226576,1.3722,0.4938,0.6267,0.8,-0.22,-0.89,0.007,0.8638400000000002,1.6172,-0.3979,-0.3856,0.1929,-0.9863,0.1832,0.3563,-0.2056,-0.3047,-0.7559
9607,MERCK & CO INC NEW,"PDS Biotech Reports Clinical Collaboration With Merck For Evaluation Of Combo Of PDS0101, Merck's KEYTRUDA",0,increase,0.8,0.7,,139,28,2.0,2019-10-03,22752.0,2.7314506471157074,1.232782685953615,1.2811279766427264,-2.380095422267914,-3.0410993984531176,-1.5559049254226576,1.3722,0.4938,0.6267,0.8,-0.22,-0.89,0.007,0.8638400000000002,1.6172,-0.3979,-0.3856,0.1929,-0.9863,0.1832,0.3563,-0.2056,-0.3047,-0.7559
9615,MORGAN STANLEY DEAN WITTER & CO,"Morgan Stanley To Report Q3 Earnings Thurs., Oct. 17, 2019 Before Market Open",0,uncertain,0.6,0.3,,147,29,1.0,2019-10-03,69032.0,1.3167671859264374,1.9875758645187205,7.925462611321477,-2.779123932123184,-5.718300312410507,-6.092438409363165,0.0497,-0.2468,1.3755,0.8,-0.22,-0.89,0.007,-1.0577,-0.5681,0.3481,0.1977,0.3283,0.4254,0.3084,1.0145,-0.5148,0.7643,1.3527
9623,M & T BANK CORP,"Morgan Stanley Maintains Equal-Weight on M&T Bank, Lowers Price Target to $172",0,decrease,0.8,0.7,,133,29,0.0,2019-10-03,35554.0,1.9793495535850525,2.5751353429236623,0.6950902157364602,-2.5826185941696167,-5.2035203969364225,-5.33535769012069,0.8748,1.2753,0.9891,0.8,-0.22,-0.89,0.007,0.07652,0.7768,0.39,-0.5051,0.5562,0.8029,-0.5765,0.3388,0.6841,-0.06,-4.4331
9631,VAIL RESORTS INC,"SunTrust Robinson Humphrey Maintains Buy on Vail Resorts, Raises Price Target to $280",0,increase,0.8,0.7,,132,28,2.0,2019-10-03,84588.0,1.0279924608767033,-0.4530987669575381,3.144346177881796,-2.0568914711475372,-1.6523091024872485,-5.561647630218114,2.1448,0.8302,0.9101,0.8,-0.22,-0.89,0.007,1.40972,-0.3226,-1.3451,0.8092,-0.9191,0.3988,-0.8046,0.2483,-1.1671,1.9937,1.2921
9639,MYERS INDUSTRIES INC,"Myers Industries Announces Resignation Of CEO, Names Interim CEO",0,uncertain,0.7,0.5,,128,29,1.0,2019-10-03,65365.0,-7.018556445837021,-7.192574354011283,-4.814384902536684,0.171912764199078,-0.9631732792109382,-1.019254306652806,-1.373,-1.5316,0.8842,0.8,-0.22,-0.89,0.007,-2.08736,-7.7159,2.7161,-0.1057,-0.1845,-1.1398,-1.0403,2.4579,-2.309,0.7553,-0.7651
9647,NORWEGIAN CRUISE LINE HLDGS LTD,"Norwegian Cruise Line Reports CEO Andy Stuart To Step Down, Appoints Harry Sommer As Successor Effective December 31, 2019",0,uncertain,0.7,0.3,,152,29,1.0,2019-10-03,13760.0,0.6231808103621006,-0.1038620730410166,3.4067291906594965,-3.191487491130829,-5.080164319849234,-3.6848315802781473,-2.035,-2.8522,1.0883,0.8,-0.22,-0.89,0.007,-2.912640000000001,-0.6473,0.5955,-1.0559,-0.6241,1.4479,0.6173,0.7225,-0.7047,-0.5181,0.0566
9655,NATIONAL CINEMEDIA INC,"National CineMedia, LLC Late Wednesday Announced Pricing Of $400M Senior Secured Notes Due 2028",0,uncertain,0.6,0.3,,136,29,1.0,2019-10-03,91822.0,1.9670017063617704,4.314722740051202,6.218271288541155,-1.5872914344072342,-1.7073096823890466,-3.473053291019746,-2.2333,-2.8059,0.7999,0.8,-0.22,-0.89,0.007,-2.88022,1.3435,0.4612,2.2754,1.0189,-0.0493,-1.0429,-0.6541,0.5374,0.6174,-1.2173
9663,NEWMONT CORP,'Buy Newmont Goldcorp Stock Because There Is a 'Value Opportunity in the Stock'' -Barrons,0,increase,0.8,0.7,,133,28,2.0,2019-10-03,21207.0,0.498432433232665,2.1511010525930185,0.4984324603335643,0.8253395557403564,-0.1318545375402102,-1.380215024302478,0.6602,0.4689,-0.2467,0.8,-0.22,-0.89,0.007,0.85056,0.9596,-0.3098,1.3126,0.0266,0.839,-3.1749,1.0532,-0.8106,0.3428,1.0206
9671,NEWMONT CORP,Deutsche Bank Upgrades Newmont Goldcorp to Buy,0,increase,0.8,0.7,,122,28,2.0,2019-10-03,21207.0,0.498432433232665,2.1511010525930185,0.4984324603335643,0.8253395557403564,-0.1318545375402102,-1.380215024302478,0.6602,0.4689,-0.2467,0.8,-0.22,-0.89,0.007,0.85056,0.9596,-0.3098,1.3126,0.0266,0.839,-3.1749,1.0532,-0.8106,0.3428,1.0206
9679,NETFLIX INC,Netflix Working With Italian Tax Authorities Over Probe By Milan Prosecutors,0,uncertain,0.6,0.3,,121,29,1.0,2019-10-03,89393.0,1.7303802073001862,4.598179235907707,9.397729965559808,-0.5749639589339495,0.1532036967544892,1.88156164948019,0.0448,-1.8503,1.5102,0.8,-0.22,-0.89,0.007,-1.17036,-0.3114,1.1584,0.9866,-2.4912,4.276,-0.9504,1.2388,-2.2349,1.1084,1.456
9687,NETFLIX INC,Italian Broadcaster Mediaset Will Partner With Netflix To Produce Movies In Italy,0,increase,0.8,0.7,,124,28,2.0,2019-10-03,89393.0,1.7303802073001862,4.598179235907707,9.397729965559808,-0.5749639589339495,0.1532036967544892,1.88156164948019,0.0448,-1.8503,1.5102,0.8,-0.22,-0.89,0.007,-1.17036,-0.3114,1.1584,0.9866,-2.4912,4.276,-0.9504,1.2388,-2.2349,1.1084,1.456
9695,NETFLIX INC,Netflix shares are trading lower after an Italian prosecutor opened a probe for alleged tax evasion targeting the company.,0,uncertain,0.7,0.5,,128,29,1.0,2019-10-03,89393.0,1.7303802073001862,4.598179235907707,9.397729965559808,-0.5749639589339495,0.1532036967544892,1.88156164948019,0.0448,-1.8503,1.5102,0.8,-0.22,-0.89,0.007,-1.17036,-0.3114,1.1584,0.9866,-2.4912,4.276,-0.9504,1.2388,-2.2349,1.1084,1.456
9703,NETFLIX INC,Italian Prosecutors Open Probe for Alleged Tax Evasion Targeting  Netflix,0,uncertain,0.7,0.5,,124,29,1.0,2019-10-03,89393.0,1.7303802073001862,4.598179235907707,9.397729965559808,-0.5749639589339495,0.1532036967544892,1.88156164948019,0.0448,-1.8503,1.5102,0.8,-0.22,-0.89,0.007,-1.17036,-0.3114,1.1584,0.9866,-2.4912,4.276,-0.9504,1.2388,-2.2349,1.1084,1.456
9711,N I O INC,Traders Circulate Bullish Blog Post With Privatization Thesis On NIO,0,increase,0.8,0.7,,125,28,2.0,2019-10-03,18087.0,-1.2195110321044922,-6.707318269955797,-10.975606655141522,20.454543828964233,1.9230838317970012,-9.142854425330771,3.1447,2.4869,1.4576,0.8,-0.22,-0.89,0.007,1.9716199999999997,-2.3688,-4.0257,12.2469,-3.7686,-6.7603,-0.6416,-1.0221,-0.6814,-6.2639,-2.1265
9719,N I O INC,NIO Option Alert: Oct 18 $1.5 Puts at the Bid: 5900 @ $0.21 vs 10190 OI; Earnings 11/5 Before Open [est] Ref=$1.605,0,uncertain,0.6,0.4,,158,29,1.0,2019-10-03,18087.0,-1.2195110321044922,-6.707318269955797,-10.975606655141522,20.454543828964233,1.9230838317970012,-9.142854425330771,3.1447,2.4869,1.4576,0.8,-0.22,-0.89,0.007,1.9716199999999997,-2.3688,-4.0257,12.2469,-3.7686,-6.7603,-0.6416,-1.0221,-0.6814,-6.2639,-2.1265
9727,ANNALY CAPITAL MANAGEMENT INC,"RBC Capital Initiates Coverage On Annaly Capital Management with Outperform Rating, Announces $10 Price Target",0,increase,0.8,0.7,,135,28,2.0,2019-10-03,85414.0,0.0,0.3464172860227599,3.906068801740048e-08,-0.582074373960495,-2.954547929085005,-2.288327341588414,1.4052,1.4414,0.4054,0.8,-0.22,-0.89,0.007,1.0738800000000002,-0.5568,0.0564,-0.2313,0.5761,0.0972,-0.3433,-0.3865,-0.5411,0.0037,0.1027
9735,NANOVIRICIDES INC,"NanoViricides Highlights Interview Of Co.'s Pres, Chair Anil Diwan By Proactive Investors, Discussed Recent Developments",0,uncertain,0.6,0.3,,139,29,1.0,2019-10-03,14133.0,-7.784430682659149,7.185629915577296,21.61676391095375,-1.4778311364352703,-2.4390221111231014,-23.076920049809335,-16.5,-16.8534,-0.202,0.8,-0.22,-0.89,0.007,-16.3454,-7.558,14.1544,-2.7475,-2.354,7.1738,-1.9328,-13.1553,14.0327,6.0921,9.9656
9743,SERVICENOW INC,"UPDATE: Suntrust Initiates ServiceNow With Buy, $321 Target Notes Catalysts 'include further penetration of the federal space, further international expansion, emerging products increasing the addressable market, and leverage from integrator partnerships'",0,increase,0.8,0.7,,155,28,2.0,2019-10-03,13447.0,3.5396572202444077,2.2574494040317195,-1.1889488780189803,-1.3113176450133324,-2.7575339775083862,-1.3625783467070884,4.2617,1.9379,1.3553,0.8,-0.22,-0.89,0.007,3.1704600000000003,1.6429,1.1093,-1.715,0.2075,0.0474,1.2096,-0.0911,-0.0639,-6.5677,-1.1204
9751,SERVICENOW INC,ServiceNow shares are trading higher after SunTrust Robinson Humphrey initiated coverage on the stock with a Buy rating and announced a price target of $321 per share.,0,increase,0.9,0.8,,142,28,2.0,2019-10-03,13447.0,3.5396572202444077,2.2574494040317195,-1.1889488780189803,-1.3113176450133324,-2.7575339775083862,-1.3625783467070884,4.2617,1.9379,1.3553,0.8,-0.22,-0.89,0.007,3.1704600000000003,1.6429,1.1093,-1.715,0.2075,0.0474,1.2096,-0.0911,-0.0639,-6.5677,-1.1204
9759,SERVICENOW INC,"SunTrust Robinson Humphrey Initiates Coverage On ServiceNow with Buy Rating, Announces $321 Price Target",0,increase,0.8,0.9,,132,28,2.0,2019-10-03,13447.0,3.5396572202444077,2.2574494040317195,-1.1889488780189803,-1.3113176450133324,-2.7575339775083862,-1.3625783467070884,4.2617,1.9379,1.3553,0.8,-0.22,-0.89,0.007,3.1704600000000003,1.6429,1.1093,-1.715,0.2075,0.0474,1.2096,-0.0911,-0.0639,-6.5677,-1.1204
9767,NORFOLK SOUTHERN CORP,Norfolk Southern Rail Bridge Collapses In Missouri Flooding,0,decrease,0.8,0.7,,132,29,0.0,2019-10-03,64311.0,1.2953558936715126,0.8264483907614473,7.678334246304286,-3.0231988057494164,-5.549371454447682,-6.181231134940601,0.5422,-0.0374,1.1198,0.8,-0.22,-0.89,0.007,-0.3606399999999999,-0.302,-0.1815,-1.0462,0.3462,0.9038,2.3612,0.2003,0.1854,0.4356,1.1998
9775,NVIDIA CORP,NVIDIA shares are trading higher despite no company-specific news. This could potentially be a rebound im sympathy with the overall market.,0,uncertain,0.6,0.3,,131,29,1.0,2019-10-03,86580.0,0.3640194423496723,0.9486522055513592,7.159007281206864,-0.551728019490838,-0.5917240399109458,0.7452251967405177,4.7792,2.8894,1.9706,0.8,-0.22,-0.89,0.007,3.195720000000001,-2.1688,1.9898,-0.7059,0.425,0.4731,-0.9711,0.8024,3.0008,-0.7671,-1.3406
9783,N V 5 GLOBAL INC,NV5 Wins $12M In Airport Expansion Contracts,0,increase,0.8,0.7,,123,28,2.0,2019-10-03,14166.0,2.421487495303154,2.582920694788138,2.905787154408679,1.043076068162918,-2.0946248433960757,1.6887156724106234,1.9449,1.1937,1.2811,0.8,-0.22,-0.89,0.007,0.9130200000000002,1.0636,-1.1416,3.2579,-1.3215,0.9519,-2.7204,1.0448,0.0882,-0.7513,-1.6431
9791,ORGANOVO HOLDINGS INC,Organovo Holdings shares are trading higher after the company confirmed that it received a proposal from Viscient Biosciences to acquire the company.,0,increase,0.8,0.7,,142,28,2.0,2019-10-03,14033.0,-7.621243596076965,-10.39260424348446,-5.971624883023208,5.940224230289459,7.48559914590976,3.588605224476127,8.25,7.7586,0.9025,0.8,-0.22,-0.89,0.007,7.521000000000001,-8.2778,5.4774,-0.1833,-5.4444,-0.8556,1.4136,6.7084,-1.7995,-4.1956,-1.2209
9799,ORGANOVO HOLDINGS INC,Organovo Acknowledges Receipt of Proposal from Viscient Biosciences,0,uncertain,0.6,0.3,,130,29,1.0,2019-10-03,14033.0,-7.621243596076965,-10.39260424348446,-5.971624883023208,5.940224230289459,7.48559914590976,3.588605224476127,8.25,7.7586,0.9025,0.8,-0.22,-0.89,0.007,7.521000000000001,-8.2778,5.4774,-0.1833,-5.4444,-0.8556,1.4136,6.7084,-1.7995,-4.1956,-1.2209
9807,OCCIDENTAL PETROLEUM CORP,"Occidental Announces Start Up Of Co.'s First Solar Facility, Signs 12-Year Power Purchase Agreement To Source Solar Energy For PErmian Basin Operations",0,increase,0.9,0.8,,148,28,2.0,2019-10-03,34833.0,-0.3009283915162086,-5.023152568344392,-6.64351580753385,-1.8962802365422249,-3.4405275954422554,-4.8737281093187645,0.6055,0.3526,1.0084,0.8,-0.22,-0.89,0.007,-0.2082199999999999,-1.5635,-1.6865,-1.487,-0.7321,-0.1831,-1.2562,-1.1991,-0.2265,-1.1459,-0.5035
9815,PACWEST BANCORP DE,"SunTrust Robinson Humphrey Maintains Hold on PacWest Banc, Lowers Price Target to $39",0,decrease,0.8,0.6,,135,29,0.0,2019-10-03,88343.0,1.930174045264721,1.1637804162485166,2.724947605937844,-0.9029337204992772,-3.357185506460858,-3.0236123605790644,0.3132,0.7537,1.1921,0.8,-0.22,-0.89,0.007,-0.64748,0.7228,-0.6803,0.0804,0.6735,0.4462,-0.4361,-0.0452,1.2364,-3.2291,0.5032
9823,PAMPA ENERGIA S A,"Citigroup Upgrades Pampa Energia to Buy, Lowers Price Target to $24.3",0,uncertain,0.6,0.4,,139,29,1.0,2019-10-03,93067.0,3.695407882332802,-3.6954073175785696,-11.982083746454764,2.036069706082344,1.0368681715852368,5.0299407219814185,1.8244,1.1726,1.3633,0.8,-0.22,-0.89,0.007,0.7267600000000001,2.1338,-2.8865,-4.0149,-3.4629,4.5715,-3.2669,-3.1381,0.8741,-3.6006,-3.6931
9831,PALO ALTO NETWORKS INC,"UPDATE: Suntrust Initiates Palo Alto Networks With Buy, $246 Target As Firm Notes Co. 'has evolved into an end-to-end security platform and we believe it is one of the best-positioned vendors in the security space'",0,increase,0.9,0.8,,161,28,2.0,2019-10-03,13511.0,1.0121848434209824,0.4029532970487137,2.7871042119871348,0.200001779012382,0.7751566416255073,1.4871589813861164,1.4848,0.2395,0.807,0.8,-0.22,-0.89,0.007,0.8321999999999999,0.0652,1.2823,-1.506,0.6714,-0.1223,-0.5784,1.7769,-1.6188,0.3031,-0.346
9839,PALO ALTO NETWORKS INC,"SunTrust Robinson Humphrey Initiates Coverage On Palo Alto Networks with Buy Rating, Announces $246 Price Target",0,increase,0.9,0.8,,137,28,2.0,2019-10-03,13511.0,1.0121848434209824,0.4029532970487137,2.7871042119871348,0.200001779012382,0.7751566416255073,1.4871589813861164,1.4848,0.2395,0.807,0.8,-0.22,-0.89,0.007,0.8321999999999999,0.0652,1.2823,-1.506,0.6714,-0.1223,-0.5784,1.7769,-1.6188,0.3031,-0.346
9847,PAYCHEX INC,Paychex shares are trading lower after the company reported worse-than-expected Q1 sales results.,0,decrease,0.8,0.7,,128,29,0.0,2019-10-03,61621.0,2.168121375143528,1.671517646413756,2.6283986330615683,1.782878302037716,0.700739145964091,2.2448501302165136,-0.9478,-1.8881,0.8815,0.8,-0.22,-0.89,0.007,-1.66,0.7666,-1.2805,0.3394,0.229,0.3809,-0.0987,0.1141,-0.6651,0.2344,-0.1373
9855,PROSPERITY BANCSHARES INC,"Morgan Stanley Maintains Equal-Weight on Prosperity Bancshares, Lowers Price Target to $66",0,decrease,0.8,0.7,,144,29,0.0,2019-10-03,86432.0,1.643185317516327,0.7482315324344624,2.5528138187953298,-0.8589372038841248,-3.5820456362599007,-4.219409310471079,0.0881,0.5592,1.0254,0.8,-0.22,-0.89,0.007,-0.7392200000000002,0.6318,-0.0623,-0.4891,0.7155,0.0924,0.0872,0.5611,-0.3371,-0.9845,-0.7251
9863,PUBLIC SERVICE ENTERPRISE GP INC,"RBC Capital Maintains Sector Perform on Public Service Enterprise, Raises Price Target to $62",0,increase,0.8,0.7,,133,28,2.0,2019-10-03,23712.0,1.0382858105003834,-0.2109038118806028,0.6651522625137352,-0.6645054090768099,-1.2725529859556328,-1.1132601402985889,0.5711,0.1749,0.2774,0.8,-0.22,-0.89,0.007,0.34218,0.3442,0.0132,-1.2329,0.0422,-0.5054,1.3071,-0.9636,-0.167,0.1989,0.7887
9871,PEPSICO INC,PepsiCo shares are trading higher after the company reported better-than-expected Q3 EPS and sales results. The company also issued FY19 EPS guidance above analyst estimates.,0,increase,0.9,0.8,,143,28,2.0,2019-10-03,13856.0,1.703767292201519,-0.028995390940989,-0.7032452045826698,-2.4969009682536125,-2.3048895477177367,-1.2241914272715038,2.9789,2.4394,0.51,0.8,-0.22,-0.89,0.007,2.5639,0.6238,-1.0542,-0.0662,-0.4748,-0.6073,-0.4468,-0.322,-1.1472,0.5053,0.8594
9879,PEPSICO INC,PepsiCo Trades Higher On Q3 Earnings Beat,0,increase,0.9,0.8,,121,28,2.0,2019-10-03,13856.0,1.703767292201519,-0.028995390940989,-0.7032452045826698,-2.4969009682536125,-2.3048895477177367,-1.2241914272715038,2.9789,2.4394,0.51,0.8,-0.22,-0.89,0.007,2.5639,0.6238,-1.0542,-0.0662,-0.4748,-0.6073,-0.4468,-0.322,-1.1472,0.5053,0.8594
9887,PEPSICO INC,Pepsi Sees FY19 Adj. EPS $5.50 vs $5.52 Estimate,0,decrease,0.8,0.6,,129,29,0.0,2019-10-03,13856.0,1.703767292201519,-0.028995390940989,-0.7032452045826698,-2.4969009682536125,-2.3048895477177367,-1.2241914272715038,2.9789,2.4394,0.51,0.8,-0.22,-0.89,0.007,2.5639,0.6238,-1.0542,-0.0662,-0.4748,-0.6073,-0.4468,-0.322,-1.1472,0.5053,0.8594
9895,PEPSICO INC,"PepsiCo Q3 EPS $1.56 Beats $1.5 Estimate, Sales $17.19B Beat $16.93B Estimate",0,increase,0.9,0.8,,140,28,2.0,2019-10-03,13856.0,1.703767292201519,-0.028995390940989,-0.7032452045826698,-2.4969009682536125,-2.3048895477177367,-1.2241914272715038,2.9789,2.4394,0.51,0.8,-0.22,-0.89,0.007,2.5639,0.6238,-1.0542,-0.0662,-0.4748,-0.6073,-0.4468,-0.322,-1.1472,0.5053,0.8594
9903,P N C FINANCIAL SERVICES GRP INC,"UBS Maintains Neutral on PNC Financial Services Gr, Raises Price Target to $142",0,increase,0.8,0.7,,139,28,2.0,2019-10-03,60442.0,2.735321968793869,1.236014395725693,5.185228960285726,-1.093294471502304,-3.1820823798654585,-3.340695580605124,0.759,0.9781,1.0538,0.8,-0.22,-0.89,0.007,-0.0910400000000001,1.345,0.0965,-0.8408,-0.628,0.4082,-0.1024,0.308,0.1599,0.56,0.8544
9911,INSULET CORP,Guggenheim Securities Downgrades Insulet to Neutral,0,decrease,0.8,0.7,,121,29,0.0,2019-10-03,92050.0,-1.9471902400255203,-2.3883096684066407,-1.3926566977379595,-3.3931151032447815,-4.623173801957348,-4.000371131112235,0.8805,-0.9778,0.8586,0.8,-0.22,-0.89,0.007,0.1866199999999999,-3.1138,1.8328,-1.9547,0.3672,0.0568,-1.9267,-0.554,0.798,0.5286,-0.3593
9919,INSULET CORP,Guggenheim Downgrades Insulet to Neutral,0,decrease,0.8,0.7,,120,29,0.0,2019-10-03,92050.0,-1.9471902400255203,-2.3883096684066407,-1.3926566977379595,-3.3931151032447815,-4.623173801957348,-4.000371131112235,0.8805,-0.9778,0.8586,0.8,-0.22,-0.89,0.007,0.1866199999999999,-3.1138,1.8328,-1.9547,0.3672,0.0568,-1.9267,-0.554,0.798,0.5286,-0.3593
9927,PERRIGO CO PLC,Perrigo Highlights Relaunch Of AB-Rated Generic Version Of Transderm Scop 1.5 MG,0,increase,0.8,0.7,,134,28,2.0,2019-10-03,77182.0,0.752023933455348,-2.237260218098247,2.2560645191051165,-1.9018279388546944,-3.095365030670627,-1.491450834903274,-1.791,-2.0837,1.1861,0.8,-0.22,-0.89,0.007,-2.74688,-0.4263,0.1929,-0.8449,-0.5656,-0.2892,0.742,-0.1779,0.0389,0.0204,-0.2201
9935,PRUDENTIAL PLC,Macquarie Initiates Coverage On Prudential with Outperform Rating,0,increase,0.8,0.7,,123,28,2.0,2019-10-03,88310.0,2.0408185198903084,4.635569033650766,11.574347795598229,-3.439529612660408,-5.880734842404422,-5.46508294563981,0.146,-0.2326,1.1608,0.8,-0.22,-0.89,0.007,-0.7896400000000001,0.5279,-0.647,0.4596,-0.2868,3.7706,3.5666,-2.1948,-0.056,-0.0779,2.6338
9943,QUANTA SERVICES INC,Captiva Verde Gains Full Commercialization License In Mexico Through New Acquisition,0,increase,0.8,0.7,,123,28,2.0,2019-10-03,85792.0,1.3938188552856443,3.416233935394275,7.406392759384173,-0.4103904590010643,-3.703697703854236,-3.525232694795555,0.522,0.2903,1.1644,0.8,-0.22,-0.89,0.007,-0.4165200000000001,0.1575,0.9885,1.3507,-0.0569,0.9376,0.6886,0.4985,-0.0788,-0.5056,-0.3883
9951,PIONEER NATURAL RESOURCES CO,Pioneer Natural Resources shares are trading higher despite no company-specific news. This could potentially be a rebound after the stock dropped approximately 20% since September 16th.,0,uncertain,0.6,0.4,,152,29,1.0,2019-10-03,75241.0,0.6095071788877249,3.737271191097391,2.4139822108458775,-0.6161176133900881,-3.808534192631208,-4.2273562332419745,3.0666,2.8517,1.4455,0.8,-0.22,-0.89,0.007,1.9032,-1.1019,-0.1956,1.6246,1.4922,1.3424,0.2562,-1.5221,-0.9804,-1.6191,-1.2339
9959,QUALYS INC,"SunTrust Robinson Humphrey Initiates Coverage On Qualys with Hold Rating, Announces $85 Price Target",0,uncertain,0.6,0.3,,128,29,1.0,2019-10-03,13600.0,-0.6583069451153278,-5.456383609246984,-2.10152644852335,2.71903295069933,3.480213423199019,4.755519548389731,1.0102,-0.9227,1.1815,0.8,-0.22,-0.89,0.007,0.058,-2.0531,0.2413,-1.5275,1.0517,-3.35,2.476,0.9125,-0.4928,-0.5541,-2.7918
9967,RITE AID CORP,Rite Aid shares are trading higher after the company announced it has appointed Jim Peters as the company's Chief Operating Officer.,0,increase,0.8,0.7,,136,28,2.0,2019-10-03,46922.0,8.11966061592102,22.079767724784883,26.353274413502454,-1.1527366004884243,-1.294959356158598,-5.7692315573074975,2.3324,3.0662,1.386,0.8,-0.22,-0.89,0.007,1.2165999999999997,7.1095,7.077,3.3241,0.4089,3.9346,3.6536,1.8884,-1.5883,-4.481,-1.4754
9975,REGIONS FINANCIAL CORP NEW,"UBS Maintains Buy on Regions Financial, Raises Price Target to $18",0,increase,0.8,0.7,,132,28,2.0,2019-10-03,35044.0,1.0505634360015392,-0.787917851140596,2.0354591300762337,-1.7498409375548365,-4.171933373357817,-5.012532507970413,0.4617,0.9289,1.2994,0.8,-0.22,-0.89,0.007,-0.5848200000000002,-0.3873,0.4148,-0.834,-0.6316,0.3988,-0.0555,0.2222,0.3147,-0.7681,-0.4288
9983,RYMAN HOSPITALITY PROPERTIES INC,Ryman Hospitality Properties Announces Upsizing And Prizing Of $200M 4.750% Senior Notes Due 2027,0,uncertain,0.6,0.3,,148,29,1.0,2019-10-03,85426.0,0.5576861090958118,0.0247820372462959,1.8837483284348977,-0.4589465912431478,-1.906854477763387,-1.9667733219696948,0.5483,0.2178,0.7819,0.8,-0.22,-0.89,0.007,-0.08422,-0.1987,0.0208,0.9879,-0.3402,-0.223,0.8174,-0.1776,0.5834,-0.7826,-1.3324
9991,RCI HOSPITALITY HOLDINGS INC,RCI Hospitality Holdings Has Been Notified That It Is Now In Compliance With Nasdaq Periodic Filing Requirement,0,increase,0.8,0.7,,141,28,2.0,2019-10-03,82518.0,0.1013194443657994,-3.1408253681400544,-3.3941240052468458,-0.7256875745952129,-0.7736936605503009,-2.192560062682969,-3.8012,-4.2897,1.1274,0.8,-0.22,-0.89,0.007,-4.71012,-1.292,-0.4503,1.6983,-2.1442,-1.5111,-0.0474,-0.5421,0.2173,-1.6726,-1.1588
9999,RINGCENTRAL INC,Avaya Announces Strategic Partnership With RingCentral To Accelerate Transformation To The Cloud,0,increase,0.8,0.7,,127,28,2.0,2019-10-03,14136.0,28.03826332092285,36.780613861842035,33.42480512362951,-1.6829794272780418,-3.30256366720324,-1.8893794240100403,4.9626,2.5457,1.5095,0.8,-0.22,-0.89,0.007,3.748,26.0554,6.3613,2.0481,-0.2235,-0.3038,-2.4678,2.0587,-1.9682,-2.6803,-1.6473
10007,RINGCENTRAL INC,RingCentral shares are trading higher on seemingly no company-specific news,0,uncertain,0.6,0.3,,123,29,1.0,2019-10-03,14136.0,28.03826332092285,36.780613861842035,33.42480512362951,-1.6829794272780418,-3.30256366720324,-1.8893794240100403,4.9626,2.5457,1.5095,0.8,-0.22,-0.89,0.007,3.748,26.0554,6.3613,2.0481,-0.2235,-0.3038,-2.4678,2.0587,-1.9682,-2.6803,-1.6473
10015,ROLLINS INC,Rollins Reports Successfully Divested $200M Pension Liability,0,increase,0.8,0.7,,120,28,2.0,2019-10-03,36003.0,1.3231425546109676,2.3816565912351706,4.76331320994845,-0.2686571795493364,-1.937187742394375,-0.0897093800902415,1.7959,1.1225,0.7511,0.8,-0.22,-0.89,0.007,1.18802,0.1796,-0.3669,0.6794,0.5035,0.4505,0.1621,-0.2408,-0.0788,0.5218,0.5134
10023,R P M INTERNATIONAL INC,RPM Raises Quarterly Dividend From $0.35 To $0.36/Share,0,increase,0.8,0.1,,129,28,2.0,2019-10-03,65307.0,1.6770627349615097,1.1279342016284,2.631756904255811,0.1339943031780421,-2.2525729595041177,-2.0104854914774317,0.1784,-0.3451,0.7626,0.8,-0.22,-0.89,0.007,-0.4386799999999999,0.6388,-0.4367,-1.1936,0.1776,1.4152,-0.4679,-0.3345,-0.0537,0.0749,0.3879
10031,R P M INTERNATIONAL INC,Vertical Group Upgrades RPM International to Hold,0,uncertain,0.6,0.3,,119,29,1.0,2019-10-03,65307.0,1.6770627349615097,1.1279342016284,2.631756904255811,0.1339943031780421,-2.2525729595041177,-2.0104854914774317,0.1784,-0.3451,0.7626,0.8,-0.22,-0.89,0.007,-0.4386799999999999,0.6388,-0.4367,-1.1936,0.1776,1.4152,-0.4679,-0.3345,-0.0537,0.0749,0.3879
10039,INVESCO E T F TRUST,Keep An Eye On This Equal-Weight ETF Giant In October,0,uncertain,0.6,0.3,,127,29,1.0,2019-10-03,17746.0,1.1126943863928318,0.4564867292994101,2.681882822667081,-1.8890997394919395,-3.4141398756848185,-2.9562148427631163,0.728,0.142,0.9353,0.8,-0.22,-0.89,0.007,-0.02724,-0.1564,-0.1645,-0.2021,0.0637,0.1722,0.1432,-0.0358,-0.0897,-0.0131,0.0339
10047,SMUCKER J M CO,"JM Smucker Reports Issued Voluntary Recall Of Specific Lots Of Robin Hood All Purpose Flour Distributed, Sold In US Only",0,uncertain,0.7,0.5,,137,29,1.0,2019-10-03,42585.0,1.2696308083832264,0.6489182643517388,1.843317102028408,-1.0837330482900145,-2.9358261305833966,-2.0634630108527174,-0.4308,-0.5934,0.2364,0.8,-0.22,-0.89,0.007,-0.62692,0.8133,-0.1597,-0.9495,-0.0589,0.4147,-0.207,-0.1646,0.2142,0.3484,0.8414
10055,SMITH & NEPHEW PLC,Hearing Wellington Mgmt. Group 13D Filing On Smith & Nephew Shows 5.22% Stake,0,uncertain,0.6,0.3,,142,29,1.0,2019-10-03,87444.0,1.4505347236990929,1.2340327223492764,3.5938512945052015,-3.255815804004669,-4.924169102349851,-4.587157425536647,1.5691,0.8421,0.379,0.8,-0.22,-0.89,0.007,1.2589,0.9313,0.7397,-0.3755,-0.1608,-0.1612,0.0184,-0.3961,-0.0059,1.1441,0.4438
10063,SYNOVUS FINANCIAL CORP,"Morgan Stanley Maintains Overweight on Synovus Financial, Lowers Price Target to $43",0,uncertain,0.6,0.4,,139,29,1.0,2019-10-03,20053.0,1.7104152590036392,-0.5603026975586345,3.479800328455629,-1.7096498981118202,-5.1454145836714265,-4.852744174537804,-0.0295,0.4565,1.2931,0.8,-0.22,-0.89,0.007,-1.07098,0.3847,-0.9198,-0.5908,-0.0761,0.7118,0.6363,0.4927,0.0558,-0.9357,-0.1213
10071,EMEREN GROUP LTD,Shah Capital Invests $11M in ReneSola; 100M Shares Priced @$0.11/Share,0,uncertain,0.6,0.3,,137,29,1.0,2019-10-03,92543.0,-6.666668504476547,-6.000002243221059,5.333336569972125,2.649004198610782,4.026841849167839,-1.89873959428285,-3.2258,-3.4449,0.8039,0.8,-0.22,-0.89,0.007,-3.87592,-7.714,-7.5651,5.9642,6.1116,-2.6036,0.3498,2.2828,10.226,-1.8008,-0.8913
10079,SPLUNK INC,"UPDATE: Suntrust Initiates Splunk With Buy, $160 Target Notes Co. 'has a number of growth drivers, including a growing partner ecosystem, international expansion, and new products... and new deployment models'",0,increase,0.8,0.7,,149,28,2.0,2019-10-03,13379.0,3.2960548996925354,-0.6558470415727324,-4.817963127291469,-1.264203805476427,-1.926017576332939,-2.0921576518610485,2.8895,0.8471,1.2606,0.8,-0.22,-0.89,0.007,1.87402,1.8416,-0.8696,-1.1222,0.4129,-0.8752,0.5296,-0.4865,-1.7358,-4.9451,-1.8537
10087,SPLUNK INC,Box And Splunk To Power Automated Threat Detection And Response In Enterprise,0,increase,0.8,0.7,,120,28,2.0,2019-10-03,13379.0,3.2960548996925354,-0.6558470415727324,-4.817963127291469,-1.264203805476427,-1.926017576332939,-2.0921576518610485,2.8895,0.8471,1.2606,0.8,-0.22,-0.89,0.007,1.87402,1.8416,-0.8696,-1.1222,0.4129,-0.8752,0.5296,-0.4865,-1.7358,-4.9451,-1.8537
10095,SPLUNK INC,"SunTrust Robinson Humphrey Initiates Coverage On Splunk with Buy Rating, Announces $160 Price Target",0,increase,0.8,0.7,,128,28,2.0,2019-10-03,13379.0,3.2960548996925354,-0.6558470415727324,-4.817963127291469,-1.264203805476427,-1.926017576332939,-2.0921576518610485,2.8895,0.8471,1.2606,0.8,-0.22,-0.89,0.007,1.87402,1.8416,-0.8696,-1.1222,0.4129,-0.8752,0.5296,-0.4865,-1.7358,-4.9451,-1.8537
10103,SPIRIT AEROSYSTEMS HOLDINGS INC,Spirit Aerosystems Is Reportedly Front-runner To Buy Bombardier's  Aerostructures Plants In Belfast And Morocco,0,increase,0.8,0.7,,145,28,2.0,2019-10-03,91594.0,1.9059322774410248,2.029702221333207,2.636135204151424,-0.7125329691916704,-1.7266515520602432,-1.8579220863152668,-0.0247,-0.5169,0.986,0.8,-0.22,-0.89,0.007,-0.8205,0.7084,0.3152,0.8033,0.4485,-0.6463,-0.1451,-0.087,-1.2395,0.4418,-1.0732
10111,SPERO THERAPEUTICS INC,Spero Therapeutics Shares Up ~4-5% Over Last 15 Mins As Hearing Janney Raised Price Target On Stock To New Street High Of $31; BZ NOTE: Represents Potential Upside Of 187%,0,increase,0.8,0.7,,163,28,2.0,2019-10-03,17044.0,1.8482543528079989,3.2101161119930666,10.408566619565573,-2.7436137199401855,-3.0188739425821565,-5.6880726294724955,0.0,-0.1484,0.7971,0.8,-0.22,-0.89,0.007,-0.64468,1.4158,-1.0394,-0.5315,1.11,3.4793,2.2274,-1.0214,0.0532,-1.8138,3.6592
10119,SPERO THERAPEUTICS INC,Spero Therapeutics Highlights Recommendation To Continue Phase 3 Trial Of SPR994 As Planned Following Independent Review Committee Analysis of SPR994 Treated Patients in Lead-in Cohort of Trial,0,uncertain,0.7,0.3,,153,29,1.0,2019-10-03,17044.0,1.8482543528079989,3.2101161119930666,10.408566619565573,-2.7436137199401855,-3.0188739425821565,-5.6880726294724955,0.0,-0.1484,0.7971,0.8,-0.22,-0.89,0.007,-0.64468,1.4158,-1.0394,-0.5315,1.11,3.4793,2.2274,-1.0214,0.0532,-1.8138,3.6592
10127,CONSTELLATION BRANDS INC,"Constellation Brands Inc Exec Says New Hard Seltzer To Be Introduced In Four Flavors & Will Contain 90 Calories, 0 Carbs And 0 Sugars",0,increase,0.9,0.8,,148,28,2.0,2019-10-03,69796.0,-0.2676768461242318,-0.7978934803974713,1.5597646227791362,-1.2511390261352062,-0.2363978444853254,0.3834919082827737,-6.0593,-6.6592,0.7818,0.8,-0.22,-0.89,0.007,-6.69174,-1.4461,-2.2377,1.6434,0.2677,0.1585,-0.7116,0.0411,1.2036,1.0561,-0.834
10135,CONSTELLATION BRANDS INC,"Constellation Brands Inc Exec Says New Hard Seltzer To Be Introduced In Four Flavors & Will Contain 90 Calories, 0 Carbs And 0 Sugars",0,increase,0.9,0.8,,148,28,2.0,2019-10-03,69796.0,-0.2676768461242318,-0.7978934803974713,1.5597646227791362,-1.2511390261352062,-0.2363978444853254,0.3834919082827737,-6.0593,-6.6592,0.7818,0.8,-0.22,-0.89,0.007,-6.69174,-1.4461,-2.2377,1.6434,0.2677,0.1585,-0.7116,0.0411,1.2036,1.0561,-0.834
10143,CONSTELLATION BRANDS INC,"Constellation Brands Trades Lower On Q2 Earnings, Expects Wine And Spirit Losses In 2020",0,decrease,0.8,0.7,,135,29,0.0,2019-10-03,69796.0,-0.2676768461242318,-0.7978934803974713,1.5597646227791362,-1.2511390261352062,-0.2363978444853254,0.3834919082827737,-6.0593,-6.6592,0.7818,0.8,-0.22,-0.89,0.007,-6.69174,-1.4461,-2.2377,1.6434,0.2677,0.1585,-0.7116,0.0411,1.2036,1.0561,-0.834
10151,CONSTELLATION BRANDS INC,"Constellation Brands Trades Lower On Q2 Earnings, Expects Wine And Spirit Losses In 2020",0,decrease,0.8,0.7,,135,29,0.0,2019-10-03,69796.0,-0.2676768461242318,-0.7978934803974713,1.5597646227791362,-1.2511390261352062,-0.2363978444853254,0.3834919082827737,-6.0593,-6.6592,0.7818,0.8,-0.22,-0.89,0.007,-6.69174,-1.4461,-2.2377,1.6434,0.2677,0.1585,-0.7116,0.0411,1.2036,1.0561,-0.834
10159,CONSTELLATION BRANDS INC,Constellation Brands shares are trading lower after the company reported Q2 sales in-line with analyst estimates. Investors could have expected better earnings results.,0,decrease,0.8,0.7,,140,29,0.0,2019-10-03,69796.0,-0.2676768461242318,-0.7978934803974713,1.5597646227791362,-1.2511390261352062,-0.2363978444853254,0.3834919082827737,-6.0593,-6.6592,0.7818,0.8,-0.22,-0.89,0.007,-6.69174,-1.4461,-2.2377,1.6434,0.2677,0.1585,-0.7116,0.0411,1.2036,1.0561,-0.834
10167,CONSTELLATION BRANDS INC,Constellation Brands shares are trading lower after the company reported Q2 sales in-line with analyst estimates. Investors could have expected better earnings results.,0,decrease,0.8,0.7,,140,29,0.0,2019-10-03,69796.0,-0.2676768461242318,-0.7978934803974713,1.5597646227791362,-1.2511390261352062,-0.2363978444853254,0.3834919082827737,-6.0593,-6.6592,0.7818,0.8,-0.22,-0.89,0.007,-6.69174,-1.4461,-2.2377,1.6434,0.2677,0.1585,-0.7116,0.0411,1.2036,1.0561,-0.834
10175,CONSTELLATION BRANDS INC,"Constellation Brands Raises FY20 Adj. EPS Guidance From $8.65-$8.95 To $9-$9.20, Operating Cash Flow To ~$2.2B",0,increase,0.9,0.8,,150,28,2.0,2019-10-03,69796.0,-0.2676768461242318,-0.7978934803974713,1.5597646227791362,-1.2511390261352062,-0.2363978444853254,0.3834919082827737,-6.0593,-6.6592,0.7818,0.8,-0.22,-0.89,0.007,-6.69174,-1.4461,-2.2377,1.6434,0.2677,0.1585,-0.7116,0.0411,1.2036,1.0561,-0.834
10183,CONSTELLATION BRANDS INC,"Constellation Brands Raises FY20 Adj. EPS Guidance From $8.65-$8.95 To $9-$9.20, Operating Cash Flow To ~$2.2B",0,increase,0.9,0.8,,150,28,2.0,2019-10-03,69796.0,-0.2676768461242318,-0.7978934803974713,1.5597646227791362,-1.2511390261352062,-0.2363978444853254,0.3834919082827737,-6.0593,-6.6592,0.7818,0.8,-0.22,-0.89,0.007,-6.69174,-1.4461,-2.2377,1.6434,0.2677,0.1585,-0.7116,0.0411,1.2036,1.0561,-0.834
10191,CONSTELLATION BRANDS INC,"Constellation Brands Q2 Adj. EPS Excluding Canopy $2.91 Beats $2.6 Estimate, Sales $2.34B Inline",0,increase,0.8,0.7,,143,28,2.0,2019-10-03,69796.0,-0.2676768461242318,-0.7978934803974713,1.5597646227791362,-1.2511390261352062,-0.2363978444853254,0.3834919082827737,-6.0593,-6.6592,0.7818,0.8,-0.22,-0.89,0.007,-6.69174,-1.4461,-2.2377,1.6434,0.2677,0.1585,-0.7116,0.0411,1.2036,1.0561,-0.834
10199,CONSTELLATION BRANDS INC,"Constellation Brands Q2 Adj. EPS Excluding Canopy $2.91 Beats $2.6 Estimate, Sales $2.34B Inline",0,increase,0.8,0.7,,143,28,2.0,2019-10-03,69796.0,-0.2676768461242318,-0.7978934803974713,1.5597646227791362,-1.2511390261352062,-0.2363978444853254,0.3834919082827737,-6.0593,-6.6592,0.7818,0.8,-0.22,-0.89,0.007,-6.69174,-1.4461,-2.2377,1.6434,0.2677,0.1585,-0.7116,0.0411,1.2036,1.0561,-0.834
10207,T A L EDUCATION GROUP,TAL Education shares are trading higher on seemingly no company-specific news.,0,uncertain,0.7,0.3,,126,29,1.0,2019-10-03,12339.0,3.5998940467834473,2.6380850094182895,7.941740930451391,-0.4135875962674618,-1.5479047156017112,-0.1776765755482801,7.9502,6.7834,1.0365,0.8,-0.22,-0.89,0.007,7.114,2.4069,0.3334,-1.3044,0.4474,0.6742,-0.0785,0.9971,2.1879,1.4172,-2.8555
10215,TELEDYNE TECHNOLOGIES,Teledyne Technologies Reports Its Teledyne API Unit Achieved Milestone Of Shipping 100K Instrument,0,increase,0.8,0.7,,136,28,2.0,2019-10-03,87445.0,1.7577501013875008,4.106745421824631,2.6238388141735625,-0.4857458174228668,-2.015587616685477,-1.6797078622704409,-0.8241,-1.5659,0.9243,0.8,-0.22,-0.89,0.007,-1.5705400000000005,0.5881,-0.002,0.4603,1.4034,1.1312,-2.4088,1.0383,-0.5167,-1.1888,-0.7689
10223,TONIX PHARMACEUTICALS HLDG CORP,Tonix Pharma Reports Completion Of Long-Term Exposure Studies in Participants with PTSD to Evaluate the Tolerability of TNX-102 SL 5.6 mg,0,uncertain,0.7,0.3,,161,29,1.0,2019-10-03,14107.0,4.877463728189468,2.693526897378451,9.196797187989514,12.85751610994339,8.720930975961029,4.241391598601618,-4.1851,-3.4591,1.1504,0.8,-0.22,-0.89,0.007,-5.11242,3.8208,0.5978,5.5909,-5.7759,-1.1346,0.1495,4.553,6.0092,-5.4487,-1.8626
10231,TUTOR PERINI CORP,Tutor Perini Reports Rudolph And Sletten Subsidiary Wins ~$50M Contract By San Diego Symphony For Construction Of Bayside Performance Park,0,increase,0.8,0.7,,146,28,2.0,2019-10-03,50550.0,3.999999538064003,7.629627500129121,17.62963053058204,-3.025937080383301,-6.071178671919064,-5.211266121089819,0.2972,0.7048,1.2436,0.8,-0.22,-0.89,0.007,-0.7046800000000001,3.1104,0.5013,1.6743,2.4047,0.9958,1.9977,1.8053,-0.2425,0.7164,-0.5133
10239,TREX COMPANY INC,"SunTrust Robinson Humphrey Maintains Hold on Trex Co, Raises Price Target to $90",0,increase,0.8,0.6,,128,28,2.0,2019-10-03,86810.0,1.0074791498482227,0.237725530393229,2.422466665327927,-0.6659033708274364,-4.849888674693304,-3.7811406624703503,2.1036,2.0228,1.3202,0.8,-0.22,-0.89,0.007,1.04044,-0.0778,-0.3844,1.8366,0.0036,-0.1773,-0.2732,0.469,-0.3453,-3.6391,0.8528
10247,TRIMBLE INC,Trimble To Acquire Cityworks; Terms Not Disclosed,0,increase,0.9,0.8,,121,28,2.0,2019-10-03,76230.0,0.7669851649552584,-0.9521305897320698,5.2631520315894464,-1.4297084882855415,-4.071120305936093,-2.590271241163611,1.5579,0.637,1.2683,0.8,-0.22,-0.89,0.007,0.5362600000000002,-0.7791,0.3268,-0.1946,0.7909,-1.5465,-0.5949,0.1231,1.0742,1.6684,0.2359
10255,TESLA INC,Talk Of Tesla Acquiring Deepscale Accelerates Road-Ready Robotaxis,0,increase,0.8,0.7,,124,28,2.0,2019-10-03,93436.0,-0.6866095121949911,5.0251068433340595,12.41900272797254,-0.6375403609126806,0.9382694682864124,0.4130012334109256,-4.1542,-5.2189,1.1767,0.8,-0.22,-0.89,0.007,-5.10256,-2.0574,3.0758,2.9028,1.1368,-0.3318,-0.3952,4.055,-1.0267,0.7904,-0.0901
10263,TESLA INC,"Tesla Analysts: While Short Of Expectations, Q3 Delivery Number Is Pretty Good",0,uncertain,0.7,0.3,,126,29,1.0,2019-10-03,93436.0,-0.6866095121949911,5.0251068433340595,12.41900272797254,-0.6375403609126806,0.9382694682864124,0.4130012334109256,-4.1542,-5.2189,1.1767,0.8,-0.22,-0.89,0.007,-5.10256,-2.0574,3.0758,2.9028,1.1368,-0.3318,-0.3952,4.055,-1.0267,0.7904,-0.0901
10271,TESLA INC,"Morgan Stanley Maintains Equal-Weight, $230 Target On Tesla As Firm Notes 'The release of the 3Q delivery number was slightly below many real time buy side expectations, lending support to bears who see fundamental pressure ahead of 3Q results'",0,decrease,0.8,0.7,,160,29,0.0,2019-10-03,93436.0,-0.6866095121949911,5.0251068433340595,12.41900272797254,-0.6375403609126806,0.9382694682864124,0.4130012334109256,-4.1542,-5.2189,1.1767,0.8,-0.22,-0.89,0.007,-5.10256,-2.0574,3.0758,2.9028,1.1368,-0.3318,-0.3952,4.055,-1.0267,0.7904,-0.0901
10279,TESLA INC,"Nomura Maintains Neutral, $270 Tgt On Tesla As Firm Notes 'Weaker Mix Overshadows Solid Model 3 Sales'; Expects 'investors to focus on the ongoing deceleration in sales of the premium luxury vehicles and the impact this will likely have on profitability'",0,decrease,0.8,0.7,,166,29,0.0,2019-10-03,93436.0,-0.6866095121949911,5.0251068433340595,12.41900272797254,-0.6375403609126806,0.9382694682864124,0.4130012334109256,-4.1542,-5.2189,1.1767,0.8,-0.22,-0.89,0.007,-5.10256,-2.0574,3.0758,2.9028,1.1368,-0.3318,-0.3952,4.055,-1.0267,0.7904,-0.0901
10287,TESLA INC,"Wedbush On Tesla Also Notes 'While the doomsday scenario is off the table with cash in the coffer (convert) and Model 3 sales ramping, the question on the minds of investors is around profits into 2020'",0,uncertain,0.6,0.4,,158,29,1.0,2019-10-03,93436.0,-0.6866095121949911,5.0251068433340595,12.41900272797254,-0.6375403609126806,0.9382694682864124,0.4130012334109256,-4.1542,-5.2189,1.1767,0.8,-0.22,-0.89,0.007,-5.10256,-2.0574,3.0758,2.9028,1.1368,-0.3318,-0.3952,4.055,-1.0267,0.7904,-0.0901
10295,TESLA INC,"Wedbush Maintains Neutral, $220 Target On Tesla As Firm Notes 'In our opinion this was an impressive delivery number for Tesla overall that should be viewed as a positive step in the right direction'",0,increase,0.8,0.7,,149,28,2.0,2019-10-03,93436.0,-0.6866095121949911,5.0251068433340595,12.41900272797254,-0.6375403609126806,0.9382694682864124,0.4130012334109256,-4.1542,-5.2189,1.1767,0.8,-0.22,-0.89,0.007,-5.10256,-2.0574,3.0758,2.9028,1.1368,-0.3318,-0.3952,4.055,-1.0267,0.7904,-0.0901
10303,TESLA INC,"Canaccord Genuity Maintains Buy, $350 Target On Tesla As Firm Notes Co. Reported 'essentially inline Q3 deliveries with record net new orders'; Firm Is 'encouraged that production woes appear to have abated'",0,increase,0.8,0.7,,156,28,2.0,2019-10-03,93436.0,-0.6866095121949911,5.0251068433340595,12.41900272797254,-0.6375403609126806,0.9382694682864124,0.4130012334109256,-4.1542,-5.2189,1.1767,0.8,-0.22,-0.89,0.007,-5.10256,-2.0574,3.0758,2.9028,1.1368,-0.3318,-0.3952,4.055,-1.0267,0.7904,-0.0901
10311,TESLA INC,UPDATE: JMP On Tesla Also Notes 'yesterday's announcement was the first time since covering the stock that we found ourselves wondering whether demand growth for TSLA's cars might be leveling off',0,uncertain,0.7,0.5,,147,29,1.0,2019-10-03,93436.0,-0.6866095121949911,5.0251068433340595,12.41900272797254,-0.6375403609126806,0.9382694682864124,0.4130012334109256,-4.1542,-5.2189,1.1767,0.8,-0.22,-0.89,0.007,-5.10256,-2.0574,3.0758,2.9028,1.1368,-0.3318,-0.3952,4.055,-1.0267,0.7904,-0.0901
10319,TESLA INC,"UPDATE: JMP Downgrades Tesla To Market Perform As Firm Notes 'unit production and delivery data yesterday, although not significantly far off consensus, undershot our higher Expectations'",0,decrease,0.8,0.7,,142,29,0.0,2019-10-03,93436.0,-0.6866095121949911,5.0251068433340595,12.41900272797254,-0.6375403609126806,0.9382694682864124,0.4130012334109256,-4.1542,-5.2189,1.1767,0.8,-0.22,-0.89,0.007,-5.10256,-2.0574,3.0758,2.9028,1.1368,-0.3318,-0.3952,4.055,-1.0267,0.7904,-0.0901
10327,TESLA INC,"Tesla shares are trading lower after the company reported Q3 total production of 96,155 and deliveries of 97,000. JMP Securities also downgraded the stock from Market Outperform to Market Perform.",0,decrease,0.8,0.7,,149,29,0.0,2019-10-03,93436.0,-0.6866095121949911,5.0251068433340595,12.41900272797254,-0.6375403609126806,0.9382694682864124,0.4130012334109256,-4.1542,-5.2189,1.1767,0.8,-0.22,-0.89,0.007,-5.10256,-2.0574,3.0758,2.9028,1.1368,-0.3318,-0.3952,4.055,-1.0267,0.7904,-0.0901
10335,TESLA INC,'Tesla offers 72-hour backup of Sentry Mode videos in data collecting effort' -Electrek,0,uncertain,0.6,0.3,,129,29,1.0,2019-10-03,93436.0,-0.6866095121949911,5.0251068433340595,12.41900272797254,-0.6375403609126806,0.9382694682864124,0.4130012334109256,-4.1542,-5.2189,1.1767,0.8,-0.22,-0.89,0.007,-5.10256,-2.0574,3.0758,2.9028,1.1368,-0.3318,-0.3952,4.055,-1.0267,0.7904,-0.0901
10343,TESLA INC,JMP Securities Downgrades Tesla to Market Perform,0,decrease,0.8,0.7,,118,29,0.0,2019-10-03,93436.0,-0.6866095121949911,5.0251068433340595,12.41900272797254,-0.6375403609126806,0.9382694682864124,0.4130012334109256,-4.1542,-5.2189,1.1767,0.8,-0.22,-0.89,0.007,-5.10256,-2.0574,3.0758,2.9028,1.1368,-0.3318,-0.3952,4.055,-1.0267,0.7904,-0.0901
10351,ISHARES INC,Turkish Defence Minister Tells Esper That Turkey Is Determined To End Work With US On 'Safe Zone' If There Is Any Stalling On Its Establishment,0,uncertain,0.6,0.4,,141,29,1.0,2019-10-03,92600.0,0.6505934987217188,-6.391122015767037,-8.572521660091216,-0.1911285798996687,-2.2829293072650247,-1.8789928009966816,0.0766,-0.3543,0.7078,0.8,-0.22,-0.89,0.007,-0.4966399999999999,-0.2231,-3.902,0.8053,-3.1735,-0.3207,-3.3804,-3.6952,1.0317,-1.2424,3.2748
10359,ISHARES INC,"Turkish Defence Minister Akar And US Defense Secretary Esper Spoke By Telephone, Discussed Work On Establishing 'Safe Zone' In Northeast Syria",0,uncertain,0.6,0.3,,140,29,1.0,2019-10-03,92600.0,0.6505934987217188,-6.391122015767037,-8.572521660091216,-0.1911285798996687,-2.2829293072650247,-1.8789928009966816,0.0766,-0.3543,0.7078,0.8,-0.22,-0.89,0.007,-0.4966399999999999,-0.2231,-3.902,0.8053,-3.1735,-0.3207,-3.3804,-3.6952,1.0317,-1.2424,3.2748
10367,TWO HARBORS INVESTMENT CORP,"RBC Capital Initiates Coverage On Two Harbors Investment with Outperform Rating, Announces $15 Price Target",0,increase,0.9,0.8,,142,28,2.0,2019-10-03,93070.0,0.2274502534419298,1.59211564682038,2.3502687034321568,-0.1537314150482416,-1.0662630521041103,-1.2917938857941902,1.5396,1.486,0.5106,0.8,-0.22,-0.89,0.007,1.12412,-0.3996,0.1876,0.0481,1.1533,0.3206,-0.5448,-0.6042,-0.0963,0.2101,0.4912
10375,UNITED AIRLINES HOLDINGS INC,"United Airlines Says Anticipates Hiring More Than 10,000 Pilots By 2029 Due To Retirements, Attrition & Projected Growth",0,increase,0.8,0.7,,146,28,2.0,2019-10-03,91103.0,1.2249361723661425,4.8877144697530905,7.433652844554328,-4.724492505192757,-5.338763911846756,-5.048782754534098,-0.5019,-1.0993,1.0105,0.8,-0.22,-0.89,0.007,-1.3173,-0.0621,1.04,1.4845,1.3024,0.4453,-1.5988,0.0382,0.0013,2.2034,-0.6853
10383,ULTRAPAR PARTICIPACOES S A,"Goldman Sachs Initiates Coverage On Ultrapar Participacoes with Neutral Rating, Announces $4.7 Price Target",0,uncertain,0.7,0.5,,147,29,1.0,2019-10-03,87293.0,0.2169143641367554,-1.518441800416448,-0.650763797151177,1.7353562638163569,4.921706302373208,6.108596619345175,-1.7058,-2.139,0.9558,0.8,-0.22,-0.89,0.007,-2.4774399999999996,-0.8094,-3.3851,2.9855,3.0176,-3.1201,1.6154,-0.2466,-2.3587,1.4022,-2.6688
10391,ULTA BEAUTY INC,Ulta shares are trading lower after Goldman Sachs initiated coverage on the company's stock with a Neutral rating and a $276 price target.,0,decrease,0.8,0.7,,139,29,0.0,2019-10-03,92322.0,-2.6531433686614037,-6.090973716757119,-3.624281348677494,-1.2030459009110928,4.843413111089578,7.524556171528318,-2.0397,-2.8345,0.8168,0.8,-0.22,-0.89,0.007,-2.70014,-3.644,-2.8829,-1.0518,-0.1311,1.2942,1.6363,-0.4963,-1.4775,-0.1048,0.6132
10399,ULTA BEAUTY INC,"Goldman Sachs Initiates Coverage On Ulta Beauty with Neutral Rating, Announces $276 Price Target",0,uncertain,0.6,0.3,,133,29,1.0,2019-10-03,92322.0,-2.6531433686614037,-6.090973716757119,-3.624281348677494,-1.2030459009110928,4.843413111089578,7.524556171528318,-2.0397,-2.8345,0.8168,0.8,-0.22,-0.89,0.007,-2.70014,-3.644,-2.8829,-1.0518,-0.1311,1.2942,1.6363,-0.4963,-1.4775,-0.1048,0.6132
10407,UNITED NATURAL FOODS INC,United Natural Foods shares are trading lower on continued momentum after from yesterday after the company reported worse-than-expected Q4 EPS and sales results and issued FY20 sales guidance below analyst estimates.,0,decrease,0.8,0.9,,149,29,0.0,2019-10-03,84275.0,-5.095542594790459,-10.44585590553976,-12.738853504596335,-26.196926832199097,-29.07986405176015,-28.45884476659729,-3.9168,-3.1349,1.844,0.8,-0.22,-0.89,0.007,-5.399,-7.0869,1.3179,-2.0087,3.1252,-6.2046,-1.8595,0.3085,-1.8331,-2.7277,-1.5996
10415,UNITED STATES NATURAL GAS FD L P,USA EIA Natural Gas Inventories for Sep 27 Build 112 bcf vs 105 Est; Prior 102,0,uncertain,0.6,0.3,,141,29,1.0,2019-10-03,91947.0,0.5000018980354071,-5.600004219331867,-0.6999969204169232,-1.4758219942450523,-2.8600084600373887,-5.744889236428607,3.3058,3.8582,0.2007,0.8,-0.22,-0.89,0.007,3.13824,0.1423,-1.6908,-0.1643,-2.6274,-1.983,0.5586,2.7901,2.448,-1.9617,1.588
10423,U S BANCORP DEL,"UBS Maintains Neutral on U.S. Bancorp, Raises Price Target to $56",0,increase,0.8,0.7,,133,28,2.0,2019-10-03,66157.0,1.9604165107011795,-0.0565480532610962,3.129123275694057,-1.6734803095459938,-4.445245924452667,-4.600395522258028,0.3215,0.373,0.8954,0.8,-0.22,-0.89,0.007,-0.40182,0.7437,0.1033,-1.3289,-0.3745,-0.0204,-0.4046,-0.2292,0.2305,1.5693,0.2274
10431,VALE S A,Vale shares are trading higher on a potential rebound after the stock dropped approximately 5% yesterday.,0,uncertain,0.6,0.4,,128,29,1.0,2019-10-03,89330.0,3.5262148827314377,3.2549695206282703,0.9945715665862664,-5.065501481294632,-5.478261743133784,-4.8993909811611225,1.7479,0.8142,1.2436,0.8,-0.22,-0.89,0.007,0.74602,1.7687,-1.3145,0.3323,-0.6551,1.9969,1.8796,-1.7428,-2.4948,-1.7071,-0.6973
10439,VEEVA SYSTEMS INC,"Morgan Stanley Maintains Equal-Weight on Veeva Systems, Lowers Price Target to $150",0,decrease,0.8,0.7,,134,29,0.0,2019-10-03,14231.0,3.376517817378044,0.8860789007870018,-0.0537034616378995,-2.535652555525303,-1.0675256766881192,0.9894341027552044,-1.3836,-3.6036,1.3272,0.8,-0.22,-0.89,0.007,-2.4523599999999997,1.6834,-0.4795,-2.018,0.8876,0.3675,-0.4904,1.125,0.2525,-3.7517,-1.8955
10447,VEEVA SYSTEMS INC,Veeva Systems shares are trading lower after the company announced a free eRegulatory solutions for the clinical research sites.,0,uncertain,0.6,0.4,,136,29,1.0,2019-10-03,14231.0,3.376517817378044,0.8860789007870018,-0.0537034616378995,-2.535652555525303,-1.0675256766881192,0.9894341027552044,-1.3836,-3.6036,1.3272,0.8,-0.22,-0.89,0.007,-2.4523599999999997,1.6834,-0.4795,-2.018,0.8876,0.3675,-0.4904,1.125,0.2525,-3.7517,-1.8955
10455,VILLAGE SUPER MARKET INC,"Village Super Market Q4 EPS $0.42 Down From $0.45 YoY, Sales $418.366M Up From $413.551M YoY",0,uncertain,0.6,0.3,,150,29,1.0,2019-10-03,80857.0,0.47244424931705,2.086616960976251,0.7874046598145945,-0.1138114021159708,-0.4536893633898087,-0.5664638269893607,-2.6074,-2.6513,0.4588,0.8,-0.22,-0.89,0.007,-2.98144,0.166,3.0101,-0.4415,1.3166,-1.3279,-0.3489,-1.275,-2.3272,0.5797,0.0111
10463,CONTROLADORA VUELA COMP DE AVIA,"Volaris Reports Sep. Traffic: RPMs Up 21.1% Year Over Year, ASMs Up 18.7%, Load Factor Up 1.6 Points",0,increase,0.8,0.7,,157,28,2.0,2019-10-03,14132.0,7.185044139623642,4.625986730275722,5.216532799767926,-0.8946336805820465,-0.3996000139647071,-0.4990038832176191,1.9057,1.43,0.7319,0.8,-0.22,-0.89,0.007,1.31318,6.3476,-1.4886,0.2589,-0.7552,0.2123,0.4094,-0.3181,-2.972,-0.5748,1.8294
10471,VALLEY NATIONAL BANCORP,"Morgan Stanley Maintains Equal-Weight on Valley National, Lowers Price Target to $11",0,decrease,0.8,0.7,,134,29,0.0,2019-10-03,80072.0,1.269395649433136,1.9275968782666464,6.158906614425197,-0.1874457113444805,-2.023921455283506,-2.472531580488735,-0.1408,0.4139,1.0097,0.8,-0.22,-0.89,0.007,-0.95556,0.4041,0.5714,0.0136,1.1959,0.2227,1.2791,0.3685,0.0563,-0.5491,-0.5744
10479,VERASTEM INC,Verastem Oncology Receives Orphan Drug Designation From FDA For COPIKTRA For The Treatment Of T-Cell Lymphoma,0,increase,0.8,0.7,,138,28,2.0,2019-10-03,13202.0,-2.459014020860195,-8.196723084285773,-7.377051761949427,-4.273500293493271,-7.438018966824056,-11.111110129951808,8.9286,7.7811,1.1052,0.8,-0.22,-0.89,0.007,8.03744,-3.0237,-0.779,-1.0596,-2.0424,0.5043,-4.9276,0.9138,-0.0425,0.5563,-1.4926
10487,WESTERN ALLIANCE BANCORPORATION,"SunTrust Robinson Humphrey Maintains Buy on Western Alliance Bancorp, Lowers Price Target to $56",0,uncertain,0.7,0.5,,142,29,1.0,2019-10-03,90776.0,1.7511481419205666,0.8525319528690511,6.566816307378587,-1.7280081287026403,-4.969619785216572,-5.113760573888937,-0.8906,-0.3766,1.2474,0.8,-0.22,-0.89,0.007,-1.89552,0.5836,0.0065,-0.7259,0.5792,0.8008,0.1889,0.3634,1.0771,-0.5162,0.3262
10495,WALGREENS BOOTS ALLIANCE INC,"Bank of America Maintains Underperform on Walgreens Boots Alliance, Lowers Price Target to $50",0,decrease,0.8,0.7,,139,29,0.0,2019-10-03,19502.0,0.7034272886812687,0.6273798457473667,6.349810094215647,-3.4186452627182007,-4.483817675590263,-2.903874497129111,-0.4354,-0.7318,1.0186,0.8,-0.22,-0.89,0.007,-1.2572800000000002,-0.5533,-0.0165,0.4631,-0.7716,1.0317,0.5213,-0.3004,0.5658,0.2443,1.8734
10503,WEBSTER FINANCIAL CORP,"Morgan Stanley Maintains Equal-Weight on Webster Financial, Lowers Price Target to $50",0,decrease,0.8,0.7,,134,29,0.0,2019-10-03,10932.0,2.195287123322487,0.0228722733192077,5.7626350532396176,-2.5420015677809715,-5.931296980277356,-6.727311924592594,-0.8165,-0.3766,1.2626,0.8,-0.22,-0.89,0.007,-1.83358,0.8909,-0.7455,-1.6522,0.35,1.2744,1.2337,0.4841,1.4082,-1.564,0.3262
10511,WALKER & DUNLOP INC,Walker & Dunlop Structures $35 Million In Construction Financing For Unique Mall-To-Multifamily Redevelopment,0,increase,0.8,0.7,,140,28,2.0,2019-10-03,12477.0,0.6342850159853697,5.291768978160727,10.58354495986329,0.3444500034675002,-1.0370138431674891,-2.018061971073959,-0.3071,-0.5218,1.0018,0.8,-0.22,-0.89,0.007,-1.11554,-0.2149,1.9439,2.0994,1.6912,0.3637,-0.2423,0.7526,1.5405,-1.1751,0.1304
10519,WIPRO LTD,"Goldman Sachs Upgrades Wipro to Neutral, Lowers Price Target to $3.46",0,uncertain,0.6,0.3,,128,29,1.0,2019-10-03,88683.0,1.6713142395019531,1.114211699975165,5.849583445982809,0.561797246336937,-1.9178128529902303,-0.8310241654993167,0.2793,-0.3596,0.5262,0.8,-0.22,-0.89,0.007,-0.14866,0.809,0.2463,0.7938,-0.9282,-0.665,0.3303,0.8109,-0.5238,2.6985,0.5067
10527,WINTRUST FINANCIAL CORP,"SunTrust Robinson Humphrey Maintains Hold on Wintrust Financial, Lowers Price Target to $76",0,decrease,0.8,0.7,,137,29,0.0,2019-10-03,84636.0,1.2582654133439064,0.2258418978583254,2.193896945388918,-1.1950287036597729,-4.053843467335627,-3.949813082906239,-0.0322,0.4322,1.1664,0.8,-0.22,-0.89,0.007,-0.9723200000000002,0.0585,0.18,-0.9744,0.2212,0.7606,-0.026,0.7687,0.8887,-0.745,-2.3459
10535,UNITED STATES STEEL CORP NEW,"Moody's Says US Steel Capacity Utilization Has Been Edging Lower And Do Not Expect The Trend To Improve Due to Softening Demand, Says Outlook Revised To Negative From Stable Amid Weak Prices, Lackluster Data",0,decrease,0.8,0.9,,158,29,0.0,2019-10-03,76644.0,-0.1853522146120667,-6.024093069730374,-1.4828532163854158,-8.298413455486298,-5.2813907776105395,-3.4421921713482573,-1.3711,-1.2698,1.7797,0.8,-0.22,-0.89,0.007,-2.80186,-1.8178,1.8897,4.2266,-9.1057,-0.1427,8.6543,-0.6169,0.4787,-8.938,-0.26
10543,SPDR SERIES TRUST,"National Retail Federation Says Sees Holiday Online, Other Non-Store Sales Up 11-14% Year Over Year To $162.6B-$166.9B",0,increase,0.8,0.7,,145,28,2.0,2019-10-03,91316.0,0.6809401791542768,1.0700448824906728,5.3745208520415755,-2.659066766500473,-3.3702575050991057,-2.380952283627069,0.2927,0.0225,0.9964,0.8,-0.22,-0.89,0.007,-0.51142,-0.3563,0.1802,0.29,0.4352,0.6215,0.54,-0.584,0.0563,0.427,0.4656
10551,ZOETIS INC,Zoetis Reports CEO Juan Ramon Alaix To Retire; Kristin Peck Named Successor,0,uncertain,0.6,0.3,,133,29,1.0,2019-10-03,13788.0,2.228841558098793,2.5185105518523043,3.37142144095699,-2.261830121278763,-1.846051511447444,-1.2994355745101216,1.6273,0.4699,0.8666,0.8,-0.22,-0.89,0.007,0.92702,0.8766,-0.3931,0.757,-0.1598,0.2609,-0.0281,-1.4255,0.7306,-0.197,0.1834
10559,A C C O BRANDS CORP,ACCO Brands shares are trading lower after the company reported worse-than-expected Q3 EPS and sales results.,0,decrease,0.8,0.7,,138,29,0.0,,,,,,,,,,,,,,,,,,,,,,,,,,
10567,A C C O BRANDS CORP,ACCO Brands Reaffirms FY19 Adj. EPS Guidance Of $1.15-$1.20 vs $1.19 Est.,0,uncertain,0.6,0.3,,144,29,1.0,,,,,,,,,,,,,,,,,,,,,,,,,,
10575,A C C O BRANDS CORP,"ACCO Brands Q3 Adj. EPS $0.32 Misses $0.33 Estimate, Sales $505.7M Miss $512.91M Estimate",0,decrease,0.8,0.7,,150,29,0.0,,,,,,,,,,,,,,,,,,,,,,,,,,
10583,A C C O BRANDS CORP,ACCO Brands Raises Quarterly Dividend From $0.060 To $0.065/Share,0,increase,0.8,0.5,,136,28,2.0,,,,,,,,,,,,,,,,,,,,,,,,,,
10591,ARCH CAPITAL GROUP LTD NEW,"Arch Capital Group Q3 EPS $0.63 Beats $0.62 Estimate, Sales $1.438B Beat $1.28B Estimate",0,increase,0.8,0.7,,141,28,2.0,,,,,,,,,,,,,,,,,,,,,,,,,,
10599,ANALOG DEVICES INC,"Analog Devices Reports Purchase Of Test Motors, No Terms Disclosed",0,uncertain,0.6,0.3,,124,29,1.0,,,,,,,,,,,,,,,,,,,,,,,,,,
10607,ADAMIS PHARMACEUTICALS CORP,"Seeing Bearish Blog Post On Adamis Pharmaceuticals, Citing 'history of the company coming up short and disappointing shareholders'",0,decrease,0.8,0.7,,146,29,0.0,,,,,,,,,,,,,,,,,,,,,,,,,,
10615,AMEREN CORP,UBS Upgrades Ameren to Buy,0,increase,0.8,0.7,,119,28,2.0,,,,,,,,,,,,,,,,,,,,,,,,,,
10623,AMERICAN FINANCIAL GROUP INC NEW,"American Financial Group Q3 Core EPS $2.25 Beats $2.02 Estimate, Sales $1.442B Beat $1.31B Estimate",0,increase,0.8,0.7,,148,28,2.0,,,,,,,,,,,,,,,,,,,,,,,,,,
10631,AFLAC INC,"Sharecare Reports Received Strategic Investment From Aflac's Corporate Ventures Unit, No Terms Disclosed",0,increase,0.8,0.7,,126,28,2.0,,,,,,,,,,,,,,,,,,,,,,,,,,
10639,A G C O CORP,"AGCO Sees FY19 Adj. EPS ~$5.10 vs $5.08 Est., Sees Net Sales Declining Modestly",0,uncertain,0.6,0.3,,143,29,1.0,,,,,,,,,,,,,,,,,,,,,,,,,,
10647,A G C O CORP,"AGCO Q3 Adj. EPS $0.82 Beats $0.78 Estimate, Sales $2.109B Miss $2.21B Estimate",0,uncertain,0.6,0.4,,144,29,1.0,,,,,,,,,,,,,,,,,,,,,,,,,,
10655,AGILE THERAPEUTICS INC,Agile Therapeutics shares are trading lower ahead of the company's Wednesday meeting with the FDA to discuss its twirla marketing application. Briefing documents have caused investor concerns over the probability of the application being successful.,0,uncertain,0.7,0.6,,159,29,1.0,,,,,,,,,,,,,,,,,,,,,,,,,,
10663,ASHFORD HOSPITALITY TRUST INC,"Ashford Hospitality Trust Q3 FFO $0.28 Down From $0.3 YoY, EPS $(0.42)",0,decrease,0.8,0.2,,147,29,0.0,,,,,,,,,,,,,,,,,,,,,,,,,,
10671,AMERICAN INTERNATIONAL GROUP INC,"SEc Investigating AIG Subsidiary Valic, Probing Valic's Sales And Disclosure Practices For Teachers' Retirement Products",0,uncertain,0.7,0.5,,138,29,1.0,,,,,,,,,,,,,,,,,,,,,,,,,,
10679,ALBANY INTERNATIONAL CORP NEW,Albany Raises FY19 Adj. EPS Guidance From $3.05-$3.35 To $3.75-$3.95,0,increase,0.8,0.7,,143,28,2.0,,,,,,,,,,,,,,,,,,,,,,,,,,
10687,ALBANY INTERNATIONAL CORP NEW,"Albany International Q3 Adj. EPS $1.17 Beats $0.79 Estimate, Sales $271.133M Beat $268.63M Estimate",0,increase,0.8,0.7,,148,28,2.0,,,,,,,,,,,,,,,,,,,,,,,,,,
10695,AKAMAI TECHNOLOGIES INC,"Craig-Hallum Maintains Buy on Akamai Technologies, Raises Price Target to $110",0,increase,0.9,0.8,,134,28,2.0,,,,,,,,,,,,,,,,,,,,,,,,,,
10703,AKAMAI TECHNOLOGIES INC,"DA Davidson Maintains Buy on Akamai Technologies, Raises Price Target to $105",0,increase,0.8,0.7,,132,28,2.0,,,,,,,,,,,,,,,,,,,,,,,,,,
10711,AKAMAI TECHNOLOGIES INC,"Credit Suisse Maintains Neutral on Akamai Technologies, Raises Price Target to $85",0,increase,0.8,0.7,,133,28,2.0,,,,,,,,,,,,,,,,,,,,,,,,,,
10719,AKAMAI TECHNOLOGIES INC,"Morgan Stanley Maintains Overweight on Akamai Technologies, Raises Price Target to $103",0,increase,0.9,0.8,,134,28,2.0,,,,,,,,,,,,,,,,,,,,,,,,,,
10727,ALLEGIANT TRAVEL CO,Allegiant Announces Aircraft Base In Nashville,0,increase,0.8,0.7,,126,28,2.0,,,,,,,,,,,,,,,,,,,,,,,,,,
10735,ALIMERA SCIENCES INC,"Alimera Sciences Q3 EPS $(0.04), Inline, Sales $12.85M Beat $12.79M Estimate",0,uncertain,0.6,0.3,,140,29,1.0,,,,,,,,,,,,,,,,,,,,,,,,,,
10743,ANTERO MIDSTREAM CORP,Antero Midstream Q3 ADj. EPS $0.39 Beats $0.21 Estimate,0,increase,0.8,0.7,,135,28,2.0,,,,,,,,,,,,,,,,,,,,,,,,,,
10751,A M C NETWORKS INC,"Imperial Capital Downgrades AMC Networks to Underperform, Lowers Price Target to $41",0,decrease,0.8,0.7,,131,29,0.0,,,,,,,,,,,,,,,,,,,,,,,,,,
10759,AMEDISYS INC,"Amedisys Sees FY19 EPS $4.32-$4.39 Vs $4.15 Est., Sales $1.94B-$1.98B Vs. $1.97B Est.",0,uncertain,0.6,0.3,,154,29,1.0,,,,,,,,,,,,,,,,,,,,,,,,,,
10767,AMEDISYS INC,"Amedisys Q3 EPS $1.03 Beats $0.89 Estimate, Sales $494.631M Beat $494.16M Estimate",0,increase,0.8,0.7,,142,28,2.0,,,,,,,,,,,,,,,,,,,,,,,,,,
10775,AMERICAN TOWER CORP NEW,American Tower shares are trading higher despite no company-specific news.,0,uncertain,0.7,0.3,,126,29,1.0,,,,,,,,,,,,,,,,,,,,,,,,,,
10783,AUTONATION INC DEL,"AutoNation Q3 EPS $1.11 Misses $1.12 Estimate, Sales $5.46B Beat $5.38B Estimate",0,uncertain,0.6,0.3,,141,29,1.0,,,,,,,,,,,,,,,,,,,,,,,,,,
10791,VANECK E T F TRUST,Fallen Angels: A Better Way To High Yield?,0,increase,0.8,0.6,,127,28,2.0,,,,,,,,,,,,,,,,,,,,,,,,,,
10799,SMITH A O CORP,A.O. Smith shares are trading lower after the company reported worse-than-expected Q3 sales results. The company also issued its FY19 EPS guidance below analyst estimates.,0,decrease,0.8,0.9,,146,29,0.0,,,,,,,,,,,,,,,,,,,,,,,,,,
10807,SMITH A O CORP,A.O. Smith Sees FY19 EPS $2.25-$2.28 vs $2.35 Est.,0,decrease,0.8,0.7,,136,29,0.0,,,,,,,,,,,,,,,,,,,,,,,,,,
10815,SMITH A O CORP,"A.O. Smith Q3 EPS $0.53, Inline, Sales $728.2M Miss $753.26M Estimate",0,decrease,0.8,0.6,,140,29,0.0,,,,,,,,,,,,,,,,,,,,,,,,,,
10823,APOLLO GLOBAL MANAGEMENT INC NEW,"Citigroup Maintains Buy on Apollo Global Management, Raises Price Target to $53",0,increase,0.8,0.7,,131,28,2.0,,,,,,,,,,,,,,,,,,,,,,,,,,
10831,ANTERO RESOURCES CORP,Antero Resources shares are trading higher after the company reported Q3 earnings results.,0,increase,0.8,0.7,,130,28,2.0,,,,,,,,,,,,,,,,,,,,,,,,,,
10839,ANTERO RESOURCES CORP,Antero Resources Q3 EPS $(0.49) vs $(0.29) Estimate,0,decrease,0.8,0.6,,133,29,0.0,,,,,,,,,,,,,,,,,,,,,,,,,,
10847,ANTERO RESOURCES CORP,Antero Resources shares are trading higher after in anticipation of the company's Q3 earnings scheduled for today after the close.,0,uncertain,0.6,0.4,,138,29,1.0,,,,,,,,,,,,,,,,,,,,,,,,,,
10855,ACCURAY INC DE,Accuray Reaffirms FY20 Sales $410M-$420M,0,uncertain,0.6,0.3,,126,29,1.0,,,,,,,,,,,,,,,,,,,,,,,,,,
10863,ACCURAY INC DE,"Accuray Q1 EPS $(0.11) Misses $(0.09) Estimate, Sales $89.6M Miss $92.15M Estimate",0,decrease,0.8,0.7,,144,29,0.0,,,,,,,,,,,,,,,,,,,,,,,,,,
10871,ASSOCIATED BANC CORP,Associated Banc-Corp Raises Qtr. Dividend From $0.17 To $0.18/Share,0,increase,0.8,0.5,,137,28,2.0,,,,,,,,,,,,,,,,,,,,,,,,,,
10879,ASTEC INDUSTRIES INC,"Astec Industries Q3 Adj. EPS $0.17 Misses $0.24 Estimate, Sales $255.8M Miss $259.55M Estimate",0,decrease,0.8,0.7,,146,29,0.0,,,,,,,,,,,,,,,,,,,,,,,,,,
10887,A10 NETWORKS INC,"A10 Sees Q4 EPS Guidance $0.04-$0.08 Vs. $0.09 Est., Sales $55M-$59M Vs. $54M Est.",0,decrease,0.8,0.7,,148,29,0.0,,,,,,,,,,,,,,,,,,,,,,,,,,
10895,A10 NETWORKS INC,"A10 Networks Q3 EPS $0.02 Misses $0.04 Estimate, Sales $52.8M Beat $51M Estimate",0,uncertain,0.6,0.3,,140,29,1.0,,,,,,,,,,,,,,,,,,,,,,,,,,
10903,ARMSTRONG WORLD INDS INC NEW,KeyBanc Downgrades Armstrong World Indus to Sector Weight,0,decrease,0.8,0.7,,129,29,0.0,,,,,,,,,,,,,,,,,,,,,,,,,,
10911,AWARE INC,"Aware Q3 EPS $(0.01) Down From $0.06 YoY, Sales $3.01M Down From $5.401M YoY",0,decrease,0.8,0.7,,140,29,0.0,,,,,,,,,,,,,,,,,,,,,,,,,,
10919,AMERICAN EXPRESS CO,"Morgan Stanley Maintains Overweight on American Express, Raises Price Target to $149",0,increase,0.8,0.7,,126,28,2.0,,,,,,,,,,,,,,,,,,,,,,,,,,
10927,AXIS CAPITAL HOLDINGS LTD,"Axis Capital Holdings Q3 EPS $0.33 Beats $0.26 Estimate, Sales $1.29B Beat $927.73M Estimate",0,increase,0.8,0.7,,141,28,2.0,,,,,,,,,,,,,,,,,,,,,,,,,,
10935,ACUITY BRANDS INC,SmartThings & Acuity Brands Announce Alliance To Co-develop Smart Home Lighting Products,0,increase,0.8,0.7,,129,28,2.0,,,,,,,,,,,,,,,,,,,,,,,,,,
10943,BECTON DICKINSON & CO,"Becton, Dickinson and Co shares are trading higher. Not seeing any news to justify the price action.",0,uncertain,0.6,0.3,,140,29,1.0,,,,,,,,,,,,,,,,,,,,,,,,,,
10951,BIG 5 SPORTING GOODS CORP,"Big 5 Sporting Goods Sees Q4 EPS $(0.04)-$(0.16) vs $(0.13) Est., FY19 EPS $0.22-$0.34 vs $0.15 Est.",0,increase,0.8,0.6,,162,28,2.0,,,,,,,,,,,,,,,,,,,,,,,,,,
10959,BIG 5 SPORTING GOODS CORP,"Big 5 Sporting Goods Q3 EPS $0.3 Beats $0.16 Estimate, Sales $266.15M Beat $265.99M Estimate",0,increase,0.8,0.6,,149,28,2.0,,,,,,,,,,,,,,,,,,,,,,,,,,
10967,BIOGEN INC,"Hearing Bernstein Upgrades Biogen To Outperform, $370 Price Target",0,increase,0.8,0.7,,122,28,2.0,,,,,,,,,,,,,,,,,,,,,,,,,,
10975,BLACK HILLS CORP,Black Hills Corp RAises Quarterly Dividend From $0.505 To $0.535/Share,0,increase,0.8,0.6,,131,28,2.0,,,,,,,,,,,,,,,,,,,,,,,,,,
10983,B O S BETTER ONLINE SOLNS LTD,"B.O.S. Expects To Record ~$600K Write Off In Q3, Primarily Related To Robotics Acquisition; Co. Also Cuts FY19 Sales Guidance From $36M To $33M",0,decrease,0.8,0.7,,161,29,0.0,,,,,,,,,,,,,,,,,,,,,,,,,,
10991,B P PLC,BP PLC shares are trading lower after the company reported its Q3 earnings results.,0,uncertain,0.6,0.7,,122,29,1.0,,,,,,,,,,,,,,,,,,,,,,,,,,
10999,BROWN & BROWN INC,Brown & Brown shares are trading higher after the company reported better-than-expected Q3 EPS and sales results.,0,increase,0.8,0.7,,134,28,2.0,,,,,,,,,,,,,,,,,,,,,,,,,,
11007,PEABODY ENERGY CORP NEW,Peabody Energy shares are trading lower after the company reported Q3 EPS of $(0.81) vs the $(0.17) estimate and worse-than-expected Q3 sales results.,0,decrease,0.8,0.9,,153,29,0.0,,,,,,,,,,,,,,,,,,,,,,,,,,
11015,PEABODY ENERGY CORP NEW,"Peabody Energy Q3 EPS $(0.81) Does Not Compare To $(0.17) Estimate, Sales $1.11B Miss $1.13B Estimate",0,decrease,0.8,0.7,,151,29,0.0,,,,,,,,,,,,,,,,,,,,,,,,,,
11023,BORGWARNER INC,"BorgWarner Reports Partnership With 1 Of China's New Energy Vehicle Brands To Supply Full-Integrated Drive Module For Pure Electric Vehicles, No Terms Disclosed",0,increase,0.8,0.7,,143,28,2.0,,,,,,,,,,,,,,,,,,,,,,,,,,
11031,BROADWIND INC,"Broadwind Energy Q3 EPS $(0.06) Beats $(0.08) Estimate, Sales $46.14M Beat $45.28M Estimate",0,increase,0.8,0.6,,143,28,2.0,,,,,,,,,,,,,,,,,,,,,,,,,,
11039,BOSTON PROPERTIES INC,"Boston Properties Sees FY19 EPS $3.28-$3.30 vs $3.31 Est., FFO $6.98-$7.00; Sees FY20 EPS $3.45-$3.65 vs $3.21 Est., FFO $7.45-$7.65",0,uncertain,0.6,0.4,,176,29,1.0,,,,,,,,,,,,,,,,,,,,,,,,,,
11047,BOSTON PROPERTIES INC,Boston Properties Sees FY19 FFO $6.98-$7,0,uncertain,0.6,0.3,,127,29,1.0,,,,,,,,,,,,,,,,,,,,,,,,,,
11055,BOSTON PROPERTIES INC,"Boston Properties Q3 FFO $1.64, Same YoY, Sales $743.6M Beat $728.1M Estimate",0,increase,0.8,0.7,,141,28,2.0,,,,,,,,,,,,,,,,,,,,,,,,,,
11063,CITIGROUP INC,Chinese Bitcoin Mining Maker Files For IPO In US,0,uncertain,0.7,0.3,,118,29,1.0,,,,,,,,,,,,,,,,,,,,,,,,,,
11071,CAMDEN NATIONAL CORP,Camden National Q3 EPS $0.94 Beats $0.89 Estimate,0,increase,0.8,0.5,,127,28,2.0,,,,,,,,,,,,,,,,,,,,,,,,,,
11079,CHEESECAKE FACTORY INC,"Cheesecake Factory Q3 Adj. EPS $0.59 Beats $0.55 Estimate, Sales $586.5M Miss $594.63M Estimate",0,uncertain,0.6,0.4,,150,29,1.0,,,,,,,,,,,,,,,,,,,,,,,,,,
11087,CATERPILLAR INC,Navistar Expands TRATON Partnership With Canadian Mining Deal,0,uncertain,0.6,0.3,,125,29,1.0,,,,,,,,,,,,,,,,,,,,,,,,,,
11095,CAPITAL CITY BANK GROUP,Capital City Bank Group Q3 EPS $0.4 Up From $0.35 YoY,0,increase,0.8,0.2,,128,28,2.0,,,,,,,,,,,,,,,,,,,,,,,,,,
11103,CENTURY COMMUNITIES INC,"Century Communities Raises FY19 Home Deliveries Guidance To 7.7-8.1K Homes, Home Sales $2.4B-$2.5B",0,increase,0.9,0.8,,146,28,2.0,,,,,,,,,,,,,,,,,,,,,,,,,,
11111,CENTURY COMMUNITIES INC,"Century Communities Q3 EPS $0.87, Inline, Sales $590.362M Beat $581.12M Estimate",0,increase,0.8,0.7,,138,28,2.0,,,,,,,,,,,,,,,,,,,,,,,,,,
11119,CRESTWOOD EQUITY PARTNERS LP,"Crestwood Equity Partners Q3 EPS $0.12 Misses $0.14 Estimate, Sales $823.6M Beat $712.1M Estimate",0,uncertain,0.6,0.3,,154,29,1.0,,,,,,,,,,,,,,,,,,,,,,,,,,
11127,CHEMED CORP NEW,"Chemed Q3 Adj. EPS $3.46 Beats $3.31 Estimate, Sales $480.613M Beat $478.89M Estimate",0,increase,0.8,0.6,,142,28,2.0,,,,,,,,,,,,,,,,,,,,,,,,,,
11135,CHECK POINT SOFTWARE TECHS LTD,BMO Waits On The Sidelines For Better Momentum At Check Point Software,0,uncertain,0.7,0.3,,128,29,1.0,,,,,,,,,,,,,,,,,,,,,,,,,,
11143,CHECK POINT SOFTWARE TECHS LTD,"UBS Maintains Neutral on Check Point Software Tech, Lowers Price Target to $117",0,decrease,0.8,0.7,,131,29,0.0,,,,,,,,,,,,,,,,,,,,,,,,,,
11151,CHECK POINT SOFTWARE TECHS LTD,"Barclays Maintains Equal-Weight on Check Point Software Tech, Lowers Price Target to $116",0,decrease,0.8,0.7,,134,29,0.0,,,,,,,,,,,,,,,,,,,,,,,,,,
11159,CHARTER COMMUNICATIONS INC NEW,"Deutsche Bank Maintains Buy on Charter Communications, Raises Price Target to $525",0,increase,0.9,0.8,,133,28,2.0,,,,,,,,,,,,,,,,,,,,,,,,,,
11167,CUMMINS INC,Cummins Sees Weaker Demand For Truck Engines And Components During Third Quarter,0,decrease,0.8,0.7,,126,29,0.0,,,,,,,,,,,,,,,,,,,,,,,,,,
11175,CUMMINS INC,Cummins shares are traidng lower after the company reported worse-than-expected Q3 sales results. The company also cut its FY19 EBITDA as percentage of sales from 16.25-16.75% To 15.9%-16.3%,0,decrease,0.8,0.7,,165,29,0.0,,,,,,,,,,,,,,,,,,,,,,,,,,
11183,CUMMINS INC,Cummins Cuts FY19 EBITDA As Percent Of Sales From 16.25-16.75% To 15.9%-16.3%,0,decrease,0.8,0.7,,143,29,0.0,,,,,,,,,,,,,,,,,,,,,,,,,,
11191,CUMMINS INC,"Cummins Q3 Adj. EPS $3.83, Inline, Sales $5.8B Miss $5.88B Estimate",0,decrease,0.8,0.7,,138,29,0.0,,,,,,,,,,,,,,,,,,,,,,,,,,
11199,COMTECH TELECOMMUNICATIONS CORP,Comtech Telecom Wins $2.1M In Added Funding To Support State Of Maryland Dept. Of Human Services with IT Services,0,increase,0.8,0.7,,144,28,2.0,,,,,,,,,,,,,,,,,,,,,,,,,,
11207,CANADIAN NATIONAL RAILWAY CO,Illinois Senator Presses For Federal Help To Address Amtrak's On-Time Performance,0,uncertain,0.6,0.3,,133,29,1.0,,,,,,,,,,,,,,,,,,,,,,,,,,
11215,CANADIAN NATIONAL RAILWAY CO,"Wells Fargo Initiates Coverage On Canadian National Railway with Market Perform Rating, Announces $88 Price Target",0,uncertain,0.6,0.3,,138,29,1.0,,,,,,,,,,,,,,,,,,,,,,,,,,
11223,C N X RESOURCES CORP,CNX Resources shares are trading higher after the company raised its FY19 production guidance from 510-530 Bcfe to 530-540 Bcfe.,0,increase,0.8,0.7,,147,28,2.0,,,,,,,,,,,,,,,,,,,,,,,,,,
11231,C N X RESOURCES CORP,CNX Resources Q3 EPS $(0.06) Misses $(0.05) Estimate,0,decrease,0.8,0.7,,134,29,0.0,,,,,,,,,,,,,,,,,,,,,,,,,,
11239,CAPITAL ONE FINANCIAL CORP,"Morgan Stanley Maintains Equal-Weight on Capital One Financial, Raises Price Target to $104",0,increase,0.8,0.6,,134,28,2.0,,,,,,,,,,,,,,,,,,,,,,,,,,
11247,CONOCOPHILLIPS,ConocoPhillips shares are trading higher after the company reported better-than-expected Q3 EPS results.,0,increase,0.8,0.7,,133,28,2.0,,,,,,,,,,,,,,,,,,,,,,,,,,
11255,CONOCOPHILLIPS,ConocoPhillips Q3 EPS $0.82 Beats $0.75 Estimate,0,increase,0.8,0.6,,130,28,2.0,,,,,,,,,,,,,,,,,,,,,,,,,,
11263,CANADIAN PACIFIC KANSAS CITY LTD,"Wells Fargo Initiates Coverage On Canadian Pacific Railway with Outperform Rating, Announces $253 Price Target",0,increase,0.8,0.7,,142,28,2.0,,,,,,,,,,,,,,,,,,,,,,,,,,
11271,CONSUMER PORTFOLIO SVCS INC,"Consumer Portfolio Servs Q3 EPS $0.08, Inline, Sales $85.5M Beat $84.67M Estimate",0,increase,0.8,0.6,,146,28,2.0,,,,,,,,,,,,,,,,,,,,,,,,,,
11279,C S X CORP,"Wells Fargo Initiates Coverage On CSX with Market Perform Rating, Announces $73 Price Target",0,increase,0.8,0.7,,131,28,2.0,,,,,,,,,,,,,,,,,,,,,,,,,,
11287,CINTAS CORP,Cintas Raises Annual Dividend From $2.05 To $2.55/Share; Adds $1B To Buyback Plan,0,increase,0.9,0.8,,139,28,2.0,,,,,,,,,,,,,,,,,,,,,,,,,,
11295,COMMVAULT SYSTEMS INC,"CommVault Systems Q2 Adj. EPS $0.42 Beats $0.28 Estimate, Sales $167.6M Beat $163.27M Estimate",0,increase,0.9,0.8,,145,28,2.0,,,,,,,,,,,,,,,,,,,,,,,,,,
11303,COMMUNITY HEALTH SYS INC NEW,Community Health Systems shares are trading lower after the company reported Q3 earnings results.,0,decrease,0.8,0.7,,128,29,0.0,,,,,,,,,,,,,,,,,,,,,,,,,,
11311,COMMUNITY HEALTH SYS INC NEW,"Community Health Systems Q3 Adj. EPS $(0.29) Beats $(0.59) Estimate, Sales $3.246B Beat $3.14B Estimate",0,increase,0.8,0.7,,147,28,2.0,,,,,,,,,,,,,,,,,,,,,,,,,,
11319,DELTA AIR LINES INC,Delta Becomes First US Airline To Offer Door-To-Door Parcel Delivery,0,increase,0.8,0.7,,128,28,2.0,,,,,,,,,,,,,,,,,,,,,,,,,,
11327,DIME COMMUNITY BANCSHRS INC NEW,"Stephens & Co. Initiates Coverage On Dime Community Bancshares with Equal-Weight Rating, Announces $23 Price Target",0,uncertain,0.6,0.3,,150,29,1.0,,,,,,,,,,,,,,,,,,,,,,,,,,
11335,DENNYS CORP,Denny's Narrows FY19 Comps Growth Guidance From 1-3% To 1.5-2.5%,0,uncertain,0.6,0.3,,137,29,1.0,,,,,,,,,,,,,,,,,,,,,,,,,,
11343,DENNYS CORP,"Denny's Q3 Adj. EPS $0.18 Beats $0.16 Estimate, Sales $124.3M Miss $126.63M Estimate",0,uncertain,0.6,0.4,,143,29,1.0,,,,,,,,,,,,,,,,,,,,,,,,,,
11351,DIAMOND HILL INVESTMENT GRP INC,"Diamond Hill Inv Gr Q3 EPS $3.35 Down From $4.31 YoY, Sales $34.592M Down From $37.472M YoY; Declares $9/Share Special Dividend",0,decrease,0.8,0.7,,168,29,0.0,,,,,,,,,,,,,,,,,,,,,,,,,,
11359,D H T HOLDINGS INC,Euronav Sees Rising Constraints On Supertanker Capacity,0,increase,0.8,0.7,,125,28,2.0,,,,,,,,,,,,,,,,,,,,,,,,,,
11367,SPDR DOW JONES IND AVG ETF TRUST,This Day In Market History: Black Tuesday,0,decrease,0.8,0.7,,131,29,0.0,,,,,,,,,,,,,,,,,,,,,,,,,,
11375,DIGITAL REALTY TRUST INC,Digital Realty Trust shares are trading lower after the company reported worse-than-expected Q3 EPS and sales results.,0,decrease,0.8,0.7,,136,29,0.0,,,,,,,,,,,,,,,,,,,,,,,,,,
11383,DIGITAL REALTY TRUST INC,"Digital Realty Trust Q3 EPS $0.24 Misses $0.29 Estimate, Sales $806.466M Miss $814.71M Estimate",0,decrease,0.8,0.7,,146,29,0.0,,,,,,,,,,,,,,,,,,,,,,,,,,
11391,DIGITAL REALTY TRUST INC,"Digital Realty, Interxion Announce Merger Agreement",0,uncertain,0.7,0.5,,126,29,1.0,,,,,,,,,,,,,,,,,,,,,,,,,,
11399,ELECTRONIC ARTS INC,From EA Earnings Conference Call: Will Not Ship NBA Live Game In FY20,0,decrease,0.8,0.7,,129,29,0.0,,,,,,,,,,,,,,,,,,,,,,,,,,
11407,ELECTRONIC ARTS INC,Electronic Arts Q2 Adj. EPS $0.97 Beats $0.85 Estimate,0,increase,0.9,0.8,,130,28,2.0,,,,,,,,,,,,,,,,,,,,,,,,,,
11415,ELECTRONIC ARTS INC,"EA Sees FY20 Sales ~$5.41B, GAAP EPS $9.57 Including $5.74 In Benefits Related To 1-Time Income Tax Benefits",0,uncertain,0.6,0.3,,148,29,1.0,,,,,,,,,,,,,,,,,,,,,,,,,,
11423,ELECTRONIC ARTS INC,"Electronic Arts Q2 GAAP EPS $2.89 Does Not Compare To $0.85 Estimate, Net Sales $1.348B, Net Bookings $1.277B Beat $1.25B Estimate",0,increase,0.8,0.9,,157,28,2.0,,,,,,,,,,,,,,,,,,,,,,,,,,
11431,ELECTRONIC ARTS INC,"NCAA Will Let College Athletes Profit Off Their Name, Likeness",0,uncertain,0.6,0.3,,127,29,1.0,,,,,,,,,,,,,,,,,,,,,,,,,,
11439,LAUDER ESTEE COS INC,The Estee Lauder Companies shares are trading higher following sharp spike at around 1:00 p.m. ET. Not yet seeing any news to correlate with spike or justify price action.,0,uncertain,0.7,0.5,,152,29,1.0,,,,,,,,,,,,,,,,,,,,,,,,,,
11447,EMCOR GROUP INC,EMCOR Raises FY19 EPS Guidance From $5.50-$5.75 To $5.65-$5.75 vs $5.71 Est.; Raises FY19 Sales Guidance From $8.8B-$8.9B To $9B vs $8.92B Est.,0,uncertain,0.6,0.4,,168,29,1.0,,,,,,,,,,,,,,,,,,,,,,,,,,
11455,EMCOR GROUP INC,"EMCOR Group Q3 EPS $1.45 Beats $1.43 Estimate, Sales $2.29B Beat $2.18B Estimate",0,increase,0.8,0.7,,139,28,2.0,,,,,,,,,,,,,,,,,,,,,,,,,,
11463,ENPHASE ENERGY INC,Enphase Energy shares are trading lower after the company reported Q3 results.,0,uncertain,0.6,0.5,,125,29,1.0,,,,,,,,,,,,,,,,,,,,,,,,,,
11471,ENPHASE ENERGY INC,"Enphase Energy Q3 EPS $0.3 Beats $0.25 Estimate, Sales $180.057M Beat $176.49M Estimate",0,increase,0.8,0.7,,141,28,2.0,,,,,,,,,,,,,,,,,,,,,,,,,,
11479,ENPHASE ENERGY INC,Hearing Lakewood's Anthony Bozza Is Short Enphase Energy; Unconfirmed,0,uncertain,0.6,0.3,,127,29,1.0,,,,,,,,,,,,,,,,,,,,,,,,,,
11487,ENPHASE ENERGY INC,Enphase Energy shares are trading higher in anticipation of the company's Q3 earnings scheduled for today after the market closes.,0,uncertain,0.6,0.4,,134,29,1.0,,,,,,,,,,,,,,,,,,,,,,,,,,
11495,E P R PROPERTIES,"EPR Props Q3 EPS $1.46 Down From $1.58 YoY, Sales $184.86M Beat $160.35M Estimate",0,uncertain,0.6,0.3,,143,29,1.0,,,,,,,,,,,,,,,,,,,,,,,,,,
11503,EQUITY COMMONWEALTH,Equity Commonwealth Q3 FFO $0.21 Up From $0.18 YoY,0,increase,0.8,0.15,,132,28,2.0,,,,,,,,,,,,,,,,,,,,,,,,,,
11511,E Q T CORP,EQT Option Alert: Nov 15 $11 Calls Sweep (3) near the Ask: 3940 @ $0.49 vs 209 OI; Earnings 10/31 Before Open Ref=$10.375,0,increase,0.8,0.7,,157,28,2.0,,,,,,,,,,,,,,,,,,,,,,,,,,
11519,E Q T CORP,EQT shares are trading higher on no company-specific news but unusual option activity in the January $15 calls.,0,uncertain,0.6,0.3,,132,29,1.0,,,,,,,,,,,,,,,,,,,,,,,,,,
11527,ESSEX PROPERTY TRUST INC,"Wells Fargo Maintains Outperform on Essex Property Trust, Raises Price Target to $350",0,increase,0.9,0.8,,131,28,2.0,,,,,,,,,,,,,,,,,,,,,,,,,,
11535,EATON CORP PLC,Eaton Sees FY19 Adj. EPS $5.67-$5.77 vs $5.81 Est.,0,decrease,0.8,0.6,,136,29,0.0,,,,,,,,,,,,,,,,,,,,,,,,,,
11543,EATON CORP PLC,"Eaton Q3 Adj. EPS $1.52 Beats $1.51 Estimate, Sales $5.314B Miss $5.5B Estimate",0,uncertain,0.6,0.3,,144,29,1.0,,,,,,,,,,,,,,,,,,,,,,,,,,
11551,ISHARES TRUST,Position Of Tellers Indicates UK Lawmakers Have Approved Bill On Early Election,0,uncertain,0.6,0.3,,127,29,1.0,,,,,,,,,,,,,,,,,,,,,,,,,,
11559,ISHARES TRUST,Labour's Corbyn: No Deal Off the Table Has Now Been Met; Says Will Support an Election,0,uncertain,0.6,0.3,,132,29,1.0,,,,,,,,,,,,,,,,,,,,,,,,,,
11567,ISHARES TRUST,EU Grants Another 3-Month Brexit Extension,0,uncertain,0.6,0.3,,122,29,1.0,,,,,,,,,,,,,,,,,,,,,,,,,,
11575,EXLSERVICE HOLDINGS INC,ExlService Holdings Raises FY19 Adj. EPS Guidance From $2.68-$2.98 To $2.95-$3.05 vs $2.94 Est.; Narrows Sales Guidance From $976M-$996M To $980M-$990M vs $986.56M Est.,0,increase,0.8,0.6,,174,28,2.0,,,,,,,,,,,,,,,,,,,,,,,,,,
11583,EXLSERVICE HOLDINGS INC,"ExlService Holdings Q3 Adj. EPS $0.84 Beats $0.75 Estimate, Sales $251.392M Beat $248.83M Estimate",0,increase,0.8,0.7,,146,28,2.0,,,,,,,,,,,,,,,,,,,,,,,,,,
11591,EXPEDIA GROUP INC,'Expedia For Mortgages': Simplist Uses Proprietary Technology To Simplify Home Lending Process,0,increase,0.8,0.7,,130,28,2.0,,,,,,,,,,,,,,,,,,,,,,,,,,
11599,EXTRA SPACE STORAGE INC,"Extra Space Storage Q3 Adj. FFO $1.24 Up From $1.2 YoY, EPS $0.83",0,increase,0.8,0.6,,136,28,2.0,,,,,,,,,,,,,,,,,,,,,,,,,,
11607,FORD MOTOR CO DEL,Ford Recalls 320K Vehicles In North America On Safety Concerns,0,uncertain,0.6,0.3,,125,29,1.0,,,,,,,,,,,,,,,,,,,,,,,,,,
11615,FORD MOTOR CO DEL,Ford Issues North America Recall For Select 2015-2017 Ford Transit Vehicles For Driveshaft Flexible Coupling Issue,0,uncertain,0.6,0.3,,135,29,1.0,,,,,,,,,,,,,,,,,,,,,,,,,,
11623,FIRST COMMONWEALTH FINANCIAL COR,First Commonwealth Finl Q3 Adj. EPS $0.3 Beats $0.28 Estimate,0,increase,0.8,0.6,,136,28,2.0,,,,,,,,,,,,,,,,,,,,,,,,,,
11631,FIRST CITIZENS BANCSHARES INC NC,First Citizens BancShares Declares Quarterly Dividend Of $0.40/Share,0,uncertain,0.6,0.3,,141,29,1.0,,,,,,,,,,,,,,,,,,,,,,,,,,
11639,FIRST CITIZENS BANCSHARES INC NC,"First Citizens BancShares Q3 EPS $11.27 Up From $9.8 YoY, Sales $336.425M Up From $307.362M YoY",0,increase,0.8,0.7,,160,28,2.0,,,,,,,,,,,,,,,,,,,,,,,,,,
11647,FRESH DEL MONTE PRODUCE INC,"Fresh Del Monte Produce Q3 Adj. EPS $0.35 May Not Compare To $0.16 Estimate, Sales $1.07B, Same YoY",0,increase,0.8,0.7,,152,28,2.0,,,,,,,,,,,,,,,,,,,,,,,,,,
11655,FEDEX CORP,"Wells Fargo Bullish On FedEx, UPS",0,increase,0.8,0.7,,118,28,2.0,,,,,,,,,,,,,,,,,,,,,,,,,,
11663,FEDEX CORP,"Wells Fargo Initiates Coverage On FedEx with Outperform Rating, Announces $189 Price Target",0,increase,0.8,0.7,,128,28,2.0,,,,,,,,,,,,,,,,,,,,,,,,,,
11671,FRANKLIN ELECTRIC INC,"Franklin Electric Q3 Adj. EPS $0.73 Beats $0.71 Estimate, Sales $348.4M Miss $353.85M Estimate",0,uncertain,0.6,0.4,,145,29,1.0,,,,,,,,,,,,,,,,,,,,,,,,,,
11679,FINANCIAL INSTITUTIONS INC,Financial Institutions Q3 EPS $0.78 Beats $0.68 Estimate,0,increase,0.8,0.7,,132,28,2.0,,,,,,,,,,,,,,,,,,,,,,,,,,
11687,ISHARES INC,GM Says China Auto Market Remains 'Volatile',0,uncertain,0.7,0.3,,121,29,1.0,,,,,,,,,,,,,,,,,,,,,,,,,,
11695,F M C CORP,"FMC Corporation Raises FY19 Adj. EPS Guidance To $5.80-$5.90 vs $5.80 Est., Raises Sales Guidance To $4.58B-$4.62B vs $4.55B Est.",0,uncertain,0.6,0.3,,158,29,1.0,,,,,,,,,,,,,,,,,,,,,,,,,,
11703,F M C CORP,"FMC Q3 Adj. EPS $0.94 Beats $0.81 Estimate, Sales $1B Beat $976.02M Estimate",0,increase,0.8,0.7,,140,28,2.0,,,,,,,,,,,,,,,,,,,,,,,,,,
11711,FIDELITY NATIONAL FINL INC NEW,"Fidelity National Finl Q3 Adj. EPS $1.1 Beats $0.89 Estimate, Sales $2.2B Beat $2.17B Estimate",0,increase,0.8,0.7,,153,28,2.0,,,,,,,,,,,,,,,,,,,,,,,,,,
11719,FIDELITY NATIONAL FINL INC NEW,Fidelity National Financial Raises Quarterly Dividend From $0.31 To $0.33/Share,0,increase,0.8,0.5,,139,28,2.0,,,,,,,,,,,,,,,,,,,,,,,,,,
11727,FIRST BANK,First Bank Q3 Adj. EPS $0.18 Misses $0.2 Estimate,0,decrease,0.8,0.7,,123,29,0.0,,,,,,,,,,,,,,,,,,,,,,,,,,
11735,FRANKLIN STREET PROPERTIES CORP,"Franklin Street Props Q2 FFO $0.22 Down From $0.24 YoY, Sales $66.813M Beat $64.2M Estimate",0,uncertain,0.6,0.3,,151,29,1.0,,,,,,,,,,,,,,,,,,,,,,,,,,
11743,FOSTER L B CO,CORRECTION: L.B. Foster Sees FY19 Sales $660M-$675M; Sees Q4 Sales $155M-$170M,0,uncertain,0.6,0.4,,144,29,1.0,,,,,,,,,,,,,,,,,,,,,,,,,,
11751,FOSTER L B CO,"L.B. Foster Q3 EPS $0.29 Misses $0.44 Estimate, Sales $154.276M Miss $178.16M Estimate",0,decrease,0.8,0.7,,145,29,0.0,,,,,,,,,,,,,,,,,,,,,,,,,,
11759,FOSTER L B CO,"L.B. Foster Sees FY19 Sales $660M-$675M, EBITDA To Exceed Q3 EBITDA Of $8.6M; Sees Q4 Sales $155M-$170M",0,increase,0.8,0.7,,158,28,2.0,,,,,,,,,,,,,,,,,,,,,,,,,,
11767,FOSTER L B CO,"L.B. Foster Q3 EPS $0.29, Sales $154.276M Miss $178.16M Estimate",0,decrease,0.8,0.7,,138,29,0.0,,,,,,,,,,,,,,,,,,,,,,,,,,
11775,GANNETT CO INC,"New Media, Gannett Name Board Of Directors For Combined Co.",0,uncertain,0.6,0.3,,126,29,1.0,,,,,,,,,,,,,,,,,,,,,,,,,,
11783,GREEN DOT CORP,Green Dot shares are trading higher after the company announced it has entered into an agreement with Walmart and will continue to serve as the issuing bank and program manager for the Walmart MoneyCard program for an additional period of 7 years.,0,increase,0.9,0.8,,153,28,2.0,,,,,,,,,,,,,,,,,,,,,,,,,,
11791,GREEN DOT CORP,"Walmart, Green Dot Report Extension Of Relationship, Form Fintech Accelerator, No Terms Disclosed",0,uncertain,0.6,0.3,,130,29,1.0,,,,,,,,,,,,,,,,,,,,,,,,,,
11799,GENETIC TECHNOLOGIES LTD,Genetic Technologies Says Now in a Position to Comply With Its Nasdaq Listing,0,increase,0.8,0.7,,131,28,2.0,,,,,,,,,,,,,,,,,,,,,,,,,,
11807,GENERAL MILLS INC,From Earlier: General Mills Venture Capital Arm 301 Inc Is Selling STake In Beyond MEat,0,uncertain,0.6,0.3,,128,29,1.0,,,,,,,,,,,,,,,,,,,,,,,,,,
11815,GOLAR L N G LTD,Citigroup Downgrades Golar LNG to Neutral,0,decrease,0.8,0.7,,124,29,0.0,,,,,,,,,,,,,,,,,,,,,,,,,,
11823,GLATFELTER CORP,"P.H. Glatfelter Q3 EPS $0.19 Beats $0.18 Estimate, Sales $232.52M Miss $244.65M Estimate",0,uncertain,0.6,0.4,,149,29,1.0,,,,,,,,,,,,,,,,,,,,,,,,,,
11831,GENWORTH FINANCIAL INC,Genworth Financial Q3 EPS $0.24 Misses $0.3 Estimate,0,decrease,0.8,0.7,,132,29,0.0,,,,,,,,,,,,,,,,,,,,,,,,,,
11839,ALPHABET INC,PreMarket Prep: Buy The Dip Still Working,0,increase,0.8,0.7,,120,28,2.0,,,,,,,,,,,,,,,,,,,,,,,,,,
11847,ALPHABET INC,"UBS Maintains Buy on Alphabet, Raises Price Target to $1,460",0,increase,0.8,0.7,,127,28,2.0,,,,,,,,,,,,,,,,,,,,,,,,,,
11855,ALPHABET INC,"Deutsche Bank Maintains Buy on Alphabet, Lowers Price Target to $1,550",0,uncertain,0.6,0.3,,129,29,1.0,,,,,,,,,,,,,,,,,,,,,,,,,,
11863,ALPHABET INC,"Raymond James Maintains Outperform on Alphabet, Raises Price Target to $1,475",0,increase,0.9,0.8,,129,28,2.0,,,,,,,,,,,,,,,,,,,,,,,,,,
11871,ALPHABET INC,"BMO Capital Maintains Market Perform on Alphabet, Raises Price Target to $1,250",0,increase,0.8,0.7,,129,28,2.0,,,,,,,,,,,,,,,,,,,,,,,,,,
11879,ALPHABET INC,"Barclays Maintains Overweight on Alphabet, Raises Price Target to $1,400",0,increase,0.9,0.8,,129,28,2.0,,,,,,,,,,,,,,,,,,,,,,,,,,
11887,ALPHABET INC,"Canaccord Genuity Maintains Buy on Alphabet, Raises Price Target to $1,450",0,increase,0.8,0.7,,130,28,2.0,,,,,,,,,,,,,,,,,,,,,,,,,,
11895,ALPHABET INC,"KeyBanc Maintains Overweight on Alphabet, Raises Price Target to $1.546K",0,increase,0.8,0.7,,130,28,2.0,,,,,,,,,,,,,,,,,,,,,,,,,,
11903,GRIFOLS S A,Grifols shares are trading higher on seemingly no company-specific news.,0,uncertain,0.7,0.3,,124,29,1.0,,,,,,,,,,,,,,,,,,,,,,,,,,
11911,G S K PLC,GlaxoSmithKline Says Intravenous Benlysta Is First Biologic Treatment To Be Approved For Children With Lupus In Europe,0,increase,0.8,0.7,,136,28,2.0,,,,,,,,,,,,,,,,,,,,,,,,,,
11919,GRANITE CONSTRUCTION INC,Granite Awarded $25M Airport Taxiway Project In Southern California,0,increase,0.8,0.7,,127,28,2.0,,,,,,,,,,,,,,,,,,,,,,,,,,
11927,GRANITE CONSTRUCTION INC,Granite Construction Incorporated Announces Proposed Offering Of $200 Million Of Convertible Senior Notes Due 2024,0,uncertain,0.6,0.4,,134,29,1.0,,,,,,,,,,,,,,,,,,,,,,,,,,
11935,HASBRO INC,"Hasbro's Wizards Of The Coast Subsidiary Acquires Digital Game Development Studio Tuque Games, Terms Not Disclosed",0,increase,0.8,0.7,,134,28,2.0,,,,,,,,,,,,,,,,,,,,,,,,,,
11943,HOME BANCORP INC,"Home Bancorp Q2 EPS $0.71 Misses $0.76 Estimate, Sales $21.875M Beat $21.58M Estimate",0,uncertain,0.6,0.3,,144,29,1.0,,,,,,,,,,,,,,,,,,,,,,,,,,
11951,H C A HEALTHCARE INC,HCA Healthcare shares are trading higher after the company reported better-than-expected Q3 EPS and sales results.,0,increase,0.9,0.8,,136,28,2.0,,,,,,,,,,,,,,,,,,,,,,,,,,
11959,H C A HEALTHCARE INC,"HCA Healthcare Sees FY19 EPS $10.30-$10.65 vs $10.37 Est., Sales $50B-$51.5B vs $50.96B Est.",0,uncertain,0.6,0.3,,154,29,1.0,,,,,,,,,,,,,,,,,,,,,,,,,,
11967,H C A HEALTHCARE INC,"HCA Healthcare Q3 Adj. EPS $2.23 Beats $2.13 Estimate, Sales $12.69B Beat $12.5B Estimate",0,increase,0.8,0.7,,147,28,2.0,,,,,,,,,,,,,,,,,,,,,,,,,,
11975,HORIZON TECHNOLOGY FINANCE CORP,Horizon Tech Finance Q3 EPS $0.42 Up From $0.30 YoY,0,increase,0.8,0.3,,138,28,2.0,,,,,,,,,,,,,,,,,,,,,,,,,,
11983,HORIZON TECHNOLOGY FINANCE CORP,Janney Capital Initiates Coverage On Horizon Tech Finance with Neutral Rating,0,uncertain,0.6,0.3,,132,29,1.0,,,,,,,,,,,,,,,,,,,,,,,,,,
11991,HEIDRICK & STRUGGLES INTL INC,"Credit Suisse Maintains Neutral on Heidrick & Struggles Intl, Lowers Price Target to $31",0,decrease,0.8,0.7,,148,29,0.0,,,,,,,,,,,,,,,,,,,,,,,,,,
11999,HOMETRUST BANCSHARES INC,HomeTrust Bancshares Q1 EPS $0.49 Up From $0.41 YoY,0,increase,0.8,0.7,,142,28,2.0,,,,,,,,,,,,,,,,,,,,,,,,,,
12007,HURON CONSULTING GROUP INC,Huron Sees FY19 Sales $850M-$865M,0,uncertain,0.6,0.3,,130,29,1.0,,,,,,,,,,,,,,,,,,,,,,,,,,
12015,HURON CONSULTING GROUP INC,"Huron Consulting Group Q3 EPS $0.79 Beats $0.65 Estimate, Sales $242.925M Beat $211.58M Estimate",0,increase,0.8,0.7,,148,28,2.0,,,,,,,,,,,,,,,,,,,,,,,,,,
12023,HYSTER YALE MATERIALS HANDLG INC,"Hyster-Yale Materials Q3 EPS $0.76 Misses $0.8 Estimate, Sales $760M Miss $857.9M Estimate",0,decrease,0.8,0.7,,150,29,0.0,,,,,,,,,,,,,,,,,,,,,,,,,,
12031,MARINEMAX INC,MarineMax Sees FY20 EPS $1.58-$1.68 vs $1.64 Est.,0,uncertain,0.6,0.3,,133,29,1.0,,,,,,,,,,,,,,,,,,,,,,,,,,
12039,MARINEMAX INC,"MarineMax Q4 EPS $0.38 Down From $0.45 YoY, Sales $308.1M Down From $308.591M YoY",0,decrease,0.8,0.5,,145,29,0.0,,,,,,,,,,,,,,,,,,,,,,,,,,
12047,INTERNATIONAL BUSINESS MACHS COR,"IBM Says Co, Samsung Electronics Announce New Joint Platform Leveraging Ibm Cloud And AI Capabilities, And Samsung's Mobile Offerings; Platform Will Help Clients Track Worker's Vitals, Including Heart Rate And Physical Activity",0,increase,0.8,0.7,,157,28,2.0,,,,,,,,,,,,,,,,,,,,,,,,,,
12055,IDEX CORP,"IDEX Q3 EPS $1.52 Beats $1.46 Estimate, Sales $624.246M Miss $640.69M Estimate",0,uncertain,0.6,0.4,,138,29,1.0,,,,,,,,,,,,,,,,,,,,,,,,,,
12063,INTERNATIONAL FLAVORS & FRAG INC,"International Flavors & Fragrances Says on Oct 4 Frutarom Investor Filed Shareholder Motion Requesting Discovery Relating to $20M Bonus to Ori Yehudai, Former Ceo of Frutarom Industries",0,uncertain,0.6,0.4,,161,29,1.0,,,,,,,,,,,,,,,,,,,,,,,,,,
12071,INCYTE CORP,Incyte shares are trading higher after the company reported better-than-expected Q3 EPS and sales results.,0,increase,0.9,0.8,,130,28,2.0,,,,,,,,,,,,,,,,,,,,,,,,,,
12079,INCYTE CORP,Incyte Raises FY19 Jakafi Net Product Revenues,0,increase,0.8,0.7,,121,28,2.0,,,,,,,,,,,,,,,,,,,,,,,,,,
12087,INCYTE CORP,"Incyte Q3 Adj. EPS $0.82 Beats $0.65 Estimate, Sales $551.581M Beat $534.88M Estimate",0,increase,0.9,0.8,,141,28,2.0,,,,,,,,,,,,,,,,,,,,,,,,,,
12095,INFINERA CORP,"Infinera Reports Gtd Deployed Co. Solutions To Increase Capacity Across Terrestrial Network In Chile, No Terms Disclosed",0,uncertain,0.6,0.3,,136,29,1.0,,,,,,,,,,,,,,,,,,,,,,,,,,
12103,I P G PHOTONICS CORP,"IPG Photonics Q3 EPS $1.07 Misses $1.21 Estimate, Sales $329.1M Miss $336.93M Estimate",0,decrease,0.8,0.7,,151,29,0.0,,,,,,,,,,,,,,,,,,,,,,,,,,
12111,RENAISSANCE CAPITAL GREENWICH FD,"Uber, Lyft Will Have Homes In This New Travel Tech ETF",0,increase,0.8,0.7,,133,28,2.0,,,,,,,,,,,,,,,,,,,,,,,,,,
12119,INGERSOLL RAND INC,Ingersoll-Rand shares are trading higher after the company reported better-than-expected Q3 EPS and sales.,0,increase,0.9,0.8,,135,28,2.0,,,,,,,,,,,,,,,,,,,,,,,,,,
12127,INGERSOLL RAND INC,"Ingersoll-Rand Q3 Adj. EPS $1.99 Beats $1.91 Estimate, Sales $4.34B Beat $4.29B Estimate",0,increase,0.8,0.7,,147,28,2.0,,,,,,,,,,,,,,,,,,,,,,,,,,
12135,IRIDIUM COMMUNICATIONS INC,"Iridium Raises FY19 Guidance: Total Service Sales From ~$440M To $445M-$450M, OEBITDA Narrowed From $325M-$335M To $330M",0,increase,0.8,0.6,,156,28,2.0,,,,,,,,,,,,,,,,,,,,,,,,,,
12143,IRIDIUM COMMUNICATIONS INC,"Iridium Communications Q3 EPS $(0.14) Misses $(0.13) Estimate, Sales $144.785M Beat $142.05M Estimate",0,uncertain,0.6,0.3,,149,29,1.0,,,,,,,,,,,,,,,,,,,,,,,,,,
12151,SANFILIPPO JOHN B & SON,John B. Sanfilippo & Son Declares $2/Share Special Dividend,0,increase,0.8,0.9,,136,28,2.0,,,,,,,,,,,,,,,,,,,,,,,,,,
12159,JOHNSON & JOHNSON,Johnson & Johnson Shares Resume Trade,0,uncertain,0.6,0.3,,125,29,1.0,,,,,,,,,,,,,,,,,,,,,,,,,,
12167,JOHNSON & JOHNSON,UPDATE: Lab Undertook Probe And Determined That Portable Air Conditioner In Use In Auxiliary Room Was Contaminated With Asbestos,0,uncertain,0.6,0.3,,145,29,1.0,,,,,,,,,,,,,,,,,,,,,,,,,,
12175,JOHNSON & JOHNSON,"UPDATE: Additional 48 New Tests Of Samples From Single Lot Of Oct. 18 Recalled J&J Baby Powder Confirm It Does Not Contain Asbestos; Following Recall, Co. Contracted 2 3rd-party Laboratories To Expedite Large Number Of Tests Of Recalled Lot Of Baby Powder",0,uncertain,0.7,0.3,,180,29,1.0,,,,,,,,,,,,,,,,,,,,,,,,,,
12183,JOHNSON & JOHNSON,Johnson & Johnson Says 15 New Tests From Same Bottle Of Co.'s Baby Powder Previously Tested By FDA Find No Asbestos; Over 60 New Tests Of Recalled Lot Conducted By Two Third Party Laboratories Find No Asbestos,0,increase,0.8,0.7,,165,28,2.0,,,,,,,,,,,,,,,,,,,,,,,,,,
12191,JOHNSON & JOHNSON,"Johnson & Johnson Shares Halted, News Pending",0,uncertain,0.7,0.5,,128,29,1.0,,,,,,,,,,,,,,,,,,,,,,,,,,
12199,KELLOGG CO,Kellogg shares are trading higher after the company reported better-than-expected Q3 EPS and sales results.,0,increase,0.8,0.7,,131,28,2.0,,,,,,,,,,,,,,,,,,,,,,,,,,
12207,KELLOGG CO,Kellogg Sees Gross Margin Decreasing YoY In 2019,0,decrease,0.8,0.7,,125,29,0.0,,,,,,,,,,,,,,,,,,,,,,,,,,
12215,KELLOGG CO,Kellogg Trades Higher On Q3 Earnings Beat,0,increase,0.9,0.8,,121,28,2.0,,,,,,,,,,,,,,,,,,,,,,,,,,
12223,KELLOGG CO,Kellogg Reaffirms Guidance,0,uncertain,0.6,0.3,,117,29,1.0,,,,,,,,,,,,,,,,,,,,,,,,,,
12231,KELLOGG CO,"Kellogg Q3 Adj. EPS $1.03 Beats $0.91 Estimate, Sales $3.37B Beat $3.35B Estimate",0,increase,0.8,0.6,,142,28,2.0,,,,,,,,,,,,,,,,,,,,,,,,,,
12239,KADANT INC,"Kadant Q3 Adj. EPS $1.41 Beats $1.27 Estimate, Sales $174M Beat $172.89M Estimate",0,increase,0.8,0.7,,139,28,2.0,,,,,,,,,,,,,,,,,,,,,,,,,,
12247,K K R & CO INC,"KKR & Co Q3 EPS $0.43 Beats $0.42 Estimate, Sales $790.5M Miss $933.64M Estimate",0,uncertain,0.6,0.4,,144,29,1.0,,,,,,,,,,,,,,,,,,,,,,,,,,
12255,KAMADA LTD,Kamada and Kedrion Biopharma Highlights Publication Of Results From Registration Study Of KEDRAB In Human Vaccines & Immunotherapeutics Medical Journal,0,increase,0.8,0.7,,142,28,2.0,,,,,,,,,,,,,,,,,,,,,,,,,,
12263,KOSMOS ENERGY LTD DE,Kosmos Energy shares are trading higher on seemingly no company-specific news.,0,uncertain,0.6,0.3,,129,29,1.0,,,,,,,,,,,,,,,,,,,,,,,,,,
12271,KROGER CO,The Kroger Co shares are trading lower. Credit Suisse lowered its FY19 and FY20 estimates from $2.21 and $2.44 to $2.20 and $2.40 respectively.,0,decrease,0.8,0.6,,150,29,0.0,,,,,,,,,,,,,,,,,,,,,,,,,,
12279,KEY TRONICS CORP,"Key Tronic Sees Q2 EPS $0.13-$0.18, Sales $117M-$122M",0,uncertain,0.6,0.3,,137,29,1.0,,,,,,,,,,,,,,,,,,,,,,,,,,
12287,KEY TRONICS CORP,"Key Tronic Q1 EPS $0.14 Down From $0.15 YoY, Sales $105.3M Down From $127.472M YoY",0,decrease,0.8,0.2,,147,29,0.0,,,,,,,,,,,,,,,,,,,,,,,,,,
12295,LEIDOS HOLDINGS INC,Leidos Holdings shares are trading higher after the company reported better-than-expected Q3 EPS and sales results. The company also raised FY19 EPS and sales guidance above analyst estimates.,0,increase,0.9,0.8,,148,28,2.0,2019-10-29,91547.0,0.3472659504041075,-3.7157067871042337,3.0327616691546933,1.0377521626651287,0.9620148043608,1.9813222795382224,6.9051,7.0942,0.9221,-0.13,0.3,0.51,0.007,7.0179730000000005,-0.0151,-0.2427,-1.9362,0.3153,-2.9499,2.4474,0.7504,1.0541,0.6745,1.36
12303,LEIDOS HOLDINGS INC,Leidos Holdings Raises FY19 Adj. EPS Guidance From $4.70-$4.75 To $4.90-$5.10 vs $4.71 Est. Raises Sales Guidance From $10.65B-$10.95B To $10.90B-$11.00B vs $10.84B Est.,0,increase,0.9,0.8,,180,28,2.0,2019-10-29,91547.0,0.3472659504041075,-3.7157067871042337,3.0327616691546933,1.0377521626651287,0.9620148043608,1.9813222795382224,6.9051,7.0942,0.9221,-0.13,0.3,0.51,0.007,7.0179730000000005,-0.0151,-0.2427,-1.9362,0.3153,-2.9499,2.4474,0.7504,1.0541,0.6745,1.36
12311,LEIDOS HOLDINGS INC,"Leidos Holdings Q3 Adj. EPS $1.36 Beats $1.19 Estimate, Sales $2.84B Beat $2.75B Estimate",0,increase,0.8,0.7,,145,28,2.0,2019-10-29,91547.0,0.3472659504041075,-3.7157067871042337,3.0327616691546933,1.0377521626651287,0.9620148043608,1.9813222795382224,6.9051,7.0942,0.9221,-0.13,0.3,0.51,0.007,7.0179730000000005,-0.0151,-0.2427,-1.9362,0.3153,-2.9499,2.4474,0.7504,1.0541,0.6745,1.36
12319,LEGGETT & PLATT INC,Leggett & Platt shares are trading higher after the company reported better-than-expected Q3 EPS and sales results.,0,increase,0.8,0.7,,137,28,2.0,2019-10-29,60943.0,0.6011273711919785,4.712042604595124,5.293774709260712,2.0110493525862694,4.292818717424263,2.874974174292788,11.7201,11.3962,1.0336,-0.13,0.3,0.51,0.007,11.847468,1.2803,-0.2703,-2.0022,1.1945,2.4995,1.4797,0.3483,0.074,-1.2511,-0.0312
12327,LOCKHEED MARTIN CORP,"Lockheed Martin Reports F-35 Joint Program Office Finalized $34B Deal For Production, Delivery Of 478 F-35s At Lowest Price",0,increase,0.9,0.8,,145,28,2.0,2019-10-29,21178.0,2.031799592077732,0.6817565807900383,4.095926122748561,0.2994053065776825,-0.7738682468420244,-0.3350397750683576,-0.199,0.0073,0.7138,-0.13,0.3,0.51,0.007,-0.113206,1.5804,-0.3384,0.0464,-1.3698,-0.1174,1.5916,-0.497,0.5556,-0.0283,1.1284
12335,LOCKHEED MARTIN CORP,"Pentagon Says Lockheed Martin F-35A Fighter Jets Will Cost $79.17M Per Jet In Lot 13, $82.4M Per Jet In Lot 12 And $77.91M Per Jet In Lot 14",0,uncertain,0.6,0.4,,164,29,1.0,2019-10-29,21178.0,2.031799592077732,0.6817565807900383,4.095926122748561,0.2994053065776825,-0.7738682468420244,-0.3350397750683576,-0.199,0.0073,0.7138,-0.13,0.3,0.51,0.007,-0.113206,1.5804,-0.3384,0.0464,-1.3698,-0.1174,1.5916,-0.497,0.5556,-0.0283,1.1284
12343,LINDSAY CORP,"Lindsay Q4 Adj. EPS $0.54 Beats $0.35 Estimate, Sales $101.9M Miss $105.66M Estimate",0,uncertain,0.6,0.4,,144,29,1.0,2019-10-29,12211.0,-0.0415464426623657,-1.204815185848418,-7.457416181942921,1.4619204215705397,2.2427450845412977,2.152898790512481,3.5269,3.18,1.154,-0.13,0.3,0.51,0.007,3.66992,0.5139,-1.0693,-2.4002,-0.0989,-0.2114,0.1131,-1.409,-3.3956,-0.6556,-1.3509
12351,LATTICE SEMICONDUCTOR CORP,Lattice Semi Sees Q4 Sales $97M-$103M,0,uncertain,0.6,0.3,,133,29,1.0,2019-10-29,75854.0,4.675882309675217,7.013813344165021,6.74814251211604,2.952233888208866,6.0254292671027665,6.496391292970971,-1.877,-1.794,1.0579,-0.13,0.3,0.51,0.007,-1.746473,4.2133,-0.0688,0.6984,3.7987,-2.8076,-2.7325,0.5393,0.7006,2.0946,-0.2445
12359,LATTICE SEMICONDUCTOR CORP,"Lattice Semiconductor Q3 Adj. EPS $0.17 Beats $0.15 Estimate, Sales $103.469M Beat $103.07M Estimate",0,increase,0.8,0.6,,151,28,2.0,2019-10-29,75854.0,4.675882309675217,7.013813344165021,6.74814251211604,2.952233888208866,6.0254292671027665,6.496391292970971,-1.877,-1.794,1.0579,-0.13,0.3,0.51,0.007,-1.746473,4.2133,-0.0688,0.6984,3.7987,-2.8076,-2.7325,0.5393,0.7006,2.0946,-0.2445
12367,LA Z BOY INC,"La-Z-Boy Reports Partnership With Marxent For 3D Commerce, No Terms Disclosed",0,increase,0.8,0.6,,130,28,2.0,2019-10-29,48347.0,0.3634360153228044,-0.3354736473052289,1.7053415286247375,-1.3592174276709557,-0.2244613927934735,0.1126151176859657,0.5905,0.1151,0.8642,-0.13,0.3,0.51,0.007,0.695846,1.0952,-0.2606,-2.1519,-0.089,-0.517,3.2722,0.796,-1.8625,-0.6947,1.0769
12375,MASTERCARD INC,Mastercard Sees Q4 Operating Expenses Growing In High Single Digits YoY,0,uncertain,0.7,0.5,,127,29,1.0,2019-10-29,91233.0,1.0426866821944714,-1.9286187232083865,1.0390484379781073,2.1244272589683533,2.6716251395918045,5.781094865083403,-0.5943,0.1384,1.2671,-0.13,0.3,0.51,0.007,-0.4365770000000001,-0.4134,-0.1242,0.2974,-0.538,-2.1634,0.1389,0.8883,0.1458,0.8591,-0.3357
12383,MASTERCARD INC,Mastercard Ticks Higher On Q3 Earnings Beat,0,increase,0.9,0.8,,122,28,2.0,2019-10-29,91233.0,1.0426866821944714,-1.9286187232083865,1.0390484379781073,2.1244272589683533,2.6716251395918045,5.781094865083403,-0.5943,0.1384,1.2671,-0.13,0.3,0.51,0.007,-0.4365770000000001,-0.4134,-0.1242,0.2974,-0.538,-2.1634,0.1389,0.8883,0.1458,0.8591,-0.3357
12391,MASTERCARD INC,"Mastercard Q3 Adj. EPS $2.15 Beats $2.01 Estimate, Sales $4.5B Beat $4.42B Estimate",0,increase,0.9,0.8,,142,28,2.0,2019-10-29,91233.0,1.0426866821944714,-1.9286187232083865,1.0390484379781073,2.1244272589683533,2.6716251395918045,5.781094865083403,-0.5943,0.1384,1.2671,-0.13,0.3,0.51,0.007,-0.4365770000000001,-0.4134,-0.1242,0.2974,-0.538,-2.1634,0.1389,0.8883,0.1458,0.8591,-0.3357
12399,MARRIOTT INTERNATIONAL INC NEW,Marriott International Option Alert: Nov 8 $129 Calls Sweep (50) near the Ask: 500 @ $1.75 vs 20 OI; Earnings 11/4 After Close Ref=$126.59,0,uncertain,0.6,0.3,,161,29,1.0,2019-10-29,85913.0,-0.0711264845449477,5.658739967771553,4.741958361127141,0.3328563645482063,1.8503582909346503,2.5184230936172947,-0.0553,-0.0122,1.0645,-0.13,0.3,0.51,0.007,0.076085,-0.2286,0.5453,-0.0533,1.0962,2.6733,-0.7651,-0.1097,-0.1872,-0.86,0.4368
12407,MERCURY GENERAL CORP NEW,"Keefe, Bruyette & Woods Downgrades Mercury General to Market Perform",0,decrease,0.8,0.7,,130,29,0.0,2019-10-29,52936.0,-0.5237795878201723,1.6551454824078826,2.5560470525539003,-11.088137328624724,-11.32145704026888,-12.8247633345401,0.8878,0.6941,0.7273,-0.13,0.3,0.51,0.007,0.975349,-0.0654,1.6313,-0.0952,-3.2404,2.5186,1.2305,-0.6981,-0.269,-0.2397,0.2523
12415,MONDELEZ INTERNATIONAL INC,Mondelez Sees FY19 Adj. EPS Growth 5-7%,0,uncertain,0.7,0.3,,128,29,1.0,2019-10-29,89006.0,-1.5142968855798244,-2.1389381836433796,-1.43858055299938,-0.6822069641202688,-1.1877848134543625,-0.4558436420166067,0.8014,1.0552,0.573,-0.13,0.3,0.51,0.007,0.8688899999999999,-1.9286,0.8755,-1.1066,-0.6631,0.0988,0.6692,-1.1486,-0.1958,0.2079,0.3497
12423,MONDELEZ INTERNATIONAL INC,"Mondelez International Q3 Adj. EPS $0.64 Beats $0.6 Estimate, Sales $6.355B Beat $6.34B Estimate",0,increase,0.8,0.7,,146,28,2.0,2019-10-29,89006.0,-1.5142968855798244,-2.1389381836433796,-1.43858055299938,-0.6822069641202688,-1.1877848134543625,-0.4558436420166067,0.8014,1.0552,0.573,-0.13,0.3,0.51,0.007,0.8688899999999999,-1.9286,0.8755,-1.1066,-0.6631,0.0988,0.6692,-1.1486,-0.1958,0.2079,0.3497
12431,MEDTRONIC PLC,Medtronic Reports Receives FDA Breakthrough Device Designation For Developing Fully Implantable Heart,0,increase,0.8,0.7,,130,28,2.0,2019-10-29,60097.0,0.9298000484704972,-1.8782001145549732,1.00417866457867,0.7397560402750969,0.8832750590103133,0.9503896603053396,1.2521,1.6219,0.6082,-0.13,0.3,0.51,0.007,1.3241660000000002,0.2059,0.2981,-0.4908,-1.0134,-1.2304,1.1212,-0.1474,-0.1026,0.8958,0.4079
12439,M D U RESOURCES GROUP INC,MDU Resources Sees FY19 EPS $1.50-$1.60 vs $1.53 Est.,0,uncertain,0.6,0.3,,137,29,1.0,2019-10-29,23835.0,3.315509110689163,4.278077599902108,3.101607342760482,0.358295883052051,-0.2137494507702952,-0.3911828249076432,0.1428,0.1014,0.4805,-0.13,0.3,0.51,0.007,0.198265,3.399,-0.0756,-0.0035,-0.2548,0.3994,-0.2439,-1.8542,-0.0641,0.185,0.4567
12447,M D U RESOURCES GROUP INC,"MDU Resources Gr Q3 EPS $0.69 Beats $0.61 Estimate, Sales $1.56B Beat $1.35B Estimate",0,increase,0.8,0.7,,146,28,2.0,2019-10-29,23835.0,3.315509110689163,4.278077599902108,3.101607342760482,0.358295883052051,-0.2137494507702952,-0.3911828249076432,0.1428,0.1014,0.4805,-0.13,0.3,0.51,0.007,0.198265,3.399,-0.0756,-0.0035,-0.2548,0.3994,-0.2439,-1.8542,-0.0641,0.185,0.4567
12455,MCGRATH RENTCORP,"McGrath RentCorp Q3 EPS $1.32 Beats $1.03 Estimate, Sales $173.6M Beat $150.77M Estimate",0,increase,0.9,0.8,,147,28,2.0,2019-10-29,89915.0,10.41373759508133,6.093445145337961,3.250781598943564,2.7602367103099823,2.5644783684322547,1.9816416226823508,1.5288,1.3991,0.8686,-0.13,0.3,0.51,0.007,1.634718,10.5987,-2.2835,-2.1636,-0.6239,-0.3116,-0.4245,-0.295,-1.6683,0.1279,-0.5042
12463,MASTECH DIGITAL INC,"Mastech Holdings Q3 Adj. EPS $0.23 Up From $0.2 YoY, Sales $49.543M Up From $44.292M YoY",0,increase,0.8,0.6,,150,28,2.0,2019-10-29,92797.0,4.803492501378059,9.461428114522397,23.508002649378756,-2.8475645929574966,-1.3454382509417773,-0.6849308929128273,18.4483,18.3524,0.1122,-0.13,0.3,0.51,0.007,18.455886,5.0294,3.9347,-3.61,10.6586,-6.0101,3.4498,6.2824,1.3852,1.4922,-0.1568
12471,MARTIN MARIETTA MATERIALS INC,Martin Marietta Sees FY19 Sales $4.66B-$4.77B vs $4.37B Est.,0,increase,0.8,0.7,,144,28,2.0,2019-10-29,80204.0,-0.4885133821517229,-5.5414678165152225,-4.818018257443313,0.2683267928659916,1.5666266620832925,1.88971835532874,-0.3308,-0.45,0.6454,-0.13,0.3,0.51,0.007,-0.2538979999999999,-0.3476,-1.4208,-0.4463,-1.3956,-3.0577,1.6053,0.1096,-0.4155,-0.2099,-0.3367
12479,MARTIN MARIETTA MATERIALS INC,"Martin Marietta Materials Q3 Adj. EPS $3.96 Beats $3.51 Estimate, Sales $1.42B Beat $1.26B Estimate",0,increase,0.8,0.7,,152,28,2.0,2019-10-29,80204.0,-0.4885133821517229,-5.5414678165152225,-4.818018257443313,0.2683267928659916,1.5666266620832925,1.88971835532874,-0.3308,-0.45,0.6454,-0.13,0.3,0.51,0.007,-0.2538979999999999,-0.3476,-1.4208,-0.4463,-1.3956,-3.0577,1.6053,0.1096,-0.4155,-0.2099,-0.3367
12487,MARSH & MCLENNAN COS INC,Marsh & McLennan Companies shares are trading higher after the company reported better-than-expected Q3 EPS results.,0,increase,0.8,0.7,,141,28,2.0,2019-10-29,45751.0,1.4105225913226604,-0.3820153397702142,2.0178324814866366,0.3074746811762452,-0.8409262454385003,-1.1314224788167682,4.3118,4.4717,0.8254,-0.13,0.3,0.51,0.007,4.412102,1.2047,0.3371,-0.1572,-2.0177,-0.8811,1.4087,-0.672,-0.0822,0.2603,0.5334
12495,MARSH & MCLENNAN COS INC,"Marsh & McLennan Q3 Adj. EPS $0.77 Beats $0.7 Estimate, Sales $3.968B Miss $4.02B Estimate",0,uncertain,0.6,0.4,,153,29,1.0,2019-10-29,45751.0,1.4105225913226604,-0.3820153397702142,2.0178324814866366,0.3074746811762452,-0.8409262454385003,-1.1314224788167682,4.3118,4.4717,0.8254,-0.13,0.3,0.51,0.007,4.412102,1.2047,0.3371,-0.1572,-2.0177,-0.8811,1.4087,-0.672,-0.0822,0.2603,0.5334
12503,MAKEMYTRIP LTD,MakeMyTrip Offers Response To Order From Competition Commission Of India,0,uncertain,0.7,0.3,,123,24,1.0,2019-10-29,12082.0,0.7026782725006342,20.59727111292249,16.51295661558121,3.5119347274303436,5.701148368849096,5.652571362730741,-0.9569,-0.5072,1.2845,-0.13,0.3,0.51,0.007,-0.796915,-0.3833,0.6413,0.2068,15.3266,2.6947,2.1467,-4.9622,-1.3018,-0.0063,0.0945
12511,ALTRIA GROUP INC,Juul Says Announced Restructuring Plan To 'Right-Size' The Business And Reduce Workforce Between Now And End Of Year,0,uncertain,0.6,0.4,,138,29,1.0,2019-10-29,13901.0,-0.9055670350790024,-0.2802955422331221,1.336780715753405,-1.7307640984654429,-2.0655823126677686,-1.6256649009246504,0.848,0.9523,0.6159,-0.13,0.3,0.51,0.007,0.921067,-1.0414,-2.3583,-0.001,0.7956,1.4687,-0.9648,-0.1745,0.7868,0.1288,1.1416
12519,ALTRIA GROUP INC,"JUUL Marketing Chief To Leave, Co. Is Suspending Advertising",0,uncertain,0.6,0.3,,125,29,1.0,2019-10-29,13901.0,-0.9055670350790024,-0.2802955422331221,1.336780715753405,-1.7307640984654429,-2.0655823126677686,-1.6256649009246504,0.848,0.9523,0.6159,-0.13,0.3,0.51,0.007,0.921067,-1.0414,-2.3583,-0.001,0.7956,1.4687,-0.9648,-0.1745,0.7868,0.1288,1.1416
12527,ALTRIA GROUP INC,"Juul, Facing Regulatory Crackdown, To Lay Off 500",0,uncertain,0.7,0.5,,124,29,1.0,2019-10-29,13901.0,-0.9055670350790024,-0.2802955422331221,1.336780715753405,-1.7307640984654429,-2.0655823126677686,-1.6256649009246504,0.848,0.9523,0.6159,-0.13,0.3,0.51,0.007,0.921067,-1.0414,-2.3583,-0.001,0.7956,1.4687,-0.9648,-0.1745,0.7868,0.1288,1.1416
12535,MOLINA HEALTHCARE INC,Molina Healthcare Raises FY19 EPS Guidance From $11.20-$11.50 To $11.30-$11.55 vs $11.55 Est.,0,uncertain,0.6,0.3,,147,29,1.0,2019-10-29,89781.0,-0.6416450720280409,-3.400704176229885,-1.6682721678500267,1.9525779411196709,3.1628735919403628,1.986046940844588,0.3299,0.6958,0.9823,-0.13,0.3,0.51,0.007,0.450599,-1.6266,-4.8519,0.2629,0.8649,1.3121,0.2854,1.4522,3.2527,-3.3706,0.3947
12543,MOLINA HEALTHCARE INC,"Molina Healthcare Q3 Adj. EPS $2.75 Beats $2.72 Estimate, Sales $4.08B Miss $4.14B Estimate",0,uncertain,0.6,0.3,,147,29,1.0,2019-10-29,89781.0,-0.6416450720280409,-3.400704176229885,-1.6682721678500267,1.9525779411196709,3.1628735919403628,1.986046940844588,0.3299,0.6958,0.9823,-0.13,0.3,0.51,0.007,0.450599,-1.6266,-4.8519,0.2629,0.8649,1.3121,0.2854,1.4522,3.2527,-3.3706,0.3947
12551,MERCURY SYSTEMS INC,"Mercury Systems Sees Q2 EPS $0.46-$0.48, Sales $185M-$195M",0,uncertain,0.6,0.3,,137,29,1.0,2019-10-29,85738.0,-1.4703809283673763,-1.6229690682772246,-0.3606528527586139,-0.6322142202407122,-1.4986354485696185,-0.1656932751410211,-0.2905,0.0115,1.1605,-0.13,0.3,0.51,0.007,-0.1466349999999999,-2.3114,4.0273,0.2858,-5.5577,1.1507,-0.0976,-0.8652,0.269,0.1814,1.5869
12559,MERCURY SYSTEMS INC,"Mercury Systems Q1 EPS $0.44 Beats $0.41 Estimate, Sales $177.304M Beat $168.02M Estimate",0,increase,0.8,0.7,,143,28,2.0,2019-10-29,85738.0,-1.4703809283673763,-1.6229690682772246,-0.3606528527586139,-0.6322142202407122,-1.4986354485696185,-0.1656932751410211,-0.2905,0.0115,1.1605,-0.13,0.3,0.51,0.007,-0.1466349999999999,-2.3114,4.0273,0.2858,-5.5577,1.1507,-0.0976,-0.8652,0.269,0.1814,1.5869
12567,MERCK & CO INC NEW,Merck & Co Inc Sees Increased Pricing Pressure In 2020; Says Demand For Gardasil Continues To Outpace Supply,0,uncertain,0.6,0.4,,139,29,1.0,2019-10-29,22752.0,1.3161019422113895,-2.561692486653744,-1.1515813449104573,-0.0729457649867981,-0.4601657461522634,-0.8085021966328321,3.528,3.9147,0.6405,-0.13,0.3,0.51,0.007,3.604265,0.5896,0.47,-2.142,-0.9402,-0.8565,0.2019,-0.515,0.5281,-0.3511,0.7869
12575,MERCK & CO INC NEW,Merck & Co shares are trading higher after the company reported better-than-expected Q3 EPS and sales results. The company also issued FY19 EPS and sales guidance above analyst estimates.,0,increase,0.9,0.8,,149,28,2.0,2019-10-29,22752.0,1.3161019422113895,-2.561692486653744,-1.1515813449104573,-0.0729457649867981,-0.4601657461522634,-0.8085021966328321,3.528,3.9147,0.6405,-0.13,0.3,0.51,0.007,3.604265,0.5896,0.47,-2.142,-0.9402,-0.8565,0.2019,-0.515,0.5281,-0.3511,0.7869
12583,MERCK & CO INC NEW,"Merck Sees FY19 Adj. EPS $5.12-$5.17 vs $4.92 Est., Sales $46.5B-$47.0B vs $45.98B Est.",0,increase,0.8,0.7,,155,28,2.0,2019-10-29,22752.0,1.3161019422113895,-2.561692486653744,-1.1515813449104573,-0.0729457649867981,-0.4601657461522634,-0.8085021966328321,3.528,3.9147,0.6405,-0.13,0.3,0.51,0.007,3.604265,0.5896,0.47,-2.142,-0.9402,-0.8565,0.2019,-0.515,0.5281,-0.3511,0.7869
12591,MERCK & CO INC NEW,"Merck & Co Q3 Adj. EPS $1.51 Beats $1.24 Estimate, Sales $12.4B Beat $11.63B Estimate",0,increase,0.8,0.7,,146,28,2.0,2019-10-29,22752.0,1.3161019422113895,-2.561692486653744,-1.1515813449104573,-0.0729457649867981,-0.4601657461522634,-0.8085021966328321,3.528,3.9147,0.6405,-0.13,0.3,0.51,0.007,3.604265,0.5896,0.47,-2.142,-0.9402,-0.8565,0.2019,-0.515,0.5281,-0.3511,0.7869
12599,MICROSTRATEGY INC,"MicroStrategy Q3 EPS $0.94 Beats $0.66 Estimate, Sales $119.693M Miss $125.24M Estimate",0,uncertain,0.6,0.4,,138,29,1.0,2019-10-29,86211.0,4.609621688723564,5.693833324838549,7.780432522149594,0.2744006924331188,1.085748315302104,2.503500687466675,0.3284,0.2066,0.65,-0.13,0.3,0.51,0.007,0.4059,4.6323,0.2813,-0.6778,-0.2003,0.8576,0.6426,0.4916,-0.1007,-0.0546,1.3441
12607,MATADOR RESOURCES CO,"Matador Resources Q3 EPS $0.32 Beats $0.24 Estimate, Sales $279.402M Beat $232.28M Estimate",0,increase,0.8,0.7,,141,28,2.0,2019-10-29,13244.0,-5.9539929032325745,5.277406480393321,0.7442529064505488,0.4276580177247524,3.223447255261447,3.755524556711975,4.8971,3.9585,2.0552,-0.13,0.3,0.51,0.007,5.157276,-4.2461,1.9172,0.1337,0.066,2.9954,-2.8114,-0.8621,1.1332,-2.3908,0.8604
12615,MICRON TECHNOLOGY INC,"Flash Memory Demand for 5G, AIoT Picking Up",0,increase,0.8,0.7,,125,28,2.0,2019-10-29,53613.0,-0.4780701361596584,1.184784226256852,-2.515067620998923,1.3741408474743366,3.3757966429616815,9.023732083875212,-1.1912,-1.0998,1.829,-0.13,0.3,0.51,0.007,-0.96043,-0.9072,0.1302,-0.4666,1.9943,-1.919,-1.4046,0.9752,-3.1626,-1.6492,1.1552
12623,NATIONAL INSTRUMENTS CORP,National Instruments Sees Q4 Adj. EPS $0.43-$0.57 vs $0.35 Estimate,0,increase,0.8,0.7,,138,28,2.0,2019-10-29,81501.0,2.2960489615797997,5.715681907064618,5.862383019935913,0.146738498006016,0.2202646830784305,0.7380054860315788,-0.0244,0.0181,1.0948,-0.13,0.3,0.51,0.007,0.110924,1.913,-0.7496,1.8312,1.1448,0.0609,-0.9012,0.9076,0.6005,-0.0406,-0.9122
12631,NATIONAL INSTRUMENTS CORP,"National Instruments Q3 Adj. EPS $0.44 Beats $0.29 Estimate, Sales $340.442M Miss $341.93M Estimate",0,uncertain,0.6,0.3,,146,29,1.0,2019-10-29,81501.0,2.2960489615797997,5.715681907064618,5.862383019935913,0.146738498006016,0.2202646830784305,0.7380054860315788,-0.0244,0.0181,1.0948,-0.13,0.3,0.51,0.007,0.110924,1.913,-0.7496,1.8312,1.1448,0.0609,-0.9012,0.9076,0.6005,-0.0406,-0.9122
12639,NAVIDEA BIOPHARMACEUTICALS INC,"Navidea Biopharma Reports Results From First Interim Analysis Of Ongoing Phase 2B Study In RA: Showed Quantitative Repeatability, Stability Of Signal",0,uncertain,0.7,0.3,,160,29,1.0,2019-10-29,78066.0,-11.009174585342407,-17.422021669992148,-35.77981972901607,7.971113920211792,8.741259363570041,2.748777278960413,40.1929,39.8094,0.8193,-0.13,0.3,0.51,0.007,40.292409000000006,-10.3454,-3.1647,-6.6559,3.2532,-3.2862,-3.5931,4.2934,-15.6611,-2.9517,-4.3069
12647,NABORS INDUSTRIES LTD,"Nabors Industries Q3 Adj. EPS $(0.31) Misses $(0.22) Estimate, Sales $758.076M Miss $781.01M Estimate",0,decrease,0.8,0.7,,151,29,0.0,2019-10-29,29102.0,5.586593598127365,22.346374544978143,15.08379829451123,-2.2857120260596275,1.4545744608795985e-07,-2.285711883926922,4.6784,2.4629,1.938,-0.13,0.3,0.51,0.007,4.9233400000000005,9.6333,0.6987,-1.2688,0.8344,4.7517,-3.7827,0.1474,2.1305,-1.3707,-1.3808
12655,NABORS INDUSTRIES LTD,Nabors Industries shares are trading higher in anticipation of the company's Q3 earnings scheduled for today after the close.,0,uncertain,0.6,0.4,,138,29,1.0,2019-10-29,29102.0,5.586593598127365,22.346374544978143,15.08379829451123,-2.2857120260596275,1.4545744608795985e-07,-2.285711883926922,4.6784,2.4629,1.938,-0.13,0.3,0.51,0.007,4.9233400000000005,9.6333,0.6987,-1.2688,0.8344,4.7517,-3.7827,0.1474,2.1305,-1.3707,-1.3808
12663,NEOGENOMICS INC,"NeoGenomics Q3 Adj. EPS $0.07 Beats $0.06 Estimate, Sales $104.672M Beat $99.1M Estimate",0,increase,0.8,0.7,,143,28,2.0,2019-10-29,13704.0,-0.5993206053972244,0.5565030431589513,-0.6635302528984255,4.561402648687363,4.561402648687363,5.78093988700068,11.9847,12.3805,1.0265,-0.13,0.3,0.51,0.007,12.111145,-1.6864,-1.088,-1.6939,4.1184,0.6533,-2.7375,-2.5935,2.3803,0.9049,1.1215
12671,NETFLIX INC,Netflix Option Alert: Jan 17 $300 Calls Sweep (4) near the Ask: 1021 @ $11.95 vs 7358 OI; Ref=$283.46,0,increase,0.8,0.7,,147,28,2.0,2019-10-29,89393.0,3.6414142698049545,2.425236459042268,3.840552797797692,1.8206696957349775,3.81583253343194,3.903858424519768,-0.2306,0.2423,1.3966,-0.13,0.3,0.51,0.007,-0.0560419999999999,2.4884,-1.1045,-1.2788,2.5577,-1.384,0.6751,0.2461,-0.0343,1.0039,-1.0203
12679,NOMURA HOLDINGS INC,Nomura Holdings shares are trading higher after the company reported Q2 earnings results.,0,increase,0.8,0.7,,126,28,2.0,2019-10-29,89256.0,-0.8438810706138611,-1.2658217788496962,0.4219504071112601,1.528388075530529,0.2155221751837466,-4.586420132568492e-09,1.9355,1.7155,0.8198,-0.13,0.3,0.51,0.007,2.0350740000000003,-0.414,-2.6062,-0.1348,-0.5561,0.8243,1.4316,0.7624,-0.5414,-0.1758,-0.04
12687,NORTH AMERICAN CONSTRCTN GRP INC,"CORRECTION: North American Q3 EPS $0.31 May Not Compare To $(0.10) Estimate, Sales $126.364M May Not Compare To $54.97M Estimate",0,increase,0.8,0.9,,161,28,2.0,2019-10-29,91584.0,7.1877822279930115,4.4923630260046865,2.6954194375508056,0.6427887361496687,2.0484196957459844,1.9534887631160291,1.5511,1.3415,0.7332,-0.13,0.3,0.51,0.007,1.639416,7.3582,-2.6724,-3.4388,6.8888,-4.159,-1.4759,1.5612,-0.5731,-1.1132,0.3561
12695,NORTH AMERICAN CONSTRCTN GRP INC,"North American Q3 EPS $0.31 May Not Compare To $(0.10) Estimate, Sales $126.364M May Not Compare To $54.97M Estimate",0,increase,0.8,0.9,,157,28,2.0,2019-10-29,91584.0,7.1877822279930115,4.4923630260046865,2.6954194375508056,0.6427887361496687,2.0484196957459844,1.9534887631160291,1.5511,1.3415,0.7332,-0.13,0.3,0.51,0.007,1.639416,7.3582,-2.6724,-3.4388,6.8888,-4.159,-1.4759,1.5612,-0.5731,-1.1132,0.3561
12703,NOKIA CORP,Nokia strikes IoT deal with Hutchison 3 in Indonesia,0,increase,0.8,0.7,,123,28,2.0,2019-10-29,87128.0,2.816905453801155,-0.2816899865609956,-1.1267595522177043,-5.026456713676453,-7.948722594080603,-29.74560093770502,-1.1142,-1.1956,0.7639,-0.13,0.3,0.51,0.007,-1.021893,2.8309,0.3832,-0.737,-1.7568,-1.9994,1.5794,-0.8354,-0.2443,-0.9788,-0.6623
12711,N O V INC,National Oilwell Varco shares are trading higher despite weak Q3 earnings results. The company announced this is its strongest cash flow quarter in more than three years.,0,uncertain,0.6,0.3,,140,29,1.0,2019-10-29,84032.0,-4.909778013825417,1.3428437412948302,-4.825848381529163,0.5275717005133629,1.109500963593435,-3.1423306115048955,13.6928,12.789,1.3506,-0.13,0.3,0.51,0.007,13.861378,-3.0994,1.3318,-0.9836,1.1501,-0.4216,-1.4922,-2.3692,0.2479,-0.7359,-1.5681
12719,NORFOLK SOUTHERN CORP,"Snow, Wind, Bitter Cold From Rockies To Plains",0,uncertain,0.6,0.3,,132,29,1.0,2019-10-29,64311.0,-0.0270145887043327,5.264184664686455,4.845906832915414,-0.260295090265572,2.5002740624999076,1.5632603501493758,-1.4487,-1.5061,1.1672,-0.13,0.3,0.51,0.007,-1.303964,0.1113,-0.5073,2.7774,0.3541,0.4317,-0.5203,0.6379,-0.2637,-0.4277,-0.6302
12727,NORFOLK SOUTHERN CORP,"Wells Fargo Initiates Coverage On Norfolk Southern with Outperform Rating, Announces $216 Price Target",0,increase,0.8,0.7,,141,28,2.0,2019-10-29,64311.0,-0.0270145887043327,5.264184664686455,4.845906832915414,-0.260295090265572,2.5002740624999076,1.5632603501493758,-1.4487,-1.5061,1.1672,-0.13,0.3,0.51,0.007,-1.303964,0.1113,-0.5073,2.7774,0.3541,0.4317,-0.5203,0.6379,-0.2637,-0.4277,-0.6302
12735,NETAPP INC,"Schneider Electric Reports Collaboration With NetApp To Revolutionize Hybrid Cloud Infrastructure, No Terms Disclosed",0,increase,0.8,0.7,,126,28,2.0,2019-10-29,82598.0,1.6224944964051249,7.31926718027458,8.418961610649589,-0.2678052522242069,0.7394046090434703,-0.2678052441392409,-0.6982,-0.69,1.467,-0.13,0.3,0.51,0.007,-0.51449,1.5837,-0.1731,0.3454,0.5963,2.6681,-2.5833,1.2246,0.3997,1.081,0.282
12743,NORTHWEST BANCSHARES INC,Northwest Bancshares To Acquire MutualFirst For $29.89/Share In Stock,0,uncertain,0.6,0.3,,137,29,1.0,2019-10-29,81095.0,-2.3549675941467285,-1.4872691867284016,-1.2550594407589322,0.5260090343654156,0.4086491626645427,-0.0580960133710228,1.2209,0.6948,0.588,-0.13,0.3,0.51,0.007,1.2903400000000005,-1.4079,1.0223,-1.3655,-0.809,-0.4778,0.776,-0.6889,-0.0051,0.116,0.3298
12751,N X P SEMICONDUCTORS N V,Analysts Remain Bullish On NXP Semiconductors Despite Mixed Guidance,0,uncertain,0.7,0.3,,134,29,1.0,2019-10-29,12084.0,0.349614443257451,3.7147100067462135,3.95944283199241,2.6355572044849396,2.432357685495812,5.270809455490699,5.3014,5.1998,1.5628,-0.13,0.3,0.51,0.007,5.497564000000001,0.4268,-0.1204,1.6289,-0.9689,0.4569,-1.4481,0.1228,-0.2332,0.8925,0.4198
12759,OCEANFIRST FINANCIAL CORP,Stephens & Co. Initiates Coverage On OceanFirst Financial with Equal-Weight Rating,0,uncertain,0.6,0.3,,137,29,1.0,2019-10-29,83774.0,-0.6208593491464853,0.3822937847977492,0.5073576126557455,1.3778702355921268,1.5474732341841824,1.0403662114344403,-0.4942,-1.0751,0.8341,-0.13,0.3,0.51,0.007,-0.392767,0.4742,0.5437,-2.0434,-1.038,0.3435,-0.0916,-0.5876,-0.0831,-0.1337,1.0771
12767,ORTHOFIX MEDICAL INC,"Cantor Fitzgerald Downgrades Orthofix Medical to Neutral, Lowers Price Target to $48",0,decrease,0.8,0.7,,134,29,0.0,2019-10-29,78756.0,1.2974553741514685,8.409418606458274,8.024988427867964,-1.9599990919232368,-5.730768498090599,-7.718370946800024,-15.0959,-15.1053,0.9764,-0.13,0.3,0.51,0.007,-14.975968,1.0027,0.1005,-2.2953,3.1001,5.4234,-1.8814,0.6957,-0.0627,-0.6778,1.5475
12775,ONEOK INC NEW,"ONEOK Q3 EPS $0.74, Inline",0,uncertain,0.6,0.3,,120,24,1.0,2019-10-29,25232.0,-2.2759072482585907,1.613659702449377,-0.7060277985691976,-0.517124729231,-0.1543002073069455,0.3807595600859415,0.6182,0.5689,0.9819,-0.13,0.3,0.51,0.007,0.738847,-2.0991,0.2976,0.5163,1.3194,-0.2879,-1.6182,-2.0165,0.8777,-0.5249,0.3036
12783,OMEROS CORP,Omeros Reports Narsoplimab Receives Positive Opinion From EMA,0,increase,0.9,0.8,,127,28,2.0,2019-10-29,93085.0,-5.36443218588829,-23.702622302120947,-20.11661778796655,6.151911616325378,4.835714378440903,9.30833574710217,1.4193,1.3269,0.9733,-0.13,0.3,0.51,0.007,1.5388290000000002,-5.7402,-1.7854,0.7618,-15.7936,-3.8997,1.0403,4.4,-0.4486,1.2202,-0.3234
12791,ONCONOVA THERAPEUTICS INC,"Onconova Therapeutics Files for Offering of Up to 16.9M Units, Consisting of One Share of Common Stock, and One Warrant to Purchase One Share of Common Stock",0,uncertain,0.6,0.4,,159,29,1.0,2019-10-29,14056.0,0.3888871753588319,-7.1296313342946505,-27.11111644343453,-4.238837957382202,-13.364760062086932,-21.46898944318628,-20.5882,-20.0044,0.7167,-0.13,0.3,0.51,0.007,-20.502029,-1.313,-3.0844,0.7976,2.3018,-5.5345,2.0667,-8.9438,0.6097,-10.1657,-6.5497
12799,PENSKE AUTOMOTIVE GROUP INC,"Penske Automotive Group Q3 EPS $1.42 Beats $1.41 Estimate, Sales $5.968B Beat $5.85B Estimate",0,increase,0.8,0.7,,151,28,2.0,2019-10-29,84042.0,0.7173569872975349,7.624507877012077,6.115069795144734,3.0614377930760384,3.1462035496303997,3.1462035496303997,-2.7313,-3.2536,0.8447,-0.13,0.3,0.51,0.007,-2.628489,1.634,-0.0207,2.1167,1.4647,0.1741,-0.9273,-1.6522,0.2138,0.7242,0.2975
12807,PAYCOM SOFTWARE INC,"Paycom Software Sees Q4 Sales $188.5M-$190.5M vs $188.56M Est., Sees FY19 Sales $733M-$735M vs $729.53M Est.",0,uncertain,0.6,0.3,,153,29,1.0,2019-10-29,14579.0,1.835913397371769,1.7402943148813188,6.138839423181985,-0.2813928294926882,2.742015707626355,7.435384418910296,0.0383,0.9306,1.2404,-0.13,0.3,0.51,0.007,0.192552,-0.2035,-0.8596,1.2166,0.5416,1.0762,0.8669,0.0915,1.5574,0.7081,0.3962
12815,PAYCOM SOFTWARE INC,"Paycom Software Q3 Adj. EPS $0.7 Beats $0.67 Estimate, Sales $175M Beat $171.5M Estimate",0,increase,0.9,0.8,,139,28,2.0,2019-10-29,14579.0,1.835913397371769,1.7402943148813188,6.138839423181985,-0.2813928294926882,2.742015707626355,7.435384418910296,0.0383,0.9306,1.2404,-0.13,0.3,0.51,0.007,0.192552,-0.2035,-0.8596,1.2166,0.5416,1.0762,0.8669,0.0915,1.5574,0.7081,0.3962
12823,PROSPERITY BANCSHARES INC,FGL Holdings Shares Closed Tues. Up ~8% Following News Co. Will Replace LegacyTexas In S&P SmallCap 600; Talos Energy Will Replace C&J Energy In Same Index,0,uncertain,0.6,0.3,,162,29,1.0,2019-10-29,86432.0,-1.875164546072483,-1.8751645466084432,-1.984666104456212,0.1777132623828947,-0.027290944760927,-0.906015152289874,-0.3002,-0.9721,1.0628,-0.13,0.3,0.51,0.007,-0.169036,-0.5585,-2.6615,0.7338,-2.2316,0.1834,0.2783,-0.4484,-0.0454,-0.0201,-0.0874
12831,PETROLEO BRASILEIRO SA PETROBRAS,Petrobras Says More Than 20 Companies Are Interested In Buying Its Refineries,0,increase,0.8,0.7,,142,28,2.0,2019-10-29,88490.0,1.2468756176531317,1.995010475915304,-1.8735571731371636,0.946369767189026,4.918032853126264,2.6957643485028493,0.25,-0.0612,1.0598,-0.13,0.3,0.51,0.007,0.380774,1.8288,0.7598,-0.5711,-1.6863,-0.5008,-2.4956,1.685,-3.226,1.4655,-1.6877
12839,P G & E CORP,"PG&E Begins Shutting Power Off For Next Offshore Wind Event Impacting Approximately 597,000 Customers; Approximately 400,000 Customers From Oct. 26 PSPS Remain Impacted",0,uncertain,0.6,0.4,,151,29,1.0,2019-10-29,13688.0,22.067587077617645,59.04571948986606,40.35784673621619,-24.000000953674316,-47.22222036785553,-53.65853511059513,32.3684,32.1773,0.9218,-0.13,0.3,0.51,0.007,32.481234,22.7463,1.0589,2.7803,12.0327,9.736,-13.5212,-13.6446,7.5198,-3.1235,12.7502
12847,P G & E CORP,PG&E shares are trading higher after the company restored 57% of customers impacted by safety power shutoffs.,0,increase,0.8,0.7,,135,28,2.0,2019-10-29,13688.0,22.067587077617645,59.04571948986606,40.35784673621619,-24.000000953674316,-47.22222036785553,-53.65853511059513,32.3684,32.1773,0.9218,-0.13,0.3,0.51,0.007,32.481234,22.7463,1.0589,2.7803,12.0327,9.736,-13.5212,-13.6446,7.5198,-3.1235,12.7502
12855,P G & E CORP,"PG&E Restores 57% or 556,400 of Customers Impacted by Wind Event and Public Safety Power Shutoff",0,uncertain,0.6,0.3,,138,29,1.0,2019-10-29,13688.0,22.067587077617645,59.04571948986606,40.35784673621619,-24.000000953674316,-47.22222036785553,-53.65853511059513,32.3684,32.1773,0.9218,-0.13,0.3,0.51,0.007,32.481234,22.7463,1.0589,2.7803,12.0327,9.736,-13.5212,-13.6446,7.5198,-3.1235,12.7502
12863,PFIZER INC,From Pfizer Earnings Conference Call: Co. Not Looking for Larger M&A At This Time,0,uncertain,0.7,0.3,,125,29,1.0,2019-10-29,21936.0,0.7066225167363882,-1.9104935222574393,-2.3015248840469016,1.3869957067072392,2.4457252549905606,1.3869956978651343,2.4946,2.7235,0.6947,-0.13,0.3,0.51,0.007,2.577911,0.3314,-0.1569,-0.4855,-1.1253,-1.3014,0.1133,-1.1785,0.1487,-0.2177,-0.0635
12871,PFIZER INC,From Pfizer Q3 Earnings Conference Call: Sees FY19 Upjohn Sales In China Growing By Mid To High Single Digits,0,increase,0.8,0.7,,133,28,2.0,2019-10-29,21936.0,0.7066225167363882,-1.9104935222574393,-2.3015248840469016,1.3869957067072392,2.4457252549905606,1.3869956978651343,2.4946,2.7235,0.6947,-0.13,0.3,0.51,0.007,2.577911,0.3314,-0.1569,-0.4855,-1.1253,-1.3014,0.1133,-1.1785,0.1487,-0.2177,-0.0635
12879,PFIZER INC,Pfizer Says Efforts To Improve Diagnosis Rates Of Rare Heart Disease Has Helped Drive Sales Of Recently Approved Drug VYNDAQEL,0,increase,0.9,0.8,,134,28,2.0,2019-10-29,21936.0,0.7066225167363882,-1.9104935222574393,-2.3015248840469016,1.3869957067072392,2.4457252549905606,1.3869956978651343,2.4946,2.7235,0.6947,-0.13,0.3,0.51,0.007,2.577911,0.3314,-0.1569,-0.4855,-1.1253,-1.3014,0.1133,-1.1785,0.1487,-0.2177,-0.0635
12887,PFIZER INC,Pfizer shares are trading higher after the company reported better-than-expected Q3 EPS and sales results. The company also raised its FY19 EPS and sales guidance above analyst estimates.,0,increase,0.9,0.8,,143,28,2.0,2019-10-29,21936.0,0.7066225167363882,-1.9104935222574393,-2.3015248840469016,1.3869957067072392,2.4457252549905606,1.3869956978651343,2.4946,2.7235,0.6947,-0.13,0.3,0.51,0.007,2.577911,0.3314,-0.1569,-0.4855,-1.1253,-1.3014,0.1133,-1.1785,0.1487,-0.2177,-0.0635
12895,PFIZER INC,"Pfizer Raises FY19 Adj. EPS Guidance From $2.76-$2.86 To $2.94-$3.00 vs $2.82 Est., Raises Sales Guidance From $50.5B-$52.5B To $51.2B-$52.2B vs $51.32B Est.",0,increase,0.9,0.8,,174,28,2.0,2019-10-29,21936.0,0.7066225167363882,-1.9104935222574393,-2.3015248840469016,1.3869957067072392,2.4457252549905606,1.3869956978651343,2.4946,2.7235,0.6947,-0.13,0.3,0.51,0.007,2.577911,0.3314,-0.1569,-0.4855,-1.1253,-1.3014,0.1133,-1.1785,0.1487,-0.2177,-0.0635
12903,PFIZER INC,"Pfizer Q3 Adj. EPS $0.75 Beats $0.62 Estimate, Sales $12.68B Beat $12.26B Estimate",0,increase,0.8,0.7,,139,28,2.0,2019-10-29,21936.0,0.7066225167363882,-1.9104935222574393,-2.3015248840469016,1.3869957067072392,2.4457252549905606,1.3869956978651343,2.4946,2.7235,0.6947,-0.13,0.3,0.51,0.007,2.577911,0.3314,-0.1569,-0.4855,-1.1253,-1.3014,0.1133,-1.1785,0.1487,-0.2177,-0.0635
12911,PREMIER INC,Premier Inc. Acquires Medpricer For $35M,0,increase,0.8,0.7,,122,28,2.0,2019-10-29,14169.0,-1.1210099793970585,5.1738985110521885,4.512790335243322,0.6189186125993729,2.123838157858282,2.307463293538037,1.9039,1.8508,0.5063,-0.13,0.3,0.51,0.007,1.962719,-1.1458,-4.9938,1.1035,0.5592,9.3691,2.4428,0.0801,-0.305,-1.0633,-1.4512
12919,P N C FINANCIAL SERVICES GRP INC,"Morgan Stanley Maintains Equal-Weight on PNC Financial Services Gr, Raises Price Target to $157",0,increase,0.8,0.7,,142,28,2.0,2019-10-29,60442.0,-0.3641468239948153,1.8477345335371265,2.7041674171633723,0.749987130984664,1.490383288896302,0.9564864511790948,0.3519,-0.0424,1.0814,-0.13,0.3,0.51,0.007,0.4854819999999999,0.5544,0.1219,-0.5621,-1.0558,0.2541,0.1782,-0.0889,-0.5066,0.5857,-0.1347
12927,PENNANTPARK INVESTMENT CORP,"JP Morgan Downgrades Pennant Park Investment to Underweight, Lowers Price Target to $6",0,decrease,0.8,0.9,,140,29,0.0,2019-10-29,91966.0,-0.2471226267516613,0.4942295157384535,-0.3294888948942365,0.6472486071288586,0.8103681420020381,0.6472486124012189,-2.4116,-2.5521,0.4865,-0.13,0.3,0.51,0.007,-2.3553550000000003,-0.0045,0.2568,-0.8546,0.0782,-0.0049,-0.3921,-0.7114,-0.1431,-1.0196,1.3301
12935,P P L CORP,"Citigroup Maintains Neutral on PPL, Raises Price Target to $33",0,increase,0.8,0.6,,126,28,2.0,2019-10-29,22517.0,0.9705783799290656,1.819831545615358,2.305120688367013,-0.8428735658526421,-0.5735057439062663,-0.7233324143033348,0.0911,0.0922,0.3695,-0.13,0.3,0.51,0.007,0.132135,1.0454,0.7554,-0.146,-0.756,0.2903,-1.0156,-0.4616,1.3765,-0.167,0.225
12943,PRIMO WATER CORP,"Legion Partners Issues Release Highlighting Primo Water's Lack Of Engagement On Range Of Governance, Operational Topics",0,decrease,0.8,0.7,,132,29,0.0,2019-10-29,78763.0,-1.3270887546241283,2.107724434089131,0.3122558284324395,0.7818638347089291,0.4676572394725964,0.4676572394725964,-0.6206,-0.7011,0.6931,-0.13,0.3,0.51,0.007,-0.537497,-1.1276,2.0574,1.248,-1.7063,0.3248,-1.0756,-2.8466,0.0711,2.0847,-0.4506
12951,PROVIDENT FINANCIAL HOLDINGS INC,"Provident Financial Hldgs Q1 EPS $0.33, Inline, Sales $10.652M Beat $10.59M Estimate",0,uncertain,0.6,0.3,,146,29,1.0,2019-10-29,83683.0,1.0510560125112534,5.855856310686414,5.005005139249019,2.5822795927524567,-0.147859440548459,-0.637563314499312,-1.382,-1.6262,0.4835,-0.13,0.3,0.51,0.007,-1.326145,1.4864,-0.2283,0.517,0.4878,2.4338,-0.959,1.467,-0.4128,0.2163,-1.1155
12959,P T C INC,PTC shares are trading lower. Not seeing any news to justify the price action.,0,uncertain,0.7,0.5,,125,29,1.0,2019-10-29,75912.0,4.064788296818733,13.954211746168513,14.10994837788888,-0.5018396303057671,-3.631155706223421,0.7774022403145731,-4.7471,-4.4137,1.3286,-0.13,0.3,0.51,0.007,-4.581382,3.1782,0.4586,2.9008,1.8905,3.586,-1.4689,1.2,-0.0281,0.0928,-0.1262
12967,P T C THERAPEUTICS INC,"PTC Therapeutics Q3 EPS $(1.06) Misses $(0.76) Estimate, Sales $71.4M Miss $73.02M Estimate",0,decrease,0.8,0.7,,153,29,0.0,2019-10-29,13967.0,3.6377519369125366,3.02721601743281,6.257947204360059,2.5397682562470436,4.963233413569723,5.51742366180068,-1.6512,-1.4175,1.2199,-0.13,0.3,0.51,0.007,-1.499613,2.4954,0.7225,-1.0427,1.2517,-0.8241,0.1063,0.543,2.2072,0.2738,0.9682
12975,RESTAURANT BRANDS INTL INC,"Deutsche Bank Maintains Hold on Restaurant Brands Intl, Lowers Price Target to $71",0,decrease,0.8,0.7,,137,29,0.0,2019-10-29,15113.0,0.9867397136986256,1.20258831213933,3.546104004350026,-3.783778473734856,-4.481503098342376,-3.0044194349592934,-1.5184,-1.2145,0.4786,-0.13,0.3,0.51,0.007,-1.4631819999999998,0.3124,-0.1137,-0.5113,-0.2355,1.4195,0.3232,0.7113,0.1068,1.4454,-0.6498
12983,RESTAURANT BRANDS INTL INC,"KeyBanc Maintains Overweight on Restaurant Brands Intl, Lowers Price Target to $78",0,decrease,0.8,0.6,,138,29,0.0,2019-10-29,15113.0,0.9867397136986256,1.20258831213933,3.546104004350026,-3.783778473734856,-4.481503098342376,-3.0044194349592934,-1.5184,-1.2145,0.4786,-0.13,0.3,0.51,0.007,-1.4631819999999998,0.3124,-0.1137,-0.5113,-0.2355,1.4195,0.3232,0.7113,0.1068,1.4454,-0.6498
12991,QUAD GRAPHICS INC,Quad Cuts Qtr. Dividend From $0.30 To $0.15/Share,0,decrease,0.8,0.7,,131,29,0.0,2019-10-29,12009.0,-56.96539878845215,-59.62733027749074,-60.60337397653128,1.3084144331514835,3.0418221038559734,-0.5504538097926059,3.9668,2.7771,1.1819,-0.13,0.3,0.51,0.007,4.113447,-54.9927,-4.6743,-1.9097,-3.1098,-2.8522,-4.8555,-2.3698,3.9184,-1.4307,3.8327
12999,QUAD GRAPHICS INC,"Quad Cuts FY19 Net Sales Guidance From $4.05B-$4.25B To ~$3.9B, Adj. EBITDA From $360M-$400M To $300M-$330M",0,decrease,0.9,0.8,,157,29,0.0,2019-10-29,12009.0,-56.96539878845215,-59.62733027749074,-60.60337397653128,1.3084144331514835,3.0418221038559734,-0.5504538097926059,3.9668,2.7771,1.1819,-0.13,0.3,0.51,0.007,4.113447,-54.9927,-4.6743,-1.9097,-3.1098,-2.8522,-4.8555,-2.3698,3.9184,-1.4307,3.8327
13007,QUAD GRAPHICS INC,"Quad/Graphics Q3 EPS $(0.94) Down From $0.56 YoY, Sales $944M Down From $974M YoY",0,decrease,0.8,0.7,,141,29,0.0,2019-10-29,12009.0,-56.96539878845215,-59.62733027749074,-60.60337397653128,1.3084144331514835,3.0418221038559734,-0.5504538097926059,3.9668,2.7771,1.1819,-0.13,0.3,0.51,0.007,4.113447,-54.9927,-4.6743,-1.9097,-3.1098,-2.8522,-4.8555,-2.3698,3.9184,-1.4307,3.8327
13015,RYDER SYSTEMS INC,Ryder Grows Revenue But Records Loss On Lower Used Truck Prices,0,uncertain,0.7,0.5,,127,29,1.0,2019-10-29,27633.0,-7.06062987446785,3.491941392743247,2.551807286114083,0.5289022345095873,3.2403063230340257,2.5106908260299265,-5.4427,-6.0634,1.3704,-0.13,0.3,0.51,0.007,-5.271548,-5.9619,1.6423,0.4035,2.8925,1.6374,1.973,-2.3663,-0.2672,0.615,-0.8248
13023,RYDER SYSTEMS INC,UPDATE: Ryder FY19 Adj. EPS Excluding Items $4.95-$5.05 vs $5.61 Estimate,0,decrease,0.8,0.5,,138,29,0.0,2019-10-29,27633.0,-7.06062987446785,3.491941392743247,2.551807286114083,0.5289022345095873,3.2403063230340257,2.5106908260299265,-5.4427,-6.0634,1.3704,-0.13,0.3,0.51,0.007,-5.271548,-5.9619,1.6423,0.4035,2.8925,1.6374,1.973,-2.3663,-0.2672,0.615,-0.8248
13031,RYDER SYSTEMS INC,Ryder Sees FY19 Adj. EPS $1-$1.10,0,uncertain,0.6,0.3,,129,29,1.0,2019-10-29,27633.0,-7.06062987446785,3.491941392743247,2.551807286114083,0.5289022345095873,3.2403063230340257,2.5106908260299265,-5.4427,-6.0634,1.3704,-0.13,0.3,0.51,0.007,-5.271548,-5.9619,1.6423,0.4035,2.8925,1.6374,1.973,-2.3663,-0.2672,0.615,-0.8248
13039,RYDER SYSTEMS INC,"Ryder System Q3 Adj. EPS $1.52 Beats $1.48 Estimate, Sales $2.22B Inline",0,increase,0.8,0.6,,140,28,2.0,2019-10-29,27633.0,-7.06062987446785,3.491941392743247,2.551807286114083,0.5289022345095873,3.2403063230340257,2.5106908260299265,-5.4427,-6.0634,1.3704,-0.13,0.3,0.51,0.007,-5.271548,-5.9619,1.6423,0.4035,2.8925,1.6374,1.973,-2.3663,-0.2672,0.615,-0.8248
13047,RITE AID CORP,Rite Aid Increases Offer Price For Cash Tender Offers To Purchase Senior Notes,0,increase,0.9,0.8,,127,28,2.0,2019-10-29,46922.0,1.744818314909935,20.06543201612161,8.724101896759006,6.2133729457855225,11.165654497456924,5.841121271340222,1.2141,-0.0478,1.4385,-0.13,0.3,0.51,0.007,1.394105,4.0758,0.3455,4.0129,9.1489,-2.3641,-2.5425,-3.7498,-4.8575,-1.4038,3.7104
13055,REXFORD INDUSTRIAL REALTY INC,"Rexford Industrial Realty Q3 Core FFO $0.31 Up From $0.28 YoY, EPS $0.09",0,increase,0.8,0.6,,151,28,2.0,2019-10-29,14037.0,0.0416329246945679,-3.164030759724068,-4.371361747001257,1.375664584338665,1.3542175568503012,2.2630260005511493,0.2923,0.3861,0.5118,-0.13,0.3,0.51,0.007,0.351834,-0.155,0.2178,-1.8995,0.0443,-1.9361,0.263,-1.1376,-0.0308,-0.0285,-0.7173
13063,REGIS CORP MINN,"Regis Q1 Adj. EPS $0.37 May Not Compare To $0.10 Estimate, Sales $247.04M Beat $215.45M Estimate",0,increase,0.8,0.7,,147,28,2.0,2019-10-29,76711.0,-4.418392851948738,-14.382328559413716,-23.715059363382174,1.6328368335962296,1.543211470618577,1.857585358288394,-3.6908,-4.0784,0.8088,-0.13,0.3,0.51,0.007,-3.592656,-3.8557,-2.0976,-3.6914,-1.1768,-6.2959,-4.4546,2.5169,-0.4723,-5.9859,-2.437
13071,TRANSOCEAN LTD,Transocean shares are trading higher after the company reported better-than-expected Q3 sales results.,0,increase,0.8,0.7,,130,28,2.0,2019-10-29,79237.0,-4.305288940668106,9.001957273339967,-3.1311216344624193,0.4255315288901329,2.1645000866809427,-2.680414791435759,8.2627,7.1794,2.0498,-0.13,0.3,0.51,0.007,8.522174000000001,-2.2991,-0.8783,3.6828,5.4591,-1.5842,-2.9472,-0.3586,-0.4799,-2.3926,-4.996
13079,RENAISSANCERE HOLDINGS LTD,"RenaissanceRe Holdings Q3 EPS $0.83 Misses $1.05 Estimate, Sales $1.05B Beat $915.59M Estimate",0,uncertain,0.6,0.4,,152,29,1.0,2019-10-29,83728.0,-0.722817424684763,-1.5152335961997945,-1.177917795377903,-0.5116494838148355,-1.44505977031405,-2.02090816502919,2.183,2.3323,0.4843,-0.13,0.3,0.51,0.007,2.238959,-0.9728,1.0633,-0.5959,-0.5429,-1.0235,1.0038,-1.2397,-0.0199,0.4496,-0.5112
13087,BOSTON BEER INC,The Boston Beer Company Sees FY19 EPS $8.70-$9.30 vs $9.28 Est.,0,decrease,0.8,0.6,,136,29,0.0,2019-10-29,82634.0,-0.5381840281188488,-6.691127011881015,-0.9050029881418896,-0.1357998116873204,-1.6262327537374,0.4445680845824862,-0.4186,-0.39,0.7794,-0.13,0.3,0.51,0.007,-0.324278,-0.5623,1.0997,1.7724,-8.5974,-1.1836,2.3037,-0.5277,1.4264,-0.9724,3.2105
13095,BOSTON BEER INC,"Boston Beer Co Q3 EPS $3.65 Beats $2.93 Estimate, Sales $402.69M Beat $369.04M Estimate",0,increase,0.8,0.7,,143,28,2.0,2019-10-29,82634.0,-0.5381840281188488,-6.691127011881015,-0.9050029881418896,-0.1357998116873204,-1.6262327537374,0.4445680845824862,-0.4186,-0.39,0.7794,-0.13,0.3,0.51,0.007,-0.324278,-0.5623,1.0997,1.7724,-8.5974,-1.1836,2.3037,-0.5277,1.4264,-0.9724,3.2105
13103,S B A COMMUNICATIONS CORP NEW,Atlas Towers of U.S. Sells South African Unit to SBA for $140M,0,increase,0.8,0.7,,137,28,2.0,2019-10-29,86996.0,1.344899833202362,-4.156191697944333,-5.149151006692576,-0.6717179901897907,-1.6426034428497105,-2.2058235731516773,-1.5793,-1.1501,0.3715,-0.13,0.3,0.51,0.007,-1.5380049999999998,0.499,-0.7239,0.0993,-1.6867,-2.11,1.0193,-1.9351,0.4488,-0.0018,-1.1841
13111,ORIGIN AGRITECH LTD,Origin Agritech Offers Update On Progress Of Biotech Commercializiation Joint Venture With BC-TID,0,uncertain,0.6,0.3,,134,29,1.0,2019-10-29,90976.0,-2.177548408508301,-3.852596725633628,-10.38525800115192,9.10714715719223,5.892550448057365,2.0033451977262695,-2.2913,-2.8167,0.7395,-0.13,0.3,0.51,0.007,-2.2021650000000004,-1.3158,0.4092,0.9353,-5.9979,-0.2223,-1.0786,-2.5864,-4.7922,6.8244,-5.1776
13119,SEAGEN INC,Seattle Genetics Narrows FY19 ADCETRIS Net Sales Guidance From $610M-$640M To $625M-$640M,0,uncertain,0.6,0.3,,136,29,1.0,2019-10-29,88949.0,-0.5986932199448347,1.035822686667598,5.141115262228513,3.0695710331201553,5.485190191124856,5.812322567953987,-0.5105,-0.1472,1.126,-0.13,0.3,0.51,0.007,-0.37112,-1.5045,2.9779,-1.8695,0.6156,0.0223,2.465,-3.5966,3.4117,-0.0036,1.9674
13127,SEAGEN INC,"Seattle Genetics Q3 EPS $(0.55) Misses $(0.35) Estimate, Sales $213.3M Beat $211.83M Estimate",0,uncertain,0.6,0.3,,141,29,1.0,2019-10-29,88949.0,-0.5986932199448347,1.035822686667598,5.141115262228513,3.0695710331201553,5.485190191124856,5.812322567953987,-0.5105,-0.1472,1.126,-0.13,0.3,0.51,0.007,-0.37112,-1.5045,2.9779,-1.8695,0.6156,0.0223,2.465,-3.5966,3.4117,-0.0036,1.9674
13135,MADDEN STEVEN LTD,Steve Madden Raises FY19 Adj. EPS Guidance From $1.78-$1.86 to $1.92-$1.95 Vs. $1.82 Est.,0,increase,0.8,0.7,,147,28,2.0,2019-10-29,80034.0,0.5870789289474487,4.5988189502536025,5.626221031721612,-0.2225877018645405,-0.2225877018645405,-0.0557426383313464,13.9989,13.5206,1.3257,-0.13,0.3,0.51,0.007,14.164241,1.5465,1.2117,-2.0875,-0.6553,2.0836,-0.0987,0.3084,0.1908,0.7519,-0.3528
13143,MADDEN STEVEN LTD,"Steven Madden Q3 EPS $0.67 Beats $0.58 Estimate, Sales $497.3M Beat $487.17M Estimate",0,increase,0.8,0.7,,142,28,2.0,2019-10-29,80034.0,0.5870789289474487,4.5988189502536025,5.626221031721612,-0.2225877018645405,-0.2225877018645405,-0.0557426383313464,13.9989,13.5206,1.3257,-0.13,0.3,0.51,0.007,14.164241,1.5465,1.2117,-2.0875,-0.6553,2.0836,-0.0987,0.3084,0.1908,0.7519,-0.3528
13151,SILICON MOTION TECHNOLOGY CORP,Silicon Motion Sees Q4 Adj. Sales $133M-$139M vs $125.4M Estimate,0,increase,0.8,0.7,,140,28,2.0,2019-10-29,90744.0,11.230771988630297,7.7435910927796225,10.504520638655167,0.3507094457745552,-0.4225656914307429,5.2825288594438025,-2.646,-2.6535,1.1384,-0.13,0.3,0.51,0.007,-2.505008,11.0241,-2.5471,0.2808,-0.1555,-1.6674,1.2167,2.0652,1.3795,-0.6479,-1.5456
13159,SILICON MOTION TECHNOLOGY CORP,"Silicon Motion Technology Q3 Adj. EPS $0.69 Beats $0.56 Estimate, Sales $113.2M Beat $108.53M Estimate",0,increase,0.8,0.7,,150,28,2.0,2019-10-29,90744.0,11.230771988630297,7.7435910927796225,10.504520638655167,0.3507094457745552,-0.4225656914307429,5.2825288594438025,-2.646,-2.6535,1.1384,-0.13,0.3,0.51,0.007,-2.505008,11.0241,-2.5471,0.2808,-0.1555,-1.6674,1.2167,2.0652,1.3795,-0.6479,-1.5456
13167,U S SILICA HOLDINGS INC,"US Silica Holdings shares are trading lower after the company reported worse-than-expected Q3 EPS and sales. The company anticipates a slowdown in North American completions activity in Q4, which will negatively impact its oil and gas segment.",0,decrease,0.8,0.9,,162,29,0.0,2019-10-29,13253.0,4.91802804172039,4.7131156009547315,5.737699876676294,1.1658051051199436,9.383754416305568,8.62308564262706,-37.516,-39.1946,1.6663,-0.13,0.3,0.51,0.007,-37.306380999999995,7.5363,-10.8528,5.3282,8.7524,-8.3731,5.265,1.6257,3.1324,-0.5038,-7.0641
13175,U S SILICA HOLDINGS INC,US Silica Holdings Issues Outlook,0,uncertain,0.6,0.3,,121,29,1.0,2019-10-29,13253.0,4.91802804172039,4.7131156009547315,5.737699876676294,1.1658051051199436,9.383754416305568,8.62308564262706,-37.516,-39.1946,1.6663,-0.13,0.3,0.51,0.007,-37.306380999999995,7.5363,-10.8528,5.3282,8.7524,-8.3731,5.265,1.6257,3.1324,-0.5038,-7.0641
13183,U S SILICA HOLDINGS INC,"US Silica Holdings Q3 Adj. EPS $(0.17) Misses $(0.03) Estimate, Sales $361.814M Miss $395.52M Estimate",0,decrease,0.8,0.7,,151,29,0.0,2019-10-29,13253.0,4.91802804172039,4.7131156009547315,5.737699876676294,1.1658051051199436,9.383754416305568,8.62308564262706,-37.516,-39.1946,1.6663,-0.13,0.3,0.51,0.007,-37.306380999999995,7.5363,-10.8528,5.3282,8.7524,-8.3731,5.265,1.6257,3.1324,-0.5038,-7.0641
13191,SIMPLY GOOD FOODS CO,"Simply Good Foods Q4 EPS $0.07 Misses $0.15 Estimate, Sales $139.18M Beat $131.92M Estimate",0,uncertain,0.6,0.4,,144,29,1.0,2019-10-29,16284.0,2.6443833485245705,-1.7558743941428645,4.167550710193191,1.4461937360465529,0.1259474706155616,-0.5421149557408023,-0.9015,-0.8877,0.9342,-0.13,0.3,0.51,0.007,-0.7870539999999999,2.5935,1.5693,-2.4972,-1.7633,-2.7993,1.6698,0.2005,1.5598,0.4733,1.5241
13199,SOUTHERN CO,GATX Sues Georgia Power Over Alleged Damages To Leased Railcars,0,uncertain,0.6,0.3,,128,29,1.0,2019-10-29,18411.0,2.8069647029042244,0.7222626929392684,-0.3775436097183671,-0.5541975144296885,-1.5173566399602434,-1.5173566399602434,-0.1475,0.0456,0.2465,-0.13,0.3,0.51,0.007,-0.122455,2.5166,-0.0374,-0.5959,-0.8028,-0.4303,0.4354,-1.9562,0.8101,-1.2781,0.2391
13207,SOUTHERN CO,"Citigroup Maintains Neutral on Southern, Raises Price Target to $61",0,increase,0.8,0.6,,125,28,2.0,2019-10-29,18411.0,2.8069647029042244,0.7222626929392684,-0.3775436097183671,-0.5541975144296885,-1.5173566399602434,-1.5173566399602434,-0.1475,0.0456,0.2465,-0.13,0.3,0.51,0.007,-0.122455,2.5166,-0.0374,-0.5959,-0.8028,-0.4303,0.4354,-1.9562,0.8101,-1.2781,0.2391
13215,S P PLUS CORP,Former AG Sessions Reportedly Eyeing Return To US Senate,0,uncertain,0.6,0.3,,122,29,1.0,2019-10-29,90194.0,-0.5259180441498756,14.525417144669328,14.700723189775957,0.7716029416769743,1.2403088676245844,0.9013609455687632,1.9142,1.7379,0.7565,-0.13,0.3,0.51,0.007,2.005545,-0.2499,11.7152,1.3967,1.5057,-1.4352,0.8261,-0.657,-0.3032,0.9222,-0.7297
13223,SUNPOWER CORP,SunPower Building New 35-Megawatt DC Solar Project To Supply Renewable Energy To Chevron's Lost Hills Oil Field,0,increase,0.8,0.7,,133,28,2.0,2019-10-29,90978.0,-10.733265429735184,-9.351754989532148,-9.458017136360864,1.1943502351641655,0.8658000718731129,-0.4273500067586422,0.9657,1.2059,1.5629,-0.13,0.3,0.51,0.007,1.161877,-11.4398,4.9395,-1.0306,-6.0138,2.8783,2.9887,-3.1822,-1.9027,1.3656,0.3485
13231,SURMODICS INC,Surmodics Reports Sundance Sirolimus-Coated Balloon Catheter Wins FDA Breakthrough Device Status,0,increase,0.9,0.8,,130,28,2.0,2019-10-29,85889.0,1.0333682410418987,-12.486543321162792,-15.263724829969306,-1.644597388803959,5.2090442835726725,3.36700316891394,0.8686,0.9677,1.1523,-0.13,0.3,0.51,0.007,1.011399,0.4134,1.6985,-15.4763,0.2162,0.4031,-2.535,0.0231,-0.7595,0.1233,0.5514
13239,SUNOCO LP,"Mizuho Initiates Coverage On Sunoco with Buy Rating, Announces $36 Price Target",0,increase,0.8,0.7,,128,28,2.0,2019-10-29,13584.0,0.8764004334807396,-0.0385637609873201,-2.9813415038622115,0.1221658429130911,0.3059928795412947,0.1221658479148679,0.9457,1.0229,0.5719,-0.13,0.3,0.51,0.007,1.013047,0.7145,0.8941,0.1508,-0.351,-2.1986,1.6681,-1.4252,-1.9377,-0.1457,-1.4853
13247,SOUTHWESTERN ENERGY CO,"Southwestern Energy Option Alert: Jan, 2021 $4 Calls Sweep (41) near the Ask: 861 @ $0.331 vs 1969 OI; Ref=$2.28",0,increase,0.8,0.7,,156,28,2.0,2019-10-29,63765.0,-5.829601362347603,2.6905806101288787,-3.587440251675067,1.4151043258607388,8.040205386187704,2.870822286746977,3.7209,2.2722,1.7591,-0.13,0.3,0.51,0.007,3.942583,-3.0052,-0.2718,-1.7351,5.1255,-1.8882,-1.0054,0.6526,-0.6999,-6.2345,1.7056
13255,SOUTHWESTERN ENERGY CO,"Southwestern Energy Option Alert: Jan, 2021 $4 Calls Sweep (19) near the Bid: 10175 @ $0.31 vs 1969 OI; Ref=$2.24",0,increase,0.8,0.7,,157,28,2.0,2019-10-29,63765.0,-5.829601362347603,2.6905806101288787,-3.587440251675067,1.4151043258607388,8.040205386187704,2.870822286746977,3.7209,2.2722,1.7591,-0.13,0.3,0.51,0.007,3.942583,-3.0052,-0.2718,-1.7351,5.1255,-1.8882,-1.0054,0.6526,-0.6999,-6.2345,1.7056
13263,STRYKER CORP,"Stryker Corporation Sees FY19 Adj. EPS $8.20-$8.25 vs $8.21 Est., Sees Q4 Adj. EPS $2.43-$2.48 vs $2.45 Est.",0,uncertain,0.6,0.3,,158,29,1.0,2019-10-29,73139.0,-1.559879630804062,-10.048521309649496,-9.227772450614912,0.9923476725816728,1.092662371819575,1.548985273046655,3.1864,3.6651,0.8463,-0.13,0.3,0.51,0.007,3.2894189999999996,-2.5357,-0.3604,-1.9853,-3.1042,-2.9541,1.3464,-0.1337,-0.9865,-0.6598,0.6157
13271,STRYKER CORP,"Stryker Q3 Adj. EPS $1.91 Beats $1.9 Estimate, Sales $3.59B Beat $3.58B Estimate",0,increase,0.8,0.6,,143,28,2.0,2019-10-29,73139.0,-1.559879630804062,-10.048521309649496,-9.227772450614912,0.9923476725816728,1.092662371819575,1.548985273046655,3.1864,3.6651,0.8463,-0.13,0.3,0.51,0.007,3.2894189999999996,-2.5357,-0.3604,-1.9853,-3.1042,-2.9541,1.3464,-0.1337,-0.9865,-0.6598,0.6157
13279,STRYKER CORP,Stryker shares are trading higher ahead of its Q3 earnings announcement which is scheduled after the close today.,0,uncertain,0.6,0.4,,132,29,1.0,2019-10-29,73139.0,-1.559879630804062,-10.048521309649496,-9.227772450614912,0.9923476725816728,1.092662371819575,1.548985273046655,3.1864,3.6651,0.8463,-0.13,0.3,0.51,0.007,3.2894189999999996,-2.5357,-0.3604,-1.9853,-3.1042,-2.9541,1.3464,-0.1337,-0.9865,-0.6598,0.6157
13287,THERAVANCE BIOPHARMA INC,"HC Wainwright & Co. Initiates Coverage On Theravance Biopharma with Buy Rating, Announces $25 Price Target",0,increase,0.8,0.7,,148,28,2.0,2019-10-29,14674.0,0.1234478317201137,5.679012854353727,6.2962873931191154,-1.7042037099599838,-0.2470716592436583,-2.9447101536241527,0.3096,-0.0242,0.9077,-0.13,0.3,0.51,0.007,0.420601,0.346,0.1119,4.7371,-1.0204,0.1846,1.6937,1.6404,0.2397,-0.0582,-1.9157
13295,CONTAINER STORE GROUP INC,"The Container Store Sees FY19 Adj. EPS Toward Low End Of $0.41-$0.51 Range vs $0.46 Est., Sees Sales At Or Slightly Above $915M-$925M Range vs $921.02M Est.",0,uncertain,0.6,0.3,,164,29,1.0,2019-10-29,14274.0,-21.38614058494568,-19.80197900388687,-27.52475313929963,-0.6060552317649126,0.203670612715956,-1.4027995878547197,2.6423,1.5522,1.0012,-0.13,0.3,0.51,0.007,2.765456,-19.3996,7.8305,-2.2692,-6.104,-2.075,0.0529,-2.3194,-0.5478,-1.8492,-4.7725
13303,CONTAINER STORE GROUP INC,"Container Store Group Q2 Adj. EPS $0.08 Misses $0.09 Estimate, Sales $236.4M Beat $231.99M Estimate",0,uncertain,0.6,0.3,,144,29,1.0,2019-10-29,14274.0,-21.38614058494568,-19.80197900388687,-27.52475313929963,-0.6060552317649126,0.203670612715956,-1.4027995878547197,2.6423,1.5522,1.0012,-0.13,0.3,0.51,0.007,2.765456,-19.3996,7.8305,-2.2692,-6.104,-2.075,0.0529,-2.3194,-0.5478,-1.8492,-4.7725
13311,TELEDYNE TECHNOLOGIES,Naval Oceanographic Office Awards Teledyne Benthos $12.2M IDIQ Contract,0,increase,0.8,0.7,,135,28,2.0,2019-10-29,87445.0,1.962985843420029,2.2603100090975436,3.9654148100000786,0.4280803259462118,-1.5408549830343787,0.4219424453697495,0.3532,0.4519,0.9494,-0.13,0.3,0.51,0.007,0.469622,1.675,-1.5694,0.9229,-0.2941,0.2713,0.8993,-0.7851,0.5389,0.6383,-0.0774
13319,BIO TECHNE CORP,"Bio-Techne Q1 Adj. EPS $1.06 Beats $1.05 Estimate, Sales $183.2M Beat $179.4M Estimate",0,increase,0.8,0.7,,144,28,2.0,2019-10-29,75694.0,-0.5041917786002159,-2.63508760078518,-2.8341122547407283,2.897053584456444,3.749254956634296,3.3392583069231874,0.4971,0.7495,0.9785,-0.13,0.3,0.51,0.007,0.617305,-1.2283,-0.2246,0.1238,-1.3441,-0.995,0.2878,-0.4761,-0.4454,0.0058,0.25
13327,TELEFONICA S A,Telefonica shares are trading lower. Not seeing any news to justify the price action.,0,uncertain,0.6,0.4,,130,29,1.0,2019-10-29,75049.0,0.1308930455707013,-0.916226395834152,-1.3088992420772327,-0.1269064610823989,-0.5056885281698009,-2.1144287708800613,-2.9225,-3.0041,0.714,-0.13,0.3,0.51,0.007,-2.83668,0.3859,0.6408,-1.0036,-1.1615,-1.1543,-1.4173,0.7697,-0.6827,1.0197,-0.8794
13335,TENET HEALTHCARE CORP,Tenet Healthcare shares are trading higher in sympathy with HCA Healthcare after the company reported better-than-expected Q3 EPS and sales results. Both companies are hospital operators.,0,increase,0.8,0.7,,148,28,2.0,2019-10-29,52337.0,-1.1610537767410278,5.280898362559516,11.98501441019044,2.799190767109394,1.7262155287827374,1.1173211094240187,5.367,4.8093,1.5855,-0.13,0.3,0.51,0.007,5.566115,-0.4648,-2.7251,-0.8642,3.6763,3.0322,7.0057,0.566,-1.5024,1.3337,-0.2211
13343,GENTHERM INC,"Gentherms Sees FY19 Product Revenues Down ~3%, Gross Margin ~29.5%",0,decrease,0.8,0.7,,132,29,0.0,2019-10-29,79248.0,-4.4876135885715485,-5.17972680906329,-2.734990544379168,4.4179510325193405,5.503065682635899,4.41795099574227,0.2686,-0.1945,1.0616,-0.13,0.3,0.51,0.007,0.399608,-3.738,-1.4725,-1.8642,-0.3491,0.023,1.1908,0.4223,0.9807,0.4706,-0.4811
13351,GENTHERM INC,"Gentherm Q3 Adj. EPS $0.68 Beats $0.52 Estimate, Sales $240.06M Miss $249.61M Estimate",0,uncertain,0.6,0.4,,144,29,1.0,2019-10-29,79248.0,-4.4876135885715485,-5.17972680906329,-2.734990544379168,4.4179510325193405,5.503065682635899,4.41795099574227,0.2686,-0.1945,1.0616,-0.13,0.3,0.51,0.007,0.399608,-3.738,-1.4725,-1.8642,-0.3491,0.023,1.1908,0.4223,0.9807,0.4706,-0.4811
13359,TOYOTA MOTOR CORP,"Hino Rebrands Its Commercial Vehicle Lineup, Adds New Features, Configurations",0,increase,0.8,0.7,,129,28,2.0,2019-10-29,76655.0,0.2451771171763539,1.4854433940913347,4.225555928703639,0.0433884590165689,0.1375334459565724,0.7427825029721724,0.2458,0.3499,0.5515,-0.13,0.3,0.51,0.007,0.3104949999999999,0.0004,-0.1669,0.3788,0.3446,0.1655,-0.2516,1.5651,0.8905,0.5597,-0.4573
13367,TREX COMPANY INC,"B. Riley Maintains Neutral on Trex Co, Raises Price Target to $93",0,increase,0.8,0.6,,126,28,2.0,2019-10-29,86810.0,0.0713068235199898,4.290469093649718,3.9933452609356217,1.952737383544445,-0.1521235997069436,1.7946193417134992,-8.434,-9.0545,1.2815,-0.13,0.3,0.51,0.007,-8.274405,0.9836,5.515,-0.7569,-2.0665,-1.897,2.4302,-2.0123,-0.1862,-0.5819,0.4442
13375,TRAVELERS COMPANIES INC,"Credit Suisse Maintains Neutral on Travelers Companies, Lowers Price Target to $126",0,decrease,0.8,0.7,,135,29,0.0,2019-10-29,59459.0,0.659277243539691,1.8149474145987552,3.428227451845256,-0.8663572371006012,-1.62062680625904,-2.1640440600148136,-0.2862,-0.0827,0.7402,-0.13,0.3,0.51,0.007,-0.196974,0.3487,1.1448,-0.8228,-0.7411,0.9669,0.4193,0.1218,0.0283,0.3237,-0.333
13383,TESLA INC,'Tesla Model 3 becomes first electric car approved as NYC yellow cab' -Electrek,0,increase,0.8,0.7,,128,28,2.0,2019-10-29,93436.0,-0.3826422849670052,0.3162354736361727,10.66029719625352,-0.1280021388083696,9.353310255419412,28.675200551523616,-3.5061,-3.4309,1.2258,-0.13,0.3,0.51,0.007,-3.353746,-0.7779,0.4464,-1.9024,1.1081,-0.0601,3.3471,2.3934,0.0022,2.5622,1.2094
13391,TESLA INC,Tesla shares are trading lower after the company in its 10-Q guided capital expenditures slightly below its prior guidance range. Roth Capital downgraded the stock from Neutral to Sell.,0,decrease,0.8,0.7,,142,29,0.0,2019-10-29,93436.0,-0.3826422849670052,0.3162354736361727,10.66029719625352,-0.1280021388083696,9.353310255419412,28.675200551523616,-3.5061,-3.4309,1.2258,-0.13,0.3,0.51,0.007,-3.353746,-0.7779,0.4464,-1.9024,1.1081,-0.0601,3.3471,2.3934,0.0022,2.5622,1.2094
13399,TESLA INC,Roth Capital Downgrades Tesla to Sell,0,decrease,0.8,0.7,,117,29,0.0,2019-10-29,93436.0,-0.3826422849670052,0.3162354736361727,10.66029719625352,-0.1280021388083696,9.353310255419412,28.675200551523616,-3.5061,-3.4309,1.2258,-0.13,0.3,0.51,0.007,-3.353746,-0.7779,0.4464,-1.9024,1.1081,-0.0601,3.3471,2.3934,0.0022,2.5622,1.2094
13407,TESLA INC,'Tesla confirms several acquisitions worth $96 million' - Electrek,0,uncertain,0.6,0.3,,123,29,1.0,2019-10-29,93436.0,-0.3826422849670052,0.3162354736361727,10.66029719625352,-0.1280021388083696,9.353310255419412,28.675200551523616,-3.5061,-3.4309,1.2258,-0.13,0.3,0.51,0.007,-3.353746,-0.7779,0.4464,-1.9024,1.1081,-0.0601,3.3471,2.3934,0.0022,2.5622,1.2094
13415,TESLA INC,UPDATE: Tesla 10-Q Shows Co. Expecting FY19 Capex Slightly Below $1.5B,0,uncertain,0.6,0.3,,132,29,1.0,2019-10-29,93436.0,-0.3826422849670052,0.3162354736361727,10.66029719625352,-0.1280021388083696,9.353310255419412,28.675200551523616,-3.5061,-3.4309,1.2258,-0.13,0.3,0.51,0.007,-3.353746,-0.7779,0.4464,-1.9024,1.1081,-0.0601,3.3471,2.3934,0.0022,2.5622,1.2094
13423,TESLA INC,Tesla 10-Q Filing Just Out,0,uncertain,0.6,0.3,,117,29,1.0,2019-10-29,93436.0,-0.3826422849670052,0.3162354736361727,10.66029719625352,-0.1280021388083696,9.353310255419412,28.675200551523616,-3.5061,-3.4309,1.2258,-0.13,0.3,0.51,0.007,-3.353746,-0.7779,0.4464,-1.9024,1.1081,-0.0601,3.3471,2.3934,0.0022,2.5622,1.2094
13431,TESLA INC,Judge: Elon Musk To Face Trial In Defamation Lawsuit,0,uncertain,0.7,0.3,,121,29,1.0,2019-10-29,93436.0,-0.3826422849670052,0.3162354736361727,10.66029719625352,-0.1280021388083696,9.353310255419412,28.675200551523616,-3.5061,-3.4309,1.2258,-0.13,0.3,0.51,0.007,-3.353746,-0.7779,0.4464,-1.9024,1.1081,-0.0601,3.3471,2.3934,0.0022,2.5622,1.2094
13439,T S R INC,"Zeff Capital Says Believe There is Substantial Likelihood TSR Will Not Be Able to Complete Repurchase, or Make Settlement Payment Prior to Dec 30",0,decrease,0.8,0.9,,139,29,0.0,2019-10-29,74500.0,-0.8344915695488453,-5.424198331250563,-3.616136735732267,-7.318177819252014,-7.102273147593152,-6.704711540588814,9.9388,10.2655,0.0711,-0.13,0.3,0.51,0.007,9.941043,-1.6121,-1.7678,4.1974,-0.1803,-5.3154,0.5858,-0.7684,-1.8549,4.5486,-0.1095
13447,ISHARES INC,Envoy For Syria Joel Rayburn Says The United States Is Concerned By 'Continuing Dangerous Situation In Northeast Syria',0,uncertain,0.6,0.3,,134,29,1.0,2019-10-29,92600.0,-0.1198110403493046,0.1996774205301754,3.0351368848628324,0.0,0.4405310843139887,-0.7125902761186742,-0.1595,-0.2344,0.6922,-0.13,0.3,0.51,0.007,-0.076514,0.002,-0.6867,-0.4448,0.4489,-0.2643,1.0178,1.794,-0.5908,0.2004,-0.0455
13455,ISHARES INC,Turkey's Erdogan Says Russia Has Conveyed To Turkish Authorities That Kurdish YPG Fighters Have Withdrawn From Northern Syria; Erdogan Says Talks With Russia On Syria Will Continue,0,uncertain,0.6,0.3,,144,29,1.0,2019-10-29,92600.0,-0.1198110403493046,0.1996774205301754,3.0351368848628324,0.0,0.4405310843139887,-0.7125902761186742,-0.1595,-0.2344,0.6922,-0.13,0.3,0.51,0.007,-0.076514,0.002,-0.6867,-0.4448,0.4489,-0.2643,1.0178,1.794,-0.5908,0.2004,-0.0455
13463,TEXAS ROADHOUSE INC,"Texas Roadhouse Serves Up Juicy Quarter, But Street Isn't Buying The Sizzle",0,uncertain,0.7,0.5,,129,29,1.0,2019-10-29,90427.0,-6.052066758275032,-1.4757140957705306,-4.675840857889124,0.8239546790719032,3.742757479562719,2.6391101921643623,20.2113,19.9559,0.4955,-0.13,0.3,0.51,0.007,20.268715,-5.4934,0.276,1.0488,2.2384,-0.7861,-0.5526,-1.5586,1.0388,-0.4428,-1.5639
13471,TEXAS ROADHOUSE INC,Raymond James Upgrades Texas Roadhouse to Outperform,0,increase,0.9,0.8,,122,28,2.0,2019-10-29,90427.0,-6.052066758275032,-1.4757140957705306,-4.675840857889124,0.8239546790719032,3.742757479562719,2.6391101921643623,20.2113,19.9559,0.4955,-0.13,0.3,0.51,0.007,20.268715,-5.4934,0.276,1.0488,2.2384,-0.7861,-0.5526,-1.5586,1.0388,-0.4428,-1.5639
13479,TYLER TECHNOLOGIES INC,"Tyler Tech Reports Strategic Collaboration With Amazon Web Services, No Terms Disclosed",0,increase,0.8,0.7,,127,28,2.0,2019-10-29,76185.0,1.800442487001419,2.821692809628118,5.2954081002205555,0.5327155347913504,-0.1826410178564663,1.6429095299049346,0.7853,1.1801,0.7188,-0.13,0.3,0.51,0.007,0.871744,0.9361,-0.2288,1.0121,-0.3161,1.0279,1.8571,-0.6554,0.8351,0.6957,-0.6606
13487,UNDER ARMOUR INC,"'Board of Governors starts process to enhance name, image and likeness opportunities' -NCAA",0,increase,0.8,0.7,,127,28,2.0,2019-10-29,15980.0,-0.534179899841547,-12.873931653204451,-16.773502106922244,-0.1049241865985095,0.1578152835335577,0.1578152835335577,-1.6807,-1.8817,1.3683,-0.13,0.3,0.51,0.007,-1.509821,-0.2363,0.1732,0.4149,-19.2369,5.5707,1.486,-3.0591,-1.6237,0.7373,-2.5481
13495,UNDER ARMOUR INC,"'NCAA will permit athletes to be compensated for their names, images and likenesses, Board of Governors says' -FOX35 Reporter",0,increase,0.8,0.7,,136,28,2.0,2019-10-29,15980.0,-0.534179899841547,-12.873931653204451,-16.773502106922244,-0.1049241865985095,0.1578152835335577,0.1578152835335577,-1.6807,-1.8817,1.3683,-0.13,0.3,0.51,0.007,-1.509821,-0.2363,0.1732,0.4149,-19.2369,5.5707,1.486,-3.0591,-1.6237,0.7373,-2.5481
13503,U D R INC,UDR Q3 FFO $0.53 Up From $0.49 YoY,0,increase,0.8,0.1,,127,28,2.0,2019-10-29,59300.0,2.399349957704544,-1.3826764631193034,-4.3716988670460255,-0.7486826274544001,-0.7888337566570258,-0.9291034291366018,0.265,0.5204,0.3589,-0.13,0.3,0.51,0.007,0.304657,1.9502,-0.2881,-1.0372,-0.1041,-1.9491,0.0564,-2.4345,-0.4484,0.2931,-1.1675
13511,UNIFI INC,"Unifi Q1 EPS $0.2 Beats $0.17 Estimate, Sales $179.9M Miss $181.03M Estimate",0,uncertain,0.6,0.3,,136,29,1.0,2019-10-29,78044.0,0.9941106662154198,-2.540502280685386,-10.30927529861998,3.048514574766159,4.121478466075779,3.0927803895889117,13.1667,12.497,0.769,-0.13,0.3,0.51,0.007,13.259670000000002,2.1044,0.4794,-3.53,-7.3953,4.4386,-1.536,-1.9422,-0.705,-0.7123,-2.548
13519,UNISYS CORP,Unisys shares are trading higher after the company reported better-than-expected Q3 EPS and sales results. The company also raised its FY19 sales guidance from 2%-5% to 3%-7%.,0,increase,0.9,0.8,,153,28,2.0,2019-10-29,10890.0,16.489996016025543,30.388693327528227,30.859835203140463,5.282546952366829,8.07061632018684,5.412048850436202,-0.9335,-1.2298,1.4236,-0.13,0.3,0.51,0.007,-0.755432,16.8693,4.5728,-0.9189,4.5794,0.9173,-2.321,2.1011,4.2769,-2.2111,-1.3405
13527,UNISYS CORP,Unisys Raises FY19 Adj. Sales Guidance From 2%-5% To 3%-7%,0,increase,0.8,0.7,,132,28,2.0,2019-10-29,10890.0,16.489996016025543,30.388693327528227,30.859835203140463,5.282546952366829,8.07061632018684,5.412048850436202,-0.9335,-1.2298,1.4236,-0.13,0.3,0.51,0.007,-0.755432,16.8693,4.5728,-0.9189,4.5794,0.9173,-2.321,2.1011,4.2769,-2.2111,-1.3405
13535,UNISYS CORP,"Unisys Q3 EPS $0.49 Beats $0.46 Estimate, Sales $757.6M Beat $714.85M Estimate",0,increase,0.8,0.7,,141,28,2.0,2019-10-29,10890.0,16.489996016025543,30.388693327528227,30.859835203140463,5.282546952366829,8.07061632018684,5.412048850436202,-0.9335,-1.2298,1.4236,-0.13,0.3,0.51,0.007,-0.755432,16.8693,4.5728,-0.9189,4.5794,0.9173,-2.321,2.1011,4.2769,-2.2111,-1.3405
13543,U M B FINANCIAL CORP,UMB Financial Q3 EPS $1.27 Beats $1.17 Estimate,0,increase,0.8,0.7,,132,28,2.0,2019-10-29,78829.0,0.0741554948035627,-0.3114326743771989,-0.8008317901440631,2.0457958802580833,2.076959187008165,1.0583563753642666,0.8827,0.228,0.975,-0.13,0.3,0.51,0.007,1.00245,1.3285,-2.2839,-1.2056,-0.3972,-0.1516,0.2219,-0.5863,-0.1242,-0.2096,0.284
13551,UNUM GROUP,"Unum Q3 EPS $1.36 Misses $1.37 Estimate, Sales $2.96B Miss $3.02B Estimate",0,decrease,0.8,0.7,,137,29,0.0,2019-10-29,71175.0,-4.32056337594986,4.2857125806649465,5.087104790709973,0.3861025208607316,0.4733939735716452,-1.3115806694538712,0.3497,-0.2969,1.4308,-0.13,0.3,0.51,0.007,0.5287040000000001,-2.9602,1.5374,1.1095,-0.1062,1.3552,-1.5238,-0.3509,0.8677,0.03,1.0964
13559,VIPER ENERGY PARTNERS LP,Viper Energy Partners Q3 EPS $0.13 Misses $0.14 Estimate,0,decrease,0.8,0.7,,133,29,0.0,2019-10-29,15139.0,-8.953015506267548,-6.770255041897821,-8.765217537416724,-2.1449770778417587,-1.6356896835673762,-1.9636927489533609,2.1542,1.6396,1.3543,-0.13,0.3,0.51,0.007,2.3232589999999997,-7.9712,-1.0435,-0.9723,1.1621,-0.99,-0.449,-2.4116,3.3725,-2.4675,-0.244
13567,VERISK ANALYTICS INC,"Verisk Analytics Q3 Adj. EPS $1.12 Misses $1.13 Estimate, Sales $652.7M Beat $648.12M Estimate",0,uncertain,0.6,0.3,,146,29,1.0,2019-10-29,93089.0,-1.4654923230409622,-7.553954844715083,-8.016912496606531,-0.2484522759914398,-0.801333538350002,-0.0538261921521843,1.0569,1.4495,0.7952,-0.13,0.3,0.51,0.007,1.153276,-2.1944,-2.1276,0.0508,-3.4481,-0.8121,1.2715,-0.8592,-2.5394,0.5253,0.2777
13575,VERISK ANALYTICS INC,"Verisk Analytics Q3 EPS $1.12 Misses $1.13 Estimate, Sales $652.7M Beat $648.12M Estimate",0,uncertain,0.6,0.3,,144,29,1.0,2019-10-29,93089.0,-1.4654923230409622,-7.553954844715083,-8.016912496606531,-0.2484522759914398,-0.801333538350002,-0.0538261921521843,1.0569,1.4495,0.7952,-0.13,0.3,0.51,0.007,1.153276,-2.1944,-2.1276,0.0508,-3.4481,-0.8121,1.2715,-0.8592,-2.5394,0.5253,0.2777
13583,V S E CORP,"VSE Q3 Adj. EPS $0.95 Up From $0.92 YoY, Sales $198.326M Up From $168.931M YoY",0,increase,0.8,0.6,,146,28,2.0,2019-10-29,79864.0,16.903501749038696,19.18294688349278,13.783072959331456,2.3795077577233315,2.3482783047724887,-1.6700840062291775,0.6555,-0.139,1.0736,-0.13,0.3,0.51,0.007,0.788068,18.2829,-1.6086,-0.9767,0.5723,0.41,-1.1229,-0.1014,-1.0923,-0.8319,-0.6911
13591,VISHAY INTERTECHNOLOGY INC,Vishay Sees Q4 Sales $580M-$620M vs $599.9M Estimate,0,uncertain,0.6,0.3,,140,29,1.0,2019-10-29,57808.0,0.0,2.068966029146524,-4.778322106570254,3.23287770152092,4.72484945210625,3.346136286563972,7.7495,7.4823,1.4336,-0.13,0.3,0.51,0.007,7.928868,0.352,0.2096,-2.4107,1.1109,0.5191,-3.836,1.3067,-2.7673,-0.9541,-0.4217
13599,VISHAY INTERTECHNOLOGY INC,"Vishay Intertechnology Q3 Adj. EPS $0.26 Beats $0.23 Estimate, Sales $628M Beat $619.09M Estimate",0,increase,0.8,0.7,,153,28,2.0,2019-10-29,57808.0,0.0,2.068966029146524,-4.778322106570254,3.23287770152092,4.72484945210625,3.346136286563972,7.7495,7.4823,1.4336,-0.13,0.3,0.51,0.007,7.928868,0.352,0.2096,-2.4107,1.1109,0.5191,-3.836,1.3067,-2.7673,-0.9541,-0.4217
13607,VERASTEM INC,"Verastem Reaffirms FY19 Guidance, Sees COPIKTRA Sales $12M-$14M",0,uncertain,0.6,0.3,,132,29,1.0,2019-10-29,13202.0,-13.599996268749235,-12.799997059345555,-17.20000237081217,2.3076994344592094,-1.4814799826627811,-1.4814799826627811,-6.015,-5.9375,1.0662,-0.13,0.3,0.51,0.007,-5.883393999999999,-14.4529,1.4481,-1.4022,-0.0579,0.8601,2.8371,-0.4715,-0.8664,-0.9296,-4.1804
13615,VERASTEM INC,"Verastem Oncology Q3 Adj. EPS $(0.35) Beats $(0.46) Estimate, Sales $9.03M Beat $8.95M Estimate",0,increase,0.8,0.7,,145,28,2.0,2019-10-29,13202.0,-13.599996268749235,-12.799997059345555,-17.20000237081217,2.3076994344592094,-1.4814799826627811,-1.4814799826627811,-6.015,-5.9375,1.0662,-0.13,0.3,0.51,0.007,-5.883393999999999,-14.4529,1.4481,-1.4022,-0.0579,0.8601,2.8371,-0.4715,-0.8664,-0.9296,-4.1804
13623,WAYFAIR INC,"Credit Suisse Maintains Outperform on Wayfair, Raises Price Target to $180",0,increase,0.9,0.8,,126,28,2.0,2019-10-29,14983.0,-0.4236038774251938,-19.71234475459974,-16.65846005024366,-7.51333013176918,-4.4576575439639115,-4.248428520266579,-7.1357,-6.6759,1.7205,-0.13,0.3,0.51,0.007,-6.919034999999999,-1.6693,-18.1871,0.2219,4.658,-6.6107,3.8157,0.0496,-0.4874,-1.0023,1.3178
13631,WASHINGTON FEDERAL INC,Washington Federal Reports $0.21/Share Special Dividend,0,increase,0.8,0.7,,125,28,2.0,2019-10-29,81577.0,-0.8943138644099236,0.5284543983247847,0.4057289229964622,0.3017849288880825,1.4428425094786368,0.1095315004194796,0.93,0.4086,0.8936,-0.13,0.3,0.51,0.007,1.039168,0.1074,0.5629,-1.3028,-1.4495,0.4695,0.2312,-0.6091,0.0302,0.0333,0.1572
13639,WESTERN ALLIANCE BANCORPORATION,Western Alliance Bancorp Reports $250M Buyback Plan,0,increase,0.8,0.7,,132,28,2.0,2019-10-29,90776.0,-0.8693981915712357,2.3117926703595915,3.240465232908285,0.8914072997868061,2.892557254581929,1.632651559152598,1.6265,0.7753,1.2944,-0.13,0.3,0.51,0.007,1.787772,0.8252,-0.3239,-0.7665,-0.468,-0.4559,-0.001,0.8516,-0.0954,-0.2992,0.3666
13647,WATERS CORP,"Waters Corporation Sees Q4 Adj. EPS $2.95-$3.05 vs $3.23 Est., Cuts FY19 Adj. EPS From $8.95-$9.10 To $8.73-$8.83 vs $9.02 Est.",0,decrease,0.8,0.7,,167,29,0.0,2019-10-29,82651.0,0.3313298569992184,-0.33132271889873,-0.797980015791866,0.91696847230196,1.9735901007951864,2.6297380488279787,-2.6441,-2.4459,0.9257,-0.13,0.3,0.51,0.007,-2.530759,-0.0735,-1.3208,0.8151,-0.3437,-0.5425,-0.4017,-0.8733,-1.1959,-0.0877,1.2325
13655,WATERS CORP,"Waters Q3 Adj. EPS $2.13, Inline, Sales $577M Miss $588.88M Estimate",0,decrease,0.8,0.7,,136,29,0.0,2019-10-29,82651.0,0.3313298569992184,-0.33132271889873,-0.797980015791866,0.91696847230196,1.9735901007951864,2.6297380488279787,-2.6441,-2.4459,0.9257,-0.13,0.3,0.51,0.007,-2.530759,-0.0735,-1.3208,0.8151,-0.3437,-0.5425,-0.4017,-0.8733,-1.1959,-0.0877,1.2325
13663,WEBSTER FINANCIAL CORP,"Stephens & Co. Initiates Coverage On Webster Financial with Underweight Rating, Announces $42 Price Target",0,decrease,0.8,0.7,,138,29,0.0,2019-10-29,10932.0,0.3929279744625091,5.348170574092803,5.664477690959635,1.1772518046200275,2.59008483994414,2.566988045623231,0.5708,-0.1402,1.3031,-0.13,0.3,0.51,0.007,0.7332029999999999,1.7891,-2.8869,0.6114,-0.3452,3.0371,-1.5069,1.7008,0.686,-0.1833,-0.5132
13671,WELLS FARGO & CO NEW,Today's Pickup: Oil And Gas Drillers Pushed To The Wall As Banks Cut Price Forecasts For 2020,0,decrease,0.8,0.7,,143,29,0.0,2019-10-29,38703.0,-0.2683522878214717,2.1659978986341644,4.911023404639536,0.1551324967294931,1.076326917412973,1.4137074395286442,1.0068,0.5945,1.0036,-0.13,0.3,0.51,0.007,1.1302679999999998,0.6837,0.0491,-0.8907,-0.777,0.6646,0.7156,0.3686,0.2598,0.3111,0.2961
13679,XUNLEI LTD,Xunlei shares are trading lower despite no company-specific news. This could potentially be profit taking after the stock rallied approximately 163% over the past 3 trading sessions.,0,uncertain,0.7,0.5,,145,29,1.0,2019-10-29,14710.0,6.708598881959915,27.044024398679277,20.33542508260777,18.257252871990204,145.68964764075983,147.82607743134895,-16.3158,-16.6835,1.0121,-0.13,0.3,0.51,0.007,-16.191227,6.6613,8.3857,12.9734,1.6267,-5.188,9.3929,2.7243,-12.2932,1.3018,-3.984
13687,X P O INC,XPO Posts Solid Bottom-Line Numbers In Third Quarter Despite Persistent Macro Weakness,0,increase,0.8,0.7,,124,28,2.0,2019-10-29,90175.0,-2.703704684972763,2.8265888445504705,5.284497046678993,0.8529857732355595,2.839602497368743,2.813305223080098,1.2065,0.6276,1.3757,-0.13,0.3,0.51,0.007,1.378341,-1.7541,-2.2928,1.0978,1.8274,1.1606,0.6799,0.6735,-0.274,-0.0923,1.8328
13695,SPDR SERIES TRUST,"Adobe Sees $143.7B Spent Online During Nov.-Dec. Holiday Season, Sees 14.1% Ecommerce Growth vs 4% Overall Retail Growth",0,increase,0.8,0.7,,147,28,2.0,2019-10-29,91316.0,-0.7723765447735786,2.11267658728429,0.7723764069574868,0.833518709987402,1.9125687835974905,1.7735307208080364,-1.6533,-1.9941,1.0375,-0.13,0.3,0.51,0.007,-1.5254249999999998,-0.2321,-0.4349,-0.6309,0.5969,0.8873,0.0041,-0.6803,-0.7238,0.2184,-0.202
13703,SPDR SERIES TRUST,"Redbook Reports US Retail Sales For Oct. 27 Week Up 4.5% YoY, Retail Sales For First 3 Weeks Of OCt. Up 4.3% YoY, Flat MoM",0,uncertain,0.6,0.3,,155,29,1.0,2019-10-29,91316.0,-0.7723765447735786,2.11267658728429,0.7723764069574868,0.833518709987402,1.9125687835974905,1.7735307208080364,-1.6533,-1.9941,1.0375,-0.13,0.3,0.51,0.007,-1.5254249999999998,-0.2321,-0.4349,-0.6309,0.5969,0.8873,0.0041,-0.6803,-0.7238,0.2184,-0.202
13711,SPDR SERIES TRUST,"Retail Economist/Goldman US Chain Store Sales For Week Ended Oct. 26 Down 3.8%, Up 1.9% Year Over Year",0,uncertain,0.7,0.5,,142,29,1.0,2019-10-29,91316.0,-0.7723765447735786,2.11267658728429,0.7723764069574868,0.833518709987402,1.9125687835974905,1.7735307208080364,-1.6533,-1.9941,1.0375,-0.13,0.3,0.51,0.007,-1.5254249999999998,-0.2321,-0.4349,-0.6309,0.5969,0.8873,0.0041,-0.6803,-0.7238,0.2184,-0.202
13719,XEROX HOLDINGS CORP,Xerox Holdings shares are trading higher after the company reported better-than-expected Q3 EPS and sales results. The company also issued FY19 EPS results above estimates.,0,increase,0.9,0.8,,147,28,2.0,2019-10-29,27983.0,-0.8715840987861156,5.665313530960359,8.803029792386162,0.9177341125905514,1.3495778956281068,0.3585417543578995,11.7895,11.5898,1.3583,-0.13,0.3,0.51,0.007,11.959079,-0.4504,0.3059,-3.468,2.3524,4.6025,3.8033,-1.6812,3.8688,-0.9021,-2.472
13727,XEROX HOLDINGS CORP,Xerox Sees FY19 Adj. EPS Guidance $4.00-$4.10 vs $3.89 Est.,0,increase,0.8,0.7,,139,28,2.0,2019-10-29,27983.0,-0.8715840987861156,5.665313530960359,8.803029792386162,0.9177341125905514,1.3495778956281068,0.3585417543578995,11.7895,11.5898,1.3583,-0.13,0.3,0.51,0.007,11.959079,-0.4504,0.3059,-3.468,2.3524,4.6025,3.8033,-1.6812,3.8688,-0.9021,-2.472
13735,XEROX HOLDINGS CORP,"Xerox Q3 Adj. EPS $1.08 Beats $0.86 Estimate, Sales $2.2B Beat $2.19B Estimate",0,increase,0.8,0.6,,146,28,2.0,2019-10-29,27983.0,-0.8715840987861156,5.665313530960359,8.803029792386162,0.9177341125905514,1.3495778956281068,0.3585417543578995,11.7895,11.5898,1.3583,-0.13,0.3,0.51,0.007,11.959079,-0.4504,0.3059,-3.468,2.3524,4.6025,3.8033,-1.6812,3.8688,-0.9021,-2.472
13743,ZEBRA TECHNOLOGIES CORP,Zebra Technologies shares are trading higher after the company reported better-than-expected Q3 EPS results.,0,increase,0.9,0.8,,136,28,2.0,2019-10-29,76795.0,0.5175878293812275,1.548564356521065,2.8362253092093725,1.7117034643888474,5.566609694022562,7.704578354869951,6.6463,6.7006,1.4337,-0.13,0.3,0.51,0.007,6.825681,0.0776,0.2623,-1.7237,4.3662,-2.916,1.6678,-1.0785,-0.1132,0.5294,0.53
13751,ZEBRA TECHNOLOGIES CORP,Zebra Technologies Sees Q4 Adj. EPS $3.55-$3.75 vs $3.58 Est.,0,uncertain,0.6,0.3,,141,29,1.0,2019-10-29,76795.0,0.5175878293812275,1.548564356521065,2.8362253092093725,1.7117034643888474,5.566609694022562,7.704578354869951,6.6463,6.7006,1.4337,-0.13,0.3,0.51,0.007,6.825681,0.0776,0.2623,-1.7237,4.3662,-2.916,1.6678,-1.0785,-0.1132,0.5294,0.53
13759,ZEBRA TECHNOLOGIES CORP,"Zebra Technologies Q3 Adj. EPS $3.43 Beats $3.28 Estimate, Sales $1.13B Miss $1.14B Estimate",0,uncertain,0.6,0.3,,149,29,1.0,2019-10-29,76795.0,0.5175878293812275,1.548564356521065,2.8362253092093725,1.7117034643888474,5.566609694022562,7.704578354869951,6.6463,6.7006,1.4337,-0.13,0.3,0.51,0.007,6.825681,0.0776,0.2623,-1.7237,4.3662,-2.916,1.6678,-1.0785,-0.1132,0.5294,0.53
13767,ACCENTURE PLC IRELAND,"Accenture Reports Purchase Of Happen, No Terms Disclosed",0,uncertain,0.7,0.3,,127,29,1.0,,,,,,,,,,,,,,,,,,,,,,,,,,
13775,A D T INC,"ADT Reports Purchase Of I-View Now, No Terms Disclosed",0,uncertain,0.6,0.3,,123,29,1.0,,,,,,,,,,,,,,,,,,,,,,,,,,
13783,AMERICAN INTERNATIONAL GROUP INC,Evercore ISI Group Initiates Coverage On American International Gr with In-Line Rating,0,uncertain,0.6,0.3,,126,29,1.0,,,,,,,,,,,,,,,,,,,,,,,,,,
13791,ALLSTATE CORP,Evercore ISI Group Initiates Coverage On Allstate with In-Line Rating,0,uncertain,0.6,0.3,,123,29,1.0,,,,,,,,,,,,,,,,,,,,,,,,,,
13799,ALLY FINANCIAL INC,"Citigroup Maintains Buy on Ally Financial, Lowers Price Target to $38",0,uncertain,0.6,0.3,,129,29,1.0,,,,,,,,,,,,,,,,,,,,,,,,,,
13807,AUTOLIV INC,Evercore ISI Group Upgrades Autoliv to In-Line,0,increase,0.8,0.7,,121,28,2.0,,,,,,,,,,,,,,,,,,,,,,,,,,
13815,AMERICAN NATIONAL BANKSHARES INC,American National Q3 EPS $0.78 Up From $0.66 YoY,0,increase,0.8,0.1,,132,28,2.0,,,,,,,,,,,,,,,,,,,,,,,,,,
13823,ARAMARK,UAW Reached Tentative Agreement With Aramark For The 850 Members On Strike Who Work At GM Plants,0,increase,0.8,0.7,,129,28,2.0,,,,,,,,,,,,,,,,,,,,,,,,,,
13831,ARDMORE SHIPPING CORP,"Stifel Nicolaus Downgrades Ardmore Shipping to Hold, Raises Price Target to $9.5",0,uncertain,0.6,0.3,,134,29,1.0,,,,,,,,,,,,,,,,,,,,,,,,,,
13839,ASSEMBLY BIOSCIENCES INC,Assembly Biosciences Shares Up 17% Today; Co Announced Wednesday Safety and Antiviral Activity of Core Inhibitor Candidates In the Treatment of Chronic Hep B to be Featured in a Late Breaking Session at AASLD,0,increase,0.8,0.7,,161,28,2.0,,,,,,,,,,,,,,,,,,,,,,,,,,
13847,GOLDEN MINERALS CO,Golden Minerals Enters Into Option Agreement To Sell Its Santa Maria Project To Magellan Gold For $1M In Cash,0,uncertain,0.6,0.3,,136,29,1.0,,,,,,,,,,,,,,,,,,,,,,,,,,
13855,AVERY DENNISON CORP,"Citigroup Maintains Buy on Avery Dennison, Lowers Price Target to $132",0,uncertain,0.6,0.3,,132,29,1.0,,,,,,,,,,,,,,,,,,,,,,,,,,
13863,ASTRAZENECA PLC,AstraZeneca Shares Trade Higher After FDA Grants Breast Cancer Drug Priority Review,0,increase,0.9,0.8,,128,28,2.0,,,,,,,,,,,,,,,,,,,,,,,,,,
13871,ASTRAZENECA PLC,AstraZeneca And Daiichi Sankyo's Trastuzumab Deruxtecan Granted FDA Priority Review For Treatment Of Patients With HER2-Positive Metastatic Breast Cancer,0,increase,0.9,0.8,,151,28,2.0,,,,,,,,,,,,,,,,,,,,,,,,,,
13879,ASTRAZENECA PLC,AstraZeneca Says Trastuzumab Deruxtecan Granted FDA Priority Review,0,increase,0.8,0.7,,131,28,2.0,,,,,,,,,,,,,,,,,,,,,,,,,,
13887,BANK OF AMERICA CORP,"BlockFi Now Caters To Institutional Trading, Hedging",0,uncertain,0.6,0.3,,124,29,1.0,,,,,,,,,,,,,,,,,,,,,,,,,,
13895,BANCFIRST CORP,BancFirst Q3 EPS $1 Up From $0.98 YoY,0,increase,0.8,0.2,,129,28,2.0,,,,,,,,,,,,,,,,,,,,,,,,,,
13903,BRUNSWICK CORP,"UPDATE: Longbow Downgrades Brunswick To Neutral Following Firm's '3Q boat dealer checks, with contacts reporting inventory levels above target heading into 4Q despite aggressive rebating on existing and current models'",0,decrease,0.8,0.7,,153,29,0.0,,,,,,,,,,,,,,,,,,,,,,,,,,
13911,BRUNSWICK CORP,Longbow Research Downgrades Brunswick to Neutral,0,decrease,0.8,0.7,,121,29,0.0,,,,,,,,,,,,,,,,,,,,,,,,,,
13919,BRINKS CO,Freight Of All Kinds: Moving Money Is A Precise Drill,0,uncertain,0.6,0.3,,123,29,1.0,,,,,,,,,,,,,,,,,,,,,,,,,,
13927,BERRY GLOBAL GROUP INC,"Citigroup Maintains Buy on Berry Global Group, Lowers Price Target to $58",0,uncertain,0.6,0.3,,128,29,1.0,,,,,,,,,,,,,,,,,,,,,,,,,,
13935,BIOGEN INC,"Bank of America Reinstates Underperform on Biogen, Announces $200 Price Target",0,decrease,0.8,0.7,,125,29,0.0,,,,,,,,,,,,,,,,,,,,,,,,,,
13943,BIOLASE INC,"Seeing Sharp Spike In Biolase Shares, Now Up 28%; Not Yet Seeing Any News",0,uncertain,0.6,0.8,,127,29,1.0,,,,,,,,,,,,,,,,,,,,,,,,,,
13951,BADGER METER INC,"Badger Meter Q3 EPS $0.44 Beats $0.43 Estimate, Sales $108.646M Miss $111.29M Estimate",0,uncertain,0.6,0.4,,141,29,1.0,,,,,,,,,,,,,,,,,,,,,,,,,,
13959,BIOMARIN PHARMACEUTICAL INC,"Bank of America Reinstates Buy on Biomarin Pharmaceutical, Announces $90 Price Target",0,increase,0.8,0.7,,139,28,2.0,,,,,,,,,,,,,,,,,,,,,,,,,,
13967,BRISTOL MYERS SQUIBB CO,"Bank of America Reinstates Buy on Bristol-Myers Squibb, Announces $60 Price Target",0,increase,0.9,0.8,,141,28,2.0,,,,,,,,,,,,,,,,,,,,,,,,,,
13975,PEABODY ENERGY CORP NEW,"B. Riley Maintains Buy on Peabody Energy, Lowers Price Target to $26",0,uncertain,0.6,0.3,,134,29,1.0,,,,,,,,,,,,,,,,,,,,,,,,,,
13983,CONAGRA BRANDS INC,"RBC Capital Initiates Coverage On Conagra Brands with Sector Perform Rating, Announces $30 Price Target",0,uncertain,0.6,0.3,,134,29,1.0,,,,,,,,,,,,,,,,,,,,,,,,,,
13991,CHEESECAKE FACTORY INC,Raymond James Downgrades Cheesecake Factory to Market Perform,0,decrease,0.8,0.7,,129,29,0.0,,,,,,,,,,,,,,,,,,,,,,,,,,
13999,CARVER BANCORP INC,"Carver Bancrop Shares Resume Trade, Down 4.3%",0,decrease,0.8,0.4,,128,29,0.0,,,,,,,,,,,,,,,,,,,,,,,,,,
14007,CATHAY GENERAL BANCORP,"Wedbush Maintains Outperform on Cathay General, Lowers Price Target to $39",0,uncertain,0.6,0.3,,136,29,1.0,,,,,,,,,,,,,,,,,,,,,,,,,,
14015,CROWN CASTLE INC,Crown Castle International shares are trading higher after the company reported better-than-expected Q3 EPS and sales results.,0,increase,0.8,0.7,,133,28,2.0,,,,,,,,,,,,,,,,,,,,,,,,,,
14023,CROWN HOLDINGS INC,Crown Holdings shares are trading higher after the company reported Q3 EPS results inline with analyst estimates.,0,uncertain,0.6,0.3,,130,29,1.0,,,,,,,,,,,,,,,,,,,,,,,,,,
14031,C N B FINANCIAL CORP PA,CNB Financial Q3 EPS $0.68 Up From $0.6 YoY,0,increase,0.8,0.2,,137,28,2.0,,,,,,,,,,,,,,,,,,,,,,,,,,
14039,COMERICA INC,"UPDATE: JP Morgan Downgrades Comerica To Underweight, Lowers Target To $65 As Firm Notes 'While shares are cheap on the surface, given a lack of catalysts, we see CMA shares as a value trap rather than value'",0,decrease,0.9,0.8,,157,29,0.0,,,,,,,,,,,,,,,,,,,,,,,,,,
14047,COMERICA INC,"DA Davidson Maintains Neutral on Comerica, Lowers Price Target to $73",0,decrease,0.8,0.7,,124,29,0.0,,,,,,,,,,,,,,,,,,,,,,,,,,
14055,COMERICA INC,"Piper Jaffray Downgrades Comerica to Neutral, Lowers Price Target to $72.5",0,decrease,0.8,0.7,,129,29,0.0,,,,,,,,,,,,,,,,,,,,,,,,,,
14063,COMERICA INC,"JP Morgan Downgrades Comerica to Underweight, Lowers Price Target to $65",0,decrease,0.8,0.7,,125,29,0.0,,,,,,,,,,,,,,,,,,,,,,,,,,
14071,COMTECH TELECOMMUNICATIONS CORP,Comtech Telecommunications Corp. Receives $1.6M Satellite Modem Order From European Ministry Of Defense,0,increase,0.9,0.8,,141,28,2.0,,,,,,,,,,,,,,,,,,,,,,,,,,
14079,CENTENE CORP DEL,Centene shares are trading higher after the company announced it has entered into a strategic partnership with Walgreens and RxAdvance to introduce an innovative model for pharmacy management.,0,increase,0.9,0.8,,142,28,2.0,,,,,,,,,,,,,,,,,,,,,,,,,,
14087,CENTENE CORP DEL,Centene Option Alert: Dec 20 $50 Calls Sweep (2) near the Ask: 6526 @ $1.5 vs 9321 OI; Earnings 10/22 Before Open Ref=$46.805,0,uncertain,0.6,0.4,,158,29,1.0,,,,,,,,,,,,,,,,,,,,,,,,,,
14095,CENTERPOINT ENERGY INC,"UBS Maintains Buy on CenterPoint Energy, Lowers Price Target to $34",0,uncertain,0.6,0.4,,126,29,1.0,,,,,,,,,,,,,,,,,,,,,,,,,,
14103,CAMPBELL SOUP CO,"RBC Capital Initiates Coverage On Campbell Soup with Outperform Rating, Announces $55 Price Target",0,increase,0.8,0.7,,135,28,2.0,,,,,,,,,,,,,,,,,,,,,,,,,,
14111,CIRRUS LOGIC INC,Cirrus Logic shares are trading higher after Barclay's upgraded the stock from Underweight to Equal-Weight.,0,increase,0.8,0.7,,135,28,2.0,,,,,,,,,,,,,,,,,,,,,,,,,,
14119,CIRRUS LOGIC INC,Barclays Upgrades Cirrus Logic to Equal-Weight,0,increase,0.8,0.7,,125,28,2.0,,,,,,,,,,,,,,,,,,,,,,,,,,
14127,CISCO SYSTEMS INC,"KeyBanc Maintains Overweight on Cisco Systems, Lowers Price Target to $54",0,uncertain,0.6,0.3,,129,29,1.0,,,,,,,,,,,,,,,,,,,,,,,,,,
14135,C S X CORP,CSX Agrees To Purchase About 4.7M Shares Of Common Stock From Mantle Ridge,0,increase,0.8,0.7,,131,28,2.0,,,,,,,,,,,,,,,,,,,,,,,,,,
14143,C S X CORP,US Rail Volumes Still Falling,0,decrease,0.8,0.7,,117,29,0.0,,,,,,,,,,,,,,,,,,,,,,,,,,
14151,C S X CORP,"Bank of America Maintains Buy on CSX, Lowers Price Target to $80",0,uncertain,0.6,0.3,,128,29,1.0,,,,,,,,,,,,,,,,,,,,,,,,,,
14159,C S X CORP,"Credit Suisse Maintains Outperform on CSX, Raises Price Target to $82",0,increase,0.8,0.7,,128,28,2.0,,,,,,,,,,,,,,,,,,,,,,,,,,
14167,C S X CORP,"Raymond James Maintains Outperform on CSX, Lowers Price Target to $80",0,uncertain,0.6,0.3,,129,29,1.0,,,,,,,,,,,,,,,,,,,,,,,,,,
14175,C S X CORP,"TD Securities Maintains Hold on CSX, Raises Price Target to $77",0,increase,0.8,0.6,,126,28,2.0,,,,,,,,,,,,,,,,,,,,,,,,,,
14183,CATALENT INC,"Stephens & Co. Reinstates Overweight on Catalent, Announces $56 Price Target",0,increase,0.8,0.7,,132,28,2.0,,,,,,,,,,,,,,,,,,,,,,,,,,
14191,CODORUS VALLEY BANCORP INC,"Codorus Valley Bancorp Q3 EPS $0.53, Same YoY",0,uncertain,0.6,0.3,,137,29,1.0,,,,,,,,,,,,,,,,,,,,,,,,,,
14199,DOMINION ENERGY INC,"Morgan Stanley Maintains Equal-Weight on Dominion Energy, Raises Price Target to $87",0,increase,0.8,0.7,,129,28,2.0,,,,,,,,,,,,,,,,,,,,,,,,,,
14207,DELTA AIR LINES INC,Delta Tech Ops And Austrian Airlines Sign Multi-Year Exclusive Engine Maintenance Agreement,0,increase,0.8,0.7,,126,28,2.0,,,,,,,,,,,,,,,,,,,,,,,,,,
14215,DELTA AIR LINES INC,Alitalia Rescue Plan Talks Continue After Latest Deadline Expires,0,uncertain,0.7,0.3,,124,29,1.0,,,,,,,,,,,,,,,,,,,,,,,,,,
14223,DELTA AIR LINES INC,5 Honeymoon Disasters And How To Avoid Them,0,uncertain,0.6,0.2,,124,29,1.0,,,,,,,,,,,,,,,,,,,,,,,,,,
14231,SPDR DOW JONES IND AVG ETF TRUST,UAE Royal Family Acquires Stake In CPI200 Crypto Price Index,0,uncertain,0.6,0.3,,136,29,1.0,,,,,,,,,,,,,,,,,,,,,,,,,,
14239,SPDR DOW JONES IND AVG ETF TRUST,"Fed's Evans Says Unemployment Not So Low That High Inflation Is Urgent Threat, Says Fed Should Cautiously Probe For True Level Of Maximum Employment",0,uncertain,0.7,0.3,,154,29,1.0,,,,,,,,,,,,,,,,,,,,,,,,,,
14247,DOVER CORP,Dover shares are trading higher after the company reported better-than-expected Q3 EPS and sales results.,0,increase,0.8,0.7,,129,28,2.0,,,,,,,,,,,,,,,,,,,,,,,,,,
14255,DOVER CORP,"Dover Q3 Adj. EPS $1.6 Beats $1.51 Estimate, Sales $1.825B Beat $1.8B Estimate",0,increase,0.8,0.7,,140,28,2.0,,,,,,,,,,,,,,,,,,,,,,,,,,
14263,DUKE ENERGY CORP NEW,"Morgan Stanley Maintains Equal-Weight on Duke Energy, Raises Price Target to $96",0,increase,0.8,0.7,,131,28,2.0,,,,,,,,,,,,,,,,,,,,,,,,,,
14271,ENTERPRISE BANCORP INC,Enterprise Bancorp Q3 EPS $0.76 Up From $0.68 YoY,0,increase,0.8,0.6,,135,28,2.0,,,,,,,,,,,,,,,,,,,,,,,,,,
14279,LAUDER ESTEE COS INC,The Estee Lauder Companies shares are trading lower. Not seeing any news to justify the price action.,0,uncertain,0.7,0.5,,135,29,1.0,,,,,,,,,,,,,,,,,,,,,,,,,,
14287,EOG RESOURCES INC,"Raymond James Maintains Outperform on EOG Resources, Lowers Price Target to $90",0,uncertain,0.6,0.3,,130,29,1.0,,,,,,,,,,,,,,,,,,,,,,,,,,
14295,ERICSSON,Ericsson shares are trading higher after the company reported Q3 sales results up from last year.,0,increase,0.8,0.7,,127,28,2.0,,,,,,,,,,,,,,,,,,,,,,,,,,
14303,EAST WEST BANCORP INC,"East West Bancorp Q3 EPS $1.17 Misses $1.2 Estimate, Sales $369.807M Miss $371.27M Estimate",0,decrease,0.8,0.7,,147,29,0.0,,,,,,,,,,,,,,,,,,,,,,,,,,
14311,ISHARES TRUST,"Tusk Says European Union Summit Endorsed This Deal, Says We Are Waiting For Votes In EU And UK Parliaments",0,uncertain,0.6,0.3,,138,29,1.0,,,,,,,,,,,,,,,,,,,,,,,,,,
14319,ISHARES TRUST,Senior UK Official Says Boris Johnson's Positions Is Now That Its A New Deal Or No Deal But No Delay,0,uncertain,0.6,0.3,,134,29,1.0,,,,,,,,,,,,,,,,,,,,,,,,,,
14327,ISHARES TRUST,"IMF Managing Director Says If There Is A No-Deal Brexit, Could Cost Britain 3.5-5% Of GDP",0,decrease,0.8,0.7,,139,29,0.0,,,,,,,,,,,,,,,,,,,,,,,,,,
14335,ISHARES TRUST,UK Cabinet Office Minister Gove Says We Don't Contemplate Defeat on Brexit Deal in Parliament on Saturday,0,uncertain,0.6,0.3,,134,29,1.0,,,,,,,,,,,,,,,,,,,,,,,,,,
14343,ISHARES TRUST,EUs Barnier Says I Trust in Possibility That Deal Be Ratified in Time by Oct. 31,0,uncertain,0.6,0.3,,135,29,1.0,,,,,,,,,,,,,,,,,,,,,,,,,,
14351,ISHARES TRUST,UK Opposition Leader Corbyn Says We are Unhappy with Brexit Deal,0,uncertain,0.6,0.3,,125,29,1.0,,,,,,,,,,,,,,,,,,,,,,,,,,
14359,ISHARES TRUST,Political Declaration Allows for Ambitious Free Trade Deal With Zero Tariffs and Quotas Between EU and UK,0,increase,0.8,0.7,,133,28,2.0,,,,,,,,,,,,,,,,,,,,,,,,,,
14367,ISHARES TRUST,"EU's Juncker Says There is a Deal, We Have a Brexit Deal",0,increase,0.8,0.7,,128,28,2.0,,,,,,,,,,,,,,,,,,,,,,,,,,
14375,ISHARES TRUST,UK Sun Political Editor Tom Newton Dunn Tweets: The DUP have NOT agreed to the UK-EU Deal.,0,uncertain,0.7,0.5,,133,29,1.0,,,,,,,,,,,,,,,,,,,,,,,,,,
14383,ISHARES TRUST,"Senior EU Official Says if There is No Brexit Deal on Table Today, They Will Discuss Potential Extension",0,uncertain,0.6,0.3,,132,29,1.0,,,,,,,,,,,,,,,,,,,,,,,,,,
14391,ISHARES INC,"Mexican Deputy Foreign Minister Seade Says Key Step To USMCA Trade Deal Ratification Is Possible Between October And November, Needs Pelosi Support",0,uncertain,0.7,0.3,,139,29,1.0,,,,,,,,,,,,,,,,,,,,,,,,,,
14399,ISHARES INC,Mexico's Deputy Foreign Minister For North America Says We're Nearing Possible Solution On USMCA Trade Deal,0,increase,0.8,0.7,,132,28,2.0,,,,,,,,,,,,,,,,,,,,,,,,,,
14407,EXPONENT INC,"Exponent Q3 EPS $0.36 Beats $0.34 Estimate, Sales $101.5M Miss $102.49M Estimate",0,uncertain,0.6,0.4,,136,29,1.0,,,,,,,,,,,,,,,,,,,,,,,,,,
14415,FORD MOTOR CO DEL,"Sales, Cycle And Strike Expected To Impact Big 3 Auto Earnings",0,uncertain,0.6,0.3,,125,29,1.0,,,,,,,,,,,,,,,,,,,,,,,,,,
14423,FORD MOTOR CO DEL,Ford Launches North American Electric Vehicle Charging Network,0,increase,0.9,0.8,,120,28,2.0,,,,,,,,,,,,,,,,,,,,,,,,,,
14431,FORD MOTOR CO DEL,Ford Introduces North America's Largest Electric Vehicle Charging Network,0,increase,0.8,0.7,,123,28,2.0,,,,,,,,,,,,,,,,,,,,,,,,,,
14439,DIAMONDBACK ENERGY INC,"Raymond James Maintains Strong Buy on Diamondback Energy, Lowers Price Target to $120",0,uncertain,0.6,0.3,,134,29,1.0,,,,,,,,,,,,,,,,,,,,,,,,,,
14447,FIRST FINANCIAL BANCORP OHIO,First Financial Bancorp Q3 EPS $0.51 Misses $0.54 Estimate,0,decrease,0.8,0.6,,139,29,0.0,,,,,,,,,,,,,,,,,,,,,,,,,,
14455,FIRST FINANCIAL BANKSHARES INC,First Finl Bankshares Q3 EPS $0.32 Down From $0.52 YoY,0,decrease,0.8,0.4,,137,29,0.0,,,,,,,,,,,,,,,,,,,,,,,,,,
14463,FIRST HORIZON CORP,"Keefe, Bruyette & Woods Downgrades First Horizon National to Market Perform",0,decrease,0.8,0.7,,129,29,0.0,,,,,,,,,,,,,,,,,,,,,,,,,,
14471,FIVE BELOW INC,"Guggenheim Maintains Buy on Five Below, Raises Price Target to $140",0,increase,0.8,0.7,,125,28,2.0,,,,,,,,,,,,,,,,,,,,,,,,,,
14479,F N B CORP PA,F N B Q3 EPS $0.31 Beats $0.29 Estimate,0,increase,0.8,0.5,,129,28,2.0,,,,,,,,,,,,,,,,,,,,,,,,,,
14487,FORWARD INDUSTRIES INC NY,"Dominion Aesthetic Technologies, Inc. Announces Alliance With Forward Industries' Intelligent Product Solutions To Design Body Contouring Aesthetic Device",0,increase,0.8,0.7,,140,28,2.0,,,,,,,,,,,,,,,,,,,,,,,,,,
14495,INVESCO CURRENCYSHARES AUS DLR T,"White House Adviser Kudlow Says Phase 1 Of US-China Trade Includes Lowering Of Nontariff Barriers On Agriculture, Not Just Purchases",0,increase,0.8,0.7,,155,28,2.0,,,,,,,,,,,,,,,,,,,,,,,,,,
14503,GLACIER BANCORP INC NEW,Glacier Bancorp Q3 EPS $0.57 Misses $0.59 Estimate,0,decrease,0.8,0.6,,137,29,0.0,,,,,,,,,,,,,,,,,,,,,,,,,,
14511,GILDAN ACTIVEWEAR INC,Gildan Activewear Sees Prelim. Q3 Adj. EPS ~$0.53 vs $0.57 Est.; Cuts FY19 Adj. EPS Guidance From $1.95-$2.00 To $1.65-$1.70 vs $1.97 Est.,0,decrease,0.8,0.7,,174,29,0.0,,,,,,,,,,,,,,,,,,,,,,,,,,
14519,GILEAD SCIENCES INC,"Bank of America Reinstates Neutral on Gilead Sciences, Announces $70 Price Target",0,uncertain,0.7,0.3,,132,29,1.0,,,,,,,,,,,,,,,,,,,,,,,,,,
14527,GENERAL MILLS INC,"RBC Capital Initiates Coverage On General Mills with Sector Perform Rating, Announces $57 Price Target",0,uncertain,0.6,0.3,,129,29,1.0,,,,,,,,,,,,,,,,,,,,,,,,,,
14535,BARRICK GOLD CORP,Barrick Gold Corporation Says Prelim. Q3 Results Show 2019 Targets ' Well Within Range',0,increase,0.8,0.7,,134,28,2.0,,,,,,,,,,,,,,,,,,,,,,,,,,
14543,ALPHABET INC,"Google Snubs WeWork, Signs Toronto Lease With Co-Working Rival",0,uncertain,0.6,0.3,,126,29,1.0,,,,,,,,,,,,,,,,,,,,,,,,,,
14551,ALPHABET INC,"Google Says Adding Ability For People To Report Crashes, Speed Traps & Traffic Slowdowns On Google Maps From Their iPhone; Feature Is Expanding To iOS",0,increase,0.8,0.6,,143,28,2.0,,,,,,,,,,,,,,,,,,,,,,,,,,
14559,GENUINE PARTS CO,Genuine Parts shares are trading higher after the company reported better-than-expected Q3 EPS results.,0,increase,0.8,0.7,,132,28,2.0,,,,,,,,,,,,,,,,,,,,,,,,,,
14567,GENUINE PARTS CO,Genuine Parts Sees FY19 Adj. EPS $5.60-$5.68 vs $5.69 Est.,0,decrease,0.8,0.6,,137,29,0.0,,,,,,,,,,,,,,,,,,,,,,,,,,
14575,GENUINE PARTS CO,"Genuine Parts Q3 EPS $1.5 Beats $1.47 Estimate, Sales $5.02B Miss $5.03B Estimate",0,uncertain,0.6,0.3,,143,29,1.0,,,,,,,,,,,,,,,,,,,,,,,,,,
14583,GREAT SOUTHERN BANCORP INC,Great Southern Bancorp Late Wednesday Reported Prelim Q3 EPS $1.38,0,uncertain,0.6,0.3,,137,29,1.0,,,,,,,,,,,,,,,,,,,,,,,,,,
14591,CHART INDUSTRIES INC,Chart Industries shares are trading lower after the company reported worse-than-expected Q3 sales results.,0,decrease,0.8,0.7,,131,29,0.0,,,,,,,,,,,,,,,,,,,,,,,,,,
14599,CHART INDUSTRIES INC,"Chart Industries Q3 EPS $0.77, Inline, Sales $357.8M Miss $381.04M Estimate",0,decrease,0.8,0.7,,138,29,0.0,,,,,,,,,,,,,,,,,,,,,,,,,,
14607,HASBRO INC,Entertainment One Shareholders Vote To Approve Acquisition By Hasbro,0,increase,0.8,0.7,,122,28,2.0,,,,,,,,,,,,,,,,,,,,,,,,,,
14615,HUNTINGTON BANCSHARES INC,"Huntington Appoints Zachary J. Wasserman As SVP And CFO Effective November 04, 2019",0,uncertain,0.6,0.3,,147,29,1.0,,,,,,,,,,,,,,,,,,,,,,,,,,
14623,HOLLY ENERGY PARTNERS L P,"Holly Energy Partners Says Expects To Hold 2019, 2020 Qtr. Distribution At $0.6725/Unit",0,uncertain,0.6,0.3,,145,29,1.0,,,,,,,,,,,,,,,,,,,,,,,,,,
14631,HOLLY ENERGY PARTNERS L P,"UBS Maintains Neutral on Holly Energy Partners, Lowers Price Target to $22",0,decrease,0.8,0.7,,134,29,0.0,,,,,,,,,,,,,,,,,,,,,,,,,,
14639,HARTFORD FINANCIAL SVCS GRP INC,Evercore ISI Group Upgrades Hartford Financial Servs to Outperform,0,increase,0.8,0.7,,138,28,2.0,,,,,,,,,,,,,,,,,,,,,,,,,,
14647,HILTON WORLDWIDE HOLDINGS INC,"BMO Capital Initiates Coverage On Hilton Worldwide Holdings with Outperform Rating, Announces $104 Price Target",0,increase,0.8,0.7,,140,28,2.0,,,,,,,,,,,,,,,,,,,,,,,,,,
14655,HERSHEY CO,"RBC Capital Initiates Coverage On Hershey with Sector Perform Rating, Announces $158 Price Target",0,uncertain,0.6,0.3,,127,29,1.0,,,,,,,,,,,,,,,,,,,,,,,,,,
14663,H WORLD GROUP LTD,"Huazhu Group Limited shares are trading higher. The company early Wednesday said it expects Q3 net revenue to rise 10%-55% YoY, inline with guidance. Not seeing any company-specific news from this session.",0,increase,0.8,0.7,,153,28,2.0,,,,,,,,,,,,,,,,,,,,,,,,,,
14671,HUMANA INC,Humana shares are trading higher. Not seeing any news to justify the price action.,0,uncertain,0.6,0.3,,125,29,1.0,,,,,,,,,,,,,,,,,,,,,,,,,,
14679,HORIZON THERAPEUTICS PLC,Horizon Therapeutics Initiates PROTECT Trial Evaluating KRYSTEXXA To Improve Management Of Uncontrolled Gout For Adults With Kidney Transplant,0,increase,0.8,0.7,,150,28,2.0,,,,,,,,,,,,,,,,,,,,,,,,,,
14687,INTERNATIONAL BUSINESS MACHS COR,"IBM 8-K Shows Speech Execs Gave During Q3 Earnings Conference Call, Text Included Q4 Guidance: Total Sales Increase Between $3.5B-$3.7B",0,increase,0.8,0.7,,151,28,2.0,,,,,,,,,,,,,,,,,,,,,,,,,,
14695,INTERNATIONAL BUSINESS MACHS COR,Wall Street Reacts To IBM's Weak Quarter,0,decrease,0.8,0.7,,122,29,0.0,,,,,,,,,,,,,,,,,,,,,,,,,,
14703,INTERNATIONAL BUSINESS MACHS COR,"UPDATE: Wedbush Maintains Neutral On IBM, Lowers Target To $155 As Firm Notes 'The bottom line, IBM's massive $34B acquisition of Red Had is yet to provide a positive catalyst/trigger for IBM's overall top line growth'",0,decrease,0.8,0.7,,164,29,0.0,,,,,,,,,,,,,,,,,,,,,,,,,,
14711,INTERNATIONAL BUSINESS MACHS COR,"UPDATE: Nomura Maintains Buy On IBM, Lowers Target To $170 As Firm Notes Co's 'GTS outsourcing unit fared materially worse in 3Q, which drags our 4Q and 2020 estimates lower. These negatives are partially balanced by a RHT acceleration'",0,decrease,0.8,0.7,,172,29,0.0,,,,,,,,,,,,,,,,,,,,,,,,,,
14719,INTERNATIONAL BUSINESS MACHS COR,"Wells Fargo Maintains Market Perform on IBM, Lowers Price Target to $140",0,decrease,0.8,0.7,,130,29,0.0,,,,,,,,,,,,,,,,,,,,,,,,,,
14727,INTERNATIONAL BUSINESS MACHS COR,IBM Stock Slides After Revenue Miss,0,decrease,0.8,0.7,,120,29,0.0,,,,,,,,,,,,,,,,,,,,,,,,,,
14735,INTERNATIONAL BUSINESS MACHS COR,"BMO Capital Maintains Market Perform on IBM, Lowers Price Target to $152",0,decrease,0.8,0.7,,130,29,0.0,,,,,,,,,,,,,,,,,,,,,,,,,,
14743,INTERNATIONAL BUSINESS MACHS COR,"Wedbush Maintains Neutral on IBM, Lowers Price Target to $155",0,decrease,0.8,0.7,,129,29,0.0,,,,,,,,,,,,,,,,,,,,,,,,,,
14751,INTERNATIONAL BUSINESS MACHS COR,"Nomura Maintains Buy on IBM, Lowers Price Target to $170",0,uncertain,0.6,0.3,,128,29,1.0,,,,,,,,,,,,,,,,,,,,,,,,,,
14759,INTERNATIONAL BUSINESS MACHS COR,IBM shares are trading lower after the company reported worse-than-expected Q3 sales results. The company reaffirmed FY19 EPS guidance below analyst estimates.,0,decrease,0.8,0.7,,142,29,0.0,,,,,,,,,,,,,,,,,,,,,,,,,,
14767,INTERNATIONAL GAME TECH PLC,International Game Technology shares are trading lower as a potential sell-off after the stock increased roughly 11% since Tuesday.,0,uncertain,0.6,0.5,,131,29,1.0,,,,,,,,,,,,,,,,,,,,,,,,,,
14775,INSTEEL INDUSTRIES INC,"Insteel Industries Q4 EPS $(0.09) May Not Compare To $0.18 Estimate, Sales $113.4M Miss $126.88M Estimate",0,decrease,0.8,0.7,,149,29,0.0,,,,,,,,,,,,,,,,,,,,,,,,,,
14783,INDEPENDENT BANK CORP MA,Independent Bank Q3 EPS $1.5 Beats $1.4 Estimate,0,increase,0.8,0.6,,130,28,2.0,,,,,,,,,,,,,,,,,,,,,,,,,,
14791,INTERNATIONAL PAPER CO,"Citigroup Maintains Neutral on International Paper, Lowers Price Target to $43",0,decrease,0.8,0.7,,125,29,0.0,,,,,,,,,,,,,,,,,,,,,,,,,,
14799,HUNT J B TRANSPORT SERVICES INC,Key Freight Market Indicators Drag Down Carrier Pricing Power This Week,0,decrease,0.8,0.7,,129,29,0.0,,,,,,,,,,,,,,,,,,,,,,,,,,
14807,JOHNSON & JOHNSON,J&J's Janssen Presents Four-Year TREMFYA Data Showing Maintained Rates Of Skin Clearance In Adult Patients With Moderate To Severe Plaque Psoriasis,0,increase,0.8,0.7,,152,28,2.0,,,,,,,,,,,,,,,,,,,,,,,,,,
14815,JOHNSON & JOHNSON,"Ohio AG Yost Says Multi-State Settlement Requires Johnson & Johnson, Ethicon Inc To Pay About $117M For 'Deceptive Marketing Of Transvaginal Surgical Mesh Devices'",0,decrease,0.8,0.9,,154,29,0.0,,,,,,,,,,,,,,,,,,,,,,,,,,
14823,JOHNSON & JOHNSON,Ohio AG Dave Yost Announces $117M Multi-State Settlement With Johnson & Johnson,0,uncertain,0.6,0.3,,136,29,1.0,,,,,,,,,,,,,,,,,,,,,,,,,,
14831,KELLOGG CO,"RBC Capital Initiates Coverage On Kellogg with Sector Perform Rating, Announces $65 Price Target",0,uncertain,0.6,0.3,,131,29,1.0,,,,,,,,,,,,,,,,,,,,,,,,,,
14839,K B HOME,"Wedbush Maintains Neutral On KB Home, Raises Price Target To $37",0,increase,0.8,0.6,,123,28,2.0,,,,,,,,,,,,,,,,,,,,,,,,,,
14847,KEYCORP NEW,KeyCorp Q3 EPS $0.38 May Not Compare To $0.46 Estimate,0,decrease,0.8,0.2,,127,29,0.0,,,,,,,,,,,,,,,,,,,,,,,,,,
14855,KINDER MORGAN INC,"UPDATE: Suntrust Maintains Buy On Kinder Morgan, Lowers Target To $22 As Firm 'anticipates after the 2020 dividend hike, priorities for capital quickly shift to opportunistic buybacks and a generally smaller annual opportunity set for capex projects'",0,uncertain,0.7,0.5,,165,29,1.0,,,,,,,,,,,,,,,,,,,,,,,,,,
14863,KINDER MORGAN INC,"SunTrust Robinson Humphrey Maintains Buy on Kinder Morgan, Lowers Price Target to $22",0,uncertain,0.6,0.3,,132,29,1.0,,,,,,,,,,,,,,,,,,,,,,,,,,
14871,LIBERTY GLOBAL PLC,"HSBC Downgrades Liberty Global to Hold, Announces $28 Price Target",0,decrease,0.8,0.7,,126,29,0.0,2019-10-17,90227.0,1.2558857910335064,-4.434847307516165,-1.295132868342952,1.827724277973175,5.840742631205154,6.921191197505694,-2.6924,-3.1336,0.9803,0.37,0.8,-0.28,0.007,-3.062111,1.6677,-1.4984,-6.3588,1.1618,0.1567,-0.4464,0.8278,0.8976,-0.2164,1.344
14879,LILLY ELI & CO,"UBS Maintains Buy on Eli Lilly, Lowers Price Target to $133",0,uncertain,0.6,0.4,,131,29,1.0,2019-10-17,50876.0,0.1659600879065692,-0.5716418252530775,5.061771978388752,-1.5952598303556442,0.0463349087511666,-0.3783718418854276,0.4724,0.4896,0.6023,0.37,0.8,-0.28,0.007,0.242549,0.589,-0.9281,2.3607,-2.3333,-0.1255,2.0141,2.2016,-0.8238,0.2672,1.0545
14887,LILLY ELI & CO,"Bank of America Reinstates Buy on Eli Lilly, Announces $133 Price Target",0,increase,0.8,0.7,,132,28,2.0,2019-10-17,50876.0,0.1659600879065692,-0.5716418252530775,5.061771978388752,-1.5952598303556442,0.0463349087511666,-0.3783718418854276,0.4724,0.4896,0.6023,0.37,0.8,-0.28,0.007,0.242549,0.589,-0.9281,2.3607,-2.3333,-0.1255,2.0141,2.2016,-0.8238,0.2672,1.0545
14895,SOUTHWEST AIRLINES CO,Boeing 737 MAX Victims' Lawyers To Subpoena Southwest And American Airlines,0,uncertain,0.7,0.5,,133,29,1.0,2019-10-17,58683.0,-0.7055348251014948,4.511697551818972,4.214631364476196,-0.9047298692166804,-0.6662976813611721,-0.4636499043051079,0.354,-0.0726,0.9102,0.37,0.8,-0.28,0.007,0.0102259999999999,-0.412,-1.2362,-0.5307,0.3287,5.754,0.2678,1.0348,-0.7748,-0.308,-1.1056
14903,SOUTHWEST AIRLINES CO,Southwest Airlines Removes Boeing 737 MAX From Schedule Until February,0,uncertain,0.7,0.5,,129,29,1.0,2019-10-17,58683.0,-0.7055348251014948,4.511697551818972,4.214631364476196,-0.9047298692166804,-0.6662976813611721,-0.4636499043051079,0.354,-0.0726,0.9102,0.37,0.8,-0.28,0.007,0.0102259999999999,-0.412,-1.2362,-0.5307,0.3287,5.754,0.2678,1.0348,-0.7748,-0.308,-1.1056
14911,MACYS INC,Macy's Option Alert: Jan 17 $15 Puts at the Ask: 2000 @ $1.48 vs 14634 OI; Earnings 11/13 Before Open [est] Ref=$15.72,0,uncertain,0.6,0.4,,155,29,1.0,2019-10-17,77462.0,-4.182508587837219,-2.471478922479986,-3.9290233575074662,0.573614751920104,3.1372518254661808,0.3816758817488663,0.0,-0.581,1.2086,0.37,0.8,-0.28,0.007,-0.454182,-4.5532,0.6002,1.8749,-1.8247,-0.6712,0.2974,-1.4733,-1.932,0.5594,1.4927
14919,MARRIOTT INTERNATIONAL INC NEW,"BMO Capital Initiates Coverage On Marriott International with Market Perform Rating, Announces $128 Price Target",0,uncertain,0.6,0.3,,135,29,1.0,2019-10-17,85913.0,0.3981117624789476,3.0936412593149942,4.959777107530061,-0.0165174409630708,0.8243112669114261,-0.0742730118596157,-0.4294,-0.9911,1.0547,0.37,0.8,-0.28,0.007,-0.826639,0.9483,0.8042,-0.5158,0.9031,0.4875,0.9122,-0.3506,-0.0122,-0.2286,0.5453
14927,MONDELEZ INTERNATIONAL INC,"RBC Capital Initiates Coverage On Mondelez International with Outperform Rating, Announces $66 Price Target",0,increase,0.8,0.7,,135,28,2.0,2019-10-17,89006.0,-0.2745772013440728,-2.9104890196072097,-3.990481999137896,0.4256098065525293,0.0922154976063849,-1.0032820309495372,0.6634,0.8792,0.5677,0.37,0.8,-0.28,0.007,0.446351,-0.1815,-1.9901,-1.2749,-0.295,0.4116,-0.6514,-0.9235,1.0552,-1.9286,0.8755
14935,M I HOMES INC,"Wedbush Maintains Neutral on M/I Homes, Raises Price Target to $41",0,increase,0.8,0.7,,130,28,2.0,2019-10-17,79909.0,-0.3016564529389143,13.976876716576792,11.060838724753118,1.2925393879413605,3.559869609637234,5.72687746678795,3.5937,2.6698,0.5505,0.37,0.8,-0.28,0.007,3.383015,0.2917,-1.2399,1.8246,7.7086,4.9804,-1.7144,-2.572,-0.8477,0.3713,1.3951
14943,MONSTER BEVERAGE CORP NEW,Monster Issues Statement Regarding Denial Of VPX's Preliminary Injunction Motion; Says Court Ruling Supports Monster's 'Previously Stated Belief That They Will Ultimately Prevail Against VPX's Frivolous Claims In This Lawsuit',0,uncertain,0.6,0.3,,162,29,1.0,2019-10-17,88031.0,-0.8928590454161167,0.0884003432463531,-0.7602551255139423,0.4085975233465433,-0.053048206769557,0.3907659934945018,0.0708,-0.2987,0.831,0.37,0.8,-0.28,0.007,-0.2436699999999999,-0.5828,-0.2505,-0.5037,0.2241,0.6782,-0.9379,-1.2094,0.314,-0.0101,0.373
14951,MONSTER BEVERAGE CORP NEW,Cowen: Bang's Popularity Continues To Weigh On Monster Energy's Market Share,0,decrease,0.8,0.7,,133,29,0.0,2019-10-17,88031.0,-0.8928590454161167,0.0884003432463531,-0.7602551255139423,0.4085975233465433,-0.053048206769557,0.3907659934945018,0.0708,-0.2987,0.831,0.37,0.8,-0.28,0.007,-0.2436699999999999,-0.5828,-0.2505,-0.5037,0.2241,0.6782,-0.9379,-1.2094,0.314,-0.0101,0.373
14959,MONSTER BEVERAGE CORP NEW,"UPDATE: Cowen On Monster Notes 'While we had been hopeful that the launch of Reign would be a sufficient response to category disrupter, Bang, that has not been the case. Given MNST's outsized exposure to the U.S., we expect this will prove problematic'",0,decrease,0.8,0.7,,170,29,0.0,2019-10-17,88031.0,-0.8928590454161167,0.0884003432463531,-0.7602551255139423,0.4085975233465433,-0.053048206769557,0.3907659934945018,0.0708,-0.2987,0.831,0.37,0.8,-0.28,0.007,-0.2436699999999999,-0.5828,-0.2505,-0.5037,0.2241,0.6782,-0.9379,-1.2094,0.314,-0.0101,0.373
14967,MONSTER BEVERAGE CORP NEW,"UPDATE: Cowen Downgrades Monster To Market Perform, Lowers Target To $65 As Firm Notes 'Meaningful category under-performance leaves us cautious on longer-term U.S. prospects'",0,decrease,0.8,0.7,,152,29,0.0,2019-10-17,88031.0,-0.8928590454161167,0.0884003432463531,-0.7602551255139423,0.4085975233465433,-0.053048206769557,0.3907659934945018,0.0708,-0.2987,0.831,0.37,0.8,-0.28,0.007,-0.2436699999999999,-0.5828,-0.2505,-0.5037,0.2241,0.6782,-0.9379,-1.2094,0.314,-0.0101,0.373
14975,MONSTER BEVERAGE CORP NEW,"Cowen & Co. Downgrades Monster Beverage to Market Perform, Lowers Price Target to $65",0,decrease,0.8,0.7,,135,29,0.0,2019-10-17,88031.0,-0.8928590454161167,0.0884003432463531,-0.7602551255139423,0.4085975233465433,-0.053048206769557,0.3907659934945018,0.0708,-0.2987,0.831,0.37,0.8,-0.28,0.007,-0.2436699999999999,-0.5828,-0.2505,-0.5037,0.2241,0.6782,-0.9379,-1.2094,0.314,-0.0101,0.373
14983,ALTRIA GROUP INC,"CDC Says 33 Deaths Due To Lung Injury Associated With E-cigarette Use Or Vaping Have Been Confirmed In 24 States, As Of October 15, 2019; Says 1,479 Cases Of Lung Injury Associated With E-cigarette Use Or Vaping Reported",0,uncertain,0.6,0.4,,167,29,1.0,2019-10-17,13901.0,0.1129246898926794,6.052394665252714,1.1517662580230017,0.1841999008320272,1.8492440312608105,2.208124514996501,1.7697,1.9458,0.5754,0.37,0.8,-0.28,0.007,1.549802,0.1373,2.3783,1.877,0.6607,0.3301,-0.5594,-1.9936,0.9523,-1.0414,-2.3583
14991,ALTRIA GROUP INC,"Juul Labs Suspends Sale Of Non-Tobacco, Non-Menthol-Based Flavors In The US",0,uncertain,0.6,0.3,,133,29,1.0,2019-10-17,13901.0,0.1129246898926794,6.052394665252714,1.1517662580230017,0.1841999008320272,1.8492440312608105,2.208124514996501,1.7697,1.9458,0.5754,0.37,0.8,-0.28,0.007,1.549802,0.1373,2.3783,1.877,0.6607,0.3301,-0.5594,-1.9936,0.9523,-1.0414,-2.3583
14999,ALTRIA GROUP INC,'Metro Public Health Department Confirming First Reported Vaping Death In Nashville' -News 4,0,uncertain,0.6,0.4,,130,29,1.0,2019-10-17,13901.0,0.1129246898926794,6.052394665252714,1.1517662580230017,0.1841999008320272,1.8492440312608105,2.208124514996501,1.7697,1.9458,0.5754,0.37,0.8,-0.28,0.007,1.549802,0.1373,2.3783,1.877,0.6607,0.3301,-0.5594,-1.9936,0.9523,-1.0414,-2.3583
15007,MARATHON PETROLEUM CORP,"Marathon Petroleum Says Chairman And CEO Gary Heminger Has Full Support Of Board, Says Strategic Review Is Ongoing And No Conclusions Have Been Reached",0,uncertain,0.7,0.3,,146,29,1.0,2019-10-17,12872.0,1.6224663704633713,3.510140536792661,-0.2340056431639592,-2.123347856104374,-0.7127030717586802,-1.1510556875706237,2.2492,1.7218,1.4119,0.37,0.8,-0.28,0.007,1.719797,1.8313,-2.0067,0.6367,0.5104,1.05,1.6776,-1.3712,0.4267,-2.1933,-2.4839
15015,MARATHON PETROLEUM CORP,Marathon Petroleum Option Alert: Apr 17 $67.5 Calls at the Ask: 2250 @ $5.151 vs 560 OI; Earnings 10/31 Before Open Ref=$64.14,0,increase,0.8,0.7,,162,28,2.0,2019-10-17,12872.0,1.6224663704633713,3.510140536792661,-0.2340056431639592,-2.123347856104374,-0.7127030717586802,-1.1510556875706237,2.2492,1.7218,1.4119,0.37,0.8,-0.28,0.007,1.719797,1.8313,-2.0067,0.6367,0.5104,1.05,1.6776,-1.3712,0.4267,-2.1933,-2.4839
15023,MARATHON PETROLEUM CORP,Marathon Petroleum shares are trading higher after Citigroup maintained a Buy rating on the company's stock and raised the price target from $60 to $71.,0,increase,0.8,0.7,,147,28,2.0,2019-10-17,12872.0,1.6224663704633713,3.510140536792661,-0.2340056431639592,-2.123347856104374,-0.7127030717586802,-1.1510556875706237,2.2492,1.7218,1.4119,0.37,0.8,-0.28,0.007,1.719797,1.8313,-2.0067,0.6367,0.5104,1.05,1.6776,-1.3712,0.4267,-2.1933,-2.4839
15031,MARATHON PETROLEUM CORP,"Marathon Petroleum Shares Spike Over $63.50 Level On Uptick In Volume As Co. Presentation Happening Thurs., Hearing Co. Board, Investors Will Discuss Future Of CEO",0,uncertain,0.6,0.4,,153,29,1.0,2019-10-17,12872.0,1.6224663704633713,3.510140536792661,-0.2340056431639592,-2.123347856104374,-0.7127030717586802,-1.1510556875706237,2.2492,1.7218,1.4119,0.37,0.8,-0.28,0.007,1.719797,1.8313,-2.0067,0.6367,0.5104,1.05,1.6776,-1.3712,0.4267,-2.1933,-2.4839
15039,MARATHON PETROLEUM CORP,"Citigroup Maintains Buy on Marathon Petroleum, Raises Price Target to $71",0,increase,0.9,0.8,,132,28,2.0,2019-10-17,12872.0,1.6224663704633713,3.510140536792661,-0.2340056431639592,-2.123347856104374,-0.7127030717586802,-1.1510556875706237,2.2492,1.7218,1.4119,0.37,0.8,-0.28,0.007,1.719797,1.8313,-2.0067,0.6367,0.5104,1.05,1.6776,-1.3712,0.4267,-2.1933,-2.4839
15047,M R C GLOBAL INC,"Raymond James Maintains Outperform on MRC Global, Lowers Price Target to $15",0,uncertain,0.6,0.3,,130,29,1.0,2019-10-17,13343.0,-1.4260235242545605,2.4955412739307903,1.247766317076926,-0.4397554323077202,1.5246644217915106,-0.1763709051628259,-0.8834,-2.3894,1.5648,0.37,0.8,-0.28,0.007,-1.469376,-1.1492,-0.0779,1.164,-0.4171,1.0987,-0.8178,1.393,0.2096,-2.6379,0.5054
15055,MERCK & CO INC NEW,"Bank of America Reinstates Neutral on Merck & Co, Announces $90 Price Target",0,uncertain,0.6,0.3,,132,29,1.0,2019-10-17,22752.0,1.050116028636694,-1.4558488734044084,3.41288818291956,-0.6937958300113678,-0.2833929723883632,0.1304251824763014,-0.7697,-0.7559,0.6108,0.37,0.8,-0.28,0.007,-1.002696,1.4636,-0.445,-3.2257,1.8236,-0.937,-0.5538,-0.4156,3.9147,0.5896,0.47
15063,MARTEN TRANSPORT LTD,"Marten Transport Posts Best-Ever Operating Revenue, Income In Third Quarter",0,increase,0.9,0.8,,125,28,2.0,2019-10-17,75517.0,0.3252773778513074,3.113383065229347,0.650554630552258,1.924925856292248,2.4177948854923415,-0.1414369310303698,1.6053,0.4598,1.019,0.37,0.8,-0.28,0.007,1.22127,0.4345,-1.0552,1.4136,0.6262,0.2572,0.2908,-1.149,0.8352,-0.258,-2.0266
15071,MARTEN TRANSPORT LTD,Marten Transport shares are trading higher after the company reported Q3 EPS and sales results up from last year.,0,increase,0.8,0.7,,132,28,2.0,2019-10-17,75517.0,0.3252773778513074,3.113383065229347,0.650554630552258,1.924925856292248,2.4177948854923415,-0.1414369310303698,1.6053,0.4598,1.019,0.37,0.8,-0.28,0.007,1.22127,0.4345,-1.0552,1.4136,0.6262,0.2572,0.2908,-1.149,0.8352,-0.258,-2.0266
15079,MARTEN TRANSPORT LTD,"Marten Transport Q3 EPS $0.3 Up From $0.28 YoY, Sales $214.793M Up From $199.649M YoY",0,increase,0.8,0.6,,145,28,2.0,2019-10-17,75517.0,0.3252773778513074,3.113383065229347,0.650554630552258,1.924925856292248,2.4177948854923415,-0.1414369310303698,1.6053,0.4598,1.019,0.37,0.8,-0.28,0.007,1.22127,0.4345,-1.0552,1.4136,0.6262,0.2572,0.2908,-1.149,0.8352,-0.258,-2.0266
15087,MORGAN STANLEY DEAN WITTER & CO,Morgan Stanley Trades Higher On Q3 Beat Despite 'Summer Slowdown',0,increase,0.8,0.7,,139,28,2.0,2019-10-17,69032.0,0.5064485128968954,5.340699263159543,6.810340338734333,0.6113382056355476,1.278108652714116,2.051038880380296,1.519,1.3527,1.3678,0.37,0.8,-0.28,0.007,1.0059140000000002,0.2889,1.7234,0.5259,0.547,0.1687,0.5764,0.4014,-0.3228,0.2404,0.4601
15095,MORGAN STANLEY DEAN WITTER & CO,Morgan Stanley shares are trading higher after the company reported better-than-expected Q3 EPS and sales results.,0,increase,0.8,0.7,,146,28,2.0,2019-10-17,69032.0,0.5064485128968954,5.340699263159543,6.810340338734333,0.6113382056355476,1.278108652714116,2.051038880380296,1.519,1.3527,1.3678,0.37,0.8,-0.28,0.007,1.0059140000000002,0.2889,1.7234,0.5259,0.547,0.1687,0.5764,0.4014,-0.3228,0.2404,0.4601
15103,MORGAN STANLEY DEAN WITTER & CO,"Morgan Stanley Q3 EPS $1.27 Beats $1.11 Estimate, Sales $10.03B Beat $9.6B Estimate",0,increase,0.9,0.8,,155,28,2.0,2019-10-17,69032.0,0.5064485128968954,5.340699263159543,6.810340338734333,0.6113382056355476,1.278108652714116,2.051038880380296,1.519,1.3527,1.3678,0.37,0.8,-0.28,0.007,1.0059140000000002,0.2889,1.7234,0.5259,0.547,0.1687,0.5764,0.4014,-0.3228,0.2404,0.4601
15111,M & T BANK CORP,M&T Bank corp shares are trading lower after the company reported worse-than-expected Q3 EPS results.,0,decrease,0.8,0.7,,133,29,0.0,2019-10-17,35554.0,0.0788870675023645,2.741435956637339,2.9057906750591167,0.0692515692207962,1.5073035632758636,1.5656933545484586,-4.2912,-4.4331,1.0026,0.37,0.8,-0.28,0.007,-4.669161999999999,-0.4931,0.0056,0.7041,0.3489,-0.0582,-0.4732,0.9612,-1.0072,0.534,0.7355
15119,M & T BANK CORP,M&T Bank Q3 EPS $3.5 Misses $3.57 Estimate,0,decrease,0.8,0.6,,130,29,0.0,2019-10-17,35554.0,0.0788870675023645,2.741435956637339,2.9057906750591167,0.0692515692207962,1.5073035632758636,1.5656933545484586,-4.2912,-4.4331,1.0026,0.37,0.8,-0.28,0.007,-4.669161999999999,-0.4931,0.0056,0.7041,0.3489,-0.0582,-0.4732,0.9612,-1.0072,0.534,0.7355
15127,NAVIENT CORP,Navient shares are trading lower. Not seeing any news to justify the price action.,0,uncertain,0.7,0.5,,125,29,1.0,2019-10-17,14601.0,-1.0504201985895634,10.168068004098751,15.714293245469314,-1.706910319626331,0.6393926613623702,-0.589471152874943,0.8047,-0.1245,1.3099,0.37,0.8,-0.28,0.007,0.3130369999999999,-0.9633,0.1335,0.9474,5.9828,2.1443,3.2477,1.1374,0.5071,-0.0988,0.1308
15135,NEXTERA ENERGY INC,"Morgan Stanley Maintains Overweight on NextEra Energy, Raises Price Target to $242",0,increase,0.8,0.7,,132,28,2.0,2019-10-17,24205.0,0.6014970131218433,2.7954506303462967,3.1373058140248267,1.0415797121822834,0.4412450289674963,0.1611964991794945,0.5132,0.9432,0.1986,0.37,0.8,-0.28,0.007,0.432718,0.6037,0.1685,1.8636,-0.1748,0.2594,-0.1778,-1.5534,0.0564,0.6878,1.0303
15143,NEPTUNE WELLNESS SOLUTIONS INC,A 'Customer And Geographic Diversification Strategy': Neptune Enters US Extraction Agreement,0,increase,0.8,0.7,,133,28,2.0,2019-10-17,92222.0,-0.2824856201186776,-1.129942513588078,-5.084747577704851,0.5763683002442122,4.804807304557324,3.8690509331130496,1.4327,-0.2734,1.2173,0.37,0.8,-0.28,0.007,0.975299,1.3583,-3.7134,-1.4101,9.4984,-5.4713,-1.2565,-0.4284,-3.0722,1.7608,-3.168
15151,NATIONAL FUEL GAS CO N J,"Citigroup Maintains Neutral on National Fuel Gas, Lowers Price Target to $49",0,decrease,0.8,0.7,,132,29,0.0,2019-10-17,25590.0,-0.5576622672379017,1.5391447705354944,1.0707104740301343,0.1561099314130842,0.3127080349839106,-0.0222580563047247,-0.1781,-0.2178,0.5674,0.37,0.8,-0.28,0.007,-0.395038,-0.6821,-0.1624,1.0745,0.6614,-0.2347,-0.0518,-0.5397,0.9276,-1.1404,0.3535
15159,NETFLIX INC,International Subscriber Growth Keeps Analysts Mostly Still Tuned In To Netflix,0,increase,0.8,0.6,,122,28,2.0,2019-10-17,89393.0,-6.153065711259842,-7.448442502096064,-2.024885932595555,0.7141596637666225,0.2626694445733823,1.1840406696767225,2.4696,1.456,1.4548,0.37,0.8,-0.28,0.007,1.9243239999999997,-4.6869,0.1767,-3.0179,1.595,-0.9094,1.1763,0.6604,0.2423,2.4884,-1.1045
15167,NETFLIX INC,"DoorDash's New Delivery Kitchen Capitalizes On The ""Netflix Economy""",0,uncertain,0.6,0.3,,122,29,1.0,2019-10-17,89393.0,-6.153065711259842,-7.448442502096064,-2.024885932595555,0.7141596637666225,0.2626694445733823,1.1840406696767225,2.4696,1.456,1.4548,0.37,0.8,-0.28,0.007,1.9243239999999997,-4.6869,0.1767,-3.0179,1.595,-0.9094,1.1763,0.6604,0.2423,2.4884,-1.1045
15175,NETFLIX INC,"Canaccord Maintains Buy, $415 Target On Netflix As Firm Continues To Think Co's '$15 billion cash content budget and the breadth of its existing content library should allow it to maintain its market leadership'",0,increase,0.8,0.7,,151,28,2.0,2019-10-17,89393.0,-6.153065711259842,-7.448442502096064,-2.024885932595555,0.7141596637666225,0.2626694445733823,1.1840406696767225,2.4696,1.456,1.4548,0.37,0.8,-0.28,0.007,1.9243239999999997,-4.6869,0.1767,-3.0179,1.595,-0.9094,1.1763,0.6604,0.2423,2.4884,-1.1045
15183,NETFLIX INC,Macquarie Downgrades Netflix As Competition Looms,0,decrease,0.8,0.7,,120,29,0.0,2019-10-17,89393.0,-6.153065711259842,-7.448442502096064,-2.024885932595555,0.7141596637666225,0.2626694445733823,1.1840406696767225,2.4696,1.456,1.4548,0.37,0.8,-0.28,0.007,1.9243239999999997,-4.6869,0.1767,-3.0179,1.595,-0.9094,1.1763,0.6604,0.2423,2.4884,-1.1045
15191,NETFLIX INC,"UPDATE: Macquarie On Netflix Also Thinks 'competition coming from Disney+ and others especially in the US will have only modest effect on churn, but we think it will be hard for Netflix to grow much more in the US, and we suspect pricing power is limited'",0,decrease,0.8,0.7,,163,29,0.0,2019-10-17,89393.0,-6.153065711259842,-7.448442502096064,-2.024885932595555,0.7141596637666225,0.2626694445733823,1.1840406696767225,2.4696,1.456,1.4548,0.37,0.8,-0.28,0.007,1.9243239999999997,-4.6869,0.1767,-3.0179,1.595,-0.9094,1.1763,0.6604,0.2423,2.4884,-1.1045
15199,NETFLIX INC,"UPDATE: Macquarie Downgrades Netflix To Neutral As Firm Notes 'it's hard to deny the US is maturing, with sub add growth halving this year and the revenue effect of the price increases wearing off in Q1'20'",0,decrease,0.8,0.7,,157,29,0.0,2019-10-17,89393.0,-6.153065711259842,-7.448442502096064,-2.024885932595555,0.7141596637666225,0.2626694445733823,1.1840406696767225,2.4696,1.456,1.4548,0.37,0.8,-0.28,0.007,1.9243239999999997,-4.6869,0.1767,-3.0179,1.595,-0.9094,1.1763,0.6604,0.2423,2.4884,-1.1045
15207,NETFLIX INC,"RBC Capital Maintains Outperform on Netflix, Lowers Price Target to $420",0,uncertain,0.6,0.4,,126,29,1.0,2019-10-17,89393.0,-6.153065711259842,-7.448442502096064,-2.024885932595555,0.7141596637666225,0.2626694445733823,1.1840406696767225,2.4696,1.456,1.4548,0.37,0.8,-0.28,0.007,1.9243239999999997,-4.6869,0.1767,-3.0179,1.595,-0.9094,1.1763,0.6604,0.2423,2.4884,-1.1045
15215,NETFLIX INC,Huber Research Downgrades Netflix to Underweight,0,decrease,0.8,0.7,,118,29,0.0,2019-10-17,89393.0,-6.153065711259842,-7.448442502096064,-2.024885932595555,0.7141596637666225,0.2626694445733823,1.1840406696767225,2.4696,1.456,1.4548,0.37,0.8,-0.28,0.007,1.9243239999999997,-4.6869,0.1767,-3.0179,1.595,-0.9094,1.1763,0.6604,0.2423,2.4884,-1.1045
15223,NETFLIX INC,Mark Cuban Still Long Netflix After Q3 Earnings,0,increase,0.8,0.6,,119,28,2.0,2019-10-17,89393.0,-6.153065711259842,-7.448442502096064,-2.024885932595555,0.7141596637666225,0.2626694445733823,1.1840406696767225,2.4696,1.456,1.4548,0.37,0.8,-0.28,0.007,1.9243239999999997,-4.6869,0.1767,-3.0179,1.595,-0.9094,1.1763,0.6604,0.2423,2.4884,-1.1045
15231,NETFLIX INC,"Wedbush On Netflix Also Estimates 'that by the end of 2021 Netflix will have virtually no content from Disney, Fox, Warner Bros. or NBCUniversal, and we think its efforts to replace that content with originals will only partially succeed'",0,decrease,0.8,0.7,,158,29,0.0,2019-10-17,89393.0,-6.153065711259842,-7.448442502096064,-2.024885932595555,0.7141596637666225,0.2626694445733823,1.1840406696767225,2.4696,1.456,1.4548,0.37,0.8,-0.28,0.007,1.9243239999999997,-4.6869,0.1767,-3.0179,1.595,-0.9094,1.1763,0.6604,0.2423,2.4884,-1.1045
15239,NETFLIX INC,"Wedbush On Netflix Also Expects Co's 'content spending to trigger substantial cash burn for many years; in spite of four Netflix price increases in the last five years, cash burn continues to grow'",0,decrease,0.8,0.7,,149,29,0.0,2019-10-17,89393.0,-6.153065711259842,-7.448442502096064,-2.024885932595555,0.7141596637666225,0.2626694445733823,1.1840406696767225,2.4696,1.456,1.4548,0.37,0.8,-0.28,0.007,1.9243239999999997,-4.6869,0.1767,-3.0179,1.595,-0.9094,1.1763,0.6604,0.2423,2.4884,-1.1045
15247,NETFLIX INC,"Wedbush Maintains Underperform, $188 Target On Netflix Notes 'Denial Is a River in Egypt' As Firm Notes Co. 'faces a steep uphill climb to replace the content it is slated to lose over the next two years'",0,decrease,0.8,0.7,,157,29,0.0,2019-10-17,89393.0,-6.153065711259842,-7.448442502096064,-2.024885932595555,0.7141596637666225,0.2626694445733823,1.1840406696767225,2.4696,1.456,1.4548,0.37,0.8,-0.28,0.007,1.9243239999999997,-4.6869,0.1767,-3.0179,1.595,-0.9094,1.1763,0.6604,0.2423,2.4884,-1.1045
15255,NETFLIX INC,Credit Suisse On Netflix Also Notes '4Q19 feels more conservative than normal with mgmt. highlighting 3 unusual factors holding back net adds forecasts:',0,uncertain,0.7,0.5,,140,29,1.0,2019-10-17,89393.0,-6.153065711259842,-7.448442502096064,-2.024885932595555,0.7141596637666225,0.2626694445733823,1.1840406696767225,2.4696,1.456,1.4548,0.37,0.8,-0.28,0.007,1.9243239999999997,-4.6869,0.1767,-3.0179,1.595,-0.9094,1.1763,0.6604,0.2423,2.4884,-1.1045
15263,NETFLIX INC,"Credit Suisse Maintains Outperform, $440 Target On Netflix As Firm Notes Global Net Adds Were 'well ahead of general buyside expectations for very disappointing international results (int'l ended up 55k ahead at 6.255m, up a strong 1.2m Y/Y)'",0,increase,0.8,0.7,,169,28,2.0,2019-10-17,89393.0,-6.153065711259842,-7.448442502096064,-2.024885932595555,0.7141596637666225,0.2626694445733823,1.1840406696767225,2.4696,1.456,1.4548,0.37,0.8,-0.28,0.007,1.9243239999999997,-4.6869,0.1767,-3.0179,1.595,-0.9094,1.1763,0.6604,0.2423,2.4884,-1.1045
15271,NETFLIX INC,"Baird Maintains Neutral on Netflix, Lowers Price Target to $300",0,decrease,0.8,0.7,,125,29,0.0,2019-10-17,89393.0,-6.153065711259842,-7.448442502096064,-2.024885932595555,0.7141596637666225,0.2626694445733823,1.1840406696767225,2.4696,1.456,1.4548,0.37,0.8,-0.28,0.007,1.9243239999999997,-4.6869,0.1767,-3.0179,1.595,-0.9094,1.1763,0.6604,0.2423,2.4884,-1.1045
15279,NETFLIX INC,KeyBanc On Netflix Also Notes 'This suggests a level of medium-term saturation and price elasticity that limit our perception of upside to profit growth expectations over the next year',0,decrease,0.8,0.7,,142,29,0.0,2019-10-17,89393.0,-6.153065711259842,-7.448442502096064,-2.024885932595555,0.7141596637666225,0.2626694445733823,1.1840406696767225,2.4696,1.456,1.4548,0.37,0.8,-0.28,0.007,1.9243239999999997,-4.6869,0.1767,-3.0179,1.595,-0.9094,1.1763,0.6604,0.2423,2.4884,-1.1045
15287,NETFLIX INC,"KeyBanc Maintains Sector Weight On Netflix As Firm Notes 'While Netflix reported 3Q sub growth that was better than some feared, global paid net adds appear likely to decline in 2019 and margins appear likely to expand in line with our expectations'",0,uncertain,0.7,0.5,,160,29,1.0,2019-10-17,89393.0,-6.153065711259842,-7.448442502096064,-2.024885932595555,0.7141596637666225,0.2626694445733823,1.1840406696767225,2.4696,1.456,1.4548,0.37,0.8,-0.28,0.007,1.9243239999999997,-4.6869,0.1767,-3.0179,1.595,-0.9094,1.1763,0.6604,0.2423,2.4884,-1.1045
15295,NETFLIX INC,"UPDATE: Bank Of America On Netflix Also Continues 'to see upside to '20/'21 margin and EPS, with operating income surprising consensus by a double digit percentage each quarter so far in '19'; Yet, Firm Remains Wary Of Competition, US Sub Growth",0,increase,0.8,0.7,,163,28,2.0,2019-10-17,89393.0,-6.153065711259842,-7.448442502096064,-2.024885932595555,0.7141596637666225,0.2626694445733823,1.1840406696767225,2.4696,1.456,1.4548,0.37,0.8,-0.28,0.007,1.9243239999999997,-4.6869,0.1767,-3.0179,1.595,-0.9094,1.1763,0.6604,0.2423,2.4884,-1.1045
15303,NETFLIX INC,"UPDATE: Bank Of America Reiterates Buy On Netflix, Lowers Target To $426 As Firm Notes 'We see Netflix's results providing relief to investors, as international subs beat and 4Q sub guidance looks conservative'",0,uncertain,0.6,0.3,,153,29,1.0,2019-10-17,89393.0,-6.153065711259842,-7.448442502096064,-2.024885932595555,0.7141596637666225,0.2626694445733823,1.1840406696767225,2.4696,1.456,1.4548,0.37,0.8,-0.28,0.007,1.9243239999999997,-4.6869,0.1767,-3.0179,1.595,-0.9094,1.1763,0.6604,0.2423,2.4884,-1.1045
15311,NETFLIX INC,"Bank of America Maintains Buy on Netflix, Lowers Price Target to $426",0,uncertain,0.6,0.4,,125,29,1.0,2019-10-17,89393.0,-6.153065711259842,-7.448442502096064,-2.024885932595555,0.7141596637666225,0.2626694445733823,1.1840406696767225,2.4696,1.456,1.4548,0.37,0.8,-0.28,0.007,1.9243239999999997,-4.6869,0.1767,-3.0179,1.595,-0.9094,1.1763,0.6604,0.2423,2.4884,-1.1045
15319,NETFLIX INC,"Morgan Stanley Maintains Overweight, $400 Target On Netflix As Firm Notes 'Against a wall of worry, results were better than feared and broadly in-line'; 'It is possible net adds have peaked, but earnings power has a long way to run'",0,uncertain,0.7,0.5,,160,29,1.0,2019-10-17,89393.0,-6.153065711259842,-7.448442502096064,-2.024885932595555,0.7141596637666225,0.2626694445733823,1.1840406696767225,2.4696,1.456,1.4548,0.37,0.8,-0.28,0.007,1.9243239999999997,-4.6869,0.1767,-3.0179,1.595,-0.9094,1.1763,0.6604,0.2423,2.4884,-1.1045
15327,NETFLIX INC,"Cowen & Co. Maintains Outperform on Netflix, Lowers Price Target to $415",0,uncertain,0.6,0.4,,128,29,1.0,2019-10-17,89393.0,-6.153065711259842,-7.448442502096064,-2.024885932595555,0.7141596637666225,0.2626694445733823,1.1840406696767225,2.4696,1.456,1.4548,0.37,0.8,-0.28,0.007,1.9243239999999997,-4.6869,0.1767,-3.0179,1.595,-0.9094,1.1763,0.6604,0.2423,2.4884,-1.1045
15335,NETFLIX INC,"Piper Jaffray Maintains Overweight on Netflix, Lowers Price Target to $400",0,uncertain,0.6,0.3,,128,29,1.0,2019-10-17,89393.0,-6.153065711259842,-7.448442502096064,-2.024885932595555,0.7141596637666225,0.2626694445733823,1.1840406696767225,2.4696,1.456,1.4548,0.37,0.8,-0.28,0.007,1.9243239999999997,-4.6869,0.1767,-3.0179,1.595,-0.9094,1.1763,0.6604,0.2423,2.4884,-1.1045
15343,NETFLIX INC,"Bernstein Maintains Outperform on Netflix, Lowers Price Target to $422",0,uncertain,0.6,0.4,,125,29,1.0,2019-10-17,89393.0,-6.153065711259842,-7.448442502096064,-2.024885932595555,0.7141596637666225,0.2626694445733823,1.1840406696767225,2.4696,1.456,1.4548,0.37,0.8,-0.28,0.007,1.9243239999999997,-4.6869,0.1767,-3.0179,1.595,-0.9094,1.1763,0.6604,0.2423,2.4884,-1.1045
15351,NETFLIX INC,"Wells Fargo Maintains Market Perform on Netflix, Raises Price Target to $308",0,increase,0.8,0.6,,125,28,2.0,2019-10-17,89393.0,-6.153065711259842,-7.448442502096064,-2.024885932595555,0.7141596637666225,0.2626694445733823,1.1840406696767225,2.4696,1.456,1.4548,0.37,0.8,-0.28,0.007,1.9243239999999997,-4.6869,0.1767,-3.0179,1.595,-0.9094,1.1763,0.6604,0.2423,2.4884,-1.1045
15359,NETFLIX INC,"Guggenheim Maintains Buy on Netflix, Lowers Price Target to $400",0,uncertain,0.6,0.3,,125,29,1.0,2019-10-17,89393.0,-6.153065711259842,-7.448442502096064,-2.024885932595555,0.7141596637666225,0.2626694445733823,1.1840406696767225,2.4696,1.456,1.4548,0.37,0.8,-0.28,0.007,1.9243239999999997,-4.6869,0.1767,-3.0179,1.595,-0.9094,1.1763,0.6604,0.2423,2.4884,-1.1045
15367,NETFLIX INC,Tweet From CNBC's Carl Quintanilla Shows List Of Firms That Have Cut Netflix PRice Target,0,uncertain,0.6,0.4,,129,29,1.0,2019-10-17,89393.0,-6.153065711259842,-7.448442502096064,-2.024885932595555,0.7141596637666225,0.2626694445733823,1.1840406696767225,2.4696,1.456,1.4548,0.37,0.8,-0.28,0.007,1.9243239999999997,-4.6869,0.1767,-3.0179,1.595,-0.9094,1.1763,0.6604,0.2423,2.4884,-1.1045
15375,NETFLIX INC,"Nomura Maintains Neutral on Netflix, Raises Price Target to $330",0,increase,0.8,0.6,,123,28,2.0,2019-10-17,89393.0,-6.153065711259842,-7.448442502096064,-2.024885932595555,0.7141596637666225,0.2626694445733823,1.1840406696767225,2.4696,1.456,1.4548,0.37,0.8,-0.28,0.007,1.9243239999999997,-4.6869,0.1767,-3.0179,1.595,-0.9094,1.1763,0.6604,0.2423,2.4884,-1.1045
15383,NETFLIX INC,Macquarie Downgrades Netflix to Neutral,0,decrease,0.8,0.7,,117,29,0.0,2019-10-17,89393.0,-6.153065711259842,-7.448442502096064,-2.024885932595555,0.7141596637666225,0.2626694445733823,1.1840406696767225,2.4696,1.456,1.4548,0.37,0.8,-0.28,0.007,1.9243239999999997,-4.6869,0.1767,-3.0179,1.595,-0.9094,1.1763,0.6604,0.2423,2.4884,-1.1045
15391,NATIONAL GRID PLC,Credit Suisse Upgrades National Grid to Outperform,0,increase,0.8,0.7,,117,28,2.0,2019-10-17,87280.0,0.7790872361510992,2.233381158673109,1.0560953250621896,0.4931359551846981,3.1080614814351426,2.2947340021072016,1.2268,1.4702,0.2043,0.37,0.8,-0.28,0.007,1.144209,0.6602,-0.4507,0.828,1.6138,-0.7735,-1.9813,-0.4224,-0.32,0.4911,1.0835
15399,NOKIA CORP,Nokia Oyj shares are trading higher in sympathy with Ericsson after the company reported Q3 sales results up from last year.,0,increase,0.8,0.6,,137,28,2.0,2019-10-17,87128.0,-0.5736177787184715,-25.430209218000662,-30.210324051377533,1.5968047082424164,2.8282897949383212,1.3944256899484089,2.7505,2.2345,0.7518,0.37,0.8,-0.28,0.007,2.465334,-0.0597,-0.5643,-0.1431,-1.4913,-23.8645,-3.5946,-5.5614,-1.1956,2.8309,0.3832
15407,NORFOLK SOUTHERN CORP,Wicked Winds Continue To Hammer The Northeast,0,uncertain,0.6,0.3,,129,29,1.0,2019-10-17,64311.0,-0.979806762188673,-0.2885059108256649,-0.4191426237361129,0.2324155531823635,1.4506618833357798,1.473392109686955,1.4244,1.1998,1.1171,0.37,0.8,-0.28,0.007,1.0040730000000002,-0.8248,1.4202,1.5171,-2.5787,-0.8317,2.1886,-0.8783,-1.5061,0.1113,-0.5073
15415,NEUROMETRIX INC,NeuroMetrix Q3 Sales $2.09M Miss $3.93M Estimate,0,decrease,0.8,0.7,,132,29,0.0,2019-10-17,90288.0,-5.115713179111481,-3.076925590746027,-9.999994874133112,-6.123647838830948,-0.6511597797702051,-3.035438884808938,-6.6792,-6.3153,0.6556,0.37,0.8,-0.28,0.007,-6.9287719999999995,-5.2269,-5.2093,3.9005,-0.0385,3.1275,-7.7434,4.0007,-0.2716,-1.2294,-2.0018
15423,OMEGA FLEX INC,"Omega Flex Q3 EPS $0.33 Down From $0.51 YoY, Sales $28.03M Up From $27.199M YoY",0,decrease,0.8,0.2,,146,29,0.0,2019-10-17,90868.0,-2.469138987362385,1.5781012148566642,-0.3220643609167628,-1.8350593745708463,-2.737839679510079,-2.7584025485447583,1.239,0.4481,0.6318,0.37,0.8,-0.28,0.007,0.9982340000000002,-2.2087,1.939,-1.9407,0.5532,2.7559,-1.2084,-1.1201,-0.856,0.246,0.7055
15431,ONE GAS INC,"Mizuho Initiates Coverage On ONE Gas with Neutral Rating, Announces $96 Price Target",0,uncertain,0.6,0.3,,126,29,1.0,2019-10-17,14401.0,0.4649714101105928,0.6129154025000583,-1.891578726561116,0.4737321753054857,-1.018242571681538,-1.9850849348184376,1.4038,1.4508,0.3533,0.37,0.8,-0.28,0.007,1.266079,0.5605,0.0892,-0.304,0.0085,0.0348,-1.1417,-1.1672,-0.9165,0.3782,-0.0218
15439,OLIN CORP,"JP Morgan Downgrades Olin to Neutral, Lowers Price Target to $18",0,decrease,0.8,0.7,,125,29,0.0,2019-10-17,13610.0,0.8869171142578125,2.050991790737444,1.662966643392494,-0.1641175360418856,-1.3513513668066857,-3.846151552854959,-1.1507,-2.1419,1.4904,0.37,0.8,-0.28,0.007,-1.709148,0.9503,-0.8605,0.4189,-1.098,0.6271,2.9521,0.4553,-1.9278,1.7949,-3.5859
15447,OCCIDENTAL PETROLEUM CORP,"Raymond James Maintains Strong Buy on Occidental Petroleum, Lowers Price Target to $70",0,uncertain,0.6,0.3,,136,29,1.0,2019-10-17,34833.0,0.2975425915792584,4.859903383115016,0.4215180253536399,-1.12744877114892,-0.4196449670992641,-1.8968842033252,-0.0248,-0.5035,0.9662,0.37,0.8,-0.28,0.007,-0.389294,0.3662,-0.0528,3.1356,1.2728,-1.0289,-0.0939,-1.1378,-0.2156,-1.6514,-1.3116
15455,P G & E CORP,PG&E shares are trading higher after the company reiterated its commitment to its plan of reorganization to satisfy all wildfire claims in full.,0,increase,0.8,0.7,,138,28,2.0,2019-10-17,13688.0,-0.8939935825765133,-8.045978565531842,-21.200507622133937,2.2049296647310257,2.7379404984407385,-1.7456399405030742,-0.6345,-0.9887,0.9752,0.37,0.8,-0.28,0.007,-1.002324,-0.8045,2.7099,0.5947,0.8638,-11.9477,-31.1793,-24.5205,32.1773,22.7463,1.0589
15463,P G & E CORP,"PG&E Says Wind Gusts in Nearly Two Dozen Counties Reached Above 40 MPH; in 15 Counties, Wind Gusts Topped 50 MPH",0,uncertain,0.6,0.4,,144,29,1.0,2019-10-17,13688.0,-0.8939935825765133,-8.045978565531842,-21.200507622133937,2.2049296647310257,2.7379404984407385,-1.7456399405030742,-0.6345,-0.9887,0.9752,0.37,0.8,-0.28,0.007,-1.002324,-0.8045,2.7099,0.5947,0.8638,-11.9477,-31.1793,-24.5205,32.1773,22.7463,1.0589
15471,PETMED EXPRESS INC,"Craig-Hallum Maintains Hold on PetMed Express, Raises Price Target to $20",0,increase,0.8,0.6,,127,28,2.0,2019-10-17,90012.0,-2.84857414662838,29.03548044978921,17.01649583900242,1.5483231283724308,2.5060638420709713,1.2240528639533954,5.205,4.139,0.5806,0.37,0.8,-0.28,0.007,4.9831780000000006,-2.3311,33.0689,4.9028,-3.6836,-1.6555,-0.7746,-0.8334,-2.4236,-1.6589,-4.2123
15479,PREFERRED BANK LOS ANGELES,Janney Capital Downgrades Preferred Bank to Neutral,0,decrease,0.8,0.7,,124,29,0.0,2019-10-17,90603.0,1.1328654363751411,1.3440801232506017,2.3617501919295902,-1.9103430211544037,-1.4817606275910555,-1.4443146004820218,0.4242,-0.7019,1.0302,0.37,0.8,-0.28,0.007,0.036026,1.1481,-0.9616,-0.5376,-0.4188,0.4574,-1.0083,-0.2215,-0.5493,0.9457,2.0283
15487,PFIZER INC,"Bank of America Reinstates Neutral on Pfizer, Announces $37 Price Target",0,uncertain,0.6,0.3,,123,29,1.0,2019-10-17,21936.0,0.0,-0.1919904051851051,5.2386175016431835,-0.4383557476103306,0.1101953507437913,0.636941403095248,0.3302,0.3748,0.7232,0.37,0.8,-0.28,0.007,0.055616,0.2507,-0.4302,0.3083,0.7309,-1.3817,0.785,1.0403,2.7235,0.3314,-0.1569
15495,PROGRESSIVE CORP OH,Evercore ISI Group Initiates Coverage On Progressive with In-Line Rating,0,uncertain,0.6,0.3,,126,29,1.0,2019-10-17,64390.0,-1.776975393295288,-2.630481267224638,-2.476569702936094,-2.801118418574333,-3.7511510062416487,-3.1241671117761327,-1.9212,-1.9594,0.9344,0.37,0.8,-0.28,0.007,-2.2739279999999997,-1.5703,-0.915,-1.4094,-0.8463,1.4437,-0.7791,-1.1445,1.6372,-0.9446,0.718
15503,PULTE GROUP INC,"Wedbush Maintains Neutral on PulteGroup, Raises Price Target to $34",0,increase,0.8,0.6,,129,28,2.0,2019-10-17,54148.0,0.1568973762914538,7.296017121208154,2.6150624101900055,2.4658218026161194,3.1570374995702366,3.632421124324625,0.0262,-0.5644,0.5494,0.37,0.8,-0.28,0.007,-0.184078,0.6598,-0.715,3.4236,0.9086,2.8831,-1.8931,-2.7945,-1.1864,1.3068,-0.5856
15511,PACKAGING CORP AMERICA,"Citigroup Maintains Neutral on Packaging Corp of America, Raises Price Target to $108",0,increase,0.8,0.7,,130,28,2.0,2019-10-17,87541.0,1.7009656876325607,1.982889797955023,2.8662676620900163,-0.3172862576320767,-0.4102204282113941,-2.2868641780106613,-0.3838,-1.0492,1.0622,0.37,0.8,-0.28,0.007,-0.783814,2.1361,-0.6746,0.1044,1.0502,-1.3228,1.537,0.7209,-0.9721,-0.8471,-0.2537
15519,DAVE & BUSTERS ENTERTAINMENT INC,Dave & Buster's Says Lightlife Burger Will Replace Impossible Burger On Dave & Busters' Menu,0,uncertain,0.6,0.3,,142,29,1.0,2019-10-17,15014.0,1.9469037652015688,7.0543638277452025,0.5815408922059007,1.2051425874233246,-0.3611023113400557,-1.8546735249892476,2.3816,1.627,0.8145,0.37,0.8,-0.28,0.007,2.073235,2.2539,0.6205,0.3583,-0.6445,3.6147,0.1495,-0.1326,-3.223,-2.9955,-0.2594
15527,PROTALIX BIOTHERAPEUTICS INC,Protalix BioTherapeutics Announces Positive 12-Month Interim Data From BRIDGE Phase III Open Label Switch-Over Study Showing Pegunigalsidase Alfa For The Treatment Of Fabry Disease Was Well Tolerated,0,increase,0.9,0.8,,168,28,2.0,2019-10-17,86080.0,-7.936509698629379,-30.793652049913245,-30.063490094056668,-0.1654743915423751,3.075163272147008,0.5555482049242721,74.0332,73.2897,0.3175,0.37,0.8,-0.28,0.007,73.90872499999999,-7.0652,-13.1296,-6.6503,-3.7019,-4.028,7.7934,-3.3031,2.3672,3.1733,-8.9971
15535,P N C FINANCIAL SERVICES GRP INC,"Wells Fargo Maintains Market Perform on PNC Financial Services Gr, Raises Price Target to $147",0,increase,0.8,0.7,,141,28,2.0,2019-10-17,60442.0,0.602832343429327,2.0608457006107805,2.8319033448978237,0.5216124467551708,1.4873344650134124,1.574083279581373,0.8483,0.8544,1.0923,0.37,0.8,-0.28,0.007,0.437149,0.1449,0.2483,-0.6144,0.0426,0.1378,0.1141,0.3575,-0.0424,0.5544,0.1219
15543,POOL CORP,Pool Corporation Narrows FY19 EPS Guidance From $6.09-$6.34 To $6.20 To $6.40 vs $6.22 Est.,0,uncertain,0.6,0.3,,142,29,1.0,2019-10-17,82515.0,2.10828073322773,-4.366813740866116,-2.615395410306731,-2.058938890695572,-0.7416930548819978,-1.239786078505123,6.0925,5.8187,0.7219,0.37,0.8,-0.28,0.007,5.818397000000001,2.5887,-3.6941,1.4971,-3.4411,-1.3829,-2.1042,-0.7674,1.1862,2.3266,0.4078
15551,POOL CORP,"Pool Q3 EPS $1.95 Beats $1.78 Estimate, Sales $898.5M Beat $883.55M Estimate",0,increase,0.9,0.8,,137,28,2.0,2019-10-17,82515.0,2.10828073322773,-4.366813740866116,-2.615395410306731,-2.058938890695572,-0.7416930548819978,-1.239786078505123,6.0925,5.8187,0.7219,0.37,0.8,-0.28,0.007,5.818397000000001,2.5887,-3.6941,1.4971,-3.4411,-1.3829,-2.1042,-0.7674,1.1862,2.3266,0.4078
15559,P P G INDUSTRIES INC,"PPG Industries Q3 Adj. EPS $1.67 Beats $1.61 Estimate, Sales $3.8B Miss $3.89B Estimate",0,uncertain,0.6,0.4,,147,29,1.0,2019-10-17,22509.0,2.4661874398589134,1.9300595080286695,3.2002681516020592,0.6344641093164682,1.4930466869121917,-0.1762181689004105,1.9166,1.5533,0.9114,0.37,0.8,-0.28,0.007,1.5723820000000002,2.7751,-0.386,0.5689,-0.9124,-0.7273,-0.163,-0.8342,1.0361,0.8114,-0.2239
15567,PARATEK PHARMACEUTICALS INC,"Paratek Pharma Reports Withdrew EMA Application For Oral, Intravenous NUZYRA In Skin Infections, Pneumonia",0,uncertain,0.6,0.4,,149,29,1.0,2019-10-17,91279.0,-6.3583821058273315,-0.2890163884176289,-10.838149632681748,2.985079027712345,8.150469729699195,6.48148259843524,0.2899,-1.6454,1.2741,0.37,0.8,-0.28,0.007,-0.188517,-5.5568,-2.6612,8.5524,5.7239,-6.0109,-6.5007,-5.4441,-2.0645,-3.0553,5.4773
15575,PIONEER NATURAL RESOURCES CO,"Raymond James Maintains Strong Buy on Pioneer Natural Resources, Lowers Price Target to $180",0,uncertain,0.6,0.4,,138,29,1.0,2019-10-17,75241.0,-3.398587554693222,1.229449737181998,-3.6648399998840953,-1.533624716103077,-1.1394224134736008,-3.0940993381665116,-0.5529,-1.2339,1.4335,0.37,0.8,-0.28,0.007,-1.0902949999999998,-3.2876,0.2313,3.6233,-0.4253,-0.4479,-0.527,-4.1131,0.8136,-2.7365,1.4804
15583,ISHARES TRUST,Surprises In A Popular Quality ETF,0,uncertain,0.6,0.3,,120,29,1.0,2019-10-17,14020.0,-0.53464500233531,0.3635628488396047,0.9837530528583384,-0.2354464959353208,0.6260814069849463,0.6369469562005126,0.3218,0.0512,0.9706,0.37,0.8,-0.28,0.007,-0.044322,-0.0789,0.0048,0.0773,-0.199,0.1762,0.0499,-0.0835,0.0213,-0.2072,-0.0801
15591,REGENERON PHARMACEUTICALS INC,"Bank of America Reinstates Neutral on Regeneron Pharmaceuticals, Announces $325 Price Target",0,uncertain,0.6,0.3,,140,29,1.0,2019-10-17,76614.0,-0.457606790587306,1.392705417790796,1.5618235787695278,-1.454813126474619,-1.97747787917254,-0.4554958992917135,0.7248,-0.284,0.9078,0.37,0.8,-0.28,0.007,0.381914,0.6966,-1.2735,1.7892,1.2081,-0.3511,-0.4468,-0.0703,0.8491,-0.548,-1.2898
15599,RING ENERGY INC,Ring Energy shares are trading higher on continued momentum after the company reported Q3 and nine month 2019 operations update.,0,increase,0.8,0.7,,132,28,2.0,2019-10-17,14137.0,-12.299466133117676,-9.62566572364536,-11.22994876603094,9.999998658895493,26.923079284337792,10.738251699066282,13.3333,11.7055,1.8921,0.37,0.8,-0.28,0.007,12.626223,-12.2386,-3.5173,3.5999,2.1885,-1.7776,0.6538,4.3669,-9.5089,-0.1192,3.2894
15607,BOSTON BEER INC,Boston Beer's Truly Hard Seltzer Has Cowen Buzzing,0,increase,0.8,0.7,,126,28,2.0,2019-10-17,82634.0,-2.1822337061166763,-5.24183426815128,-6.9294638653349505,-1.090968120843172,-1.7069928623759334,-3.407802647746805,4.9126,4.9471,0.7035,0.37,0.8,-0.28,0.007,4.6453050000000005,-2.1535,0.0659,1.3812,-7.1933,2.1224,-1.8066,-0.4479,-0.39,-0.5623,1.0997
15615,BOSTON BEER INC,"UPDATE: Cowen Upgrades Boston Beer To Outperform, Raises Target To $450 Firm Notes Truly Is Continuing To Drive Outsized Growth For Co., Thinks Truly Formulations Can Continue To Transform Co's Growth And 'offset continued softness in beer and cider'",0,increase,0.8,0.7,,165,28,2.0,2019-10-17,82634.0,-2.1822337061166763,-5.24183426815128,-6.9294638653349505,-1.090968120843172,-1.7069928623759334,-3.407802647746805,4.9126,4.9471,0.7035,0.37,0.8,-0.28,0.007,4.6453050000000005,-2.1535,0.0659,1.3812,-7.1933,2.1224,-1.8066,-0.4479,-0.39,-0.5623,1.0997
15623,BOSTON BEER INC,"Cowen & Co. Upgrades Boston Beer Co to Outperform, Raises Price Target to $450",0,increase,0.9,0.8,,133,28,2.0,2019-10-17,82634.0,-2.1822337061166763,-5.24183426815128,-6.9294638653349505,-1.090968120843172,-1.7069928623759334,-3.407802647746805,4.9126,4.9471,0.7035,0.37,0.8,-0.28,0.007,4.6453050000000005,-2.1535,0.0659,1.3812,-7.1933,2.1224,-1.8066,-0.4479,-0.39,-0.5623,1.0997
15631,SINCLAIR INC,"UPDATE: Sinclair Broadcast Says Multi-Year Deal For DIRECTV, AT&T TV, U-verse For Continued Carriage On Owned Local Broadcast Stations, Tennis Channe;, Marquee Sports Network, More",0,increase,0.8,0.7,,148,28,2.0,2019-10-17,81740.0,-1.289262156933546,-2.484766484458334,-6.61040731050726,0.8526243269443512,2.449892780010199,0.8649126018501541,3.0435,2.1515,0.9758,0.37,0.8,-0.28,0.007,2.675454,-0.678,-0.1011,-0.4896,-0.6941,-0.9118,-0.7926,1.069,-1.4817,-3.6973,-0.2044
15639,SINCLAIR INC,Sinclair Broadcasting Shares Pullback From Highs Amid News Co. Has Reached A Deal With AT&T,0,uncertain,0.6,0.3,,129,29,1.0,2019-10-17,81740.0,-1.289262156933546,-2.484766484458334,-6.61040731050726,0.8526243269443512,2.449892780010199,0.8649126018501541,3.0435,2.1515,0.9758,0.37,0.8,-0.28,0.007,2.675454,-0.678,-0.1011,-0.4896,-0.6941,-0.9118,-0.7926,1.069,-1.4817,-3.6973,-0.2044
15647,SEALED AIR CORP NEW,"Citigroup Maintains Neutral on Sealed Air, Lowers Price Target to $42",0,decrease,0.8,0.7,,130,29,0.0,2019-10-17,85926.0,0.1691631041467189,-0.3866598677511379,0.9424828496436222,0.9631992317736148,0.6400840451217027,0.4175926893734694,1.2231,0.8374,0.6272,0.37,0.8,-0.28,0.007,0.984036,0.3304,0.1236,-0.1738,-0.3133,-0.9696,1.1736,0.0246,-0.2525,1.6764,-1.5473
15655,SKECHERS U S A INC,Judge Finds No Violation Of Chuck Taylor Trademark By Any Of Skechers Styles In Case,0,increase,0.8,0.7,,135,28,2.0,2019-10-17,86949.0,0.1346236909739673,1.0231583369253894,0.6192769641271578,1.444542407989502,1.4998720349229444,1.8052511526269743,-0.2149,-0.6841,1.4038,0.37,0.8,-0.28,0.007,-0.7413059999999999,0.1871,-0.4843,1.0646,-3.8643,2.538,0.1087,0.6746,-0.7883,1.1494,-2.0999
15663,SONOCO PRODUCTS CO,"Sonoco Products Q3 EPS $0.97 Up From $0.86 YoY, Sales $1.35B Down From $1.365B YoY",0,uncertain,0.6,0.3,,145,29,1.0,2019-10-17,71176.0,1.3098149560391903,0.9605362427608012,0.7684289851290549,1.321513019502163,0.7782786983846268,-0.1884217871109483,-1.7333,-1.9445,0.6368,0.37,0.8,-0.28,0.007,-1.975916,1.4422,-0.6352,0.7176,-0.2375,-0.8875,0.6037,0.235,-0.6942,0.0861,-0.823
15671,1ST SOURCE CORP,1st Source Q3 EPS $0.95 Up From $0.76 YoY,0,increase,0.8,0.2,,131,28,2.0,2019-10-17,36346.0,6.0331810265779495,9.179052844603452,10.277958563983416,0.0433296692790463,1.5618105824478643,1.4056652746150533,0.5198,-0.5401,1.0036,0.37,0.8,-0.28,0.007,0.141468,6.1465,1.391,-0.7845,0.6536,0.1594,-0.3988,-0.0396,-0.2528,1.4929,0.2631
15679,SEMPRA ENERGY,"Morgan Stanley Maintains Equal-Weight on Sempra Energy, Raises Price Target to $152",0,increase,0.8,0.7,,128,28,2.0,2019-10-17,86136.0,0.8760961703956127,2.1385146104975883,-0.3104387768138039,-0.1034440705552697,-0.3988080824748108,-0.4398923361407236,0.0759,0.3726,0.3508,0.37,0.8,-0.28,0.007,-0.060896,0.9571,0.0593,0.6461,0.6496,-0.3359,-2.7707,-2.0605,0.319,-0.2435,2.0015
15687,SCORPIO TANKERS INC,"UPDATE: Stifel Downgrades Scorpio Tankers To Hold, Raises Target To $37 As Firm Notes 'While we still expect better days are in fact ahead for the product tanker market, we believe shares now anticipate at least much of this improvement'",0,decrease,0.8,0.7,,165,29,0.0,2019-10-17,93299.0,-1.8852053210139277,-4.19246377980701,-10.495220300901853,-0.3677433123812079,-2.220986247654455,1.3816912118649105,0.9086,-0.2093,1.3819,0.37,0.8,-0.28,0.007,0.390297,-1.7969,-5.6971,0.0233,2.987,-1.4581,-3.0958,-2.5333,-0.5738,1.6697,-2.318
15695,SCORPIO TANKERS INC,"Stifel Nicolaus Downgrades Scorpio Tankers to Hold, Raises Price Target to $37",0,uncertain,0.6,0.3,,135,29,1.0,2019-10-17,93299.0,-1.8852053210139277,-4.19246377980701,-10.495220300901853,-0.3677433123812079,-2.220986247654455,1.3816912118649105,0.9086,-0.2093,1.3819,0.37,0.8,-0.28,0.007,0.390297,-1.7969,-5.6971,0.0233,2.987,-1.4581,-3.0958,-2.5333,-0.5738,1.6697,-2.318
15703,T A L EDUCATION GROUP,JP Morgan Assumes TAL Education at Overweight,0,increase,0.8,0.7,,122,28,2.0,2019-10-17,12339.0,-0.814663153141737,8.757644618961136,8.986769127572614,1.3427888974547386,4.931797452891784,5.59661813466692,-1.8,-2.8555,1.0198,0.37,0.8,-0.28,0.007,-2.184326,0.2891,-0.0066,-2.3762,-0.7753,12.5422,0.2513,-3.8541,0.6869,1.3088,0.0333
15711,CARROLS RESTAURANT GROUP INC,"Raymond James Maintains Outperform on Carrols Restaurant Group, Lowers Price Target to $9.5",0,uncertain,0.6,0.4,,140,29,1.0,2019-10-17,91678.0,2.7322378009557724,5.054643071218945,-2.595629148303935,7.846157252788544,8.01233387844289,2.1865901967738965,4.4223,3.5733,0.5263,0.37,0.8,-0.28,0.007,4.220569,2.7575,-0.16,-1.2643,1.3373,1.3484,2.0926,-4.3879,-3.1477,-1.9967,0.2706
15719,CONTAINER STORE GROUP INC,"Goldman Sachs Upgrades Container Store Group to Neutral, Lowers Price Target to $5.25",0,uncertain,0.7,0.5,,131,29,1.0,2019-10-17,14274.0,0.4273500293493271,4.914530433724762,-9.829060487710128,-0.2192928222939372,1.562503741257193,1.3363122259710591,2.8571,1.4402,0.9852,0.37,0.8,-0.28,0.007,2.485576,0.4045,1.9504,-2.0486,3.0587,-0.1986,-0.2979,-1.3446,1.5522,-19.3996,7.8305
15727,TEVA PHARMACEUTICAL INDS LTD,Teva Pharmaceutical Indus Option Alert: Dec 20 $6 Puts Sweep (26) near the Ask: 1239 @ $0.399 vs 51665 OI; Earnings 11/7 Before Open Ref=$7.44,0,uncertain,0.6,0.4,,172,29,1.0,2019-10-17,75652.0,-3.474903106689453,5.019303253777219,4.890600281583879,-0.2869437914341688,3.268941783186796,0.7246334357621675,11.7986,10.3404,1.3464,0.37,0.8,-0.28,0.007,11.293432,-3.1258,7.0585,-2.3407,-1.7206,3.9418,-2.8802,0.6624,1.6992,-0.7894,0.93
15735,TEVA PHARMACEUTICAL INDS LTD,"UK's MHRA Issued Alert To Healthcare Professionals, As Teva UK Is Recalling All Unexpired Stock Of Certain Batches Of 2 Types Of Ranitidine",0,uncertain,0.7,0.5,,155,29,1.0,2019-10-17,75652.0,-3.474903106689453,5.019303253777219,4.890600281583879,-0.2869437914341688,3.268941783186796,0.7246334357621675,11.7986,10.3404,1.3464,0.37,0.8,-0.28,0.007,11.293432,-3.1258,7.0585,-2.3407,-1.7206,3.9418,-2.8802,0.6624,1.6992,-0.7894,0.93
15743,TEVA PHARMACEUTICAL INDS LTD,Teva Pharmaceutical Industries shares are trading higher after Gabelli & Co upgraded the stock from Hold to Buy.,0,increase,0.8,0.7,,141,28,2.0,2019-10-17,75652.0,-3.474903106689453,5.019303253777219,4.890600281583879,-0.2869437914341688,3.268941783186796,0.7246334357621675,11.7986,10.3404,1.3464,0.37,0.8,-0.28,0.007,11.293432,-3.1258,7.0585,-2.3407,-1.7206,3.9418,-2.8802,0.6624,1.6992,-0.7894,0.93
15751,TEVA PHARMACEUTICAL INDS LTD,Gabelli & Co. Upgrades Teva Pharmaceutical Indus to Buy,0,increase,0.8,0.7,,135,28,2.0,2019-10-17,75652.0,-3.474903106689453,5.019303253777219,4.890600281583879,-0.2869437914341688,3.268941783186796,0.7246334357621675,11.7986,10.3404,1.3464,0.37,0.8,-0.28,0.007,11.293432,-3.1258,7.0585,-2.3407,-1.7206,3.9418,-2.8802,0.6624,1.6992,-0.7894,0.93
15759,TANDEM DIABETES CARE INC,Tandem Diabetes Care shares are trading higher after the company announced the publication by NEJM of the landmark Protocol 3 study demonstrating increased time-in-range with the t:slim x2 insulin pump witith control-IQ technology.,0,increase,0.9,0.8,,165,28,2.0,2019-10-17,14325.0,0.8726052008569241,0.1586582830618965,-2.3004869858778476,-4.299081861972809,4.77746678608213,4.925715625446636,6.2453,3.6267,1.7298,0.37,0.8,-0.28,0.007,5.598274000000001,3.958,-1.134,0.5441,-1.9236,1.3195,-0.5273,1.1922,-0.0082,-5.2489,-2.006
15767,TRAVELERS COMPANIES INC,Evercore ISI Group Initiates Coverage On Travelers Companies with Underperform Rating,0,decrease,0.8,0.7,,132,29,0.0,2019-10-17,59459.0,0.6264271680265665,-6.442200757446392,-6.705580033033598,-0.5163563415408134,-0.377327446805531,-0.0210370375301804,-1.466,-1.2941,0.724,0.37,0.8,-0.28,0.007,-1.7408799999999998,0.65,-0.1062,-8.0706,1.2818,-0.8033,-0.994,-1.1531,-0.0827,0.3487,1.1448
15775,TESLA INC,'Did Musk Already Reveal The Tesla Pickup Truck To the World?' -InsideEVs,0,uncertain,0.6,0.3,,127,29,1.0,2019-10-17,93436.0,-1.9162457436323168,14.394774433195725,20.212242396889906,0.721232034265995,1.0857754817460874,4.784380364230212,0.8547,-0.0901,1.1394,0.37,0.8,-0.28,0.007,0.426122,-1.0721,-2.2085,1.1776,-0.5641,17.425,8.7723,-1.0701,-3.4309,-0.7779,0.4464
15783,TESLA INC,China's Ministry of Industry and Information Technology Grants Tesla Car Manufacturing Certificate,0,increase,0.8,0.7,,122,28,2.0,2019-10-17,93436.0,-1.9162457436323168,14.394774433195725,20.212242396889906,0.721232034265995,1.0857754817460874,4.784380364230212,0.8547,-0.0901,1.1394,0.37,0.8,-0.28,0.007,0.426122,-1.0721,-2.2085,1.1776,-0.5641,17.425,8.7723,-1.0701,-3.4309,-0.7779,0.4464
15791,TAIWAN SEMICONDUCTOR MFG CO LTD,Taiwan Semiconductor Manufacturing shares are trading higher after the company reported strong Q3 earnings results.,0,increase,0.9,0.8,,142,28,2.0,2019-10-17,85442.0,-0.944726075977087,2.4120617740812422,3.778896617976857,-0.5159720778465271,0.4407958265897793,1.4366711641333296,-0.758,-1.1982,1.014,0.37,0.8,-0.28,0.007,-1.14018,-0.347,0.7783,1.7228,-1.16,1.2035,-0.1552,-0.2974,0.4989,0.4454,-0.2212
15799,TAIWAN SEMICONDUCTOR MFG CO LTD,Taiwan Semiconductor Says its Q3 Net Profit Rose 13.5% on Higher Sales; Sees Q4 Gross Profit Margin 48%-50%,0,increase,0.8,0.7,,155,28,2.0,2019-10-17,85442.0,-0.944726075977087,2.4120617740812422,3.778896617976857,-0.5159720778465271,0.4407958265897793,1.4366711641333296,-0.758,-1.1982,1.014,0.37,0.8,-0.28,0.007,-1.14018,-0.347,0.7783,1.7228,-1.16,1.2035,-0.1552,-0.2974,0.4989,0.4454,-0.2212
15807,TYSON FOODS INC,Tyson To Prohibit Ractopamine Use In Pork,0,increase,0.8,0.7,,123,28,2.0,2019-10-17,77730.0,1.2903962284326551,-4.362790851792475,1.7451124982538202,-2.2450409829616547,-2.61717466331437,-2.081337220200852,-0.5986,-0.6835,0.4349,0.37,0.8,-0.28,0.007,-0.766513,1.5657,-1.997,-1.9088,-2.1968,0.0825,0.6869,4.3096,0.453,-1.0097,1.2578
15815,ISHARES INC,"Turkish Pres Erdogan Says Is Confident Joint US, Turkish Effort Will Promote Peace, Stability In Our Region",0,uncertain,0.6,0.3,,134,29,1.0,2019-10-17,92600.0,2.134785428643226,4.520719692971742,3.557975612854447,-1.2842514552176,0.4792971471665019,-3.4338347054573837,3.5993,3.2748,0.7357,0.37,0.8,-0.28,0.007,3.3200909999999997,2.3713,-2.4314,1.9885,3.163,-1.1045,0.0082,-0.4431,-0.2344,0.002,-0.6867
15823,ISHARES INC,Kobani Says The Ceasefire Agreement Is Just The Beginning And Will Not Achieve Turkey's Goal,0,uncertain,0.6,0.3,,132,29,1.0,2019-10-17,92600.0,2.134785428643226,4.520719692971742,3.557975612854447,-1.2842514552176,0.4792971471665019,-3.4338347054573837,3.5993,3.2748,0.7357,0.37,0.8,-0.28,0.007,3.3200909999999997,2.3713,-2.4314,1.9885,3.163,-1.1045,0.0082,-0.4431,-0.2344,0.002,-0.6867
15831,ISHARES INC,SDF Commander Mazloum Kobani Says We Accept The Agreement With Turkey And Will Do What's Needed To Make It Succeed,0,uncertain,0.6,0.3,,138,29,1.0,2019-10-17,92600.0,2.134785428643226,4.520719692971742,3.557975612854447,-1.2842514552176,0.4792971471665019,-3.4338347054573837,3.5993,3.2748,0.7357,0.37,0.8,-0.28,0.007,3.3200909999999997,2.3713,-2.4314,1.9885,3.163,-1.1045,0.0082,-0.4431,-0.2344,0.002,-0.6867
15839,ISHARES INC,Senior Advisor To Syria's Assad Says Agreement Made By US With Turkey For Ceasefire Is Vague,0,uncertain,0.6,0.3,,131,29,1.0,2019-10-17,92600.0,2.134785428643226,4.520719692971742,3.557975612854447,-1.2842514552176,0.4792971471665019,-3.4338347054573837,3.5993,3.2748,0.7357,0.37,0.8,-0.28,0.007,3.3200909999999997,2.3713,-2.4314,1.9885,3.163,-1.1045,0.0082,-0.4431,-0.2344,0.002,-0.6867
15847,ISHARES INC,Trump Says Sanctions No Longer Necessary,0,uncertain,0.6,0.3,,118,29,1.0,2019-10-17,92600.0,2.134785428643226,4.520719692971742,3.557975612854447,-1.2842514552176,0.4792971471665019,-3.4338347054573837,3.5993,3.2748,0.7357,0.37,0.8,-0.28,0.007,3.3200909999999997,2.3713,-2.4314,1.9885,3.163,-1.1045,0.0082,-0.4431,-0.2344,0.002,-0.6867
15855,ISHARES INC,"Trump Says Of Turkey Ceasefire 'An Amazing Outcome', Says Will Be Taking Sanctions And Tariffs Off 'Very Quickly'",0,increase,0.8,0.7,,136,28,2.0,2019-10-17,92600.0,2.134785428643226,4.520719692971742,3.557975612854447,-1.2842514552176,0.4792971471665019,-3.4338347054573837,3.5993,3.2748,0.7357,0.37,0.8,-0.28,0.007,3.3200909999999997,2.3713,-2.4314,1.9885,3.163,-1.1045,0.0082,-0.4431,-0.2344,0.002,-0.6867
15863,ISHARES INC,VP Pence Says US Has Received Assurances From Syrian Kurdish YPG That Will Withdraw Orderly,0,uncertain,0.6,0.3,,129,29,1.0,2019-10-17,92600.0,2.134785428643226,4.520719692971742,3.557975612854447,-1.2842514552176,0.4792971471665019,-3.4338347054573837,3.5993,3.2748,0.7357,0.37,0.8,-0.28,0.007,3.3200909999999997,2.3713,-2.4314,1.9885,3.163,-1.1045,0.0082,-0.4431,-0.2344,0.002,-0.6867
15871,ISHARES INC,VP Pence Says US Will Not Have Military Personnel On The Ground,0,uncertain,0.6,0.3,,123,29,1.0,2019-10-17,92600.0,2.134785428643226,4.520719692971742,3.557975612854447,-1.2842514552176,0.4792971471665019,-3.4338347054573837,3.5993,3.2748,0.7357,0.37,0.8,-0.28,0.007,3.3200909999999997,2.3713,-2.4314,1.9885,3.163,-1.1045,0.0082,-0.4431,-0.2344,0.002,-0.6867
15879,ISHARES INC,Pence Says US And Turkey Committed To Peaceful Resolution Of Safe Zone In Syria; Says Turkey And US Agree On Mutual Goal To Defeat Islamic State,0,uncertain,0.6,0.3,,142,29,1.0,2019-10-17,92600.0,2.134785428643226,4.520719692971742,3.557975612854447,-1.2842514552176,0.4792971471665019,-3.4338347054573837,3.5993,3.2748,0.7357,0.37,0.8,-0.28,0.007,3.3200909999999997,2.3713,-2.4314,1.9885,3.163,-1.1045,0.0082,-0.4431,-0.2344,0.002,-0.6867
15887,ISHARES INC,"Pence Says All Military Operations Will Be Paused, Operation Will End When Withdrawal Is Complete",0,uncertain,0.6,0.3,,130,29,1.0,2019-10-17,92600.0,2.134785428643226,4.520719692971742,3.557975612854447,-1.2842514552176,0.4792971471665019,-3.4338347054573837,3.5993,3.2748,0.7357,0.37,0.8,-0.28,0.007,3.3200909999999997,2.3713,-2.4314,1.9885,3.163,-1.1045,0.0082,-0.4431,-0.2344,0.002,-0.6867
15895,ISHARES INC,US Vice President Pence Says Reached Deal With Turkey's Erdogan For Ceasefire In Northern Syria; Turkey Will Pause Operation In Order To Allow Withdrawal Of YPG Forces For 120 Hours,0,uncertain,0.7,0.3,,148,29,1.0,2019-10-17,92600.0,2.134785428643226,4.520719692971742,3.557975612854447,-1.2842514552176,0.4792971471665019,-3.4338347054573837,3.5993,3.2748,0.7357,0.37,0.8,-0.28,0.007,3.3200909999999997,2.3713,-2.4314,1.9885,3.163,-1.1045,0.0082,-0.4431,-0.2344,0.002,-0.6867
15903,ISHARES INC,Trump Tweets: 'Great news out of Turkey. News Conference shortly with @VP and @SecPompeo. Thank you to @RTErdogan. Millions of lives will be saved!',0,uncertain,0.6,0.3,,151,29,1.0,2019-10-17,92600.0,2.134785428643226,4.520719692971742,3.557975612854447,-1.2842514552176,0.4792971471665019,-3.4338347054573837,3.5993,3.2748,0.7357,0.37,0.8,-0.28,0.007,3.3200909999999997,2.3713,-2.4314,1.9885,3.163,-1.1045,0.0082,-0.4431,-0.2344,0.002,-0.6867
15911,ISHARES INC,UAE Reporter Joyce Karam Says White House as Suspended Erdogan's Planned Nov. 13 Visit,0,uncertain,0.6,0.3,,131,29,1.0,2019-10-17,92600.0,2.134785428643226,4.520719692971742,3.557975612854447,-1.2842514552176,0.4792971471665019,-3.4338347054573837,3.5993,3.2748,0.7357,0.37,0.8,-0.28,0.007,3.3200909999999997,2.3713,-2.4314,1.9885,3.163,-1.1045,0.0082,-0.4431,-0.2344,0.002,-0.6867
15919,ISHARES INC,"Turkey Reporter Ragıp Soylu, Citing Sources, Says Erdogan And Pence Reach Deal To Suspend Turkish Incursion In Northern Syria In 120 Hours",0,uncertain,0.6,0.3,,143,29,1.0,2019-10-17,92600.0,2.134785428643226,4.520719692971742,3.557975612854447,-1.2842514552176,0.4792971471665019,-3.4338347054573837,3.5993,3.2748,0.7357,0.37,0.8,-0.28,0.007,3.3200909999999997,2.3713,-2.4314,1.9885,3.163,-1.1045,0.0082,-0.4431,-0.2344,0.002,-0.6867
15927,ISHARES INC,Erdogan And Pence Reach A Deal To Suspend Turkish Incursion In Northern Syria In 120 Hours,0,uncertain,0.6,0.3,,132,29,1.0,2019-10-17,92600.0,2.134785428643226,4.520719692971742,3.557975612854447,-1.2842514552176,0.4792971471665019,-3.4338347054573837,3.5993,3.2748,0.7357,0.37,0.8,-0.28,0.007,3.3200909999999997,2.3713,-2.4314,1.9885,3.163,-1.1045,0.0082,-0.4431,-0.2344,0.002,-0.6867
15935,ISHARES INC,Republican US Senator Graham Predicts Strong Bipartisan Support For New Turkey Sanctions Bill,0,uncertain,0.6,0.3,,127,29,1.0,2019-10-17,92600.0,2.134785428643226,4.520719692971742,3.557975612854447,-1.2842514552176,0.4792971471665019,-3.4338347054573837,3.5993,3.2748,0.7357,0.37,0.8,-0.28,0.007,3.3200909999999997,2.3713,-2.4314,1.9885,3.163,-1.1045,0.0082,-0.4431,-0.2344,0.002,-0.6867
15943,ISHARES INC,US Senators Announce Bill Setting Wide-Ranging Sanctions On Turkey Over Offensive In Syria,0,uncertain,0.6,0.3,,128,29,1.0,2019-10-17,92600.0,2.134785428643226,4.520719692971742,3.557975612854447,-1.2842514552176,0.4792971471665019,-3.4338347054573837,3.5993,3.2748,0.7357,0.37,0.8,-0.28,0.007,3.3200909999999997,2.3713,-2.4314,1.9885,3.163,-1.1045,0.0082,-0.4431,-0.2344,0.002,-0.6867
15951,ISHARES INC,Syria State Media Reports President Bashar Al-assad Says Will Respond To Turkish Aggression Anywhere In Syria And By All Legitimate Means,0,uncertain,0.6,0.3,,138,29,1.0,2019-10-17,92600.0,2.134785428643226,4.520719692971742,3.557975612854447,-1.2842514552176,0.4792971471665019,-3.4338347054573837,3.5993,3.2748,0.7357,0.37,0.8,-0.28,0.007,3.3200909999999997,2.3713,-2.4314,1.9885,3.163,-1.1045,0.0082,-0.4431,-0.2344,0.002,-0.6867
15959,ISHARES INC,VP Pence Arrives in Ankara for Talks with Turkey's Erdogan over Turkey's Military Action in NE Syria,0,uncertain,0.6,0.3,,131,29,1.0,2019-10-17,92600.0,2.134785428643226,4.520719692971742,3.557975612854447,-1.2842514552176,0.4792971471665019,-3.4338347054573837,3.5993,3.2748,0.7357,0.37,0.8,-0.28,0.007,3.3200909999999997,2.3713,-2.4314,1.9885,3.163,-1.1045,0.0082,-0.4431,-0.2344,0.002,-0.6867
15967,TRADEWEB MARKETS INC,"Citigroup Maintains Neutral on Tradeweb Markets, Lowers Price Target to $45",0,decrease,0.8,0.7,,129,29,0.0,2019-10-17,18480.0,-4.0462426841259,-4.901731390418885,-3.4682079220412665,5.913306400179863,5.913306400179863,4.9664761528329215,2.3184,1.8097,0.2856,0.37,0.8,-0.28,0.007,2.2057279999999997,-3.4167,2.6763,-1.3141,-3.4932,1.3109,-0.9281,1.9819,0.0781,-0.2166,-0.4522
15975,2 U INC,"DA Davidson Maintains Neutral on 2U, Lowers Price Target to $17",0,decrease,0.8,0.7,,126,29,0.0,2019-10-17,14554.0,-3.3352818340063095,5.149205069427598,4.885892829872107,0.5827527958899736,1.589172795667837,2.6159365883815733,-0.9849,-2.6728,1.2445,0.37,0.8,-0.28,0.007,-1.452365,-1.2752,2.5357,3.8434,0.735,1.0342,0.9923,0.4038,-2.1628,-1.2173,-1.133
15983,TEXTRON INC,Textron shares are trading lower after the company reported worse-than-expected Q3 sales results.,0,decrease,0.8,0.7,,127,29,0.0,2019-10-17,23579.0,-3.643982484936714,-2.0942406595202967,-3.4764392610234895,-0.3160178661346435,1.8567143732365563,3.2951300520262405,-5.3893,-6.1916,1.3273,0.37,0.8,-0.28,0.007,-5.887401,-3.4228,1.3169,-1.5311,-0.1623,0.3695,0.2256,-1.2565,-0.1899,-0.249,-0.3219
15991,TEXTRON INC,Textron Sees FY19 EPS $3.70-$3.80 vs $3.74 Est.,0,uncertain,0.6,0.3,,130,29,1.0,2019-10-17,23579.0,-3.643982484936714,-2.0942406595202967,-3.4764392610234895,-0.3160178661346435,1.8567143732365563,3.2951300520262405,-5.3893,-6.1916,1.3273,0.37,0.8,-0.28,0.007,-5.887401,-3.4228,1.3169,-1.5311,-0.1623,0.3695,0.2256,-1.2565,-0.1899,-0.249,-0.3219
15999,TEXTRON INC,"Textron Q3 EPS $0.95 Beats $0.85 Estimate, Sales $3.26B Miss $3.32B Estimate",0,uncertain,0.6,0.4,,138,29,1.0,2019-10-17,23579.0,-3.643982484936714,-2.0942406595202967,-3.4764392610234895,-0.3160178661346435,1.8567143732365563,3.2951300520262405,-5.3893,-6.1916,1.3273,0.37,0.8,-0.28,0.007,-5.887401,-3.4228,1.3169,-1.5311,-0.1623,0.3695,0.2256,-1.2565,-0.1899,-0.249,-0.3219
16007,UNITED AIRLINES HOLDINGS INC,"Bigger Planes To Contain Costs At United Airlines, Officials Say",0,increase,0.8,0.6,,129,28,2.0,2019-10-17,91103.0,0.6986362859606743,0.3912346575694947,1.5425859000116393,2.071005664765835,3.139008561914025,2.9259844240250965,-0.2676,-0.6853,1.0387,0.37,0.8,-0.28,0.007,-0.658919,1.0201,-0.0791,-1.0829,-0.0991,-0.0988,1.4411,-0.0177,-1.3092,0.7659,-0.3959
16015,UNITED AIRLINES HOLDINGS INC,"Credit Suisse Maintains Outperform on United Airlines Holdings, Raises Price Target to $118",0,increase,0.8,0.7,,133,28,2.0,2019-10-17,91103.0,0.6986362859606743,0.3912346575694947,1.5425859000116393,2.071005664765835,3.139008561914025,2.9259844240250965,-0.2676,-0.6853,1.0387,0.37,0.8,-0.28,0.007,-0.658919,1.0201,-0.0791,-1.0829,-0.0991,-0.0988,1.4411,-0.0177,-1.3092,0.7659,-0.3959
16023,U G I CORP NEW,"UBS Maintains Buy on UGI, Lowers Price Target to $58",0,uncertain,0.6,0.3,,129,29,1.0,2019-10-17,17929.0,0.0623157015070319,0.2700479204129857,-0.9763216046710488,-0.7462698966264725,-1.1968593338317124,-2.345498137307278,0.543,0.5945,0.4357,0.37,0.8,-0.28,0.007,0.374791,-0.0259,-0.2162,0.6158,-0.1976,-0.5431,-0.3792,-1.7059,-0.1664,1.3886,-0.4537
16031,ULTA BEAUTY INC,"Ulta Shares Rebound From Under $246 On Spike In Volume, Move Through $247, $248 Levels, Touch High At $249.03 Following Option Activity",0,increase,0.8,0.7,,146,28,2.0,2019-10-17,92322.0,-3.29706072807312,-3.696095531325394,-6.025800738622467,-0.1711484044790268,-0.6448519754221449,-1.4006322389280237,1.2736,0.6132,0.8236,0.37,0.8,-0.28,0.007,0.9618680000000002,-2.5876,-2.5025,1.0646,0.2896,0.1501,0.3153,-0.3266,0.2468,-1.1155,-2.6461
16039,UNITEDHEALTH GROUP INC,UnitedHealth Group shares are trading higher despite UBS lowering the price target from $281 to $257.,0,uncertain,0.6,0.4,,131,29,1.0,2019-10-17,92655.0,0.6853524129837751,0.3447270549009174,3.705831304820584,-0.6706026382744312,7.434611353486842,6.718601067797625,2.8187,2.4581,0.7692,0.37,0.8,-0.28,0.007,2.527096,1.3045,-1.0266,2.7963,-0.8052,-1.7858,-0.2104,0.3351,2.3526,0.4991,-0.6582
16047,UNITEDHEALTH GROUP INC,"UBS Maintains Neutral on UnitedHealth Group, Lowers Price Target to $257",0,decrease,0.8,0.7,,128,29,0.0,2019-10-17,92655.0,0.6853524129837751,0.3447270549009174,3.705831304820584,-0.6706026382744312,7.434611353486842,6.718601067797625,2.8187,2.4581,0.7692,0.37,0.8,-0.28,0.007,2.527096,1.3045,-1.0266,2.7963,-0.8052,-1.7858,-0.2104,0.3351,2.3526,0.4991,-0.6582
16055,UNITY BANCORP INC,Unity Bancorp Q3 EPS $0.54 Up From $0.5 YoY,0,increase,0.8,0.1,,131,28,2.0,2019-10-17,84397.0,-3.7284929305315018,1.577437301788831,4.397705586541867,-1.0747642256319525,-1.3972950346291535,-3.0677658632601856,-1.1809,-1.5944,0.5816,0.37,0.8,-0.28,0.007,-1.403092,-3.4599,4.4112,1.3921,-0.6979,-0.2178,-3.1199,1.9869,2.3554,0.3566,0.6988
16063,UNITED RENTALS INC,United Rentals shares are trading higher after the company reported better-than-expected Q3 EPS and sales results.,0,increase,0.8,0.7,,131,28,2.0,2019-10-17,85663.0,0.5942158866673708,3.2056281371626083,4.433155357152163,0.8203495293855667,2.51937807672038,2.7618214955729137,5.1204,3.9335,2.0065,0.37,0.8,-0.28,0.007,4.370995000000001,1.0674,-1.1526,1.6736,0.2658,-0.5873,1.2196,-0.7558,0.2031,0.2165,-0.3226
16071,U S A COMPRESSION PARTNERS LP,"Stifel Nicolaus Downgrades USA Compression Partners to Hold, Announces $18 Price Target",0,decrease,0.8,0.7,,138,29,0.0,2019-10-17,13749.0,-0.1728150062263012,3.110593290642938,4.858597766636574,0.688067264854908,0.9775738017144152,2.7501422219236904,-1.1389,-1.5746,0.636,0.37,0.8,-0.28,0.007,-1.38122,-0.168,3.1046,-0.6142,-0.049,-0.0345,-0.4112,-1.1357,1.0192,1.5089,0.6992
16079,VMWARE INC,"KeyBanc Maintains Overweight on VMware, Lowers Price Target to $175",0,uncertain,0.6,0.3,,124,29,1.0,2019-10-17,92257.0,0.0394513132050633,3.748025257605181,4.07022768030656,-1.3848439790308475,-1.2826299002585697,-1.6521443106353173,-0.2034,-1.2518,1.1729,0.37,0.8,-0.28,0.007,-0.644373,1.2656,-0.6018,1.1485,0.5532,1.8417,0.18,-2.6785,2.1668,0.3884,-1.4479
16087,VERA BRADLEY INC,"Vera Bradley Reports Production Collaboration With PopSockets, No Terms Disclosed",0,uncertain,0.7,0.3,,128,29,1.0,2019-10-17,12363.0,0.6963770370930433,-3.714025517521869,-0.0928526291128939,0.3030372550711036,0.8121819179057077,-3.3106148937434687,8.4592,7.2818,0.8336,0.37,0.8,-0.28,0.007,8.143768,0.9145,-0.7987,-3.1515,2.3637,-4.0145,0.1648,-0.2392,-1.7983,7.9598,-2.1954
16095,VERTEX PHARMACEUTICALS INC,"Bank of America Reinstates Buy on Vertex Pharmaceuticals, Announces $220 Price Target",0,increase,0.9,0.8,,136,28,2.0,2019-10-17,76744.0,-0.8384006097912788,9.42493786459604,9.993244584092542,-0.0283882429357618,1.4401751448177125,2.134442658332314,0.9257,0.0383,0.9436,0.37,0.8,-0.28,0.007,0.569568,0.3992,3.6665,4.9549,-0.3123,1.3328,-0.5297,-1.0805,2.3507,-0.2302,-1.7745
16103,VERIZON COMMUNICATIONS INC,"As Fleets Adopt Technology, The Public Remains Skeptical Of Safety Focus",0,uncertain,0.6,0.3,,131,29,1.0,2019-10-17,65875.0,1.05942627415061,0.2814137182350906,0.099323634045767,-0.4293944220989942,1.1577222061357697,0.6007018113524332,0.199,0.4646,0.3445,0.37,0.8,-0.28,0.007,0.064535,0.9383,-0.7253,0.1205,0.0074,-0.5654,-0.4295,-0.393,0.102,0.9818,-0.4873
16111,WAYFAIR INC,Wayfair shares are trading higher despite no company-specific news. This could potentially be a rebound after the stock dropped approximately 17% over the past month.,0,uncertain,0.6,0.4,,139,29,1.0,2019-10-17,14983.0,-4.695413634181023,-0.1483663116914835,-28.23354685428513,-0.9910091757774352,1.4860813948548657,0.1206317493987585,6.1909,4.8857,1.7601,0.37,0.8,-0.28,0.007,5.532663,-2.8951,2.2402,1.9185,0.336,-0.8176,2.2801,-8.9929,-6.6759,-1.6693,-18.1871
16119,WESTERN ALLIANCE BANCORPORATION,Western Alliance Bancorp Q3 EPS $1.24 Beats $1.19 Estimate,0,increase,0.8,0.6,,138,28,2.0,2019-10-17,90776.0,3.805401921272278,4.648652078166204,6.659463797608867,-0.1092401915229857,2.1676004671383753,1.9170766572260023,1.1592,0.3262,1.2898,0.37,0.8,-0.28,0.007,0.6749740000000001,3.5627,-0.8109,-0.2639,-0.1498,-0.0171,0.9588,0.2178,0.7753,0.8252,-0.3239
16127,WORKDAY INC,"Canaccord Genuity Maintains Buy on Workday, Lowers Price Target to $200",0,uncertain,0.6,0.4,,126,29,1.0,2019-10-17,13628.0,-2.0845267921686172,0.4815270228355262,2.743459023290984,-11.328469961881638,-10.974255532110655,-11.072930314763616,-1.639,-2.5713,1.353,0.37,0.8,-0.28,0.007,-2.14661,-0.3553,-0.832,0.8084,-0.4832,2.7157,0.7646,-1.9868,-0.0148,1.9955,-1.2471
16135,WD 40 CO,"WD-40 Sees FY20 EPS $4.74-$4.83 vs $4.96 Estimate, Sales $436M-$453M vs $445.3M Est.",0,decrease,0.8,0.6,,146,29,0.0,2019-10-17,81294.0,-1.3850105926394465,-0.4269988590089313,2.589366581764785,-0.182291236706078,-0.1767800846649847,-1.9852482958315432,1.4278,1.295,0.6304,0.37,0.8,-0.28,0.007,1.1875520000000002,-1.1432,0.2313,0.5154,-0.4622,0.1488,-0.1246,0.1349,1.2533,0.8007,0.3474
16143,WD 40 CO,"WD-40 Q4 EPS $0.63 Beats $0.61 Estimate, Sales $106.744M Beat $106.33M Estimate",0,increase,0.8,0.6,,139,28,2.0,2019-10-17,81294.0,-1.3850105926394465,-0.4269988590089313,2.589366581764785,-0.182291236706078,-0.1767800846649847,-1.9852482958315432,1.4278,1.295,0.6304,0.37,0.8,-0.28,0.007,1.1875520000000002,-1.1432,0.2313,0.5154,-0.4622,0.1488,-0.1246,0.1349,1.2533,0.8007,0.3474
16151,WD 40 CO,WD-40 Q4 Earnings Preview,0,uncertain,0.6,0.3,,117,29,1.0,2019-10-17,81294.0,-1.3850105926394465,-0.4269988590089313,2.589366581764785,-0.182291236706078,-0.1767800846649847,-1.9852482958315432,1.4278,1.295,0.6304,0.37,0.8,-0.28,0.007,1.1875520000000002,-1.1432,0.2313,0.5154,-0.4622,0.1488,-0.1246,0.1349,1.2533,0.8007,0.3474
16159,W N S HOLDINGS LTD,WNS shares are trading higher after the company reported better-than-expected Q2 EPS and sales results. The company also issued FY20 EPS above analyst expectations.,0,increase,0.9,0.8,,144,28,2.0,2019-10-17,91390.0,-1.4261084608733654,-2.8992355706089823,-3.0872922177262896,1.2550201267004013,0.8163909784409062,0.9004453831357395,5.4536,5.1846,0.5292,0.37,0.8,-0.28,0.007,5.250796,-0.9053,-1.1873,-1.0227,1.3652,-0.9456,-1.5364,-0.5349,1.264,-0.3789,0.1005
16167,W N S HOLDINGS LTD,WNS Sees FY20 Adj. EPS $2.93-$3.08 vs $2.88 Est.,0,increase,0.8,0.6,,136,28,2.0,2019-10-17,91390.0,-1.4261084608733654,-2.8992355706089823,-3.0872922177262896,1.2550201267004013,0.8163909784409062,0.9004453831357395,5.4536,5.1846,0.5292,0.37,0.8,-0.28,0.007,5.250796,-0.9053,-1.1873,-1.0227,1.3652,-0.9456,-1.5364,-0.5349,1.264,-0.3789,0.1005
16175,W N S HOLDINGS LTD,"WNS Q2 Adj. EPS $0.79 Beats $0.67 Estimate, Adj. Sales $220.7M Beat $216.08M Estimate",0,increase,0.8,0.7,,146,28,2.0,2019-10-17,91390.0,-1.4261084608733654,-2.8992355706089823,-3.0872922177262896,1.2550201267004013,0.8163909784409062,0.9004453831357395,5.4536,5.1846,0.5292,0.37,0.8,-0.28,0.007,5.250796,-0.9053,-1.1873,-1.0227,1.3652,-0.9456,-1.5364,-0.5349,1.264,-0.3789,0.1005
16183,WATSCO INC,"Watsco Q3 EPS $2.2 Misses $2.23 Estimate, Sales $1.39B Beat $1.38B Estimate",0,uncertain,0.6,0.3,,140,29,1.0,2019-10-17,66376.0,-0.875135138630867,0.194472536569612,0.8408175073111757,-0.7376819849014282,-1.931628683449338,-2.302112690647762,5.6311,5.333,0.785,0.37,0.8,-0.28,0.007,5.33365,-0.6201,0.0542,1.4641,-0.4065,-0.8518,-0.04,-0.8145,0.6008,-0.0131,0.4905
16191,WATSCO INC,"Watsco Q3 EPS $2.2 Misses $2.23 Estimate, Sales $1.39B Beat $1.38B Estimate",0,uncertain,0.6,0.3,,140,29,1.0,2019-10-17,66376.0,-0.875135138630867,0.194472536569612,0.8408175073111757,-0.7376819849014282,-1.931628683449338,-2.302112690647762,5.6311,5.333,0.785,0.37,0.8,-0.28,0.007,5.33365,-0.6201,0.0542,1.4641,-0.4065,-0.8518,-0.04,-0.8145,0.6008,-0.0131,0.4905
16199,WINTRUST FINANCIAL CORP,"Wedbush Maintains Outperform on Wintrust Financial, Lowers Price Target to $71",0,uncertain,0.6,0.5,,136,29,1.0,2019-10-17,84636.0,2.0205190405249596,2.036307750420674,0.7419120559999604,-0.4476013593375683,1.4789153551937773,1.7671172440071992,-1.7829,-2.3459,1.1914,0.37,0.8,-0.28,0.007,-2.230718,1.6335,-0.9401,-0.2308,-0.4885,-0.2375,0.9466,0.5169,-0.9936,0.3536,-1.5398
16207,SELECT SECTOR SPDR TRUST,"Reuters, Citing Sources, Says Wall Street Banks Believe They Are Getting Green Light From Supervisors To Hold More Treasury Debt",0,uncertain,0.6,0.3,,139,29,1.0,2019-10-17,86455.0,0.2496422734111547,1.640510170521181,2.3537796206893224,-0.2491979161277413,1.191765717722748,1.3381586038492932,0.0714,0.0134,1.0885,0.37,0.8,-0.28,0.007,-0.338345,0.0773,0.3778,-0.5144,-0.0711,0.1833,-0.0791,0.0609,0.0589,0.4058,0.1836
16215,SPDR SERIES TRUST,"Retail Sales Are Down For Big-Ticket Items, But Expectations Are High For Holiday Spending",0,uncertain,0.6,0.3,,129,29,1.0,2019-10-17,91316.0,-1.430885586887598,1.3616346333751306,-0.4154173806440453,0.5878204014152288,1.760223256939275,0.7299212745510042,1.2857,0.4656,1.0034,0.37,0.8,-0.28,0.007,0.907442,-1.0826,0.1972,1.0216,0.1819,0.2281,0.307,0.1084,-1.9941,-0.2321,-0.4349
16223,ACCENTURE PLC IRELAND,"Accenture Reports Purchase Of Sutter Mills, No Terms Disclosed",0,uncertain,0.6,0.3,,128,29,1.0,,,,,,,,,,,,,,,,,,,,,,,,,,
16231,ACCENTURE PLC IRELAND,"Accenture Interactive To Acquire Sutter Mills, No Terms Disclosed",0,increase,0.8,0.7,,129,28,2.0,,,,,,,,,,,,,,,,,,,,,,,,,,
16239,AMEREN CORP,Ameren Corporation Increases Qtr. Dividend From $0.475 to $0.495/Share,0,increase,0.8,0.2,,133,28,2.0,,,,,,,,,,,,,,,,,,,,,,,,,,
16247,ADVANCED ENERGY INDUSTRIES INC,"Cowen & Co. Downgrades Advanced Energy Indus to Market Perform, Lowers Price Target to $57",0,decrease,0.8,0.7,,137,29,0.0,,,,,,,,,,,,,,,,,,,,,,,,,,
16255,AMETEK INC NEW,Bank of America Downgrades AMETEK to Neutral,0,decrease,0.8,0.7,,121,29,0.0,,,,,,,,,,,,,,,,,,,,,,,,,,
16263,A M T D IDEA GROUP,The Value Of Perspective In Day Trading And In All Things,0,uncertain,0.6,0.2,,124,29,1.0,,,,,,,,,,,,,,,,,,,,,,,,,,
16271,SMITH A O CORP,A.O. Smith Late Thursday Increased Qtr. Dividend From $0.22 to $0.24/Share,0,increase,0.8,0.7,,137,28,2.0,,,,,,,,,,,,,,,,,,,,,,,,,,
16279,ACTIVISION BLIZZARD INC,Activision Blizzard Option Alert: Jan 17 $57.5 Calls Sweep (38) near the Ask: 600 @ $3.201 vs 2547 OI; Earnings 11/7 After Close Ref=$55.255,0,uncertain,0.6,0.4,,166,29,1.0,,,,,,,,,,,,,,,,,,,,,,,,,,
16287,ACTIVISION BLIZZARD INC,"UPDATE: Suntrust Also Continues To Prefer Activision Given Co's Visibility And Catalysts 'relative to risks (we are watchful of Hong Kong protest-related backlash against Blizzard, which is fluid, hard to handicap)'",0,uncertain,0.7,0.5,,161,29,1.0,,,,,,,,,,,,,,,,,,,,,,,,,,
16295,ACTIVISION BLIZZARD INC,"UPDATE: Suntrust Maintains Buy On Activision, Raises Target To $59 'on recent execution (WoW Classic, CoD Mobile) into this multi-year pipeline'",0,increase,0.8,0.7,,151,28,2.0,,,,,,,,,,,,,,,,,,,,,,,,,,
16303,ACTIVISION BLIZZARD INC,"SunTrust Robinson Humphrey Maintains Buy on Activision Blizzard, Raises Price Target to $59",0,increase,0.8,0.7,,136,28,2.0,,,,,,,,,,,,,,,,,,,,,,,,,,
16311,AURINIA PHARMACEUTICALS INC,Aurinia Pharmaceuticals Option Alert: Dec 20 $5 Calls Sweep (25) near the Ask: 720 @ $1.8 vs 592 OI; Earnings 11/7 After Close [est] Ref=$4.34,0,uncertain,0.6,0.4,,173,29,1.0,,,,,,,,,,,,,,,,,,,,,,,,,,
16319,BRAINSTORM CELL THERAPEUTICS INC,BrainStorm Says NurOwn Phase 3 ALS Clinical Trial Now Fully Enrolled,0,increase,0.9,0.8,,136,28,2.0,,,,,,,,,,,,,,,,,,,,,,,,,,
16327,BIOGEN INC,"Morgan Stanley Maintains Underweight on Biogen, Raises Price Target to $212",0,uncertain,0.6,0.3,,124,29,1.0,,,,,,,,,,,,,,,,,,,,,,,,,,
16335,BLUEBIRD BIO INC,"Morgan Stanley Maintains Equal-Weight on bluebird bio, Lowers Price Target to $104",0,decrease,0.8,0.7,,131,29,0.0,,,,,,,,,,,,,,,,,,,,,,,,,,
16343,BROWN & BROWN INC,"Brown & Brown Reports Its Brown & Brown Of Massachusetts Unit Purchased Substantially All Assets Of Poole Professional Cos., No Terms Disclosed",0,uncertain,0.6,0.3,,141,29,1.0,,,,,,,,,,,,,,,,,,,,,,,,,,
16351,BRITISH AMERICAN TOBACCO PLC,British American Tobacco's Reynolds American Submits Pre-Market Tobacco Product App For Vuse Products,0,increase,0.8,0.7,,139,28,2.0,,,,,,,,,,,,,,,,,,,,,,,,,,
16359,ANHEUSER BUSCH INBEV SA NV,"Anheuser-Busch InBev, Tilray Plan CBD-Infused Drinks Via Joint Venture",0,increase,0.8,0.7,,141,28,2.0,,,,,,,,,,,,,,,,,,,,,,,,,,
16367,CATERPILLAR INC,"Credit Suisse Maintains Outperform on Caterpillar, Lowers Price Target to $149",0,uncertain,0.6,0.3,,131,29,1.0,,,,,,,,,,,,,,,,,,,,,,,,,,
16375,COMMSCOPE HOLDING CO INC,"CommScope Buys Fractus' Base Station Antenna Technology, No Terms Disclosed",0,increase,0.8,0.7,,134,28,2.0,,,,,,,,,,,,,,,,,,,,,,,,,,
16383,COOPER COMPANIES INC,"KeyBanc Bullish On Cooper Companies' Revenue Momentum, But Says Mix May Hurt Margins",0,uncertain,0.6,0.4,,132,29,1.0,,,,,,,,,,,,,,,,,,,,,,,,,,
16391,COOPER COMPANIES INC,"KeyBanc Maintains Overweight on Cooper Companies, Lowers Price Target to $348",0,uncertain,0.6,0.5,,131,29,1.0,,,,,,,,,,,,,,,,,,,,,,,,,,
16399,C T S CORP,Stephens & Co. Initiates Coverage On CTS with Equal-Weight Rating,0,uncertain,0.6,0.3,,128,29,1.0,,,,,,,,,,,,,,,,,,,,,,,,,,
16407,DELTA AIR LINES INC,"UPDATE: Raymond James Reiterates Outperform On Delta, Lowers Tgt To $64 As Firm Notes Co's Attractive Valuation, Strong Balance Sheet, Structural 'advantages that will allow it to retain its relative operational and financial leadership vs. legacy peers'",0,uncertain,0.6,0.3,,166,29,1.0,,,,,,,,,,,,,,,,,,,,,,,,,,
16415,DELTA AIR LINES INC,"Delta's Mixed Earnings: CEO, Analysts Speak Up",0,uncertain,0.6,0.3,,125,29,1.0,,,,,,,,,,,,,,,,,,,,,,,,,,
16423,DELTA AIR LINES INC,"UPDATE: Morgan Stanley On Delta Also Notes 'And with the return of the MAX, we see industry capacity negatively compounding unit revenues'",0,decrease,0.8,0.7,,139,29,0.0,,,,,,,,,,,,,,,,,,,,,,,,,,
16431,DELTA AIR LINES INC,"UPDATE: Morgan Stanley Maintains Equal-Weight On Delta, Lowers Target To $57 As Firm Notes 'Despite in-line 3Q results, headwinds to TRASM and CASM are beginning to accelerate per 4Q guidance and preliminary 2020 commentary'",0,decrease,0.8,0.7,,167,29,0.0,,,,,,,,,,,,,,,,,,,,,,,,,,
16439,DELTA AIR LINES INC,"Buckingham Maintains Neutral on Delta Air Lines, Lowers Price Target to $56",0,decrease,0.8,0.7,,131,29,0.0,,,,,,,,,,,,,,,,,,,,,,,,,,
16447,DELTA AIR LINES INC,"Raymond James Maintains Outperform on Delta Air Lines, Lowers Price Target to $64",0,uncertain,0.6,0.3,,132,29,1.0,,,,,,,,,,,,,,,,,,,,,,,,,,
16455,DUPONT DE NEMOURS INC,"SunTrust Robinson Humphrey Maintains Hold on DuPont de Nemours, Lowers Price Target to $68",0,decrease,0.8,0.7,,137,29,0.0,,,,,,,,,,,,,,,,,,,,,,,,,,
16463,DEERE & CO,"Deere Sep. US, Canada Retail Sales For Rolling 3-Months: 4WD Tractors Inline With Industry, Combines Above Industry Average",0,uncertain,0.6,0.3,,140,29,1.0,,,,,,,,,,,,,,,,,,,,,,,,,,
16471,DECKERS OUTDOOR CORP,"Stifel Nicolaus Upgrades Deckers Outdoor to Buy, Raises Price Target to $170",0,increase,0.9,0.8,,136,28,2.0,,,,,,,,,,,,,,,,,,,,,,,,,,
16479,DISH NETWORK CORP,DISH Network shares are trading higher in sympathy with the overall market after President Trump made positive remarks on the U.S.-China trade talks. Trump is scheduled to meet with Chinese Vice Premier Liu He at the White House today.,0,uncertain,0.6,0.3,,155,29,1.0,,,,,,,,,,,,,,,,,,,,,,,,,,
16487,DOLLAR TREE INC,UBS On Dollar Tree: DT Plus Supports Stock's Bull Case,0,increase,0.8,0.7,,124,28,2.0,,,,,,,,,,,,,,,,,,,,,,,,,,
16495,DOW INC,"SunTrust Robinson Humphrey Maintains Hold on Dow, Lowers Price Target to $46",0,decrease,0.8,0.7,,125,29,0.0,,,,,,,,,,,,,,,,,,,,,,,,,,
16503,E N I SPA,"ENI Ceo Says Co Confirms Its Commitment To The Exploration Of The Cypriot EEZ And The Contractual Commitments With The Country, Says Co Planning A Joint Exploration Campaign In The First Half Of 2020 Together With Its Partner Total",0,increase,0.8,0.7,,160,28,2.0,,,,,,,,,,,,,,,,,,,,,,,,,,
16511,EBAY INC,'eBay to exit Facebook's Libra cryptocurrency' -FT $,0,uncertain,0.6,0.3,,119,29,1.0,,,,,,,,,,,,,,,,,,,,,,,,,,
16519,EASTMAN CHEMICAL CO,"SunTrust Robinson Humphrey Maintains Hold on Eastman Chemical, Lowers Price Target to $75",0,decrease,0.8,0.7,,133,29,0.0,,,,,,,,,,,,,,,,,,,,,,,,,,
16527,ELEMENT SOLUTIONS INC,"SunTrust Robinson Humphrey Maintains Hold on Element Solutions, Lowers Price Target to $10",0,decrease,0.8,0.7,,128,29,0.0,,,,,,,,,,,,,,,,,,,,,,,,,,
16535,ISHARES TRUST,Morgan Stanley Sees 55% Chance of a Brexit Deal Now vs 35% Before Current Developments,0,increase,0.8,0.7,,135,28,2.0,,,,,,,,,,,,,,,,,,,,,,,,,,
16543,ISHARES TRUST,EU Brexit Negotiator Barnier Says Received Go Ahead From 27 Member States To Go Into 'Intense' Talks With Britain,0,uncertain,0.6,0.3,,138,29,1.0,,,,,,,,,,,,,,,,,,,,,,,,,,
16551,ISHARES INC,Mexican Pres Obrador Says Nation Is Not Importing Crude Oil,0,uncertain,0.6,0.3,,126,29,1.0,,,,,,,,,,,,,,,,,,,,,,,,,,
16559,FASTENAL CO,Fastenal Trades Higher On Q3 Earnings Beat,0,increase,0.9,0.8,,119,28,2.0,,,,,,,,,,,,,,,,,,,,,,,,,,
16567,FASTENAL CO,Fastenal shares are trading higher after the company reported better-than-expected Q3 EPS and sales results.,0,increase,0.8,0.7,,129,28,2.0,,,,,,,,,,,,,,,,,,,,,,,,,,
16575,FASTENAL CO,"Fastenal Q3 EPS $0.37 Beats $0.36 Estimate, Sales $1.379B Beat $1.37B Estimate",0,increase,0.9,0.8,,138,28,2.0,,,,,,,,,,,,,,,,,,,,,,,,,,
16583,FIRST COMMONWEALTH FINANCIAL COR,"RBC Capital Initiates Coverage On First Commonwealth Finl with Outperform Rating, Announces $16 Price Target",0,increase,0.8,0.7,,139,28,2.0,,,,,,,,,,,,,,,,,,,,,,,,,,
16591,FIDUS INVESTMENT CORP,"UPDATE: Raymond James On Fidus Inv Also Believes The Co. 'can catch back up to dividend coverage, but uncertainty has increased as to when (we had previously projected 4Q20 - which we still project, but with lower confidence)'",0,uncertain,0.7,0.5,,168,29,1.0,,,,,,,,,,,,,,,,,,,,,,,,,,
16599,FIDUS INVESTMENT CORP,"UPDATE: Raymond James Downgrades Fidus Inv To Outperform, Lowers Target From $17 To $16 As Firm Notes Co's 'pre-released guidance for 3Q19 results is materially lower than we had projected (on an adjusted basis)'",0,decrease,0.8,0.9,,169,29,0.0,,,,,,,,,,,,,,,,,,,,,,,,,,
16607,FIDUS INVESTMENT CORP,Fidus Investment Late Thursday Priced $55M Aggregate Principal Amount Of Its 5.375% Notes Due 2024,0,uncertain,0.6,0.3,,144,29,1.0,,,,,,,,,,,,,,,,,,,,,,,,,,
16615,FIDUS INVESTMENT CORP,Raymond James Downgrades Fidus Inv to Outperform,0,decrease,0.8,0.7,,129,29,0.0,,,,,,,,,,,,,,,,,,,,,,,,,,
16623,FEDEX CORP,"Berenberg Maintains Hold on FedEx, Lowers Price Target to $155",0,decrease,0.8,0.7,,125,29,0.0,,,,,,,,,,,,,,,,,,,,,,,,,,
16631,SPDR INDEX SHARES FUNDS,Fiscal Stimulus May Not Cure What Ails Europe ETFs,0,uncertain,0.7,0.5,,126,29,1.0,,,,,,,,,,,,,,,,,,,,,,,,,,
16639,FIFTH THIRD BANCORP,Bank of America Upgrades Fifth Third Bancorp to Buy,0,increase,0.8,0.7,,128,28,2.0,,,,,,,,,,,,,,,,,,,,,,,,,,
16647,NATIONAL BEVERAGE CORP,National Beverage Option Alert: Nov 15 $55 Calls Sweep (2) near the Ask: 1000 @ $1.125 vs 32 OI; Earnings 12/5 After Close [est] Ref=$49.31,0,increase,0.8,0.7,,160,28,2.0,,,,,,,,,,,,,,,,,,,,,,,,,,
16655,FOX CORP,Fox shares are trading higher in sympathy with the overall market after President Trump made positive remarks on the U.S.-China trade talks as traders grew more optimistic over the possibility of a limited trade deal.,0,increase,0.8,0.6,,145,28,2.0,,,,,,,,,,,,,,,,,,,,,,,,,,
16663,TECHNIPFMC PLC,"Morgan Stanley Maintains Overweight on TechnipFMC, Lowers Price Target to $33",0,uncertain,0.6,0.4,,133,29,1.0,,,,,,,,,,,,,,,,,,,,,,,,,,
16671,GENETIC TECHNOLOGIES LTD,Genetic Technologies Releases Non-Renounceable Rights Issue Document,0,uncertain,0.6,0.3,,127,29,1.0,,,,,,,,,,,,,,,,,,,,,,,,,,
16679,GOPRO INC,GoPro Says Has Begun Fulfilling Pre-Orders For HERO8 Black,0,increase,0.8,0.7,,123,28,2.0,,,,,,,,,,,,,,,,,,,,,,,,,,
16687,G S K PLC,Cantor Fitzgerald Upgrades GlaxoSmithKline to Buy,0,increase,0.8,0.7,,122,28,2.0,,,,,,,,,,,,,,,,,,,,,,,,,,
16695,GRAN TIERRA ENERGY INC,National Bank Financial Initiates Coverage On Gran Tierra Energy with Sector Perform Rating,0,uncertain,0.6,0.3,,130,29,1.0,,,,,,,,,,,,,,,,,,,,,,,,,,
16703,HECLA MINING CO,"B. Riley Maintains Neutral on Hecla Mining, Lowers Price Target to $1.8",0,decrease,0.8,0.7,,131,29,0.0,,,,,,,,,,,,,,,,,,,,,,,,,,
16711,HILTON WORLDWIDE HOLDINGS INC,Hilton Worldwide shares are trading higher in sympathy with the overall market after President Trump made positive remarks on the U.S.-China trade talks. Trump is scheduled to meet with Chinese Vice Premier Liu He at the White House today.,0,uncertain,0.6,0.3,,163,29,1.0,,,,,,,,,,,,,,,,,,,,,,,,,,
16719,HOVNANIAN ENTERPRISES INC,"Buckingham Maintains Neutral on Hovnanian Enterprises, Raises Price Target to $24",0,increase,0.8,0.7,,136,28,2.0,,,,,,,,,,,,,,,,,,,,,,,,,,
16727,INTERNATIONAL GAME TECH PLC,International Game Technology shares are trading higher in sympathy with the overall market after President Trump made positive remarks on the U.S.-China trade talks as traders grew more optimistic over the possibility of a limited trade deal.,0,increase,0.8,0.6,,149,28,2.0,,,,,,,,,,,,,,,,,,,,,,,,,,
16735,INFOSYS LTD,"Infosys Reports Q2 Profit 38.29B Rupees vs 38.79B Rupees In Same Qtr. Last Year, Sales 196.66B Rupees vs 182.97B Rupees Year Over Year",0,decrease,0.8,0.6,,157,29,0.0,,,,,,,,,,,,,,,,,,,,,,,,,,
16743,INTERNATIONAL PAPER CO,Shares of several packaging companies are trading higher in sympathy with the overall market after President Trump made positive remarks on US-China trade talks. Trump is scheduled to meet with Chinese Vice Premier Liu He at the White House today.,0,increase,0.8,0.6,,151,28,2.0,,,,,,,,,,,,,,,,,,,,,,,,,,
16751,J D COM INC,"86 Research Upgrades JD.com to Buy, Raises Price Target to $41",0,increase,0.9,0.8,,124,28,2.0,,,,,,,,,,,,,,,,,,,,,,,,,,
16759,JOHNSON & JOHNSON,Bernstein Upgrades Johnson & Johnson to Outperform,0,increase,0.8,0.7,,129,28,2.0,,,,,,,,,,,,,,,,,,,,,,,,,,
16767,KANDI TECHNOLOGIES GROUP INC,Kandi Technologies Reports Change Of Independent Accounting Firm To Marcum Bernstein & Pinchuk,0,uncertain,0.6,0.3,,134,29,1.0,,,,,,,,,,,,,,,,,,,,,,,,,,
16775,K T CORP,"New Street Upgrades KT to Buy, Announces $14.1 Price Target",0,increase,0.8,0.7,,125,28,2.0,,,,,,,,,,,,,,,,,,,,,,,,,,
16783,KRATOS DEFENSE & SECUR SOLS INC,"Kratos Wins $3.3M Sole-Source Contract For Production Of Jet Drone Target Aircraft, Related Systems",0,increase,0.8,0.7,,145,28,2.0,,,,,,,,,,,,,,,,,,,,,,,,,,
16791,KRANESHARES TRUST,"Jon Najarian Sees Unusual Options Activity In SmileDirectClub, Amarin",0,uncertain,0.6,0.3,,131,29,1.0,,,,,,,,,,,,,,,,,,,,,,,,,,
16799,LENNOX INTERNATIONAL INC,UPDATE: Morgan Stanley On Lennox International Also Notes 'The risk/reward appears unfavorable to us given a required acceleration in share gains to offset disruption despite weakening share trends in the last 2 3 years',0,decrease,0.8,0.7,,152,29,0.0,2019-10-11,87034.0,1.0244793258607388,6.369399301592482,2.061554436898927,0.727433618158102,0.0860526756305102,-0.4876585090939245,2.3815,1.3039,0.8438,1.23,0.47,0.19,0.007,1.336626,1.1916,-0.1624,-0.0658,3.4419,1.4101,-2.6593,0.0069,-3.5685,2.1526,-1.1655
16807,LENNOX INTERNATIONAL INC,"UPDATE: Morgan Stanley Maintains Underweight On Lennox International, Lowers Target To $207 Notes 'the replacement cycle is approaching a 2019 peak, after which the industry begins to lap the lower installations from the beginning of the housing crisis'",0,decrease,0.8,0.7,,160,29,0.0,2019-10-11,87034.0,1.0244793258607388,6.369399301592482,2.061554436898927,0.727433618158102,0.0860526756305102,-0.4876585090939245,2.3815,1.3039,0.8438,1.23,0.47,0.19,0.007,1.336626,1.1916,-0.1624,-0.0658,3.4419,1.4101,-2.6593,0.0069,-3.5685,2.1526,-1.1655
16815,LENNOX INTERNATIONAL INC,"Morgan Stanley Maintains Underweight on Lennox International, Lowers Price Target to $207",0,decrease,0.8,0.7,,130,29,0.0,2019-10-11,87034.0,1.0244793258607388,6.369399301592482,2.061554436898927,0.727433618158102,0.0860526756305102,-0.4876585090939245,2.3815,1.3039,0.8438,1.23,0.47,0.19,0.007,1.336626,1.1916,-0.1624,-0.0658,3.4419,1.4101,-2.6593,0.0069,-3.5685,2.1526,-1.1655
16823,MASTERCARD INC,Hearing Mastercard Exiting Facebook's Libra,0,uncertain,0.7,0.5,,120,29,1.0,2019-10-11,91233.0,0.1703458372503519,-1.91366707607874,-2.073140088822867,0.5840421654284,2.531163769815437,0.7268221276911735,0.7596,-0.3814,1.2658,1.23,0.47,0.19,0.007,-0.804334,0.1545,-0.562,0.5993,-0.8439,-1.1172,0.7992,-3.5741,-0.3362,1.8821,0.1185
16831,M S C I INC,"Buckingham Maintains Neutral on MSCI, Lowers Price Target to $218",0,decrease,0.8,0.7,,128,29,0.0,2019-10-11,92402.0,-0.0976351206190884,-0.4127315768327588,-1.3890760786245404,1.448941882699728,3.794694727189252,0.8424298128423269,1.2037,-0.0084,1.2048,1.23,0.47,0.19,0.007,-0.285204,-0.0386,-0.4131,0.0867,1.0246,-1.0553,0.1983,-3.315,0.738,0.9892,-0.6311
16839,ARCELORMITTAL S A LUXEMBOURG,ArcelorMittal SA shares are trading higher in sympathy with the overall market after President Trump made positive remarks on the U.S.-China trade talks. Trump is scheduled to meet with Chinese Vice Premier Liu He at the White House today.,0,increase,0.8,0.6,,173,28,2.0,2019-10-11,85261.0,-2.9810333624482155,-1.1517619458993875,4.810298555008918,6.951870769262314,8.527135357800542,5.740183390035214,5.4286,2.7862,1.7626,1.23,0.47,0.19,0.007,3.2536020000000008,-2.4287,-0.7193,-1.0565,0.8936,0.2512,1.2846,-0.8563,0.5304,-0.3791,1.8795
16847,NETFLIX INC,Big Tech Earnings Season: Here's How Large Options Traders Are Positioning,0,uncertain,0.6,0.3,,125,29,1.0,2019-10-11,89393.0,0.9189574047923088,-2.696782086793814,-2.15953984385554,4.840583354234695,3.6052046689848622,2.1934052830823614,0.8735,-0.9504,1.4687,1.23,0.47,0.19,0.007,-0.940001,1.2388,-2.2349,1.1084,1.456,-4.6869,0.1767,-3.0179,1.595,-0.9094,1.1763
16855,NOKIA CORP,Nokia Oyj shares are trading higher in sympathy with the overall market after President Trump made positive remarks on the U.S.-China trade talks. Trump is scheduled to meet with Chinese Vice Premier Liu He at the White House today.,0,uncertain,0.6,0.3,,157,29,1.0,2019-10-11,87128.0,-1.394425705075264,3.5856538317730946,-24.701196097494716,0.6110022775828838,0.8163257614721253,0.6110022793006653,1.6194,0.589,0.7497,1.23,0.47,0.19,0.007,0.690269,-1.1829,0.3393,1.6813,2.2345,-0.0597,-0.5643,-0.1431,-1.4913,-23.8645,-3.5946
16863,ORANGE,Orange shares are trading higher in sympathy with the overall market after President Trump made positive remarks on the U.S.-China trade talks. Trump is scheduled to meet with Chinese Vice Premier Liu He at the White House today.,0,increase,0.8,0.7,,147,28,2.0,2019-10-11,85425.0,-0.6165134254842997,2.466100746165334,0.1233074071252726,0.9548034518957138,1.2125053250332751,0.4433166648101228,2.2699,1.8893,0.3585,1.23,0.47,0.19,0.007,1.8219449999999997,-0.5862,0.8991,0.6722,0.4586,0.886,-0.6282,-0.0636,-0.0563,-1.2646,-0.8425
16871,PITNEY BOWES INC,Worldwide Parcel Volume To Hit 200 Billion By 2025: Pitney Bowes,0,increase,0.8,0.7,,131,28,2.0,2019-10-11,24459.0,1.3636350631713867,4.0909051106847505,17.499998765954892,6.601466238498688,1.869157066661664,2.3474155525649465,0.9174,-2.3283,1.7275,1.23,0.47,0.19,0.007,-1.214425,2.3398,-1.2831,0.2925,0.5189,-0.6453,2.6059,4.7595,-0.622,3.526,-1.7241
16879,P G & E CORP,PG&E Reported Fri. At Noon ~543K Customers Impacted By PSPS,0,uncertain,0.6,0.4,,129,29,1.0,2019-10-11,13688.0,-4.364094138145447,-3.2418978043651125,-37.655862498344504,-29.052820801734924,-28.532108051351024,-32.26086999038644,2.9525,1.6133,0.9771,1.23,0.47,0.19,0.007,1.743667,-4.1294,-0.4155,2.2513,-0.9887,-0.8045,2.7099,0.5947,0.8638,-11.9477,-31.1793
16887,P G & E CORP,"'Los Angeles police say 100,000 people ordered to evacuate their homes because of a wildfire on city's northern edge' -KRON4 News California",0,decrease,0.8,0.7,,144,29,0.0,2019-10-11,13688.0,-4.364094138145447,-3.2418978043651125,-37.655862498344504,-29.052820801734924,-28.532108051351024,-32.26086999038644,2.9525,1.6133,0.9771,1.23,0.47,0.19,0.007,1.743667,-4.1294,-0.4155,2.2513,-0.9887,-0.8045,2.7099,0.5947,0.8638,-11.9477,-31.1793
16895,P G & E CORP,"PG&E Shutoffs, California Wildfires: The Latest",0,uncertain,0.6,0.3,,125,29,1.0,2019-10-11,13688.0,-4.364094138145447,-3.2418978043651125,-37.655862498344504,-29.052820801734924,-28.532108051351024,-32.26086999038644,2.9525,1.6133,0.9771,1.23,0.47,0.19,0.007,1.743667,-4.1294,-0.4155,2.2513,-0.9887,-0.8045,2.7099,0.5947,0.8638,-11.9477,-31.1793
16903,P G & E CORP,"PG&E shares trading higher, rebounding following a 29% decline yesterday on news company was stripped of its right to exclusively pitch a reorg plan in court.",0,uncertain,0.6,0.4,,145,29,1.0,2019-10-11,13688.0,-4.364094138145447,-3.2418978043651125,-37.655862498344504,-29.052820801734924,-28.532108051351024,-32.26086999038644,2.9525,1.6133,0.9771,1.23,0.47,0.19,0.007,1.743667,-4.1294,-0.4155,2.2513,-0.9887,-0.8045,2.7099,0.5947,0.8638,-11.9477,-31.1793
16911,P G & E CORP,"UBS Maintains Neutral on PG&E, Lowers Price Target to $10",0,decrease,0.8,0.7,,129,29,0.0,2019-10-11,13688.0,-4.364094138145447,-3.2418978043651125,-37.655862498344504,-29.052820801734924,-28.532108051351024,-32.26086999038644,2.9525,1.6133,0.9771,1.23,0.47,0.19,0.007,1.743667,-4.1294,-0.4155,2.2513,-0.9887,-0.8045,2.7099,0.5947,0.8638,-11.9477,-31.1793
16919,P G & E CORP,"Saddleridge, CA Fire Spreads to 4,600 Acres According to Fire Officials",0,decrease,0.8,0.7,,132,29,0.0,2019-10-11,13688.0,-4.364094138145447,-3.2418978043651125,-37.655862498344504,-29.052820801734924,-28.532108051351024,-32.26086999038644,2.9525,1.6133,0.9771,1.23,0.47,0.19,0.007,1.743667,-4.1294,-0.4155,2.2513,-0.9887,-0.8045,2.7099,0.5947,0.8638,-11.9477,-31.1793
16927,P G & E CORP,PG&E Restores More Than Half of Customers Following Public Safety Power Shutoff,0,uncertain,0.6,0.3,,128,29,1.0,2019-10-11,13688.0,-4.364094138145447,-3.2418978043651125,-37.655862498344504,-29.052820801734924,-28.532108051351024,-32.26086999038644,2.9525,1.6133,0.9771,1.23,0.47,0.19,0.007,1.743667,-4.1294,-0.4155,2.2513,-0.9887,-0.8045,2.7099,0.5947,0.8638,-11.9477,-31.1793
16935,PROVIDENT FINANCIAL SVCS INC,"RBC Capital Initiates Coverage On Provident Financial with Sector Perform Rating, Announces $26 Price Target",0,uncertain,0.6,0.3,,138,29,1.0,2019-10-11,89653.0,0.0411193614127114,2.3026294007152615,3.2894784470635097,-0.0415119517128914,0.4170157632508386,-1.0275380792284516,0.9967,-0.3368,0.6529,1.23,0.47,0.19,0.007,0.1866329999999999,0.4484,0.0194,-0.4472,0.3712,0.6108,-0.244,-0.552,-0.4144,0.5529,-0.0499
16943,PARAMOUNT GROUP INC,"Morgan Stanley Upgrades Paramount Group to Overweight, Announces $15 Price Target",0,increase,0.8,0.7,,126,28,2.0,2019-10-11,15048.0,-0.0781267881393432,0.1562461233818535,3.515623520026523,-1.092038955539465,-0.860044248533065,-2.536509741579085,0.9464,0.1194,0.5755,1.23,0.47,0.19,0.007,0.231535,0.093,-0.0852,-0.2763,-0.4518,0.4002,0.8036,1.1197,0.4726,-0.2291,0.2515
16951,PENNYMAC MORTGAGE INV TR,"Deutsche Bank Initiates Coverage On PennyMac Mortgage with Buy Rating, Announces $24 Price Target",0,increase,0.8,0.7,,139,28,2.0,2019-10-11,92976.0,-0.3576214658096432,0.5811316439404024,1.0281606347566363,1.0699975304305551,0.9350030251014774,-0.1321585744146536,0.7658,0.0404,0.4166,1.23,0.47,0.19,0.007,0.246382,-0.1584,0.1825,-0.0719,0.2606,-0.1564,0.8597,0.2424,0.7275,-1.588,-0.5436
16959,P P L CORP,PPL shares are trading higher in sympathy with the overall market after President Trump made positive remarks on the U.S.-China trade talks. Trump is scheduled to meet with Chinese Vice Premier Liu He at the White House today.,0,uncertain,0.6,0.3,,154,29,1.0,2019-10-11,22517.0,2.290808781981468,1.908999230165187,5.6951985586341625,0.8248102851212025,1.1585580428435716,-0.8114249817915642,2.8469,2.5371,0.3519,1.23,0.47,0.19,0.007,2.407063,2.2525,-0.9407,1.6742,-0.8027,-0.3729,1.6512,0.228,1.1534,-0.0975,0.1569
16967,PERRIGO CO PLC,Argus Research Upgrades Perrigo Co to Buy,0,increase,0.8,0.7,,121,28,2.0,2019-10-11,77182.0,-0.7297893054783344,0.8607838789647326,1.1414682368826146,0.1540867378935217,0.1155205536931047,-2.821899484430302,2.7692,0.742,1.2443,1.23,0.47,0.19,0.007,1.231711,-0.1779,0.0389,0.0204,-0.2201,-0.3424,-1.1688,0.2527,0.0482,-0.3512,-0.8333
16975,QUALCOMM INC,"Tech Stocks See Volatile Amid China's 'Unreliable Entities' List Headline; Watching Apple, Qualcomm",0,uncertain,0.6,0.4,,129,29,1.0,2019-10-11,77178.0,-0.5215044599026442,1.2777096650503197,4.524121672139936,0.8338974788784981,2.910093144338277,-1.7945966946630645,2.3076,0.8191,1.0605,1.23,0.47,0.19,0.007,0.996185,-0.2527,0.9389,0.6079,0.4703,-1.3482,0.7709,-0.6406,-1.9033,2.361,0.8628
16983,UNIQURE N V,"Stifel Nicolaus Initiates Coverage On uniQure with Buy Rating, Announces $79 Price Target",0,increase,0.8,0.7,,133,28,2.0,2019-10-11,14466.0,-2.353759855031967,0.1165211346081607,15.194594168640307,2.48054601252079,0.1663887207942194,-1.1957844415642738,1.8272,-0.1513,1.2694,1.23,0.47,0.19,0.007,0.2588379999999999,-1.7253,4.1852,-2.1267,-0.2912,-0.6554,0.3367,1.0452,-1.8531,7.1632,6.4617
16991,REDHILL BIOPHARMA LTD,"RedHill Biopharma Offers Full Results From MAP US Phase 3 Study, Supportive Top-Line Results From MAP US2 Open-Label Extension Study With RHB-104 In Crohn's Disease",0,increase,0.8,0.7,,160,28,2.0,2019-10-11,13707.0,8.854161947965622,10.24304937760565,9.3749985665063,-1.8018001690506935,0.3067481187090326,-4.8034926460986505,-11.9266,-13.197,0.7115,1.23,0.47,0.19,0.007,-12.808745,9.1763,-2.294,-1.6437,0.4774,3.7286,2.9538,0.8003,-3.8661,-1.8811,0.2861
16999,RIO TINTO PLC,Rio Tinto shares are trading higher after Jefferies upgraded the company's stock from Hold to Buy.,0,increase,0.8,0.7,,133,28,2.0,2019-10-11,76221.0,-1.91106591373682,-3.595076163807698,-0.5487172141044661,2.7245253324508667,3.371242443678213,2.4351035147853306,3.831,2.7352,0.8133,1.23,0.47,0.19,0.007,2.823641,-1.7177,-1.6805,-1.6213,0.1851,0.5879,1.1229,0.6601,-0.4134,-0.1647,0.5609
17007,RIO TINTO PLC,Jefferies Upgrades Rio Tinto to Buy,0,increase,0.8,0.7,,123,28,2.0,2019-10-11,76221.0,-1.91106591373682,-3.595076163807698,-0.5487172141044661,2.7245253324508667,3.371242443678213,2.4351035147853306,3.831,2.7352,0.8133,1.23,0.47,0.19,0.007,2.823641,-1.7177,-1.6805,-1.6213,0.1851,0.5879,1.1229,0.6601,-0.4134,-0.1647,0.5609
17015,ROCKWELL AUTOMATION INC,"Morgan Stanley Maintains Underweight on Rockwell Automation, Lowers Price Target to $142",0,decrease,0.8,0.7,,134,29,0.0,2019-10-11,84381.0,0.018280791118741,3.1017647259877323,8.092625311337276,0.5782596301287413,0.991652070420801,-1.3635780965118085,6.0078,4.209,1.2529,1.23,0.47,0.19,0.007,4.459733,0.3877,0.7136,-1.4342,0.2047,2.0003,0.2855,-0.5289,0.3025,1.0925,1.3678
17023,SABRE CORP,"Sabre Corp Reports Eirad Int'l. Tours And Travels Signed New Tech Deal With Co. To Expand Reach In Region, No Terms Disclosed",0,increase,0.8,0.7,,142,28,2.0,2019-10-11,14608.0,-0.5591749213635921,-2.6327988878460107,1.630943233017068,0.1415036735124886,0.0471264366968426,-1.4391891839956927,1.0834,-0.0864,0.8596,1.23,0.47,0.19,0.007,0.0190920000000001,-0.3287,-0.5097,-0.4653,-0.2115,-1.6486,1.4012,-0.6366,0.9177,-0.2441,1.7225
17031,BOSTON BEER INC,Citigroup Upgrades Boston Beer Co to Buy,0,increase,0.8,0.7,,122,28,2.0,2019-10-11,82634.0,-1.7303466796875,-0.8739897276370479,-5.407652035079346,-0.0653799856081605,2.8586027774653022,1.9312306000881296,3.8992,3.1091,0.7086,1.23,0.47,0.19,0.007,3.020622,-1.6888,-1.2282,-0.8733,4.9471,-2.1535,0.0659,1.3812,-7.1933,2.1224,-1.8066
17039,SPIRIT AIRLINES INC,Spirit Airlines shares are trading higher after the company issued Q3 CASM ex-fuel up 8.5% from last year.,0,uncertain,0.6,0.4,,141,29,1.0,2019-10-11,12796.0,-0.6102563347667456,2.0249641038226907,5.214982209268038,0.8605368435382843,2.6888316577185156,-0.1175347524517644,6.0606,4.3278,1.1488,1.23,0.47,0.19,0.007,4.640576,-0.139,1.5691,-2.3265,1.057,0.7359,1.9556,-1.5984,1.1198,-1.3006,0.9474
17047,SHERWIN WILLIAMS CO,"Buckingham Maintains Neutral on Sherwin-Williams, Raises Price Target to $485",0,increase,0.8,0.7,,133,28,2.0,2019-10-11,36468.0,0.061810843180865,1.972686892561404,4.530823488054336,0.5471041891723871,2.3372549984243207,1.7149691739047013,-1.5554,-2.558,0.8223,1.23,0.47,0.19,0.007,-2.573829,0.1866,0.6853,1.1973,-0.9743,0.5183,-2.408,3.3719,-0.7295,1.5106,-0.2396
17055,SEMPRA ENERGY,Hearing Sempra Energy Says Doesn't Expect Wellheads to be Damaged in Fire,0,uncertain,0.7,0.3,,126,29,1.0,2019-10-11,86136.0,-0.041248757042922,0.5086193293186714,-1.0447482230385496,-0.1568437903188169,0.3426769742590263,-0.0136509020234543,-0.6284,-0.7661,0.3485,1.23,0.47,0.19,0.007,-1.064055,-0.1858,-0.5511,0.2403,0.3726,0.9571,0.0593,0.6461,0.6496,-0.3359,-2.7707
17063,STREAMLINE HEALTH SOLUTIONS INC,Streamline Health Reports $9.7M Private Placement Of Common Shares,0,increase,0.8,0.7,,127,28,2.0,2019-10-11,83391.0,-1.390912290662527,7.272720344307904,13.636361043035071,-7.589288800954819,-2.9080689735358045,8.947366816481694,6.2802,6.3174,0.0945,1.23,0.47,0.19,0.007,6.1569650000000005,-1.4894,0.5299,1.9266,5.7754,0.6812,14.3664,0.0011,-13.4162,2.5137,4.1317
17071,STANLEY BLACK & DECKER INC,Stanley Black & Decker Option Alert: Apr 17 $160 Calls at the Ask: 1500 @ $7.25 vs 0 OI; Earnings 10/24 Before Open Ref=$146.86,0,increase,0.8,0.7,,163,28,2.0,2019-10-11,43350.0,0.4089185036718845,2.1536180283074025,3.1486472913997865,1.7829900607466698,3.952917556173974,1.152481987031284,4.4862,2.3488,1.4963,1.23,0.47,0.19,0.007,2.6387510000000005,0.8422,-0.5771,-0.8242,0.2263,1.1743,-0.7628,0.3182,0.9759,-4.4671,2.4108
17079,SOUTHWESTERN ENERGY CO,Capital One Financial Upgrades Southwestern Energy to Equal-Weight,0,increase,0.8,0.6,,127,28,2.0,2019-10-11,63765.0,1.538460049778223,3.076920029112351,8.717940258603152,4.519776627421379,3.351958999171911,-0.5376336915065449,5.4054,2.067,1.7508,1.23,0.47,0.19,0.007,3.244916000000001,2.4692,0.8968,-1.258,5.241,-7.0998,-1.8254,-1.2399,2.0414,-2.7952,4.972
17087,SYSCO CORP,"Sysco Is Growing, But Showing A Mix Of Both Strengths And Weaknesses",0,uncertain,0.7,0.5,,126,29,1.0,2019-10-11,52038.0,0.1521429046988487,0.3423312254942967,0.3803669711841095,0.1023695804178714,0.8508491107461991,0.0127871541384605,0.8181,0.337,0.4294,1.23,0.47,0.19,0.007,0.282938,0.197,-0.3459,-0.0677,0.2117,0.2297,0.1748,-0.2907,-0.2662,-0.1412,0.0835
17095,MOLSON COORS BEVERAGE CO,Redburn Downgrades Molson Coors Brewing to Sell,0,decrease,0.8,0.7,,128,29,0.0,2019-10-11,59248.0,0.3210850991308689,1.6410954946690648,1.3913640873834732,0.3783154534175992,0.6866661975351018,-0.8011339767862613,0.6102,-0.3297,0.704,1.23,0.47,0.19,0.007,-0.2627199999999999,0.4378,0.2167,-0.5726,1.1717,-0.1992,-0.367,3.5217,-0.0515,-0.6509,-3.8899
17103,MOLSON COORS BEVERAGE CO,Redburn Downgrades Molson Coors Brewing to Sell,0,decrease,0.8,0.7,,128,29,0.0,2019-10-11,59248.0,0.3210850991308689,1.6410954946690648,1.3913640873834732,0.3783154534175992,0.6866661975351018,-0.8011339767862613,0.6102,-0.3297,0.704,1.23,0.47,0.19,0.007,-0.2627199999999999,0.4378,0.2167,-0.5726,1.1717,-0.1992,-0.367,3.5217,-0.0515,-0.6509,-3.8899
17111,TEREX CORP NEW,Barclays Downgrades Terex to Underweight,0,decrease,0.8,0.7,,121,29,0.0,2019-10-11,58318.0,0.8022417314350605,8.10268947073347,16.446050498432196,1.8827497959136963,2.276627069904835,-0.7503137863901665,4.7039,2.1374,1.6195,1.23,0.47,0.19,0.007,2.7049150000000006,1.4361,0.6172,-2.2645,3.4105,2.9686,-0.4144,2.3684,0.8248,0.2747,1.3632
17119,TARGA RESOURCES CORP,"Stifel Nicolaus Downgrades Targa Resources to Hold, Announces $41 Price Target",0,decrease,0.8,0.7,,134,29,0.0,2019-10-11,12476.0,-2.5595497339963913,-0.2280794073014624,3.5732384954964447,1.4944931492209437,2.1911245639602006,-1.8260238558318376,1.9375,-0.2433,1.4247,1.23,0.47,0.19,0.007,0.1781190000000001,-2.105,-0.2709,0.0754,-0.489,0.9368,-1.4545,1.2429,0.5593,1.1881,-0.64
17127,ISHARES INC,"Stocks Fail To React Amid Report 'Turkey bombs US special forces in Syria attack, apparently by mistake'",0,uncertain,0.6,0.3,,131,29,1.0,2019-10-11,92600.0,-3.894465789198875,2.1775563161860356,5.025128816392099,0.040892930701375,-2.5886161762701643,-2.97501009290867,-2.3712,-3.3804,0.6742,1.23,0.47,0.19,0.007,-3.207466,-3.6952,1.0317,-1.2424,3.2748,2.3713,-2.4314,1.9885,3.163,-1.1045,0.0082
17135,ISHARES INC,"Treasury Secretary Mnuchin Says There Are No Sanctions Against Turkey, But There May be at Some Point in Time",0,uncertain,0.7,0.3,,135,29,1.0,2019-10-11,92600.0,-3.894465789198875,2.1775563161860356,5.025128816392099,0.040892930701375,-2.5886161762701643,-2.97501009290867,-2.3712,-3.3804,0.6742,1.23,0.47,0.19,0.007,-3.207466,-3.6952,1.0317,-1.2424,3.2748,2.3713,-2.4314,1.9885,3.163,-1.1045,0.0082
17143,ISHARES INC,"'Turkey assault on Syria has displaced 100,000 people, according to UN' -AFP Tweet",0,uncertain,0.6,0.3,,132,29,1.0,2019-10-11,92600.0,-3.894465789198875,2.1775563161860356,5.025128816392099,0.040892930701375,-2.5886161762701643,-2.97501009290867,-2.3712,-3.3804,0.6742,1.23,0.47,0.19,0.007,-3.207466,-3.6952,1.0317,-1.2424,3.2748,2.3713,-2.4314,1.9885,3.163,-1.1045,0.0082
17151,ISHARES INC,"US Defense Secretary Esper Says Told Turkish Defense Administer Nation's Action Is Damaging Relationship With US, Turkey",0,uncertain,0.6,0.3,,133,29,1.0,2019-10-11,92600.0,-3.894465789198875,2.1775563161860356,5.025128816392099,0.040892930701375,-2.5886161762701643,-2.97501009290867,-2.3712,-3.3804,0.6742,1.23,0.47,0.19,0.007,-3.207466,-3.6952,1.0317,-1.2424,3.2748,2.3713,-2.4314,1.9885,3.163,-1.1045,0.0082
17159,TRADEWEB MARKETS INC,TradeWeb Shares Volatile Over Last Few Mins.; Hearing TradeWeb Markets Planning Secondary Offering Between $600M-$1B,0,uncertain,0.7,0.5,,136,29,1.0,2019-10-11,18480.0,-0.8939672261476517,3.0543818132721334,1.4402734080942947,3.0630111694335938,5.7172219609370245,2.1144240669155323,-1.9001,-2.3899,0.3146,1.23,0.47,0.19,0.007,-2.2940579999999997,-0.769,-0.5037,5.9657,1.8097,-3.4167,2.6763,-1.3141,-3.4932,1.3109,-0.9281
17167,THERAPEUTICSMD INC,TherapeuticsMD Reports Presentations On ANNOVERA At American Society for Reproductive Medicine,0,uncertain,0.6,0.3,,135,29,1.0,2019-10-11,13863.0,2.210664190351963,-4.681406283802991,-26.137844905348917,4.891299456357956,7.073505437885208,4.607041603698092,-0.3886,-2.5486,1.0939,1.23,0.47,0.19,0.007,-1.741097,2.9672,-2.075,-6.012,-0.4382,-0.5364,2.7796,-0.647,-2.1682,-22.331,-2.0571
17175,UNITED STATES NATURAL GAS FD L P,Baker Hughes Reports US Oil Rigs Up 2 Last Week,0,uncertain,0.6,0.3,,130,29,1.0,2019-10-11,91947.0,2.8376195579767227,5.4650498507973655,2.3646812839423825,-1.5127851627767086,-3.771669900910613,-4.308162139112525,0.7945,0.5586,0.1798,1.23,0.47,0.19,0.007,0.566346,2.7901,2.448,-1.9617,1.588,0.3212,-3.6554,-0.7428,-1.0196,1.9333,-0.1493
17183,UNITED STATES NATURAL GAS FD L P,Baker Hughes Reports US Total Rigs Up 1 Last Week,0,uncertain,0.6,0.3,,130,29,1.0,2019-10-11,91947.0,2.8376195579767227,5.4650498507973655,2.3646812839423825,-1.5127851627767086,-3.771669900910613,-4.308162139112525,0.7945,0.5586,0.1798,1.23,0.47,0.19,0.007,0.566346,2.7901,2.448,-1.9617,1.588,0.3212,-3.6554,-0.7428,-1.0196,1.9333,-0.1493
17191,VALLEY NATIONAL BANCORP,"RBC Capital Initiates Coverage On Valley National with Outperform Rating, Announces $13 Price Target",0,increase,0.8,0.7,,135,28,2.0,2019-10-11,80072.0,-0.1787265879102051,2.4575565663167875,3.8427196559728705,0.7903303951025009,2.312410392244746,0.3703700835762546,3.2288,1.2791,1.0253,1.23,0.47,0.19,0.007,1.960681,0.3685,0.0563,-0.5491,-0.5744,1.2889,0.277,-1.0505,-0.9635,1.4343,-0.9716
17199,VORNADO REALTY TRUST,Morgan Stanley Downgrades Vornado Realty to Equal-Weight,0,decrease,0.8,0.7,,127,29,0.0,2019-10-11,28388.0,-0.7183920126408339,-0.3512151630049809,2.618134480749945,-0.4322773776948452,-0.9871082826048094,-2.1862270200412315,0.7236,0.011,0.5947,1.23,0.47,0.19,0.007,-0.014881,-0.6391,1.4669,-0.6554,-0.6637,-0.1207,1.125,0.6086,1.5009,-0.4478,-0.6625
17207,WORKDAY INC,Workday shares are trading higher after Goldman Sachs upgraded the stock from Neutral to Buy and announced a price target of $223 per shares.,0,increase,0.9,0.8,,133,28,2.0,2019-10-11,13628.0,-0.110838480759412,-14.3538067748763,-10.912216038769309,0.5943874828517437,2.849726607521341,-1.979301139491585,3.5108,2.0332,1.3221,1.23,0.47,0.19,0.007,1.877617,0.1382,-1.3336,-10.7963,-2.5713,-0.3553,-0.832,0.8084,-0.4832,2.7157,0.7646
17215,WORKDAY INC,"Goldman Sachs Upgrades Workday to Buy, Announces $223 Price Target",0,increase,0.9,0.8,,123,28,2.0,2019-10-11,13628.0,-0.110838480759412,-14.3538067748763,-10.912216038769309,0.5943874828517437,2.849726607521341,-1.979301139491585,3.5108,2.0332,1.3221,1.23,0.47,0.19,0.007,1.877617,0.1382,-1.3336,-10.7963,-2.5713,-0.3553,-0.832,0.8084,-0.4832,2.7157,0.7646
17223,WENDYS CO,Pete Najarian Sees Unusual Options Activity In Wendy's,0,uncertain,0.6,0.3,,122,29,1.0,2019-10-11,19828.0,1.780552975833416,3.946100309764789,2.6467718843114607,-0.5967222154140472,-3.4660274650377683e-09,-0.5967222188593913,3.952,3.4157,0.5526,1.23,0.47,0.19,0.007,3.265302,1.8055,-1.7648,1.9292,0.5574,1.3094,-0.3524,0.6243,-0.9982,-0.9927,-0.1406
17231,WENDYS CO,"Wendy's Sees FY21-FY24 Outlook: Global Systemwide Sales Growth ~4-5%, Adj. EBITDA Growth In High Single Digit Range",0,increase,0.8,0.7,,143,28,2.0,2019-10-11,19828.0,1.780552975833416,3.946100309764789,2.6467718843114607,-0.5967222154140472,-3.4660274650377683e-09,-0.5967222188593913,3.952,3.4157,0.5526,1.23,0.47,0.19,0.007,3.265302,1.8055,-1.7648,1.9292,0.5574,1.3094,-0.3524,0.6243,-0.9982,-0.9927,-0.1406
17239,WENDYS CO,"Wendy's Issues Press Release With Highlights From 2019 Investor Day: Sees FY20 Global Systemwide Sales $12B-$12.5B, Adj. EBITDA $425M-$435M, Free Cash Flow $235M-$245M",0,increase,0.8,0.7,,163,28,2.0,2019-10-11,19828.0,1.780552975833416,3.946100309764789,2.6467718843114607,-0.5967222154140472,-3.4660274650377683e-09,-0.5967222188593913,3.952,3.4157,0.5526,1.23,0.47,0.19,0.007,3.265302,1.8055,-1.7648,1.9292,0.5574,1.3094,-0.3524,0.6243,-0.9982,-0.9927,-0.1406
17247,WENDYS CO,"Wendy's Shares Pullback From Session High, Hearing Co., At Investor Day Meeting, Guided Down Q2 EBITDA Growth",0,decrease,0.8,0.7,,137,29,0.0,2019-10-11,19828.0,1.780552975833416,3.946100309764789,2.6467718843114607,-0.5967222154140472,-3.4660274650377683e-09,-0.5967222188593913,3.952,3.4157,0.5526,1.23,0.47,0.19,0.007,3.265302,1.8055,-1.7648,1.9292,0.5574,1.3094,-0.3524,0.6243,-0.9982,-0.9927,-0.1406
17255,WENDYS CO,Wendy's Option Alert: Oct 18 $21 Calls Sweep (4) near the Ask: 3906 @ $0.238 vs 3658 OI; Earnings 11/5 After Close [est] Ref=$20.57,0,increase,0.8,0.7,,161,28,2.0,2019-10-11,19828.0,1.780552975833416,3.946100309764789,2.6467718843114607,-0.5967222154140472,-3.4660274650377683e-09,-0.5967222188593913,3.952,3.4157,0.5526,1.23,0.47,0.19,0.007,3.265302,1.8055,-1.7648,1.9292,0.5574,1.3094,-0.3524,0.6243,-0.9982,-0.9927,-0.1406
17263,WENDYS CO,Wendy's shares trading higher following raised guidance.,0,increase,0.8,0.7,,119,28,2.0,2019-10-11,19828.0,1.780552975833416,3.946100309764789,2.6467718843114607,-0.5967222154140472,-3.4660274650377683e-09,-0.5967222188593913,3.952,3.4157,0.5526,1.23,0.47,0.19,0.007,3.265302,1.8055,-1.7648,1.9292,0.5574,1.3094,-0.3524,0.6243,-0.9982,-0.9927,-0.1406
17271,WENDYS CO,Beyond Meat Shares Appear Unaffected As Wendy's Exec At Investor Day Says Co. Working On A Black Bean Burger,0,uncertain,0.6,0.3,,132,29,1.0,2019-10-11,19828.0,1.780552975833416,3.946100309764789,2.6467718843114607,-0.5967222154140472,-3.4660274650377683e-09,-0.5967222188593913,3.952,3.4157,0.5526,1.23,0.47,0.19,0.007,3.265302,1.8055,-1.7648,1.9292,0.5574,1.3094,-0.3524,0.6243,-0.9982,-0.9927,-0.1406
17279,WENDYS CO,"Wendy's Investor Day Presentation By Pres, CEO Todd Penegor",0,uncertain,0.6,0.3,,124,29,1.0,2019-10-11,19828.0,1.780552975833416,3.946100309764789,2.6467718843114607,-0.5967222154140472,-3.4660274650377683e-09,-0.5967222188593913,3.952,3.4157,0.5526,1.23,0.47,0.19,0.007,3.265302,1.8055,-1.7648,1.9292,0.5574,1.3094,-0.3524,0.6243,-0.9982,-0.9927,-0.1406
17287,WENDYS CO,"Wendy's Shares Up 7.6% As Co. Raised Guidance At Investor Day: Sees Global Sales Near Higher End Of Previously-Issued Range, Q3 Comps At 4.4%",0,increase,0.9,0.7,,152,28,2.0,2019-10-11,19828.0,1.780552975833416,3.946100309764789,2.6467718843114607,-0.5967222154140472,-3.4660274650377683e-09,-0.5967222188593913,3.952,3.4157,0.5526,1.23,0.47,0.19,0.007,3.265302,1.8055,-1.7648,1.9292,0.5574,1.3094,-0.3524,0.6243,-0.9982,-0.9927,-0.1406
17295,WERNER ENTERPRISES INC,"Federal Appeals Court Overturns Nearly $800,000 Award In Werner Driver Trainee FLSA Lawsuit",0,uncertain,0.7,0.3,,137,29,1.0,2019-10-11,10397.0,0.0568033487070351,3.0957120520130443,10.337970662378538,0.4349020309746265,0.7269555507883663,0.0288718611003213,1.6455,0.0328,0.9215,1.23,0.47,0.19,0.007,0.505055,0.4834,-1.115,1.8046,1.0079,-0.4393,0.6851,1.8858,-0.4258,0.9894,1.7978
17303,WERNER ENTERPRISES INC,"Truckload Estimates Lower, Sentiment Higher",0,uncertain,0.6,0.3,,124,29,1.0,2019-10-11,10397.0,0.0568033487070351,3.0957120520130443,10.337970662378538,0.4349020309746265,0.7269555507883663,0.0288718611003213,1.6455,0.0328,0.9215,1.23,0.47,0.19,0.007,0.505055,0.4834,-1.115,1.8046,1.0079,-0.4393,0.6851,1.8858,-0.4258,0.9894,1.7978
17311,WERNER ENTERPRISES INC,"UBS Maintains Neutral on Werner Enterprises, Raises Price Target to $38",0,increase,0.8,0.7,,130,28,2.0,2019-10-11,10397.0,0.0568033487070351,3.0957120520130443,10.337970662378538,0.4349020309746265,0.7269555507883663,0.0288718611003213,1.6455,0.0328,0.9215,1.23,0.47,0.19,0.007,0.505055,0.4834,-1.115,1.8046,1.0079,-0.4393,0.6851,1.8858,-0.4258,0.9894,1.7978
17319,WYNN RESORTS LTD,Shares of several casino resort companies are trading higher after President Trump made positive remarks on the U.S.-China trade talks as traders grew more optimistic over the possibility of a limited trade deal. Trump is scheduled to meet with Chinese Vice Premier Liu He at the White House today.,0,increase,0.8,0.7,,168,28,2.0,2019-10-11,89533.0,-0.4078729078173637,0.6561427303869216,7.155523860531243,1.570579782128334,3.4025522084009108,-0.8970278912853402,6.336,3.8838,1.6741,1.23,0.47,0.19,0.007,4.269857000000001,0.1734,0.377,-0.8674,-0.9983,0.4466,1.5117,-0.8153,-0.3045,1.0524,2.0883
17327,WYNN RESORTS LTD,Wynn Resorts Option Alert: Oct 18 $111 Calls Sweep (2) near the Ask: 944 @ $1.571 vs 1637 OI; Earnings 11/6 After Close [est] Ref=$108.23,0,uncertain,0.6,0.3,,165,29,1.0,2019-10-11,89533.0,-0.4078729078173637,0.6561427303869216,7.155523860531243,1.570579782128334,3.4025522084009108,-0.8970278912853402,6.336,3.8838,1.6741,1.23,0.47,0.19,0.007,4.269857000000001,0.1734,0.377,-0.8674,-0.9983,0.4466,1.5117,-0.8153,-0.3045,1.0524,2.0883
17335,YANDEX N V,Yandex Option Alert: Oct 18 $33 Calls Sweep (38) near the Ask: 1756 @ $0.25 vs 19 OI; Earnings 10/25 Before Open Ref=$30.63,0,increase,0.8,0.7,,157,28,2.0,2019-10-11,12799.0,1.0336761362850666,-0.7669209017724277,7.602536303824858,-0.2804219722747803,0.4519769359448089,0.7936581549627952,-15.6637,-17.1356,0.9493,1.23,0.47,0.19,0.007,-16.838339,1.338,-0.4855,-0.915,-0.5138,-0.8615,9.4654,-1.3117,-0.7784,1.8575,-1.8171
17343,YANDEX N V,Yandex NV shares are trading lower after a media report on concerns over draft law on limiting foreign ownership.,0,uncertain,0.7,0.5,,131,29,1.0,2019-10-11,12799.0,1.0336761362850666,-0.7669209017724277,7.602536303824858,-0.2804219722747803,0.4519769359448089,0.7936581549627952,-15.6637,-17.1356,0.9493,1.23,0.47,0.19,0.007,-16.838339,1.338,-0.4855,-0.915,-0.5138,-0.8615,9.4654,-1.3117,-0.7784,1.8575,-1.8171
17351,ADOBE INC,"Barclays Maintains Overweight on Adobe, Lowers Price Target to $325",0,uncertain,0.6,0.3,,126,29,1.0,,,,,,,,,,,,,,,,,,,,,,,,,,
17359,AGILE THERAPEUTICS INC,Agile Therapeutics Q3 EPS $(0.08) Up From $(0.11) YoY,0,uncertain,0.6,0.3,,138,29,1.0,,,,,,,,,,,,,,,,,,,,,,,,,,
17367,AKAMAI TECHNOLOGIES INC,"Akamai Technologies Q3 Adj. EPS $1.1 Beats $1 Estimate, Sales $709.912M Beat $701.27M Estimate",0,increase,0.8,0.7,,146,28,2.0,,,,,,,,,,,,,,,,,,,,,,,,,,
17375,AKAMAI TECHNOLOGIES INC,Akamai Technologies Q3 Earnings Preview,0,uncertain,0.7,0.3,,124,29,1.0,,,,,,,,,,,,,,,,,,,,,,,,,,
17383,ALBEMARLE CORP,Bank of America Downgrades Albemarle to Underperform,0,decrease,0.8,0.7,,127,29,0.0,,,,,,,,,,,,,,,,,,,,,,,,,,
17391,ALIGN TECHNOLOGY INC,Align Technology shares are trading higher in sympathy with the overall market from progression in U.S.-China trade talks and positive sentiment from strong earnings reports.,0,increase,0.8,0.7,,137,28,2.0,,,,,,,,,,,,,,,,,,,,,,,,,,
17399,ALASKA AIRGROUP INC,"JP Morgan Downgrades Alaska Air Group to Neutral, Lowers Price Target to $76",0,decrease,0.8,0.7,,130,29,0.0,,,,,,,,,,,,,,,,,,,,,,,,,,
17407,ALLEGION PLC,"Imperial Capital Maintains In-Line on Allegion, Raises Price Target to $116",0,increase,0.8,0.7,,126,28,2.0,,,,,,,,,,,,,,,,,,,,,,,,,,
17415,AUTOLIV INC,"Buckingham Maintains Neutral on Autoliv, Raises Price Target to $75",0,increase,0.8,0.6,,126,28,2.0,,,,,,,,,,,,,,,,,,,,,,,,,,
17423,ALEXANDERS INC,Alexander's Q3 Adj. FFO $4.92 Up From $4.52 YoY,0,increase,0.8,0.1,,131,28,2.0,,,,,,,,,,,,,,,,,,,,,,,,,,
17431,A M T D IDEA GROUP,Analyst: $0 Commissions Makes E*TRADE A Buyout Target,0,increase,0.8,0.7,,129,28,2.0,,,,,,,,,,,,,,,,,,,,,,,,,,
17439,AUTONATION INC DEL,Q3 Earnings Outlook For AutoNation,0,uncertain,0.6,0.3,,119,29,1.0,,,,,,,,,,,,,,,,,,,,,,,,,,
17447,APOLLO GLOBAL MANAGEMENT INC NEW,"Apollo to Acquire 7.5M Shares of Athene for $46.20/Share, 28M Athene Shares to be Acquired for a 7% Equity Stake in Apollo",0,increase,0.8,0.7,,155,28,2.0,,,,,,,,,,,,,,,,,,,,,,,,,,
17455,ALEXANDRIA REAL EST EQUITIES INC,"Alexandria Real Estate Q3 FFO $1.75 Up From $1.66 YoY, EPS $(0.44), Sales $390.5M Up From $341.823M YoY",0,increase,0.8,0.6,,164,28,2.0,,,,,,,,,,,,,,,,,,,,,,,,,,
17463,ALLIANCE RESOURCE PARTNERS,Alliance Resource Partners LP shares are trading lower after the company reported worse-than-expected Q3 EPS and sales results.,0,decrease,0.8,0.7,,138,29,0.0,,,,,,,,,,,,,,,,,,,,,,,,,,
17471,ALLIANCE RESOURCE PARTNERS,"Alliance Resource Q3 EPS $0.42 Misses $0.47 Estimate, Sales $464.726M Miss $518.27M Estimate",0,decrease,0.8,0.7,,146,29,0.0,,,,,,,,,,,,,,,,,,,,,,,,,,
17479,ASSEMBLY BIOSCIENCES INC,Assembly Biosciences Announces Thomas Russo CFO,0,uncertain,0.6,0.3,,124,29,1.0,,,,,,,,,,,,,,,,,,,,,,,,,,
17487,ACTINIUM PHARMACEUTICALS INC,Actinium Pharmaceuticals shares are trading lower after the company reported results from the pivotal Iomab-B Phase 3 SIERRA trial.,0,decrease,0.8,0.9,,147,29,0.0,,,,,,,,,,,,,,,,,,,,,,,,,,
17495,ACTINIUM PHARMACEUTICALS INC,Actinium Announces 'Positive' Interim Results from Iomab-B Pivotal Phase 3 SIERRA Trial,0,increase,0.9,0.8,,146,28,2.0,,,,,,,,,,,,,,,,,,,,,,,,,,
17503,ACTIVISION BLIZZARD INC,How The Hong Kong Protests Are Landing Companies In Hot Water,0,uncertain,0.6,0.3,,129,29,1.0,,,,,,,,,,,,,,,,,,,,,,,,,,
17511,AVALONBAY COMMUNITIES INC,"AvalonBay Communities Q3 Core FFO $2.28, Same YoY, EPS $1.39",0,uncertain,0.6,0.3,,143,29,1.0,,,,,,,,,,,,,,,,,,,,,,,,,,
17519,ARMSTRONG WORLD INDS INC NEW,Armstrong World Indus ; Lowers FY2019 Sales Guidance from $1.043571B-1.07283B to $1.04B-1.05B,0,decrease,0.8,0.7,,154,29,0.0,,,,,,,,,,,,,,,,,,,,,,,,,,
17527,ARMSTRONG WORLD INDS INC NEW,"Armstrong World Indus Q3 EPS $1.38 Beats $1.3 Estimate, Sales $277.1M Miss $290.65M Estimate",0,uncertain,0.6,0.5,,149,29,1.0,,,,,,,,,,,,,,,,,,,,,,,,,,
17535,ASTRAZENECA PLC,"AstraZeneca Issues Press Release Confirmed IMFINZI, IMFINZI Plus Tremelimumab Delayed Disease Progression In Phase 3 POSEIDON Trial",0,increase,0.9,0.8,,150,28,2.0,,,,,,,,,,,,,,,,,,,,,,,,,,
17543,ASTRAZENECA PLC,AstraZeneca's Triple Combo Lung Cancer Therapy Aces Late-Stage Trial,0,increase,0.9,0.8,,129,28,2.0,,,,,,,,,,,,,,,,,,,,,,,,,,
17551,ASTRAZENECA PLC,"AstraZeneca Shares Resume Trade, Up 1.3% For Session",0,increase,0.8,0.1,,129,28,2.0,,,,,,,,,,,,,,,,,,,,,,,,,,
17559,ASTRAZENECA PLC,"CORRECTION On Aggregated Headline From 2 Other Publications: AstraZeneca Reported Imfinzi, Imfinzi Plus Tremelimumab Delayed Disease Progression In Phase 3 POSEIDON Trial",0,increase,0.8,0.7,,158,28,2.0,,,,,,,,,,,,,,,,,,,,,,,,,,
17567,ASTRAZENECA PLC,UPDATE: AstraZeneca Says Triple Combo Did Not Result In Increased Discontinuation Of Threapy,0,uncertain,0.7,0.3,,134,29,1.0,,,,,,,,,,,,,,,,,,,,,,,,,,
17575,ASTRAZENECA PLC,UPDATE: AstraZeneca Says Phase 3 Poseidon Trial Met Primary Endpoint,0,increase,0.8,0.7,,129,28,2.0,,,,,,,,,,,,,,,,,,,,,,,,,,
17583,ASTRAZENECA PLC,UPDATE: AstraZeneca Says Poseidon Trial Will Continue To Assess Added Primary Endpoint Of Overall Survival,0,uncertain,0.7,0.3,,133,29,1.0,,,,,,,,,,,,,,,,,,,,,,,,,,
17591,ASTRAZENECA PLC,"AstraZeneca Says Imfinzi, Imfinzi Plus Tremelimumab Delayed Disease Progression In Phase 3 POSEIDON Trial",0,increase,0.8,0.7,,144,28,2.0,,,,,,,,,,,,,,,,,,,,,,,,,,
17599,ASTRAZENECA PLC,AstraZeneca Shares Halted News Pending,0,uncertain,0.7,0.5,,122,29,1.0,,,,,,,,,,,,,,,,,,,,,,,,,,
17607,ASTRAZENECA PLC,NeoTX Announces First Patient Dosed in Phase 1b Trial of Naptumomab Estafenatox (Nap) in Combination with AstraZeneca's Durvalumab in Solid Tumors,0,increase,0.8,0.7,,158,28,2.0,,,,,,,,,,,,,,,,,,,,,,,,,,
17615,BARNES GROUP INC,"UBS Maintains Neutral on Barnes Gr, Raises Price Target to $60",0,increase,0.8,0.6,,126,28,2.0,,,,,,,,,,,,,,,,,,,,,,,,,,
17623,BANK OF AMERICA CORP,Odeon Capital Upgrades Bank of America to Buy,0,increase,0.8,0.7,,124,28,2.0,,,,,,,,,,,,,,,,,,,,,,,,,,
17631,BAXTER INTERNATIONAL INC,"UBS Maintains Buy on Baxter International, Lowers Price Target to $95",0,uncertain,0.6,0.3,,127,29,1.0,,,,,,,,,,,,,,,,,,,,,,,,,,
17639,BANCO BRADESCO S A,Shares of Brazilian companies are trading higher ahead of the central bank's rate decision on Wednesday. Economists expect rates to be cut to new lows.,0,increase,0.8,0.7,,145,28,2.0,,,,,,,,,,,,,,,,,,,,,,,,,,
17647,BRUNSWICK CORP,"KeyBanc Maintains Overweight on Brunswick, Raises Price Target to $65",0,increase,0.8,0.7,,129,28,2.0,,,,,,,,,,,,,,,,,,,,,,,,,,
17655,BRAINSTORM CELL THERAPEUTICS INC,BrainStorm Cell Therapeutics' Data Safety Monitoring Board Recommends ALS Phase 3 Clinical Trial Continue,0,increase,0.9,0.8,,140,28,2.0,,,,,,,,,,,,,,,,,,,,,,,,,,
17663,BECTON DICKINSON & CO,Becton Dickinson On October 28 Entered Into An Agreement With EPD That Resolved Litigation; BD To Voluntarily Suspend Sterilization Operations At Its Covington Facility From Oct. 30 To Nov.6,0,uncertain,0.6,0.3,,165,29,1.0,,,,,,,,,,,,,,,,,,,,,,,,,,
17671,BERKSHIRE HILLS BANCORP INC,Berkshire Hills Bancorp Names Bill Dunlaevy Chair,0,uncertain,0.6,0.3,,136,29,1.0,,,,,,,,,,,,,,,,,,,,,,,,,,
17679,BERKSHIRE HILLS BANCORP INC,Berkshire Hills Bancorp Q3 EPS $0.44 Misses $0.51 Estimate,0,decrease,0.8,0.7,,143,29,0.0,,,,,,,,,,,,,,,,,,,,,,,,,,
17687,BIOMARIN PHARMACEUTICAL INC,"Canaccord Genuity Maintains Buy on Biomarin Pharmaceutical, Lowers Price Target to $108",0,uncertain,0.6,0.3,,141,29,1.0,,,,,,,,,,,,,,,,,,,,,,,,,,
17695,BANK OF HAWAII CORP,"Bank of Hawaii Q3 EPS $1.29 Misses $1.38 Estimate, Sales $171.403M Beat $169.47M Estimate",0,uncertain,0.6,0.3,,148,29,1.0,,,,,,,,,,,,,,,,,,,,,,,,,,
17703,BROWN & BROWN INC,"Brown & Brown Q3 Adj. EPS $0.39 Beats $0.38 Estimate, Sales $618.7M Beat $609.98M Estimate",0,increase,0.8,0.7,,145,28,2.0,,,,,,,,,,,,,,,,,,,,,,,,,,
17711,BRIXMOR PROPERTY GROUP INC,"Brixmor Property Group shares are trading higher after the company reported Q3 FFO of $0.49, up from $0.42 year-over-year and better-than-expected Q3 sales results.",0,increase,0.8,0.7,,156,28,2.0,,,,,,,,,,,,,,,,,,,,,,,,,,
17719,BRIXMOR PROPERTY GROUP INC,"Brixmor Property Group Q3 FFO $0.49 Up From $0.42 YoY, EPS $0.27 vs $0.49 In Same Qtr. Last Year, Sales $292.965M Beat $290.49M Estimate",0,uncertain,0.6,0.3,,168,29,1.0,,,,,,,,,,,,,,,,,,,,,,,,,,
17727,CACI INTERNATIONAL INC,CACI Wins $250 Million Contract to Provide Logistics and Supply Chain System Support to the Marine Corps,0,increase,0.8,0.7,,130,28,2.0,,,,,,,,,,,,,,,,,,,,,,,,,,
17735,C B FINANCIAL SERVICES INC,CB Financial Services Q3 EPS $0.69 Up From $0.42 YoY,0,increase,0.8,0.6,,133,28,2.0,,,,,,,,,,,,,,,,,,,,,,,,,,
17743,C F BANKSHARES INC,Central Federal Q3 EPS $0.59 Up From $0.24 YoY,0,increase,0.8,0.6,,130,28,2.0,,,,,,,,,,,,,,,,,,,,,,,,,,
17751,CHECK POINT SOFTWARE TECHS LTD,"Check Point Software Sees Q4 Sales $527M-$557M vs $543.14M Est., Adj. EPS $1.93-$2.04 vs $1.97 Est.",0,uncertain,0.6,0.3,,152,29,1.0,,,,,,,,,,,,,,,,,,,,,,,,,,
17759,CHECK POINT SOFTWARE TECHS LTD,"Check Point Software Tech Q3 EPS $1.44 Beats $1.4 Estimate, Sales $490.908M Beat $490.75M Estimate",0,increase,0.8,0.6,,144,28,2.0,,,,,,,,,,,,,,,,,,,,,,,,,,
17767,CHARTER COMMUNICATIONS INC NEW,"Morgan Stanley Maintains Overweight on Charter Communications, Raises Price Target to $500",0,increase,0.8,0.7,,134,28,2.0,,,,,,,,,,,,,,,,,,,,,,,,,,
17775,CHARTER COMMUNICATIONS INC NEW,"Benchmark Maintains Hold on Charter Communications, Raises Price Target to $514",0,increase,0.8,0.6,,131,28,2.0,,,,,,,,,,,,,,,,,,,,,,,,,,
17783,CHARTER COMMUNICATIONS INC NEW,"TD Securities Maintains Hold on Charter Communications, Raises Price Target to $475",0,increase,0.8,0.7,,132,28,2.0,,,,,,,,,,,,,,,,,,,,,,,,,,
17791,CHARTER COMMUNICATIONS INC NEW,"UBS Maintains Buy on Charter Communications, Raises Price Target to $525",0,increase,0.8,0.7,,132,28,2.0,,,,,,,,,,,,,,,,,,,,,,,,,,
17799,CHARTER COMMUNICATIONS INC NEW,"Wells Fargo Maintains Market Perform on Charter Communications, Raises Price Target to $450",0,increase,0.8,0.7,,134,28,2.0,,,,,,,,,,,,,,,,,,,,,,,,,,
17807,CHARTER COMMUNICATIONS INC NEW,"Raymond James Maintains Strong Buy on Charter Communications, Raises Price Target to $525",0,increase,0.9,0.8,,134,28,2.0,,,,,,,,,,,,,,,,,,,,,,,,,,
17815,CALUMET SPECIALTY PRODS PTNRS LP,Calumet Specialty Products Partners Announces Keith Jennings EVP and CFO,0,uncertain,0.6,0.3,,136,29,1.0,,,,,,,,,,,,,,,,,,,,,,,,,,
17823,COMCAST CORP NEW,Bank Of America Is Bullish On Roku,0,decrease,0.8,0.6,,119,29,0.0,,,,,,,,,,,,,,,,,,,,,,,,,,
17831,COMTECH TELECOMMUNICATIONS CORP,Comtech Telecommunications Corp. Receives $2.2M Funding From US Army,0,increase,0.8,0.7,,136,28,2.0,,,,,,,,,,,,,,,,,,,,,,,,,,
17839,C N A FINANCIAL CORP,CNA Financial Q3 EPS $0.37 Misses $1.00 Estimate,0,decrease,0.8,0.7,,134,29,0.0,,,,,,,,,,,,,,,,,,,,,,,,,,
17847,ZW DATA ACTION TECHNOLOGIES INC,ChinaNet Online Holdings Closes a $2.4M Private Placement,0,uncertain,0.6,0.3,,131,29,1.0,,,,,,,,,,,,,,,,,,,,,,,,,,
17855,CANADIAN NATIONAL RAILWAY CO,Canadian Rail Union Eyes November Strike,0,uncertain,0.7,0.5,,123,29,1.0,,,,,,,,,,,,,,,,,,,,,,,,,,
17863,CONOCOPHILLIPS,ConocoPhillips Q3 Earnings Outlook,0,uncertain,0.7,0.3,,122,29,1.0,,,,,,,,,,,,,,,,,,,,,,,,,,
17871,CHENIERE ENERGY PARTNERS L P,Cheniere Partners Raises Quarterly Dividend From $0.61 To $0.62/Share,0,increase,0.8,0.2,,141,28,2.0,,,,,,,,,,,,,,,,,,,,,,,,,,
17879,SALESFORCE INC,Salesforce.com shares are trading higher in sympathy with the overall market from progression in U.S.-China trade talks and positive sentiment from strong earnings reports.,0,increase,0.8,0.7,,138,28,2.0,,,,,,,,,,,,,,,,,,,,,,,,,,
17887,CARRIAGE SERVICES INC,"Carriage Services Q3 EPS $0.28 Misses $0.3 Estimate, Sales $66.125M Beat $65.5M Estimate",0,uncertain,0.6,0.3,,144,29,1.0,,,,,,,,,,,,,,,,,,,,,,,,,,
17895,CALAVO GROWERS INC,"Calavo Growers Says on October 24, Lecil Cole Advised Co of His Intention to Retire as President and CEO During Q1 2020; Says He Intends to Continue to Serve as Calavo's Chairman of Board of Directors",0,uncertain,0.7,0.5,,167,29,1.0,,,,,,,,,,,,,,,,,,,,,,,,,,
17903,C P I AEROSTRUCTURES INC,CPI Aerostructures Wins $2.3M Contract from Raytheon to Produce Pod Prototypes,0,increase,0.8,0.7,,140,28,2.0,,,,,,,,,,,,,,,,,,,,,,,,,,
17911,COMMUNITY HEALTH SYS INC NEW,"Community Health Systems reports Deal To Sell 3 Virginia Hospitals, No Terms Disclosed",0,uncertain,0.7,0.3,,129,29,1.0,,,,,,,,,,,,,,,,,,,,,,,,,,
17919,CITIZENS CMNTY BANCORP INC MD,Citizens Community Q1 EPS $0.11 Down From $0.12 YoY,0,decrease,0.8,0.1,,143,29,0.0,,,,,,,,,,,,,,,,,,,,,,,,,,
17927,3 D SYSTEMS CORP DEL,3D Systems Wins Contract With America Makes And Department Of Defense To Help Reduce Part Corrosion,0,increase,0.8,0.7,,136,28,2.0,,,,,,,,,,,,,,,,,,,,,,,,,,
17935,DENNYS CORP,Denny's And Beyond Meat To Launch Beyond Burder,0,increase,0.9,0.8,,122,28,2.0,,,,,,,,,,,,,,,,,,,,,,,,,,
17943,DIGITAL ALLY INC NEW,Digital Ally Shares Spike 9% Following Report Dept. Of Justice Will Allow Local Police Forces To Wear Body Cameras In Joint Operations,0,increase,0.8,0.9,,138,28,2.0,,,,,,,,,,,,,,,,,,,,,,,,,,
17951,D T E ENERGY CO,DTE Reports Intent To Begin $300M Common Stock Offering Including 23M Equity Units,0,uncertain,0.6,0.4,,129,29,1.0,,,,,,,,,,,,,,,,,,,,,,,,,,
17959,D T E ENERGY CO,DTE Energy Sees FY2020 EPS $6.47-6.75 vs $6.59 Est,0,decrease,0.8,0.6,,134,29,0.0,,,,,,,,,,,,,,,,,,,,,,,,,,
17967,D T E ENERGY CO,DTE Energy Raises FY2019 EPS Guidance from $6.02-6.38 to $6.06-6.40 vs $6.24 Est,0,increase,0.8,0.6,,144,28,2.0,,,,,,,,,,,,,,,,,,,,,,,,,,
17975,D T E ENERGY CO,DTE Energy Q3 EPS $1.91 Misses $1.98 Estimate,0,decrease,0.8,0.6,,128,29,0.0,,,,,,,,,,,,,,,,,,,,,,,,,,
17983,CONSOLIDATED EDISON INC,"Bank of America Maintains Buy on Consolidated Edison, Raises Price Target to $101",0,increase,0.8,0.7,,130,28,2.0,,,,,,,,,,,,,,,,,,,,,,,,,,
17991,ISHARES TRUST,"Blackrock Investment Institute Says Emerging Market Debt Has Rallied Amid A Perceived Easing Of US-China Trade Tensions, Says Reiterates Emerging Market Views",0,increase,0.8,0.7,,145,28,2.0,,,,,,,,,,,,,,,,,,,,,,,,,,
17999,ISHARES INC,Israel PM Netanyahu Reportedly Says Iran Has Begun Deploying Missiles In Yemen In ORder To Strike Israel,0,uncertain,0.6,0.3,,133,29,1.0,,,,,,,,,,,,,,,,,,,,,,,,,,
18007,LAUDER ESTEE COS INC,"Piper Jaffray Downgrades Estee Lauder Cos to Neutral, Lowers Price Target to $204",0,decrease,0.8,0.7,,137,29,0.0,,,,,,,,,,,,,,,,,,,,,,,,,,
18015,EASTMAN CHEMICAL CO,"Barclays Maintains Equal-Weight on Eastman Chemical, Lowers Price Target to $82",0,decrease,0.8,0.7,,133,29,0.0,,,,,,,,,,,,,,,,,,,,,,,,,,
18023,EDWARDS LIFESCIENCES CORP,Edwards Lifesciences shares are trading higher on continued strength following last week's earnings report and guidance.,0,increase,0.8,0.7,,139,28,2.0,,,,,,,,,,,,,,,,,,,,,,,,,,
18031,ISHARES TRUST,"Prime Minister's Office At 10 Downing Confirms Will Not Try Again To Bring Brexit Bill, WAB Back",0,uncertain,0.7,0.3,,135,29,1.0,,,,,,,,,,,,,,,,,,,,,,,,,,
18039,ISHARES TRUST,UK Lawmakers Have Rejected Prime Minister Johnson's Request For Early Election,0,uncertain,0.6,0.3,,127,29,1.0,,,,,,,,,,,,,,,,,,,,,,,,,,
18047,ISHARES TRUST,"299 UK Lawmakers Vote In Favor Of Early Election, 70 Voted Against",0,increase,0.8,0.7,,129,28,2.0,,,,,,,,,,,,,,,,,,,,,,,,,,
18055,ISHARES TRUST,"UK Lawmakers Have Begun Voting On Whether To Hold An Early Election, Results Of Vote Due In 15 Mins.",0,uncertain,0.6,0.3,,137,29,1.0,,,,,,,,,,,,,,,,,,,,,,,,,,
18063,ISHARES TRUST,UK Prime Minister Johnson In Letter To Tusk Confirms Brexit Extension,0,uncertain,0.6,0.3,,126,29,1.0,,,,,,,,,,,,,,,,,,,,,,,,,,
18071,ISHARES TRUST,"Johnson's Spokesman Says PM's View Has Not Changed, UK Should Be Leaving EU on Oct. 31; Says Parliament Has Been Blocking Brexit for Three Years, Clear We Need a New Parliament",0,uncertain,0.7,0.4,,153,29,1.0,,,,,,,,,,,,,,,,,,,,,,,,,,
18079,ISHARES TRUST,EU Agrees Brexit Extension to January 31,0,uncertain,0.7,0.3,,122,29,1.0,,,,,,,,,,,,,,,,,,,,,,,,,,
18087,FORD MOTOR CO DEL,"Ford To Cut Production, Jobs At Its Largest Canadian Plant",0,decrease,0.8,0.9,,122,29,0.0,,,,,,,,,,,,,,,,,,,,,,,,,,
18095,FORD MOTOR CO DEL,Unifor Says Is Renewing Its Call For New Production Allocation At Oakville Assembly Plant Following Restructuring News By Ford,0,uncertain,0.6,0.3,,136,29,1.0,,,,,,,,,,,,,,,,,,,,,,,,,,
18103,FORD MOTOR CO DEL,How The General Motors Strike Could Impact October Jobs Numbers,0,uncertain,0.7,0.3,,121,29,1.0,,,,,,,,,,,,,,,,,,,,,,,,,,
18111,FUELCELL ENERGY INC,FuelCell Energy shares are trading lower in sympathy with PG&E. The company supplies PG&E with some of its power plants.,0,decrease,0.8,0.7,,135,29,0.0,,,,,,,,,,,,,,,,,,,,,,,,,,
18119,FIVE BELOW INC,"Morgan Stanley Maintains Overweight on Five Below, Raises Price Target to $147",0,increase,0.8,0.7,,126,28,2.0,,,,,,,,,,,,,,,,,,,,,,,,,,
18127,FLEXSTEEL INDUSTRIES INC,Flexsteel Industries Q1 Sales $100.348M Down From $113.487M YoY,0,decrease,0.8,0.1,,137,29,0.0,,,,,,,,,,,,,,,,,,,,,,,,,,
18135,FOX CORP,TEGNA and FOX Renew Station Affiliation Agreements for 6 Markets,0,increase,0.8,0.6,,122,28,2.0,,,,,,,,,,,,,,,,,,,,,,,,,,
18143,REPUBLIC FIRST BANCORP INC,"Republic First Bancorp Q3 EPS $(0.03) Misses $0.01 Estimate, Sales $32.8M Beat $27.49M Estimate",0,uncertain,0.6,0.3,,150,29,1.0,,,,,,,,,,,,,,,,,,,,,,,,,,
18151,FIRST SOLAR INC,"JMP Securities Upgrades First Solar to Market Outperform, Announces $70 Price Target",0,increase,0.9,0.8,,127,28,2.0,,,,,,,,,,,,,,,,,,,,,,,,,,
18159,INVESCO CURRENCYSHARES AUS DLR T,Trump Says We Are Looking To Be Ahead Of Schedule To Sign Phase One Of US-china Trade Deal,0,uncertain,0.6,0.3,,143,29,1.0,,,,,,,,,,,,,,,,,,,,,,,,,,
18167,C G I INC,CGI Wins a EUR 40M IT Services Contract,0,increase,0.8,0.7,,120,28,2.0,,,,,,,,,,,,,,,,,,,,,,,,,,
18175,GILEAD SCIENCES INC,Gilead Sciences Option Alert: Jan 17 $65 Calls Sweep (22) near the Ask: 12532 @ $1.638 vs 31930 OI; Ref=$63.015,0,uncertain,0.6,0.3,,154,29,1.0,,,,,,,,,,,,,,,,,,,,,,,,,,
18183,GILEAD SCIENCES INC,Gilead and Glympse Bio Announce the Companies Enter Strategic Collaboration for Use of Biomarker Technology in NASH Clinical Development,0,increase,0.8,0.7,,139,28,2.0,,,,,,,,,,,,,,,,,,,,,,,,,,
18191,ALPHABET INC,'Validation Of The City And Region's Exciting Momentum': Dan Gilbert's Rocket Mortgage Brings Forbes' Under 30 Summit To Detroit,0,uncertain,0.6,0.3,,138,29,1.0,,,,,,,,,,,,,,,,,,,,,,,,,,
18199,ALPHABET INC,Q3 Earnings Outlook For Alphabet,0,uncertain,0.7,0.3,,118,29,1.0,,,,,,,,,,,,,,,,,,,,,,,,,,
18207,GOPRO INC,GoPro shares are trading higher following reports indicating Alphabet has made an offer to acquire Fitbit. The report may have boosted investor confidence in acquisitions of smaller tech and electronics companies by larger tech companies.,0,uncertain,0.6,0.4,,145,29,1.0,,,,,,,,,,,,,,,,,,,,,,,,,,
18215,GOPRO INC,GoPro Shares Spike Following Reports Indicating Alphabet Has Made Offer To Acquire Fitbit,0,uncertain,0.6,0.3,,125,29,1.0,,,,,,,,,,,,,,,,,,,,,,,,,,
18223,GRIFOLS S A,Santander Upgrades Grifols to Buy,0,increase,0.8,0.7,,121,28,2.0,,,,,,,,,,,,,,,,,,,,,,,,,,
18231,GRANITE CONSTRUCTION INC,"DA Davidson Downgrades Granite Construction to Neutral, Lowers Price Target to $30",0,decrease,0.8,0.7,,129,29,0.0,,,,,,,,,,,,,,,,,,,,,,,,,,
18239,HASBRO INC,"KeyBanc Maintains Overweight on Hasbro, Lowers Price Target to $110",0,uncertain,0.6,0.4,,127,29,1.0,,,,,,,,,,,,,,,,,,,,,,,,,,
18247,HOME FEDERAL BANCORP INC LA,Home Federal Bancorp Q1 EPS $0.68 Up From $0.63 YoY,0,increase,0.8,0.2,,140,28,2.0,,,,,,,,,,,,,,,,,,,,,,,,,,
18255,HARMONIC INC,Harmonic shares are trading higher after the company reported better-than-expected Q3 EPS and sales results. The company also issued Q4 sales guidance above analyst estimates.,0,increase,0.9,0.8,,143,28,2.0,,,,,,,,,,,,,,,,,,,,,,,,,,
18263,HARMONIC INC,"Harmonic Sees Q4 Adj. EPS $0.03-$0.11 vs $0.04 Est., Sales $108M-$118M vs $105.76M Estl Sees FY19 Adj. EPS $0.20-$0.29 vs $0.17 Est., Sales $389M-$399M vs $385.59M Est.",0,increase,0.8,0.7,,186,28,2.0,,,,,,,,,,,,,,,,,,,,,,,,,,
18271,HARMONIC INC,"Harmonic Q3 Adj. EPS $0.25 Beats $0.21 Estimate, Sales $115.7M Beat $114.84M Estimate",0,increase,0.8,0.7,,142,28,2.0,,,,,,,,,,,,,,,,,,,,,,,,,,
18279,HERON THERAPEUTICS INC,Heron Therapeutics Announces FDA Acceptance Of New Drug Application Resubmission For HTX-011 For Management Of Postoperative Pain,0,increase,0.9,0.8,,144,28,2.0,,,,,,,,,,,,,,,,,,,,,,,,,,
18287,H S B C HOLDINGS PLC,HSBC shares are trading lower after the company reported worse-than-expected Q3 financial results.,0,decrease,0.8,0.7,,133,29,0.0,,,,,,,,,,,,,,,,,,,,,,,,,,
18295,H S B C HOLDINGS PLC,HSBC Reports 18% Drop in Earnings,0,decrease,0.8,0.7,,125,29,0.0,,,,,,,,,,,,,,,,,,,,,,,,,,
18303,H S B C HOLDINGS PLC,Markets Across Asia Pacific Rise Amid US-China Good News,0,increase,0.8,0.6,,126,28,2.0,,,,,,,,,,,,,,,,,,,,,,,,,,
18311,HEIDRICK & STRUGGLES INTL INC,Heidrick & Struggles Sees Q4 Sales $170M-$180M vs $180.5M Estimate,0,decrease,0.8,0.5,,150,29,0.0,,,,,,,,,,,,,,,,,,,,,,,,,,
18319,HEIDRICK & STRUGGLES INTL INC,"Heidrick & Struggles Intl Q3 Adj. EPS $0.7 Beats $0.68 Estimate, Sales $186.518M Beat $179.1M Estimate",0,increase,0.8,0.7,,162,28,2.0,,,,,,,,,,,,,,,,,,,,,,,,,,
18327,HEARTLAND FINANCIAL USA INC,"Heartland Financial Q3 EPS $0.94 Beats $0.92 Estimate, Sales $140.721M Beat $138.55M Estimate",0,increase,0.8,0.6,,147,28,2.0,,,,,,,,,,,,,,,,,,,,,,,,,,
18335,HEARTLAND FINANCIAL USA INC,Heartland Financial Q3 EPS $0.94 Beats $0.92 Estimate,0,increase,0.8,0.6,,133,28,2.0,,,,,,,,,,,,,,,,,,,,,,,,,,
18343,ILLUMINA INC,Illumina shares are trading higher potentially on a rebound after the stock fell approximately 9% following Q3 earnings.,0,uncertain,0.6,0.4,,134,29,1.0,,,,,,,,,,,,,,,,,,,,,,,,,,
18351,INTERMEDIATE PARFUMS INC,"Inter Parfums Q3 Adj. EPS $0.00, Sales $100.3M Down From $113.5M YoY",0,decrease,0.8,0.7,,146,29,0.0,,,,,,,,,,,,,,,,,,,,,,,,,,
18359,IRIDEX CORP,IRIDEX Names Robert Gunst Chair; Ruediger Naumann-Etienee To Leave As Lead Independent Director,0,uncertain,0.6,0.3,,135,29,1.0,,,,,,,,,,,,,,,,,,,,,,,,,,
18367,ILLINOIS TOOL WORKS INC,"Morgan Stanley Maintains Underweight on Illinois Tool Works, Raises Price Target to $142",0,uncertain,0.6,0.3,,135,29,1.0,,,,,,,,,,,,,,,,,,,,,,,,,,
18375,ILLINOIS TOOL WORKS INC,"Credit Suisse Maintains Neutral on Illinois Tool Works, Raises Price Target to $152",0,increase,0.8,0.7,,134,28,2.0,,,,,,,,,,,,,,,,,,,,,,,,,,
18383,ILLINOIS TOOL WORKS INC,"UBS Maintains Neutral on Illinois Tool Works, Raises Price Target to $168",0,increase,0.8,0.7,,133,28,2.0,,,,,,,,,,,,,,,,,,,,,,,,,,
18391,ILLINOIS TOOL WORKS INC,"Wells Fargo Maintains Outperform on Illinois Tool Works, Raises Price Target to $190",0,increase,0.9,0.8,,135,28,2.0,,,,,,,,,,,,,,,,,,,,,,,,,,
18399,INTEVAC INC,"Intevac Q3 EPS $(0.02) Beats $(0.07) Estimate, Sales $26.3M Beat $25.07M Estimate",0,increase,0.8,0.7,,143,28,2.0,,,,,,,,,,,,,,,,,,,,,,,,,,
18407,JETBLUE AIRWAYS CORP,JetBlue Airways shares are trading higher after JP Morgan upgraded the stock from Neutral to Overweight.,0,increase,0.8,0.7,,133,28,2.0,,,,,,,,,,,,,,,,,,,,,,,,,,
18415,SANFILIPPO JOHN B & SON,"John B Sanfilippo & Son Q1 EPS $1.12 Beats $0.91 Estimate, Sales $217.846M Beat $211.5M Estimate",0,increase,0.8,0.7,,153,28,2.0,,,,,,,,,,,,,,,,,,,,,,,,,,
18423,JOHN BEAN TECHNOLOGIES CORP,John Bean Technologies Sees FY19 Adj. EPS $4.80-$4.90 vs $4.83 Est.,0,uncertain,0.6,0.3,,141,29,1.0,,,,,,,,,,,,,,,,,,,,,,,,,,
18431,JOHN BEAN TECHNOLOGIES CORP,"John Bean Technologies Q3 Adj. EPS $1.28 Beats $1.08 Estimate, Sales $489.4M Miss $508.2M Estimate",0,uncertain,0.6,0.4,,149,29,1.0,,,,,,,,,,,,,,,,,,,,,,,,,,
18439,JONES LANG LASALLE INC,Dubai Housing Needs Fixing to Avoid Credit Crunch,0,uncertain,0.6,0.3,,123,29,1.0,,,,,,,,,,,,,,,,,,,,,,,,,,
18447,NORDSTROM INC,"UPDATE: Nordstrom Filing Shows Co-Pres Presented Co.'s Independent Board Members With Proposals Involving Co. That, If Consummated, Would Have Resulted In Certain Members Of Nordstrom Family Raising Stake",0,uncertain,0.6,0.3,,157,29,1.0,,,,,,,,,,,,,,,,,,,,,,,,,,
18455,NORDSTROM INC,"Nordstrom 8-K Shows Ken Worzel Named COO; Co. Board Has Held Talks With Co.'s Co-Pres, Pete, Erik Nordstrom, About Succession Planning",0,uncertain,0.6,0.3,,149,29,1.0,,,,,,,,,,,,,,,,,,,,,,,,,,
18463,NORDSTROM INC,Nordstrom Enters New York City As Barneys Is Sold,0,increase,0.8,0.7,,124,28,2.0,,,,,,,,,,,,,,,,,,,,,,,,,,
18471,KROGER CO,"Kroger Shares Unaffected Following Co. Press Release Highlighting Women In California, Colorado, Idaho, New Mexico, Oregon, Utah, Washington Can Obtain Contraceptives From A Kroger Health Pharmacy",0,uncertain,0.6,0.3,,150,29,1.0,,,,,,,,,,,,,,,,,,,,,,,,,,
18479,LOEWS CORP,Loews shares are trading lower after the company reported worse-than-expected Q3 EPS results.,0,decrease,0.8,0.7,,129,29,0.0,,,,,,,,,,,,,,,,,,,,,,,,,,
18487,LOEWS CORP,"Loews Q3 EPS $0.74 Misses $0.75 Estimate, Sales $3.675B Up From $3.608B YoY",0,uncertain,0.6,0.3,,143,29,1.0,,,,,,,,,,,,,,,,,,,,,,,,,,
18495,LIBERTY BROADBAND CORP,"Benchmark Maintains Buy on Liberty Broadband, Raises Price Target to $134",0,increase,0.8,0.7,,134,28,2.0,2019-10-28,14944.0,-0.1539385179057717,1.2742648222009656,0.0427631972893749,5.287983641028404,5.508094443239897,5.729120132491428,0.7323,0.1725,0.8616,0.62,0.27,-0.24,0.007,0.1911079999999999,-0.0207,0.7024,0.3677,0.5774,-1.2081,-0.2707,-1.0743,-0.8982,0.4642,0.336
18503,LIBERTY BROADBAND CORP,"Morgan Stanley Maintains Equal-Weight on Liberty Broadband, Raises Price Target to $131",0,increase,0.8,0.7,,138,28,2.0,2019-10-28,14988.0,-0.1454159501008689,1.3086978433213492,0.3079231135691085,5.399278178811073,5.294174518925865,5.610108920471668,0.6543,0.0886,0.8592,0.62,0.27,-0.24,0.007,0.114596,0.0005,0.6713,0.4325,0.5741,-1.1947,-0.3019,-1.0656,-0.8764,0.5078,0.5447
18511,LEGGETT & PLATT INC,"Leggett & Platt Q3 EPS $0.74 Beats $0.67 Estimate, Sales $1.239B Beat $1.21B Estimate",0,increase,0.8,0.7,,146,28,2.0,2019-10-28,60943.0,11.72010377049446,13.669847246619792,17.677642918708216,2.2367864847183228,0.8468933779129051,1.4119252842972774,2.011,1.253,1.1062,0.62,0.27,-0.24,0.007,1.318156,11.3962,1.2803,-0.2703,-2.0022,1.1945,2.4995,1.4797,0.3483,0.074,-1.2511
18519,LILLY ELI & CO,"Eli Lilly Reports Results For Taltz In Pediatric Patients With Moderate To Severe Plaque Psoriasis, Met Co-Primary Endpoints; Co. To Submit For US Regulatory Approval",0,increase,0.8,0.7,,152,28,2.0,2019-10-28,50876.0,-1.1682447046041489,0.1062065635640818,-0.1681517699408719,2.188427932560444,2.6070720561244265,0.3277500409782918,2.5318,2.2016,0.5803,0.62,0.27,-0.24,0.007,2.165014,-0.8238,0.2672,1.0545,-1.4127,0.7986,-1.3727,2.1371,-0.975,0.3638,-0.6259
18527,LOCKHEED MARTIN CORP,"Lockheed Shares Volatile But Largely Unaffected Following Report Co., Pentagon Near $34B Deal On F-35",0,uncertain,0.6,0.3,,140,29,1.0,2019-10-28,21178.0,-0.1990077085793018,0.7099867056030496,2.5656220159731458,-1.070069707930088,-0.63255118981691,-0.789440595466917,0.2994,-0.1498,0.7076,0.62,0.27,-0.24,0.007,-0.146312,0.0073,1.5804,-0.3384,0.0464,-1.3698,-0.1174,1.5916,-0.497,0.5556,-0.0283
18535,LOWES COMPANIES INC,"UBS Maintains Buy on Lowe's Companies, Raises Price Target to $130",0,increase,0.8,0.7,,129,28,2.0,2019-10-28,61399.0,-1.8900040537118912,0.8778247653389748,2.517017010689515,0.6403888110071421,0.0627743780467149,-0.7913215588771116,0.0538,-0.5996,1.1031,0.62,0.27,-0.24,0.007,-0.6371220000000001,-1.8619,1.5316,0.789,-0.1367,-0.9532,-0.4234,0.443,-0.5652,0.9614,0.6268
18543,LAM RESH CORP,Lam Research shares are trading higher on continued momentum after the company reported better-than-expected Q1 EPS and sales results. The company also issued Q2 EPS guidance above analyst estimates.,0,increase,0.8,0.7,,149,28,2.0,2019-10-28,48486.0,-1.6924479976296425,-1.1199977897595417,-3.551996486165898,1.6754448413848877,15.811817733015676,14.958913583452428,4.1474,3.149,1.5051,0.62,0.27,-0.24,0.007,3.2072380000000003,-1.523,-0.0545,-1.7632,0.9792,-0.6124,-0.0339,-0.7488,-1.1194,-0.9865,-0.2283
18551,LANDSTAR SYSTEM INC,"Jim Handoush Believed He Was Destined For Apple, But Blockchain Has Ignited His Passion",0,uncertain,0.6,0.3,,129,29,1.0,2019-10-28,78981.0,-0.0932524679228663,-0.8986076450848368,-1.5311856918769462,3.0611395835876465,3.222719912598304,2.4818426321059572,-0.4641,-1.1348,1.0094,0.62,0.27,-0.24,0.007,-1.096928,-0.545,-1.5024,-0.8604,-0.7102,0.621,0.7656,-0.5731,-0.5242,-0.4795,-0.318
18559,LIGHTBRIDGE CORP,Lightbridge Says it Anticipates Maintaining its Listing on NASDAQ Capital Market Following Reverse Split,0,uncertain,0.6,0.3,,130,29,1.0,2019-10-28,93083.0,6.611564010381699,6.353717378108503,-15.867768124634562,4.545450210571289,21.85429946969677,14.522818066395704,9.6015,9.3664,0.5367,0.62,0.27,-0.24,0.007,9.261746,6.6138,-9.0889,4.9268,0.833,2.6934,-0.3433,-10.5385,-10.7761,-1.185,0.0497
18567,L S B INDUSTRIES INC,"LSB Industries Q3 EPS $(1.39) Down From $(1.22) YoY, Sales $75.495M Miss $79.78M Estimate",0,decrease,0.8,0.7,,149,29,0.0,2019-10-28,49488.0,-24.38596338033676,-18.94736785272324,-23.50876689784843,6.679757684469223,4.423077393213548,4.624272934997609,4.9724,3.6079,1.5688,0.62,0.27,-0.24,0.007,3.992744000000001,-25.6472,5.0701,-3.2105,3.6427,-0.7034,-5.8627,-4.6726,2.6306,0.6185,1.9087
18575,MASTERCARD INC,Q3 Earnings Outlook For Mastercard,0,uncertain,0.6,0.3,,119,29,1.0,2019-10-28,91233.0,-0.5943479016423225,0.1449620847769672,0.3877821571148132,0.5358148831874132,3.580600356115027,3.4180480202665287,2.1244,1.3098,1.2718,0.62,0.27,-0.24,0.007,1.328884,0.1384,-0.4134,-0.1242,0.2974,-0.538,-2.1634,0.1389,0.8883,0.1458,0.8591
18583,MERCURY GENERAL CORP NEW,Mercury General Raises Quarterly Dividend From $0.6275 To $0.6300/Share,0,increase,0.8,0.2,,136,28,2.0,2019-10-28,52936.0,0.887757632881403,-0.0422754280147263,3.107159934396053,-0.2624168526381254,-1.9531994423894528,-0.9678027375139676,-11.0881,-11.3812,0.7065,0.62,0.27,-0.24,0.007,-11.53313,0.6941,-0.0654,1.6313,-0.0952,-3.2404,2.5186,1.2305,-0.6981,-0.269,-0.2397
18591,MERCURY GENERAL CORP NEW,"Mercury General Q3 Operating Income $0.78 May Not Compare To $1.04 Estimate, Sales $987.3M Beat $955.33M Estimate",0,uncertain,0.6,0.3,,149,29,1.0,2019-10-28,52936.0,0.887757632881403,-0.0422754280147263,3.107159934396053,-0.2624168526381254,-1.9531994423894528,-0.9678027375139676,-11.0881,-11.3812,0.7065,0.62,0.27,-0.24,0.007,-11.53313,0.6941,-0.0654,1.6313,-0.0952,-3.2404,2.5186,1.2305,-0.6981,-0.269,-0.2397
18599,MOHAWK INDUSTRIES INC,"Stifel Nicolaus Maintains Buy on Mohawk Industries, Raises Price Target to $165",0,increase,0.8,0.7,,136,28,2.0,2019-10-28,77496.0,-0.3512358991429209,1.5358097115071745,3.3471078519299313,10.937505215406418,12.16342786298663,14.479748196531904,0.7424,0.0578,1.1578,0.62,0.27,-0.24,0.007,0.017564,-0.4872,0.1583,0.0161,-1.8423,2.19,0.5901,1.2057,0.6965,-0.2002,-1.0083
18607,MOHAWK INDUSTRIES INC,"Barclays Maintains Overweight on Mohawk Industries, Raises Price Target to $159",0,increase,0.8,0.7,,135,28,2.0,2019-10-28,77496.0,-0.3512358991429209,1.5358097115071745,3.3471078519299313,10.937505215406418,12.16342786298663,14.479748196531904,0.7424,0.0578,1.1578,0.62,0.27,-0.24,0.007,0.017564,-0.4872,0.1583,0.0161,-1.8423,2.19,0.5901,1.2057,0.6965,-0.2002,-1.0083
18615,3M CO,"Barclays Maintains Underweight on 3M, Lowers Price Target to $157",0,decrease,0.8,0.7,,128,29,0.0,2019-10-28,22592.0,-0.1478764927014708,3.454392855082622,0.6210831323545385,2.594352327287197,-1.5821275368468224,-0.8654632973560505,1.7882,1.1967,1.0878,0.62,0.27,-0.24,0.007,1.106764,-0.2668,-0.0296,-1.3925,1.4993,1.7778,0.0084,-0.7365,-0.3717,-0.9712,-1.4522
18623,MEDICINOVA INC,MediciNova Receives Notice of Allowance for New Patent Covering MN-166 (ibudilast) for the Treatment of Amyotrophic Lateral Sclerosis (ALS) in Canada,0,increase,0.9,0.8,,150,28,2.0,2019-10-28,91672.0,-1.0638287290930748,9.04255091838808,0.7978717386796896,-12.785391509532928,-6.372548483578456,-3.899369958956356,-1.5707,-2.7953,1.4641,0.62,0.27,-0.24,0.007,-2.485442,-1.283,0.6579,8.6596,0.4717,-1.4514,-1.9945,-2.1543,0.3031,-2.8214,-1.0554
18631,ARCELORMITTAL S A LUXEMBOURG,ArcelorMittal shares are trading higher after AK Steel reported a licensing deal with the company involving its ULTRALUME PHS steel product. No terms were disclosed.,0,increase,0.8,0.7,,160,28,2.0,2019-10-28,85261.0,-0.9416231885552406,3.2642839711709337,8.160698021394008,3.064623847603798,1.8433226079317857,3.133335203914722,2.9735,2.0219,1.7788,0.62,0.27,-0.24,0.007,1.863644,-1.5291,-1.5467,-2.0934,3.3807,1.5119,-1.2523,-3.1195,7.2108,-1.0967,1.9838
18639,ARCELORMITTAL S A LUXEMBOURG,"AK Steel Reports Licensing Deal With ULTRALUME PHS High Strength, High Formability Steel Product, No Terms Disclosed",0,uncertain,0.6,0.3,,152,29,1.0,2019-10-28,85261.0,-0.9416231885552406,3.2642839711709337,8.160698021394008,3.064623847603798,1.8433226079317857,3.133335203914722,2.9735,2.0219,1.7788,0.62,0.27,-0.24,0.007,1.863644,-1.5291,-1.5467,-2.0934,3.3807,1.5119,-1.2523,-3.1195,7.2108,-1.0967,1.9838
18647,NAVIENT CORP,"Wedbush Maintains Neutral on Navient, Lowers Price Target to $15",0,decrease,0.8,0.7,,126,29,0.0,2019-10-28,14601.0,1.14778196439147,0.6097564162542701,4.160695111307833,4.2715515941381454,5.641425783162068,12.510292149660527,1.9751,1.1374,1.3382,0.62,0.27,-0.24,0.007,1.1384160000000003,0.5071,-0.0988,0.1308,-2.0126,-0.927,1.4429,-0.566,0.3565,-0.4471,1.9953
18655,NORTHEAST BANK,Northeast Bank Q1 EPS $0.52 Up From $0.49 YoY,0,increase,0.8,0.2,,129,28,2.0,2019-10-28,75556.0,-3.0112363398075104,1.3483110844146884,3.461168698174455,1.1558021418750286,-3.3995607034639774,-2.4520782972375477,1.691,1.3079,0.4919,0.62,0.27,-0.24,0.007,1.3790220000000002,-3.8082,0.6634,0.851,0.5843,1.1321,1.164,0.2746,-1.0465,0.727,0.7836
18663,N B T BANCORP INC,NBT Bancorp Q3 EPS $0.73 Up From $0.68 YoY,0,increase,0.8,0.2,,136,28,2.0,2019-10-28,77415.0,4.89087738096714,5.706026977295231,6.547467203898316,0.1339026144705712,-0.6377934468931423,-1.189219766587668,1.7117,1.1378,0.8359,0.62,0.27,-0.24,0.007,1.186442,4.2425,0.9743,0.8253,-1.6885,-0.8105,0.2754,0.0642,-0.3525,0.3092,0.1124
18671,NETFLIX INC,Large AT&T Option Trades Mostly Bearish Following Earnings Beat,0,uncertain,0.6,0.3,,121,29,1.0,2019-10-28,89393.0,-0.2306087873876094,3.902646844041025,4.370967105740675,1.9594870507717133,2.045938938537595,3.798419433368272,1.8207,0.6604,1.4098,0.62,0.27,-0.24,0.007,0.939624,0.2423,2.4884,-1.1045,-1.2788,2.5577,-1.384,0.6751,0.2461,-0.0343,1.0039
18679,NETFLIX INC,When He's 64: What's Bill Gates Up To These Days?,0,uncertain,0.6,0.2,,123,29,1.0,2019-10-28,89393.0,-0.2306087873876094,3.902646844041025,4.370967105740675,1.9594870507717133,2.045938938537595,3.798419433368272,1.8207,0.6604,1.4098,0.62,0.27,-0.24,0.007,0.939624,0.2423,2.4884,-1.1045,-1.2788,2.5577,-1.384,0.6751,0.2461,-0.0343,1.0039
18687,NETFLIX INC,Netflix shares are trading higher despite no company-specific news. Strength may be a continued rebound after shares fell last week following news of a Verizon/Disney+ partnership.,0,uncertain,0.6,0.3,,140,29,1.0,2019-10-28,89393.0,-0.2306087873876094,3.902646844041025,4.370967105740675,1.9594870507717133,2.045938938537595,3.798419433368272,1.8207,0.6604,1.4098,0.62,0.27,-0.24,0.007,0.939624,0.2423,2.4884,-1.1045,-1.2788,2.5577,-1.384,0.6751,0.2461,-0.0343,1.0039
18695,NETFLIX INC,"Imperial Capital Maintains Outperform on Netflix, Lowers Price Target to $446",0,uncertain,0.6,0.4,,126,29,1.0,2019-10-28,89393.0,-0.2306087873876094,3.902646844041025,4.370967105740675,1.9594870507717133,2.045938938537595,3.798419433368272,1.8207,0.6604,1.4098,0.62,0.27,-0.24,0.007,0.939624,0.2423,2.4884,-1.1045,-1.2788,2.5577,-1.384,0.6751,0.2461,-0.0343,1.0039
18703,N G L ENERGY PARTNERS LP,Enterprise Products Partners Sharse Fall ~1% Following Report Co. Will Not Convert NGL Energy Partners Pipes to Move Gas,0,decrease,0.8,0.6,,141,29,0.0,2019-10-28,12745.0,-2.532750740647316,-0.3493444952378799,-6.439309438932439,-0.5167912691831589,-0.2590650487471202,-0.9433933018948903,-0.8658,-1.4009,0.8801,0.62,0.27,-0.24,0.007,-1.418462,-2.7318,-0.2563,2.0468,-1.7103,0.7999,-2.7041,0.8402,-3.6146,-0.8225,-0.4536
18711,N I O INC,Nio Announces Abrupt Resignation Of CFO Amid Fundamental Woes At The Chinese EV Maker,0,decrease,0.8,0.9,,129,29,0.0,2019-10-28,18087.0,-6.081083416938782,15.540541883762328,25.67567449455568,-1.9480502232909205,-1.3071883925560246,-4.430383077787814,-1.9868,-3.4204,1.3648,0.62,0.27,-0.24,0.007,-2.839976,-6.3625,2.8911,2.264,2.6495,12.2543,36.4709,-11.89,1.6855,-4.9065,-5.7755
18719,N I O INC,NIO shares are trading lower after the CFO resigned for personal reasons.,0,uncertain,0.7,0.5,,122,29,1.0,2019-10-28,18087.0,-6.081083416938782,15.540541883762328,25.67567449455568,-1.9480502232909205,-1.3071883925560246,-4.430383077787814,-1.9868,-3.4204,1.3648,0.62,0.27,-0.24,0.007,-2.839976,-6.3625,2.8911,2.264,2.6495,12.2543,36.4709,-11.89,1.6855,-4.9065,-5.7755
18727,N I O INC,NIO CFO  Louis T. Hsieh has Resigned; Co Searching for New CFO,0,uncertain,0.7,0.5,,128,29,1.0,2019-10-28,18087.0,-6.081083416938782,15.540541883762328,25.67567449455568,-1.9480502232909205,-1.3071883925560246,-4.430383077787814,-1.9868,-3.4204,1.3648,0.62,0.27,-0.24,0.007,-2.839976,-6.3625,2.8911,2.264,2.6495,12.2543,36.4709,-11.89,1.6855,-4.9065,-5.7755
18735,NEKTAR THERAPEUTICS,Nektar Therapeutics shares are trading higher in sympathy with the overall market from progression in U.S.-China trade talks and positive sentiment from strong earnings reports.,0,increase,0.8,0.7,,148,28,2.0,2019-10-28,80539.0,-0.4519769456237554,4.350274285338052,18.53106609593047,1.2750515714287758,-0.5366735313564797,-3.0232583975094873,6.1151,4.8277,1.4433,0.62,0.27,-0.24,0.007,5.213254,-0.8246,-0.0635,-1.4122,4.4704,0.0367,-0.0617,-1.1268,2.9434,6.6474,4.9951
18743,NOKIA CORP,Nokia shares are trading lower on continued downward momentum after the company cut FY19 and FY20 guidance. Liberum cut the price target of the stock from 4.9 euros to 3.6 euros.,0,decrease,0.8,0.9,,153,29,0.0,2019-10-28,87128.0,-1.1142050847411156,0.5571025060671309,-1.671307663195165,-3.0769262462854385,-26.027400230299925,-27.027025640904732,-5.0265,-5.5614,0.7171,0.62,0.27,-0.24,0.007,-5.478102,-1.1956,2.8309,0.3832,-0.737,-1.7568,-1.9994,1.5794,-0.8354,-0.2443,-0.9788
18751,N O V INC,National Oilwell Varco Q3 Earnings Preview,0,uncertain,0.6,0.3,,119,29,1.0,2019-10-28,84032.0,13.6927530169487,14.599244025202584,10.114508340902905,0.5788752809166908,-3.650642555011119,-3.2033450525917773,0.5276,-0.3047,1.3708,0.62,0.27,-0.24,0.007,-0.329296,12.789,-3.0994,1.3318,-0.9836,1.1501,-0.4216,-1.4922,-2.3692,0.2479,-0.7359
18759,NORFOLK SOUTHERN CORP,"Heavy Snow To Slam Rockies, Plains, Midwest This Week",0,uncertain,0.6,0.3,,132,29,1.0,2019-10-28,64311.0,-1.44865857437253,3.128972407481112,3.846333477926289,2.7677735313773155,1.8283144531711537,-0.3757444500546603,-0.2603,-0.8783,1.1636,0.62,0.27,-0.24,0.007,-0.988732,-1.5061,0.1113,-0.5073,2.7774,0.3541,0.4317,-0.5203,0.6379,-0.2637,-0.4277
18767,NVIDIA CORP,NVDIA Announces a New Shield TV,0,increase,0.8,0.7,,116,28,2.0,2019-10-28,86580.0,-1.871461421251297,1.794094116253686,0.6721793904815865,3.901245817542076,4.843916606720611,4.56520239634286,1.1,-0.3718,1.9302,0.62,0.27,-0.24,0.007,-0.1037239999999997,-1.5754,-0.7923,-0.2655,-1.1931,3.6968,-0.3505,-0.3523,-0.1316,-1.0196,0.4801
18775,N X P SEMICONDUCTORS N V,NXP Semiconductors Sees Q4 Sales $2.24B-$2.30B vs $2.08B Est.,0,increase,0.8,0.7,,147,28,2.0,2019-10-28,12084.0,5.301428586244583,8.495163909414472,8.844915322321567,-0.1979816006496548,2.5675821545504407,-1.7814047069282135,2.6356,1.497,1.5794,0.62,0.27,-0.24,0.007,1.649372,5.1998,0.4268,-0.1204,1.6289,-0.9689,0.4569,-1.4481,0.1228,-0.2332,0.8925
18783,N X P SEMICONDUCTORS N V,"NXP Semiconductors Q3 EPS $0.38 Does Not Compare To $1.93 Estimate, Sales $2.265B Beat $2.24B Estimate",0,decrease,0.8,0.6,,155,29,0.0,2019-10-28,12084.0,5.301428586244583,8.495163909414472,8.844915322321567,-0.1979816006496548,2.5675821545504407,-1.7814047069282135,2.6356,1.497,1.5794,0.62,0.27,-0.24,0.007,1.649372,5.1998,0.4268,-0.1204,1.6289,-0.9689,0.4569,-1.4481,0.1228,-0.2332,0.8925
18791,N X P SEMICONDUCTORS N V,A Preview Of NXP Semiconductors Q3 Earnings,0,uncertain,0.6,0.3,,132,29,1.0,2019-10-28,12084.0,5.301428586244583,8.495163909414472,8.844915322321567,-0.1979816006496548,2.5675821545504407,-1.7814047069282135,2.6356,1.497,1.5794,0.62,0.27,-0.24,0.007,1.649372,5.1998,0.4268,-0.1204,1.6289,-0.9689,0.4569,-1.4481,0.1228,-0.2332,0.8925
18799,OCEANFIRST FINANCIAL CORP,"Raymond James Maintains Strong Buy on OceanFirst Financial, Raises Price Target to $28",0,increase,0.9,0.8,,137,28,2.0,2019-10-28,83774.0,-0.4942373838275671,-0.9849294910485362,-0.9849295373297596,0.1672978512942791,-0.3329168618095512,-0.1667320130847915,1.3779,0.8821,0.8327,0.62,0.27,-0.24,0.007,0.854626,-1.0751,0.4742,0.5437,-2.0434,-1.038,0.3435,-0.0916,-0.5876,-0.0831,-0.1337
18807,CORPORATE OFFICE PROPERTIES TR,"Corporate Office Props Q3 FFO $0.51 May Not Compare To $0.2 Estimate, Sales $130.734M Beat $130.6M Estimate",0,uncertain,0.6,0.3,,149,29,1.0,2019-10-28,77239.0,-2.0421847701072693,0.8369601210646005,-2.3434908854919945,-0.3650803351774812,-0.033300787317958,0.200271612842906,-0.4997,-0.9409,0.5375,0.62,0.27,-0.24,0.007,-0.83995,-2.0735,1.7525,-0.1985,0.0113,0.7014,-0.9093,-0.9054,-1.2209,0.0525,-0.1984
18815,ORTHOFIX MEDICAL INC,Orthofix Medical shares are trading lower after the company reported worse-than-expected Q3 EPS and sales results.,0,decrease,0.8,0.7,,137,29,0.0,2019-10-28,78756.0,-15.09588211774826,-12.688700805564867,-9.791920022243197,-3.8461539894342422,-5.873492249633783,-5.195300885443843,-1.96,-2.7853,0.9717,0.62,0.27,-0.24,0.007,-2.569454,-15.1053,1.0027,0.1005,-2.2953,3.1001,5.4234,-1.8814,0.6957,-0.0627,-0.6778
18823,ORTHOFIX MEDICAL INC,"Orthofix Medical Q3 EPS $0.41 Misses $0.51 Estimate, Sales $113.499M Miss $117.82M Estimate",0,decrease,0.8,0.7,,147,29,0.0,2019-10-28,78756.0,-15.09588211774826,-12.688700805564867,-9.791920022243197,-3.8461539894342422,-5.873492249633783,-5.195300885443843,-1.96,-2.7853,0.9717,0.62,0.27,-0.24,0.007,-2.569454,-15.1053,1.0027,0.1005,-2.2953,3.1001,5.4234,-1.8814,0.6957,-0.0627,-0.6778
18831,ONE GAS INC,ONE Gas Reaffirms FY19 EPS Guidance Of $3.39-$3.57 vs $3.65 Est.,0,decrease,0.8,0.7,,131,29,0.0,2019-10-28,14401.0,-1.0394355282187462,-3.6005149890476873,-7.148502868429474,-1.018801797181368,-0.8104454337274247,-0.6954727100380143,-0.9762,-1.1672,0.3759,0.62,0.27,-0.24,0.007,-1.216258,-0.9165,0.3782,-0.0218,-0.8745,-2.5275,-1.1718,0.4812,-1.3574,-1.7016,-0.1709
18839,ONE GAS INC,"ONE Gas Q3 EPS $0.33, Inline",0,uncertain,0.6,0.3,,118,29,1.0,2019-10-28,14401.0,-1.0394355282187462,-3.6005149890476873,-7.148502868429474,-1.018801797181368,-0.8104454337274247,-0.6954727100380143,-0.9762,-1.1672,0.3759,0.62,0.27,-0.24,0.007,-1.216258,-0.9165,0.3782,-0.0218,-0.8745,-2.5275,-1.1718,0.4812,-1.3574,-1.7016,-0.1709
18847,O I GLASS INC,"Owens-Illinois Sees FY19 Adj. EPS $2.20-$2.25 vs $2.35 Est., Sees Q4 Adj. EPS $0.40-$0.50 vs $0.59 Est.",0,decrease,0.8,0.7,,160,29,0.0,2019-10-28,77157.0,-20.147190988063812,-17.38730834270522,-14.535418548931034,2.2944528609514236,2.7857825515281265,5.004909219184661,1.5888,0.7906,1.419,0.62,0.27,-0.24,0.007,0.7020200000000001,-20.9718,1.061,-0.4145,-0.2257,0.3962,2.7348,-2.4568,-2.111,2.3344,1.7577
18855,O I GLASS INC,"Owens-Illinois Q3 Adj. EPS $0.54 Misses $0.55 Estimate, Sales $1.67B Miss $1.74B Estimate",0,decrease,0.8,0.7,,147,29,0.0,2019-10-28,77157.0,-20.147190988063812,-17.38730834270522,-14.535418548931034,2.2944528609514236,2.7857825515281265,5.004909219184661,1.5888,0.7906,1.419,0.62,0.27,-0.24,0.007,0.7020200000000001,-20.9718,1.061,-0.4145,-0.2257,0.3962,2.7348,-2.4568,-2.111,2.3344,1.7577
18863,OMEROS CORP,Omeros Corporation Initiates BLA Submission For Narsoplimab For The Treatment Of HSCT-TMA,0,increase,0.8,0.7,,134,28,2.0,2019-10-28,93085.0,1.4192772097885609,-19.574213651367835,-18.74630495374935,-1.2399185448884964,2.973497210474507,2.6417514297719435,6.1519,4.8336,0.9772,0.62,0.27,-0.24,0.007,5.539036000000001,1.3269,-5.7402,-1.7854,0.7618,-15.7936,-3.8997,1.0403,4.4,-0.4486,1.2202
18871,OPKO HEALTH INC,OPKO Health shares are trading higher as a potential rebound after the stock fell roughly 25% last Friday following the company reporting a $100 million offering.,0,uncertain,0.6,0.5,,139,29,1.0,2019-10-28,82567.0,-3.9473645389080048,-0.6578938650561139,-3.9473644063174,-11.656437814235687,-24.210521941526373,-33.023255585887156,5.5556,3.9398,1.1847,0.62,0.27,-0.24,0.007,4.8140860000000005,-4.9999,0.6245,-0.6279,2.4694,-0.2462,2.3773,-2.6925,1.8407,-3.129,-0.3793
18879,OVERSTOCK COM INC DEL,"Overstock Seeking Shareholder Vote Regarding Digital Dividend, Says Continues to Work with Regulators to Ensure Dividend is Implemented in Compliance with Laws",0,uncertain,0.7,0.3,,142,29,1.0,2019-10-28,89394.0,-4.636365547776222,-7.090906608901926,-14.363635619397396,5.514020100235939,3.483044048030015,2.917043529585439,-2.5686,-3.9391,1.0348,0.62,0.27,-0.24,0.007,-3.2171760000000003,-5.1447,2.0219,-0.3061,-4.1714,-0.9373,-2.3027,1.5764,-0.8791,-2.737,-2.7192
18887,PENSKE AUTOMOTIVE GROUP INC,Penske Automotive Group Q3 Earnings Preview,0,uncertain,0.6,0.3,,129,29,1.0,2019-10-28,84042.0,-2.731257863342762,3.967308094102728,2.975635013341394,0.0822477915789932,0.0822477915789932,3.092563343948984,3.0614,2.5225,0.8421,0.62,0.27,-0.24,0.007,2.532298,-3.2536,1.634,-0.0207,2.1167,1.4647,0.1741,-0.9273,-1.6522,0.2138,0.7242
18895,P G & E CORP,"California Gov. Newsom Has Called for an Investigation Into How Utilities, Including PG&E, Conduct Public-Safety Power Shut-offs, Charging Them With an Over-Reliance on the Forced Blackout",0,uncertain,0.7,0.5,,152,29,1.0,2019-10-28,13688.0,32.36842751502991,91.31579060860626,64.73685088229738,-30.5555522441864,-39.024387538271554,-38.27160656630244,-24.0,-24.5205,0.9408,0.62,0.27,-0.24,0.007,-24.590296,32.1773,22.7463,1.0589,2.7803,12.0327,9.736,-13.5212,-13.6446,7.5198,-3.1235
18903,P G & E CORP,"PG&E Option Alert: Jan, 2021 $18 Calls Sweep (3) near the Ask: 516 @ $0.551 vs 962 OI; Earnings 11/8 Before Open [est] Ref=$3.6",0,uncertain,0.6,0.3,,163,29,1.0,2019-10-28,13688.0,32.36842751502991,91.31579060860626,64.73685088229738,-30.5555522441864,-39.024387538271554,-38.27160656630244,-24.0,-24.5205,0.9408,0.62,0.27,-0.24,0.007,-24.590296,32.1773,22.7463,1.0589,2.7803,12.0327,9.736,-13.5212,-13.6446,7.5198,-3.1235
18911,P G & E CORP,PG&E Shares Relatively Quiet Following Report 'PG&E filed a report with California regulators saying a fallen power pole and transformer may have ignited a fire in the San Francisco suburb of Lafayette Sunday',0,uncertain,0.6,0.3,,150,29,1.0,2019-10-28,13688.0,32.36842751502991,91.31579060860626,64.73685088229738,-30.5555522441864,-39.024387538271554,-38.27160656630244,-24.0,-24.5205,0.9408,0.62,0.27,-0.24,0.007,-24.590296,32.1773,22.7463,1.0589,2.7803,12.0327,9.736,-13.5212,-13.6446,7.5198,-3.1235
18919,P G & E CORP,PG&E Option Alert: Dec 20 $15 Calls at the Ask: 1250 @ $0.18 vs 4903 OI; Earnings 11/8 Before Open [est] Ref=$4.315,0,uncertain,0.6,0.3,,159,29,1.0,2019-10-28,13688.0,32.36842751502991,91.31579060860626,64.73685088229738,-30.5555522441864,-39.024387538271554,-38.27160656630244,-24.0,-24.5205,0.9408,0.62,0.27,-0.24,0.007,-24.590296,32.1773,22.7463,1.0589,2.7803,12.0327,9.736,-13.5212,-13.6446,7.5198,-3.1235
18927,P G & E CORP,"PG&E Shares Resume Trade, Down 12.6% For Session",0,decrease,0.8,0.6,,127,29,0.0,2019-10-28,13688.0,32.36842751502991,91.31579060860626,64.73685088229738,-30.5555522441864,-39.024387538271554,-38.27160656630244,-24.0,-24.5205,0.9408,0.62,0.27,-0.24,0.007,-24.590296,32.1773,22.7463,1.0589,2.7803,12.0327,9.736,-13.5212,-13.6446,7.5198,-3.1235
18935,P G & E CORP,PG&E Shares Halted On Circuit Breaker To Downside; Shares Down 11% From Recent Session High,0,uncertain,0.6,0.7,,135,29,1.0,2019-10-28,13688.0,32.36842751502991,91.31579060860626,64.73685088229738,-30.5555522441864,-39.024387538271554,-38.27160656630244,-24.0,-24.5205,0.9408,0.62,0.27,-0.24,0.007,-24.590296,32.1773,22.7463,1.0589,2.7803,12.0327,9.736,-13.5212,-13.6446,7.5198,-3.1235
18943,P G & E CORP,"PG&E Shares Resume Trade, Pullback From Session High; Stock Down 8% For Session",0,decrease,0.8,0.8,,132,29,0.0,2019-10-28,13688.0,32.36842751502991,91.31579060860626,64.73685088229738,-30.5555522441864,-39.024387538271554,-38.27160656630244,-24.0,-24.5205,0.9408,0.62,0.27,-0.24,0.007,-24.590296,32.1773,22.7463,1.0589,2.7803,12.0327,9.736,-13.5212,-13.6446,7.5198,-3.1235
18951,P G & E CORP,"PG&E Shares Halted On Circuit Breaker To Upside, Stock Still Down 5.6% For Session But Up Nearly 45% From Pre-Market Low Of $3.26",0,uncertain,0.6,0.4,,152,29,1.0,2019-10-28,13688.0,32.36842751502991,91.31579060860626,64.73685088229738,-30.5555522441864,-39.024387538271554,-38.27160656630244,-24.0,-24.5205,0.9408,0.62,0.27,-0.24,0.007,-24.590296,32.1773,22.7463,1.0589,2.7803,12.0327,9.736,-13.5212,-13.6446,7.5198,-3.1235
18959,P G & E CORP,PG&E shares are trading lower as the Public Safety Power Shutoff impact zone for the company expanded by over 90k due to extreme weather conditions. Investors are questioning the infrastructure of the company due to the constant shutoffs.,0,decrease,0.8,0.7,,158,29,0.0,2019-10-28,13688.0,32.36842751502991,91.31579060860626,64.73685088229738,-30.5555522441864,-39.024387538271554,-38.27160656630244,-24.0,-24.5205,0.9408,0.62,0.27,-0.24,0.007,-24.590296,32.1773,22.7463,1.0589,2.7803,12.0327,9.736,-13.5212,-13.6446,7.5198,-3.1235
18967,P G & E CORP,"PG&E Expects to Issue Weather ""All Clear"" for Safety Inspections and Restoration Work to Begin Early Monday Morning for Northern Sierras and North Coast",0,uncertain,0.6,0.3,,143,29,1.0,2019-10-28,13688.0,32.36842751502991,91.31579060860626,64.73685088229738,-30.5555522441864,-39.024387538271554,-38.27160656630244,-24.0,-24.5205,0.9408,0.62,0.27,-0.24,0.007,-24.590296,32.1773,22.7463,1.0589,2.7803,12.0327,9.736,-13.5212,-13.6446,7.5198,-3.1235
18975,POTLATCHDELTIC CORP,"PotlatchDeltic Q3 EPS $0.3 Beats $0.24 Estimate, Sales $226.3M Miss $235.08M Estimate",0,uncertain,0.6,0.4,,150,29,1.0,2019-10-28,49744.0,1.557781919836998,1.976289989612923,2.441299902874805,0.6499506998807192,0.3239226627121061,0.3007195437978671,-0.8072,-1.488,0.8835,0.62,0.27,-0.24,0.007,-1.36197,1.4005,-0.8332,-1.2087,-0.1146,1.5379,-0.7488,0.9317,-0.0581,-0.0848,0.3638
18983,PFIZER INC,Pfizer Reports EC Has Approved BAVENCIO Plus Axitinib Combo For First-Line Treatment Of Patients With Advanced Renal Cell Carcinoma,0,increase,0.8,0.7,,138,28,2.0,2019-10-28,21936.0,2.4946361780166626,2.011802731265,0.0273514910390071,1.0442459024488926,-8.721134925337992e-09,0.9332971559356418,1.387,1.0403,0.699,0.62,0.27,-0.24,0.007,0.94662,2.7235,0.3314,-0.1569,-0.4855,-1.1253,-1.3014,0.1133,-1.1785,0.1487,-0.2177
18991,KONINKLIJKE PHILIPS N V,Royal Philips NV shares are trading lower after the company reported worse-than-expected Q3 EPS results.,0,decrease,0.8,0.7,,142,29,0.0,2019-10-28,88487.0,-1.1298083700239658,2.374919485138771,2.075170655400682,0.3880350617691874,1.126690846328593,1.3130608219236617,-1.387,-1.9524,0.7479,0.62,0.27,-0.24,0.007,-1.857698,-0.8295,0.5935,1.1721,0.2967,0.616,-0.4924,-0.2449,0.5295,-0.3051,0.0614
18999,POLARIS INC,"UBS Maintains Buy on Polaris, Raises Price Target to $112",0,increase,0.9,0.8,,124,28,2.0,2019-10-28,75182.0,0.713225593790412,-0.0495251100392168,1.8722133291807277,0.6053995806723833,-0.295067811887939,0.0098679192901629,-0.4143,-1.4359,1.5307,0.62,0.27,-0.24,0.007,-1.370334,0.0721,0.8982,-1.4713,-2.5583,-0.0329,1.5245,-0.8031,0.6449,-0.1174,-0.0803
19007,PILGRIMS PRIDE CORP NEW,Pilgrims Pride shares are trading higher on continued momentum after the stock increased roughly 88% since the beginning of the year.,0,increase,0.8,0.7,,143,28,2.0,2019-10-28,93179.0,-1.9333330914378168,2.1666653964484306,4.5999971639763215,-0.9298939257860184,1.094894683515513,-0.6456183648400837,8.3032,7.8835,0.7163,0.62,0.27,-0.24,0.007,7.852094000000001,-1.8265,-0.0846,3.2587,2.9709,-2.8422,-1.1657,0.8118,1.666,0.1245,0.5332
19015,P V H CORP,"JP Morgan Downgrades PVH to Neutral, Announces $93 Price Target",0,decrease,0.8,0.7,,126,29,0.0,2019-10-28,13936.0,-1.3940002769231796,4.1373915485081625,7.862164647179148,2.1246151998639107,1.111713060063102,0.4112970735240306,-3.3416,-4.2066,1.4568,0.62,0.27,-0.24,0.007,-4.251816,-2.0,1.0885,-0.1748,0.4918,1.5733,1.0238,-1.5086,3.7328,0.2161,-0.7504
19023,QUALCOMM INC,Qualcomm shares are trading higher in sympathy with the overall market from progression in U.S.-China trade talks.,0,increase,0.8,0.7,,128,28,2.0,2019-10-28,77178.0,-1.6736896708607674,2.4563435794832555,10.58397689439412,1.4938604086637497,3.7933717823755098,2.1664291515386846,3.5924,2.9751,1.0412,0.62,0.27,-0.24,0.007,2.939856,-1.7791,-0.1086,-0.6442,2.3908,0.8972,0.2504,-0.8635,5.7458,4.2943,-2.0481
19031,RESTAURANT BRANDS INTL INC,Restaurant Brands International shares are trading lower after the company reported worse-than-expected Q3 sales results.,0,decrease,0.8,0.7,,138,29,0.0,2019-10-28,15113.0,-1.5183722600340843,-1.5335592462476844,2.490129695787413,-0.7251631934195757,0.8100079450353626,1.3923785809139888,-3.7838,-4.1688,0.4832,0.62,0.27,-0.24,0.007,-4.090384,-1.2145,0.3124,-0.1137,-0.5113,-0.2355,1.4195,0.3232,0.7113,0.1068,1.4454
19039,RESTAURANT BRANDS INTL INC,Chicken Wars Redux: Popeyes' Chicken Sandwich To Return In November,0,increase,0.8,0.7,,132,28,2.0,2019-10-28,15113.0,-1.5183722600340843,-1.5335592462476844,2.490129695787413,-0.7251631934195757,0.8100079450353626,1.3923785809139888,-3.7838,-4.1688,0.4832,0.62,0.27,-0.24,0.007,-4.090384,-1.2145,0.3124,-0.1137,-0.5113,-0.2355,1.4195,0.3232,0.7113,0.1068,1.4454
19047,RESTAURANT BRANDS INTL INC,"Restaurant Brands International CEO Impossible Whopper 'Huge Hit', 'One Of The Most Successful Product Launches In Burger King's History'; Says Sales Of The Impossible Whopper Have Been Highly Incremental",0,increase,0.9,0.8,,158,28,2.0,2019-10-28,15113.0,-1.5183722600340843,-1.5335592462476844,2.490129695787413,-0.7251631934195757,0.8100079450353626,1.3923785809139888,-3.7838,-4.1688,0.4832,0.62,0.27,-0.24,0.007,-4.090384,-1.2145,0.3124,-0.1137,-0.5113,-0.2355,1.4195,0.3232,0.7113,0.1068,1.4454
19055,RESTAURANT BRANDS INTL INC,Restaurant Brands International CEO Says 'Our Result At Tim Hortons Were Not Where We Want Them To Be',0,decrease,0.8,0.7,,139,29,0.0,2019-10-28,15113.0,-1.5183722600340843,-1.5335592462476844,2.490129695787413,-0.7251631934195757,0.8100079450353626,1.3923785809139888,-3.7838,-4.1688,0.4832,0.62,0.27,-0.24,0.007,-4.090384,-1.2145,0.3124,-0.1137,-0.5113,-0.2355,1.4195,0.3232,0.7113,0.1068,1.4454
19063,RESTAURANT BRANDS INTL INC,"Restaurant Brands Intl Q3 EPS $0.72 Beats $0.56 Estimate, Sales $1.107B Miss $1.15B Estimate",0,uncertain,0.6,0.5,,149,29,1.0,2019-10-28,15113.0,-1.5183722600340843,-1.5335592462476844,2.490129695787413,-0.7251631934195757,0.8100079450353626,1.3923785809139888,-3.7838,-4.1688,0.4832,0.62,0.27,-0.24,0.007,-4.090384,-1.2145,0.3124,-0.1137,-0.5113,-0.2355,1.4195,0.3232,0.7113,0.1068,1.4454
19071,Q 2 HOLDINGS INC,"Morgan Stanley Assumes Q2 Holdings at Overweight, Announces $90 Price Target",0,increase,0.8,0.7,,130,28,2.0,2019-10-28,14516.0,0.9315507486462592,-3.5709228252840286,4.798873058983033,1.4825532212853432,6.742081803099498,5.3091952083394345,1.4752,0.4937,1.1024,0.62,0.27,-0.24,0.007,0.7847120000000002,1.4566,0.3186,-1.5023,-2.5735,-1.6299,1.9203,-0.9406,0.7691,4.051,3.0432
19079,RYDER SYSTEMS INC,Ryder System's Q3 Earnings Preview,0,uncertain,0.6,0.3,,123,29,1.0,2019-10-28,27633.0,-5.4426707327365875,-4.390417571873428,-2.158923441252958,2.697138860821724,1.9713620137791876,2.275697065696014,0.5289,-0.3861,1.4043,0.62,0.27,-0.24,0.007,-0.348766,-6.0634,-5.9619,1.6423,0.4035,2.8925,1.6374,1.973,-2.3663,-0.2672,0.615
19087,RITE AID CORP,Rite Aid shares are trading higher on seemingly no company-specific news.,0,uncertain,0.6,0.3,,126,29,1.0,2019-10-28,46922.0,1.2141241692006588,22.847677417838685,6.401764452652126,4.66257818043232,-0.3504753348105294,-3.0681870520468113,6.2134,5.2793,1.4317,0.62,0.27,-0.24,0.007,5.318746000000001,-0.0478,4.0758,0.3455,4.0129,9.1489,-2.3641,-2.5425,-3.7498,-4.8575,-1.4038
19095,REDHILL BIOPHARMA LTD,RedHill Biopharma To Present New Phase 3 Data On RHB-105 And RHB-104 At The American College Of Gastroenterology 2019 Annual Meeting Oct. 25-30,0,increase,0.8,0.7,,162,28,2.0,2019-10-28,13707.0,1.6691904515028,11.532620867962828,-3.1866470747545894,0.8000030182301998,-0.7873970961535082,-4.545450348449432,4.6032,3.8772,0.748,0.62,0.27,-0.24,0.007,4.132440000000001,1.7319,-2.0973,2.1541,2.3802,6.2558,-2.7927,-1.6487,-4.5254,1.5032,-6.3166
19103,EVEREST RE GROUP LTD,"Everest Re Group Q3 Adj. EPS $3.39 Beats $2.48 Estimate, Sales $2.043B Beat $1.92B Estimate",0,increase,0.9,0.8,,144,28,2.0,2019-10-28,82303.0,3.7324856966733937,4.619054626884633,7.950773103015574,-0.4325717221945524,-0.2848001193799132,0.0321925964777314,-0.6316,-0.8202,0.546,0.62,0.27,-0.24,0.007,-0.97712,3.825,-0.7154,1.1854,0.3727,-0.8091,0.3277,0.6108,0.3691,0.6017,0.6222
19111,REXFORD INDUSTRIAL REALTY INC,"Rexford Industrial Realty Acquires a Property for $8M, Sells a Different Property for $11.2M",0,uncertain,0.6,0.4,,148,29,1.0,2019-10-28,14037.0,0.2922742860391736,-0.8977041280223808,-3.507307272744453,-0.0211559919989667,0.8753199496652764,1.2427723858777997,1.3757,1.0556,0.5209,0.62,0.27,-0.24,0.007,1.045742,0.3861,-0.155,0.2178,-1.8995,0.0443,-1.9361,0.263,-1.1376,-0.0308,-0.0285
19119,ROBERT HALF INTERNATIONAL INC,CL King Initiates Coverage On Robert Half International with Buy Rating,0,increase,0.8,0.7,,123,28,2.0,2019-10-28,52230.0,-0.7264745887368917,-1.520523368281168,-1.9766822890530111,-0.2754883840680122,3.6321325164203166,3.5209963179205106,2.1927,1.3234,1.2728,0.62,0.27,-0.24,0.007,1.3965639999999997,-0.9458,-0.7714,-0.6676,0.5167,-1.7674,-0.368,0.3906,-0.8314,-0.5812,0.4504
19127,TRANSOCEAN LTD,"Transocean Q3 EPS $(0.38) Misses $(0.37) Estimate, Sales $784M Beat $776.43M Estimate",0,uncertain,0.6,0.3,,142,29,1.0,2019-10-28,79237.0,8.262719213962555,18.432211361076845,10.59322055765235,1.7316000536084175,-3.0927855427206774,-1.467508812864582,0.4255,-0.9314,2.0493,0.62,0.27,-0.24,0.007,-0.8520660000000001,7.1794,-2.2991,-0.8783,3.6828,5.4591,-1.5842,-2.9472,-0.3586,-0.4799,-2.3926
19135,TRANSOCEAN LTD,4 Energy Stocks Moving In Monday's Pre-Market Session,0,uncertain,0.6,0.3,,122,29,1.0,2019-10-28,79237.0,8.262719213962555,18.432211361076845,10.59322055765235,1.7316000536084175,-3.0927855427206774,-1.467508812864582,0.4255,-0.9314,2.0493,0.62,0.27,-0.24,0.007,-0.8520660000000001,7.1794,-2.2991,-0.8783,3.6828,5.4591,-1.5842,-2.9472,-0.3586,-0.4799,-2.3926
19143,RIGEL PHARMACEUTICALS INC,Rigel Pharmaceuticals shares are trading higher. Not yet seeing any company-specific news.,0,uncertain,0.6,0.3,,136,29,1.0,2019-10-28,88810.0,-6.060600280761719,-6.92640009519172,4.155735755517753e-07,2.4390220642089844,19.99999470204017,24.26034512873327,10.0,8.3789,1.5012,0.62,0.27,-0.24,0.007,9.062256,-6.2613,-1.6304,-3.3223,3.0958,-0.4705,0.6624,-0.9784,0.4425,5.3088,2.8542
19151,GIBRALTAR INDUSTRIES INC,"KeyBanc Maintains Overweight on Gibraltar Industries, Raises Price Target to $60",0,increase,0.8,0.7,,136,28,2.0,2019-10-28,79862.0,5.131709575653076,4.370735091787825,1.9121942674088064,14.08919095993042,13.110424689847378,13.01098468043942,-0.3306,-0.777,0.6883,0.62,0.27,-0.24,0.007,-0.764346,4.8073,1.1616,-1.1177,0.5691,-2.5155,-0.9721,1.4579,-1.7526,-0.4248,-0.8672
19159,RETAIL OPPORTUNITY INVST CORP,"Retail Opportunity Inv Q3 FFO $0.27 May Not Compare $0.08 Estimate, Sales $71.793M Miss $72.8M Estimate",0,uncertain,0.6,0.5,,152,29,1.0,2019-10-28,92343.0,-0.7470618467777967,-0.8537878172708901,-2.9348945014463723,0.106385420076549,-0.8429917978169832,-0.6860213993636122,-0.4251,-0.7862,0.5217,0.62,0.27,-0.24,0.007,-0.7555540000000001,-0.7406,1.1711,-0.6643,-0.2548,-0.9679,-1.2797,0.328,-1.64,-0.1792,0.5153
19167,SANMINA CORP,Sanmina shares are trading lower after the company reported worse-than-expected Q4 sales results. The company also issued Q1 EPS and sales guidance below analyst estimates.,0,decrease,0.8,0.9,,143,29,0.0,2019-10-28,79108.0,-3.286680579185486,-1.0536279882165878,2.3745845138037236,0.0954159651882946,-0.1269467273829705,-3.3328244351122693,1.0327,0.1524,1.3087,0.62,0.27,-0.24,0.007,0.2143060000000001,-3.6602,-0.2361,1.7262,-1.6071,0.5382,2.7883,-0.6164,-1.8135,1.4259,1.2398
19175,SANMINA CORP,"Sanmina Sees Q1 Adj. EPS $0.65-$0.75 vs $0.87 Est., Sales $1.725B-$1.825B vs $2.18B Est.",0,decrease,0.8,0.7,,153,29,0.0,2019-10-28,79108.0,-3.286680579185486,-1.0536279882165878,2.3745845138037236,0.0954159651882946,-0.1269467273829705,-3.3328244351122693,1.0327,0.1524,1.3087,0.62,0.27,-0.24,0.007,0.2143060000000001,-3.6602,-0.2361,1.7262,-1.6071,0.5382,2.7883,-0.6164,-1.8135,1.4259,1.2398
19183,SANMINA CORP,"Sanmina Q4 Adj. EPS $0.84 Beats $0.78 Estimate, Sales $1.89B Miss $1.95B Estimate",0,uncertain,0.6,0.4,,142,29,1.0,2019-10-28,79108.0,-3.286680579185486,-1.0536279882165878,2.3745845138037236,0.0954159651882946,-0.1269467273829705,-3.3328244351122693,1.0327,0.1524,1.3087,0.62,0.27,-0.24,0.007,0.2143060000000001,-3.6602,-0.2361,1.7262,-1.6071,0.5382,2.7883,-0.6164,-1.8135,1.4259,1.2398
19191,S B A COMMUNICATIONS CORP NEW,"SBA Communications Q3 EPS $0.19, Adj. FFO Up 12% Year Over Year, Sales $468.6M Miss $496.76M Estimate",0,decrease,0.8,0.7,,155,29,0.0,2019-10-28,86996.0,-1.5793170779943466,-3.2617163159076923,-5.727598713822801,-0.977451168000698,-1.544480133876036,-0.3388038667663795,-0.6717,-0.9233,0.3881,0.62,0.27,-0.24,0.007,-0.919322,-1.1501,0.499,-0.7239,0.0993,-1.6867,-2.11,1.0193,-1.9351,0.4488,-0.0018
19199,SEACOAST BANKING CORP FLA,"B. Riley Downgrades Seacoast Banking to Neutral, Raises Price Target to $30",0,uncertain,0.6,0.3,,139,29,1.0,2019-10-28,69586.0,0.4903723485767841,1.6812660362412135,3.747816476835863,6.72931969165802,8.234845346984931,7.091660457724558,0.5636,-0.2218,1.1649,0.62,0.27,-0.24,0.007,-0.165638,-0.2739,0.6885,-0.5211,-0.5898,-0.4585,1.2504,-0.0282,-0.6054,-0.3513,1.2532
19207,STARBUCKS CORP,"Digital Assets Co., Bakkt, Says Is Focused On Development Of Consumer App, Merchant Portal, Testing With Starbucks",0,increase,0.8,0.7,,136,28,2.0,2019-10-28,77702.0,0.6339698564261198,-1.4712867688519429,-1.399519352642531,0.2404387341812253,0.7735066495383913,-0.0958564706343478,0.2639,-0.1577,0.686,0.62,0.27,-0.24,0.007,-0.16842,0.9805,-0.6104,0.4676,-1.9198,-0.7987,-0.3168,1.1217,-1.383,-0.5712,0.8475
19215,SILICOM LTD,Silicom Announces New Design Win From Leading SD-WAN Player,0,increase,0.8,0.7,,122,28,2.0,2019-10-28,80276.0,-2.070147916674614,-2.2139174588148847,-5.060374984853189,-0.3495351411402225,1.423028806765636,-0.2861691509073893,10.9056,10.3539,0.47,0.62,0.27,-0.24,0.007,10.6072,-2.1488,-1.2296,-0.7393,-0.5935,1.9377,-2.2488,-0.4733,0.7152,-1.0011,0.3531
19223,SIRIUS X M HOLDINGS INC,"Sirius XM 8-K Shows Entered Amended Stipulation, Agreement Of Settlement, Will Pay $8.25M Related To Derivative Complaint",0,uncertain,0.6,0.4,,149,29,1.0,2019-10-28,80924.0,-1.3931912370026112,4.798760567537763,7.950822975481264,-0.309597235172987,-0.1550349320977417,0.6249993940774967,0.3106,-0.3092,0.8497,0.62,0.27,-0.24,0.007,-0.223214,-1.4074,1.4925,4.2693,0.4631,-1.0649,0.8318,-0.4513,0.2359,0.4498,1.747
19231,SOUTHSTATE CORP,South State Q3 EPS $1.49 Beats $1.43 Estimate,0,increase,0.8,0.6,,124,28,2.0,2019-10-28,84389.0,1.5579523518681526,3.571880731008825,3.275788432873638,0.866862665861845,0.0384944702130463,-0.3451416363057569,1.2699,0.7498,1.0223,0.62,0.27,-0.24,0.007,0.6290740000000001,0.8604,1.0267,-0.2406,-0.3431,-0.4222,-0.1135,0.5404,-1.142,-0.6883,0.3158
19239,SIMPSON MANUFACTURING CO INC,"Simpson Manufacturing Co Q3 EPS $0.97 Beats $0.9 Estimate, Sales $309.932M Beat $290.34M Estimate",0,increase,0.8,0.7,,149,28,2.0,2019-10-28,80575.0,8.534643799066544,11.468021583907518,10.432706396899793,0.2821051515638828,1.014884938672389,1.4817889819724206,0.9243,0.3071,0.8972,0.62,0.27,-0.24,0.007,0.361036,8.3802,1.2173,0.7214,-0.4968,-0.1088,-0.5014,0.5223,-0.48,-0.1523,-0.6273
19247,STANLEY BLACK & DECKER INC,"Morgan Stanley Maintains Overweight on Stanley Black & Decker, Lowers Price Target to $158",0,uncertain,0.6,0.4,,138,29,1.0,2019-10-28,43350.0,1.3215923681855202,4.069960261868122,3.8464108402081143,3.3599764108657837,-1.48408451153883,-0.0066033547615695,0.4889,-0.4426,1.5902,0.62,0.27,-0.24,0.007,-0.504024,1.0886,0.042,-0.4103,0.5822,-0.0126,0.7287,-0.3554,-0.8178,-1.2521,0.5055
19255,STANLEY BLACK & DECKER INC,"Buckingham Maintains Neutral on Stanley Black & Decker, Raises Price Target to $150",0,increase,0.8,0.7,,136,28,2.0,2019-10-28,43350.0,1.3215923681855202,4.069960261868122,3.8464108402081143,3.3599764108657837,-1.48408451153883,-0.0066033547615695,0.4889,-0.4426,1.5902,0.62,0.27,-0.24,0.007,-0.504024,1.0886,0.042,-0.4103,0.5822,-0.0126,0.7287,-0.3554,-0.8178,-1.2521,0.5055
19263,T A L EDUCATION GROUP,TAL Education shares are trading lower potentially from a correction after the stock jumped approximately 9% from Q2 earnings.,0,uncertain,0.7,0.5,,136,29,1.0,2019-10-28,12339.0,0.4540082532912493,2.9151762042435303,5.925934052663928,0.8895066566765308,14.051330102099048,13.24224157502929,-2.9002,-3.8541,0.9538,0.62,0.27,-0.24,0.007,-3.498556,0.6869,1.3088,0.0333,-1.0027,1.0488,0.7481,1.298,0.6529,0.8312,-0.4942
19271,MOLSON COORS BEVERAGE CO,Molson Coors Brewing shares are trading lower on continued downward momentum since Friday from a sympathy play with Anheuser-Busch InBev after the company reported worse-than-expected Q3 sales results.,0,decrease,0.8,0.7,,157,29,0.0,2019-10-28,59248.0,0.2198990900069475,-1.759206712491157,-2.308957888297447,-3.4974556416273117,-4.422399600627303,-4.148396539552768,-3.9937,-4.311,0.7468,0.62,0.27,-0.24,0.007,-4.463716,0.042,-2.6766,-0.0162,-1.2836,0.6795,1.1633,0.1423,-2.3672,0.5374,-0.6418
19279,MOLSON COORS BEVERAGE CO,Molson Coors Brewing shares are trading lower on continued downward momentum since Friday from a sympathy play with Anheuser-Busch InBev after the company reported worse-than-expected Q3 sales results.,0,decrease,0.8,0.7,,157,29,0.0,2019-10-28,59248.0,0.2198990900069475,-1.759206712491157,-2.308957888297447,-3.4974556416273117,-4.422399600627303,-4.148396539552768,-3.9937,-4.311,0.7468,0.62,0.27,-0.24,0.007,-4.463716,0.042,-2.6766,-0.0162,-1.2836,0.6795,1.1633,0.1423,-2.3672,0.5374,-0.6418
19287,BIO TECHNE CORP,Bio-Techne to Invest $40-50M to Expand its GMP-Grade Protein Production Capacity,0,increase,0.8,0.7,,132,28,2.0,2019-10-28,75694.0,0.4971360322088003,-1.0277216826944269,-2.7771662757629323,0.8282077498733997,0.4297545041984874,1.3105465727629273,2.8971,2.035,0.966,0.62,0.27,-0.24,0.007,2.29118,0.7495,-1.2283,-0.2246,0.1238,-1.3441,-0.995,0.2878,-0.4761,-0.4454,0.0058
19295,T G THERAPEUTICS INC,TG Therapeutics shares are trading higher after the company announced Phase 2b pivotal trial met its primary endpoint.,0,increase,0.9,0.8,,138,28,2.0,2019-10-28,82670.0,2.4999940767884254,8.823527742953097,14.558819635158082,0.8726037107408047,2.482275733241268,3.9568394536900753,17.6471,15.8188,1.7811,0.62,0.27,-0.24,0.007,16.535817999999995,2.037,-1.7509,1.3329,0.5098,3.8725,-0.2488,4.792,1.9841,3.8612,-4.3196
19303,T G THERAPEUTICS INC,TG Therapeutics' Phase 2b Pivotal Trial Met its Primary Endpoint,0,increase,0.9,0.8,,133,28,2.0,2019-10-28,82670.0,2.4999940767884254,8.823527742953097,14.558819635158082,0.8726037107408047,2.482275733241268,3.9568394536900753,17.6471,15.8188,1.7811,0.62,0.27,-0.24,0.007,16.535817999999995,2.037,-1.7509,1.3329,0.5098,3.8725,-0.2488,4.792,1.9841,3.8612,-4.3196
19311,T MOBILE U S INC,T-Mobile Sees FY19 Adj. EBITDA $13.1B-$13.3B,0,uncertain,0.6,0.3,,134,29,1.0,2019-10-28,91937.0,-0.7525218650698662,-1.784198787975,-3.3620546619345104,0.1718205516226589,0.319569980928569,-0.0612163891457462,0.9434,0.4739,0.7405,0.62,0.27,-0.24,0.007,0.47729,-0.6927,1.6776,-0.4459,-1.0927,-2.2179,0.6625,0.6213,-0.2477,-1.3629,-1.5038
19319,T MOBILE U S INC,"T Mobile U.S. Inc. Q3 Adj. EPS $1.01 Beats $0.96 Estimate, Sales $11.1B Miss $11.33B Estimate",0,uncertain,0.6,0.4,,149,29,1.0,2019-10-28,91937.0,-0.7525218650698662,-1.784198787975,-3.3620546619345104,0.1718205516226589,0.319569980928569,-0.0612163891457462,0.9434,0.4739,0.7405,0.62,0.27,-0.24,0.007,0.47729,-0.6927,1.6776,-0.4459,-1.0927,-2.2179,0.6625,0.6213,-0.2477,-1.3629,-1.5038
19327,TREX COMPANY INC,"Trex Co Q3 EPS $0.72 Beats $0.68 Estimate, Sales $194.551M Miss $208.25M Estimate",0,uncertain,0.6,0.5,,139,29,1.0,2019-10-28,86810.0,-8.433996886014938,-3.232126299256433,-5.158338797406758,-2.064545825123787,-0.1550895502061,-0.1993137549322177,1.9527,0.9364,1.2821,0.62,0.27,-0.24,0.007,1.1507980000000002,-9.0545,0.9836,5.515,-0.7569,-2.0665,-1.897,2.4302,-2.0123,-0.1862,-0.5819
19335,T ROWE PRICE GROUP INC,T. Rowe Price shares are trading higher on continued momentum after the company reported last Thursday Q3 EPS results up from last year.,0,increase,0.8,0.7,,138,28,2.0,2019-10-28,10138.0,0.5807997193187475,1.2384668803522514,2.852747154792268,0.3176009049639106,4.917883177796845,5.1021317547991,2.9637,2.2376,1.2679,0.62,0.27,-0.24,0.007,2.1706019999999997,0.5355,-0.0737,-0.8581,-0.6985,0.3639,0.3642,0.8299,-0.3923,-0.9428,1.0081
19343,TRAVELERS COMPANIES INC,MKM Partners Upgrades Travelers Companies to Buy,0,increase,0.9,0.8,,127,28,2.0,2019-10-28,59459.0,-0.2861642511561513,0.6960509342454957,3.279188008470024,-0.7608613464981318,-1.3090276789464173,0.2151354096078916,-0.8664,-1.1531,0.7282,0.62,0.27,-0.24,0.007,-1.324884,-0.0827,0.3487,1.1448,-0.8228,-0.7411,0.9669,0.4193,0.1218,0.0283,0.3237
19351,TESLA INC,"'If you're directly affected by wildfire power outages, Tesla is reducing Solar+Powerwall prices by $1000 as of today' -Tweet From Elon Musk",0,increase,0.9,0.8,,142,28,2.0,2019-10-28,93436.0,-3.5061459988355637,-3.1247112414676703,5.303471095387424,9.493464231491089,28.84011865905043,28.386416170626603,-0.128,-1.0701,1.1715,0.62,0.27,-0.24,0.007,-0.86133,-3.4309,-0.7779,0.4464,-1.9024,1.1081,-0.0601,3.3471,2.3934,0.0022,2.5622
19359,TESLA INC,"'US clean energy incentive drops by 4% on Jan 1, so orders must be received by roughly Nov 15 to be installed in time' -Tweet From Elon Musk",0,uncertain,0.6,0.3,,145,29,1.0,2019-10-28,93436.0,-3.5061459988355637,-3.1247112414676703,5.303471095387424,9.493464231491089,28.84011865905043,28.386416170626603,-0.128,-1.0701,1.1715,0.62,0.27,-0.24,0.007,-0.86133,-3.4309,-0.7779,0.4464,-1.9024,1.1081,-0.0601,3.3471,2.3934,0.0022,2.5622
19367,TESLA INC,Guy Gentile Details Short Position In Tesla; Says 'the company is over valued due to a short squeeze and should have a big pull back they will also face a hard time with major competition coming to market.',0,decrease,0.8,0.7,,150,29,0.0,2019-10-28,93436.0,-3.5061459988355637,-3.1247112414676703,5.303471095387424,9.493464231491089,28.84011865905043,28.386416170626603,-0.128,-1.0701,1.1715,0.62,0.27,-0.24,0.007,-0.86133,-3.4309,-0.7779,0.4464,-1.9024,1.1081,-0.0601,3.3471,2.3934,0.0022,2.5622
19375,TESLA INC,SpaceX Plans To Land Starship On The Moon By 2022,0,uncertain,0.6,0.3,,123,29,1.0,2019-10-28,93436.0,-3.5061459988355637,-3.1247112414676703,5.303471095387424,9.493464231491089,28.84011865905043,28.386416170626603,-0.128,-1.0701,1.1715,0.62,0.27,-0.24,0.007,-0.86133,-3.4309,-0.7779,0.4464,-1.9024,1.1081,-0.0601,3.3471,2.3934,0.0022,2.5622
19383,TAIWAN SEMICONDUCTOR MFG CO LTD,Globalfoundries And TSMC Announce Resolution Of Global Disputes Through Broad Global Patent Cross-License; Globalfoundries & Co Dismissing All Litigation Between Them & Those That Involve Any Of Their Customers,0,increase,0.9,0.8,,168,28,2.0,2019-10-28,85442.0,0.3118297550827265,4.24868507197258,2.5141241341780862,0.3532881382852793,1.9134999491231983,0.9676178692616276,0.352,-0.2974,0.9988,0.62,0.27,-0.24,0.007,-0.274256,0.4989,0.4454,-0.2212,-0.0452,2.4335,0.1852,0.1864,-0.3164,-1.8943,-0.2609
19391,TYSON FOODS INC,Tyson Foods shares are trading higher. Not seeing any news to justify the price action.,0,uncertain,0.6,0.3,,128,29,1.0,2019-10-28,77730.0,0.2558468375355005,-0.0365481638284981,0.7919122361118358,0.8481157012283802,1.2645204364011065,-0.8715358126927808,4.5872,4.3096,0.4491,0.62,0.27,-0.24,0.007,4.301758,0.453,-1.0097,1.2578,0.8665,-1.8369,0.0221,1.7889,-0.3544,-0.9587,0.1543
19399,TETRA TECH INC,Tetra Tech Wins $40M USACE Flood Risk Management Contract,0,increase,0.8,0.7,,125,28,2.0,2019-10-28,77191.0,1.0506103746593,0.3163199476159617,-1.7510116840690926,-0.5928590428084135,-0.9654685207988624,-1.5247328840457874,1.5254,0.7691,1.0211,0.62,0.27,-0.24,0.007,0.8853180000000003,1.032,-0.5794,-1.2326,0.4326,-0.7258,-0.6786,-0.3897,-1.2718,-0.4554,0.5259
19407,TEXAS ROADHOUSE INC,"Texas Roadhouse Q3 EPS $0.52 Beats $0.46 Estimate, Sales $650.49M Beat $649.47M Estimate",0,increase,0.8,0.6,,141,28,2.0,2019-10-28,90427.0,20.211288332939148,18.915690312626097,16.4839557028754,2.8949497267603874,1.800321678385064,2.281596638597106,0.824,0.4134,0.5079,0.62,0.27,-0.24,0.007,0.5021019999999999,19.9559,-5.4934,0.276,1.0488,2.2384,-0.7861,-0.5526,-1.5586,1.0388,-0.4428
19415,UNIVERSAL HEALTH SERVICES INC,"Barclays Maintains Equal-Weight on Universal Health Services, Lowers Price Target to $138",0,decrease,0.8,0.7,,131,29,0.0,2019-10-28,79637.0,0.5286759231239557,1.05011364480454,0.8400953488197693,-4.6786487102508545,-4.5863345773197945,-5.772654879757844,0.1088,-0.4027,0.7253,0.62,0.27,-0.24,0.007,-0.347886,0.4785,0.2316,-0.7864,-0.0313,0.2254,0.1421,0.334,-0.4103,0.8093,-1.2096
19423,UNISYS CORP,Unisys Wins a Contract from the US Defense Information Systems Agency,0,increase,0.8,0.7,,124,28,2.0,2019-10-28,10890.0,-0.9334880858659744,27.65460950759035,31.27188387454469,2.6481781154870987,0.1230041462883191,3.694273200346432,5.2825,4.2433,1.4143,0.62,0.27,-0.24,0.007,4.398634,-1.2298,16.8693,4.5728,-0.9189,4.5794,0.9173,-2.321,2.1011,4.2769,-2.2111
19431,VORNADO REALTY TRUST,"Vornado Realty Q3 FFO $0.89 May Not Compare $0.23 Estimate, Sales $465.961M Miss $469.6M Estimate",0,decrease,0.8,0.7,,148,29,0.0,2019-10-28,28388.0,1.7332926392555237,3.744726044383695,3.634309415542547,-0.3719743806868791,-0.6645036514782765,0.9897836018742944,-0.3734,-0.7453,0.5949,0.62,0.27,-0.24,0.007,-0.7492380000000001,1.8074,2.2435,-1.4236,-0.6262,1.0453,-0.5966,-0.1095,-0.6734,1.0476,-0.0137
19439,VARONIS SYSTEMS INC,Varonis Systems shares are trading higher after the company reported Q3 EPS of $(0.16) vs the $(0.34) estimate and better-than-expected Q3 sales results.,0,increase,0.9,0.8,,150,28,2.0,2019-10-28,14472.0,13.95089328289032,13.616073361657064,16.62946530556557,0.6586343050003052,2.8055767509653773,2.352170162586753,0.0958,-0.92,0.8715,0.62,0.27,-0.24,0.007,-0.45153,14.476,2.1741,-3.2396,-0.7488,1.0812,0.8431,1.7236,-0.6912,1.4056,0.1251
19447,VARONIS SYSTEMS INC,"Varonis Systems Q3 EPS $(0.16) May Not Compare To $(0.34) Estimate, Sales $65.65M Down From $67.052M YoY",0,uncertain,0.6,0.4,,150,29,1.0,2019-10-28,14472.0,13.95089328289032,13.616073361657064,16.62946530556557,0.6586343050003052,2.8055767509653773,2.352170162586753,0.0958,-0.92,0.8715,0.62,0.27,-0.24,0.007,-0.45153,14.476,2.1741,-3.2396,-0.7488,1.0812,0.8431,1.7236,-0.6912,1.4056,0.1251
19455,VIRTUS INVESTMENT PARTNERS INC,"Morgan Stanley Maintains Equal-Weight on Virtus Investment, Raises Price Target to $115",0,increase,0.8,0.7,,140,28,2.0,2019-10-28,92871.0,0.8812587708234787,5.560757274021433,8.146113074356066,3.1398288905620575,1.8645953582485,2.7663211886274963,5.5208,4.6013,1.364,0.62,0.27,-0.24,0.007,4.668120000000001,0.301,1.9352,0.5798,-1.4655,1.2054,1.329,-0.0799,-0.461,-0.2941,1.3606
19463,VIRTUS INVESTMENT PARTNERS INC,"Barclays Maintains Equal-Weight on Virtus Investment, Raises Price Target to $108",0,increase,0.8,0.7,,140,28,2.0,2019-10-28,92871.0,0.8812587708234787,5.560757274021433,8.146113074356066,3.1398288905620575,1.8645953582485,2.7663211886274963,5.5208,4.6013,1.364,0.62,0.27,-0.24,0.007,4.668120000000001,0.301,1.9352,0.5798,-1.4655,1.2054,1.329,-0.0799,-0.461,-0.2941,1.3606
19471,VERTEX PHARMACEUTICALS INC,BTIG: Crispr Could Be A Takeover Target For Vertex,0,increase,0.8,0.7,,133,28,2.0,2019-10-28,76744.0,1.9946372136473656,2.783215063888167,4.061431607731936,0.0102865597000345,2.0891350664660857,1.7952517948726765,-0.2417,-1.0805,0.9189,0.62,0.27,-0.24,0.007,-0.8184180000000001,2.3507,-0.2302,-1.7745,2.1729,-0.2186,-0.8833,-0.162,-0.0264,2.2067,0.3242
19479,VERTEX PHARMACEUTICALS INC,CRISPR Shares Relatively Quiet As Traders Circulate Earlier Note From BTIG Suggesting 'Vertex's decision to exercise its options to in-license 3 added targets...could fuel speculation CRISPR will end up as Vertex takeover target.',0,increase,0.8,0.7,,168,28,2.0,2019-10-28,76744.0,1.9946372136473656,2.783215063888167,4.061431607731936,0.0102865597000345,2.0891350664660857,1.7952517948726765,-0.2417,-1.0805,0.9189,0.62,0.27,-0.24,0.007,-0.8184180000000001,2.3507,-0.2302,-1.7745,2.1729,-0.2186,-0.8833,-0.162,-0.0264,2.2067,0.3242
19487,VENTAS INC,Ventas shares are trading lower after Citigroup and Capital One downgraded the stock after Q3 earnings results.,0,decrease,0.8,0.7,,130,29,0.0,2019-10-28,75819.0,-1.1138632893562317,-3.4189343006550854,-8.570546177683925,-8.927834033966064,-9.81142457014148,-8.320597704364395,-2.0606,-2.1944,0.192,0.62,0.27,-0.24,0.007,-2.18664,-0.7613,0.82,0.0728,-1.2517,-1.8863,-2.8129,-0.4062,-0.3086,-1.0173,-0.8403
19495,VENTAS INC,Citigroup Downgrades Ventas to Neutral,0,decrease,0.8,0.7,,117,29,0.0,2019-10-28,75819.0,-1.1138632893562317,-3.4189343006550854,-8.570546177683925,-8.927834033966064,-9.81142457014148,-8.320597704364395,-2.0606,-2.1944,0.192,0.62,0.27,-0.24,0.007,-2.18664,-0.7613,0.82,0.0728,-1.2517,-1.8863,-2.8129,-0.4062,-0.3086,-1.0173,-0.8403
19503,VENTAS INC,Capital One Financial Downgrades Ventas to Equal-Weight,0,decrease,0.8,0.7,,120,29,0.0,2019-10-28,75819.0,-1.1138632893562317,-3.4189343006550854,-8.570546177683925,-8.927834033966064,-9.81142457014148,-8.320597704364395,-2.0606,-2.1944,0.192,0.62,0.27,-0.24,0.007,-2.18664,-0.7613,0.82,0.0728,-1.2517,-1.8863,-2.8129,-0.4062,-0.3086,-1.0173,-0.8403
19511,VANGUARD WHITEHALL FUNDS,Investors Love This Vanguard Dividend ETF,0,increase,0.9,0.8,,127,28,2.0,2019-10-28,91597.0,0.2008035546168685,1.3052188748211346,1.717984080829016,0.5172597244381905,0.2017714402599457,0.3592676491717794,0.2797,-0.1399,0.8365,0.62,0.27,-0.24,0.007,-0.24593,0.2198,0.1171,0.0872,-0.209,-0.2077,-0.0024,0.0306,-0.1817,0.1157,-0.1831
19519,WAYFAIR INC,Wayfair shares are trading lower after Morgan Stanley maintained an Equal-Weight on the stock and lowered the price target from $130 to $117.,0,decrease,0.8,0.7,,137,29,0.0,2019-10-28,14983.0,-7.135665416717529,-20.016464743477343,-23.83130154225338,3.303905948996544,3.530132089472171,4.0404966202603365,-7.5133,-8.9929,1.7417,0.62,0.27,-0.24,0.007,-8.600154,-6.6759,-1.6693,-18.1871,0.2219,4.658,-6.6107,3.8157,0.0496,-0.4874,-1.0023
19527,WAYFAIR INC,"Morgan Stanley Maintains Equal-Weight on Wayfair, Lowers Price Target to $117",0,decrease,0.8,0.7,,128,29,0.0,2019-10-28,14983.0,-7.135665416717529,-20.016464743477343,-23.83130154225338,3.303905948996544,3.530132089472171,4.0404966202603365,-7.5133,-8.9929,1.7417,0.62,0.27,-0.24,0.007,-8.600154,-6.6759,-1.6693,-18.1871,0.2219,4.658,-6.6107,3.8157,0.0496,-0.4874,-1.0023
19535,WALGREENS BOOTS ALLIANCE INC,Monday's Market Minute: Trifecta Of Data,0,uncertain,0.6,0.3,,130,29,1.0,2019-10-28,19502.0,0.8422961458563805,6.899645665479803,11.55914127603832,1.7814461141824722,1.5762404543457231,0.1807637541753504,0.6857,0.0826,1.0098,0.62,0.27,-0.24,0.007,0.052624,0.5805,-0.2535,-1.232,3.0268,2.7637,2.2768,-2.6174,-2.0275,0.8283,5.3896
19543,WALGREENS BOOTS ALLIANCE INC,"Walgreens Boots Alliance Q4 EPS $1.43 Beats $1.41 Estimate, Sales $33.95B Beat $33.90B Estimate",0,increase,0.8,0.6,,150,28,2.0,2019-10-28,19502.0,0.8422961458563805,6.899645665479803,11.55914127603832,1.7814461141824722,1.5762404543457231,0.1807637541753504,0.6857,0.0826,1.0098,0.62,0.27,-0.24,0.007,0.052624,0.5805,-0.2535,-1.232,3.0268,2.7637,2.2768,-2.6174,-2.0275,0.8283,5.3896
19551,WASTE CONNECTIONS INC NEW,"Waste Connections Q3 Adj. EPS $0.73 Beats $0.71 Estimate, Sales $1.412B Beat $1.41B Estimate; Raises Qtr. Dividend From $0.16 To $0.185/Share",0,increase,0.8,0.7,,164,28,2.0,2019-10-28,92949.0,2.634800225496292,0.0222393350717942,-1.3402807182821497,-1.1580083519220352,-0.7390504812565757,-1.8906376864188612,-1.511,-1.8037,0.5489,0.62,0.27,-0.24,0.007,-1.8583179999999997,2.9578,-0.3212,-0.202,-0.5911,-2.0893,0.1023,0.2844,-0.7629,-0.9784,-0.2856
19559,WASTE CONNECTIONS INC NEW,Waste Connections Q3 Earnings Outlook,0,uncertain,0.6,0.3,,121,29,1.0,2019-10-28,92949.0,2.634800225496292,0.0222393350717942,-1.3402807182821497,-1.1580083519220352,-0.7390504812565757,-1.8906376864188612,-1.511,-1.8037,0.5489,0.62,0.27,-0.24,0.007,-1.8583179999999997,2.9578,-0.3212,-0.202,-0.5911,-2.0893,0.1023,0.2844,-0.7629,-0.9784,-0.2856
19567,WESTERN DIGITAL CORP,Western Digital Option Alert: Jan 17 $65 Calls Sweep (2) near the Bid: 2340 @ $3.65 vs 21655 OI; Earnings 10/30 After Close Ref=$62.6,0,increase,0.8,0.7,,160,28,2.0,2019-10-28,66384.0,0.0956502044573426,-12.386418684906207,-17.120991337955704,2.8729822486639023,6.20988356470451,4.026501534887861,2.4498,1.1955,1.7515,0.62,0.27,-0.24,0.007,1.35687,0.1891,-1.2504,-16.094,1.9231,1.2257,-1.715,-0.2678,-1.5385,-2.8017,0.2927
19575,WERNER ENTERPRISES INC,FMCSA Details Under-21 Military Driver Program,0,uncertain,0.6,0.3,,125,29,1.0,2019-10-28,10397.0,0.9882992133498192,-1.7425279440675734,-1.6384943110633432,2.5336476042866707,2.982107411059176,2.8866530064525,-1.0296,-1.6398,0.9012,0.62,0.27,-0.24,0.007,-1.595344,0.5346,-2.5485,-1.8768,-1.2056,1.4779,-0.3515,1.0029,-0.1213,-0.2308,-0.6145
19583,WERNER ENTERPRISES INC,"KeyBanc Maintains Overweight on Werner Enterprises, Raises Price Target to $43",0,increase,0.8,0.7,,132,28,2.0,2019-10-28,10397.0,0.9882992133498192,-1.7425279440675734,-1.6384943110633432,2.5336476042866707,2.982107411059176,2.8866530064525,-1.0296,-1.6398,0.9012,0.62,0.27,-0.24,0.007,-1.595344,0.5346,-2.5485,-1.8768,-1.2056,1.4779,-0.3515,1.0029,-0.1213,-0.2308,-0.6145
19591,WELLS FARGO & CO NEW,Wells Fargo Shares Unaffected Following Earlier Report Bank To Lay Off 200+ Business Bankers In US,0,uncertain,0.6,0.3,,140,29,1.0,2019-10-28,38703.0,1.0067698545753956,2.0716353316283964,5.634985136920134,0.9197675622999668,1.2566255082736122,1.8767300953673736,0.1551,-0.223,1.003,0.62,0.27,-0.24,0.007,-0.4737599999999999,0.5945,0.6837,0.0491,-0.8907,-0.777,0.6646,0.7156,0.3686,0.2598,0.3111
19599,EXXON MOBIL CORP,Might Stories Be The Revenue Story Behind Facebook's Earnings?,0,uncertain,0.6,0.3,,129,29,1.0,2019-10-28,11850.0,-0.2913708565756678,4.414333799232151,3.7364666222736487,0.2315873047336936,-0.7168458746224959,0.2315872668053886,-0.8809,-1.3146,0.9816,0.62,0.27,-0.24,0.007,-1.496492,-0.3619,-0.8265,0.3113,1.6206,1.8487,1.8053,-2.4779,1.3901,-1.9564,-0.2974
19607,X P O INC,XPO Logistics shares are trading lower after the company reported worse-than-expected Q3 sales results.,0,decrease,0.8,0.7,,128,29,0.0,2019-10-28,90175.0,1.2064691632986069,2.189057412065143,4.713931410001448,1.9698144868016243,1.9437396273544572,2.970812656948829,0.853,-0.2092,1.3966,0.62,0.27,-0.24,0.007,-0.019892,0.6276,-1.7541,-2.2928,1.0978,1.8274,1.1606,0.6799,0.6735,-0.274,-0.0923
19615,X P O INC,XPO Logistics Sees FY19 Adj. EBITDA $1.675B-$1.725B,0,uncertain,0.6,0.3,,131,29,1.0,2019-10-28,90175.0,1.2064691632986069,2.189057412065143,4.713931410001448,1.9698144868016243,1.9437396273544572,2.970812656948829,0.853,-0.2092,1.3966,0.62,0.27,-0.24,0.007,-0.019892,0.6276,-1.7541,-2.2928,1.0978,1.8274,1.1606,0.6799,0.6735,-0.274,-0.0923
19623,X P O INC,"XPO Logistics Q3 EPS $1.18 Beats $1.04 Estimate, Sales $4.15B Miss $4.27B Estimate",0,uncertain,0.6,0.4,,139,29,1.0,2019-10-28,90175.0,1.2064691632986069,2.189057412065143,4.713931410001448,1.9698144868016243,1.9437396273544572,2.970812656948829,0.853,-0.2092,1.3966,0.62,0.27,-0.24,0.007,-0.019892,0.6276,-1.7541,-2.2928,1.0978,1.8274,1.1606,0.6799,0.6735,-0.274,-0.0923
19631,X P O INC,XPO Logistics Q3 Earnings Outlook,0,uncertain,0.6,0.3,,117,29,1.0,2019-10-28,90175.0,1.2064691632986069,2.189057412065143,4.713931410001448,1.9698144868016243,1.9437396273544572,2.970812656948829,0.853,-0.2092,1.3966,0.62,0.27,-0.24,0.007,-0.019892,0.6276,-1.7541,-2.2928,1.0978,1.8274,1.1606,0.6799,0.6735,-0.274,-0.0923
19639,XEROX HOLDINGS CORP,Q3 Earnings Preview: Xerox,0,uncertain,0.6,0.3,,123,29,1.0,2019-10-28,27983.0,11.789532750844955,12.60148472457059,24.5859029741778,0.4279166460037231,-0.5541071280978027,0.4940699182139241,0.9177,0.0744,1.3599,0.62,0.27,-0.24,0.007,0.0675619999999999,11.5898,-0.4504,0.3059,-3.468,2.3524,4.6025,3.8033,-1.6812,3.8688,-0.9021
19647,YELP INC,Yelp Option Alert: Nov 15 $37 Calls Sweep (39) near the Ask: 900 @ $1.11 vs 706 OI; Earnings 11/11 After Close [est] Ref=$34.715,0,increase,0.8,0.7,,157,28,2.0,2019-10-28,13318.0,-1.6900606453418732,-1.919215800905627,3.294189098119582,3.521338105201721,3.459588205301234,2.5118159084934755,0.6342,-0.2953,1.1119,0.62,0.27,-0.24,0.007,-0.062178,-1.675,1.2817,-0.4673,0.2215,-2.5373,-3.1983,-0.7223,-8.0867,14.9299,3.83
19655,YANDEX N V,Yandex shares trading higher following a report the company is working with Morgan Stanley and Goldman Sachs related to a potential Taxi IPO.,0,increase,0.8,0.7,,135,28,2.0,2019-10-28,12799.0,0.2382311271503567,1.9654551467817027,1.9356690921518591,-1.314985565841198,0.906819747021692,0.2796774188837281,4.0595,3.3823,0.8943,0.62,0.27,-0.24,0.007,3.498034,0.4264,-0.7643,-0.2696,0.5242,1.088,0.8688,-0.6335,-0.5535,-0.1111,0.3183
19663,YANDEX N V,"Yandex Shares Spike ~3% As Hearing Co. In talks With Morgan Stanley, Goldman Related To Taxi IPO",0,increase,0.8,0.6,,133,28,2.0,2019-10-28,12799.0,0.2382311271503567,1.9654551467817027,1.9356690921518591,-1.314985565841198,0.906819747021692,0.2796774188837281,4.0595,3.3823,0.8943,0.62,0.27,-0.24,0.007,3.498034,0.4264,-0.7643,-0.2696,0.5242,1.088,0.8688,-0.6335,-0.5535,-0.1111,0.3183
19671,YUM BRANDS INC,Yum Brands Option Alert: Jan 17 $115 Calls at the Ask: 1000 @ $1.67 vs 3143 OI; Earnings 10/30 Before Open Ref=$110.28,0,uncertain,0.6,0.3,,155,29,1.0,2019-10-28,85348.0,0.1917624729685485,-10.099538663148287,-9.752533858139156,0.1376792439259588,-0.1555762410021754,-0.9082652165670392,0.3758,0.1673,0.5296,0.62,0.27,-0.24,0.007,0.040448,0.6222,-6.5754,-1.658,-2.0945,-1.0949,-0.2533,1.8704,-0.5708,-0.9825,-0.0367
19679,YUM BRANDS INC,Yum Brands Option Alert: Fri $112 Calls Sweep (2) near the Ask: 1800 @ $1.25 vs 127 OI; Earnings 10/30 Before Open Ref=$110.31,0,increase,0.8,0.7,,156,28,2.0,2019-10-28,85348.0,0.1917624729685485,-10.099538663148287,-9.752533858139156,0.1376792439259588,-0.1555762410021754,-0.9082652165670392,0.3758,0.1673,0.5296,0.62,0.27,-0.24,0.007,0.040448,0.6222,-6.5754,-1.658,-2.0945,-1.0949,-0.2533,1.8704,-0.5708,-0.9825,-0.0367
19687,ADOBE INC,"BMO Capital Maintains Outperform on Adobe, Lowers Price Target to $300",0,uncertain,0.6,0.3,,126,29,1.0,,,,,,,,,,,,,,,,,,,,,,,,,,
19695,AGREE REALTY CORP,Agree Realty Q3 Adj. FFO $0.77 Up From $0.72 YoY,0,increase,0.8,0.2,,134,28,2.0,,,,,,,,,,,,,,,,,,,,,,,,,,
19703,ADMA BIOLOGICS INC,ADMA Biologics Announces the First Commercial Sales of ASCENIV,0,increase,0.8,0.7,,128,28,2.0,,,,,,,,,,,,,,,,,,,,,,,,,,
19711,AKAMAI TECHNOLOGIES INC,"Akamai Issues Press Release Highlighting Traffic On Its Global Content Delivery Network Reached A New Peak Last Week, 106 Terabits Per Second",0,increase,0.8,0.7,,144,28,2.0,,,,,,,,,,,,,,,,,,,,,,,,,,
19719,ALASKA AIRGROUP INC,"Buckingham Maintains Buy on Alaska Air Group, Raises Price Target to $88",0,increase,0.8,0.7,,130,28,2.0,,,,,,,,,,,,,,,,,,,,,,,,,,
19727,ALKERMES PLC,Alkermes to Collaborate with Fred Hutchinson Cancer Research Center on Immuno-Oncology Drug Candidate ALKS 4230,0,increase,0.8,0.7,,137,28,2.0,,,,,,,,,,,,,,,,,,,,,,,,,,
19735,A M T D IDEA GROUP,TD Ameritrade Sees FY20 Sales $4.9B-$5.3B vs $4.95B Est.,0,uncertain,0.6,0.3,,139,29,1.0,,,,,,,,,,,,,,,,,,,,,,,,,,
19743,A M T D IDEA GROUP,"TD Ameritrade Holding Corporation Q4 Adj. EPS $1.05 Beats $0.97 Estimate, Net Sales $1.558B Beat $1.47B Estimate",0,increase,0.8,0.7,,149,28,2.0,,,,,,,,,,,,,,,,,,,,,,,,,,
19751,A M T D IDEA GROUP,TD Ameritrade Says Move To Zero Commissions Expected To Have 15-16% Adverse Impact On Net Revenues,0,decrease,0.8,0.9,,138,29,0.0,,,,,,,,,,,,,,,,,,,,,,,,,,
19759,ARCOS DORADOS HOLDINGS INC,Bank of America Upgrades Arcos Dorados Holdings to Buy,0,increase,0.8,0.7,,129,28,2.0,,,,,,,,,,,,,,,,,,,,,,,,,,
19767,AVISTA CORP,"KeyBanc Maintains Underweight on Avista, Raises Price Target to $41",0,uncertain,0.6,0.3,,126,29,1.0,,,,,,,,,,,,,,,,,,,,,,,,,,
19775,AMERICAN EXPRESS CO,"BMO Capital Maintains Market Perform on American Express, Raises Price Target to $123",0,increase,0.8,0.7,,126,28,2.0,,,,,,,,,,,,,,,,,,,,,,,,,,
19783,ASTRAZENECA PLC,"3 Stocks Moving On FDA Verdicts: Alexion, AstraZeneca, Foamix",0,uncertain,0.6,0.3,,132,29,1.0,,,,,,,,,,,,,,,,,,,,,,,,,,
19791,ASTRAZENECA PLC,AstraZeneca's FARXIGA Approved in the US to Reduce the Risk of Hospitalization for Heart Failure in Patients With Type 2 Diabetes,0,increase,0.9,0.8,,143,28,2.0,,,,,,,,,,,,,,,,,,,,,,,,,,
19799,ASTRAZENECA PLC,AstraZeneca Announces Farxiga Approved in the US to Reduce the Risk of Hospitalization for Heart Failure in Patients With Type-2 Diabetes,0,increase,0.9,0.8,,143,28,2.0,,,,,,,,,,,,,,,,,,,,,,,,,,
19807,AUTOZONE INC,"Citigroup Maintains Buy on AutoZone, Raises Price Target to $1,363",0,increase,0.8,0.7,,124,28,2.0,,,,,,,,,,,,,,,,,,,,,,,,,,
19815,ALIBABA GROUP HOLDING LTD,Alibaba Kicks Off 2019 11.11 Global Shopping Festival,0,increase,0.8,0.7,,130,28,2.0,,,,,,,,,,,,,,,,,,,,,,,,,,
19823,ALIBABA GROUP HOLDING LTD,"Alibaba to Announce September Quarter 2019 Results on November 1, 2019",0,uncertain,0.6,0.3,,134,29,1.0,,,,,,,,,,,,,,,,,,,,,,,,,,
19831,BANK OF AMERICA CORP,"UBS Maintains Buy on Bank of America, Raises Price Target to $34",0,increase,0.9,0.8,,129,28,2.0,,,,,,,,,,,,,,,,,,,,,,,,,,
19839,BECTON DICKINSON & CO,"10x Genomics Announces Resolution Of Outstanding Patent Litigation With Becton, Dickinson And Company And Cellular Research; Co. To Pay $25M To BD",0,uncertain,0.6,0.3,,152,29,1.0,,,,,,,,,,,,,,,,,,,,,,,,,,
19847,BANKFINACIAL CORP,BankFinancial Q3 EPS $0.26 Up From $0.22 YoY,0,increase,0.8,0.1,,130,28,2.0,,,,,,,,,,,,,,,,,,,,,,,,,,
19855,BAIDU INC,"KeyBanc Maintains Overweight on Baidu, Lowers Price Target to $149",0,decrease,0.8,0.7,,127,29,0.0,,,,,,,,,,,,,,,,,,,,,,,,,,
19863,BIOLASE INC,Biolase Sees Q3 Sales $8.5M-8.8M vs $10.01M Est,0,decrease,0.8,0.7,,134,29,0.0,,,,,,,,,,,,,,,,,,,,,,,,,,
19871,BANK OF MARIN BANCORP,"Bank of Marin Q3 EPS $0.69 Beats $0.61 Estimate, Sales $24.151M Beat $23.98M Estimate",0,increase,0.8,0.7,,147,28,2.0,,,,,,,,,,,,,,,,,,,,,,,,,,
19879,SIERRA BANCORP,"Sierra Bancorp Q3 EPS $0.58 Beats $0.56 Estimate, Sales $30.244M Miss $30.32M Estimate",0,uncertain,0.6,0.3,,146,29,1.0,,,,,,,,,,,,,,,,,,,,,,,,,,
19887,CROWN HOLDINGS INC,"RBC Capital Maintains Outperform on Crown Holdings, Raises Price Target to $83",0,increase,0.8,0.7,,128,28,2.0,,,,,,,,,,,,,,,,,,,,,,,,,,
19895,CADENCE DESIGN SYSTEMS INC,"Cadence Design Systems shares are trading higher after the company reported Q3 EPS of $0.54, up from $0.49 year-over-year and Q3 sales of $579.603 million, up from $532.468 million year-over-year. The company also issued Q4 EPS and sales guidance.",0,increase,0.9,0.8,,175,28,2.0,,,,,,,,,,,,,,,,,,,,,,,,,,
19903,CADENCE DESIGN SYSTEMS INC,"Cadence Design Sees FY19 Adj. EPS $2.18-$2.20 vs $2.15 Estimate, Sales $2.327B-$2.337B vs $2.33B Est.",0,uncertain,0.6,0.2,,156,29,1.0,,,,,,,,,,,,,,,,,,,,,,,,,,
19911,CADENCE DESIGN SYSTEMS INC,"Cadence Design Sees Q4 Adj. EPS $0.52-$0.54 vs $0.52 Estimate, Sales $590M-$600M vs $592.5M Est.",0,uncertain,0.6,0.3,,152,29,1.0,,,,,,,,,,,,,,,,,,,,,,,,,,
19919,CADENCE DESIGN SYSTEMS INC,"Cadence Design Systems Q3 Adj. EPS $0.54 Up From $0.49 YoY, Sales $579.603M Up From $532.468M YoY",0,increase,0.8,0.6,,150,28,2.0,,,,,,,,,,,,,,,,,,,,,,,,,,
19927,COMPX INTERNATIONAL INC,"CI Financial's WealthBar Financial Services Unit Acquires Snap Projections, No Terms Disclosed",0,uncertain,0.6,0.3,,127,29,1.0,,,,,,,,,,,,,,,,,,,,,,,,,,
19935,COLGATE PALMOLIVE CO,Colgate-Palmolive Option Alert: Nov 1 $67 Calls Sweep (18) above Ask!: 568 @ $1.622 vs 1138 OI; Earnings 11/1 Before Open Ref=$68.02,0,uncertain,0.6,0.4,,166,29,1.0,,,,,,,,,,,,,,,,,,,,,,,,,,
19943,COMERICA INC,"UBS Maintains Neutral on Comerica, Lowers Price Target to $68",0,decrease,0.8,0.7,,124,29,0.0,,,,,,,,,,,,,,,,,,,,,,,,,,
19951,C M E GROUP INC,CME Group shares are trading lower. Not seeing any news to justify the price action.,0,uncertain,0.7,0.5,,128,29,1.0,,,,,,,,,,,,,,,,,,,,,,,,,,
19959,C M E GROUP INC,"Citigroup Maintains Buy on CME Group, Raises Price Target to $240",0,increase,0.8,0.7,,127,28,2.0,,,,,,,,,,,,,,,,,,,,,,,,,,
19967,CHIPOTLE MEXICAN GRILL INC,"BTIG Maintains Buy on Chipotle Mexican Grill, Raises Price Target to $890",0,increase,0.8,0.7,,138,28,2.0,,,,,,,,,,,,,,,,,,,,,,,,,,
19975,COMTECH TELECOMMUNICATIONS CORP,Comtech Telecom Wins $2.5M Contract To Support The City Of Baltimore,0,increase,0.8,0.7,,135,28,2.0,,,,,,,,,,,,,,,,,,,,,,,,,,
19983,CENTURY CASINOS INC,Union Gaming Upgrades Century Casinos to Buy,0,increase,0.8,0.7,,121,28,2.0,,,,,,,,,,,,,,,,,,,,,,,,,,
19991,COMMSCOPE HOLDING CO INC,CommScope Holding Co shares are trading higher after Nomura upgraded the stock from Neutral to Buy and announced a $16 price target.,0,increase,0.8,0.7,,142,28,2.0,,,,,,,,,,,,,,,,,,,,,,,,,,
19999,COMMSCOPE HOLDING CO INC,"Nomura Upgrades CommScope Holding Co to Buy, Announces $16 Price Target",0,increase,0.8,0.7,,134,28,2.0,,,,,,,,,,,,,,,,,,,,,,,,,,
20007,CALLON PETROLEUM CO DEL,Callon Petroleum Provides a Q3 Production and Spending Update,0,uncertain,0.6,0.3,,126,29,1.0,,,,,,,,,,,,,,,,,,,,,,,,,,
20015,COSTAR GROUP INC,"B. Riley Maintains Buy on CoStar Group, Raises Price Target to $640",0,increase,0.9,0.8,,126,28,2.0,,,,,,,,,,,,,,,,,,,,,,,,,,
20023,CARLISLE COMPANIES,Carlisle Companies To Acquire Providien; Terms Not Disclosed,0,increase,0.8,0.7,,128,28,2.0,,,,,,,,,,,,,,,,,,,,,,,,,,
20031,C S X CORP,"CSX shares are trading higher, not seeing any company-specific news to justify price action. NOTE: US markets as a whole are trading higher today on renewed China trade optimism.",0,uncertain,0.6,0.3,,145,29,1.0,,,,,,,,,,,,,,,,,,,,,,,,,,
20039,C V S HEALTH CORP,UPS Flight Forward And CVS Pharmacy To Develop Drone Delivery Applications,0,increase,0.8,0.7,,124,28,2.0,,,,,,,,,,,,,,,,,,,,,,,,,,
20047,DOMINION ENERGY INC,Dominion Energy to Sell its 25% Interest in Cove Point for $2B,0,uncertain,0.6,0.5,,128,29,1.0,,,,,,,,,,,,,,,,,,,,,,,,,,
20055,DELTA AIR LINES INC,Delta Air Has Signed Deal With Airbus To Acccelerate 3 Planned A330-900NEO Deliveries,0,increase,0.8,0.7,,135,28,2.0,,,,,,,,,,,,,,,,,,,,,,,,,,
20063,DELTA AIR LINES INC,Analysis: Delta-LATAM Joint Venture Has Strong Cargo Upside,0,increase,0.8,0.7,,126,28,2.0,,,,,,,,,,,,,,,,,,,,,,,,,,
20071,DEUTSCHE BANK A G,Deutsche Bank Weighs Job Cuts Of At Least 10% In Rates Unit,0,uncertain,0.7,0.5,,133,29,1.0,,,,,,,,,,,,,,,,,,,,,,,,,,
20079,DISCOVER FINANCIAL SERVICES,Discover Announces a Series of Amazon Promotions for Cardholders,0,increase,0.8,0.7,,125,28,2.0,,,,,,,,,,,,,,,,,,,,,,,,,,
20087,QUEST DIAGNOSTICS INC,"UBS Maintains Neutral on Quest Diagnostics, Lowers Price Target to $102",0,decrease,0.8,0.7,,130,29,0.0,,,,,,,,,,,,,,,,,,,,,,,,,,
20095,DURECT CORP,DURECT Reports DUR-928 Phase 2a Study Results Selected For Late-Breaking Oral Presentation At 2019 The Liver Meeting,0,increase,0.8,0.7,,140,28,2.0,,,,,,,,,,,,,,,,,,,,,,,,,,
20103,D T E ENERGY CO,UPDATE: Bank Of America On DTE Energy Also Notes 'Our PO decreases to $136 from $137 on the updated GSP forecast and m-t-m of peer group electric and gas multiples',0,decrease,0.8,0.5,,149,29,0.0,,,,,,,,,,,,,,,,,,,,,,,,,,
20111,D T E ENERGY CO,"UPDATE: Bank Of America Upgrades DTE Energy To Neural, Lowers Target From $137 To $136 As Firm Notes 'Following recent share price pressure, we suspect shares have more balanced risk-reward, with M&A backdrop now reduced'",0,uncertain,0.7,0.5,,159,29,1.0,,,,,,,,,,,,,,,,,,,,,,,,,,
20119,D T E ENERGY CO,Bank of America Upgrades DTE Energy to Neutral,0,increase,0.8,0.6,,121,28,2.0,,,,,,,,,,,,,,,,,,,,,,,,,,
20127,CONSOLIDATED EDISON INC,"UPDATE: Wells Fargo Maintains Market Perform On Consolidated Edison, Raises Target To $95 'reflecting higher peer group multiples since our last update, partially offset by our lower EPS outlook'",0,increase,0.8,0.7,,150,28,2.0,,,,,,,,,,,,,,,,,,,,,,,,,,
20135,CONSOLIDATED EDISON INC,Evercore ISI Group Upgrades Consolidated Edison to In-Line,0,increase,0.8,0.7,,125,28,2.0,,,,,,,,,,,,,,,,,,,,,,,,,,
20143,CONSOLIDATED EDISON INC,"UBS Maintains Neutral on Consolidated Edison, Raises Price Target to $98",0,increase,0.8,0.7,,129,28,2.0,,,,,,,,,,,,,,,,,,,,,,,,,,
20151,CONSOLIDATED EDISON INC,"Wells Fargo Maintains Market Perform on Consolidated Edison, Raises Price Target to $95",0,increase,0.8,0.7,,131,28,2.0,,,,,,,,,,,,,,,,,,,,,,,,,,
20159,CONSOLIDATED EDISON INC,"KeyBanc Maintains Overweight on Consolidated Edison, Raises Price Target to $100",0,increase,0.8,0.7,,131,28,2.0,,,,,,,,,,,,,,,,,,,,,,,,,,
20167,ENTERPRISE FINANCIAL SVCS CORP,Enterprise Finl Servs Q3 EPS $1.08 Beats $1 Estimate,0,increase,0.8,0.7,,137,28,2.0,,,,,,,,,,,,,,,,,,,,,,,,,,
20175,EQUITY LIFESTYLE PROPERTIES INC,Equity Lifestyle Props Q3 Adj. FFO $0.56 Up From $0.51 YoY,0,increase,0.8,0.2,,141,28,2.0,,,,,,,,,,,,,,,,,,,,,,,,,,
20183,ENPHASE ENERGY INC,Enphase Energy Option Alert: Jan 17 $30 Calls at the Ask: 2000 @ $2.201 vs 3646 OI; Earnings 10/29 After Close Ref=$25.07,0,uncertain,0.6,0.4,,155,29,1.0,,,,,,,,,,,,,,,,,,,,,,,,,,
20191,EMBRAER S A,Embraer Signs $1.4B Jet Deal With Flexjet,0,increase,0.8,0.7,,127,28,2.0,,,,,,,,,,,,,,,,,,,,,,,,,,
20199,EMBRAER S A,Embraer Reports $1.4B Order Of Praetor Business Jets To FlexJet,0,increase,0.8,0.7,,132,28,2.0,,,,,,,,,,,,,,,,,,,,,,,,,,
20207,ENTERGY CORP NEW,"KeyBanc Maintains Overweight on Entergy, Raises Price Target to $128",0,increase,0.8,0.7,,128,28,2.0,,,,,,,,,,,,,,,,,,,,,,,,,,
20215,ISHARES INC,Pres Trump Says Health Secretary Azar Will Accelerate Effort To Import Drugs From Canada,0,uncertain,0.6,0.3,,128,29,1.0,,,,,,,,,,,,,,,,,,,,,,,,,,
20223,ISHARES TRUST,UK Parliament Will Hold First vote On Brexit Bill 7 p.m. Local Time Tuesday,0,uncertain,0.6,0.3,,130,29,1.0,,,,,,,,,,,,,,,,,,,,,,,,,,
20231,ISHARES TRUST,UK's Labour Party Leader Corbyn Says Will Continue To Work To Avoid A No-Deal Brexit,0,uncertain,0.6,0.3,,131,29,1.0,,,,,,,,,,,,,,,,,,,,,,,,,,
20239,ISHARES TRUST,"Spokesperson For UK Prime Minister Johnson Says Is Disappointed The UK House Of Commons Speaker Denied Chance To Deliver On Will Of British People, Says Will Go Ahead With Introduction Of Withdrawal Agreement Bill",0,uncertain,0.6,0.3,,152,29,1.0,,,,,,,,,,,,,,,,,,,,,,,,,,
20247,ISHARES TRUST,UK Speaker Says Application for Brexit Delay Is Not Persuasive As A Change Of Circumstance,0,uncertain,0.6,0.3,,132,29,1.0,,,,,,,,,,,,,,,,,,,,,,,,,,
20255,ISHARES TRUST,UK Speaker Says Motion Will Not Be Debated Monday,0,uncertain,0.6,0.3,,123,29,1.0,,,,,,,,,,,,,,,,,,,,,,,,,,
20263,ISHARES TRUST,"UK Speaker Says Monday's Motion Seeks Approval For Same Things As Saturday's Motion, Sees Motions The Same In Substance",0,uncertain,0.6,0.2,,138,29,1.0,,,,,,,,,,,,,,,,,,,,,,,,,,
20271,ISHARES TRUST,"UK House Of Commons Speaker Says Sees 2 Issues With New Brexit Deal: 1 Of Substance, 1 Of Circumstance",0,uncertain,0.7,0.4,,140,29,1.0,,,,,,,,,,,,,,,,,,,,,,,,,,
20279,ISHARES TRUST,UK PM Johnson Battles To Push Brexit Deal Through,0,uncertain,0.6,0.3,,122,29,1.0,,,,,,,,,,,,,,,,,,,,,,,,,,
20287,ISHARES TRUST,"UK Finance Minister Sends Letter To Treasury Committee, Shows He's In Agreement Withdrawal Deal Is Self Evidently In UK's Economic Interest",0,increase,0.8,0.7,,140,28,2.0,,,,,,,,,,,,,,,,,,,,,,,,,,
20295,ISHARES TRUST,US Secretary of Commerce Says the US Would Do a Trade Deal with the UK Shortly After Brexit,0,increase,0.8,0.7,,131,28,2.0,,,,,,,,,,,,,,,,,,,,,,,,,,
20303,ISHARES TRUST,UK PM Johnson's Spokesman Says No Certainty EU Will Agree to an Extension,0,uncertain,0.7,0.5,,130,29,1.0,,,,,,,,,,,,,,,,,,,,,,,,,,
20311,ISHARES TRUST,"Spokesman for UK PM Johnson Says the Meaningful Vote Will Go Ahead if the Speaker Agrees and if No Amendments Are Selected Which Would Render It Meaningless; Says We Have Just Concluded a Very Good Deal With the EU, That is the Deal We Are Focused on Getting Through",0,uncertain,0.6,0.3,,171,29,1.0,,,,,,,,,,,,,,,,,,,,,,,,,,
20319,FIRST BANCSHARES INC MS,First Bancshares Q3 EPS $0.71 Up From $0.62 YoY,0,increase,0.8,0.1,,137,28,2.0,,,,,,,,,,,,,,,,,,,,,,,,,,
20327,FIRST BANCORP P R,Firt BanCorp shares are trading higher after the company announced it plans to acquire Banco Santander Puerto Rico for $63 million premium in all-cash transaction.,0,increase,0.8,0.7,,146,28,2.0,,,,,,,,,,,,,,,,,,,,,,,,,,
20335,FIRST BANCORP P R,First BanCorp Reports Purchase Of Banco Santander Puerto Rico For $63M Premium To BSPR's Core Tangible Common Equity In All-Cash Deal,0,uncertain,0.6,0.4,,145,29,1.0,,,,,,,,,,,,,,,,,,,,,,,,,,
20343,FIRST BANCORP P R,First BanCorp. To Acquire Banco Santander Puerto Rico For $63M Premium In All-Cash Transaction,0,increase,0.9,0.8,,137,28,2.0,,,,,,,,,,,,,,,,,,,,,,,,,,
20351,FIRSTENERGY CORP,"KeyBanc Maintains Overweight on FirstEnergy, Raises Price Target to $56",0,increase,0.9,0.8,,128,28,2.0,,,,,,,,,,,,,,,,,,,,,,,,,,
20359,FLEX LTD,"Flex Ltd shares are trading higher amid renewed US-China trade optimism, as the company derives the majority of its revenue from Asia.",0,increase,0.8,0.7,,131,28,2.0,,,,,,,,,,,,,,,,,,,,,,,,,,
20367,FIRST UNITED CORP,First United Q3 Adj. EPS $0.43 Up From $0.39 YoY,0,increase,0.8,0.5,,128,28,2.0,,,,,,,,,,,,,,,,,,,,,,,,,,
20375,GULF ISLAND FABRICATION INC,"Gulf Island Fabrication Reports Pres, CEO Kirk Meche To Retire; Co. To Leave Search For Replacement",0,uncertain,0.7,0.5,,144,29,1.0,,,,,,,,,,,,,,,,,,,,,,,,,,
20383,GILDAN ACTIVEWEAR INC,Edward Jones Downgrades Gildan Activewear to Hold,0,decrease,0.8,0.7,,126,29,0.0,,,,,,,,,,,,,,,,,,,,,,,,,,
20391,SPDR GOLD TRUST,A Holiday Catalyst For Gold ETFs,0,increase,0.8,0.7,,118,28,2.0,,,,,,,,,,,,,,,,,,,,,,,,,,
20399,GLOBANT S A,"KeyBanc Upgrades Globant to Overweight, Announces $114 Price Target",0,increase,0.8,0.7,,128,28,2.0,,,,,,,,,,,,,,,,,,,,,,,,,,
20407,GENTEX CORP,"B. Riley Maintains Buy on Gentex, Raises Price Target to $35",0,increase,0.8,0.7,,127,28,2.0,,,,,,,,,,,,,,,,,,,,,,,,,,
20415,GREEN BRICK PARTNERS INC,"Green Brick Partners Reports Its The Providence Group Of Georgia Subsidiary Purchased 115-Acre Tract Of Land In Peachtree Corners, Georgia, No Terms Disclosed",0,uncertain,0.6,0.3,,151,29,1.0,,,,,,,,,,,,,,,,,,,,,,,,,,
20423,G S K PLC,Bavarian Nordic Announces Acquisition of Two Established Commercial Vaccines from GlaxoSmithKline for ~€796M,0,uncertain,0.6,0.3,,134,29,1.0,,,,,,,,,,,,,,,,,,,,,,,,,,
20431,HALLIBURTON CO,"Halliburton Co shares are trading higher after the company reported Q3 earnings. From the conference call, the company said it sees more international sales and margin growth opportunities in FY20.",0,increase,0.8,0.7,,149,28,2.0,,,,,,,,,,,,,,,,,,,,,,,,,,
20439,HALLIBURTON CO,"From Halliburton Q3 Earnings Conference Call: Further Improvement In Receivables, Draw Down On Inventory In Q4 Will Allow Co. To Generate ~$1B Of Free Cash Flow For FY19",0,increase,0.8,0.7,,155,28,2.0,,,,,,,,,,,,,,,,,,,,,,,,,,
20447,HALLIBURTON CO,From Halliburton Q3 Earnings Conference Call: Will Keep Cutting Costs In North American Operations,0,uncertain,0.7,0.5,,132,29,1.0,,,,,,,,,,,,,,,,,,,,,,,,,,
20455,HALLIBURTON CO,"From Halliburton Q3 Earnings Conference Call: Sees More Int'l. Sales, Margin Growth Opportunities During FY20 From Mature Fields, Shallow Water Markets",0,increase,0.8,0.7,,146,28,2.0,,,,,,,,,,,,,,,,,,,,,,,,,,
20463,HALLIBURTON CO,"Halliburton Q3 EPS $0.34, Inline, Sales $5.55B Miss $5.83B Estimate",0,decrease,0.8,0.6,,139,29,0.0,,,,,,,,,,,,,,,,,,,,,,,,,,
20471,H D F C BANK LTD,HDFC Bank shares are trading higher. Not seeing any company-specific news to justify price action.,0,uncertain,0.7,0.3,,132,29,1.0,,,,,,,,,,,,,,,,,,,,,,,,,,
20479,HOWARD HUGHES CORP,Howard Hughes Corporation Announces Transformation Plan And Leadership Changes Following Conclusion Of Strategic Review Process; Co. To Sell $2B In Non-Core Assets. Reduce Overhead Expenses By $45M-$50M per Annum And Grow MPC Assets,0,increase,0.8,0.7,,162,28,2.0,,,,,,,,,,,,,,,,,,,,,,,,,,
20487,HONDA MOTOR LTD,CLSA Downgrades Honda Motor Co to Outperform,0,decrease,0.8,0.7,,121,29,0.0,,,,,,,,,,,,,,,,,,,,,,,,,,
20495,HUDSON PACIFIC PROPERTIES INC,"Hudson Pacific Properties Reports Moody's Upgraded Rating To Baa2, Set Stable Outlook",0,increase,0.8,0.7,,133,28,2.0,,,,,,,,,,,,,,,,,,,,,,,,,,
20503,SCHEIN HENRY INC,"Henry Schein Announces it was Dismissed as a Defendant from Summit Country, Ohio's Opioid Litigation; Henry Schein to Donate $1M Toward Opioid Addiction and Pay $250K of Summit County's Legal Fees",0,uncertain,0.6,0.3,,165,29,1.0,,,,,,,,,,,,,,,,,,,,,,,,,,
20511,HEALTHSTREAM INC,HealthStream shares are trading lower after the company reported Q3 earnings results.,0,uncertain,0.6,0.5,,121,29,1.0,,,,,,,,,,,,,,,,,,,,,,,,,,
20519,HEALTHSTREAM INC,"Healthstream Narrows FY19 Sales Guidance From $251M-$258M To $252M-$256M vs $255.5M Estimate, Raises Adj. Operating Income Guidance From $13.2M-$15.2M To $14.7M-$16.2M",0,uncertain,0.6,0.3,,165,29,1.0,,,,,,,,,,,,,,,,,,,,,,,,,,
20527,HEALTHSTREAM INC,"HealthStream Q3 EPS $0.11, Same YoY, Adj. EBITDA $11.5M, Sales $62.5M Up From $59.925M YoY",0,uncertain,0.6,0.3,,147,29,1.0,,,,,,,,,,,,,,,,,,,,,,,,,,
20535,HEXCEL CORP NEW,Hexcel Corporation shares are trading lower after the company reported worse-than-expected Q3 sales results. The company also cut FY19 sales guidance below analyst estimates and reaffirmed EPS guidance below analyst estimates.,0,decrease,0.8,0.9,,150,29,0.0,,,,,,,,,,,,,,,,,,,,,,,,,,
20543,HEXCEL CORP NEW,Hexcel Corporation Cuts FY19 Sales Guidance From $2.375B-$2.475B To $2.34B-$2.40B vs $2.43B Est.; Reaffirms Adj. EPS Guidance Of $3.43-$3.53 vs $3.54 Est.,0,decrease,0.8,0.7,,172,29,0.0,,,,,,,,,,,,,,,,,,,,,,,,,,
20551,HEXCEL CORP NEW,"Hexcel Q3 Adj. EPS $0.9 Beats $0.88 Estimate, Sales $572.5M Miss $599.42M Estimate",0,uncertain,0.6,0.4,,142,29,1.0,,,,,,,,,,,,,,,,,,,,,,,,,,
20559,HEXCEL CORP NEW,Hexcel Q3 Earnings Preview,0,uncertain,0.6,0.3,,118,29,1.0,,,,,,,,,,,,,,,,,,,,,,,,,,
20567,INTERNATIONAL BUSINESS MACHS COR,UBS Downgrades IBM On Expectations Of Continued Transactional Business Pressures,0,decrease,0.8,0.7,,128,29,0.0,,,,,,,,,,,,,,,,,,,,,,,,,,
20575,INTERNATIONAL BUSINESS MACHS COR,"UPDATE: UBS Downgrades IBM To Neutral, Lowers Target To $140 Because Firm Believes 'it will be difficult for the company to achieve sustainable mid-single digit revenue growth'",0,decrease,0.9,0.8,,149,29,0.0,,,,,,,,,,,,,,,,,,,,,,,,,,
20583,INTERNATIONAL BUSINESS MACHS COR,"UBS Downgrades IBM to Neutral, Lowers Price Target to $140",0,decrease,0.8,0.7,,128,29,0.0,,,,,,,,,,,,,,,,,,,,,,,,,,
20591,I C I C I BANK LTD,ICICI Bank Option Alert: Nov 15 $12 Calls Sweep (37) near the Ask: 1460 @ $0.531 vs 1878 OI; Earnings 11/1 Before Open [est] Ref=$12.205,0,uncertain,0.6,0.3,,166,29,1.0,,,,,,,,,,,,,,,,,,,,,,,,,,
20599,INDEPENDENT BANK GROUP INC,Independent Bank Gr Q3 Adj. EPS $1.35 Beats $1.34 Estimate,0,increase,0.8,0.6,,131,28,2.0,,,,,,,,,,,,,,,,,,,,,,,,,,
20607,INTERCEPT PHARMACEUTICALS INC,"Raymond James Maintains Strong Buy on Intercept Pharmaceuticals, Lowers Price Target to $147",0,decrease,0.8,0.7,,137,29,0.0,,,,,,,,,,,,,,,,,,,,,,,,,,
20615,INTERNATIONAL GAME TECH PLC,International Game Technology shares are trading higher. Not seeing any news to justify the price action.,0,uncertain,0.6,0.3,,126,29,1.0,,,,,,,,,,,,,,,,,,,,,,,,,,
20623,INFOSYS LTD,Infosys shares are trading lower after a whistle blower alleged the company is engaging in unethical practices to strengthen financial reports.,0,decrease,0.8,0.7,,132,29,0.0,,,,,,,,,,,,,,,,,,,,,,,,,,
20631,INDEPENDENCE REALTY TRUST INC,JMP Securities Downgrades Independence Realty Trust to Market Perform,0,decrease,0.8,0.7,,128,29,0.0,,,,,,,,,,,,,,,,,,,,,,,,,,
20639,ITRON INC,"Canaccord Genuity Maintains Buy on Itron, Raises Price Target to $87",0,increase,0.8,0.7,,127,28,2.0,,,,,,,,,,,,,,,,,,,,,,,,,,
20647,INVESCO LTD,"Morgan Stanley Maintains Equal-Weight on Invesco, Lowers Price Target to $19",0,decrease,0.8,0.7,,127,29,0.0,,,,,,,,,,,,,,,,,,,,,,,,,,
20655,HUNT J B TRANSPORT SERVICES INC,FreightWaves Announces 2020 FreightTech 100,0,increase,0.8,0.7,,130,28,2.0,,,,,,,,,,,,,,,,,,,,,,,,,,
20663,JETBLUE AIRWAYS CORP,"Stifel Nicolaus Upgrades JetBlue Airways to Buy, Raises Price Target to $24",0,increase,0.9,0.8,,134,28,2.0,,,,,,,,,,,,,,,,,,,,,,,,,,
20671,JETBLUE AIRWAYS CORP,JetBlue Shares Up 2.6% From Session Lows; Hearing Stifel Upgraded Stock To Buy,0,increase,0.9,0.6,,138,28,2.0,,,,,,,,,,,,,,,,,,,,,,,,,,
20679,JOHNSON CONTROLS INTL PLC,Johnson Controls Intl Option Alert: Jan 17 $45 Calls at the Ask: 10202 @ $0.72 vs 1868 OI; Earnings 11/7 Before Open [est] Ref=$42.62,0,increase,0.8,0.7,,166,28,2.0,,,,,,,,,,,,,,,,,,,,,,,,,,
20687,J D COM INC,JD.com Option Alert: Nov 29 $27.5 Puts at the Bid: 3500 @ $0.531 vs 2 OI; Earnings 11/18 Before Open [est] Ref=$30.75,0,uncertain,0.6,0.4,,157,29,1.0,,,,,,,,,,,,,,,,,,,,,,,,,,
20695,JOHNSON & JOHNSON,How Much Litigation Risk Is Priced Into Johnson & Johnson?,0,uncertain,0.6,0.3,,132,29,1.0,,,,,,,,,,,,,,,,,,,,,,,,,,
20703,JOHNSON & JOHNSON,"J&J's Actelion Pharma Reports Safety, Tolerability Findings From Trial Of Opsumit, Tadalafil Combo Therapy Consistent vs Previous Trials, Was Well Tolerated",0,uncertain,0.6,0.3,,157,29,1.0,,,,,,,,,,,,,,,,,,,,,,,,,,
20711,KEYSIGHT TECHNOLOGIES INC,Keysight Technologies shares are trading higher. Strength is potentially related to overall US market momentum amid US-China trade optimism. The company has exposure to both the US and China and a potential trade deal could be a positive catalyst.,0,uncertain,0.7,0.5,,158,29,1.0,,,,,,,,,,,,,,,,,,,,,,,,,,
20719,KENNAMETAL INC,Kennametal shares are trading lower after the company issued Q1 and FY20 preliminary EPS and sales guidance below analyst estimates.,0,decrease,0.8,0.7,,137,29,0.0,,,,,,,,,,,,,,,,,,,,,,,,,,
20727,KENNAMETAL INC,"Kennametal Lowers FY2020 EPS Guidance from $2.80-3.20 to $1.70-2.10 vs $2.81 Est, Sees Organic Sales Down 9% to 5%",0,decrease,0.8,0.9,,159,29,0.0,,,,,,,,,,,,,,,,,,,,,,,,,,
20735,KENNAMETAL INC,Kennametal Sees Q1 EPS $0.17 vs $0.49 Est; Sees Sales $518M vs $545.66M Est,0,decrease,0.8,0.7,,145,29,0.0,,,,,,,,,,,,,,,,,,,,,,,,,,
20743,KNOT OFFSHORE PARTNERS LP,"BTIG Initiates Coverage On KNOT Offshore Partners with Buy Rating, Announces $24 Price Target",0,increase,0.8,0.7,,140,28,2.0,,,,,,,,,,,,,,,,,,,,,,,,,,
20751,COCA COLA CO,Big Growth Comes In Small Package For Coca-Cola,0,increase,0.8,0.7,,120,28,2.0,,,,,,,,,,,,,,,,,,,,,,,,,,
20759,COCA COLA CO,"BMO Capital Maintains Market Perform on Coca-Cola, Raises Price Target to $55",0,increase,0.8,0.7,,128,28,2.0,,,,,,,,,,,,,,,,,,,,,,,,,,
20767,KOHLS CORP,UPDATE: UBS On Kohl's Also Notes The UBS Evidence Lab Data 'shows not enough consumers think Kohl's offers terrific value'; Firm Thinks Co's 'value perception problem is fixable' And Thinks The Answer Is To Drive More People Into Co's Loyalty Program,0,uncertain,0.6,0.4,,169,29,1.0,,,,,,,,,,,,,,,,,,,,,,,,,,
20775,KOHLS CORP,"UPDATE: UBS Maintains Neutral On Kohl's, Raises Target To $49 As Firm Notes Co. 'has a three part plan to distinguish itself from its peers: 1) sell great brands; 2) offer terrific value; and 3) serve as a source of discovery for consumers'",0,increase,0.8,0.7,,172,28,2.0,,,,,,,,,,,,,,,,,,,,,,,,,,
20783,KOHLS CORP,"UBS Maintains Neutral on Kohl's, Raises Price Target to $49",0,increase,0.8,0.6,,127,28,2.0,,,,,,,,,,,,,,,,,,,,,,,,,,
20791,QUAKER CHEMICAL CORP,"Sidoti & Co. Maintains Neutral on Quaker Chemical, Lowers Price Target to $156",0,decrease,0.8,0.7,,135,29,0.0,,,,,,,,,,,,,,,,,,,,,,,,,,
20799,L C N B CORP,LCNB Q3 EPS $0.36 Up From $0.32 YoY,0,increase,0.8,0.1,,130,28,2.0,2019-10-21,13007.0,-0.2783922012895345,0.779517312728828,0.890878448497312,0.0,-0.5093387328088284,1.034484554389259,2.1615,1.5113,0.6329,0.71,0.16,0.35,0.007,1.705141,-0.505,0.2575,-1.4353,0.6167,0.8537,-0.0184,0.1476,0.4289,-1.1399,-0.6003
20807,LABORATORY CORP AMERICA HLDGS,"LabCorp Reports Strategic Collaboration Deal With HealthEC, New Jersey Primary Care For Community Health Centers, No Terms Disclosed",0,increase,0.8,0.7,,144,28,2.0,2019-10-21,12062.0,-0.2499394118785858,-2.511298459092703,-1.1901927781898023,-1.782987266778946,-1.4825209342126389,-0.1907211943592002,0.3463,-0.2652,0.7863,0.71,0.16,0.35,0.007,-0.218973,-0.055,0.6811,-2.9772,0.3721,-1.6636,0.7692,0.6465,-0.5763,0.1474,-0.5542
20815,LABORATORY CORP AMERICA HLDGS,"UBS Maintains Buy on Laboratory Corp, Lowers Price Target to $200",0,uncertain,0.6,0.4,,137,29,1.0,2019-10-21,12062.0,-0.2499394118785858,-2.511298459092703,-1.1901927781898023,-1.782987266778946,-1.4825209342126389,-0.1907211943592002,0.3463,-0.2652,0.7863,0.71,0.16,0.35,0.007,-0.218973,-0.055,0.6811,-2.9772,0.3721,-1.6636,0.7692,0.6465,-0.5763,0.1474,-0.5542
20823,LENNOX INTERNATIONAL INC,Lennox International Cuts FY19 EPS Guidance from $11.30-$11.90 to $11.15-$11.45 vs $11.41 Est,0,decrease,0.8,0.7,,144,29,0.0,2019-10-21,87034.0,-0.2457994967699051,-0.5157747775790256,0.2820636781363461,0.9966512210667132,4.802879647446789,4.5563323509139275,-2.0407,-2.6593,0.8271,0.71,0.16,0.35,0.007,-2.6349410000000004,0.0069,-3.5685,2.1526,-1.1655,1.0277,0.6467,-0.2367,0.0018,-0.3652,-0.2505
20831,LENNOX INTERNATIONAL INC,"Lennox International Q3 EPS $3.34 Misses $3.43 Estimate, Sales $1.033B Beat $1.02B Estimate",0,uncertain,0.6,0.3,,142,29,1.0,2019-10-21,87034.0,-0.2457994967699051,-0.5157747775790256,0.2820636781363461,0.9966512210667132,4.802879647446789,4.5563323509139275,-2.0407,-2.6593,0.8271,0.71,0.16,0.35,0.007,-2.6349410000000004,0.0069,-3.5685,2.1526,-1.1655,1.0277,0.6467,-0.2367,0.0018,-0.3652,-0.2505
20839,MANHATTAN BRIDGE CAPITAL INC,"Manhattan Bridge Capital Q3 EPS $0.12 Down From $0.13 YoY, Sales $1.917M Up From $1.891M YoY",0,decrease,0.8,0.5,,152,29,0.0,2019-10-21,86887.0,0.6349199917167425,-1.9047675597950953,2.3809462998499065,2.400001510977745,-0.3115261626995824,2.073367092899736,-1.5625,-1.6714,0.0673,0.71,0.16,0.35,0.007,-1.6172829999999998,0.5292,-1.5049,-1.0173,-0.5104,0.5279,-0.5424,0.9529,0.6975,4.0167,-1.073
20847,LAM RESH CORP,"B. Riley Maintains Buy on Lam Research, Raises Price Target to $280",0,increase,0.8,0.7,,129,28,2.0,2019-10-21,48486.0,-1.4887205325067043,17.944305968181197,16.62333234819031,-1.016522292047739,-0.4515239404486948,-3.4497030387759087,2.0368,0.9221,1.4938,0.71,0.16,0.35,0.007,0.969202,-1.0833,-1.1086,13.6089,0.864,3.149,-1.523,-0.0545,-1.7632,0.9792,-0.6124
20855,SOUTHWEST AIRLINES CO,"Stifel Downgrades Southwest Airlines to Hold, Lowers Price Target to $60",0,decrease,0.8,0.7,,134,29,0.0,2019-10-21,58683.0,-0.5823809653520584,8.28480161210814,7.044899548051009,-0.7055348251014948,-0.3540127264370474,-1.2555397367768228,-0.4675,-1.2362,0.9028,0.71,0.16,0.35,0.007,-1.115488,-0.5307,0.3287,5.754,0.2678,1.0348,-0.7748,-0.308,-1.1056,-1.0558,0.6371
20863,MASTERCARD INC,Facebook Open To Changes To Libra Vision Ahead Of June 2020 Launch,0,uncertain,0.7,0.3,,126,29,1.0,2019-10-21,91233.0,-4.75391112267971,0.5942417492968977,0.7400652593022583,-2.126507088541985,-2.745529354435061,-2.8467808943388184,1.3561,0.7992,1.2685,0.71,0.16,0.35,0.007,0.4484650000000002,-3.5741,-0.3362,1.8821,0.1185,1.3098,0.1384,-0.4134,-0.1242,0.2974,-0.538
20871,MANPOWERGROUP,"BMO Capital Maintains Market Perform on ManpowerGroup, Raises Price Target to $88",0,increase,0.8,0.7,,125,28,2.0,2019-10-21,75285.0,0.0781682785600423,2.2557192424506933,4.0647675248249415,0.9553764946758748,3.1056646316231395,1.929183982965288,3.3468,2.2369,1.1611,0.71,0.16,0.35,0.007,2.515419,-0.1005,0.2137,0.681,-0.2536,-0.222,1.0215,-0.1319,-0.542,-0.821,0.107
20879,MIZUHO FINANCIAL GROUP INC,Hearing Softbank Has Lined Up Mizuho Financial As Part Of Its Syndication Of $5B Debt Package For WeWork,0,increase,0.8,0.7,,146,28,2.0,2019-10-21,91582.0,-0.6451606750488281,3.4428104811468074e-08,2.580650533255513,0.3289470681920647,-0.6514651503020108,-0.6514651503020108,1.6393,1.1787,0.5416,0.71,0.16,0.35,0.007,1.247764,-0.6267,0.4863,0.0172,-0.9824,0.3115,1.2367,0.0782,-0.0294,0.5228,-0.1161
20887,ALTRIA GROUP INC,"'Governor Baker's vaping ban can stay in place, but state must correct legal flaws, judge rules' -The Boston Globe",0,uncertain,0.6,0.3,,137,29,1.0,2019-10-21,13901.0,1.7120253294706345,0.9438109294755526,0.0877898294185275,0.1129246898926794,1.8846323431033651,2.07230373484244,2.7746,2.3783,0.589,0.71,0.16,0.35,0.007,2.34941,1.877,0.6607,0.3301,-0.5594,-1.9936,0.9523,-1.0414,-2.3583,-0.001,0.7956
20895,MERCK & CO INC NEW,NewLink Genetics Announces EU Regulatory Committee Recommendation For Conditional Marketing Authorization For Ebola Vaccine V920,0,increase,0.8,0.7,,131,28,2.0,2019-10-21,22752.0,-3.809741884469986,-2.7449124138530845,-0.733548565020381,1.050116028636694,0.2723544904235098,-0.4233309236852611,-0.189,-0.445,0.6147,0.71,0.16,0.35,0.007,-0.632437,-3.2257,1.8236,-0.937,-0.5538,-0.4156,3.9147,0.5896,0.47,-2.142,-0.9402
20903,MERCK & CO INC NEW,Exclusive: Plus Products Hires The Wonderful Company's Mackler As Chief Scientific Officer,0,uncertain,0.6,0.3,,129,29,1.0,2019-10-21,22752.0,-3.809741884469986,-2.7449124138530845,-0.733548565020381,1.050116028636694,0.2723544904235098,-0.4233309236852611,-0.189,-0.445,0.6147,0.71,0.16,0.35,0.007,-0.632437,-3.2257,1.8236,-0.937,-0.5538,-0.4156,3.9147,0.5896,0.47,-2.142,-0.9402
20911,M & T BANK CORP,"UBS Maintains Neutral on M&T Bank, Lowers Price Target to $161",0,decrease,0.8,0.7,,130,29,0.0,2019-10-21,35554.0,1.49312075227499,2.999227874153587,6.498318761339106,0.0788870675023645,-4.215690570554875,-4.149358433207684,1.189,0.0056,1.0018,0.71,0.16,0.35,0.007,0.4707220000000002,0.7041,0.3489,-0.0582,-0.4732,0.9612,-1.0072,0.534,0.7355,0.4894,-0.0349
20919,M & T BANK CORP,Evercore ISI Group Downgrades M&T Bank to In-Line,0,decrease,0.8,0.7,,125,29,0.0,2019-10-21,35554.0,1.49312075227499,2.999227874153587,6.498318761339106,0.0788870675023645,-4.215690570554875,-4.149358433207684,1.189,0.0056,1.0018,0.71,0.16,0.35,0.007,0.4707220000000002,0.7041,0.3489,-0.0582,-0.4732,0.9612,-1.0072,0.534,0.7355,0.4894,-0.0349
20927,NASDAQ INC,"Citigroup Reiterates Sell On Nasdaq Ahead Of Co's 3Q19 Earnings 'given caution around slowing Non-Trading organic growth, our below Consensus EPS estimates and the stock's elevated valuation'",0,decrease,0.8,0.7,,149,29,0.0,2019-10-21,90601.0,-0.3056265646591782,0.5806843951046803,0.4329620156033886,0.2949261805042624,0.571084232746899,0.7148739610104426,-0.4664,-0.9454,0.8205,0.71,0.16,0.35,0.007,-1.055955,0.1494,3.2748,-0.7151,-2.7955,-0.0741,0.206,0.941,-0.1576,-1.1164,-0.893
20935,NEXTERA ENERGY INC,"KeyBanc Maintains Overweight on NextEra Energy, Raises Price Target to $242",0,increase,0.8,0.7,,132,28,2.0,2019-10-21,24205.0,1.4776642434298992,0.1847047157099934,-1.3745691714094457,0.6014970131218433,1.1178252571880876,2.171048010466881,0.1376,0.1685,0.2015,0.71,0.16,0.35,0.007,-0.012465,1.8636,-0.1748,0.2594,-0.1778,-1.5534,0.0564,0.6878,1.0303,-0.8327,-2.331
20943,NEWMONT CORP,"B. Riley Maintains Neutral on Newmont Goldcorp, Lowers Price Target to $41.3",0,decrease,0.8,0.7,,132,29,0.0,2019-10-21,21207.0,-0.4214959219098091,2.3445717775282704,2.449948277217162,0.3393298014998436,1.612468274144763,1.98991777093791,-1.2487,-0.9927,-0.1669,0.71,0.16,0.35,0.007,-1.137201,-0.0893,1.7297,1.4947,0.2633,-0.9171,0.1601,-0.0161,1.5071,0.2557,-0.9315
20951,NORFOLK SOUTHERN CORP,Severe Storm Threat Continues Across South,0,uncertain,0.6,0.3,,129,29,1.0,2019-10-21,64311.0,1.4877298846840858,0.8432203890577084,3.9985769298466862,-0.979806762188673,0.4306292583758697,0.6640456609312562,2.3528,1.4202,1.1175,0.71,0.16,0.35,0.007,1.5523749999999996,1.5171,-2.5787,-0.8317,2.1886,-0.8783,-1.5061,0.1113,-0.5073,2.7774,0.3541
20959,NETEASE INC,"IPO Outlook For The Week: Boats, Fertility Solutions, Risk Management And Chinese Supplements",0,uncertain,0.6,0.3,,128,29,1.0,2019-10-21,88362.0,-2.530384249985218,0.8138490719572289,9.36100492270524,-0.9762877598404884,-2.9650203472490366,-0.0908204667515066,-1.6257,-2.3562,1.1662,0.71,0.16,0.35,0.007,-2.4607019999999995,-1.8633,-1.4766,3.8501,-1.1351,0.1824,0.2334,0.2396,0.132,0.421,6.1896
20967,NVIDIA CORP,NVIDIA with Microsoft Announces Technology Collaboration for Era of Intelligent Edge,0,increase,0.8,0.7,,120,28,2.0,2019-10-21,86580.0,-0.2040681196376681,5.499718760830907,7.392483007783146,-1.955832913517952,-1.9154528276344784,-2.9943420993187697,2.8978,1.5815,1.9525,0.71,0.16,0.35,0.007,1.504525,0.715,-0.5858,0.171,2.7677,-0.3718,-1.5754,-0.7923,-0.2655,-1.1931,3.6968
20975,N V R INC,"Wells Fargo Maintains Market Perform on NVR, Raises Price Target to $4K",0,increase,0.8,0.7,,127,28,2.0,2019-10-21,79785.0,-1.073298417031765,-4.616494628524769,-10.406283313204035,3.0025845393538475,5.0474332226028595,6.650722451717073,-1.8724,-2.2602,0.5192,0.71,0.16,0.35,0.007,-2.248032,-0.8796,-0.2266,-0.6005,-1.1234,-2.5901,-0.2573,-0.4688,0.5678,0.4145,-6.8971
20983,NORTHWEST BANCSHARES INC,Northwest Bancshares Q3 EPS $0.31 Up From $0.27 YoY,0,increase,0.8,0.6,,138,28,2.0,2019-10-21,81095.0,-0.2853023586794734,-1.8544871487361505,-2.1337138349905027,-0.0599893741309642,1.9583825242735164,1.9583825242735164,5.1921,4.3902,0.6127,0.71,0.16,0.35,0.007,4.750083,-0.8736,-1.7898,0.2062,-0.7207,0.1005,0.6948,-1.4079,1.0223,-1.3655,-0.809
20991,NYMOX PHARMACEUTICAL CORP,"Nymox Reports Received Several New Added US, European Patents",0,increase,0.8,0.7,,134,28,2.0,2019-10-21,85706.0,-1.0810799896717072,12.972967076834374,2.7027003507679837,2.89017055183649,-3.783786618537055,-7.291666052691848,3.9326,3.1367,0.6101,0.71,0.16,0.35,0.007,3.4924289999999996,-1.5236,7.5498,10.6542,-4.0133,-1.2027,-4.3344,0.1004,-1.8508,-0.451,-3.9205
20999,O F G BANCORP,OFG Bancorp Q3 EPS $0.48 Beats $0.43 Estimate,0,increase,0.8,0.7,,132,28,2.0,2019-10-21,11208.0,-5.681316554546356,-4.837994342171559,-7.50111162652135,0.3426120849326253,1.6927056473945212,0.6443283126748245,-3.8412,-5.12,0.9807,0.71,0.16,0.35,0.007,-4.544497,-6.5163,-2.1877,-1.1459,0.3611,2.828,-0.4453,-1.9457,-1.276,-0.9588,-0.6971
21007,OMEGA HEALTHCARE INVESTORS INC,"UPDATE: Raymond James On Omega Healthcare Also Notes 'While our constructive view on Omega is unchanged, upside catalysts (i.e., external growth) to drive shares above and beyond the current price seem unlikely in the near-term'",0,uncertain,0.7,0.5,,165,29,1.0,2019-10-21,77857.0,0.0225187410251237,-1.5991055587085357,-0.734843354916026,1.7194531857967377,3.8576996223039783,3.5706041896046647,-1.2455,-1.3654,0.3733,0.71,0.16,0.35,0.007,-1.517543,0.4952,-0.0512,-0.5058,-1.1603,-0.8094,1.3704,0.1471,0.4211,-0.1833,-0.8246
21015,OMEGA HEALTHCARE INVESTORS INC,UPDATE: Raymond James Downgrades Omega Healthcare To Market Perform As Firm Notes Shares Have 'surpassed our previous $44 target price and the risk/reward profile appears balanced',0,decrease,0.8,0.7,,154,29,0.0,2019-10-21,77857.0,0.0225187410251237,-1.5991055587085357,-0.734843354916026,1.7194531857967377,3.8576996223039783,3.5706041896046647,-1.2455,-1.3654,0.3733,0.71,0.16,0.35,0.007,-1.517543,0.4952,-0.0512,-0.5058,-1.1603,-0.8094,1.3704,0.1471,0.4211,-0.1833,-0.8246
21023,OMEGA HEALTHCARE INVESTORS INC,Raymond James Downgrades Omega Healthcare to Market Perform,0,decrease,0.8,0.7,,131,29,0.0,2019-10-21,77857.0,0.0225187410251237,-1.5991055587085357,-0.734843354916026,1.7194531857967377,3.8576996223039783,3.5706041896046647,-1.2455,-1.3654,0.3733,0.71,0.16,0.35,0.007,-1.517543,0.4952,-0.0512,-0.5058,-1.1603,-0.8094,1.3704,0.1471,0.4211,-0.1833,-0.8246
21031,OLD NATIONAL BANCORP,Old National Bancorp shares are trading higher after the company reported better-than-expected Q3 EPS and sales results.,0,increase,0.8,0.7,,135,28,2.0,2019-10-21,12068.0,-0.9413071908056736,0.4983397115137622,1.7718698981442629,0.6436548195779324,1.355341539250543,1.2062366199585115,5.0,3.7717,1.0776,0.71,0.16,0.35,0.007,4.2279040000000006,-1.6161,0.8647,0.2306,-0.3149,-0.4919,0.0211,0.4955,0.1231,-0.6657,-1.1015
21039,OLD NATIONAL BANCORP,"Old National Bancorp Q3 EPS $0.41 Beats $0.34 Estimate, Sales $207.057M Beat $201.28M Estimate",0,increase,0.8,0.7,,144,28,2.0,2019-10-21,12068.0,-0.9413071908056736,0.4983397115137622,1.7718698981442629,0.6436548195779324,1.355341539250543,1.2062366199585115,5.0,3.7717,1.0776,0.71,0.16,0.35,0.007,4.2279040000000006,-1.6161,0.8647,0.2306,-0.3149,-0.4919,0.0211,0.4955,0.1231,-0.6657,-1.1015
21047,OPKO HEALTH INC,OPKO Health shares are trading higher after the company's Phase 3 study of Somatrogon met its primary endpoint.,0,increase,0.9,0.8,,132,28,2.0,2019-10-21,82567.0,0.93896621838212,-28.6385018082015,-29.10798472681748,-3.4562233835458755,1.207733858157556,1.207733858157556,1.6706,0.0891,1.302,0.71,0.16,0.35,0.007,0.7391800000000002,0.3274,-11.7279,-13.4216,-13.3216,3.9398,-4.9999,0.6245,-0.6279,2.4694,-0.2462
21055,OLD POINT FINL CORP,Old Point Names Elizabeth Beale CFO,0,uncertain,0.6,0.3,,120,29,1.0,2019-10-21,88183.0,1.178433932363987,-0.3519150433057505,2.7666017436640544,1.1508453637361526,1.8204407034266623,0.4079982259280967,-1.6245,-1.7288,-0.0127,0.71,0.16,0.35,0.007,-1.622483,1.0257,-1.5853,0.604,1.3267,-1.9151,-0.6888,1.2039,1.5436,-2.1265,3.2641
21063,PAN AMERICAN SILVER CORP,"B. Riley Maintains Neutral on Pan American Silver, Lowers Price Target to $19",0,decrease,0.8,0.7,,133,29,0.0,2019-10-21,81734.0,-0.4082947969436645,1.947232767061302,5.025120699243457,0.2444927114993333,3.339632840545015,5.568070559745375,-2.9268,-2.499,-0.4156,0.71,0.16,0.35,0.007,-2.6387240000000003,-0.1106,0.6679,1.8218,4.7985,-4.7062,0.294,2.2631,1.6963,0.8641,-0.838
21071,P B F ENERGY INC,Cowen & Co. Upgrades PBF Energy to Outperform,0,increase,0.8,0.7,,124,28,2.0,2019-10-21,13730.0,0.7633636239916086,9.459012384299982,11.450390967770474,2.127661742269993,3.609343423710021,2.736844501381741,2.903,1.4489,1.5632,0.71,0.16,0.35,0.007,1.786128,0.5128,0.1425,2.8781,1.5998,1.7988,-1.1325,-1.0479,1.4614,3.3001,-3.672
21079,P G & E CORP,"Idea Likely To Face Opposition From PG&E Shareholders, Bondholders",0,uncertain,0.7,0.5,,127,29,1.0,2019-10-21,13688.0,0.7462739013135433,-52.736317787150085,-9.577112703746993,-0.8939935825765133,-1.522841187867896,0.6485108997650979,3.6082,2.7099,0.9844,0.71,0.16,0.35,0.007,2.902276,0.5947,0.8638,-11.9477,-31.1793,-24.5205,32.1773,22.7463,1.0589,2.7803,12.0327
21087,P G & E CORP,UPDATE: Largest City Served By PG&E Seeks To Line Up Others Behind Plan To Buy Out Company And Strip It Of Investor-Owned Status; Co. Would Become Nation's Largest Electric And Gas Cooperative,0,increase,0.8,0.7,,153,28,2.0,2019-10-21,13688.0,0.7462739013135433,-52.736317787150085,-9.577112703746993,-0.8939935825765133,-1.522841187867896,0.6485108997650979,3.6082,2.7099,0.9844,0.71,0.16,0.35,0.007,2.902276,0.5947,0.8638,-11.9477,-31.1793,-24.5205,32.1773,22.7463,1.0589,2.7803,12.0327
21095,P G & E CORP,San Jose To Propose Turning PG&E Into Giant Customer-Owned Utility,0,increase,0.8,0.7,,126,28,2.0,2019-10-21,13688.0,0.7462739013135433,-52.736317787150085,-9.577112703746993,-0.8939935825765133,-1.522841187867896,0.6485108997650979,3.6082,2.7099,0.9844,0.71,0.16,0.35,0.007,2.902276,0.5947,0.8638,-11.9477,-31.1793,-24.5205,32.1773,22.7463,1.0589,2.7803,12.0327
21103,P G & E CORP,PG&E is Monitoring a Severe Wind Event Later this Week That Could Impact Portions of 17 Counties Across Northern and Central California,0,uncertain,0.6,0.4,,138,29,1.0,2019-10-21,13688.0,0.7462739013135433,-52.736317787150085,-9.577112703746993,-0.8939935825765133,-1.522841187867896,0.6485108997650979,3.6082,2.7099,0.9844,0.71,0.16,0.35,0.007,2.902276,0.5947,0.8638,-11.9477,-31.1793,-24.5205,32.1773,22.7463,1.0589,2.7803,12.0327
21111,PEDEVCO CORP,"PEDEVCO Reports Purchase Of 8+% Of Ring Energy, No Terms Disclosed; Co. Says Has ~$30M Of Free Cash, No Debt",0,increase,0.8,0.7,,143,28,2.0,2019-10-21,14135.0,-2.255645766854286,-12.030081086351077,-12.781959979918144,-2.112674154341221,-1.418438460961613,2.962959973260526,-4.3165,-5.5508,0.9448,0.71,0.16,0.35,0.007,-4.994307999999999,-3.0401,-8.0493,0.8772,-1.7587,-2.436,-0.7153,-3.0658,3.7502,-1.4679,-1.4465
21119,PEPSICO INC,Morgan Stanley: Buy PepsiCo's Fizz Over Keurig Dr Pepper,0,increase,0.8,0.7,,125,28,2.0,2019-10-21,13856.0,0.3967150580137968,0.3305996446480774,-0.705253767584868,-0.5184044130146503,-0.1246138371452265,-0.0586824999440627,-0.0954,-0.3354,0.5096,0.71,0.16,0.35,0.007,-0.464216,0.75,0.3737,-0.0229,-0.9511,-0.1917,-0.0585,0.1541,0.1803,-0.3631,-1.4159
21127,PETMED EXPRESS INC,Why Are Shares Of Petmed Express Higher By 30%?,0,increase,0.8,0.9,,121,28,2.0,2019-10-21,90012.0,5.269233882427216,-0.8846137814718769,-13.05012150078304,-2.84857414662838,2.208202271322879,3.79071550618344,33.7449,33.0689,0.6854,0.71,0.16,0.35,0.007,33.251266,4.9028,-3.6836,-1.6555,-0.7746,-0.8334,-2.4236,-1.6589,-4.2123,-2.3309,-3.9448
21135,PETMED EXPRESS INC,PetMed Express shares are trading higher after the company reported better-than-expected Q2 EPS and sales results.,0,increase,0.9,0.8,,130,28,2.0,2019-10-21,90012.0,5.269233882427216,-0.8846137814718769,-13.05012150078304,-2.84857414662838,2.208202271322879,3.79071550618344,33.7449,33.0689,0.6854,0.71,0.16,0.35,0.007,33.251266,4.9028,-3.6836,-1.6555,-0.7746,-0.8334,-2.4236,-1.6589,-4.2123,-2.3309,-3.9448
21143,PETMED EXPRESS INC,"PetMed Express Q2 EPS $0.33 Beats $0.26 Estimate, Sales $69.936M Beat $69.65M Estimate",0,increase,0.9,0.8,,139,28,2.0,2019-10-21,90012.0,5.269233882427216,-0.8846137814718769,-13.05012150078304,-2.84857414662838,2.208202271322879,3.79071550618344,33.7449,33.0689,0.6854,0.71,0.16,0.35,0.007,33.251266,4.9028,-3.6836,-1.6555,-0.7746,-0.8334,-2.4236,-1.6589,-4.2123,-2.3309,-3.9448
21151,PLUG POWER INC,"Plug Power Option Alert: Jan, 2021 $2.5 Calls at the Ask: 500 @ $0.86 vs 13932 OI; Earnings 11/7 Before Open [est] Ref=$3.0299",0,uncertain,0.6,0.3,,159,29,1.0,2019-10-21,87337.0,-0.6849308498203754,-1.3722779579339317e-07,-4.45205857656894,3.4013573080301285,8.571429102472372,9.352517779935532,-3.9474,-5.2009,1.3408,0.71,0.16,0.35,0.007,-4.9063680000000005,-0.7784,2.0482,2.9173,-3.2493,-3.0289,-6.0805,-3.7293,1.2761,2.691,-0.7188
21159,PLUG POWER INC,"Plug Power Option Alert: Jan, 2021 $2.5 Calls at the Ask: 500 @ $0.84 vs 13932 OI; Earnings 11/7 Before Open [est] Ref=$3.015",0,uncertain,0.6,0.4,,158,29,1.0,2019-10-21,87337.0,-0.6849308498203754,-1.3722779579339317e-07,-4.45205857656894,3.4013573080301285,8.571429102472372,9.352517779935532,-3.9474,-5.2009,1.3408,0.71,0.16,0.35,0.007,-4.9063680000000005,-0.7784,2.0482,2.9173,-3.2493,-3.0289,-6.0805,-3.7293,1.2761,2.691,-0.7188
21167,PLUG POWER INC,"Plug Power Option Alert: Jan, 2021 $2.5 Calls at the Ask: 500 @ $0.84 vs 13932 OI; Earnings 11/7 Before Open [est] Ref=$2.9921",0,uncertain,0.6,0.4,,159,29,1.0,2019-10-21,87337.0,-0.6849308498203754,-1.3722779579339317e-07,-4.45205857656894,3.4013573080301285,8.571429102472372,9.352517779935532,-3.9474,-5.2009,1.3408,0.71,0.16,0.35,0.007,-4.9063680000000005,-0.7784,2.0482,2.9173,-3.2493,-3.0289,-6.0805,-3.7293,1.2761,2.691,-0.7188
21175,PLUG POWER INC,"Plug Power Tweets Oct. 19 Electrive Article About Germany Confirming €23.5M For Fuel Cell Projects; Draws Attention To Quote From Transport Minister Saying 'Hydrogen, fuel cells and electricity move the future'",0,increase,0.8,0.7,,153,28,2.0,2019-10-21,87337.0,-0.6849308498203754,-1.3722779579339317e-07,-4.45205857656894,3.4013573080301285,8.571429102472372,9.352517779935532,-3.9474,-5.2009,1.3408,0.71,0.16,0.35,0.007,-4.9063680000000005,-0.7784,2.0482,2.9173,-3.2493,-3.0289,-6.0805,-3.7293,1.2761,2.691,-0.7188
21183,P N C FINANCIAL SERVICES GRP INC,"UBS Maintains Neutral on PNC Financial Services Gr, Raises Price Target to $146",0,increase,0.8,0.7,,139,28,2.0,2019-10-21,60442.0,-0.0480945949675515,1.5392053420534513,3.078400139998516,0.602832343429327,1.456240277522225,1.9854486548196215,1.4005,0.2483,1.0845,0.71,0.16,0.35,0.007,0.6235050000000002,-0.6144,0.0426,0.1378,0.1141,0.3575,-0.0424,0.5544,0.1219,-0.5621,-1.0558
21191,P P G INDUSTRIES INC,"BMO Capital Maintains Market Perform on PPG Industries, Raises Price Target to $129",0,increase,0.8,0.7,,133,28,2.0,2019-10-21,22509.0,0.4732084926217794,-0.7779926051170949,2.734998431586111,2.4661874398589134,4.430064332156758,5.092635609680385,0.3622,-0.386,0.9201,0.71,0.16,0.35,0.007,-0.2980709999999999,0.5689,-0.9124,-0.7273,-0.163,-0.8342,1.0361,0.8114,-0.2239,-0.9603,1.4744
21199,PRUDENTIAL PLC,"Prudential shares are trading higher after the company spun off M&G, an investment management business it owned, into its own publicly-traded company.",0,increase,0.9,0.8,,139,28,2.0,2019-10-21,88310.0,0.6927328184247017,1.6328642125313042,1.5572064946901998,1.4632907696068287,4.522207901442066,4.353675849730032,4.0948,2.9845,1.1989,0.71,0.16,0.35,0.007,3.2365810000000006,0.4881,3.3135,-0.6579,-3.0944,-0.0187,-1.5365,0.4758,-0.2107,-1.2578,0.1766
21207,RAVE RESTAURANT GROUP INC,RAVE Restaurant Group Announces Brandon Solano CEO,0,increase,0.9,0.8,,127,28,2.0,2019-10-21,79618.0,5.490200221538544,-1.1764693542568705,2.7450955945931277,-3.4615352749824524,-2.713175760416897,-2.7169515418520196,1.5936,1.1242,0.4848,0.71,0.16,0.35,0.007,1.242392,5.4548,-2.3349,0.4868,0.8885,-6.2363,-0.5821,3.08,1.164,-0.8255,0.3171
21215,REGENCY CENTERS CORP,Evercore ISI Group Downgrades Regency Centers to In-Line,0,decrease,0.8,0.7,,125,29,0.0,2019-10-21,79782.0,0.215829536318779,-2.0431628562320836,-4.575540067479045,0.5111705511808395,0.5038353218823399,0.3207015015452397,0.9881,0.6913,0.4509,0.71,0.16,0.35,0.007,0.6609609999999999,0.404,-0.643,-0.7104,-0.8112,-0.8852,0.7719,1.5694,-3.4908,-0.643,-1.2511
21223,R P C INC,RPC shares are trading higher after Citigroup upgraded the stock from Sell to Neutral.,0,increase,0.8,0.7,,124,28,2.0,2019-10-21,66683.0,2.0040158182382584,-9.81963532214134,-10.420842276427887,1.31868002936244,-1.7057552792398625,-2.9473656363176115,8.2429,6.6291,1.0922,0.71,0.16,0.35,0.007,7.460438000000001,0.6083,-9.5265,2.005,2.1809,-7.3313,0.0952,-6.6378,1.1141,-0.2293,2.1603
21231,ROYAL GOLD INC,"B. Riley Maintains Buy on Royal Gold, Lowers Price Target to $127.1",0,uncertain,0.6,0.3,,130,29,1.0,2019-10-21,67847.0,0.0337048491928726,0.75834315061023,-6.378496504402264,1.1790087446570396,3.140075365905437,4.690720761212019,-2.6096,-2.2962,-0.1981,0.71,0.16,0.35,0.007,-2.475949,0.4276,-0.0519,1.8777,-0.4481,-0.7455,1.3598,-6.2348,0.884,-0.5847,-1.7665
21239,RIO TINTO PLC,Rio Tinto PLC shares are trading higher on seemingly no company-specific news.,0,uncertain,0.6,0.3,,127,29,1.0,2019-10-21,76221.0,0.616807397454977,2.8141847221029748,6.457205745638439,0.3545406740158796,0.8511486312279493,-0.875487839030431,1.8253,1.1229,0.8375,0.71,0.16,0.35,0.007,1.223675,0.6601,-0.4134,-0.1647,0.5609,1.0156,-0.0036,-1.4746,-0.5389,2.5959,1.5129
21247,R L I CORP,RLI Reports Partnership With Gridiron Insurance Underwriters To Offer Co.'s Excess Liability Binding Authority Insurance Through Easy Excess,0,increase,0.8,0.7,,136,28,2.0,2019-10-21,65294.0,-1.9774839282035828,-1.85579740424765,-2.5555260499655175,1.5066548250615597,6.3234710301465435,7.32806620492874,0.9418,0.3872,0.6461,0.71,0.16,0.35,0.007,0.4760689999999999,-1.9422,-0.9803,0.0401,-0.1823,0.2478,1.1528,-0.6775,0.4355,-1.9373,-0.6735
21255,RENASANT CORP,Renasant Q3 EPS $0.64 Up From $0.61 YoY,0,increase,0.8,0.2,,130,28,2.0,2019-10-21,77526.0,-2.1430572494864464,-2.5048748470200666,-0.8906197744506072,0.0138879986479878,1.3650453493879722,0.8823490218053287,-0.236,-1.6731,1.1804,0.71,0.16,0.35,0.007,-1.0810839999999995,-3.0024,-3.4133,1.207,-0.8867,1.524,0.1038,1.1934,-0.4404,-1.1996,-0.7194
21263,RENASANT CORP,A Preview Of Renasant's Q3 Earnings,0,uncertain,0.6,0.3,,123,29,1.0,2019-10-21,77526.0,-2.1430572494864464,-2.5048748470200666,-0.8906197744506072,0.0138879986479878,1.3650453493879722,0.8823490218053287,-0.236,-1.6731,1.1804,0.71,0.16,0.35,0.007,-1.0810839999999995,-3.0024,-3.4133,1.207,-0.8867,1.524,0.1038,1.1934,-0.4404,-1.1996,-0.7194
21271,RANGE RESOURCES CORP,Range Resources Announces $100 Buyback,0,increase,0.8,0.9,,119,28,2.0,2019-10-21,50017.0,-1.574801653623581,9.71128310194418,22.834643297164405,-3.1578917056322098,2.5069682308611174,5.142859213147077,3.5326,1.1617,1.6497,0.71,0.16,0.35,0.007,2.354313,-3.6104,1.5649,1.4928,9.0668,-2.0896,5.4735,-6.6381,2.1009,0.3748,6.0069
21279,SEABRIDGE GOLD INC,"B. Riley Maintains Buy on Seabridge Gold, Lowers Price Target to $25.3",0,decrease,0.8,0.7,,134,29,0.0,2019-10-21,90118.0,-0.3336110385134816,2.3352852706873817,5.0041736368496625,0.240197661332786,3.385638493076071,5.47599484187542,-4.2332,-3.5146,-0.677,0.71,0.16,0.35,0.007,-3.75953,0.1267,0.939,4.3414,-0.2246,-1.9279,2.1745,-0.073,1.6257,1.0626,-0.2432
21287,SERVISFIRST BANCSHARES INC,Servisfirst Bancshares Q3 EPS $0.69 Beats $0.65 Estimate,0,increase,0.8,0.7,,139,28,2.0,2019-10-21,14670.0,4.188784956932068,4.011789841422897,6.342176010464229,0.1794299460016191,0.7821850331215963,0.1794299538966592,1.194,-0.2361,1.1666,0.71,0.16,0.35,0.007,0.3587140000000001,3.2629,-0.8506,-0.5802,-0.4069,0.4979,-0.9455,0.9078,1.2399,-1.4108,-0.5062
21295,SERVISFIRST BANCSHARES INC,ServisFirst Bancshares Raises Quarterly Dividend From $0.15 To $0.175/Share,0,increase,0.8,0.5,,142,28,2.0,2019-10-21,14670.0,4.188784956932068,4.011789841422897,6.342176010464229,0.1794299460016191,0.7821850331215963,0.1794299538966592,1.194,-0.2361,1.1666,0.71,0.16,0.35,0.007,0.3587140000000001,3.2629,-0.8506,-0.5802,-0.4069,0.4979,-0.9455,0.9078,1.2399,-1.4108,-0.5062
21303,SEAGEN INC,Seattle Genetics Rallies To Record High On Positive Results From Midstage Breast Cancer Study,0,increase,0.8,0.9,,126,28,2.0,2019-10-21,88949.0,-2.230151742696762,4.83694841967659,5.550598096576609,1.6988584771752355,4.221322308682929,4.821305370656814,15.4348,14.7533,1.2683,0.71,0.16,0.35,0.007,14.527307,-1.3093,1.2672,-0.5377,1.5863,1.9636,-0.1472,-1.5045,2.9779,-1.8695,0.6156
21311,SEAGEN INC,Seattle Genetics shares are trading higher following the release of positive data for the company's HER2CLIMB phase 2 trial.,0,increase,0.9,0.8,,134,28,2.0,2019-10-21,88949.0,-2.230151742696762,4.83694841967659,5.550598096576609,1.6988584771752355,4.221322308682929,4.821305370656814,15.4348,14.7533,1.2683,0.71,0.16,0.35,0.007,14.527307,-1.3093,1.2672,-0.5377,1.5863,1.9636,-0.1472,-1.5045,2.9779,-1.8695,0.6156
21319,SCHLUMBERGER LTD,"UPDATE: Wells Fargo On Schlumberger Notes 'higher uncertainty and downside risk in 4Q' But Also Notes 'That said, we view SLB shares as attractive… even with much more conservative margin forecasts compared to managament targets'",0,uncertain,0.7,0.5,,161,29,1.0,2019-10-21,14277.0,3.6618027836084366,4.257220332954126,7.889257368642699,1.3170335441827774,1.126762468910103,-1.523925638146273,3.9616,2.5169,1.2481,0.71,0.16,0.35,0.007,3.068449,2.8086,0.8596,0.4079,-1.0059,-0.8661,-1.3782,-3.4541,0.0069,2.5055,2.8299
21327,SCHLUMBERGER LTD,"UPDATE: Wells Fargo Maintains Outperform On Schlumberger, Lowers Target To $40 Notes '3Q shook out mostly as expected with charges and restructuring in progress to ""clear the decks"" and improve EBIT margins in NAM'",0,uncertain,0.6,0.4,,161,29,1.0,2019-10-21,14277.0,3.6618027836084366,4.257220332954126,7.889257368642699,1.3170335441827774,1.126762468910103,-1.523925638146273,3.9616,2.5169,1.2481,0.71,0.16,0.35,0.007,3.068449,2.8086,0.8596,0.4079,-1.0059,-0.8661,-1.3782,-3.4541,0.0069,2.5055,2.8299
21335,SCHLUMBERGER LTD,"Morgan Stanley Maintains Overweight, $50 Target On Schlumberger As Firm Notes 'We remain of the view that 2020 FCF will be substantially improved vs. 2019 on lower spending and improved margins'",0,increase,0.8,0.7,,158,28,2.0,2019-10-21,14277.0,3.6618027836084366,4.257220332954126,7.889257368642699,1.3170335441827774,1.126762468910103,-1.523925638146273,3.9616,2.5169,1.2481,0.71,0.16,0.35,0.007,3.068449,2.8086,0.8596,0.4079,-1.0059,-0.8661,-1.3782,-3.4541,0.0069,2.5055,2.8299
21343,SCHLUMBERGER LTD,"Despite Lackluster Guidance, Analysts Still Bullish On Schlumberger",0,uncertain,0.7,0.3,,128,29,1.0,2019-10-21,14277.0,3.6618027836084366,4.257220332954126,7.889257368642699,1.3170335441827774,1.126762468910103,-1.523925638146273,3.9616,2.5169,1.2481,0.71,0.16,0.35,0.007,3.068449,2.8086,0.8596,0.4079,-1.0059,-0.8661,-1.3782,-3.4541,0.0069,2.5055,2.8299
21351,SCHLUMBERGER LTD,Schlumberger shares are trading higher after Well Fargo maintained an Outperform rating on the stock.,0,increase,0.8,0.7,,132,28,2.0,2019-10-21,14277.0,3.6618027836084366,4.257220332954126,7.889257368642699,1.3170335441827774,1.126762468910103,-1.523925638146273,3.9616,2.5169,1.2481,0.71,0.16,0.35,0.007,3.068449,2.8086,0.8596,0.4079,-1.0059,-0.8661,-1.3782,-3.4541,0.0069,2.5055,2.8299
21359,SCHLUMBERGER LTD,"Wells Fargo Maintains Outperform on Schlumberger, Lowers Price Target to $40",0,uncertain,0.6,0.4,,132,29,1.0,2019-10-21,14277.0,3.6618027836084366,4.257220332954126,7.889257368642699,1.3170335441827774,1.126762468910103,-1.523925638146273,3.9616,2.5169,1.2481,0.71,0.16,0.35,0.007,3.068449,2.8086,0.8596,0.4079,-1.0059,-0.8661,-1.3782,-3.4541,0.0069,2.5055,2.8299
21367,SMITH & NEPHEW PLC,Smith & Nephew shares are trading lower after the company's CEO said he would step down to pursue other opportunities.,0,uncertain,0.6,0.4,,140,29,1.0,2019-10-21,87444.0,-0.1832802430726587,-0.3894661220340101,-1.64948718828708,-0.1462898566387593,0.6742513629480751,1.6595718979397711,-8.6438,-8.7608,0.3531,0.71,0.16,0.35,0.007,-8.901501,0.3767,-0.6795,0.689,-0.8502,-0.4018,0.8271,0.9159,-2.7908,-0.475,0.4104
21375,SONOCO PRODUCTS CO,BMO Capital Upgrades Sonoco Products to Market Perform,0,increase,0.8,0.7,,122,28,2.0,2019-10-21,71176.0,0.6729928776621819,1.3459857247426932,0.0690265208205254,1.3098149560391903,-0.446202310424304,0.8694140874522915,-0.1034,-0.6352,0.6587,0.71,0.16,0.35,0.007,-0.578077,0.7176,-0.2375,-0.8875,0.6037,0.235,-0.6942,0.0861,-0.823,-0.6623,-0.1371
21383,SUPERCOM LTD,SuperCom Receives Nasdaq Notice On Minimum Bid Requirements,0,decrease,0.8,0.7,,118,29,0.0,2019-10-21,92230.0,-0.7384557276964188,0.2923103365696677,3.0769293364521833,-0.4559302236884832,0.769230062421089,-1.5492117089083823,-0.7634,-0.8993,0.2021,0.71,0.16,0.35,0.007,-0.913891,-0.6463,-0.8214,1.4411,-0.9264,0.8685,1.2785,0.59,-0.0183,2.105,-1.3547
21391,SPIRIT AEROSYSTEMS HOLDINGS INC,Spirit AeroSystems Holdings shares are trading lower after UBS downgraded the stock from Buy to Neutral and lowered the price target from $92 to $88 per share.,0,decrease,0.8,0.7,,155,29,0.0,2019-10-21,91594.0,1.0583451017737389,3.0559667773977672,11.615302090448989,-4.220426827669144,-4.703057237869379,-4.301204432220473,-4.8345,-5.6736,0.9434,0.71,0.16,0.35,0.007,-5.511314,1.0935,2.4361,1.4733,-2.4058,-0.9405,0.0618,1.41,4.0732,0.2352,0.771
21399,SPIRIT AEROSYSTEMS HOLDINGS INC,"UBS Downgrades Spirit AeroSystems Hldgs to Neutral, Lowers Price Target to $88",0,decrease,0.8,0.7,,143,29,0.0,2019-10-21,91594.0,1.0583451017737389,3.0559667773977672,11.615302090448989,-4.220426827669144,-4.703057237869379,-4.301204432220473,-4.8345,-5.6736,0.9434,0.71,0.16,0.35,0.007,-5.511314,1.0935,2.4361,1.4733,-2.4058,-0.9405,0.0618,1.41,4.0732,0.2352,0.771
21407,SPORTSMANS WAREHOUSE HLDGS INC,Sportsman's Warehouse Opens 8 New Locations,0,increase,0.8,0.7,,130,28,2.0,2019-10-21,14609.0,-1.526723336428404,3.3587752259499393,6.946563247734772,-0.7923885248601437,0.6430938545258114,1.9544032596430672,4.6326,3.5615,0.9866,0.71,0.16,0.35,0.007,3.9251140000000007,-2.0356,1.453,1.5494,1.0481,-0.3612,-2.246,2.4706,1.6524,-0.0582,-0.6553
21415,CONSTELLATION BRANDS INC,Beverage Experts Share Insights On Emerging Cannabis-Infused Market: Canada A 'Laboratory Of Sorts',0,increase,0.8,0.7,,135,28,2.0,2019-10-21,69796.0,1.146055944263935,-0.8531214310055879,-0.3391939883787831,-0.1368488185107708,-0.7355861904864258,0.1321456866813397,-1.2385,-1.7953,0.7478,0.71,0.16,0.35,0.007,-1.7764379999999995,1.3546,0.1503,-0.5821,-0.808,-1.9403,0.1079,-0.9084,-0.3183,-0.5746,1.0576
21423,CONSTELLATION BRANDS INC,Beverage Experts Share Insights On Emerging Cannabis-Infused Market: Canada A 'Laboratory Of Sorts',0,increase,0.8,0.7,,135,28,2.0,2019-10-21,69796.0,1.146055944263935,-0.8531214310055879,-0.3391939883787831,-0.1368488185107708,-0.7355861904864258,0.1321456866813397,-1.2385,-1.7953,0.7478,0.71,0.16,0.35,0.007,-1.7764379999999995,1.3546,0.1503,-0.5821,-0.808,-1.9403,0.1079,-0.9084,-0.3183,-0.5746,1.0576
21431,TUANCHE LTD,TuanChe Earlier Reported Strategic Partnership with Tmall Auto,0,increase,0.9,0.8,,120,28,2.0,2019-10-21,18261.0,-0.1841575023718178,-4.604051655448405,-1.6574524328349385,9.266410022974014,4.428040060338345,8.846155019538138,-4.0636,-4.164,0.3447,0.71,0.16,0.35,0.007,-4.3153369999999995,0.2452,-4.1481,0.7123,-1.1396,-0.5004,3.4207,-4.2993,0.6854,0.4253,2.777
21439,TELEDYNE TECHNOLOGIES,Teledyne Wins a $178M Contract for Shallow Water Combat,0,increase,0.8,0.7,,129,28,2.0,2019-10-21,87445.0,-3.193240612745285,2.0221817818024457,4.420219109561563,-0.3705807961523533,-0.6027378534992134,-1.9071567331007344,0.6283,-0.026,0.8894,0.71,0.16,0.35,0.007,-0.010174,-2.9065,4.7503,1.7729,-2.4684,-0.2155,0.4519,1.675,-1.5694,0.9229,-0.2941
21447,TEVA PHARMACEUTICAL INDS LTD,"'co-lead attorneys for the plaintiff municipalities tell me they are not on board with $TEVA framework for agreement in principle. ""This appears to be the same proposal that 17 municipalities rejected...' -CNBC's Meg Tirrell",0,uncertain,0.7,0.5,,168,29,1.0,2019-10-21,75652.0,-1.4723912812769413,0.2454044844802938,7.975467702779104,-3.474903106689453,7.913671839830272,7.604020258377231,8.6667,7.0585,1.387,0.71,0.16,0.35,0.007,7.674930000000001,-2.3407,-1.7206,3.9418,-2.8802,0.6624,1.6992,-0.7894,0.93,-0.7478,3.4125
21455,TEVA PHARMACEUTICAL INDS LTD,"Attorney For Local Gov't. Says Opioid Global Settlement Talks With Teva, Distributors Could Resume As Early As Tues.",0,uncertain,0.7,0.3,,147,29,1.0,2019-10-21,75652.0,-1.4723912812769413,0.2454044844802938,7.975467702779104,-3.474903106689453,7.913671839830272,7.604020258377231,8.6667,7.0585,1.387,0.71,0.16,0.35,0.007,7.674930000000001,-2.3407,-1.7206,3.9418,-2.8802,0.6624,1.6992,-0.7894,0.93,-0.7478,3.4125
21463,TEVA PHARMACEUTICAL INDS LTD,Mallinckrodt Shares Spike ~6% On Heavy Volume As Teva Confirms Settlement In Track 1 Opioid Case,0,increase,0.8,0.6,,149,28,2.0,2019-10-21,75652.0,-1.4723912812769413,0.2454044844802938,7.975467702779104,-3.474903106689453,7.913671839830272,7.604020258377231,8.6667,7.0585,1.387,0.71,0.16,0.35,0.007,7.674930000000001,-2.3407,-1.7206,3.9418,-2.8802,0.6624,1.6992,-0.7894,0.93,-0.7478,3.4125
21471,TEVA PHARMACEUTICAL INDS LTD,Teva Pharmaceutical shares are trading higher after the company reached a settlement with Cuyahoga and Summit counties regarding its opioid litigation.,0,increase,0.9,0.8,,146,28,2.0,2019-10-21,75652.0,-1.4723912812769413,0.2454044844802938,7.975467702779104,-3.474903106689453,7.913671839830272,7.604020258377231,8.6667,7.0585,1.387,0.71,0.16,0.35,0.007,7.674930000000001,-2.3407,-1.7206,3.9418,-2.8802,0.6624,1.6992,-0.7894,0.93,-0.7478,3.4125
21479,TEVA PHARMACEUTICAL INDS LTD,Endo Shares Spike 3% On Uptick In Volume Following Confirmation From Teva Of A Settlement In Track 1 Opioid Case,0,uncertain,0.7,0.3,,150,29,1.0,2019-10-21,75652.0,-1.4723912812769413,0.2454044844802938,7.975467702779104,-3.474903106689453,7.913671839830272,7.604020258377231,8.6667,7.0585,1.387,0.71,0.16,0.35,0.007,7.674930000000001,-2.3407,-1.7206,3.9418,-2.8802,0.6624,1.6992,-0.7894,0.93,-0.7478,3.4125
21487,TEVA PHARMACEUTICAL INDS LTD,"UPDATE: Teva To Provide 2 Counties With Critical Opioid Treatment Medication Distributed Over 3 Years, Make $20M Cash Payment Over 3 Years",0,increase,0.8,0.7,,154,28,2.0,2019-10-21,75652.0,-1.4723912812769413,0.2454044844802938,7.975467702779104,-3.474903106689453,7.913671839830272,7.604020258377231,8.6667,7.0585,1.387,0.71,0.16,0.35,0.007,7.674930000000001,-2.3407,-1.7206,3.9418,-2.8802,0.6624,1.6992,-0.7894,0.93,-0.7478,3.4125
21495,TEVA PHARMACEUTICAL INDS LTD,Teva Reports Details Of Track 1 Opioid Cases Settlement,0,uncertain,0.7,0.3,,134,29,1.0,2019-10-21,75652.0,-1.4723912812769413,0.2454044844802938,7.975467702779104,-3.474903106689453,7.913671839830272,7.604020258377231,8.6667,7.0585,1.387,0.71,0.16,0.35,0.007,7.674930000000001,-2.3407,-1.7206,3.9418,-2.8802,0.6624,1.6992,-0.7894,0.93,-0.7478,3.4125
21503,TEVA PHARMACEUTICAL INDS LTD,"Foamix Announces Settlement of Litigation with Teva Relating to Finacea Foam, Terms Not Disclosed",0,uncertain,0.7,0.3,,144,29,1.0,2019-10-21,75652.0,-1.4723912812769413,0.2454044844802938,7.975467702779104,-3.474903106689453,7.913671839830272,7.604020258377231,8.6667,7.0585,1.387,0.71,0.16,0.35,0.007,7.674930000000001,-2.3407,-1.7206,3.9418,-2.8802,0.6624,1.6992,-0.7894,0.93,-0.7478,3.4125
21511,TARGET CORP,Drones Will Land E-Commerce Deliveries In Your Backyard Soon,0,increase,0.8,0.6,,121,28,2.0,2019-10-21,49154.0,-0.4310326185077429,-3.4834615399901514,-4.319144665369712,-0.3709315322339535,0.5526295883642396,0.8222345222836713,0.7712,0.0591,0.9095,0.71,0.16,0.35,0.007,0.118455,-0.2838,-1.918,-1.0615,-1.5786,0.1344,-1.4007,-0.2435,-0.5423,-0.2721,0.2796
21519,TENET HEALTHCARE CORP,Tenet Healthcare shares are trading higher on continued momentum after the stock rallied roughly 22% since Oct 3.,0,increase,0.8,0.7,,137,28,2.0,2019-10-21,52337.0,1.838238537311554,3.513074470390709,10.78431975202232,1.3191466219723225,3.6118360926114863,5.260824916816076,2.8139,1.3108,1.532,0.71,0.16,0.35,0.007,1.7191799999999997,1.6302,0.2192,-0.1809,-2.406,1.3726,4.8093,-0.4648,-2.7251,-0.8642,3.6763
21527,TOYOTA MOTOR CORP,Commentary: Will Auto Companies Bring Blockchain Into Real-World Supply Chains First?,0,increase,0.8,0.6,,128,28,2.0,2019-10-21,76655.0,0.0220061454456299,1.481799340042378,3.110321252377335,-0.1323962351307273,-0.7238887698983509,-0.8036756695355529,0.4051,0.0388,0.5487,0.71,0.16,0.35,0.007,0.008523,0.2761,0.5891,0.3929,-0.1871,-0.3106,0.3499,0.0004,-0.1669,0.3788,0.3446
21535,TEEKAY TANKERS LTD,"Teekay Tankers shares are trading lower, not seeing any company-specific news to justify price action. The sock is trading below other companies in its peer group.",0,uncertain,0.7,0.5,,147,29,1.0,2019-10-21,92518.0,3.1250033527612686,13.54167243516169,12.500006750202196,-0.4694942850619554,3.9215649623093984,5.999994279409049,-9.434,-11.0888,1.3591,0.71,0.16,0.35,0.007,-10.405961,2.2616,8.0578,2.4824,-0.7439,-1.4703,-2.6844,1.9024,-3.7726,1.765,-1.0523
21543,TRUSTCO BANK CORP NY,Trustco Bank Q3 EPS $0.152 Beats $0.15 Estimate,0,increase,0.8,0.6,,131,28,2.0,2019-10-21,77519.0,2.8950516134500504,2.6538030698277426,5.669484543772829,-0.2448036335408687,1.116615299176149,1.494394629712259,1.7178,0.7461,0.7676,0.71,0.16,0.35,0.007,1.165804,2.2622,0.0175,-0.5296,-0.604,0.0604,0.696,0.6096,1.5605,-1.6315,-0.2431
21551,TESLA INC,'Tesla patent reveals cooling system in battery packs' -Electrek,0,increase,0.8,0.7,,123,28,2.0,2019-10-21,93436.0,0.8205135352909565,29.27415832387257,25.23471416641383,-1.9162457436323168,-1.0779548966182384,-0.364497418381593,-1.3427,-2.2085,1.1306,0.71,0.16,0.35,0.007,-2.1524259999999997,1.1776,-0.5641,17.425,8.7723,-1.0701,-3.4309,-0.7779,0.4464,-1.9024,1.1081
21559,TESLA INC,Tesla Patents Efficient Crash Can That Improves Passenger Protection During Collisions,0,increase,0.8,0.7,,123,28,2.0,2019-10-21,93436.0,0.8205135352909565,29.27415832387257,25.23471416641383,-1.9162457436323168,-1.0779548966182384,-0.364497418381593,-1.3427,-2.2085,1.1306,0.71,0.16,0.35,0.007,-2.1524259999999997,1.1776,-0.5641,17.425,8.7723,-1.0701,-3.4309,-0.7779,0.4464,-1.9024,1.1081
21567,TESLA INC,Tesla EVs Now Part of Car-sharing Ekar App in the UAE,0,increase,0.8,0.6,,123,28,2.0,2019-10-21,93436.0,0.8205135352909565,29.27415832387257,25.23471416641383,-1.9162457436323168,-1.0779548966182384,-0.364497418381593,-1.3427,-2.2085,1.1306,0.71,0.16,0.35,0.007,-2.1524259999999997,1.1776,-0.5641,17.425,8.7723,-1.0701,-3.4309,-0.7779,0.4464,-1.9024,1.1081
21575,TETRA TECH INC,Tetra Tech Wins $30M Mongolia Water Supply Program Mgmt. Contract,0,increase,0.8,0.7,,127,28,2.0,2019-10-21,77191.0,-0.3488999092951417,-0.3714146046128741,-0.0562695154796677,1.6355657950043678,3.799547958798044,3.1684779599238766,0.6913,-0.1072,1.0135,0.71,0.16,0.35,0.007,-0.035285,-0.132,-0.7895,-0.5008,-1.2433,0.7691,1.032,-0.5794,-1.2326,0.4326,-0.7258
21583,ISHARES INC,"'Trump is 'fully prepared' to take military action against Turkey if needed, Mike Pompeo says' -CNBC",0,uncertain,0.6,0.3,,135,29,1.0,2019-10-21,92600.0,1.9616078585386276,4.674461117503448,4.883139029468597,2.134785428643226,5.810928708339769,4.452050316623657,-1.8033,-2.4314,0.7183,0.71,0.16,0.35,0.007,-2.320293,1.9885,3.163,-1.1045,0.0082,-0.4431,-0.2344,0.002,-0.6867,-0.4448,0.4489
21591,ISHARES INC,Trump Says US Troops In Syria Will Go To Different Areas At First But Eventually Will Be Brought Home,0,uncertain,0.7,0.3,,132,29,1.0,2019-10-21,92600.0,1.9616078585386276,4.674461117503448,4.883139029468597,2.134785428643226,5.810928708339769,4.452050316623657,-1.8033,-2.4314,0.7183,0.71,0.16,0.35,0.007,-2.320293,1.9885,3.163,-1.1045,0.0082,-0.4431,-0.2344,0.002,-0.6867,-0.4448,0.4489
21599,ISHARES INC,"Trump Says The Kurds Are Leaving Certain Areas In Syria Intelligently, Says US Never Gave The Kurds A Commitment It Would Stay '400 Years' To Protect Them",0,uncertain,0.6,0.3,,145,29,1.0,2019-10-21,92600.0,1.9616078585386276,4.674461117503448,4.883139029468597,2.134785428643226,5.810928708339769,4.452050316623657,-1.8033,-2.4314,0.7183,0.71,0.16,0.35,0.007,-2.320293,1.9885,3.163,-1.1045,0.0082,-0.4431,-0.2344,0.002,-0.6867,-0.4448,0.4489
21607,ISHARES INC,"Trump Says If Turkey Misbehaves, US Will Tariff Its Products And Impose Sanctions",0,uncertain,0.6,0.4,,130,29,1.0,2019-10-21,92600.0,1.9616078585386276,4.674461117503448,4.883139029468597,2.134785428643226,5.810928708339769,4.452050316623657,-1.8033,-2.4314,0.7183,0.71,0.16,0.35,0.007,-2.320293,1.9885,3.163,-1.1045,0.0082,-0.4431,-0.2344,0.002,-0.6867,-0.4448,0.4489
21615,ISHARES INC,"Trump Says Ceasefire In Syria Is Holding, Says There Are Some Skirmishes But Relatively Few",0,uncertain,0.6,0.3,,132,29,1.0,2019-10-21,92600.0,1.9616078585386276,4.674461117503448,4.883139029468597,2.134785428643226,5.810928708339769,4.452050316623657,-1.8033,-2.4314,0.7183,0.71,0.16,0.35,0.007,-2.320293,1.9885,3.163,-1.1045,0.0082,-0.4431,-0.2344,0.002,-0.6867,-0.4448,0.4489
21623,TRADEWEB MARKETS INC,"UPDATE: UBS Upgrades Tradeweb Markets To Buy, Raises Target To $49 As Firm Notes 'With the overhang of the secondary now removed, and valuation much more attractive… we believe that the shares will move back toward their recent highs'",0,increase,0.9,0.8,,161,28,2.0,2019-10-21,18480.0,-1.711203716695309,-1.9221744985955191,-4.50069878274606,-4.0462426841259,-1.8216238266174911,3.983964375235805,2.7952,2.6763,0.3117,0.71,0.16,0.35,0.007,2.566893,-1.3141,-3.4932,1.3109,-0.9281,1.9819,0.0781,-0.2166,-0.4522,-0.3662,-1.5984
21631,TRADEWEB MARKETS INC,"UBS Upgrades Tradeweb Markets to Buy, Raises Price Target to $49",0,increase,0.9,0.8,,128,28,2.0,2019-10-21,18480.0,-1.711203716695309,-1.9221744985955191,-4.50069878274606,-4.0462426841259,-1.8216238266174911,3.983964375235805,2.7952,2.6763,0.3117,0.71,0.16,0.35,0.007,2.566893,-1.3141,-3.4932,1.3109,-0.9281,1.9819,0.0781,-0.2166,-0.4522,-0.3662,-1.5984
21639,U B S GROUP A G,U.S. Bank to Cut Thousands of Branch Workers,0,uncertain,0.6,0.4,,123,29,1.0,2019-10-21,15054.0,-0.3466201247647404,3.5528583386917223,6.845753849555125,0.7992908358573914,1.5205730580550414,0.7992908167728574,1.674,0.7549,0.9656,0.71,0.16,0.35,0.007,0.981424,-0.576,0.7959,0.755,0.136,1.0819,0.8842,-1.5134,0.055,0.0266,1.8117
21647,U S BANCORP DEL,"UBS Maintains Neutral on U.S. Bancorp, Raises Price Target to $58",0,increase,0.8,0.7,,133,28,2.0,2019-10-21,66157.0,0.8186561986804008,1.4771344991223234,3.4703698689396267,0.6580160930752754,0.9162543365311526,2.4367585949171433,2.0338,1.0944,0.9116,0.71,0.16,0.35,0.007,1.3795639999999998,0.4053,-0.5917,0.0238,0.237,0.1334,0.2545,0.3252,0.5101,-0.6746,-0.5031
21655,UNITED THERAPEUTICS CORP,United Therapeutics' Supplement to its New Drug Application for Orenitram is Accepted by the FDA,0,increase,0.9,0.8,,137,28,2.0,2019-10-21,87006.0,0.2737157745286822,2.9513310376926727,7.2712135784611,0.5754882004112005,0.4647715533930174,0.2073906847594786,2.3009,1.6889,0.7269,0.71,0.16,0.35,0.007,1.7778009999999995,0.4805,-0.0838,-1.1756,0.2001,2.0412,0.3969,4.5481,-0.8237,-0.9239,0.4537
21663,UNITED THERAPEUTICS CORP,United Therapeutics Announces FDA Approval Of Updated Label For Orenitram Reflecting Results Of FREEDOM-EV Study,0,increase,0.9,0.8,,142,28,2.0,2019-10-21,87006.0,0.2737157745286822,2.9513310376926727,7.2712135784611,0.5754882004112005,0.4647715533930174,0.2073906847594786,2.3009,1.6889,0.7269,0.71,0.16,0.35,0.007,1.7778009999999995,0.4805,-0.0838,-1.1756,0.2001,2.0412,0.3969,4.5481,-0.8237,-0.9239,0.4537
21671,UNIVERSAL TECHNICAL INSTITUTE IN,Universal Technical Institute Sees FY 2019 Guidance at Higher End of Range,0,increase,0.8,0.7,,132,28,2.0,2019-10-21,89973.0,0.1818223390728235,1.4545440442786497,2.7339441821538912e-08,2.5423772633075714,7.185044410630703,5.7281567245832665,1.0101,0.9044,0.0687,0.71,0.16,0.35,0.007,0.954323,0.1098,4.8675,-0.1055,-1.127,-2.3904,3.8683,-0.3583,2.7074,-1.407,-6.1113
21679,UNIVERSAL TECHNICAL INSTITUTE IN,Universal Technical Institute Announces Jerome A. Grant to Succeed Kimberly J. McWaters as CEO,0,uncertain,0.6,0.3,,137,29,1.0,2019-10-21,89973.0,0.1818223390728235,1.4545440442786497,2.7339441821538912e-08,2.5423772633075714,7.185044410630703,5.7281567245832665,1.0101,0.9044,0.0687,0.71,0.16,0.35,0.007,0.954323,0.1098,4.8675,-0.1055,-1.127,-2.3904,3.8683,-0.3583,2.7074,-1.407,-6.1113
21687,VALE S A,Vale Reiterates Its Iron Ore Production Guidance For 2019 Between 307M And 332M Tonnes,0,uncertain,0.6,0.3,,133,29,1.0,2019-10-21,89330.0,1.6695920377969742,7.469239111493087,8.347976962331249,-0.1790551235899329,-0.535240139788018,-2.5349647441269663,2.0628,1.1069,1.2956,0.71,0.16,0.35,0.007,1.1359240000000002,2.0244,0.3193,-1.3994,3.9489,0.8366,-0.6421,-0.2932,-2.6435,1.797,0.6096
21695,VALE S A,"Vale Says It Has Temporarily Suspended Operations At The Itabiruçu Dam To Evaluate Its 'Geotechnic Characteristics'; Says The Stability Certification For The Itabiruçu Dam Remains Valid, And Suspension Should Last 30 Days",0,uncertain,0.7,0.5,,159,29,1.0,2019-10-21,89330.0,1.6695920377969742,7.469239111493087,8.347976962331249,-0.1790551235899329,-0.535240139788018,-2.5349647441269663,2.0628,1.1069,1.2956,0.71,0.16,0.35,0.007,1.1359240000000002,2.0244,0.3193,-1.3994,3.9489,0.8366,-0.6421,-0.2932,-2.6435,1.797,0.6096
21703,VERITEX HOLDINGS INC,Veritex Holdings Q3 EPS $0.53 Misses $0.56 Estimate,0,decrease,0.8,0.6,,131,29,0.0,2019-10-21,15022.0,-1.6587680205702782,3.2401437088935836e-08,-0.1974694614060634,1.0283834300935268,1.2783483483785218,1.5715432876609148,3.0945,1.6861,1.1362,0.71,0.16,0.35,0.007,2.280798,-2.5938,-0.5238,0.808,-1.2064,1.5766,-0.4739,0.1413,-0.6156,-1.2966,-0.75
21711,VERITEX HOLDINGS INC,Q3 Earnings Preview For Veritex Holdings,0,uncertain,0.6,0.3,,123,29,1.0,2019-10-21,15022.0,-1.6587680205702782,3.2401437088935836e-08,-0.1974694614060634,1.0283834300935268,1.2783483483785218,1.5715432876609148,3.0945,1.6861,1.1362,0.71,0.16,0.35,0.007,2.280798,-2.5938,-0.5238,0.808,-1.2064,1.5766,-0.4739,0.1413,-0.6156,-1.2966,-0.75
21719,VERACYTE INC,Veracyte Highlights Data Showing Clinical Validity Of Next-Gen Percepta Classifier Will Be Presented At American College of Chest Physicians Thurs.,0,increase,0.8,0.7,,136,28,2.0,2019-10-21,14263.0,0.0763594871386885,-13.745705305306243,-9.125624908926234,-2.567139081656933,1.148014402288,-3.254901616378658,6.1613,5.0585,1.7944,0.71,0.16,0.35,0.007,4.880276,1.1458,-15.9279,-6.9379,1.0781,5.1235,0.2798,-0.559,1.6213,0.336,2.2081
21727,VERACYTE INC,Veracyte Reports Data From 3 Studies Presented At American College of Chest Physicians Meeting Showing Envisia Improves Physicians' Ability To Diagnose Idiopathic Pulmonary Fibrosis,0,increase,0.9,0.8,,146,28,2.0,2019-10-21,14263.0,0.0763594871386885,-13.745705305306243,-9.125624908926234,-2.567139081656933,1.148014402288,-3.254901616378658,6.1613,5.0585,1.7944,0.71,0.16,0.35,0.007,4.880276,1.1458,-15.9279,-6.9379,1.0781,5.1235,0.2798,-0.559,1.6213,0.336,2.2081
21735,VERTEX PHARMACEUTICALS INC,"Vertex Shares Resume Trade, Up 0.6%",0,uncertain,0.6,0.6,,129,29,1.0,2019-10-21,76744.0,4.10287082195282,5.715689876971508,8.657984882520676,-0.8384006097912788,0.0795044168054426,0.051093603962693,4.1423,3.6665,0.947,0.71,0.16,0.35,0.007,3.46293,4.9549,-0.3123,1.3328,-0.5297,-1.0805,2.3507,-0.2302,-1.7745,2.1729,-0.2186
21743,VERTEX PHARMACEUTICALS INC,Vertex 8-K Shows Raised FY19 CF Net Product Sales From $3.6B-$3.7B To $3.7B-$3.75B,0,increase,0.8,0.7,,153,28,2.0,2019-10-21,76744.0,4.10287082195282,5.715689876971508,8.657984882520676,-0.8384006097912788,0.0795044168054426,0.051093603962693,4.1423,3.6665,0.947,0.71,0.16,0.35,0.007,3.46293,4.9549,-0.3123,1.3328,-0.5297,-1.0805,2.3507,-0.2302,-1.7745,2.1729,-0.2186
21751,VERTEX PHARMACEUTICALS INC,Vertex Issues Press Release Confirming FDA Approval Of TRIKAFTA,0,increase,0.9,0.8,,131,28,2.0,2019-10-21,76744.0,4.10287082195282,5.715689876971508,8.657984882520676,-0.8384006097912788,0.0795044168054426,0.051093603962693,4.1423,3.6665,0.947,0.71,0.16,0.35,0.007,3.46293,4.9549,-0.3123,1.3328,-0.5297,-1.0805,2.3507,-0.2302,-1.7745,2.1729,-0.2186
21759,VERTEX PHARMACEUTICALS INC,Vertex Pharmaceuticals shares are trading higher after the FDA approved Trikafta for cystic fibrosis treatment.,0,increase,0.9,0.8,,139,28,2.0,2019-10-21,76744.0,4.10287082195282,5.715689876971508,8.657984882520676,-0.8384006097912788,0.0795044168054426,0.051093603962693,4.1423,3.6665,0.947,0.71,0.16,0.35,0.007,3.46293,4.9549,-0.3123,1.3328,-0.5297,-1.0805,2.3507,-0.2302,-1.7745,2.1729,-0.2186
21767,VERTEX PHARMACEUTICALS INC,"Vertex Pharmaceuticals Shares Halted, News Pending",0,uncertain,0.7,0.5,,127,29,1.0,2019-10-21,76744.0,4.10287082195282,5.715689876971508,8.657984882520676,-0.8384006097912788,0.0795044168054426,0.051093603962693,4.1423,3.6665,0.947,0.71,0.16,0.35,0.007,3.46293,4.9549,-0.3123,1.3328,-0.5297,-1.0805,2.3507,-0.2302,-1.7745,2.1729,-0.2186
21775,VERTEX PHARMACEUTICALS INC,FDA Approves Vertex's Trikafta For Cystic Fibrosis Treatment,0,increase,0.9,0.8,,135,28,2.0,2019-10-21,76744.0,4.10287082195282,5.715689876971508,8.657984882520676,-0.8384006097912788,0.0795044168054426,0.051093603962693,4.1423,3.6665,0.947,0.71,0.16,0.35,0.007,3.46293,4.9549,-0.3123,1.3328,-0.5297,-1.0805,2.3507,-0.2302,-1.7745,2.1729,-0.2186
21783,VERTEX PHARMACEUTICALS INC,"Vertex Pharma Reports Spanish Gov't. Has Approved Terms For National Reimbursement Of ORKAMBI, SYMKEVI In Combo With KALYDECO For Cystic Fibrosis Patients In Spain",0,increase,0.9,0.8,,161,28,2.0,2019-10-21,76744.0,4.10287082195282,5.715689876971508,8.657984882520676,-0.8384006097912788,0.0795044168054426,0.051093603962693,4.1423,3.6665,0.947,0.71,0.16,0.35,0.007,3.46293,4.9549,-0.3123,1.3328,-0.5297,-1.0805,2.3507,-0.2302,-1.7745,2.1729,-0.2186
21791,WAYFAIR INC,Wayfair Court Case Marks A Game-Changer For Legal Cannabis,0,uncertain,0.6,0.3,,121,29,1.0,2019-10-21,14983.0,0.7181466091424227,-3.0853829081868622,-22.484263069645703,-4.695413634181023,1.2048148157505434,0.2018658145978902,3.2875,2.2402,1.7761,0.71,0.16,0.35,0.007,2.019469,1.9185,0.336,-0.8176,2.2801,-8.9929,-6.6759,-1.6693,-18.1871,0.2219,4.658
21799,WSFS FINANCIAL CORP,WSFS Financial Q3 EPS $0.98 Beats $0.87 Estimate,0,increase,0.8,0.5,,131,28,2.0,2019-10-21,10892.0,2.6012249290943146,-1.3345401644944022,-2.0357335306585234,0.3754287026822567,0.7882138891814883,1.7412386397945625,0.2153,-0.9486,0.9019,0.71,0.16,0.35,0.007,-0.4320489999999999,1.7935,-3.4835,-0.6722,-0.1599,-0.3684,-0.9833,0.1395,-0.8997,-1.4481,0.1715
21807,WATSCO INC,"Morgan Stanley Maintains Equal-Weight on Watsco, Raises Price Target to $158",0,increase,0.8,0.7,,128,28,2.0,2019-10-21,66376.0,1.4037683606147766,0.4239990536299975,2.2804078270737715,-0.875135138630867,4.7066696310148926,3.934267392156632,0.7097,0.0542,0.7871,0.71,0.16,0.35,0.007,0.1438589999999999,1.4641,-0.4065,-0.8518,-0.04,-0.8145,0.6008,-0.0131,0.4905,0.2288,-0.8918
21815,WATSCO INC,"Morgan Stanley Maintains Equal-Weight on Watsco, Raises Price Target to $158",0,increase,0.8,0.7,,128,28,2.0,2019-10-21,66376.0,1.4037683606147766,0.4239990536299975,2.2804078270737715,-0.875135138630867,4.7066696310148926,3.934267392156632,0.7097,0.0542,0.7871,0.71,0.16,0.35,0.007,0.1438589999999999,1.4641,-0.4065,-0.8518,-0.04,-0.8145,0.6008,-0.0131,0.4905,0.2288,-0.8918
21823,WINTRUST FINANCIAL CORP,"UBS Maintains Neutral on Wintrust Financial, Lowers Price Target to $67",0,decrease,0.8,0.7,,134,29,0.0,2019-10-21,84636.0,0.7082474883645773,2.417243825973059,3.156279026913067,2.0205190405249596,0.2015460824158488,-0.2469573999263064,0.4951,-0.9401,1.1736,0.71,0.16,0.35,0.007,-0.345156,-0.2308,-0.4885,-0.2375,0.9466,0.5169,-0.9936,0.3536,-1.5398,-0.0703,-0.018
21831,WYNN RESORTS LTD,Macau Government Reports Lowest Gambling Rate among Locals Since 2003,0,decrease,0.8,0.7,,129,29,0.0,2019-10-21,89533.0,-1.0011172853410244,5.245141835551692,8.42816671094948,-0.4647140856832266,-0.272340507271529,-1.1838446025708382,2.951,1.5117,1.7239,0.71,0.16,0.35,0.007,1.720031,-0.8153,-0.3045,1.0524,2.0883,0.5294,-2.3804,2.9465,-0.9714,-0.925,1.8255
21839,X C E L ENERGY INC,"KeyBanc Maintains Overweight on Xcel Energy, Raises Price Target to $73",0,increase,0.8,0.7,,131,28,2.0,2019-10-21,23931.0,-0.1244389917701482,-2.877589580827955,-4.106392098887124,0.534009700641036,0.81902730985981,1.3618377997902664,0.4374,0.4631,0.2339,0.71,0.16,0.35,0.007,0.264331,0.2985,0.2732,-0.2924,-1.2805,-1.8934,0.5914,0.5848,0.0909,-0.3634,-2.049
21847,YANDEX N V,Yandex NV shares are trading higher after Russia softened its draft law which was limiting foreign ownership in Major IT companies.,0,increase,0.8,0.7,,133,28,2.0,2019-10-21,12799.0,-1.770445890724659,2.503063315342491,4.517715048882787,-1.7497546970844269,-1.4569554589624834,-2.490171202482061,10.0806,9.4654,0.9009,0.71,0.16,0.35,0.007,9.433961,-1.3117,-0.7784,1.8575,-1.8171,3.3823,0.4264,-0.7643,-0.2696,0.5242,1.088
21855,YANDEX N V,Yandex Shares Rise 9% Premarket after Moscow Softens Draft Law Limiting Foreign Ownership in Major IT Companies,0,increase,0.8,0.9,,134,28,2.0,2019-10-21,12799.0,-1.770445890724659,2.503063315342491,4.517715048882787,-1.7497546970844269,-1.4569554589624834,-2.490171202482061,10.0806,9.4654,0.9009,0.71,0.16,0.35,0.007,9.433961,-1.3117,-0.7784,1.8575,-1.8171,3.3823,0.4264,-0.7643,-0.2696,0.5242,1.088
21863,ZIONS BANCORPORATION N A,Zions Bancorp Q3 EPS $1.17 Beats $1.08 Estimate,0,increase,0.8,0.7,,136,28,2.0,2019-10-21,84129.0,5.276995152235031,6.853516716899666,9.9299403701524,1.5440515242516994,0.1343514638692866,-0.0893590536007682,2.1243,0.7975,1.1217,0.71,0.16,0.35,0.007,1.320893,4.4596,-0.8681,0.0835,0.0714,1.206,0.4959,1.0728,-0.4044,-0.782,-0.4324
21871,ZIONS BANCORPORATION N A,A Preview Of Zions Bancorp's Earnings,0,uncertain,0.6,0.3,,129,29,1.0,2019-10-21,84129.0,5.276995152235031,6.853516716899666,9.9299403701524,1.5440515242516994,0.1343514638692866,-0.0893590536007682,2.1243,0.7975,1.1217,0.71,0.16,0.35,0.007,1.320893,4.4596,-0.8681,0.0835,0.0714,1.206,0.4959,1.0728,-0.4044,-0.782,-0.4324
21879,ADOBE INC,Citi Steps To Sidelines On Adobe,0,uncertain,0.6,0.3,,117,29,1.0,,,,,,,,,,,,,,,,,,,,,,,,,,
21887,ADOBE INC,Adobe shares are trading lower after Citigroup downgraded the company's stock from Buy to Neutral.,0,decrease,0.8,0.7,,127,29,0.0,,,,,,,,,,,,,,,,,,,,,,,,,,
21895,ADOBE INC,Citigroup Downgrades Adobe to Neutral,0,decrease,0.8,0.7,,116,29,0.0,,,,,,,,,,,,,,,,,,,,,,,,,,
21903,ARCHER DANIELS MIDLAND CO,Archer-Daniels Midland Announced Partnership With Concern Worldwide To Fight Hunger In Ethiopia And Kenya,0,increase,0.8,0.7,,137,28,2.0,,,,,,,,,,,,,,,,,,,,,,,,,,
21911,ADAMIS PHARMACEUTICALS CORP,Adamis Pharmaceuticals 8K Filing Showing Notice Of Delisting,0,decrease,0.8,0.9,,136,29,0.0,,,,,,,,,,,,,,,,,,,,,,,,,,
21919,AMEREN CORP,"SunTrust Robinson Humphrey Maintains Hold on Ameren, Lowers Price Target to $81",0,decrease,0.8,0.6,,130,29,0.0,,,,,,,,,,,,,,,,,,,,,,,,,,
21927,FIRST MAJESTIC SILVER CORP,First Majestic Silver shares are trading higher after the company reported its Q3 production results.,0,increase,0.8,0.7,,136,28,2.0,,,,,,,,,,,,,,,,,,,,,,,,,,
21935,ALBEMARLE CORP,"Wells Fargo Initiates Coverage On Albemarle with Market Perform Rating, Announces $75 Price Target",0,uncertain,0.6,0.3,,137,29,1.0,,,,,,,,,,,,,,,,,,,,,,,,,,
21943,ALLY FINANCIAL INC,"Ally Financial Q3 Adj. EPS $1.01 Beats $0.98 Estimate, Sales $1.6B Beat $1.57B Estimate",0,increase,0.8,0.7,,145,28,2.0,,,,,,,,,,,,,,,,,,,,,,,,,,
21951,AMERICAN NATIONAL BANKSHARES INC,"American National Bankshares Announces William W Traynham To Step Down, Jeffrey W. Farrar To Succeed As CFO",0,uncertain,0.7,0.3,,140,29,1.0,,,,,,,,,,,,,,,,,,,,,,,,,,
21959,AMERICA MOVIL S A B DE C V NEW,America Movil shares are trading higher after the company reported better-than-expected Q3 sales results.,0,increase,0.8,0.7,,142,28,2.0,,,,,,,,,,,,,,,,,,,,,,,,,,
21967,APOLLO GLOBAL MANAGEMENT INC NEW,Apollo Global Said to Offer $5B to Acquire Tech Data,0,increase,0.8,0.7,,128,28,2.0,,,,,,,,,,,,,,,,,,,,,,,,,,
21975,ASHLAND INC 2022,"Wells Fargo Initiates Coverage On Ashland Global Holdings with Outperform Rating, Announces $90 Price Target",0,increase,0.8,0.7,,137,28,2.0,,,,,,,,,,,,,,,,,,,,,,,,,,
21983,ASSEMBLY BIOSCIENCES INC,"Mizuho Initiates Coverage On Assembly Biosciences with Buy Rating, Announces $20 Price Target",0,increase,0.9,0.8,,136,28,2.0,,,,,,,,,,,,,,,,,,,,,,,,,,
21991,A S M L HOLDING N V,ASML Holding shares are trading lower after the company reported Q3 earnings.,0,uncertain,0.6,0.5,,131,29,1.0,,,,,,,,,,,,,,,,,,,,,,,,,,
21999,A S M L HOLDING N V,ASML Sees Q4 Net Sales EUR 3.9B,0,increase,0.8,0.7,,131,28,2.0,,,,,,,,,,,,,,,,,,,,,,,,,,
22007,A S M L HOLDING N V,"ASML Earlier Reported Q3 Net Sales EUR 3.0B, Net Income EUR 627M, Net Bookings EUR 5.1B",0,increase,0.8,0.7,,148,28,2.0,,,,,,,,,,,,,,,,,,,,,,,,,,
22015,AURINIA PHARMACEUTICALS INC,Aurinia Pharmaceuticals Option Alert: Jan 17 $12 Calls at the Ask: 500 @ $0.801 vs 1876 OI; Earnings 11/7 After Close [est] Ref=$5.07,0,increase,0.8,0.7,,170,28,2.0,,,,,,,,,,,,,,,,,,,,,,,,,,
22023,AEROVIRONMENT INC,"Piper Jaffray Upgrades AeroVironment On Valuation, Growth Opportunities",0,increase,0.8,0.7,,128,28,2.0,,,,,,,,,,,,,,,,,,,,,,,,,,
22031,AEROVIRONMENT INC,UPDATE: Piper Jaffray On AeroVironment Also Believes 'the HAPSMobile joint venture with SoftBank is providing some near-term visibility and a significant long-term opportunity for the company',0,increase,0.8,0.7,,151,28,2.0,,,,,,,,,,,,,,,,,,,,,,,,,,
22039,AEROVIRONMENT INC,"UPDATE: Piper Jaffray Upgrades AeroVironment To Overweight, Raises Tgt To $76 As Firm Continues To Believe Co. 'will benefit as U.S. defense budgets shift more toward unmanned aircraft and international defense sales should grow even faster than domestic'",0,increase,0.8,0.7,,165,28,2.0,,,,,,,,,,,,,,,,,,,,,,,,,,
22047,AEROVIRONMENT INC,"Piper Jaffray Upgrades AeroVironment to Overweight, Raises Price Target to $76",0,increase,0.8,0.7,,132,28,2.0,,,,,,,,,,,,,,,,,,,,,,,,,,
22055,BROADCOM INC,"'The EU's powerful anti-trust authority on Wednesday ordered US chipmaker Broadcom to immediately halt uncompetitive sales practices, using an unprecedented weapon against US big tech.' -France's RFI",0,decrease,0.8,0.7,,147,29,0.0,,,,,,,,,,,,,,,,,,,,,,,,,,
22063,BROADCOM INC,EU Antitrust Head Vestager to Hold News Conference Expected to Focus  on Broadcom,0,uncertain,0.7,0.3,,125,29,1.0,,,,,,,,,,,,,,,,,,,,,,,,,,
22071,AXALTA COATING SYSTEMS LTD,"UPDATE: Wells Fargo On Axalta Coating Notes'On a fundamental basis, we don't see a firm catalyst to drive significant multiple expansion near term outside a takeout bid as we see flattish EBITDA growth in 2019E given weak demand in transportation markets'",0,decrease,0.8,0.7,,172,29,0.0,,,,,,,,,,,,,,,,,,,,,,,,,,
22079,AXALTA COATING SYSTEMS LTD,UPDATE: Wells Fargo Initiates Axalta Coating With Market Perform $31 Target Notes The Co's 'strategic review which could lead to a sale of the company is ongoing and is supporting near term valuation',0,increase,0.8,0.7,,158,28,2.0,,,,,,,,,,,,,,,,,,,,,,,,,,
22087,AXALTA COATING SYSTEMS LTD,"Wells Fargo Initiates Coverage On Axalta Coating Systems with Market Perform Rating, Announces $31 Price Target",0,uncertain,0.6,0.3,,140,29,1.0,,,,,,,,,,,,,,,,,,,,,,,,,,
22095,ACUITY BRANDS INC,"Baird Downgrades Acuity Brands to Neutral, Lowers Price Target to $126",0,decrease,0.8,0.7,,131,29,0.0,,,,,,,,,,,,,,,,,,,,,,,,,,
22103,ALIBABA GROUP HOLDING LTD,"KeyBanc Maintains Overweight on Alibaba Group Holding, Lowers Price Target to $243",0,uncertain,0.6,0.4,,134,29,1.0,,,,,,,,,,,,,,,,,,,,,,,,,,
22111,BANK OF AMERICA CORP,Wednesday's Market Minute: The Harvey Dent Market,0,uncertain,0.6,0.2,,122,29,1.0,,,,,,,,,,,,,,,,,,,,,,,,,,
22119,BANK OF AMERICA CORP,Bank of America shares are trading higher after the company reported better-than-expected Q3 EPS and sales results.,0,increase,0.9,0.8,,134,28,2.0,,,,,,,,,,,,,,,,,,,,,,,,,,
22127,BANK OF AMERICA CORP,Bank Of America Trades Higher On Q3 Earnings Beat,0,increase,0.9,0.8,,124,28,2.0,,,,,,,,,,,,,,,,,,,,,,,,,,
22135,BANK OF AMERICA CORP,Bank of America Q3 Sales $22.8B Beat $22.79B Estimate,0,increase,0.8,0.6,,131,28,2.0,,,,,,,,,,,,,,,,,,,,,,,,,,
22143,BANK OF AMERICA CORP,Bank of America Q3 EPS $0.56 Beats $0.51 Estimate,0,increase,0.8,0.2,,129,28,2.0,,,,,,,,,,,,,,,,,,,,,,,,,,
22151,BANK OF NEW YORK MELLON CORP,Bank of New York Mellon shares are trading higher after the company reported better-than-expected Q3 EPS results.,0,increase,0.9,0.8,,140,28,2.0,,,,,,,,,,,,,,,,,,,,,,,,,,
22159,BANK OF NEW YORK MELLON CORP,Bank of New York Mellon Q3 Sales $3.861B Miss $3.91B Estimate,0,decrease,0.8,0.6,,139,29,0.0,,,,,,,,,,,,,,,,,,,,,,,,,,
22167,BANK OF NEW YORK MELLON CORP,Bank of New York Mellon Q3 EPS $1.07 Beats $0.99 Estimate,0,increase,0.8,0.7,,137,28,2.0,,,,,,,,,,,,,,,,,,,,,,,,,,
22175,BUILDERS FIRSTSOURCE INC,Builders FirstSource Names William Bradley Hayes To Its Board Of Directors,0,uncertain,0.6,0.3,,123,29,1.0,,,,,,,,,,,,,,,,,,,,,,,,,,
22183,BUILDERS FIRSTSOURCE INC,"Stephens & Co. Upgrades Builders FirstSource to Overweight, Raises Price Target to $28",0,increase,0.9,0.8,,132,28,2.0,,,,,,,,,,,,,,,,,,,,,,,,,,
22191,BLACKROCK INC,"Morgan Stanley Maintains Overweight on BlackRock, Raises Price Target to $554",0,increase,0.8,0.7,,126,28,2.0,,,,,,,,,,,,,,,,,,,,,,,,,,
22199,BORGWARNER INC,Guggenheim Initiates Coverage On BorgWarner with Neutral Rating,0,uncertain,0.6,0.3,,124,29,1.0,,,,,,,,,,,,,,,,,,,,,,,,,,
22207,CITIGROUP INC,'Citigroup Offers Rare Pound Bond as Brexit Deal Prospects Fade' -Bloomberg,0,uncertain,0.6,0.3,,126,29,1.0,,,,,,,,,,,,,,,,,,,,,,,,,,
22215,CACI INTERNATIONAL INC,"CACI Wins $88M Task Order To Provide Engineering, Technical Support To US Army",0,increase,0.8,0.7,,128,28,2.0,,,,,,,,,,,,,,,,,,,,,,,,,,
22223,CATHAY GENERAL BANCORP,"Cathay General Q3 EPS $0.91 Beats $0.88 Estimate, Sales $171.8M Beat $155.68M Estimate",0,increase,0.8,0.7,,148,28,2.0,,,,,,,,,,,,,,,,,,,,,,,,,,
22231,COMMERCE BANCSHARES INC,"Commerce Bancshares Q3 EPS $0.98 Beats $0.92 Estimate, Sales $336.255M Miss $337.57M Estimate",0,uncertain,0.6,0.3,,151,29,1.0,,,,,,,,,,,,,,,,,,,,,,,,,,
22239,CABOT CORP,Baird Downgrades Cabot to Neutral,0,decrease,0.8,0.7,,118,29,0.0,,,,,,,,,,,,,,,,,,,,,,,,,,
22247,CROWN CASTLE INC,"Crown Castle Sees FY20 Site Rental Sales $5.196B-$5.241B, Adj. EBITDA $3.569B-$3.614B",0,uncertain,0.6,0.3,,147,29,1.0,,,,,,,,,,,,,,,,,,,,,,,,,,
22255,CROWN CASTLE INC,"Crown Castle Sees FY19 Site Rental Sales $4.95B-$4.98B, Adj. EBITDA $3.393B-$3.423B, Adj. FFO $2.464B-$2.494B",0,uncertain,0.6,0.4,,162,29,1.0,,,,,,,,,,,,,,,,,,,,,,,,,,
22263,CROWN CASTLE INC,"Crown Castle International Corporation Q3 EPS $0.58 Beats $0.49 Estimate, Sales $1.514B Beat $1.47B Estimate",0,increase,0.8,0.7,,143,28,2.0,,,,,,,,,,,,,,,,,,,,,,,,,,
22271,CROWN HOLDINGS INC,"Crown Holdings Q3 Adj. EPS $1.56, Inline, Sales $3.084B Miss $3.19B Estimate",0,decrease,0.8,0.7,,139,29,0.0,,,,,,,,,,,,,,,,,,,,,,,,,,
22279,CROWN HOLDINGS INC,"Morgan Stanley Maintains Equal-Weight on Crown Holdings, Raises Price Target to $72",0,increase,0.8,0.7,,129,28,2.0,,,,,,,,,,,,,,,,,,,,,,,,,,
22287,CENTURY COMMUNITIES INC,Century Communities Announces Model Grand Opening Event For 55+ Active Adult Community In Fremont On Oct 19,0,increase,0.8,0.7,,135,28,2.0,,,,,,,,,,,,,,,,,,,,,,,,,,
22295,CHARTER COMMUNICATIONS INC NEW,"UPDATE: Bernstein Initiates Charter With Outperform, $541 Target Notes 'dominant Internet service business, peer scale with sub-peer margins/ROIC, mobile optionality, strategically precious fiber'",0,increase,0.8,0.7,,155,28,2.0,,,,,,,,,,,,,,,,,,,,,,,,,,
22303,CHARTER COMMUNICATIONS INC NEW,Charter Late Tuesday Priced $500M Of Senior Unsecured Notes Due 2030,0,uncertain,0.6,0.3,,136,29,1.0,,,,,,,,,,,,,,,,,,,,,,,,,,
22311,CHARTER COMMUNICATIONS INC NEW,Charter Late Tuesday Reported Pricing Of $1.5B Of Senior Secured Notes Due 2050,0,uncertain,0.6,0.3,,138,29,1.0,,,,,,,,,,,,,,,,,,,,,,,,,,
22319,CHARTER COMMUNICATIONS INC NEW,"Bernstein Initiates Coverage On Charter Communications With An Outperform Rating, Announces A $541 Price Target",0,increase,0.8,0.9,,138,28,2.0,,,,,,,,,,,,,,,,,,,,,,,,,,
22327,COLGATE PALMOLIVE CO,"Berenberg Reinstates Sell on Colgate-Palmolive, Announces $58 Price Target",0,decrease,0.8,0.7,,138,29,0.0,,,,,,,,,,,,,,,,,,,,,,,,,,
22335,COMERICA INC,Comerica shares are trading lower after the company reported Q3 earnings.,0,uncertain,0.6,0.5,,121,29,1.0,,,,,,,,,,,,,,,,,,,,,,,,,,
22343,COMERICA INC,Comerica Q3 EPS $1.96 Beats $1.9 Estimate,0,increase,0.8,0.6,,123,28,2.0,,,,,,,,,,,,,,,,,,,,,,,,,,
22351,COMCAST CORP NEW,Starz Alerts Comcast Xfinity Customers Of Pending Loss Of Starz Channels,0,decrease,0.8,0.7,,125,29,0.0,,,,,,,,,,,,,,,,,,,,,,,,,,
22359,COMCAST CORP NEW,"UPDATE: Bernstein Initiates Comcast With Market Perform, $50 Target As Firm Notes 'Despite our bullishness on the Xfinity cable business, caution on NBCU's broadcast and cable network segments leaves us waiting for a ""juicier pitch"" in CMCSA'",0,uncertain,0.6,0.4,,164,29,1.0,,,,,,,,,,,,,,,,,,,,,,,,,,
22367,COMCAST CORP NEW,Comcast Business Has Signed An Access Agreement With Canadian Network Service Provider Itel Networks,0,increase,0.8,0.7,,127,28,2.0,,,,,,,,,,,,,,,,,,,,,,,,,,
22375,COMCAST CORP NEW,"Epix, The Pay TV Network Owned By Metro-Goldwyn-Mayer, Says It Has Expanded Its Existing Carriage Agreement With Comcast",0,increase,0.8,0.7,,138,28,2.0,,,,,,,,,,,,,,,,,,,,,,,,,,
22383,COMCAST CORP NEW,"Bernstein Initiates Coverage On Comcast with Market Perform Rating, Announces $50 Price Target",0,uncertain,0.6,0.3,,129,29,1.0,,,,,,,,,,,,,,,,,,,,,,,,,,
22391,CHIPOTLE MEXICAN GRILL INC,"Baird Maintains Outperform, $925 Tgt On Chipotle As Firm Sees 'potential for Q3 comps to come in above estimates, and we remain bullish about the opportunity for internal sales drivers to fuel a continuation of solid momentum into Q4 and well into 2020'",0,increase,0.9,0.8,,179,28,2.0,,,,,,,,,,,,,,,,,,,,,,,,,,
22399,CHIPOTLE MEXICAN GRILL INC,"UPDATE: KeyBanc On Chipotle Also Notes 'Based on our analysis of Key First Look Data for credit/debit card transactions, we now assume 3Q SSS growth of 10% (vs. 7.5% prior), which is above consensus's 9%",0,increase,0.8,0.7,,178,28,2.0,,,,,,,,,,,,,,,,,,,,,,,,,,
22407,CHIPOTLE MEXICAN GRILL INC,"UPDATE: KeyBanc Maintains Overweight On Chipotle, Raises Target To $870 'to reflect strong sales momentum'",0,increase,0.8,0.7,,145,28,2.0,,,,,,,,,,,,,,,,,,,,,,,,,,
22415,CHIPOTLE MEXICAN GRILL INC,"KeyBanc Maintains Overweight on Chipotle Mexican Grill, Raises Price Target to $870",0,increase,0.8,0.7,,140,28,2.0,,,,,,,,,,,,,,,,,,,,,,,,,,
22423,COMTECH TELECOMMUNICATIONS CORP,Comtech Telecommunications Corp. Wins Multiple Orders Totaling $7M For High-Performance Transmission Amplifiers,0,increase,0.8,0.7,,140,28,2.0,,,,,,,,,,,,,,,,,,,,,,,,,,
22431,CANADIAN NATIONAL RAILWAY CO,"Bank of America Upgrades Canadian National Railway to Buy, Raises Price Target to $100",0,increase,0.9,0.8,,134,28,2.0,,,,,,,,,,,,,,,,,,,,,,,,,,
22439,COHEN & STEERS INC,"Cohen & Steers Q3 Adj. EPS $0.65 Beats $0.63 Estimate, Sales $105M Miss $105.53M Estimate",0,uncertain,0.6,0.3,,145,29,1.0,,,,,,,,,,,,,,,,,,,,,,,,,,
22447,CANADIAN PACIFIC KANSAS CITY LTD,Bank of America Downgrades Canadian Pacific Railway to Neutral,0,decrease,0.8,0.7,,131,29,0.0,,,,,,,,,,,,,,,,,,,,,,,,,,
22455,COOPER STANDARD HOLDINGS INC,"Buckingham Downgrades Cooper-Standard Holdings to Neutral, Lowers Price Target to $32",0,decrease,0.8,0.7,,132,29,0.0,,,,,,,,,,,,,,,,,,,,,,,,,,
22463,CORMEDIX INC,"CorMedix Reports Completed Chemistry, Manufacturing, Controls Package For Neutrolin's New Drug Application",0,increase,0.8,0.7,,131,28,2.0,,,,,,,,,,,,,,,,,,,,,,,,,,
22471,C S X CORP,CSX Improves Operating Ratio In The Third Quarter,0,increase,0.8,0.7,,121,28,2.0,,,,,,,,,,,,,,,,,,,,,,,,,,
22479,C S X CORP,"CSX Q3 EPS $1.08 Beats $1.02 Estimate, Sales $2.98B Miss $2.99B Estimate",0,uncertain,0.6,0.3,,140,29,1.0,,,,,,,,,,,,,,,,,,,,,,,,,,
22487,COMMUNITY TRUST BANCORP INC,Community Trust Bancorp Q3 EPS $0.86 Down From $0.91 YoY,0,decrease,0.8,0.5,,138,29,0.0,,,,,,,,,,,,,,,,,,,,,,,,,,
22495,C T O REALTY GROWTH INC NEW,Consolidated-Tomoka Land Q3 EPS $0.31 Up From $0.05 YoY,0,increase,0.8,0.9,,143,28,2.0,,,,,,,,,,,,,,,,,,,,,,,,,,
22503,COGNIZANT TECHNOLOGY SOLS CORP,"Cognizant Reports Purchase Of Contino, No Terms Disclosed",0,uncertain,0.6,0.3,,135,29,1.0,,,,,,,,,,,,,,,,,,,,,,,,,,
22511,CENTRAL VALLEY COMM BANCORP,"Central Valley Community Q3 EPS $0.42, Inline YoY, Sales $16.205M Up From $15.907M YoY",0,uncertain,0.6,0.3,,149,29,1.0,,,,,,,,,,,,,,,,,,,,,,,,,,
22519,DUPONT DE NEMOURS INC,DuPont De Nemours shares are trading higher despite no company-specific news. This could potentially be a rebound after the stock dropped about 11% over the past month.,0,uncertain,0.6,0.4,,148,29,1.0,,,,,,,,,,,,,,,,,,,,,,,,,,
22527,DISCOVER FINANCIAL SERVICES,3 Ways To Pay For That New Kitchen,0,increase,0.8,0.6,,121,28,2.0,,,,,,,,,,,,,,,,,,,,,,,,,,
22535,DISH NETWORK CORP,UPDATE: Bernstein On Dish Also Notes 'A major equity or debt financing is one possible catalyst for underperformance. Would the FCC revoke a spectrum license? Would Big Tech be a benevolent strategic partner?',0,uncertain,0.7,0.5,,150,29,1.0,,,,,,,,,,,,,,,,,,,,,,,,,,
22543,DISH NETWORK CORP,"UPDATE: Bernstein Initiates Dish With Underperform,$29 Tgt Notes 'Bulls think DISH's spectrum portfolio is an appreciating asset; we think FCC network buildout requirements mean that DISH's debt and capital requirements that are rising faster than its EV'",0,decrease,0.8,0.7,,163,29,0.0,,,,,,,,,,,,,,,,,,,,,,,,,,
22551,DISH NETWORK CORP,"Bernstein Initiates Coverage On DISH Network with Underperform Rating, Announces $29 Price Target",0,decrease,0.8,0.7,,131,29,0.0,,,,,,,,,,,,,,,,,,,,,,,,,,
22559,DOMINOS PIZZA INC,"Citigroup Maintains Neutral on Domino's Pizza, Lowers Price Target to $285",0,decrease,0.8,0.7,,132,29,0.0,,,,,,,,,,,,,,,,,,,,,,,,,,
22567,EAGLE BANCORP INC,"Eagle Bancorp Q3 EPS $1.07, Inline",0,uncertain,0.6,0.3,,130,29,1.0,,,,,,,,,,,,,,,,,,,,,,,,,,
22575,LAUDER ESTEE COS INC,"Berenberg Reinstates Buy on Estee Lauder Cos, Announces $230 Price Target",0,increase,0.8,0.7,,135,28,2.0,,,,,,,,,,,,,,,,,,,,,,,,,,
22583,EASTMAN CHEMICAL CO,"Wells Fargo Initiates Coverage On Eastman Chemical with Outperform Rating, Announces $85 Price Target",0,increase,0.8,0.7,,134,28,2.0,,,,,,,,,,,,,,,,,,,,,,,,,,
22591,EARTHSTONE ENERGY INC,"SunTrust Robinson Humphrey Maintains Buy on Earthstone Energy, Lowers Price Target to $7",0,uncertain,0.6,0.4,,131,29,1.0,,,,,,,,,,,,,,,,,,,,,,,,,,
22599,EATON CORP PLC,"Oppenheimer Upgrades Eaton to Outperform, Announces $95 Price Target",0,increase,0.8,0.7,,129,28,2.0,,,,,,,,,,,,,,,,,,,,,,,,,,
22607,EDWARDS LIFESCIENCES CORP,"UBS Maintains Neutral on Edwards Lifesciences, Raises Price Target to $230",0,increase,0.8,0.7,,136,28,2.0,,,,,,,,,,,,,,,,,,,,,,,,,,
22615,ISHARES INC,"Trump, In Joint Press Conference With Italian Pres, Says Could Solve US, Euro Trade Problem Instantly With Tariffs But That Would Be Too Harsh",0,uncertain,0.7,0.3,,141,29,1.0,,,,,,,,,,,,,,,,,,,,,,,,,,
22623,ISHARES TRUST,Boris Johnson Will Go To Brussels Early Thursday If He Can Have Some Useful Meetings,0,uncertain,0.6,0.3,,129,29,1.0,,,,,,,,,,,,,,,,,,,,,,,,,,
22631,ISHARES TRUST,UK Government Source Tells Reuters No Further Movement Expected Tonight On Brexit Deal,0,uncertain,0.7,0.3,,126,29,1.0,,,,,,,,,,,,,,,,,,,,,,,,,,
22639,ISHARES TRUST,'EU27 ambassadors have been told that all issues have been agreed except for VAT' -Tweet From BuzzFeed News Europe Editor,0,uncertain,0.7,0.5,,137,29,1.0,,,,,,,,,,,,,,,,,,,,,,,,,,
22647,ISHARES TRUST,"'Just as Barnier arrives to see ambassadors,  government source has just told me there will not be a deal tonight' -BBC Political Editor Laura Kuenssberg",0,uncertain,0.7,0.5,,147,29,1.0,,,,,,,,,,,,,,,,,,,,,,,,,,
22655,ISHARES TRUST,Macron Says Hopes Brexit Deal Can Be Agreed On In Next Few Hours,0,uncertain,0.6,0.3,,129,29,1.0,,,,,,,,,,,,,,,,,,,,,,,,,,
22663,ISHARES TRUST,UPDATE: Macron Says Hopes A Brexit Deal Could Be Signed Off Thurs.,0,uncertain,0.6,0.3,,127,29,1.0,,,,,,,,,,,,,,,,,,,,,,,,,,
22671,ISHARES TRUST,French Pres Macron Says Brexit Deal Is Being Finalized,0,uncertain,0.6,0.3,,123,29,1.0,,,,,,,,,,,,,,,,,,,,,,,,,,
22679,ISHARES TRUST,UK PM Johnson's Spokesman Says PM Told Cabinet There Is A Chance Of Securing A Good Deal But Said Said We Are Not There Yet On Brexit Deal; Told Cabinet There Remain Outstanding Issues,0,uncertain,0.7,0.5,,154,29,1.0,,,,,,,,,,,,,,,,,,,,,,,,,,
22687,ISHARES TRUST,Hearing European Council President Donald Tusk Says It Should Be Known In Seven To Eight Hours When Brexit Could Happen,0,uncertain,0.7,0.3,,136,29,1.0,,,,,,,,,,,,,,,,,,,,,,,,,,
22695,ISHARES TRUST,"Leader Of Northern Ireland's Democractic Unionist Party Arlene Foster Says Northern Ireland's DUP Has Said EU Sources Are Talking Nonsense, Talks Continue",0,uncertain,0.6,0.3,,142,29,1.0,,,,,,,,,,,,,,,,,,,,,,,,,,
22703,ISHARES TRUST,UPDATE: RTE Reporter Has 2 Senior EU Sources Have Indicated Main Stumbling Block To Brexit Deal Have Beren Removed,0,uncertain,0.7,0.3,,137,29,1.0,,,,,,,,,,,,,,,,,,,,,,,,,,
22711,ISHARES TRUST,Hearing Reporter For UK Publication RTE Says DUP Has Accepted Latest Brexit Proposals On Consent,0,uncertain,0.6,0.3,,130,29,1.0,,,,,,,,,,,,,,,,,,,,,,,,,,
22719,ISHARES TRUST,BBC Political Editor Says Sees No Imminent Breakthrough Following DUP Meeting,0,uncertain,0.7,0.3,,127,29,1.0,,,,,,,,,,,,,,,,,,,,,,,,,,
22727,ISHARES TRUST,"Spokesperson For UK Prime Minister Boris Johnson Says Overnight Talks Were Constructive, But Still Work To Do",0,uncertain,0.7,0.3,,134,29,1.0,,,,,,,,,,,,,,,,,,,,,,,,,,
22735,ISHARES TRUST,"EU Commissioner for Migration, Home Affairs and Citizenship Dmitris Avramopoulos Says Brexit Negotiator Michel Barnier Sees 'Still A Number Of Significant Issues [On Brexit Deal] To Resolve'",0,uncertain,0.7,0.5,,150,29,1.0,,,,,,,,,,,,,,,,,,,,,,,,,,
22743,ISHARES TRUST,Michel Barnier Has Told EU Commissioners He is Optimistic of Getting a Deal Done Today,0,increase,0.8,0.7,,132,28,2.0,,,,,,,,,,,,,,,,,,,,,,,,,,
22751,ISHARES TRUST,"UK Government Source Says Talks Between Britain, EU Are Starting Again Now, There is More Work Still to Do",0,uncertain,0.7,0.3,,134,29,1.0,,,,,,,,,,,,,,,,,,,,,,,,,,
22759,ISHARES INC,Mexican Billionaire Carlos Slim Says New North America Free Trade Agreement Will Be Very Important Because It Will Be Modernized,0,increase,0.8,0.7,,134,28,2.0,,,,,,,,,,,,,,,,,,,,,,,,,,
22767,ISHARES INC,Mexican Billionaire Carlos Slim Says Reduced Inflation Is Beneficial For Minimum Wage,0,uncertain,0.6,0.3,,127,29,1.0,,,,,,,,,,,,,,,,,,,,,,,,,,
22775,DIAMONDBACK ENERGY INC,"SunTrust Robinson Humphrey Maintains Buy on Diamondback Energy, Lowers Price Target to $125",0,uncertain,0.6,0.4,,135,29,1.0,,,,,,,,,,,,,,,,,,,,,,,,,,
22783,FIRST COMMUNITY CORP SC,First Community Q3 EPS $0.39 Up From $0.37 YoY,0,increase,0.8,0.1,,130,28,2.0,,,,,,,,,,,,,,,,,,,,,,,,,,
22791,FREEPORT MCMORAN INC,Freeport-McMoRan Option Alert: Jun 19 $13 Calls Sweep (17) near the Ask: 1300 @ $0.39 vs 228 OI; Earnings 10/23 Before Open Ref=$9.51,0,increase,0.8,0.7,,166,28,2.0,,,,,,,,,,,,,,,,,,,,,,,,,,
22799,FIRST HORIZON CORP,First Horizon National Q3 Sales $472.411M Beat $465.8M Estimate,0,increase,0.8,0.6,,131,28,2.0,,,,,,,,,,,,,,,,,,,,,,,,,,
22807,FIRST HORIZON CORP,First Horizon National Q3 Adj. EPS $0.43 Beats $0.42 Estimate,0,increase,0.8,0.6,,131,28,2.0,,,,,,,,,,,,,,,,,,,,,,,,,,
22815,F M C CORP,Baird Upgrades FMC On Prospects Of Above-Market Revenue Growth For Several Years,0,increase,0.8,0.7,,130,28,2.0,,,,,,,,,,,,,,,,,,,,,,,,,,
22823,F M C CORP,"UPDATE: Baird On FMC Also Notes 'While there are some near-term risks (higher costs, FX), we like FMC's product portfolio and market positioning, and think shares will move higher with execution'",0,increase,0.8,0.7,,153,28,2.0,,,,,,,,,,,,,,,,,,,,,,,,,,
22831,F M C CORP,"UPDATE: Baird Upgrades FMC To Outperform, Raises Target To $95 As Firm Believes Co. 'is well positioned for top-line and adj. EBITDA growth in 2020+, driven by new product introductions, share gains in key markets, and operating leverage'",0,increase,0.9,0.8,,169,28,2.0,,,,,,,,,,,,,,,,,,,,,,,,,,
22839,F M C CORP,"Wells Fargo Initiates Coverage On FMC with Outperform Rating, Announces $100 Price Target",0,increase,0.8,0.7,,131,28,2.0,,,,,,,,,,,,,,,,,,,,,,,,,,
22847,F M C CORP,"Baird Upgrades FMC to Outperform, Raises Price Target to $95",0,increase,0.9,0.8,,128,28,2.0,,,,,,,,,,,,,,,,,,,,,,,,,,
22855,FOX CORP,This Day In Market History: Disney's Predecessor Cartoon Studio Kicks Off,0,uncertain,0.6,0.3,,123,29,1.0,,,,,,,,,,,,,,,,,,,,,,,,,,
22863,GENTEX CORP,"Guggenheim Initiates Coverage On Gentex with Buy Rating, Announces $29 Price Target",0,increase,0.8,0.7,,130,28,2.0,,,,,,,,,,,,,,,,,,,,,,,,,,
22871,G S K PLC,New Street Upgrades GlaxoSmithKline to Hold,0,uncertain,0.6,0.3,,121,29,1.0,,,,,,,,,,,,,,,,,,,,,,,,,,
22879,HERITAGE CRYSTAL CLEAN INC,"Heritage-Crystal Clean Q3 Adj. EPS $0.28 Misses $0.31 Estimate, Sales $104.84M Beat $104.06M Estimate",0,uncertain,0.6,0.3,,155,29,1.0,,,,,,,,,,,,,,,,,,,,,,,,,,
22887,SCHEIN HENRY INC,Henry Schein Reports US FTC Judge Dismissed Claims Against Co.,0,uncertain,0.6,0.3,,128,29,1.0,,,,,,,,,,,,,,,,,,,,,,,,,,
22895,SCHEIN HENRY INC,'Administrative Law Judge Partially Rules in Favor of FTC's Complaint that Dental Products Distributors Conspired Not to Provide Discounts to Buying Groups' -FTC,0,decrease,0.8,0.7,,148,29,0.0,,,,,,,,,,,,,,,,,,,,,,,,,,
22903,HOMETRUST BANCSHARES INC,HomeTrust Bancshares Reports 889.1K Share Buyback,0,increase,0.8,0.7,,136,28,2.0,,,,,,,,,,,,,,,,,,,,,,,,,,
22911,H WORLD GROUP LTD,Daiwa Capital Downgrades Huazhu Group to Sell,0,decrease,0.8,0.7,,121,29,0.0,,,,,,,,,,,,,,,,,,,,,,,,,,
22919,HUNTSMAN CORP,"Wells Fargo Initiates Coverage On Huntsman with Outperform Rating, Announces $28 Price Target",0,increase,0.8,0.7,,133,28,2.0,,,,,,,,,,,,,,,,,,,,,,,,,,
22927,HEXCEL CORP NEW,"Wells Fargo Initiates Coverage On Hexcel with Market Perform Rating, Announces $85 Price Target",0,uncertain,0.6,0.3,,131,29,1.0,,,,,,,,,,,,,,,,,,,,,,,,,,
22935,INTERNATIONAL BUSINESS MACHS COR,IBM Shares Fall After Q3 Sales Miss,0,decrease,0.8,0.7,,121,29,0.0,,,,,,,,,,,,,,,,,,,,,,,,,,
22943,INTERNATIONAL BUSINESS MACHS COR,International Business Machines Corporation shares are trading lower after the company reported worse-than-expected Q3 sales results. The company reaffirmed FY19 EPS guidance below analyst estimates.,0,decrease,0.8,0.7,,145,29,0.0,,,,,,,,,,,,,,,,,,,,,,,,,,
22951,INTERNATIONAL BUSINESS MACHS COR,"IBM Reaffirms FY19 Guidance: Adj. EPS At Least $12.80 vs $12.81 Estimate, Free Cash Flow ~$12B",0,uncertain,0.6,0.3,,144,29,1.0,,,,,,,,,,,,,,,,,,,,,,,,,,
22959,INTERNATIONAL BUSINESS MACHS COR,"IBM Q3 Adj. EPS $2.68 Beats $2.67 Estimate, Sales $18.03B Miss $18.22B Estimate",0,uncertain,0.6,0.3,,143,29,1.0,,,,,,,,,,,,,,,,,,,,,,,,,,
22967,INTERNATIONAL FLAVORS & FRAG INC,"Wells Fargo Initiates Coverage On Intl Flavors & Fragrances with Market Perform Rating, Announces $125 Price Target",0,increase,0.8,0.7,,141,28,2.0,,,,,,,,,,,,,,,,,,,,,,,,,,
22975,INCYTE CORP,Incyte Reports REACH2 Trial Of Jakai Met Primary Endpoint,0,increase,0.8,0.7,,123,28,2.0,,,,,,,,,,,,,,,,,,,,,,,,,,
22983,INGREDION INC,Ingredion Late Tuesday Issued A Statement On Malware,0,uncertain,0.6,0.3,,123,29,1.0,,,,,,,,,,,,,,,,,,,,,,,,,,
22991,INTERNATIONAL PAPER CO,International Paper Option Alert: Fri $42.5 Calls Sweep (27) near the Ask: 680 @ $0.455 vs 1724 OI; Earnings 10/31 Before Open Ref=$42.37,0,uncertain,0.6,0.3,,155,29,1.0,,,,,,,,,,,,,,,,,,,,,,,,,,
22999,INTERNATIONAL PAPER CO,International Paper Option Alert: Fri $42.5 Calls Sweep (3) near the Bid: 1530 @ $0.43 vs 1724 OI; Earnings 10/31 Before Open Ref=$42.4,0,uncertain,0.6,0.3,,156,29,1.0,,,,,,,,,,,,,,,,,,,,,,,,,,
23007,IROBOT CORP,SharkNinja Sues iRobot For Judgment That It Does Not Infringe iRobot Patents,0,uncertain,0.6,0.3,,132,29,1.0,,,,,,,,,,,,,,,,,,,,,,,,,,
23015,IROBOT CORP,"JP Morgan Maintains Neutral on iRobot, Lowers Price Target to $69",0,decrease,0.8,0.7,,127,29,0.0,,,,,,,,,,,,,,,,,,,,,,,,,,
23023,ILLINOIS TOOL WORKS INC,"Morgan Stanley Maintains Underweight on Illinois Tool Works, Lowers Price Target to $136",0,decrease,0.8,0.7,,136,29,0.0,,,,,,,,,,,,,,,,,,,,,,,,,,
23031,HUNT J B TRANSPORT SERVICES INC,JB Hunt Sees Some Cost Headwinds From Digital Transformation,0,uncertain,0.7,0.3,,129,29,1.0,,,,,,,,,,,,,,,,,,,,,,,,,,
23039,HUNT J B TRANSPORT SERVICES INC,JB Hunt shares are trading higher after the company reported better-than-expected Q3 sales despite missing on EPS.,0,uncertain,0.6,0.4,,138,29,1.0,,,,,,,,,,,,,,,,,,,,,,,,,,
23047,HUNT J B TRANSPORT SERVICES INC,"UBS Maintains Neutral on JB Hunt Transport Servs, Raises Price Target to $114",0,increase,0.8,0.7,,135,28,2.0,,,,,,,,,,,,,,,,,,,,,,,,,,
23055,HUNT J B TRANSPORT SERVICES INC,"Morgan Stanley Maintains Equal-Weight on JB Hunt Transport Servs, Lowers Price Target to $86",0,decrease,0.8,0.7,,139,29,0.0,,,,,,,,,,,,,,,,,,,,,,,,,,
23063,JABIL INC,Jabil Inc Names Kathleen A. Walters To Its Board Of Directors,0,uncertain,0.6,0.3,,122,29,1.0,,,,,,,,,,,,,,,,,,,,,,,,,,
23071,JABIL INC,"JP Morgan Maintains Overweight on Jabil, Raises Price Target to $38",0,increase,0.8,0.7,,125,28,2.0,,,,,,,,,,,,,,,,,,,,,,,,,,
23079,JOHNSON & JOHNSON,"Analysts, Investors Like Johnson & Johnson's Improvement, But Lawsuits Loom",0,uncertain,0.7,0.4,,135,29,1.0,,,,,,,,,,,,,,,,,,,,,,,,,,
23087,JOHNSON & JOHNSON,"Credit Suisse Maintains Outperform on Johnson & Johnson, Raises Price Target to $158",0,increase,0.8,0.7,,137,28,2.0,,,,,,,,,,,,,,,,,,,,,,,,,,
23095,JOHNSON & JOHNSON,"Wells Fargo Maintains Outperform on Johnson & Johnson, Lowers Price Target to $155",0,uncertain,0.6,0.4,,138,29,1.0,,,,,,,,,,,,,,,,,,,,,,,,,,
23103,JOHNSON & JOHNSON,Johnson & Johnson shares are trading higher after it was reported the company has offered $4 billion to settle opioid claims. Atlantic Equities analysts also upgraded the company's stock from Underweight to Neutral.,0,increase,0.8,0.7,,157,28,2.0,,,,,,,,,,,,,,,,,,,,,,,,,,
23111,JOHNSON & JOHNSON,Atlantic Equities Upgrades Johnson & Johnson to Neutral,0,uncertain,0.6,0.3,,129,29,1.0,,,,,,,,,,,,,,,,,,,,,,,,,,
23119,JOHNSON & JOHNSON,J&J Makes $4B Offer to Settle Opioid Claims,0,uncertain,0.6,0.3,,134,29,1.0,,,,,,,,,,,,,,,,,,,,,,,,,,
23127,KINDER MORGAN INC,"Kinder Morgan Q3 EPS $0.22 Misses $0.24 Estimate, Sales $3.21B Miss $3.45B Estimate",0,decrease,0.8,0.7,,144,29,0.0,,,,,,,,,,,,,,,,,,,,,,,,,,
23135,KROGER CO,Tosca To Acquire Reusable Packaging Provider Polymer Logistics,0,uncertain,0.6,0.3,,121,29,1.0,,,,,,,,,,,,,,,,,,,,,,,,,,
23143,LIFETIME BRANDS INC,"DA Davidson Initiates Coverage On Lifetime Brands with Neutral Rating, Announces $9 Price Target",0,uncertain,0.6,0.3,,131,29,1.0,2019-10-16,76686.0,5.904525890946388,4.145727686800216,2.386929287131223,-3.3088233321905136,-4.594928251723718,-1.9875815708892075,0.8872,0.5565,0.6937,-0.24,0.4,0.23,0.007,1.046688,4.96,-3.2148,1.7745,-0.1301,-1.0296,-1.2195,-2.4207,0.1197,2.3915,-1.068
23151,LILLY ELI & CO,Eli Lilly And Co shares are trading lower after the company reported that its Phase 3 study in patients with Metastatic pancreatic cancer did not meet its primary endpoint.,0,decrease,0.8,0.7,,148,29,0.0,2019-10-16,50876.0,0.4724429454654455,-0.5094908887023464,4.418716424435831,1.668206974864006,1.236615214239034,2.6000736358013254,-1.5953,-1.2312,0.5972,-0.24,0.4,0.23,0.007,-1.458972,0.4896,0.589,-0.9281,2.3607,-2.3333,-0.1255,2.0141,2.2016,-0.8238,0.2672
23159,LILLY ELI & CO,Eli Lilly Reports Phase 3 Study In Patients With Metastatic Pancreatic Cancer Did Not Meet Primary Endpoint,0,decrease,0.8,0.9,,138,29,0.0,2019-10-16,50876.0,0.4724429454654455,-0.5094908887023464,4.418716424435831,1.668206974864006,1.236615214239034,2.6000736358013254,-1.5953,-1.2312,0.5972,-0.24,0.4,0.23,0.007,-1.458972,0.4896,0.589,-0.9281,2.3607,-2.3333,-0.1255,2.0141,2.2016,-0.8238,0.2672
23167,LOUISIANA PACIFIC CORP,Louisiana-Pacific shares are trading higher on seemingly no company-specific news.,0,uncertain,0.7,0.3,,130,29,1.0,2019-10-16,56223.0,1.3579804450273514,9.166353400606408,10.07167125423354,0.0,0.4821246955543756,3.006587849895448,5.9976,5.8124,0.7282,-0.24,0.4,0.23,0.007,6.165368000000001,0.4613,2.6976,-1.4772,3.7804,2.1329,-0.2204,2.1906,-2.53,-0.8451,1.328
23175,LAM RESH CORP,Lam Research shares are trading lower. Not seeing any news to justify the price action.,0,uncertain,0.7,0.5,,130,29,1.0,2019-10-16,48486.0,0.5708006676286459,-0.6730285233270461,18.231386924167506,2.4420198053121567,2.0920354641920547,3.1668264770930543,-3.0118,-2.7601,1.4819,-0.24,0.4,0.23,0.007,-2.663144,-0.105,-0.2788,0.9221,-1.0833,-1.1086,13.6089,0.864,3.149,-1.523,-0.0545
23183,LYONDELLBASELL INDUSTRIES N V,"Wells Fargo Initiates Coverage On LyondellBasell Industries with Outperform Rating, Announces $105 Price Target",0,increase,0.8,0.7,,147,28,2.0,2019-10-16,12345.0,-0.0462617550510913,2.035861353044033,6.0497437374882335,-0.194581423420459,-0.9878536647827784,3.9084827610241346,-0.8601,-0.9336,1.1849,-0.24,0.4,0.23,0.007,-0.582724,-0.5536,-0.363,0.971,-0.4481,-0.2345,0.7193,2.0116,-0.0813,-0.067,0.8262
23191,MARTIN MARIETTA MATERIALS INC,"SunTrust Robinson Humphrey Maintains Buy on Martin Marietta Materials, Raises Price Target to $285",0,increase,0.8,0.7,,139,28,2.0,2019-10-16,80204.0,0.1387568423524499,-0.9713093560825948,0.0750092996183893,0.0413914473028853,0.1506965721940423,-0.7615666767162077,0.3085,0.2449,0.6239,-0.24,0.4,0.23,0.007,0.4512359999999999,-0.4265,-0.1226,0.4942,-0.3533,-1.5296,0.3804,0.8413,-0.2267,-0.45,-0.3476
23199,MOLINA HEALTHCARE INC,Molina Health Reports Purchase Of Certain Assets Of YourCare Health Plan For $40M In Cash,0,increase,0.8,0.7,,134,28,2.0,2019-10-16,89781.0,2.9661016538739204,3.262710415095227,4.983048339309981,4.399222135543823,3.598202540167539,3.9097727077352262,0.4512,0.6547,0.9799,-0.24,0.4,0.23,0.007,0.679376,1.8954,2.6049,-1.7048,3.1156,-1.8135,-1.9821,0.5907,0.9827,0.6958,-1.6266
23207,MOLINA HEALTHCARE INC,Molina Healthcare Acquires Certain Assets of YourCare Health Plan fot $40M,0,increase,0.8,0.7,,131,28,2.0,2019-10-16,89781.0,2.9661016538739204,3.262710415095227,4.983048339309981,4.399222135543823,3.598202540167539,3.9097727077352262,0.4512,0.6547,0.9799,-0.24,0.4,0.23,0.007,0.679376,1.8954,2.6049,-1.7048,3.1156,-1.8135,-1.9821,0.5907,0.9827,0.6958,-1.6266
23215,MICROSTRATEGY INC,"MicroStrategy Reports Partnership With DataRobot, No Terms Disclosed",0,uncertain,0.6,0.3,,121,29,1.0,2019-10-16,86211.0,0.2161617390811443,-0.5648124281220746,6.973014453457171,0.1667293487116694,0.0208108035884446,0.4598581388659983,-0.534,-0.7025,0.6664,-0.24,0.4,0.23,0.007,-0.381064,-0.7338,0.2872,0.0215,-0.6018,-0.3717,1.3765,0.2415,-0.3714,0.2066,4.6323
23223,MICRON TECHNOLOGY INC,Micron Technology shares are trading lower despite no company-specific news. The stock has dropped approximately 11% over the past month.,0,uncertain,0.7,0.5,,136,29,1.0,2019-10-16,53613.0,0.7528789807111025,-1.1071745948065814,6.023031772647447,3.555508702993393,3.0044421252884757,7.335959294593719,-2.7876,-2.6582,1.8373,-0.24,0.4,0.23,0.007,-2.353648,-0.5806,-3.187,2.6199,-0.698,-0.3707,5.0772,0.8168,-0.0275,-1.0998,-0.9072
23231,NABORS INDUSTRIES LTD,Nabors Industries shares are trading higher. Not seeing any news to justify the price action.,0,uncertain,0.6,0.3,,133,29,1.0,2019-10-16,29102.0,-5.464481934905052,-4.371586863625209,3.2786857379915046,0.0,-2.247188985347748,7.407407520370102,5.1724,3.6446,1.9388,-0.24,0.4,0.23,0.007,5.630712,-8.0243,-5.0389,2.5288,-0.3045,-2.6647,0.6676,0.189,-3.6758,2.4629,9.6333
23239,NEPTUNE WELLNESS SOLUTIONS INC,"Neptune Wellness Solutions Reports Its Sherbrooke, Quebec Facility Began Processing Biomass Using Its New Cold Ethanol Equipment",0,increase,0.8,0.7,,141,28,2.0,2019-10-16,92222.0,1.4326633885502815,5.444127718704483,4.872042769221707e-08,4.20420728623867,3.2738134101635064,2.967363215665708,0.5764,0.3698,1.1866,-0.24,0.4,0.23,0.007,0.854184,-0.2734,1.3583,-3.7134,-1.4101,9.4984,-5.4713,-1.2565,-0.4284,-3.0722,1.7608
23247,NETFLIX INC,"Netflix Trades Higher After Q3 Earnings Beat, Subscriber Growth",0,increase,0.9,0.8,,121,28,2.0,2019-10-16,89393.0,2.4696126580238342,-5.243122287247504,1.8059287183189057,-0.4482887219637632,0.4665491004232081,1.344120399103832,0.7142,1.1084,1.4536,-0.24,0.4,0.23,0.007,1.056064,1.456,-4.6869,0.1767,-3.0179,1.595,-0.9094,1.1763,0.6604,0.2423,2.4884
23255,NETFLIX INC,Netflix Says Starting Q4'19 In Jan. 2020 Will Start Reporting Sales Results By Region,0,uncertain,0.7,0.3,,129,29,1.0,2019-10-16,89393.0,2.4696126580238342,-5.243122287247504,1.8059287183189057,-0.4482887219637632,0.4665491004232081,1.344120399103832,0.7142,1.1084,1.4536,-0.24,0.4,0.23,0.007,1.056064,1.456,-4.6869,0.1767,-3.0179,1.595,-0.9094,1.1763,0.6604,0.2423,2.4884
23263,NETFLIX INC,"Netflix Says There May Be Some Modest Headwind To Near-Term Growth Due To Launch Of Disney+, Apple TV+, HBO Max, Peacock Services",0,decrease,0.8,0.7,,139,29,0.0,2019-10-16,89393.0,2.4696126580238342,-5.243122287247504,1.8059287183189057,-0.4482887219637632,0.4665491004232081,1.344120399103832,0.7142,1.1084,1.4536,-0.24,0.4,0.23,0.007,1.056064,1.456,-4.6869,0.1767,-3.0179,1.595,-0.9094,1.1763,0.6604,0.2423,2.4884
23271,NETFLIX INC,"Netflix Sees Q4 EPS $0.51, Sales $5.442B vs $5.52B Estiamte, Global Streaming Paid Memberships 165.93M, Up 19.2%, Global Stream Paid Net Adds 7.6M",0,uncertain,0.6,0.3,,163,29,1.0,2019-10-16,89393.0,2.4696126580238342,-5.243122287247504,1.8059287183189057,-0.4482887219637632,0.4665491004232081,1.344120399103832,0.7142,1.1084,1.4536,-0.24,0.4,0.23,0.007,1.056064,1.456,-4.6869,0.1767,-3.0179,1.595,-0.9094,1.1763,0.6604,0.2423,2.4884
23279,NETFLIX INC,"Netflix Sees Q4 US Paid Net Adds 600K, Paid Memberships 61.22M; Sees International Paid Net Adds 7M, Paid Memberships 104.71M",0,increase,0.8,0.7,,149,28,2.0,2019-10-16,89393.0,2.4696126580238342,-5.243122287247504,1.8059287183189057,-0.4482887219637632,0.4665491004232081,1.344120399103832,0.7142,1.1084,1.4536,-0.24,0.4,0.23,0.007,1.056064,1.456,-4.6869,0.1767,-3.0179,1.595,-0.9094,1.1763,0.6604,0.2423,2.4884
23287,NETFLIX INC,"Netflix Sees Q4 US Streaming Sales ~$2.455B, Int'l. Streaming $2.918B",0,increase,0.8,0.7,,133,28,2.0,2019-10-16,89393.0,2.4696126580238342,-5.243122287247504,1.8059287183189057,-0.4482887219637632,0.4665491004232081,1.344120399103832,0.7142,1.1084,1.4536,-0.24,0.4,0.23,0.007,1.056064,1.456,-4.6869,0.1767,-3.0179,1.595,-0.9094,1.1763,0.6604,0.2423,2.4884
23295,NETFLIX INC,Netflix Q3 Adj. EBITDA $1.107B vs $584.145M In Same Qtr. Last Year,0,increase,0.8,0.9,,135,28,2.0,2019-10-16,89393.0,2.4696126580238342,-5.243122287247504,1.8059287183189057,-0.4482887219637632,0.4665491004232081,1.344120399103832,0.7142,1.1084,1.4536,-0.24,0.4,0.23,0.007,1.056064,1.456,-4.6869,0.1767,-3.0179,1.595,-0.9094,1.1763,0.6604,0.2423,2.4884
23303,NETFLIX INC,Netflix Reports Q3 Paid Net Adds 6.8M vs Co.'s 7M Forecast And 6.1M Last Year,0,uncertain,0.7,0.3,,137,29,1.0,2019-10-16,89393.0,2.4696126580238342,-5.243122287247504,1.8059287183189057,-0.4482887219637632,0.4665491004232081,1.344120399103832,0.7142,1.1084,1.4536,-0.24,0.4,0.23,0.007,1.056064,1.456,-4.6869,0.1767,-3.0179,1.595,-0.9094,1.1763,0.6604,0.2423,2.4884
23311,NETFLIX INC,"Netflix Q3 EPS $1.47 Beats $1.04 Estimate, Sales $5.245B Miss $5.25B Estimate",0,uncertain,0.6,0.3,,137,29,1.0,2019-10-16,89393.0,2.4696126580238342,-5.243122287247504,1.8059287183189057,-0.4482887219637632,0.4665491004232081,1.344120399103832,0.7142,1.1084,1.4536,-0.24,0.4,0.23,0.007,1.056064,1.456,-4.6869,0.1767,-3.0179,1.595,-0.9094,1.1763,0.6604,0.2423,2.4884
23319,NETFLIX INC,"SunTrust On Netflix Also Notes 'Our data work suggests mid-to-high 5m is very reasonable for Int'l, 0.8m very reasonable for Domestic'; Net-Net Firm Expects 'neutral numbers revision, confident tone from company, against cautious sentiment'",0,increase,0.8,0.7,,162,28,2.0,2019-10-16,89393.0,2.4696126580238342,-5.243122287247504,1.8059287183189057,-0.4482887219637632,0.4665491004232081,1.344120399103832,0.7142,1.1084,1.4536,-0.24,0.4,0.23,0.007,1.056064,1.456,-4.6869,0.1767,-3.0179,1.595,-0.9094,1.1763,0.6604,0.2423,2.4884
23327,NETFLIX INC,"SunTrust Maintains Buy, $402 Target On Netflix As Firm Thinks 'investor expectation is for a 3Q Int'l sub adds miss (vs consensus 6.0m) with Domestic in-line (vs 0.8m)'",0,uncertain,0.6,0.4,,160,29,1.0,2019-10-16,89393.0,2.4696126580238342,-5.243122287247504,1.8059287183189057,-0.4482887219637632,0.4665491004232081,1.344120399103832,0.7142,1.1084,1.4536,-0.24,0.4,0.23,0.007,1.056064,1.456,-4.6869,0.1767,-3.0179,1.595,-0.9094,1.1763,0.6604,0.2423,2.4884
23335,N I O INC,Report Suggests China Has Halted Deal Talks With Nio: 'Risks Assessed Too Big',0,decrease,0.8,0.7,,130,29,0.0,2019-10-16,18087.0,0.0,4.794515528249743,-2.0548011481655193,1.3071883469820025,-0.6410249991201211,1.3071884152182631,-5.8064,-6.2639,1.3934,-0.24,0.4,0.23,0.007,-5.478984,-2.1265,5.6582,9.9303,-6.3827,-3.3184,0.6027,-3.1969,-3.4204,-6.3625,2.8911
23343,N I O INC,NIO Shares Down 3% Premarket; Hearing 'No deal for NIO as district government stops discussion',0,decrease,0.8,0.7,,131,29,0.0,2019-10-16,18087.0,0.0,4.794515528249743,-2.0548011481655193,1.3071883469820025,-0.6410249991201211,1.3071884152182631,-5.8064,-6.2639,1.3934,-0.24,0.4,0.23,0.007,-5.478984,-2.1265,5.6582,9.9303,-6.3827,-3.3184,0.6027,-3.1969,-3.4204,-6.3625,2.8911
23351,N I O INC,NIO shares are trading lower despite no company-specific news. The stock has dropped approximately 53% over the past month.,0,uncertain,0.7,0.8,,133,29,1.0,2019-10-16,18087.0,0.0,4.794515528249743,-2.0548011481655193,1.3071883469820025,-0.6410249991201211,1.3071884152182631,-5.8064,-6.2639,1.3934,-0.24,0.4,0.23,0.007,-5.478984,-2.1265,5.6582,9.9303,-6.3827,-3.3184,0.6027,-3.1969,-3.4204,-6.3625,2.8911
23359,NEKTAR THERAPEUTICS,"Nektar Therapeutics Initiates First-In-Human Phase 1 Clinical Study Of NKTR-255, An IL-15 Agonist, In Adults With Relapsed Or Refractory Non-Hodgkin Lymphoma Or Multiple Myeloma",0,increase,0.9,0.8,,169,28,2.0,2019-10-16,80539.0,1.3112857937812803,-4.389968247402177,0.0570029428277774,8.979207277297974,1.1995313006035513,7.2225725202421875,1.4166,1.1164,1.5004,-0.24,0.4,0.23,0.007,1.7696960000000002,-0.2676,-1.9131,1.2272,-3.1461,-2.8546,-1.6274,0.0773,4.8277,-0.8246,-0.0635
23367,SERVICENOW INC,"ServiceNow Shares Tick Higher From Near Session Lows; Hearing Macquarie Defended Co./Stock, Sees Recent Downside As Buying Opportunity",0,increase,0.8,0.7,,140,28,2.0,2019-10-16,13447.0,-0.1139075146056711,-13.586021426839524,-1.826398009925012,1.7814680933952332,1.4463817301325843,4.202446051628228,-7.1616,-6.5677,1.4261,-0.24,0.4,0.23,0.007,-6.8263359999999995,-1.1204,-2.5696,-1.4115,-3.5677,-3.6382,6.4662,0.8347,0.2149,-0.5726,1.614
23375,SERVICENOW INC,Morgan Stanley Downgrades ServiceNow to Equal-Weight,0,decrease,0.8,0.7,,122,29,0.0,2019-10-16,13447.0,-0.1139075146056711,-13.586021426839524,-1.826398009925012,1.7814680933952332,1.4463817301325843,4.202446051628228,-7.1616,-6.5677,1.4261,-0.24,0.4,0.23,0.007,-6.8263359999999995,-1.1204,-2.5696,-1.4115,-3.5677,-3.6382,6.4662,0.8347,0.2149,-0.5726,1.614
23383,SERVICENOW INC,ServiceNow shares are trading lower after Morgan Stanley downgraded the company's stock from overweight to equal weight.,0,decrease,0.8,0.7,,131,29,0.0,2019-10-16,13447.0,-0.1139075146056711,-13.586021426839524,-1.826398009925012,1.7814680933952332,1.4463817301325843,4.202446051628228,-7.1616,-6.5677,1.4261,-0.24,0.4,0.23,0.007,-6.8263359999999995,-1.1204,-2.5696,-1.4115,-3.5677,-3.6382,6.4662,0.8347,0.2149,-0.5726,1.614
23391,NORFOLK SOUTHERN CORP,Nasty Nor'easter Still On Track To Slam New England,0,uncertain,0.6,0.3,,133,29,1.0,2019-10-16,64311.0,1.4243923127651217,2.0648098303152507,2.13106626368067,1.2154215015470982,1.2380990218141097,5.051739483867368,0.2324,0.4356,1.1172,-0.24,0.4,0.23,0.007,0.4935279999999999,1.1998,-0.8248,1.4202,1.5171,-2.5787,-0.8317,2.1886,-0.8783,-1.5061,0.1113
23399,NOVARTIS A G,Novartis Reports Jakavi Phase 3 Trial Met Primary Endpoint,0,increase,0.8,0.7,,126,28,2.0,2019-10-16,88233.0,0.2643716754391789,-0.425290534216971,0.7011500765715439,0.8960742503404617,0.1154716274312184,0.8960742439242608,0.346,0.564,0.4462,-0.24,0.4,0.23,0.007,0.4460879999999999,0.1996,-0.1302,-0.5935,0.8129,-0.4783,0.3828,-0.086,-0.6903,1.8845,-1.2533
23407,NYMOX PHARMACEUTICAL CORP,"Nymox Pharmaceutical Granted European Patent Number Ep3432907 Titled ""Neural Thread Peptide For Preventing Or Reducing The Progression Of Prostate Cancer",0,increase,0.8,0.7,,154,28,2.0,2019-10-16,85706.0,-6.48648664355278,6.4864870933868835,8.102700696719968,1.0526305995881555,-1.5384661027716406,-6.341463175795658,-3.6458,-4.2045,0.6033,-0.24,0.4,0.23,0.007,-3.508008,-8.0981,3.5534,3.1367,-1.5236,7.5498,10.6542,-4.0133,-1.2027,-4.3344,0.1004
23415,REALTY INCOME CORP,Realty Income Announces 592nd Consecutive Common Stock Monthly Dividend,0,increase,0.9,0.8,,128,28,2.0,2019-10-16,81045.0,-0.0127253646496683,2.162855740093539,4.249369031851025,0.1410806784406304,0.2439368902014571,-0.8256083825334493,0.666,0.9636,0.2653,-0.24,0.4,0.23,0.007,0.722672,0.1016,1.3885,0.6002,0.1794,0.7123,0.1922,0.0384,-0.173,0.289,0.7077
23423,OLIN CORP,"Wells Fargo Initiates Coverage On Olin with Market Perform Rating, Announces $21 Price Target",0,uncertain,0.6,0.3,,129,29,1.0,2019-10-16,13610.0,-1.150679960846901,1.1506799101733467,5.643839206597234,-1.189185492694378,-3.6880868140193312,0.494778018514852,-0.1641,-0.455,1.4818,-0.24,0.4,0.23,0.007,0.184532,-2.1419,0.9503,-0.8605,0.4189,-1.098,0.6271,2.9521,0.4553,-1.9278,1.7949
23431,PACWEST BANCORP DE,PacWest Banc Q3 EPS $0.92 Down From $0.94 YoY,0,decrease,0.8,0.2,,134,29,0.0,2019-10-16,88343.0,1.117624156177044,4.163167970602788,5.644035875123299,2.3313909769058228,1.766490140709065,3.451177149247542,-2.9292,-3.2291,1.2266,-0.24,0.4,0.23,0.007,-2.641816,0.5032,0.8878,-0.3406,-0.0402,-0.7571,0.4541,0.5548,-0.1027,-0.2613,0.9428
23439,PENSKE AUTOMOTIVE GROUP INC,Penske Automotive Raises Quarterly Dividend From $0.40 To $0.41/Share,0,increase,0.8,0.5,,139,28,2.0,2019-10-16,84042.0,0.5792757961899042,4.333834955047577,5.4280172190404485,3.2524093985557556,2.2686023730088545,4.279440802578671,3.394,3.1085,0.7713,-0.24,0.4,0.23,0.007,3.572112,-0.1263,0.9044,0.0791,-1.7626,2.6831,0.674,-0.5938,2.5225,-3.2536,1.634
23447,PLAINS G P HOLDINGS LP,Plains GP Holdings Option Alert: Jan 17 $21 Calls Sweep (2) near the Ask: 919 @ $0.475 vs 35 OI; Earnings 11/5 After Close Ref=$19.455,0,uncertain,0.6,0.3,,162,29,1.0,2019-10-16,14215.0,2.058670111000538,1.955734127566866,-1.441067414740682,0.2583939814940095,-2.512562774875549,-2.610443971374765,0.1546,0.1501,0.9226,-0.24,0.4,0.23,0.007,0.3690239999999999,1.573,1.2693,-0.5665,-1.0811,-0.8269,-1.0502,0.1167,-2.9831,-0.2481,0.0411
23455,PETROLEO BRASILEIRO SA PETROBRAS,"Petrobras Says Has Collected 200 Tonnes Of Oil Residue From Northeastern Coast Following Oil Spill, Reiterates Oil Found Near Coast Does Not Belong To Co.",0,uncertain,0.6,0.3,,162,29,1.0,2019-10-16,88490.0,-1.5017018653452396,6.348125174443631,10.853243789558409,0.2087664091959595,1.489075529548245e-09,2.200138197870971,1.7361,1.7246,1.0342,-0.24,0.4,0.23,0.007,1.977308,-1.9995,0.8061,-0.2251,4.0111,1.7052,-1.7158,3.271,0.3925,-0.0612,1.8288
23463,P G & E CORP,PG&E Provides Interim Update: Damage and Hazards Found After Safety Shutoff Confirm That Turning Off Power was the Right Decision,0,uncertain,0.6,0.3,,138,29,1.0,2019-10-16,13688.0,-0.6345201749354601,4.060909769275245,-22.08121963313813,0.5215118639171124,-3.8653415429112714,-1.0269565617894827,2.2049,2.2513,0.9784,-0.24,0.4,0.23,0.007,2.4327159999999997,-0.9887,-0.8045,2.7099,0.5947,0.8638,-11.9477,-31.1793,-24.5205,32.1773,22.7463
23471,PURE CYCLE CORP,Pure Cycle Corp 13D Shows Plaisance Capital Holds 15.77% Stake In Co.,0,increase,0.8,0.7,,131,28,2.0,2019-10-16,64742.0,1.926605962216854,-1.2843981650119909,2.935785750516273,0.0,-0.0917364726774394,-7.698286452750834e-10,0.0918,0.1806,0.92,-0.24,0.4,0.23,0.007,0.3056,1.454,0.3079,0.4401,-3.9568,-0.3395,0.3489,-0.2398,2.1779,-0.3361,0.9612
23479,PATTERSON COMPANIES INC,Patterson Cos. Offers Comment On Initial Recommendation To FTC,0,uncertain,0.6,0.3,,127,29,1.0,2019-10-16,78034.0,1.4509576372802258,-0.69645350521228,1.2768496177137934,1.8823511898517609,1.3754792410136885,4.937901225821695,-0.5196,-0.8073,0.9283,-0.24,0.4,0.23,0.007,-0.3038079999999999,0.6888,-0.1239,-1.513,-1.2987,-1.1185,-2.2742,2.2599,-0.1966,0.9794,1.0447
23487,PREFERRED BANK LOS ANGELES,Preferred Bank Q3 EPS $1.32 Beats $1.31 Estimate,0,increase,0.8,0.6,,130,28,2.0,2019-10-16,90603.0,0.4242213908582926,2.3910486830881705,1.908981579694502,0.436929240822792,0.4751045472336512,2.3026290026548324,-1.9103,-2.4618,1.0286,-0.24,0.4,0.23,0.007,-1.670436,-0.7019,1.1481,-0.9616,-0.5376,-0.4188,0.4574,-1.0083,-0.2215,-0.5493,0.9457
23495,PROGRESSIVE CORP OH,Progressive shares are trading lower after the company reported worse-than-expected Q3 sales results.,0,decrease,0.8,0.7,,131,29,0.0,2019-10-16,64390.0,-1.921231672167778,-6.13421324686726,-4.789358477566075,-0.9774110279977322,-0.332358446872838,0.2808976243491079,-2.8011,-2.4434,0.9542,-0.24,0.4,0.23,0.007,-2.579092,-1.9594,-1.5703,-0.915,-1.4094,-0.8463,1.4437,-0.7791,-1.1445,1.6372,-0.9446
23503,PROGRESSIVE CORP OH,"Progressive Sep. EPS $0.47 vs $0.42 In Same Month Last Year, Net Premiums Written $3.024B",0,increase,0.8,0.6,,142,28,2.0,2019-10-16,64390.0,-1.921231672167778,-6.13421324686726,-4.789358477566075,-0.9774110279977322,-0.332358446872838,0.2808976243491079,-2.8011,-2.4434,0.9542,-0.24,0.4,0.23,0.007,-2.579092,-1.9594,-1.5703,-0.915,-1.4094,-0.8463,1.4437,-0.7791,-1.1445,1.6372,-0.9446
23511,PLUG POWER INC,Plug Power Option Alert: Mar 20 $2.5 Calls Sweep (3) near the Ask: 500 @ $0.511 vs 641 OI; Earnings 11/7 Before Open [est] Ref=$2.79,0,uncertain,0.6,0.4,,159,29,1.0,2019-10-16,87337.0,5.000003799796104,6.071431561811602,-5.714280205973077,1.0909080505371094,3.9252343685346247,3.345721604247198,0.7194,0.5992,1.3523,-0.24,0.4,0.23,0.007,1.036952,3.9855,4.007,-5.2009,-0.7784,2.0482,2.9173,-3.2493,-3.0289,-6.0805,-3.7293
23519,P N C FINANCIAL SERVICES GRP INC,"PNC Financial Services Gr Q3 EPS $2.94 Beats $2.8 Estimate, Sales $4.493B Beat $4.41B Estimate",0,increase,0.8,0.7,,153,28,2.0,2019-10-16,60442.0,0.8482941426336765,3.4709375503092943,4.44648175345661,0.9607108309864998,1.0470095009505354,2.4924122701611706,0.5216,0.56,1.0894,-0.24,0.4,0.23,0.007,0.7760559999999999,0.8544,0.1449,0.2483,-0.6144,0.0426,0.1378,0.1141,0.3575,-0.0424,0.5544
23527,P P G INDUSTRIES INC,"Wells Fargo Initiates Coverage On PPG Industries with Outperform Rating, Announces $140 Price Target",0,increase,0.8,0.7,,136,28,2.0,2019-10-16,22509.0,1.9166097044944763,4.631811058493196,5.901147102636917,0.8531695231795311,-0.8055712179639074,2.204733926312441,0.6345,0.7548,0.9134,-0.24,0.4,0.23,0.007,0.8467159999999999,1.5533,2.7751,-0.386,0.5689,-0.9124,-0.7273,-0.163,-0.8342,1.0361,0.8114
23535,PROQR THERAPEUTICS N V,"ProQR Therapeutics 6-K Shows Cash, Cash Equivalents Of €74.8M As Of Sep. 30, 2019",0,uncertain,0.6,0.3,,149,29,1.0,2019-10-16,14935.0,7.01339915394783,22.30103115967687,6.067772745847244,-1.2698476202785969,-2.201263246545748,2.4711632453230603,2.0096,1.4344,0.4819,-0.24,0.4,0.23,0.007,2.1182559999999997,5.1297,-3.6855,14.0587,5.4376,-0.2073,-3.877,-3.5566,-3.6362,-2.8362,-2.0622
23543,PROQR THERAPEUTICS N V,ProQR Prices 9.09M Share Underwritten Public Offering of Ordinary Shares @$5.50/Share,0,decrease,0.8,0.7,,141,29,0.0,2019-10-16,14935.0,7.01339915394783,22.30103115967687,6.067772745847244,-1.2698476202785969,-2.201263246545748,2.4711632453230603,2.0096,1.4344,0.4819,-0.24,0.4,0.23,0.007,2.1182559999999997,5.1297,-3.6855,14.0587,5.4376,-0.2073,-3.877,-3.5566,-3.6362,-2.8362,-2.0622
23551,RING ENERGY INC,Ring Energy shares are trading higher after the company reported Q3 and nine month 2019 operations update.,0,increase,0.8,0.7,,129,28,2.0,2019-10-16,14137.0,13.333335518836977,6.06060788880578,-0.6060600576031971,15.384618937969208,0.6711391356104324,4.166661216428813,10.0,9.2763,1.8793,-0.24,0.4,0.23,0.007,10.444032,11.7055,-12.2386,-3.5173,3.5999,2.1885,-1.7776,0.6538,4.3669,-9.5089,-0.1192
23559,R L I CORP,"RLI Q3 EPS $0.57 Beats $0.51 Estimate, Sales $236.9M Beat $208.66M Estimate",0,increase,0.8,0.7,,140,28,2.0,2019-10-16,65294.0,4.745320603251457,4.386162797953608,5.822819055753836,-0.0878176011610776,-0.1535838246484067,0.5523641210971597,0.9448,1.0201,0.6711,-0.24,0.4,0.23,0.007,1.098864,4.4422,1.7465,0.3872,-1.9422,-0.9803,0.0401,-0.1823,0.2478,1.1528,-0.6775
23567,R P M INTERNATIONAL INC,"Wells Fargo Initiates Coverage On RPM International with Outperform Rating, Announces $80 Price Target",0,increase,0.8,0.7,,131,28,2.0,2019-10-16,65307.0,0.7026839070022106,2.7521664922886213,7.114625651337381,0.7813633419573307,0.2787185305865192,0.8526630448696393,-0.0731,0.0749,0.8228,-0.24,0.4,0.23,0.007,0.1173719999999999,0.3879,1.2215,0.2249,0.9248,-0.7694,0.3931,0.3009,0.9371,1.322,0.1531
23575,RAYONIER ADVANCED MATERIALS INC,Rayonier Advanced Materials shares are trading lower after Berenberg downgraded the company's stock from Buy to Hold and lowered the price target from $15 to $5.,0,decrease,0.8,0.9,,152,29,0.0,2019-10-16,14682.0,0.2325523644685745,5.348837827376451,-1.3953582837395118,4.212850704789162,1.731600072920525,4.910709543361347,-8.5106,-9.2199,1.5658,-0.24,0.4,0.23,0.007,-8.141808,-1.5867,-6.3191,3.122,5.9081,-0.1123,0.3467,-1.92,-5.9163,-3.6209,3.8962
23583,RAYONIER ADVANCED MATERIALS INC,"Berenberg Downgrades Rayonier Advanced to Hold, Lowers Price Target to $5",0,decrease,0.8,0.7,,138,29,0.0,2019-10-16,14682.0,0.2325523644685745,5.348837827376451,-1.3953582837395118,4.212850704789162,1.731600072920525,4.910709543361347,-8.5106,-9.2199,1.5658,-0.24,0.4,0.23,0.007,-8.141808,-1.5867,-6.3191,3.122,5.9081,-0.1123,0.3467,-1.92,-5.9163,-3.6209,3.8962
23591,SABRE CORP,Sabre Reports Purchase Of Radixx For ~$110M,0,uncertain,0.6,0.3,,124,29,1.0,2019-10-16,14608.0,0.3752341726794839,-0.0938107288041223,3.377116615300424,0.5154667887836695,-0.046590493590759,1.0362752431648523,-0.6061,-0.4653,0.8717,-0.24,0.4,0.23,0.007,-0.403892,-0.2115,-1.6486,1.4012,-0.6366,0.9177,-0.2441,1.7225,0.5256,0.5289,-0.968
23599,STIFEL FINANCIAL CORP,"Stifel Reports Strategic Partnership With OurCrowd, No Terms Disclosed",0,increase,0.8,0.7,,132,28,2.0,2019-10-16,72996.0,1.084359735250473,2.5914350038717116,5.532067956566333,1.873837225139141,2.329481879899964,5.070802788268347,-0.9106,-1.1001,1.3971,-0.24,0.4,0.23,0.007,-0.5822959999999999,0.256,1.0169,-0.9672,-0.8744,-0.1162,1.5935,-0.1366,0.7775,0.4872,-0.5463
23607,STEEL DYNAMICS INC,"Steel Dynamics Q3 EPS $0.69 Misses $0.7 Estimate, Sales $2.53B Miss $2.67B Estimate",0,decrease,0.8,0.7,,143,29,0.0,2019-10-16,84262.0,-0.4507665522396564,3.328706857776909,6.692095320705671,1.4844822697341442,-0.9874892868741104,3.0843031613494665,-4.1223,-4.4837,1.2767,-0.24,0.4,0.23,0.007,-3.822892,-1.4689,0.0729,-1.7693,3.9917,-1.0902,2.5915,0.1176,0.1289,-1.0157,1.0303
23615,TARGET CORP,"Buckingham Maintains Buy on Target, Raises Price Target to $131",0,increase,0.9,0.8,,122,28,2.0,2019-10-16,49154.0,0.9269996546208858,-0.7398179643399061,-3.797131645945429,0.665765069425106,0.0536506808510139,1.1938136454391346,0.2681,0.4555,0.9063,-0.24,0.4,0.23,0.007,0.478612,0.6901,-0.1179,0.0591,-0.2838,-1.918,-1.0615,-1.5786,0.1344,-1.4007,-0.2435
23623,T G THERAPEUTICS INC,TG Therapeutics Option Alert: Nov 15 $5 Calls Sweep (2) near the Ask: 931 @ $0.676 vs 233 OI; Earnings 11/8 Before Open [est] Ref=$5.365,0,uncertain,0.6,0.3,,166,29,1.0,2019-10-16,82670.0,4.291044920682907,5.223875279857659,27.425368315326494,2.6871375739574432,2.8846173694076382,3.2818549074968395,0.1869,-0.3626,1.6991,-0.24,0.4,0.23,0.007,0.587684,1.6447,-0.5057,-0.4805,0.8195,1.2627,1.6729,-0.7045,15.8188,2.037,-1.7509
23631,U P FINTECH HOLDING LTD,Up Fintech's Stock Shrugs Off Short Seller Allegations,0,uncertain,0.7,0.3,,130,29,1.0,2019-10-16,18467.0,-1.6393482685089111,-8.196719017923371,-6.557376419053518,-1.9323654472827911,-2.168678393942125,-1.0476541856263566e-08,5.1724,4.1683,0.8827,-0.24,0.4,0.23,0.007,5.377248,-5.6541,1.9793,-3.37,-0.2701,-1.4593,0.686,-2.9167,-1.9513,1.5333,-0.3413
23639,U P FINTECH HOLDING LTD,Hearing GeoInvesting Out With Negative Report 'Up Fintech Holdings Ltd. is a U.S. Listed China Based Company Operating an Illegal Money Laundering Scheme' $,0,decrease,0.8,0.9,,152,29,0.0,2019-10-16,18467.0,-1.6393482685089111,-8.196719017923371,-6.557376419053518,-1.9323654472827911,-2.168678393942125,-1.0476541856263566e-08,5.1724,4.1683,0.8827,-0.24,0.4,0.23,0.007,5.377248,-5.6541,1.9793,-3.37,-0.2701,-1.4593,0.686,-2.9167,-1.9513,1.5333,-0.3413
23647,T MOBILE U S INC,"FCC Members Vote 3-2 Along Party Lines To Approve T-Mobile, Sprint Deal",0,uncertain,0.6,0.3,,132,29,1.0,2019-10-16,91937.0,1.2998386286199093,1.68728714694808,4.0744835965135895,1.411675754934549,0.2640501816447482,1.8390738383756045,0.3386,0.5061,0.7694,-0.24,0.4,0.23,0.007,0.516256,0.9971,1.0313,0.0282,-0.3003,-0.5786,-0.0135,-0.2472,0.4739,-0.6927,1.6776
23655,T MOBILE U S INC,"Bernstein Initiates Coverage On T-Mobile US with Outperform Rating, Announces $103 Price Target",0,increase,0.9,0.8,,133,28,2.0,2019-10-16,91937.0,1.2998386286199093,1.68728714694808,4.0744835965135895,1.411675754934549,0.2640501816447482,1.8390738383756045,0.3386,0.5061,0.7694,-0.24,0.4,0.23,0.007,0.516256,0.9971,1.0313,0.0282,-0.3003,-0.5786,-0.0135,-0.2472,0.4739,-0.6927,1.6776
23663,TESLA INC,EVs To The Rescue: Lessons From A California Blackout,0,increase,0.8,0.7,,121,28,2.0,2019-10-16,93436.0,0.8546683937311172,-1.951879631199771,21.27430572980977,0.3619330702349543,4.0340534442449005,5.373052491084329,0.7212,0.7904,1.1558,-0.24,0.4,0.23,0.007,0.991592,-0.0901,-1.0721,-2.2085,1.1776,-0.5641,17.425,8.7723,-1.0701,-3.4309,-0.7779
23671,ISHARES INC,US Representative Michael McCaul Says Will Introduce Sanctions Package On Thursday On Turkey For Syria Incursion,0,uncertain,0.6,0.4,,131,29,1.0,2019-10-16,92600.0,3.59930582344532,9.540332933337714,8.4562045466118,1.786491647362709,-2.177548447869604,-4.4971320813934295,-1.2843,-1.2424,0.7455,-0.24,0.4,0.23,0.007,-1.11238,3.2748,2.3713,-2.4314,1.9885,3.163,-1.1045,0.0082,-0.4431,-0.2344,0.002
23679,ISHARES INC,The House Measure Condemning Trump's Decision To Withdraw US Military From Northern Syria Passed 354-60,0,uncertain,0.6,0.3,,132,29,1.0,2019-10-16,92600.0,3.59930582344532,9.540332933337714,8.4562045466118,1.786491647362709,-2.177548447869604,-4.4971320813934295,-1.2843,-1.2424,0.7455,-0.24,0.4,0.23,0.007,-1.11238,3.2748,2.3713,-2.4314,1.9885,3.163,-1.1045,0.0082,-0.4431,-0.2344,0.002
23687,ISHARES INC,Senate Republican Leader McConnell Says Looking Into House Bill Targeting Turkey Over Incursion Into Syria,0,uncertain,0.6,0.3,,128,29,1.0,2019-10-16,92600.0,3.59930582344532,9.540332933337714,8.4562045466118,1.786491647362709,-2.177548447869604,-4.4971320813934295,-1.2843,-1.2424,0.7455,-0.24,0.4,0.23,0.007,-1.11238,3.2748,2.3713,-2.4314,1.9885,3.163,-1.1045,0.0082,-0.4431,-0.2344,0.002
23695,ISHARES INC,Trump Says Sanctions On Turkey Will Be Devastating If Meeting Between Pence And Erdogan Is Not Successful,0,uncertain,0.6,0.4,,131,29,1.0,2019-10-16,92600.0,3.59930582344532,9.540332933337714,8.4562045466118,1.786491647362709,-2.177548447869604,-4.4971320813934295,-1.2843,-1.2424,0.7455,-0.24,0.4,0.23,0.007,-1.11238,3.2748,2.3713,-2.4314,1.9885,3.163,-1.1045,0.0082,-0.4431,-0.2344,0.002
23703,ISHARES INC,"Spokesperson For Erdogan Says US Officials Were Told Clearly Turkey Would Not Declare Ceasefire, Would Not Talk With Kurdish Fighters",0,uncertain,0.6,0.3,,137,29,1.0,2019-10-16,92600.0,3.59930582344532,9.540332933337714,8.4562045466118,1.786491647362709,-2.177548447869604,-4.4971320813934295,-1.2843,-1.2424,0.7455,-0.24,0.4,0.23,0.007,-1.11238,3.2748,2.3713,-2.4314,1.9885,3.163,-1.1045,0.0082,-0.4431,-0.2344,0.002
23711,ISHARES INC,Spokesperson For Turkey's Erdogan Says Foreign Ministry Is Preparing Retaliation For US Sanctions,0,uncertain,0.6,0.3,,131,29,1.0,2019-10-16,92600.0,3.59930582344532,9.540332933337714,8.4562045466118,1.786491647362709,-2.177548447869604,-4.4971320813934295,-1.2843,-1.2424,0.7455,-0.24,0.4,0.23,0.007,-1.11238,3.2748,2.3713,-2.4314,1.9885,3.163,-1.1045,0.0082,-0.4431,-0.2344,0.002
23719,ISHARES INC,Trump Says Confident About Safety Of US Nuclear Weapons In Turkey,0,uncertain,0.6,0.3,,123,29,1.0,2019-10-16,92600.0,3.59930582344532,9.540332933337714,8.4562045466118,1.786491647362709,-2.177548447869604,-4.4971320813934295,-1.2843,-1.2424,0.7455,-0.24,0.4,0.23,0.007,-1.11238,3.2748,2.3713,-2.4314,1.9885,3.163,-1.1045,0.0082,-0.4431,-0.2344,0.002
23727,ISHARES INC,Trump Says US Will Help Negotiate Situation In Syria,0,uncertain,0.6,0.3,,121,29,1.0,2019-10-16,92600.0,3.59930582344532,9.540332933337714,8.4562045466118,1.786491647362709,-2.177548447869604,-4.4971320813934295,-1.2843,-1.2424,0.7455,-0.24,0.4,0.23,0.007,-1.11238,3.2748,2.3713,-2.4314,1.9885,3.163,-1.1045,0.0082,-0.4431,-0.2344,0.002
23735,ISHARES INC,US House Republicans To Introduce Legislation Wed. To Impose Sanctions On Turkey,0,uncertain,0.6,0.3,,127,29,1.0,2019-10-16,92600.0,3.59930582344532,9.540332933337714,8.4562045466118,1.786491647362709,-2.177548447869604,-4.4971320813934295,-1.2843,-1.2424,0.7455,-0.24,0.4,0.23,0.007,-1.11238,3.2748,2.3713,-2.4314,1.9885,3.163,-1.1045,0.0082,-0.4431,-0.2344,0.002
23743,ISHARES INC,Pompeo Says Turkey's Erdogan Is Responsible For Instability In The Region,0,uncertain,0.6,0.3,,127,29,1.0,2019-10-16,92600.0,3.59930582344532,9.540332933337714,8.4562045466118,1.786491647362709,-2.177548447869604,-4.4971320813934295,-1.2843,-1.2424,0.7455,-0.24,0.4,0.23,0.007,-1.11238,3.2748,2.3713,-2.4314,1.9885,3.163,-1.1045,0.0082,-0.4431,-0.2344,0.002
23751,ISHARES INC,"Pompeo Says US Goal Is Not To Break US-Turkey Relationship, It Is To Deny Turkey The Capacity To Engage In This Behavior",0,uncertain,0.6,0.3,,142,29,1.0,2019-10-16,92600.0,3.59930582344532,9.540332933337714,8.4562045466118,1.786491647362709,-2.177548447869604,-4.4971320813934295,-1.2843,-1.2424,0.7455,-0.24,0.4,0.23,0.007,-1.11238,3.2748,2.3713,-2.4314,1.9885,3.163,-1.1045,0.0082,-0.4431,-0.2344,0.002
23759,ISHARES INC,"US Secretary Of State Mike Pompeo Says He Still Plans To Travel To Turkey Later Wed., Expects To Meet With Erdogan Face To Face",0,uncertain,0.6,0.3,,137,29,1.0,2019-10-16,92600.0,3.59930582344532,9.540332933337714,8.4562045466118,1.786491647362709,-2.177548447869604,-4.4971320813934295,-1.2843,-1.2424,0.7455,-0.24,0.4,0.23,0.007,-1.11238,3.2748,2.3713,-2.4314,1.9885,3.163,-1.1045,0.0082,-0.4431,-0.2344,0.002
23767,ISHARES INC,Turkey's Foreign Minister Says Turkey Expects US Congress To Turn Back From Its Harmful Approach,0,uncertain,0.6,0.3,,129,29,1.0,2019-10-16,92600.0,3.59930582344532,9.540332933337714,8.4562045466118,1.786491647362709,-2.177548447869604,-4.4971320813934295,-1.2843,-1.2424,0.7455,-0.24,0.4,0.23,0.007,-1.11238,3.2748,2.3713,-2.4314,1.9885,3.163,-1.1045,0.0082,-0.4431,-0.2344,0.002
23775,ISHARES INC,"Turkey's Erdogan Says He Will Only Speak To Pres Trump, Will Not Speak With VP Mike Pence Despite Pence Traveling To Region",0,uncertain,0.6,0.3,,136,29,1.0,2019-10-16,92600.0,3.59930582344532,9.540332933337714,8.4562045466118,1.786491647362709,-2.177548447869604,-4.4971320813934295,-1.2843,-1.2424,0.7455,-0.24,0.4,0.23,0.007,-1.11238,3.2748,2.3713,-2.4314,1.9885,3.163,-1.1045,0.0082,-0.4431,-0.2344,0.002
23783,TRADEWEB MARKETS INC,"Tradeweb Markets Late Tuesday Reported Prelim Q3 Adj. EPS of $0.27 Up From $0.19 YoY, Sales $115.5M Up From $92.6M YoY",0,increase,0.8,0.7,,154,28,2.0,2019-10-16,18480.0,2.318428084254265,-4.352968968965998,-0.7806996380057218,0.0,-0.8939672261476517,-2.7770995627010797,5.9133,5.9657,0.286,-0.24,0.4,0.23,0.007,5.97494,1.8097,-3.4167,2.6763,-1.3141,-3.4932,1.3109,-0.9281,1.9819,0.0781,-0.2166
23791,UNITED AIRLINES HOLDINGS INC,"United Airlines CEO Munoz Says Potential Staggered Return Of 737 MAX Would Not Likely Impact Plans, Says 'We'll Cross That Bridge When We Come To That",0,uncertain,0.7,0.3,,148,29,1.0,2019-10-16,91103.0,-0.2675561467185616,0.2229706186950286,2.1962110951130764,1.0463332757353785,0.8376313662150858,0.6182745090801411,2.071,2.2034,1.0411,-0.24,0.4,0.23,0.007,2.313864,-0.6853,1.0201,-0.0791,-1.0829,-0.0991,-0.0988,1.4411,-0.0177,-1.3092,0.7659
23799,UNITED AIRLINES HOLDINGS INC,United Airlines CEO Munoz Says Ultimate Goal Of Regulators Globally Is To Scrutinize 737 MAX And 'Make Right Decision' For Safety,0,uncertain,0.7,0.3,,145,29,1.0,2019-10-16,91103.0,-0.2675561467185616,0.2229706186950286,2.1962110951130764,1.0463332757353785,0.8376313662150858,0.6182745090801411,2.071,2.2034,1.0411,-0.24,0.4,0.23,0.007,2.313864,-0.6853,1.0201,-0.0791,-1.0829,-0.0991,-0.0988,1.4411,-0.0177,-1.3092,0.7659
23807,UNITED AIRLINES HOLDINGS INC,United Airlines Says No Plan For Boeing 767 And 777 Retirements Over Next 5 Years,0,uncertain,0.6,0.3,,135,29,1.0,2019-10-16,91103.0,-0.2675561467185616,0.2229706186950286,2.1962110951130764,1.0463332757353785,0.8376313662150858,0.6182745090801411,2.071,2.2034,1.0411,-0.24,0.4,0.23,0.007,2.313864,-0.6853,1.0201,-0.0791,-1.0829,-0.0991,-0.0988,1.4411,-0.0177,-1.3092,0.7659
23815,UNITED AIRLINES HOLDINGS INC,United Airlines CEO On Boeing 737 MAX Return Says 'No One Knows',0,uncertain,0.8,0.5,,130,29,1.0,2019-10-16,91103.0,-0.2675561467185616,0.2229706186950286,2.1962110951130764,1.0463332757353785,0.8376313662150858,0.6182745090801411,2.071,2.2034,1.0411,-0.24,0.4,0.23,0.007,2.313864,-0.6853,1.0201,-0.0791,-1.0829,-0.0991,-0.0988,1.4411,-0.0177,-1.3092,0.7659
23823,UNITED SECURITY BANKSHARES,"United Security Q3 EPS $0.25 Up From $0.21 YoY, Sales $11.209M Up From $9.712M YoY",0,increase,0.8,0.5,,144,28,2.0,2019-10-16,88984.0,-0.4830935969948768,-8.302203369225936e-09,-1.1594283963911267,-0.0966205669101327,-0.9578489638310316,0.2909770551821511,0.0967,-0.2282,0.4224,-0.24,0.4,0.23,0.007,0.1910759999999999,-1.2216,0.3774,0.1069,-0.7578,-0.1412,-0.033,-3.1074,0.9999,0.398,0.4509
23831,UNION BANKSHARES INC,Union Bankshares Q3 EPS $0.62,0,uncertain,0.6,0.3,,121,29,1.0,2019-10-16,89279.0,-1.230773888528347,0.0923039035515049,3.593871588772357,0.3370116697624326,1.2364807941920295,4.699486278455134,-0.7634,-0.9625,0.696,-0.24,0.4,0.23,0.007,-0.60336,-1.6088,-0.1393,5.3264,-2.9354,-2.8825,3.4932,-2.3647,0.1117,1.8313,0.8337
23839,UNITEDHEALTH GROUP INC,Hearing UnitedHealth To Lose Two Large Retire Health Accounts,0,decrease,0.8,0.7,,123,29,0.0,2019-10-16,92655.0,2.818681113421917,4.561372715172474,7.515083864475525,8.159934729337692,7.439090442845408,6.641934750758183,-0.6706,-0.4084,0.7839,-0.24,0.4,0.23,0.007,-0.489464,2.4581,1.3045,-1.0266,2.7963,-0.8052,-1.7858,-0.2104,0.3351,2.3526,0.4991
23847,UNITEDHEALTH GROUP INC,"Citigroup Maintains Buy on UnitedHealth Group, Lowers Price Target to $286",0,uncertain,0.6,0.3,,128,29,1.0,2019-10-16,92655.0,2.818681113421917,4.561372715172474,7.515083864475525,8.159934729337692,7.439090442845408,6.641934750758183,-0.6706,-0.4084,0.7839,-0.24,0.4,0.23,0.007,-0.489464,2.4581,1.3045,-1.0266,2.7963,-0.8052,-1.7858,-0.2104,0.3351,2.3526,0.4991
23855,UNITED RENTALS INC,United Rentals Narrows FY19 Sales Guidance From $9.15B-$9.45B To $9.25B-$9.35B vs $9.29B Est.,0,uncertain,0.6,0.3,,148,29,1.0,2019-10-16,85663.0,5.120410397648811,9.862743542773522,11.728449340105708,1.6852039843797684,1.9256747028252308,6.494882526695123,0.8203,0.7023,2.004,-0.24,0.4,0.23,0.007,1.29426,3.9335,1.0674,-1.1526,1.6736,0.2658,-0.5873,1.2196,-0.7558,0.2031,0.2165
23863,UNITED RENTALS INC,"United Rentals Q3 Adj. EPS $5.96 Beats $5.6 Estimate, Sales $2.488B Beat $2.45B Estimate",0,increase,0.8,0.7,,142,28,2.0,2019-10-16,85663.0,5.120410397648811,9.862743542773522,11.728449340105708,1.6852039843797684,1.9256747028252308,6.494882526695123,0.8203,0.7023,2.004,-0.24,0.4,0.23,0.007,1.29426,3.9335,1.0674,-1.1526,1.6736,0.2658,-0.5873,1.2196,-0.7558,0.2031,0.2165
23871,U S BANCORP DEL,U.S. Bancorp shares are trading higher after the company reported better-than-expected Q3 EPS and sales results.,0,increase,0.9,0.8,,138,28,2.0,2019-10-16,66157.0,0.256550102494657,3.683346406710042,4.672895810689681,0.93879085034132,0.5423547376391724,1.395695638512473,1.5067,1.5693,0.9158,-0.24,0.4,0.23,0.007,1.719492,0.2274,0.338,1.0944,0.4053,-0.5917,0.0238,0.237,0.1334,0.2545,0.3252
23879,U S BANCORP DEL,US Bancorp Q3 EPS $1.15 Beats $1.11 Estimate,0,increase,0.8,0.6,,131,28,2.0,2019-10-16,66157.0,0.256550102494657,3.683346406710042,4.672895810689681,0.93879085034132,0.5423547376391724,1.395695638512473,1.5067,1.5693,0.9158,-0.24,0.4,0.23,0.007,1.719492,0.2274,0.338,1.0944,0.4053,-0.5917,0.0238,0.237,0.1334,0.2545,0.3252
23887,MARRIOTT VACATIONS WORLDWIDE COR,"SunTrust Robinson Humphrey Maintains Buy on Marriott Vacations, Lowers Price Target to $147",0,uncertain,0.7,0.5,,143,29,1.0,2019-10-16,13085.0,0.6731243804097176,0.0737684190927456,1.3370258354541864,1.522129774093628,0.4462241352956475,5.734416702391432,0.3702,0.1467,1.5096,-0.24,0.4,0.23,0.007,0.7255039999999999,-0.76,0.3307,-0.8128,-0.5661,-0.6308,0.0553,-0.1389,-0.5684,0.7394,-0.7809
23895,VISTEON CORP,Guggenheim Initiates Coverage On Visteon with Neutral Rating,0,uncertain,0.6,0.3,,126,29,1.0,2019-10-16,88319.0,1.5017534606158731,1.6349744361797702,14.557341149125168,0.8320081979036331,0.1823505339233033,5.370163273411754,0.1941,-0.0938,1.5856,-0.24,0.4,0.23,0.007,0.5676439999999999,0.3267,1.6198,-2.5535,0.445,-1.8722,9.2939,3.4134,-1.5784,-1.8346,2.104
23903,VEEVA SYSTEMS INC,Veeva Systems shares are trading lower despite no company-specific news. This could potentially be profit taking after the stock rallied approximately 11% over the past 4 trading sessions.,0,uncertain,0.7,0.5,,148,29,1.0,2019-10-16,14231.0,-0.6605320610105991,-5.0773952378144305,-1.7747551817219098,2.1144721657037735,2.9137123195002834,4.112055515459878,-4.2117,-3.7517,1.3815,-0.24,0.4,0.23,0.007,-3.88714,-1.8955,-2.0636,0.9357,-1.0327,0.715,0.3357,0.6152,-0.2272,-1.0236,-0.8187
23911,VULCAN MATERIALS CO,"SunTrust Robinson Humphrey Maintains Buy on Vulcan Materials, Raises Price Target to $165",0,increase,0.8,0.7,,131,28,2.0,2019-10-16,15202.0,0.3532293951138854,-1.8477013282680257,-1.7458101584896355,0.2181818475946784,-0.3052068440086319,-1.0168313285684905,0.1497,0.2402,0.823,-0.24,0.4,0.23,0.007,0.3402199999999999,-0.2515,-0.5436,-0.211,-0.3177,-1.0324,0.3889,0.6557,-1.5768,-0.9158,-0.0045
23919,VMWARE INC,VMware shares are trading lower after Morgan Stanley lowered its price target from $188 to $170.,0,decrease,0.8,0.5,,126,29,0.0,2019-10-16,92257.0,-0.2034238306805491,1.0893127050208395,5.794344629624137,0.1036494621075689,-0.2710540066961364,1.8856733415968607,-1.3848,-1.2062,1.1677,-0.24,0.4,0.23,0.007,-1.111552,-1.2518,1.2656,-0.6018,1.1485,0.5532,1.8417,0.18,-2.6785,2.1668,0.3884
23927,VMWARE INC,"Morgan Stanley Maintains Equal-Weight on VMware, Lowers Price Target to $170",0,decrease,0.8,0.7,,125,29,0.0,2019-10-16,92257.0,-0.2034238306805491,1.0893127050208395,5.794344629624137,0.1036494621075689,-0.2710540066961364,1.8856733415968607,-1.3848,-1.2062,1.1677,-0.24,0.4,0.23,0.007,-1.111552,-1.2518,1.2656,-0.6018,1.1485,0.5532,1.8417,0.18,-2.6785,2.1668,0.3884
23935,VERIZON COMMUNICATIONS INC,"UPDATE: Bernstein On Verizon Also Notes 'However, the networks of AT&T and TMUS are increasingly competitive and we have longer term concerns about an intensification of MVNO-based competition'",0,uncertain,0.7,0.5,,151,29,1.0,2019-10-16,65875.0,0.199036207050085,0.9786037085258936,0.8790824338249292,1.5939610078930857,1.0345384839961724,1.2034052630229608,-0.4294,-0.2115,0.3443,-0.24,0.4,0.23,0.007,-0.353768,0.4646,0.9383,-0.7253,0.1205,0.0074,-0.5654,-0.4295,-0.393,0.102,0.9818
23943,VERIZON COMMUNICATIONS INC,"UPDATE: Bernstein Initiates Verizon With Market Perform, $63 Target Notes Co. 'is the mobile industry leader with an exciting network vision and upside to its dividend payout ratio'",0,increase,0.8,0.7,,149,28,2.0,2019-10-16,65875.0,0.199036207050085,0.9786037085258936,0.8790824338249292,1.5939610078930857,1.0345384839961724,1.2034052630229608,-0.4294,-0.2115,0.3443,-0.24,0.4,0.23,0.007,-0.353768,0.4646,0.9383,-0.7253,0.1205,0.0074,-0.5654,-0.4295,-0.393,0.102,0.9818
23951,VERIZON COMMUNICATIONS INC,"Bernstein Initiates Coverage On Verizon Communications with Market Perform Rating, Announces $63 Price Target",0,uncertain,0.6,0.3,,134,29,1.0,2019-10-16,65875.0,0.199036207050085,0.9786037085258936,0.8790824338249292,1.5939610078930857,1.0345384839961724,1.2034052630229608,-0.4294,-0.2115,0.3443,-0.24,0.4,0.23,0.007,-0.353768,0.4646,0.9383,-0.7253,0.1205,0.0074,-0.5654,-0.4295,-0.393,0.102,0.9818
23959,WABTEC CORP,"Bank of America Initiates Coverage On Westinghouse Air Brake with Underperform Rating, Announces $64 Price Target",0,decrease,0.8,0.7,,136,29,0.0,2019-10-16,81677.0,2.2150538861751556,3.4472620306785995,0.1907069857601362,1.6801606863737106,1.7564903388449515,4.341132644969847,0.5754,0.146,1.1193,-0.24,0.4,0.23,0.007,0.837032,1.0535,-0.1272,-1.5093,1.1898,-0.4358,-0.269,0.0904,-1.5203,-0.6902,-1.2387
23967,ENERGOUS CORP,Energous Partner NewSound Launches WattUp-enabled Hearing Aid,0,increase,0.8,0.7,,126,28,2.0,2019-10-16,14556.0,-3.003000281751156,-6.306307622286244,-15.615615447016896,2.499997615814209,-3.8123198061678742,-1.7964054285142694,1.5244,1.2491,1.8831,-0.24,0.4,0.23,0.007,1.969344,-5.0842,2.0346,-0.1271,-4.4257,-1.3153,-2.2169,-3.4143,-3.3136,-5.073,0.5676
23975,ENERGOUS CORP,"Energous, ZPower Announce Partnership to Develop Rechargeable Microbatteries",0,increase,0.8,0.7,,131,28,2.0,2019-10-16,14556.0,-3.003000281751156,-6.306307622286244,-15.615615447016896,2.499997615814209,-3.8123198061678742,-1.7964054285142694,1.5244,1.2491,1.8831,-0.24,0.4,0.23,0.007,1.969344,-5.0842,2.0346,-0.1271,-4.4257,-1.3153,-2.2169,-3.4143,-3.3136,-5.073,0.5676
23983,WEIBO CORP,Weibo shares are trading higher on seemingly no company-specific news.,0,uncertain,0.7,0.3,,123,29,1.0,2019-10-16,14616.0,-1.45126823335886,-5.9227308344259155,-3.588942659486627,1.5441630966961384,1.6488030493666983,3.352888651484287,3.3861,3.4286,1.7891,-0.24,0.4,0.23,0.007,3.808484,-2.8627,-4.2104,1.8525,-0.496,-1.8447,0.621,0.6285,0.2908,-1.3622,-0.5321
23991,WORKDAY INC,More Work To Do: Workday Plummets After Analyst Event,0,decrease,0.8,0.9,,120,29,0.0,2019-10-16,13628.0,-1.639040745794773,-5.091619877440101,2.2684773447019912,0.3994680475443601,0.2881868024699363,3.8090861622201766,-11.3285,-10.7963,1.3549,-0.24,0.4,0.23,0.007,-11.010324,-2.5713,-0.3553,-0.832,0.8084,-0.4832,2.7157,0.7646,-1.9868,-0.0148,1.9955
23999,WORKDAY INC,"RBC Capital Maintains Outperform on Workday, Lowers Price Target to $212",0,uncertain,0.6,0.4,,125,29,1.0,2019-10-16,13628.0,-1.639040745794773,-5.091619877440101,2.2684773447019912,0.3994680475443601,0.2881868024699363,3.8090861622201766,-11.3285,-10.7963,1.3549,-0.24,0.4,0.23,0.007,-11.010324,-2.5713,-0.3553,-0.832,0.8084,-0.4832,2.7157,0.7646,-1.9868,-0.0148,1.9955
24007,WORKDAY INC,UPDATE: Workday's Slideshow Presentation For Tuesday's Financial Analyst Day,0,uncertain,0.6,0.3,,121,29,1.0,2019-10-16,13628.0,-1.639040745794773,-5.091619877440101,2.2684773447019912,0.3994680475443601,0.2881868024699363,3.8090861622201766,-11.3285,-10.7963,1.3549,-0.24,0.4,0.23,0.007,-11.010324,-2.5713,-0.3553,-0.832,0.8084,-0.4832,2.7157,0.7646,-1.9868,-0.0148,1.9955
24015,WORKDAY INC,Workday shares are trading lower following the company's Tuesday analyst day. Bernstein said the company's focus on innovation and R&D spending is a long-term positive but could pressure margins near term. Other firms lowered their price targets.,0,decrease,0.8,0.7,,151,29,0.0,2019-10-16,13628.0,-1.639040745794773,-5.091619877440101,2.2684773447019912,0.3994680475443601,0.2881868024699363,3.8090861622201766,-11.3285,-10.7963,1.3549,-0.24,0.4,0.23,0.007,-11.010324,-2.5713,-0.3553,-0.832,0.8084,-0.4832,2.7157,0.7646,-1.9868,-0.0148,1.9955
24023,WORKDAY INC,Workday Shares Lower In Pre-Market Trading Following The Company's Analyst Day On Tuesday; Analysts Have Weighed In With Mixed Commentary Following The Conference,0,uncertain,0.7,0.5,,138,29,1.0,2019-10-16,13628.0,-1.639040745794773,-5.091619877440101,2.2684773447019912,0.3994680475443601,0.2881868024699363,3.8090861622201766,-11.3285,-10.7963,1.3549,-0.24,0.4,0.23,0.007,-11.010324,-2.5713,-0.3553,-0.832,0.8084,-0.4832,2.7157,0.7646,-1.9868,-0.0148,1.9955
24031,WELLS FARGO & CO NEW,"BMO Capital Maintains Market Perform on Wells Fargo, Lowers Price Target to $57",0,decrease,0.8,0.7,,137,29,0.0,2019-10-16,38703.0,0.0403316342271864,2.702157969508545,4.920344017318579,1.7048917710781095,1.828899761237457,3.0010258492015884,-1.0377,-1.0642,1.0224,-0.24,0.4,0.23,0.007,-0.7993239999999999,-0.0372,0.3042,-0.124,-0.2616,0.0608,1.0153,0.3145,-0.223,0.5945,0.6837
24039,WINMARK CORP,"Winmark Q3 EPS $2.24 Up From $2.01 YoY, Sales $19.681M Up From $19.119M YoY",0,increase,0.8,0.6,,142,28,2.0,2019-10-16,79491.0,0.7627153303474188,3.4745727562980333,2.429380232339473,0.5483950488269329,-0.2803476614352318,-0.364142276404944,-0.4779,-0.536,0.5046,-0.24,0.4,0.23,0.007,-0.363796,0.3456,0.6028,0.6566,2.1808,-1.1578,0.0228,-0.6337,-0.2062,-0.1441,-0.6252
24047,WIPRO LTD,"Wipro shares are trading higher after the company reported Q2 earnings: EPS $0.06, Inline, Sales $2.141B Beat $2.13B Estimate﻿",0,increase,0.8,0.6,,144,28,2.0,2019-10-16,88683.0,0.5291000474244356,1.5873000774288215,1.8518500693041728,0.0,0.8196713402867317,1.6528909785016754,2.439,2.6985,0.5371,-0.24,0.4,0.23,0.007,2.560904,0.5067,0.2455,-0.0511,0.8424,0.1227,-0.54,2.6693,-0.8077,-0.5906,-1.3672
24055,WESTLAKE CORP,"Wells Fargo Initiates Coverage On Westlake Chemical with Market Perform Rating, Announces $70 Price Target",0,increase,0.8,0.7,,132,28,2.0,2019-10-16,90312.0,-1.6074586659669876,-0.2571932270638344,4.549110950230184,0.2726951614022255,-1.8989374292171848,4.04460129135511,-0.4799,-0.7508,1.4504,-0.24,0.4,0.23,0.007,-0.138804,-2.5811,1.0361,-2.2726,1.37,-1.4848,0.4959,2.9273,0.666,-1.2809,1.4047
24063,WEST PHARMACEUTICAL SERVICES INC,West Pharma Reports Raised Minority Stake In Daikyo Seiko to 49%,0,uncertain,0.7,0.3,,132,29,1.0,2019-10-16,62498.0,1.1716792359948158,-0.4569548291164849,3.3625429109105154,0.0988347339443862,-0.1478920577233755,0.5816784256484242,-1.2836,-0.9734,0.7881,-0.24,0.4,0.23,0.007,-1.101456,0.8115,0.183,-0.9463,-0.1351,0.1505,-0.8317,1.1235,0.5675,1.0084,0.0014
24071,WINTRUST FINANCIAL CORP,"Wintrust Financial Q3 EPS $1.69 Beats $1.62 Estimate, Sales $379.989M Beat $374.28M Estimate",0,increase,0.8,0.7,,147,28,2.0,2019-10-16,84636.0,-1.782948151230812,1.5503875421498448,1.6899169051115548,1.9351786002516749,2.2246762846356516,4.281345232800171,-0.4476,-0.745,1.1914,-0.24,0.4,0.23,0.007,-0.168664,-2.3459,1.6335,-0.9401,-0.2308,-0.4885,-0.2375,0.9466,0.5169,-0.9936,0.3536
24079,SELECT SECTOR SPDR TRUST,Todd Gordon's XLK Trade,0,uncertain,0.6,0.3,,121,29,1.0,2019-10-16,86457.0,-0.1954746898263692,-1.3439198621853166,2.284670606763628,1.104025449603796,1.0420478864049176,2.4359918708234396,-0.6916,-0.2263,1.2534,-0.24,0.4,0.23,0.007,-0.3977839999999999,-0.608,-0.1067,0.3403,-0.5604,-0.1528,0.7606,0.6507,0.4518,-0.4964,-0.2427
24087,X P O INC,"Oppenheimer Maintains Outperform on XPO Logistics, Raises Price Target to $84",0,increase,0.8,0.7,,127,28,2.0,2019-10-16,90175.0,0.0259964552242308,1.624431530041481,2.884992005733622,1.5666820108890531,2.4446211631866666,6.770829920002952,1.4502,1.0858,1.4273,-0.24,0.4,0.23,0.007,1.785752,-1.3802,0.2597,-0.6658,-0.3814,0.569,0.5893,0.8182,-0.2092,0.6276,-1.7541
24095,ADOBE INC,New Microsoft OS For Dual Displays Includes Microsoft Office,0,uncertain,0.6,0.3,,118,29,1.0,,,,,,,,,,,,,,,,,,,,,,,,,,
24103,ADOBE INC,Microsoft Event Shows Demonstration Of Adobe Fresco; Adobe Shares Appear Unaffected,0,uncertain,0.6,0.2,,125,29,1.0,,,,,,,,,,,,,,,,,,,,,,,,,,
24111,A E S CORP,The AES Corporation shares are trading lower in sympathy with the broader market on continued fears of a recession amid a weak ADP jobs report. There is also uncertainty in the market over the upcoming U.S.-China meeting next week.,0,uncertain,0.7,0.6,,155,29,1.0,,,,,,,,,,,,,,,,,,,,,,,,,,
24119,AMERICAN INTERNATIONAL GROUP INC,"Barclays Maintains Overweight on American International Gr, Raises Price Target to $67",0,increase,0.8,0.6,,129,28,2.0,,,,,,,,,,,,,,,,,,,,,,,,,,
24127,GALLAGHER ARTHUR J & CO,"Arthur J. Gallagher & Co. Acquires Anthony Hodges Consulting Limited, Terms Not Disclosed",0,increase,0.8,0.7,,140,28,2.0,,,,,,,,,,,,,,,,,,,,,,,,,,
24135,ALBEMARLE CORP,"UBS Maintains Buy on Albemarle, Lowers Price Target to $105",0,uncertain,0.6,0.3,,133,29,1.0,,,,,,,,,,,,,,,,,,,,,,,,,,
24143,ALLEGIANT TRAVEL CO,"Morgan Stanley Maintains Equal-Weight on Allegiant Travel, Raises Price Target to $152",0,increase,0.8,0.7,,136,28,2.0,,,,,,,,,,,,,,,,,,,,,,,,,,
24151,ALIMERA SCIENCES INC,Alimera Sees Prelim. Q3 Sales Exceeding $12.8M,0,increase,0.8,0.7,,132,28,2.0,,,,,,,,,,,,,,,,,,,,,,,,,,
24159,ALASKA AIRGROUP INC,"Morgan Stanley Maintains Overweight on Alaska Air Group, Lowers Price Target to $74",0,uncertain,0.6,0.3,,132,29,1.0,,,,,,,,,,,,,,,,,,,,,,,,,,
24167,A M T D IDEA GROUP,"PreMarket Prep Recap: Rough Start To The Quarter, Brokerage Wars, Timing is Everything",0,uncertain,0.6,0.3,,131,29,1.0,,,,,,,,,,,,,,,,,,,,,,,,,,
24175,A M T D IDEA GROUP,Ameritrade Holding Option Alert: Oct 25 $38 Calls Sweep (2) near the Ask: 1550 @ $0.451 vs 4469 OI; Earnings 10/21 After Close Ref=$33.58,0,uncertain,0.6,0.3,,163,29,1.0,,,,,,,,,,,,,,,,,,,,,,,,,,
24183,A M T D IDEA GROUP,"Bank of America Earlier Downgraded TD Ameritrade Holding to Underperform, Lowered Price Target to $39",0,decrease,0.8,0.7,,135,29,0.0,,,,,,,,,,,,,,,,,,,,,,,,,,
24191,A M T D IDEA GROUP,"Deutsche Bank Maintains Hold on TD Ameritrade Holding, Lowers Price Target to $34",0,decrease,0.8,0.7,,133,29,0.0,,,,,,,,,,,,,,,,,,,,,,,,,,
24199,A M T D IDEA GROUP,"UBS Maintains Buy on TD Ameritrade Holding, Lowers Price Target to $40",0,uncertain,0.6,0.3,,132,29,1.0,,,,,,,,,,,,,,,,,,,,,,,,,,
24207,A M T D IDEA GROUP,Shares of several retail brokerage companies are trading lower after TD Ameritrade joined Schwab in eliminating commissions for mobile and web trades.,0,decrease,0.8,0.7,,138,29,0.0,,,,,,,,,,,,,,,,,,,,,,,,,,
24215,A M T D IDEA GROUP,"Barclays Downgrades TD Ameritrade Holding to Underweight, Lowers Price Target to $31",0,decrease,0.8,0.7,,134,29,0.0,,,,,,,,,,,,,,,,,,,,,,,,,,
24223,ACTIVISION BLIZZARD INC,Activision Blizzard shares are trading lower after Bernstein downgraded the stock from Market Perform to Underperform.,0,decrease,0.8,0.7,,136,29,0.0,,,,,,,,,,,,,,,,,,,,,,,,,,
24231,ACTIVISION BLIZZARD INC,Bernstein Downgrades Activision Blizzard to Underperform,0,decrease,0.8,0.7,,127,29,0.0,,,,,,,,,,,,,,,,,,,,,,,,,,
24239,AMERICAN WATER WORKS CO INC,"UPDATE: Baird Maintains Outperform On American Water Works, Raises Target To $128 As Firm Continues To Believe 'there is a large market opportunity (~100 bases across U.S.), and believe AWK is well-positioned to secure further contracts given'",0,increase,0.8,0.7,,166,28,2.0,,,,,,,,,,,,,,,,,,,,,,,,,,
24247,AMERICAN WATER WORKS CO INC,"Baird Maintains Outperform on American Water Works Co, Raises Price Target to $128",0,increase,0.8,0.7,,134,28,2.0,,,,,,,,,,,,,,,,,,,,,,,,,,
24255,AXALTA COATING SYSTEMS LTD,Axalta Coating Systems Option Alert: Nov 15 $30 Calls Sweep (2) near the Ask: 772 @ $1.625 vs 925 OI; Earnings 10/23 After Close [est] Ref=$29.45,0,uncertain,0.6,0.3,,168,29,1.0,,,,,,,,,,,,,,,,,,,,,,,,,,
24263,A X T INC,"AXT Cites 'weaker than expected demand environment, particularly in data center connectivity and LED applications'",0,decrease,0.8,0.7,,129,29,0.0,,,,,,,,,,,,,,,,,,,,,,,,,,
24271,A X T INC,AXT Inc. Cuts Prelim. Q3 Sales Guidance From $24.5M-$26M To $19.6M-$20M vs $25.4M Estimate,0,decrease,0.8,0.7,,147,29,0.0,,,,,,,,,,,,,,,,,,,,,,,,,,
24279,ACUITY BRANDS INC,Acuity Brands shares are trading lower after the company reported worse-than-expected Q4 EPS and sales results.,0,decrease,0.8,0.7,,134,29,0.0,,,,,,,,,,,,,,,,,,,,,,,,,,
24287,ACUITY BRANDS INC,"Acuity Brands Q4 Adj. EPS $2.75 Misses $2.84 Estimate, Sales $938.1M Miss $1.03B Estimate",0,decrease,0.8,0.7,,146,29,0.0,,,,,,,,,,,,,,,,,,,,,,,,,,
24295,BRAINSTORM CELL THERAPEUTICS INC,BrainStorm Cell Therapeutics To Present NurOwn Phase 2 Biomarker Data At North East Amyotrophic Lateral Sclerosis (NEALS) 18th Annual Meeting,0,increase,0.8,0.7,,155,28,2.0,,,,,,,,,,,,,,,,,,,,,,,,,,
24303,BUNGE LTD,"20+ Grain Cargo Ships Stuck Outside Iranian Ports Amid Payment Issues; Bunge, COFCO Int'l. Among Cos.",0,uncertain,0.7,0.5,,134,29,1.0,,,,,,,,,,,,,,,,,,,,,,,,,,
24311,B G C PARTNERS INC,"BGC Partners Shares Spike To Session High, Now Up 0.9%, As Traders Circulate Report New York Attorney General Has Imposed $12.5M On GFI Securities",0,uncertain,0.6,0.3,,153,29,1.0,,,,,,,,,,,,,,,,,,,,,,,,,,
24319,BRUKER CORP,Bruker Announces Acquisition Of Magnettech's EPR Business; Terms Not Disclosed,0,uncertain,0.6,0.3,,129,29,1.0,,,,,,,,,,,,,,,,,,,,,,,,,,
24327,BROWN & BROWN INC,"Barclays Maintains Underweight on Brown & Brown, Raises Price Target to $30",0,uncertain,0.6,0.3,,131,29,1.0,,,,,,,,,,,,,,,,,,,,,,,,,,
24335,BRITISH AMERICAN TOBACCO PLC,British American Tobacco shares are trading lower. Not seeing any company specific news to justify price action.,0,uncertain,0.7,0.5,,139,29,1.0,,,,,,,,,,,,,,,,,,,,,,,,,,
24343,ANHEUSER BUSCH INBEV SA NV,Anheuser-Busch Charges Into California Electric Truck Demonstration Race,0,increase,0.8,0.6,,134,28,2.0,,,,,,,,,,,,,,,,,,,,,,,,,,
24351,ANHEUSER BUSCH INBEV SA NV,Anheuser-Busch InBev shares are trading lower in sympathy with the overall market amid global recession concerns.,0,decrease,0.8,0.7,,143,29,0.0,,,,,,,,,,,,,,,,,,,,,,,,,,
24359,BLACKSTONE INC,"Blackstone To Acquire 65% Of Great Wolf Resorts, Announces $2.9B JV With Centerbridge",0,increase,0.8,0.7,,131,28,2.0,,,,,,,,,,,,,,,,,,,,,,,,,,
24367,BLACKSTONE INC,Blackstone To Acquire 65% Controlling Interest In Great Wolf Resorts And Form New $2.9B Joint Venture With Centerbridge Partners,0,increase,0.9,0.8,,136,28,2.0,,,,,,,,,,,,,,,,,,,,,,,,,,
24375,CONAGRA BRANDS INC,Conagra Brands shares are trading lower in sympathy with weakness in the overall market and recession concerns.,0,uncertain,0.6,0.4,,131,29,1.0,,,,,,,,,,,,,,,,,,,,,,,,,,
24383,CROWN HOLDINGS INC,"Crown Holdings shares are trading lower in sympathy with weakness in the overall market amid recession fears. During an economic slowdown, there might be less demand for packaging products.",0,decrease,0.8,0.7,,143,29,0.0,,,,,,,,,,,,,,,,,,,,,,,,,,
24391,CARNIVAL CORP,"Buckingham Maintains Neutral on Carnival, Lowers Price Target to $45",0,decrease,0.8,0.7,,127,29,0.0,,,,,,,,,,,,,,,,,,,,,,,,,,
24399,CITY OFFICE REIT INC,City Office REIT shares are trading lower after the company reported a 6 million common stock offering.,0,decrease,0.8,0.7,,132,29,0.0,,,,,,,,,,,,,,,,,,,,,,,,,,
24407,CITY OFFICE REIT INC,City Office REIT Reports 6M Share Common Stock Offering,0,uncertain,0.6,0.4,,125,29,1.0,,,,,,,,,,,,,,,,,,,,,,,,,,
24415,CIRCOR INTERNATIONAL INC,"CIRCOR Reports Will Sell Its Distributed Valves Business, No Terms Disclosed",0,uncertain,0.6,0.3,,127,29,1.0,,,,,,,,,,,,,,,,,,,,,,,,,,
24423,CLOROX CO,Clorox Cuts FY20 Gross Margin Sales Guidance From Flat To Down Slightly,0,decrease,0.8,0.7,,126,29,0.0,,,,,,,,,,,,,,,,,,,,,,,,,,
24431,CLOROX CO,"Clorox Sets Long-Term Financial Goals: Net Sales Growth 2-4%, EBIT Margin 25-50 Basis Points, Free Cash Flow Of 11-13% Of Sales",0,uncertain,0.6,0.3,,148,29,1.0,,,,,,,,,,,,,,,,,,,,,,,,,,
24439,CLOROX CO,Clorox Cuts FY20 Guidance From $6.30-$6.50 To $6.05-$6.25 vs $6.37 Est.; Revised Guidance Reflects Revised Foreign Currency Asusmptions,0,decrease,0.8,0.7,,152,29,0.0,,,,,,,,,,,,,,,,,,,,,,,,,,
24447,CLOROX CO,"UPDATE: Clorox Cuts FY20 EPS Guidance From $6.30-$6.50 To $6.05-$6.25 vs $6.37 Estimate, Sales From Flat To Up 2% To Down In Low Single Digit Range",0,decrease,0.8,0.7,,160,29,0.0,,,,,,,,,,,,,,,,,,,,,,,,,,
24455,CLOROX CO,"Clorox Shares Make Parabolic Move, Dip To Session Low, Quickly Rebound; Hearing Co. Cut FY20 Guidance At Investor Day",0,uncertain,0.7,0.5,,137,29,1.0,,,,,,,,,,,,,,,,,,,,,,,,,,
24463,C M E GROUP INC,"Global Commodity Tech Association Aims To Reduce Industry Costs, Increase Efficiency",0,increase,0.8,0.7,,125,28,2.0,,,,,,,,,,,,,,,,,,,,,,,,,,
24471,CANADIAN NATIONAL RAILWAY CO,Canadian National Railway Reports Unifor-Affiliated CNTL Drivers Ratified A New Collective Deal,0,uncertain,0.6,0.3,,137,29,1.0,,,,,,,,,,,,,,,,,,,,,,,,,,
24479,CANADIAN NATURAL RESOURCES LTD,National Bank Financial Downgrades Canadian Natural Res to Sector Perform,0,decrease,0.8,0.7,,128,29,0.0,,,,,,,,,,,,,,,,,,,,,,,,,,
24487,SALESFORCE INC,Salesforce Projects Record US E-Commerce Sales Over Holiday Season,0,increase,0.8,0.7,,121,28,2.0,,,,,,,,,,,,,,,,,,,,,,,,,,
24495,SALESFORCE INC,Salesforce Forecasts 13%YoY Growth In Holiday Sales With Total Sales Reaching $136B In The US And $768B Globally,0,increase,0.8,0.7,,139,28,2.0,,,,,,,,,,,,,,,,,,,,,,,,,,
24503,CAESARSTONE SDOT YAM LTD,Caesarstone Shares Fall As Traders Circulate NPR Article Highlighting Lung Damage And Health Issues Arising From Artificial Stone On Countertops,0,decrease,0.8,0.7,,147,29,0.0,,,,,,,,,,,,,,,,,,,,,,,,,,
24511,DELTA AIR LINES INC,Delta Projects Strong 3Q Despite Cargo Slump,0,uncertain,0.6,0.3,,123,29,1.0,,,,,,,,,,,,,,,,,,,,,,,,,,
24519,DELTA AIR LINES INC,Delta Sees Prelim. Q3 Adj. EPS $2.20-$2.30 vs $2.27 Est.,0,uncertain,0.6,0.3,,138,29,1.0,,,,,,,,,,,,,,,,,,,,,,,,,,
24527,DELTA AIR LINES INC,"Morgan Stanley Maintains Equal-Weight on Delta Air Lines, Lowers Price Target to $63",0,decrease,0.8,0.7,,133,29,0.0,,,,,,,,,,,,,,,,,,,,,,,,,,
24535,DUPONT DE NEMOURS INC,DuPont De Nemours shares are trading lower after UBS lowered the price target from $91 to $87.,0,decrease,0.8,0.5,,137,29,0.0,,,,,,,,,,,,,,,,,,,,,,,,,,
24543,DUPONT DE NEMOURS INC,"UBS Maintains Buy on DuPont de Nemours, Lowers Price Target to $87",0,uncertain,0.6,0.3,,134,29,1.0,,,,,,,,,,,,,,,,,,,,,,,,,,
24551,DIAGEO PLC,This Day In Market History: The Guinness IPO,0,uncertain,0.6,0.3,,118,29,1.0,,,,,,,,,,,,,,,,,,,,,,,,,,
24559,DOW INC,"UBS Maintains Buy on Dow, Lowers Price Target to $56",0,uncertain,0.6,0.3,,122,29,1.0,,,,,,,,,,,,,,,,,,,,,,,,,,
24567,DOMINOS PIZZA INC,"Wells Fargo Maintains Market Perform on Domino's Pizza, Lowers Price Target to $261",0,decrease,0.8,0.7,,134,29,0.0,,,,,,,,,,,,,,,,,,,,,,,,,,
24575,DURECT CORP,Durect shares are trading higher after the company announced the FDA Advisory Committee plans to meet to review POSIMIR for the treatment of post-surgical pain.,0,increase,0.8,0.7,,142,28,2.0,,,,,,,,,,,,,,,,,,,,,,,,,,
24583,DURECT CORP,DURECT Announces FDA Advisory Committee Meeting To Review POSIMIR For The Treatment Of Post-Surgical Pain; Meeting Scheduled For Jan. 16,0,increase,0.8,0.7,,141,28,2.0,,,,,,,,,,,,,,,,,,,,,,,,,,
24591,EQUIFAX INC,"UPDATE: Bank Of America Maintains Underperform On Equifax, Raises Target To $130 As Firm Is Optimistic Over The Long-Term But Continues 'to believe the USIS growth rebuild will take time and see few short-term catalysts'",0,uncertain,0.7,0.4,,158,29,1.0,,,,,,,,,,,,,,,,,,,,,,,,,,
24599,EQUIFAX INC,"Bank of America Maintains Underperform on Equifax, Raises Price Target to $130",0,uncertain,0.6,0.3,,126,29,1.0,,,,,,,,,,,,,,,,,,,,,,,,,,
24607,ISHARES INC,Shaykh Mazhar Air Base Near Baghdad Said to be Under Renovation by Iran's Revolutionary Guards Possibly for Missile and Armed Drone Attacks on Israel,0,uncertain,0.7,0.5,,140,29,1.0,,,,,,,,,,,,,,,,,,,,,,,,,,
24615,EASTMAN CHEMICAL CO,"UBS Maintains Buy on Eastman Chemical, Lowers Price Target to $95",0,uncertain,0.6,0.3,,130,29,1.0,,,,,,,,,,,,,,,,,,,,,,,,,,
24623,ISHARES TRUST,US Trade Rep Says Expects To Enter Talks With EU To Resolve Dispute In A Way That Will Benefit American Workers,0,uncertain,0.6,0.3,,136,29,1.0,,,,,,,,,,,,,,,,,,,,,,,,,,
24631,ISHARES TRUST,US Trade Reps Section 301 Investigation - EU Large Civil Aircraft Final Product List,0,uncertain,0.6,0.3,,129,29,1.0,,,,,,,,,,,,,,,,,,,,,,,,,,
24639,ISHARES TRUST,"US Trade Rep Tariff List Includes Cheese, German Tools, Welding Machinery, Camera Lenses, Coffee",0,uncertain,0.7,0.5,,134,29,1.0,,,,,,,,,,,,,,,,,,,,,,,,,,
24647,ISHARES TRUST,"US Trade Rep Will Target Single-Malt Irish, Scotch Whiskies In EU Aircraft Tariff List, UK-Made Sweaters, Pullovers, Cashmere Items, Wool Clothing",0,uncertain,0.6,0.4,,150,29,1.0,,,,,,,,,,,,,,,,,,,,,,,,,,
24655,ISHARES TRUST,"'#BREAKING UK PM to suspend parliament from Oct 8-14, according to Downing St' -AFP news agency Tweets",0,uncertain,0.6,0.3,,138,29,1.0,,,,,,,,,,,,,,,,,,,,,,,,,,
24663,ISHARES TRUST,UK Official Highlights Latest Brexit Proposal Would Require EU To Adjust Custom Rules,0,uncertain,0.6,0.3,,126,29,1.0,,,,,,,,,,,,,,,,,,,,,,,,,,
24671,ISHARES TRUST,"EU Commission Head Juncker Says EU Wants A Brexit Deal, Will Remain United, Ready To Work To Make This Happen",0,uncertain,0.6,0.3,,137,29,1.0,,,,,,,,,,,,,,,,,,,,,,,,,,
24679,ISHARES TRUST,'Sky Sources say Parliament to be prorogued on Tuesday before Queen's speech is held on 14 October' -Sky News,0,uncertain,0.6,0.3,,140,29,1.0,,,,,,,,,,,,,,,,,,,,,,,,,,
24687,ISHARES TRUST,"UK Opposition Leader Says Doesn't See Prime Minister's New Proposals Getting Support, Calls Latest Deal 'Not Acceptable'",0,uncertain,0.7,0.3,,136,29,1.0,,,,,,,,,,,,,,,,,,,,,,,,,,
24695,ISHARES TRUST,UPDATE: 'PM's new Brexit offer calls for backstop to be abolished' -Sky News,0,uncertain,0.6,0.3,,132,29,1.0,,,,,,,,,,,,,,,,,,,,,,,,,,
24703,ISHARES TRUST,"Hearing UK's Brexit Proposal Has Removed Backstop, Shows UK Will Take Control Of Its Own Regulatory Affairs, Trade Policy",0,increase,0.8,0.7,,137,28,2.0,,,,,,,,,,,,,,,,,,,,,,,,,,
24711,ISHARES TRUST,"Germany's Merkel Says We Will Continue To Negotiate On Brexit, But Preparing For No-Deal Scenario",0,uncertain,0.6,0.3,,134,29,1.0,,,,,,,,,,,,,,,,,,,,,,,,,,
24719,ISHARES TRUST,UK PM Johnson Says Today in Brussels We Are Tabling What I Believe Are Constructive and Reasonable Proposals That Provide a Compromise for Both Sides,0,uncertain,0.6,0.3,,144,29,1.0,,,,,,,,,,,,,,,,,,,,,,,,,,
24727,ISHARES TRUST,European Commission Spokeswoman Says Juncker to Hold Call With PM Johnson at 1515 GMT; Says EU Wants a Deal,0,uncertain,0.6,0.3,,138,29,1.0,,,,,,,,,,,,,,,,,,,,,,,,,,
24735,ISHARES INC,"U.S. State Department Spokeswoman, In Response to N. Korea Missile Launch, Calls on N. Korea to Refrain from Provocations",0,uncertain,0.7,0.3,,140,29,1.0,,,,,,,,,,,,,,,,,,,,,,,,,,
24743,EXPEDITORS INTERNATIONAL WA INC,"Barclays Downgrades Expeditors International to Equal-Weight, Lowers Price Target to $72",0,decrease,0.8,0.7,,134,29,0.0,,,,,,,,,,,,,,,,,,,,,,,,,,
24751,FORD MOTOR CO DEL,Ford Motor Company shares are trading lower after the company reported Q3 US vehicle sales fell 4.9% from last year.,0,decrease,0.8,0.7,,136,29,0.0,,,,,,,,,,,,,,,,,,,,,,,,,,
24759,FORD MOTOR CO DEL,"Ford Motor Reports Q3 Total US Vehicle Sales Of 580,251 Units, Down 4.9%",0,decrease,0.8,0.6,,132,29,0.0,,,,,,,,,,,,,,,,,,,,,,,,,,
24767,FEDEX CORP,ChemDirect Joins Blockchain Alliance,0,increase,0.8,0.6,,115,28,2.0,,,,,,,,,,,,,,,,,,,,,,,,,,
24775,FIRST HORIZON CORP,"Wells Fargo Maintains Outperform on First Horizon National, Raises Price Target to $19",0,increase,0.8,0.7,,131,28,2.0,,,,,,,,,,,,,,,,,,,,,,,,,,
24783,FLUOR CORP NEW,Floor & Decor Holdings Option Alert: Nov 15 $52.5 Calls at the Ask: 850 @ $2.101 vs 72 OI; Earnings 10/31 Before Open [est] Ref=$47.355,0,uncertain,0.6,0.3,,161,29,1.0,,,,,,,,,,,,,,,,,,,,,,,,,,
24791,AMICUS THERAPEUTICS INC,Amicus Therapeutics shares are trading lower after the company reported data from its Phase 1/2 clinical study of AT-GAA for Pompe disease.,0,uncertain,0.6,0.4,,148,29,1.0,,,,,,,,,,,,,,,,,,,,,,,,,,
24799,CEDAR FAIR L P,Cedar Fair Shares Expected To Open For Trade At 12:02:44 p.m. EDT,0,uncertain,0.6,0.3,,135,29,1.0,,,,,,,,,,,,,,,,,,,,,,,,,,
24807,CEDAR FAIR L P,UPDATE: Cedar Fair Shares Up 10%,0,increase,0.8,0.1,,123,28,2.0,,,,,,,,,,,,,,,,,,,,,,,,,,
24815,ALPHABET INC,Alphabet shares are trading lower in sympathy with the overall market amid fears of a recession.,0,uncertain,0.7,0.5,,128,29,1.0,,,,,,,,,,,,,,,,,,,,,,,,,,
24823,GOPRO INC,"GoPro Cites 'late stage production delay, HERO8 Black shipments will shift from the third quarter to the fourth quarter of 2019, resulting in a significant revenue shift between the quarters'",0,decrease,0.8,0.9,,145,29,0.0,,,,,,,,,,,,,,,,,,,,,,,,,,
24831,GOPRO INC,"GoPro Says Expects To Increase Cash Sharply During Q4 And To End Of Year With Cash, Cash Equivalents ~$200M",0,increase,0.8,0.7,,136,28,2.0,,,,,,,,,,,,,,,,,,,,,,,,,,
24839,GOPRO INC,"GoPro Sees Prelim. Q3 Sales $123M-$127M vs $308.2M Estimate, Adj. Loss $65M-$75M",0,decrease,0.8,0.9,,140,29,0.0,,,,,,,,,,,,,,,,,,,,,,,,,,
24847,GOPRO INC,"GoPro Sees Prelim. FY19 Adj. EPS $0.30-$0.35 vs $0.39 Estimate, Sales $1.215B-$1.25B vs $1.26B Est.",0,decrease,0.8,0.7,,152,29,0.0,,,,,,,,,,,,,,,,,,,,,,,,,,
24855,GOPRO INC,"UPDATE: GoPro Cuts Prelim. H2'19 Guidance: Adj. EPS From $0.37-$0.49 To $0.33-$0.39, Sales Growth From 9-12% To 6-9%, Or $680M-$715M",0,decrease,0.8,0.7,,165,29,0.0,,,,,,,,,,,,,,,,,,,,,,,,,,
24863,GOPRO INC,GoPro Cuts H2'19 Guidance,0,decrease,0.8,0.7,,116,29,0.0,,,,,,,,,,,,,,,,,,,,,,,,,,
24871,HERON THERAPEUTICS INC,Heron Announces Topline Results From Phase 3b Clinical Study Of HTX-011 In Total Knee Arthroplasty,0,increase,0.8,0.7,,143,28,2.0,,,,,,,,,,,,,,,,,,,,,,,,,,
24879,HUMANA INC,Humana To Expand Health Plan Choices For Medicare Beneficiaries In New Jersey; Will Offer Coverage In Total Of 13 Counties,0,increase,0.8,0.7,,134,28,2.0,,,,,,,,,,,,,,,,,,,,,,,,,,
24887,HUNTSMAN CORP,"UBS Maintains Buy on Huntsman, Raises Price Target to $28",0,increase,0.8,0.7,,128,28,2.0,,,,,,,,,,,,,,,,,,,,,,,,,,
24895,INTERACTIVE BROKERS GROUP INC,"Compass Point Upgrades Interactive Brokers Group to Buy, Announces $56 Price Target",0,increase,0.9,0.8,,133,28,2.0,,,,,,,,,,,,,,,,,,,,,,,,,,
24903,INTERNATIONAL FLAVORS & FRAG INC,"UBS Maintains Buy on Intl Flavors & Fragrances, Lowers Price Target to $163",0,uncertain,0.6,0.4,,137,29,1.0,,,,,,,,,,,,,,,,,,,,,,,,,,
24911,ILLUMINA INC,Illumina Shares Unaffected Amid Headline GMI Has Again Sued Co. For Patent Infringement,0,uncertain,0.7,0.3,,134,29,1.0,,,,,,,,,,,,,,,,,,,,,,,,,,
24919,INFOSYS LTD,"SAP, Infosys Collaborate to Accelerate Enterprise Digital Transformation for Clients",0,increase,0.8,0.7,,124,28,2.0,,,,,,,,,,,,,,,,,,,,,,,,,,
24927,INTRA CELLULAR THERAPIES INC,Intra-Cellular Therapies shares are trading higher on a potential rebound after the stock dropped more than 10% yesterday.,0,uncertain,0.6,0.5,,145,29,1.0,,,,,,,,,,,,,,,,,,,,,,,,,,
24935,JETBLUE AIRWAYS CORP,"Morgan Stanley Maintains Equal-Weight on JetBlue Airways, Lowers Price Target to $20",0,decrease,0.8,0.7,,135,29,0.0,,,,,,,,,,,,,,,,,,,,,,,,,,
24943,J D COM INC,JD.com Option Alert: Fri $28 Puts at the Bid: 3000 @ $0.31 vs 17062 OI; Earnings 11/18 Before Open [est] Ref=$28.125,0,uncertain,0.6,0.4,,154,29,1.0,,,,,,,,,,,,,,,,,,,,,,,,,,
24951,JOHNSON & JOHNSON,J&J's Janssen Submits Supplemental New Drug Application To FDA For SPRAVATO CIII Nasal Spray For The Rapid Reduction Of Depressive Symptoms In Adults With Major Depressive Disorder Who Have Active Suicidal Ideation With Intent,0,increase,0.8,0.7,,170,28,2.0,,,,,,,,,,,,,,,,,,,,,,,,,,
24959,JOHNSON & JOHNSON,Johnson & Johnson shares are trading higher after the company reached a settlement agreement with two Ohio counties ahead of upcoming opioid trial. The company will pay a total of $20.4 million in relation to the settlement.,0,uncertain,0.6,0.3,,160,29,1.0,,,,,,,,,,,,,,,,,,,,,,,,,,
24967,JOHNSON & JOHNSON,UPDATE: JNJ To Pay $5M Of Ohio Counties' Legal Fees And Will Direct $5.4M To Opiod-Related Charitable Programs,0,uncertain,0.6,0.3,,151,29,1.0,,,,,,,,,,,,,,,,,,,,,,,,,,
24975,JOHNSON & JOHNSON,Johnson & Johnson Reaches Settlement Agreement with Two Ohio Counties Ahead of Upcoming Opioid Trial; JNJ to Pay $10M to Cuyahoga and Summit Counties,0,uncertain,0.6,0.3,,154,29,1.0,,,,,,,,,,,,,,,,,,,,,,,,,,
24983,KINDER MORGAN INC,TD Securities Initiates Coverage On Kinder Morgan with Buy Rating,0,increase,0.8,0.7,,124,28,2.0,,,,,,,,,,,,,,,,,,,,,,,,,,
24991,CARMAX INC,CarMax shares are trading lower amid recession fears causing demand concerns in multiple different sectors.,0,decrease,0.8,0.7,,123,29,0.0,,,,,,,,,,,,,,,,,,,,,,,,,,
24999,KANDI TECHNOLOGIES GROUP INC,Kandi To Launch Hainan Manufactured Pure EV Model K23 In American Market,0,increase,0.8,0.7,,134,28,2.0,,,,,,,,,,,,,,,,,,,,,,,,,,
25007,COCA COLA CO,Coca-Cola Co shares are trading lower in sympathy with the overall market amid global recession concerns.,0,uncertain,0.7,0.5,,129,29,1.0,,,,,,,,,,,,,,,,,,,,,,,,,,
25015,KRATOS DEFENSE & SECUR SOLS INC,Kratos Receives $5M Sole-Source Contract For Tactical Jet Drone Mission System Integration And Test Work,0,increase,0.8,0.7,,144,28,2.0,,,,,,,,,,,,,,,,,,,,,,,,,,
25023,LAMAR ADVERTISING CO NEW,'Fast Money Halftime Report' Picks For October 2,0,uncertain,0.6,0.2,,129,29,1.0,2019-10-02,83879.0,1.2140680104494097,0.2477662800316915,1.3255694373442095,-0.9764470160007476,-0.4662064175393277,-0.2581744078171466,-0.5054,0.7607,0.7886,-1.73,0.9,-0.36,0.007,0.8518779999999999,0.8069,0.5549,-0.8649,0.8125,-1.4368,-0.5315,0.2676,0.0653,-0.856,0.0603
25031,LENNAR CORP,CORRECTION: Lennar Gave Q4 Deliveries Guidance On Call Of 15.8-16K Homes; Initial headline included incorrect deliveries figures from the source,0,uncertain,0.7,0.3,,146,29,1.0,2019-10-02,52708.0,1.193356327712536,2.0754077828912143,5.7938404571119095,-0.2327614231035113,1.8274853251512235,0.2699325780897377,3.7688,4.2998,0.5944,-1.73,0.9,-0.36,0.007,4.790112000000001,0.8054,1.1747,-0.1493,0.7349,-0.3749,-0.3396,-1.6366,1.1242,0.4639,2.2857
25039,LENNAR CORP,CORRECTION: Lennar Gave Q4 Deliveries Guidance On Call Of 15.8-16K Homes; Initial headline included incorrect deliveries figures from the source,0,uncertain,0.7,0.3,,146,29,1.0,2019-10-02,52708.0,1.193356327712536,2.0754077828912143,5.7938404571119095,-0.2327614231035113,1.8274853251512235,0.2699325780897377,3.7688,4.2998,0.5944,-1.73,0.9,-0.36,0.007,4.790112000000001,0.8054,1.1747,-0.1493,0.7349,-0.3749,-0.3396,-1.6366,1.1242,0.4639,2.2857
25047,LENNAR CORP,From Lennar Q3 Earnings Conference Call: Sees Q4 Deliveries 15.8K-16K Homes,0,uncertain,0.6,0.3,,137,29,1.0,2019-10-02,52708.0,1.193356327712536,2.0754077828912143,5.7938404571119095,-0.2327614231035113,1.8274853251512235,0.2699325780897377,3.7688,4.2998,0.5944,-1.73,0.9,-0.36,0.007,4.790112000000001,0.8054,1.1747,-0.1493,0.7349,-0.3749,-0.3396,-1.6366,1.1242,0.4639,2.2857
25055,LENNAR CORP,From Lennar Q3 Earnings Conference Call: Sees Q4 Deliveries 15.8K-16K Homes,0,increase,0.8,0.7,,137,28,2.0,2019-10-02,52708.0,1.193356327712536,2.0754077828912143,5.7938404571119095,-0.2327614231035113,1.8274853251512235,0.2699325780897377,3.7688,4.2998,0.5944,-1.73,0.9,-0.36,0.007,4.790112000000001,0.8054,1.1747,-0.1493,0.7349,-0.3749,-0.3396,-1.6366,1.1242,0.4639,2.2857
25063,LENNAR CORP,From Lennar Q3 Earnings Conference Call: Sees Q4 Gross Margins 21.25-21.5%,0,uncertain,0.6,0.3,,137,29,1.0,2019-10-02,52708.0,1.193356327712536,2.0754077828912143,5.7938404571119095,-0.2327614231035113,1.8274853251512235,0.2699325780897377,3.7688,4.2998,0.5944,-1.73,0.9,-0.36,0.007,4.790112000000001,0.8054,1.1747,-0.1493,0.7349,-0.3749,-0.3396,-1.6366,1.1242,0.4639,2.2857
25071,LENNAR CORP,From Lennar Q3 Earnings Conference Call: Sees Q4 Gross Margins 21.25-21.5%,0,uncertain,0.6,0.3,,137,29,1.0,2019-10-02,52708.0,1.193356327712536,2.0754077828912143,5.7938404571119095,-0.2327614231035113,1.8274853251512235,0.2699325780897377,3.7688,4.2998,0.5944,-1.73,0.9,-0.36,0.007,4.790112000000001,0.8054,1.1747,-0.1493,0.7349,-0.3749,-0.3396,-1.6366,1.1242,0.4639,2.2857
25079,LENNAR CORP,Lennar Reports Q3 Earnings Beat,0,increase,0.8,0.7,,120,28,2.0,2019-10-02,52708.0,1.193356327712536,2.0754077828912143,5.7938404571119095,-0.2327614231035113,1.8274853251512235,0.2699325780897377,3.7688,4.2998,0.5944,-1.73,0.9,-0.36,0.007,4.790112000000001,0.8054,1.1747,-0.1493,0.7349,-0.3749,-0.3396,-1.6366,1.1242,0.4639,2.2857
25087,LENNAR CORP,Lennar Reports Q3 Earnings Beat,0,increase,0.8,0.7,,120,28,2.0,2019-10-02,52708.0,1.193356327712536,2.0754077828912143,5.7938404571119095,-0.2327614231035113,1.8274853251512235,0.2699325780897377,3.7688,4.2998,0.5944,-1.73,0.9,-0.36,0.007,4.790112000000001,0.8054,1.1747,-0.1493,0.7349,-0.3749,-0.3396,-1.6366,1.1242,0.4639,2.2857
25095,LENNAR CORP,Lennar Reports Q3 Home Orders Up 9%,0,increase,0.8,0.7,,122,28,2.0,2019-10-02,52708.0,1.193356327712536,2.0754077828912143,5.7938404571119095,-0.2327614231035113,1.8274853251512235,0.2699325780897377,3.7688,4.2998,0.5944,-1.73,0.9,-0.36,0.007,4.790112000000001,0.8054,1.1747,-0.1493,0.7349,-0.3749,-0.3396,-1.6366,1.1242,0.4639,2.2857
25103,LENNAR CORP,Lennar Reports Q3 Home Orders Up 9%,0,increase,0.8,0.7,,122,28,2.0,2019-10-02,52708.0,1.193356327712536,2.0754077828912143,5.7938404571119095,-0.2327614231035113,1.8274853251512235,0.2699325780897377,3.7688,4.2998,0.5944,-1.73,0.9,-0.36,0.007,4.790112000000001,0.8054,1.1747,-0.1493,0.7349,-0.3749,-0.3396,-1.6366,1.1242,0.4639,2.2857
25111,LENNAR CORP,"Lennar Q3 EPS $1.59 Beats $1.32 Estimate, Sales $5.857B Beat $5.49B Estimate",0,increase,0.9,0.8,,141,28,2.0,2019-10-02,52708.0,1.193356327712536,2.0754077828912143,5.7938404571119095,-0.2327614231035113,1.8274853251512235,0.2699325780897377,3.7688,4.2998,0.5944,-1.73,0.9,-0.36,0.007,4.790112000000001,0.8054,1.1747,-0.1493,0.7349,-0.3749,-0.3396,-1.6366,1.1242,0.4639,2.2857
25119,LENNAR CORP,"Lennar Q3 EPS $1.59 Beats $1.32 Estimate, Sales $5.857B Beat $5.49B Estimate",0,increase,0.9,0.8,,141,28,2.0,2019-10-02,52708.0,1.193356327712536,2.0754077828912143,5.7938404571119095,-0.2327614231035113,1.8274853251512235,0.2699325780897377,3.7688,4.2998,0.5944,-1.73,0.9,-0.36,0.007,4.790112000000001,0.8054,1.1747,-0.1493,0.7349,-0.3749,-0.3396,-1.6366,1.1242,0.4639,2.2857
25127,L L FLOORING HOLDINGS INC,"Entered Settlement Agreement With Gold Plaintiffs Consistent With Terms Of Gold MOU, Will Pay $14M In Cash And Provide $14M In Store Credit Vouchers With Additional $2M In Vouchers Possible; Settlement To Compensate Putative Class Members",0,uncertain,0.6,0.3,,169,29,1.0,2019-10-02,92400.0,1.4412323012948036,1.6629668058813385,7.095336607042424,-3.5460934042930603,-1.3471415628518058,0.8474670836264186,-5.2521,-3.7052,1.2481,-1.73,0.9,-0.36,0.007,-3.0998870000000003,1.1582,1.1198,-0.9568,2.7547,-2.1646,0.4309,-2.3012,4.1265,-1.2248,0.7106
25135,LILLY ELI & CO,Eli Lilly Highlights Availability Of Emgality In Canada,0,increase,0.8,0.7,,126,28,2.0,2019-10-02,50876.0,0.2710288856178522,0.2803766401296093,0.8878474879961296,-0.7779689971357584,-1.2547865350513443,-0.7690937331874648,-3.5689,-2.1543,0.6321,-1.73,0.9,-0.36,0.007,-2.482367,-0.5226,-0.298,-0.0099,0.31,-0.7559,-0.8403,0.8485,-0.4832,1.0747,-1.2312
25143,COMSTOCK INC,Comstock Mining Says Entered Into Equity Purchase Agreement With Leviston Resources; Co. May Offer And Sell Up To $1.25M Of Shares,0,uncertain,0.6,0.4,,138,29,1.0,2019-10-02,12840.0,-1.960781030356884,-2.941175263247753,-9.313722865233563,1.4084535650908947,2.8571486947365443,-1.4598516328330755,-5.5556,-7.3827,-0.1693,-1.73,0.9,-0.36,0.007,-5.8554889999999995,-1.5197,5.847,-3.416,-0.1269,-1.8277,-1.7098,-3.1754,3.0403,-3.7715,-0.7756
25151,LOWES COMPANIES INC,Lowe's Companies Option Alert: Jan 17 $97.5 Puts at the Bid: 7773 @ $2.951 vs 2296 OI; Earnings 11/19 Before Open [est] Ref=$107.22,0,uncertain,0.6,0.4,,164,29,1.0,2019-10-02,61399.0,0.0188098478247411,-0.0470102393112847,5.622946513325333,-0.4001477267593145,-0.0182620568035196,-1.0838191525634475,-2.8944,-1.0756,1.0739,-1.73,0.9,-0.36,0.007,-1.0435530000000002,-0.6908,-0.4907,1.1855,0.1469,-1.1403,1.1181,1.0446,0.0832,0.4966,0.1139
25159,LOUISIANA PACIFIC CORP,Longbow Research Downgrades Louisiana-Pacific to Neutral,0,decrease,0.8,0.7,,126,29,0.0,2019-10-02,56223.0,1.658160611987114,2.7210857535877597,12.712583671250057,-2.725793607532978,-3.975902738675441,-5.119051067595581,-1.6311,-1.1149,0.6987,-1.73,0.9,-0.36,0.007,-0.429349,1.434,0.0835,0.4379,1.1804,0.0225,0.3914,1.1942,0.9033,-0.9221,5.8124
25167,SOUTHWEST AIRLINES CO,"Morgan Stanley Maintains Overweight on Southwest Airlines, Raises Price Target to $60",0,increase,0.9,0.8,,134,28,2.0,2019-10-02,58683.0,0.4227467346936464,2.786319657580494,3.132200667370122,-1.184964645653963,-1.7850592815958355,-2.2169344965069615,-2.492,-1.097,0.9199,-1.73,0.9,-0.36,0.007,-0.907573,-0.0645,-0.1516,0.8155,1.5107,0.1703,-0.175,-0.8115,0.445,-0.695,-0.8335
25175,LYONDELLBASELL INDUSTRIES N V,"UBS Maintains Neutral on LyondellBasell Industries, Raises Price Target to $93",0,increase,0.8,0.7,,142,28,2.0,2019-10-02,12345.0,0.995138380676508,-2.5589427484536964,2.416767080521942,-3.4536760300397873,-2.6155578209274055,-1.2800031268255574,-2.2806,-0.3471,1.1431,-1.73,0.9,-0.36,0.007,-0.3100370000000003,0.8657,-1.4259,-0.7873,-1.0274,-0.0066,1.3099,3.1839,-0.4216,-1.3118,-0.9336
25183,LIVE NATION ENTERTAINMENT INC,"Jefferies Initiates Coverage On Live Nation Entertainment with Buy Rating, Announces $84 Price Target",0,increase,0.8,0.7,,137,28,2.0,2019-10-02,91041.0,2.1810561418533325,1.8822743341412096,1.1801625582522624,-0.1507363282144069,-0.1507363282144069,-1.5896593778115475,1.0568,2.268,0.9538,-1.73,0.9,-0.36,0.007,2.6998740000000003,1.0487,0.4034,0.2809,-1.2204,0.1882,-1.1834,-0.4797,-0.3135,-0.9517,-0.1006
25191,MASCO CORP,"Barclays Maintains Overweight on Masco, Raises Price Target to $47",0,increase,0.8,0.7,,126,28,2.0,2019-10-02,34032.0,1.393301598727703,2.6399458459411385,7.11538433654999,0.8157392963767052,0.8157392963767052,1.350702807480708,-2.6416,-1.0816,1.0693,-1.73,0.9,-0.36,0.007,-0.7987110000000002,0.9647,1.211,-0.0917,-0.1793,0.5364,-0.6032,0.7149,-0.3882,0.3008,1.3266
25199,MCDONALDS CORP,McDonald's Option Alert: Jan 17 $190 Puts at the Bid: 720 @ $2.75 vs 1199 OI; Earnings 10/22 Before Open Ref=$207.67,0,uncertain,0.6,0.4,,159,29,1.0,2019-10-02,43449.0,1.8228508532047272,3.180296394694704,0.9841463148385854,-2.6500871405005455,-1.942202640974433,-1.6839141757719944,-1.3157,-0.2311,0.415,-1.73,0.9,-0.36,0.007,-0.60475,1.2989,-0.0515,0.3543,0.205,0.136,-0.9313,-1.5498,-0.4176,-0.8826,0.8435
25207,MOODYS CORP,"Moody's Acquires Deloitte's ABS Suite Business, Terms Not Disclosed",0,increase,0.8,0.7,,128,28,2.0,2019-10-02,48506.0,1.3972867280244827,6.5240570668002595,10.3348391420673,-1.630618795752525,-2.132309803859822,-5.4836232632500925,-2.3227,-0.2949,1.1406,-1.73,0.9,-0.36,0.007,-0.3564620000000003,0.3116,0.3329,2.764,0.619,0.7503,-0.0314,0.1304,0.3173,0.7806,-0.3409
25215,MEDIWOUND LTD,MediWound Says Entered Into Series Of Settlement Agreements With PolyHeal; Co. Paid ~$2.8M And Received 14.473K Shares Of PolyHeal,0,uncertain,0.6,0.3,,149,29,1.0,2019-10-02,14546.0,3.050844557583332,-0.3389826459602507,-4.745766115151673,-4.0625035762786865,-0.4862270452028694,-3.7617591996505495,-3.9088,-2.9167,0.6578,-1.73,0.9,-0.36,0.007,-2.777806,2.6235,-1.7925,-0.1125,-0.261,-1.1367,1.3997,-1.2737,1.2089,-1.9842,-5.461
25223,METLIFE INC,MetLife shares are trading lower as US markets fall amid recession fears.,0,decrease,0.8,0.7,,122,29,0.0,2019-10-02,87842.0,0.3829736029729247,-0.0450562750523464,3.5368317827822793,-2.3961005732417107,-2.8082807749143734,-2.230252712077041,-3.5629,-1.2354,1.1853,-1.73,0.9,-0.36,0.007,-1.5193310000000002,0.2567,0.303,-0.499,-0.4683,0.1888,0.3723,0.3223,0.0385,-0.0328,-0.4254
25231,MAGNA INTERNATIONAL INC,"Barclays Maintains Equal-Weight on Magna International, Lowers Price Target to $50",0,decrease,0.8,0.7,,129,29,0.0,2019-10-02,78045.0,-1.5001940540969372,-1.6383694935792503,6.257406544787192,-2.2501420229673386,-0.3250442559598387,-0.1914578767805097,-2.8199,-1.481,1.0173,-1.73,0.9,-0.36,0.007,-1.066971,-1.8792,-0.3375,0.4081,-0.8854,1.1624,0.4546,1.5018,1.0114,0.5466,1.3768
25239,MCCORMICK & CO INC,"Credit Suisse Maintains Neutral on McCormick & Co, Raises Price Target to $160",0,increase,0.8,0.7,,131,28,2.0,2019-10-02,52090.0,1.5843149274587631,1.3483986184322116,-2.2877196510435516,6.813815236091614,6.473209971111382,3.953916738782204,-1.3237,-0.3954,0.3612,-1.73,0.9,-0.36,0.007,-0.705824,0.8993,0.5396,-0.2242,-0.4688,-0.782,-0.7453,-0.7191,-1.1809,-1.5801,0.0002
25247,MCCORMICK & CO INC,"Credit Suisse Maintains Neutral on McCormick & Co, Raises Price Target to $160",0,increase,0.8,0.7,,131,28,2.0,2019-10-02,52090.0,1.5843149274587631,1.3483986184322116,-2.2877196510435516,6.813815236091614,6.473209971111382,3.953916738782204,-1.3237,-0.3954,0.3612,-1.73,0.9,-0.36,0.007,-0.705824,0.8993,0.5396,-0.2242,-0.4688,-0.782,-0.7453,-0.7191,-1.1809,-1.5801,0.0002
25255,MONSTER BEVERAGE CORP NEW,Monster Beverage shares are trading lower after Guggenheim downgraded the company's stock from Buy to Neutral and lowered the price target from $74 to $60.,0,decrease,0.8,0.7,,146,29,0.0,2019-10-02,88031.0,0.9071118198335172,2.1044991791502543,2.5399159347629707,-2.8246695175766945,-2.404433716505394,-2.336856912740526,-2.3041,-0.88,0.8763,-1.73,0.9,-0.36,0.007,-0.7951010000000003,0.3445,0.5401,-1.1558,1.7136,-0.0451,-0.8148,-0.8209,0.6272,-1.3204,0.5319
25263,MONSTER BEVERAGE CORP NEW,"Guggenheim Downgrades Monster Beverage to Neutral, Lowers Price Target to $60",0,decrease,0.8,0.7,,132,29,0.0,2019-10-02,88031.0,0.9071118198335172,2.1044991791502543,2.5399159347629707,-2.8246695175766945,-2.404433716505394,-2.336856912740526,-2.3041,-0.88,0.8763,-1.73,0.9,-0.36,0.007,-0.7951010000000003,0.3445,0.5401,-1.1558,1.7136,-0.0451,-0.8148,-0.8209,0.6272,-1.3204,0.5319
25271,ALTRIA GROUP INC,Alabama Sees 1st Vaping-linked Death As Us Toll Rises To 15,0,uncertain,0.6,0.3,,129,29,1.0,2019-10-02,13901.0,1.4921718277037144,5.595623082393719,8.206911852377674,0.635692710056901,2.5666553177471574,1.229709824296843,-2.3081,-0.961,0.5475,-1.73,0.9,-0.36,0.007,-1.367925,1.2106,1.131,1.5382,0.4612,0.41,0.6983,-1.5091,0.3264,1.2313,0.4327
25279,ALTRIA GROUP INC,"'Virginia Reports First Death Related To E-Cigarettes, Vaping' -CBS Local Baltimore",0,uncertain,0.6,0.3,,130,29,1.0,2019-10-02,13901.0,1.4921718277037144,5.595623082393719,8.206911852377674,0.635692710056901,2.5666553177471574,1.229709824296843,-2.3081,-0.961,0.5475,-1.73,0.9,-0.36,0.007,-1.367925,1.2106,1.131,1.5382,0.4612,0.41,0.6983,-1.5091,0.3264,1.2313,0.4327
25287,MARATHON PETROLEUM CORP,"The Andersons, Inc. And Marathon Petroleum Merge Four Ethanol Entities Into New Entity, The Andersons Marathon Holdings",0,uncertain,0.7,0.5,,140,29,1.0,2019-10-02,12872.0,1.3513500802218914,2.297298374922674,5.895266785066866,-0.6090517621487379,-3.2681787812378627,-0.7560801557298436,-1.9543,0.6006,1.4149,-1.73,0.9,-0.36,0.007,0.486477,0.8305,-0.5746,-0.0066,1.4111,0.1083,1.3503,0.4506,-0.1006,0.0777,-2.021
25295,MERCK & CO INC NEW,Merck's KEYTRUDA Now Approved as Monotherapy In China For First-Line Treatment Of Certain Patients With Advanced Non-Small Cell Lung Cancer (NSCLC) Whose Tumors Express PD-L1,0,increase,0.9,0.8,,155,28,2.0,2019-10-02,22752.0,1.3722066767513752,3.136483191951611,3.4672803215734405,-0.6771200802177191,0.8442852924415378,-0.3218843666219828,-2.3801,-1.0335,0.6262,-1.73,0.9,-0.36,0.007,-1.3037740000000002,0.4938,1.6172,-0.3979,-0.3856,0.1929,-0.9863,0.1832,0.3563,-0.2056,-0.3047
25303,MERCK & CO INC NEW,FDA Accepts Two Applications For Merck's DIFICID To Treat Children Aged Six Months Up To 18 years With Clostridium difficile Infections,0,increase,0.8,0.7,,145,28,2.0,2019-10-02,22752.0,1.3722066767513752,3.136483191951611,3.4672803215734405,-0.6771200802177191,0.8442852924415378,-0.3218843666219828,-2.3801,-1.0335,0.6262,-1.73,0.9,-0.36,0.007,-1.3037740000000002,0.4938,1.6172,-0.3979,-0.3856,0.1929,-0.9863,0.1832,0.3563,-0.2056,-0.3047
25311,MORGAN STANLEY DEAN WITTER & CO,"AirBnb Said to Hire Morgan Stanley, Goldman Sachs to Lead IPO in 2020",0,increase,0.8,0.7,,143,28,2.0,2019-10-02,69032.0,0.0497152796015143,0.5219963682220996,6.363414043937299,-3.023194707930088,-3.408027793255763,-2.90942730094802,-2.7791,-0.0373,1.3753,-1.73,0.9,-0.36,0.007,-0.4068310000000004,-0.2468,-0.5681,0.3481,0.1977,0.3283,0.4254,0.3084,1.0145,-0.5148,0.7643
25319,M S C I INC,"UBS Maintains Neutral on MSCI, Raises Price Target to $238",0,increase,0.8,0.6,,126,28,2.0,2019-10-02,92402.0,2.416548877954483,3.1828887207332457,6.243534970182507,-0.6980502046644688,0.1574858654415978,-3.2744384087873057,-1.6325,0.562,1.2046,-1.73,0.9,-0.36,0.007,0.444458,0.8267,-0.44,0.4262,-1.0345,0.9383,0.7184,-0.0084,-0.0386,-0.4131,0.0867
25327,VAIL RESORTS INC,"Barclays Maintains Overweight on Vail Resorts, Raises Price Target to $270",0,increase,0.8,0.7,,131,28,2.0,2019-10-02,84588.0,2.144773490726948,0.8758824928145614,3.555284142646564,0.4130789544433355,-3.578359122671848,-0.7686645436540629,-2.0569,-0.7992,0.9052,-1.73,0.9,-0.36,0.007,-0.4979040000000003,0.8302,-0.3226,-1.3451,0.8092,-0.9191,0.3988,-0.8046,0.2483,-1.1671,1.9937
25335,NEXTERA ENERGY PARTNERS LP,"Credit Suisse Maintains Outperform on NextEra Energy Partners, Raises Price Target to $53",0,increase,0.8,0.7,,139,28,2.0,2019-10-02,14734.0,0.1349521800875663,-3.470212679482587,-1.3495292974013309,-0.1135529368184506,0.7251855499493809,1.305182938979721,-1.7241,-0.6396,0.4613,-1.73,0.9,-0.36,0.007,-0.933051,-0.3918,-3.4661,0.6091,0.8202,-2.2039,0.3811,-0.1283,-0.1141,-0.4042,1.5406
25343,NETFLIX INC,Netflix Shares Down 1.8%; Hearing 7 Park Data Showed Softness In Int'l. Subscriber Data,0,decrease,0.8,0.7,,132,29,0.0,2019-10-02,89393.0,0.0447692873422056,-0.186546328390158,6.808939460808783,0.7323785685002804,2.4707314236220412,2.3812194625461913,-0.575,1.6452,1.5133,-1.73,0.9,-0.36,0.007,2.0360090000000004,-1.8503,-0.3114,1.1584,0.9866,-2.4912,4.276,-0.9504,1.2388,-2.2349,1.1084
25351,NETFLIX INC,Netflix Option Alert: Oct 11 $265 Calls Sweep (65) near the Ask: 551 @ $6.2 vs 1070 OI; Earnings 10/16 After Close Ref=$264.385,0,uncertain,0.6,0.3,,154,29,1.0,2019-10-02,89393.0,0.0447692873422056,-0.186546328390158,6.808939460808783,0.7323785685002804,2.4707314236220412,2.3812194625461913,-0.575,1.6452,1.5133,-1.73,0.9,-0.36,0.007,2.0360090000000004,-1.8503,-0.3114,1.1584,0.9866,-2.4912,4.276,-0.9504,1.2388,-2.2349,1.1084
25359,N I O INC,NIO shares are trading higher despite no company-specific news. This could potentially be a rebound after the stock dropped approximately 49% in the last month.,0,uncertain,0.6,0.4,,139,29,1.0,2019-10-02,18087.0,3.1446509063243866,3.144650748443767,-8.176100262972641,-15.384608507156372,-24.571425297430817,-32.65305950553468,20.4545,21.8323,1.4375,-1.73,0.9,-0.36,0.007,22.934375,2.4869,-2.3688,-4.0257,12.2469,-3.7686,-6.7603,-0.6416,-1.0221,-0.6814,-6.2639
25367,NANOSTRING TECHNOLOGIES INC,NanoString Technologies Earlier Announced Mark Winham As SVP Of Operations,0,uncertain,0.6,0.3,,129,29,1.0,2019-10-02,13962.0,5.291397497057915,0.4145382004880016,7.778597163082312,-3.473830595612526,-1.7444553854145672,-2.7531506895363544,-1.6075,-1.1124,1.0475,-1.73,0.9,-0.36,0.007,0.1976750000000002,4.5248,2.3614,-3.02,-3.8298,0.9091,0.8233,0.2946,2.8015,-0.2642,0.3254
25375,NOVARTIS A G,Novartis Says Positive 52-week PREVENT Data Confirm Cosentyx Efficacy in Addressing Entire axSpA Spectrum,0,increase,0.9,0.8,,139,28,2.0,2019-10-02,88233.0,0.995855312794447,1.5886235388155034,3.141673364369524,-0.9896439500153064,-1.5560647253680893,-0.966846629539797,-1.9642,-1.155,0.4453,-1.73,0.9,-0.36,0.007,-1.200831,0.4493,0.164,0.5261,-0.3772,-0.111,-0.0345,0.3464,-0.7756,0.4368,0.564
25383,ORGANOVO HOLDINGS INC,"UPDATE: Viscient Biosciences Offer For Organovo Shows Final Co., After Reverse Stock Split, Would Trade Under 'Viscient,' 'Most Like As A Stock In Price Range $4.50-$5.50,' With Market Cap $75M-$125M",0,uncertain,0.6,0.3,,170,29,1.0,2019-10-02,14033.0,8.249995857477188,-2.035711756768499,1.4642834865142618,1.458723470568657,-2.219760268490145,-2.002225467109775,5.9402,6.5487,0.8883,-1.73,0.9,-0.36,0.007,7.469959,7.7586,-8.2778,5.4774,-0.1833,-5.4444,-0.8556,1.4136,6.7084,-1.7995,-4.1956
25391,ORGANOVO HOLDINGS INC,Viscient Biosciences Reports Formally Submitted Merger Proposal To Organovo; Organovo Shareholders Would Hold Up To 43% Of Final Shares,0,uncertain,0.6,0.3,,145,29,1.0,2019-10-02,14033.0,8.249995857477188,-2.035711756768499,1.4642834865142618,1.458723470568657,-2.219760268490145,-2.002225467109775,5.9402,6.5487,0.8883,-1.73,0.9,-0.36,0.007,7.469959,7.7586,-8.2778,5.4774,-0.1833,-5.4444,-0.8556,1.4136,6.7084,-1.7995,-4.1956
25399,ORACLE CORP,"Oracle Acquires CrowdTwist, Terms Not Disclosed",0,uncertain,0.6,0.3,,120,29,1.0,2019-10-02,10104.0,1.335840206593275,3.0479720811551925,5.599136701301144,-2.235143631696701,-0.5361451140120432,-0.2965156186030104,-1.2082,0.5612,0.9761,-1.73,0.9,-0.36,0.007,0.4734530000000001,0.6053,0.9692,-0.2028,0.2191,0.381,1.1129,1.3178,-0.6072,-1.1887,-0.5887
25407,ORION GROUP HOLDINGS INC,Orion Group Holdings Announces $14M In Contract Awards,0,increase,0.8,0.7,,125,28,2.0,2019-10-02,92467.0,-2.168678306043148,3.614460072119008,-0.4819271725637786,-6.222226843237877,-5.168539970466945,-6.843276041804092,-1.6588,-1.6277,0.9389,-1.73,0.9,-0.36,0.007,-0.041503,-2.1544,2.2428,-2.987,2.5626,5.7143,-2.368,0.575,-1.8136,-2.7306,-0.7772
25415,OVERSTOCK COM INC DEL,Overstock shares are trading higher as a potential rebound from yesterday after the company announced the extension of its real-time personalization technology to its site.,0,increase,0.8,0.7,,141,28,2.0,2019-10-02,89394.0,-0.1926826313138008,2.9865075420347997,11.801536150995483,-9.25401747226715,-14.425644999348176,-23.30407150041596,8.0125,8.7322,1.2742,-1.73,0.9,-0.36,0.007,10.209866,-0.7999,-2.1704,9.9597,6.8151,-8.7513,1.7811,-4.1884,0.3232,2.6412,4.1384
25423,PAYCHEX INC,"Paychex Q1 Adj. EPS $0.71 Beats $0.68 Estimate, Sales $991M Miss $991.54M Estimate",0,uncertain,0.6,0.3,,139,29,1.0,2019-10-02,61621.0,-0.947811547666788,-0.2999399182353146,1.6796659939854353,-1.063183881342411,0.4538797053939891,-0.8235440294313889,1.7829,3.6794,0.8876,-1.73,0.9,-0.36,0.007,3.311448,-1.8881,0.7666,-1.2805,0.3394,0.229,0.3809,-0.0987,0.1141,-0.6651,0.2344
25431,PUMA BIOTECHNOLOGY INC,Puma Biotech Reports FDA Approved Labeling Supplement For Co.'s NERLYNX For Extended Adjuvant Treatment of HER2-Positive Early Stage Breast Cancer,0,increase,0.8,0.7,,152,28,2.0,2019-10-02,13621.0,4.175151139497757,-22.09775680377365,-31.059061610279247,-5.434278026223183,-8.78135814025648,-6.946977255225728,-3.5364,-2.6631,1.2367,-1.73,0.9,-0.36,0.007,-1.403909,3.0471,-3.3156,0.8682,-19.8827,-3.2457,-5.3742,-3.8257,-4.254,-1.6652,-0.3966
25439,P G & E CORP,"PG&E shares are trading lower in sympathy with the weakness in the overall market and fears of an economic slowdown. NOTE: On December 8th, a decision will be made as to whether the company will retain the exclusive right to present a reorganization plan.",0,uncertain,0.7,0.5,,164,29,1.0,2019-10-02,13688.0,6.584823131561279,22.54463766542183,-12.053570221540122,-1.000003796070814,-2.1739156429358086,-7.4766372580146845,-9.4949,-7.8598,0.963,-1.73,0.9,-0.36,0.007,-7.835909999999999,6.3689,12.5161,6.248,-3.4948,-0.226,-29.862,1.6133,-4.1294,-0.4155,2.2513
25447,PRIMORIS SERVICES CORP,Primoris Services Corporation Announces Electric T&D Award Valued At $15M,0,increase,0.8,0.7,,131,28,2.0,2019-10-02,92773.0,-0.4663220606744289,1.6062248778804022,3.626947208873732,-1.7848055809736252,-0.6704444356418149,-1.5812594083574716,0.2077,0.9756,0.9316,-1.73,0.9,-0.36,0.007,1.812368,-0.4284,2.2264,0.5578,0.2849,0.1415,0.4741,0.678,-0.1952,-1.1106,-0.856
25455,P T C INC,"Citigroup Maintains Neutral on PTC, Lowers Price Target to $75",0,decrease,0.8,0.7,,125,29,0.0,2019-10-02,75912.0,1.1476392857730389,-1.938591447823823,0.3877170043147249,-3.1387493014335632,-2.003262215967472,-1.959619364466436,-2.3622,-0.6212,1.3574,-1.73,0.9,-0.36,0.007,-0.0208980000000003,-0.4072,-1.0843,-1.2139,-0.7015,-0.2456,-0.8643,0.5688,1.8699,-2.2996,-0.1616
25463,STURM RUGER & CO INC,Senator Elizabeth Warren Tweets In Support Of Background Checks For Firearm Purchases,0,decrease,0.8,0.7,,133,29,0.0,2019-10-02,73219.0,1.0887900367379189,7.258649567107001,6.96829698842556,-1.22126042842865,-1.668654986195739,0.340548224363002,0.1939,0.9902,0.6512,-1.73,0.9,-0.36,0.007,1.313476,1.2876,1.3334,2.3944,1.182,1.6803,1.1225,-2.516,0.5013,-1.7097,0.201
25471,RENAISSANCERE HOLDINGS LTD,"Barclays Maintains Underweight on RenaissanceRe Holdings, Raises Price Target to $175",0,uncertain,0.6,0.3,,137,29,1.0,2019-10-02,83728.0,0.6490403786301613,0.9150402315711624,1.2236010376409423,-0.7909013889729977,0.2507290858447586,-0.8575284519047544,-2.0581,-0.9749,0.488,-1.73,0.9,-0.36,0.007,-1.22086,0.2613,1.8431,-0.3355,-1.9497,0.3608,-0.6476,0.3067,0.3869,-0.6521,-0.2405
25479,R P M INTERNATIONAL INC,RPM International Reports Mixed Q1 Earnings,0,uncertain,0.7,0.5,,120,29,1.0,2019-10-02,65307.0,0.1784048625268042,-0.5501082786138922,2.0974347059290244,-2.3833736777305603,-2.141610159046081,-1.984533214703299,0.134,1.4492,0.762,-1.73,0.9,-0.36,0.007,1.44526,-0.3451,0.6388,-0.4367,-1.1936,0.1776,1.4152,-0.4679,-0.3345,-0.0537,0.0749
25487,R P M INTERNATIONAL INC,RPM International Sees FY20 Adj. EPS $3.30-$3.42 vs $3.38 Est.,0,uncertain,0.6,0.3,,135,29,1.0,2019-10-02,65307.0,0.1784048625268042,-0.5501082786138922,2.0974347059290244,-2.3833736777305603,-2.141610159046081,-1.984533214703299,0.134,1.4492,0.762,-1.73,0.9,-0.36,0.007,1.44526,-0.3451,0.6388,-0.4367,-1.1936,0.1776,1.4152,-0.4679,-0.3345,-0.0537,0.0749
25495,R P M INTERNATIONAL INC,"RPM International Q1 Adj. EPS $0.95 Beats $0.92 Estimate, Sales $1.47B Miss $1.5B Estimate",0,uncertain,0.6,0.3,,143,29,1.0,2019-10-02,65307.0,0.1784048625268042,-0.5501082786138922,2.0974347059290244,-2.3833736777305603,-2.141610159046081,-1.984533214703299,0.134,1.4492,0.762,-1.73,0.9,-0.36,0.007,1.44526,-0.3451,0.6388,-0.4367,-1.1936,0.1776,1.4152,-0.4679,-0.3345,-0.0537,0.0749
25503,SHERWIN WILLIAMS CO,"UBS Maintains Neutral on Sherwin-Williams, Raises Price Target to $555",0,increase,0.8,0.7,,132,28,2.0,2019-10-02,36468.0,0.4029486794024706,2.7078914345049387,4.293817084351281,-0.9111261926591396,0.1065547899406382,-0.6364529982200162,-0.7066,0.7416,0.8281,-1.73,0.9,-0.36,0.007,0.7190129999999999,-0.3671,-0.1455,0.411,0.7049,1.0096,0.0747,-2.558,0.1866,0.6853,1.1973
25511,SIX FLAGS ENTERTAINMENT CORP,"Six Flags Shares Initially Move Lower, Rebound To Session High At $52.87; Stock Now Largely Unchanged, Down 1.8% For Session",0,uncertain,0.6,0.5,,151,29,1.0,2019-10-02,93423.0,-3.118172287940979,-1.767625553300478,0.953333309131632,1.4372899197041988,4.291495781332677,1.9188947989970064,-2.271,-1.277,0.8373,-1.73,0.9,-0.36,0.007,-0.8294710000000001,-3.9092,0.1375,-0.5705,2.3561,-0.5088,1.5069,-1.2001,-0.9721,0.7562,0.601
25519,VANECK E T F TRUST,Todd Gordon's SMH Trade,0,uncertain,0.6,0.3,,123,29,1.0,2019-10-02,13132.0,1.537933573126793,1.8730135846082296,5.876797199520567,-0.67992745898664,0.4670145798032932,-1.9149444976285237,-1.6312,0.4455,1.3798,-1.73,0.9,-0.36,0.007,0.7488540000000001,0.3801,-0.0228,0.0035,-0.3855,0.6422,0.2773,0.4468,0.4876,0.4458,-1.2182
25527,SANOFI,'FDA challenges testing used by lab that found a carcinogen in Zantac and other heartburn meds' -STAT,0,uncertain,0.7,0.5,,131,29,1.0,2019-10-02,89475.0,0.9491483680903912,1.6045176155012886,3.367235365325949,-2.482196129858494,-2.334626115698546,-3.1095876345978546,-2.0584,-1.2529,0.4662,-1.73,0.9,-0.36,0.007,-1.258874,0.2196,0.9097,-0.2978,0.2441,-0.6495,-0.545,-0.178,-0.1413,0.9424,0.7118
25535,EMEREN GROUP LTD,ReneSola Regains Compliance With NYSE Continued Listing Standards For Average Closing Price,0,increase,0.8,0.7,,128,28,2.0,2019-10-02,92543.0,-3.2258033752441406,-7.0967675663627166,2.580650927012207,1.3422805815935137,-4.430382767371432,-13.218391378497952,2.649,4.252,0.8109,-1.73,0.9,-0.36,0.007,4.0448569999999995,-3.4449,-7.714,-7.5651,5.9642,6.1116,-2.6036,0.3498,2.2828,10.226,-1.8008
25543,SUPERCOM LTD,SuperCom Secures New Electronic Monitoring Contract,0,increase,0.8,0.7,,115,28,2.0,2019-10-02,92230.0,-1.923077180981636,-10.825264974456484,-17.218545948260942,0.9744850918650628,-1.562498533103529,-3.386086316649406,-0.2921,0.0769,0.2367,-1.73,0.9,-0.36,0.007,0.1103909999999999,-2.0597,1.0091,-2.4905,-0.9749,-6.7367,6.3189,-3.1796,-2.4326,-5.9904,-2.3249
25551,SPIRIT REALTY CAPITAL INC NEW,"JP Morgan Maintains Neutral on Spirit Realty Capital, Raises Price Target to $50",0,increase,0.8,0.7,,133,28,2.0,2019-10-02,14039.0,0.0,0.5648545248110981,1.2343099810290692,-0.0208987388759851,-0.0208987388759851,-0.8085350214080744,-0.1045,0.8275,0.4115,-1.73,0.9,-0.36,0.007,0.6003949999999999,-0.5463,-0.2122,0.0047,1.0534,-0.8202,0.5169,-0.7149,-0.1228,-0.7886,1.0003
25559,CONSTELLATION BRANDS INC,Constellation Brands Q2 Earnings Outlook,0,uncertain,0.7,0.3,,121,29,1.0,2019-10-02,69796.0,-6.059286743402481,-7.413311547843337,-4.0185685152018475,1.027597859501839,1.6553415586743947,1.6208066034358204,-1.2511,0.3132,0.7929,-1.73,0.9,-0.36,0.007,0.113617,-6.6592,-1.4461,-2.2377,1.6434,0.2677,0.1585,-0.7116,0.0411,1.2036,1.0561
25567,CONSTELLATION BRANDS INC,Constellation Brands Q2 Earnings Outlook,0,uncertain,0.7,0.3,,121,29,1.0,2019-10-02,69796.0,-6.059286743402481,-7.413311547843337,-4.0185685152018475,1.027597859501839,1.6553415586743947,1.6208066034358204,-1.2511,0.3132,0.7929,-1.73,0.9,-0.36,0.007,0.113617,-6.6592,-1.4461,-2.2377,1.6434,0.2677,0.1585,-0.7116,0.0411,1.2036,1.0561
25575,SUNCOKE ENERGY INC,"SunCoke Energy shares trading lower amid recession concerns and weakness in US equities. Because coal is used as a fuel source, it is sensitive to economic conditions and outlook.",0,decrease,0.8,0.7,,145,29,0.0,2019-10-02,12905.0,-0.7380066439509392,-3.505536018198097,1.6605193206686852,-0.3546095918864012,-10.793655066480778,-12.597199853968434,-3.5587,-1.3302,1.5556,-1.73,0.9,-0.36,0.007,-0.8745120000000002,-0.8533,-2.9667,0.694,-0.6662,0.9281,1.2916,0.8247,1.3529,-0.8616,-1.8563
25583,SYSCO CORP,"Bank of America Maintains Neutral on Sysco, Raises Price Target to $80",0,increase,0.8,0.6,,125,28,2.0,2019-10-02,52038.0,-0.3688163822516799,-0.1131821189195969,0.858208690739537,-0.050378986634314,0.6212727803683871,0.7106567666675501,-0.9199,-0.1531,0.4379,-1.73,0.9,-0.36,0.007,-0.169333,-0.8676,-0.4054,0.2677,-0.1675,0.2956,-0.1467,0.337,0.197,-0.3459,-0.0677
25591,TEVA PHARMACEUTICAL INDS LTD,Teva Pharmaceutical Indus Option Alert: Nov 15 $8 Calls Sweep (9) near the midpoint: 706 @ $0.331 vs 829 OI; Earnings 10/31 Before Open [est] Ref=$6.8966,0,uncertain,0.6,0.3,,173,29,1.0,2019-10-02,75652.0,0.8595980703830719,-6.303725889036905,-0.429802774285859,-1.7441842705011368,-2.3121364008372725,3.363918594180526,3.2544,4.8319,1.3207,-1.73,0.9,-0.36,0.007,5.532211,1.05,-2.0712,0.4606,-4.0253,-0.1402,2.6231,-0.2052,-1.674,2.0268,-0.8622
25599,T MOBILE U S INC,T-Mobile shares are trading lower in sympathy with the overall market amid global recession concerns.,0,uncertain,0.7,0.5,,129,29,1.0,2019-10-02,91937.0,0.8048656396567822,1.806042729120372,4.711423119987312,-0.7236253935843706,0.8251668168420156,-1.0126621198142116,-2.289,-0.9606,0.7726,-1.73,0.9,-0.36,0.007,-0.9594020000000004,0.1603,0.1442,0.9452,0.13,-0.5074,0.1916,0.6307,-1.0063,0.6078,0.5061
25607,T MOBILE U S INC,RigNet Highlights Meeting With FCC Commissioner  Brendan Carr,0,uncertain,0.6,0.3,,124,29,1.0,2019-10-02,91937.0,0.8048656396567822,1.806042729120372,4.711423119987312,-0.7236253935843706,0.8251668168420156,-1.0126621198142116,-2.289,-0.9606,0.7726,-1.73,0.9,-0.36,0.007,-0.9594020000000004,0.1603,0.1442,0.9452,0.13,-0.5074,0.1916,0.6307,-1.0063,0.6078,0.5061
25615,TRAVELERS COMPANIES INC,"Barclays Maintains Overweight on Travelers Companies, Lowers Price Target to $174",0,decrease,0.8,0.6,,136,29,0.0,2019-10-02,59459.0,-0.4635182674974203,-0.7655005603891429,0.1264189688619854,-2.1117758005857468,-1.6554034305504617,-1.7218116631355196,-2.1711,-0.4607,0.729,-1.73,0.9,-0.36,0.007,-0.9169300000000002,-0.975,1.0462,-0.8685,-0.6226,-0.4648,-0.5021,0.0215,0.3266,-0.4428,-0.19
25623,TRACTOR SUPPLY CO NEW,Northcoast Upgrades Tractor Supply to Buy,0,increase,0.8,0.7,,125,28,2.0,2019-10-02,80286.0,2.8596708551049232,2.671964284990591,3.1798577439033693,-0.7076507899910212,0.8875417951579312,0.9442491352022576,0.8575,2.4614,0.9625,-1.73,0.9,-0.36,0.007,2.515625,2.1946,-1.3435,-0.7683,1.5949,0.2012,-0.3842,0.0147,-0.3708,-0.9604,-0.2292
25631,TESLA INC,Tesla Stock Drops After Coming Up Short On Q3 Vehicle Delivery Expectations,0,decrease,0.8,0.7,,123,29,0.0,2019-10-02,93436.0,-4.154158756136894,0.5758208687226762,6.8358466679407925,1.5859207138419151,1.0572821950457725,0.8781352103458762,-0.6375,1.2985,1.1818,-1.73,0.9,-0.36,0.007,1.400014,-5.2189,-2.0574,3.0758,2.9028,1.1368,-0.3318,-0.3952,4.055,-1.0267,0.7904
25639,TESLA INC,"Tesla Says 'nearly all of our Model 3 orders were received from customers who did not previously hold a reservation, solidifying the transition to generating strong organic demand'",0,increase,0.8,0.7,,142,28,2.0,2019-10-02,93436.0,-4.154158756136894,0.5758208687226762,6.8358466679407925,1.5859207138419151,1.0572821950457725,0.8781352103458762,-0.6375,1.2985,1.1818,-1.73,0.9,-0.36,0.007,1.400014,-5.2189,-2.0574,3.0758,2.9028,1.1368,-0.3318,-0.3952,4.055,-1.0267,0.7904
25647,TESLA INC,Tesla Says Is Continuing To Focus On Increasing Production To Meet Demand,0,increase,0.8,0.7,,121,28,2.0,2019-10-02,93436.0,-4.154158756136894,0.5758208687226762,6.8358466679407925,1.5859207138419151,1.0572821950457725,0.8781352103458762,-0.6375,1.2985,1.1818,-1.73,0.9,-0.36,0.007,1.400014,-5.2189,-2.0574,3.0758,2.9028,1.1368,-0.3318,-0.3952,4.055,-1.0267,0.7904
25655,TESLA INC,"UPDATE: Tesla Q3 Model S/X Production 16.318K, Model 3 Production 79.837K",0,uncertain,0.6,0.3,,133,29,1.0,2019-10-02,93436.0,-4.154158756136894,0.5758208687226762,6.8358466679407925,1.5859207138419151,1.0572821950457725,0.8781352103458762,-0.6375,1.2985,1.1818,-1.73,0.9,-0.36,0.007,1.400014,-5.2189,-2.0574,3.0758,2.9028,1.1368,-0.3318,-0.3952,4.055,-1.0267,0.7904
25663,TESLA INC,"UPDATE: Tesla Q3 Model S/X Deliveries 17.4K, Model 3 Deliveries 79.6K",0,increase,0.8,0.7,,135,28,2.0,2019-10-02,93436.0,-4.154158756136894,0.5758208687226762,6.8358466679407925,1.5859207138419151,1.0572821950457725,0.8781352103458762,-0.6375,1.2985,1.1818,-1.73,0.9,-0.36,0.007,1.400014,-5.2189,-2.0574,3.0758,2.9028,1.1368,-0.3318,-0.3952,4.055,-1.0267,0.7904
25671,TESLA INC,UPDATE: Tesla Says Delivery Count Should Be Viewed As 'Slightly Conservative',0,uncertain,0.7,0.3,,124,29,1.0,2019-10-02,93436.0,-4.154158756136894,0.5758208687226762,6.8358466679407925,1.5859207138419151,1.0572821950457725,0.8781352103458762,-0.6375,1.2985,1.1818,-1.73,0.9,-0.36,0.007,1.400014,-5.2189,-2.0574,3.0758,2.9028,1.1368,-0.3318,-0.3952,4.055,-1.0267,0.7904
25679,TESLA INC,"Tesla shares are trading lower after the company reported Q3 total production of 96,155 and deliveries of 97,000.",0,uncertain,0.6,0.4,,134,29,1.0,2019-10-02,93436.0,-4.154158756136894,0.5758208687226762,6.8358466679407925,1.5859207138419151,1.0572821950457725,0.8781352103458762,-0.6375,1.2985,1.1818,-1.73,0.9,-0.36,0.007,1.400014,-5.2189,-2.0574,3.0758,2.9028,1.1368,-0.3318,-0.3952,4.055,-1.0267,0.7904
25687,TESLA INC,Tesla Says Entering Q4 With Increase In Order Backlog,0,increase,0.8,0.7,,121,28,2.0,2019-10-02,93436.0,-4.154158756136894,0.5758208687226762,6.8358466679407925,1.5859207138419151,1.0572821950457725,0.8781352103458762,-0.6375,1.2985,1.1818,-1.73,0.9,-0.36,0.007,1.400014,-5.2189,-2.0574,3.0758,2.9028,1.1368,-0.3318,-0.3952,4.055,-1.0267,0.7904
25695,TESLA INC,"Tesla Q3 Total Production 96,155, Deliveries 97K",0,increase,0.8,0.7,,124,28,2.0,2019-10-02,93436.0,-4.154158756136894,0.5758208687226762,6.8358466679407925,1.5859207138419151,1.0572821950457725,0.8781352103458762,-0.6375,1.2985,1.1818,-1.73,0.9,-0.36,0.007,1.400014,-5.2189,-2.0574,3.0758,2.9028,1.1368,-0.3318,-0.3952,4.055,-1.0267,0.7904
25703,TESLA INC,"National Highway Traffic Safety Admin. Says It Is In Ongoing Contact With Tesla, Continues To Gather Info",0,uncertain,0.6,0.3,,130,29,1.0,2019-10-02,93436.0,-4.154158756136894,0.5758208687226762,6.8358466679407925,1.5859207138419151,1.0572821950457725,0.8781352103458762,-0.6375,1.2985,1.1818,-1.73,0.9,-0.36,0.007,1.400014,-5.2189,-2.0574,3.0758,2.9028,1.1368,-0.3318,-0.3952,4.055,-1.0267,0.7904
25711,TESLA INC,US Auto Safety Agency Says It Is Aware Of Reports Involving Tesla's 'Smart Summon' Feature,0,uncertain,0.7,0.3,,129,29,1.0,2019-10-02,93436.0,-4.154158756136894,0.5758208687226762,6.8358466679407925,1.5859207138419151,1.0572821950457725,0.8781352103458762,-0.6375,1.2985,1.1818,-1.73,0.9,-0.36,0.007,1.400014,-5.2189,-2.0574,3.0758,2.9028,1.1368,-0.3318,-0.3952,4.055,-1.0267,0.7904
25719,UNITED AIRLINES HOLDINGS INC,"Morgan Stanley Maintains Overweight on United Airlines Holdings, Lowers Price Target to $108",0,uncertain,0.6,0.3,,134,29,1.0,2019-10-02,91103.0,-0.5018590018153191,3.3098297612089045,7.181257429156895,-0.6447317078709602,-0.3403710542911775,-0.6896558854590729,-4.7245,-3.2821,1.011,-1.73,0.9,-0.36,0.007,-2.9824699999999997,-1.0993,-0.0621,1.04,1.4845,1.3024,0.4453,-1.5988,0.0382,0.0013,2.2034
25727,UNITED NATURAL FOODS INC,United Natural Foods Sinks After Rotten Q4 Earnings,0,decrease,0.8,0.9,,125,29,0.0,2019-10-02,84275.0,-3.9167705923318863,-9.547125818868595,-15.422278977735516,-3.9062563329935074,-3.064801826416408,-3.9062563993023542,-26.1969,-23.7177,1.8505,-1.73,0.9,-0.36,0.007,-23.002535,-3.1349,-7.0869,1.3179,-2.0087,3.1252,-6.2046,-1.8595,0.3085,-1.8331,-2.7277
25735,UNITED NATURAL FOODS INC,"Wells Fargo Maintains Market Perform on United Natural Foods, Lowers Price Target to $9",0,decrease,0.8,0.7,,132,29,0.0,2019-10-02,84275.0,-3.9167705923318863,-9.547125818868595,-15.422278977735516,-3.9062563329935074,-3.064801826416408,-3.9062563993023542,-26.1969,-23.7177,1.8505,-1.73,0.9,-0.36,0.007,-23.002535,-3.1349,-7.0869,1.3179,-2.0087,3.1252,-6.2046,-1.8595,0.3085,-1.8331,-2.7277
25743,UNITED STATES NATURAL GAS FD L P,EPA To Grant Partial Small Refinery Exemptions Going Forward As Part Of Biofuels Deal,0,uncertain,0.7,0.3,,137,29,1.0,2019-10-02,91947.0,3.3057820051908493,-0.9814075712613056,1.4462748065046993,-1.4049205929040909,-4.333014828029502,-6.20525572802485,-1.4758,-0.5223,0.1954,-1.73,0.9,-0.36,0.007,-1.144758,3.8582,0.1423,-1.6908,-0.1643,-2.6274,-1.983,0.5586,2.7901,2.448,-1.9617
25751,UNITED STATES NATURAL GAS FD L P,Russia's Putin Says We Are Also Ready To Just Extend Current Gas Contract With Ukraine For Short Time If Needed,0,uncertain,0.7,0.3,,138,29,1.0,2019-10-02,91947.0,3.3057820051908493,-0.9814075712613056,1.4462748065046993,-1.4049205929040909,-4.333014828029502,-6.20525572802485,-1.4758,-0.5223,0.1954,-1.73,0.9,-0.36,0.007,-1.144758,3.8582,0.1423,-1.6908,-0.1643,-2.6274,-1.983,0.5586,2.7901,2.448,-1.9617
25759,UNITED STATES NATURAL GAS FD L P,Partners in Israel's Leviathan Field Say Agree to Nearly Double Amount of Gas Exports to Egypt,0,increase,0.8,0.7,,137,28,2.0,2019-10-02,91947.0,3.3057820051908493,-0.9814075712613056,1.4462748065046993,-1.4049205929040909,-4.333014828029502,-6.20525572802485,-1.4758,-0.5223,0.1954,-1.73,0.9,-0.36,0.007,-1.144758,3.8582,0.1423,-1.6908,-0.1643,-2.6274,-1.983,0.5586,2.7901,2.448,-1.9617
25767,VALE S A,Vale Sees FY19 Adj. EBITDA $10.8B-$12.9B,0,uncertain,0.6,0.3,,130,29,1.0,2019-10-02,89330.0,1.7479350790381432,2.2079095784068636,3.127876048817435,-0.4347842652350664,0.1749738005945023,0.0874146091087268,-5.0655,-2.8322,1.2501,-1.73,0.9,-0.36,0.007,-2.909827,0.8142,1.7687,-1.3145,0.3323,-0.6551,1.9969,1.8796,-1.7428,-2.4948,-1.7071
25775,V B I VACCINES INC NEW,VBI Vaccines shares are trading higher on higher-than-average volume. Not seeing any news to justify the price action.,0,uncertain,0.7,0.5,,140,29,1.0,2019-10-02,16043.0,-1.5068781562149525,-1.6763959495674663,-2.05312114220575,1.591685600578785,-3.0971611476631744,-6.100432354952357,10.9045,11.4432,0.5399,-1.73,0.9,-0.36,0.007,11.831527,-1.0378,0.8136,5.1718,-1.5842,-3.0785,-1.6487,-0.1544,-2.5093,4.0609,-2.1216
25783,VERMILION ENERGY INC,National Bank Financial Downgrades Vermilion Energy to Sector Perform,0,decrease,0.8,0.7,,124,29,0.0,2019-10-02,13820.0,2.506597153842449,-4.815300141736179,0.3957815428045741,-4.8473939299583435,-6.249997268605756,-5.793384436195148,-4.6541,-3.1082,1.0504,-1.73,0.9,-0.36,0.007,-2.843907999999999,2.586,-2.7449,-1.9393,-0.9467,-1.2059,1.6618,0.8291,-0.5732,0.1342,0.1724
25791,VERISK ANALYTICS INC,"Verisk To Acquire BuildFax, No Terms Disclosed",0,uncertain,0.7,0.3,,125,29,1.0,2019-10-02,93089.0,0.6326232571154833,2.4522235972662676,1.4739414599706402,-1.0686748661100864,0.552735244790381,-1.782909393715626,-1.9942,-0.3098,0.8098,-1.73,0.9,-0.36,0.007,-0.6002459999999998,-0.3771,0.7199,0.1655,-0.2399,0.3527,-0.1399,-1.1948,-1.1454,-0.3166,0.1352
25799,WALGREENS BOOTS ALLIANCE INC,"Walgreens Boots Alliance shares trading lower with other pharmacy/convenience stocks, in sympathy with overall market weakness. Not seeing company- or industry-specific news to justify move lower.",0,uncertain,0.7,0.5,,152,29,1.0,2019-10-02,19502.0,-0.4353650379925966,-1.4291142271646406,3.4639368502013657,-1.1028758250176909,0.5329918667939193,1.146447590306976,-3.4186,-1.7602,1.023,-1.73,0.9,-0.36,0.007,-1.6558100000000004,-0.7318,-0.5533,-0.0165,0.4631,-0.7716,1.0317,0.5213,-0.3004,0.5658,0.2443
25807,WALGREENS BOOTS ALLIANCE INC,Postmates To Deliver Walgreens Items In NYC,0,increase,0.8,0.6,,128,28,2.0,2019-10-02,19502.0,-0.4353650379925966,-1.4291142271646406,3.4639368502013657,-1.1028758250176909,0.5329918667939193,1.146447590306976,-3.4186,-1.7602,1.023,-1.73,0.9,-0.36,0.007,-1.6558100000000004,-0.7318,-0.5533,-0.0165,0.4631,-0.7716,1.0317,0.5213,-0.3004,0.5658,0.2443
25815,WEBSTER FINANCIAL CORP,"Wells Fargo Maintains Market Perform on Webster Financial, Lowers Price Target to $50",0,decrease,0.8,0.7,,133,29,0.0,2019-10-02,10932.0,-0.8165130391716957,-2.835110216091885,3.8784280373016737,-3.477698564529419,-4.294476004165482,-5.513783201336175,-2.542,-0.5702,1.2621,-1.73,0.9,-0.36,0.007,-0.365567,-0.3766,0.8909,-0.7455,-1.6522,0.35,1.2744,1.2337,0.4841,1.4082,-1.564
25823,WESTERN DIGITAL CORP,Western Digital shares trading lower in sympathy with overall market weakness. The stock broke below the $60 level yesterday.,0,uncertain,0.6,0.7,,134,29,1.0,2019-10-02,66384.0,2.5695161893963814,0.3505491489719459,5.551807529927055,-1.7605621367692947,-3.1410174924030865,-5.194173297201177,-3.021,-0.8004,1.6274,-1.73,0.9,-0.36,0.007,-0.2125980000000003,1.4137,-0.6122,-0.4308,-1.5654,0.6421,0.6897,-0.5574,2.0748,0.7039,-2.0239
25831,WENDYS CO,"BMO Capital Maintains Outperform on Wendy's, Raises Price Target to $24",0,increase,0.8,0.7,,126,28,2.0,2019-10-02,19828.0,1.7319243401288986,0.9538181087143328,6.676706390995291,0.3503488376736641,0.2249441639901261,0.0998429961561297,-0.6484,0.3079,0.5161,-1.73,0.9,-0.36,0.007,0.237453,1.1529,1.2826,-2.5686,0.208,-0.0206,-0.961,3.4157,1.8055,-1.7648,1.9292
25839,WILLIAMS COS,TD Securities Initiates Coverage On Williams Companies with Buy Rating,0,increase,0.8,0.7,,120,28,2.0,2019-10-02,38156.0,0.8130022324621677,-2.7813500813536285,-2.396240313918885,-0.9975053369998932,-1.5702523377865485,-1.2847056947148716,-1.8892,-0.2702,0.895,-1.73,0.9,-0.36,0.007,-0.3478499999999997,0.4296,-0.8001,-0.3651,-0.9418,-1.5868,-0.4958,0.3229,0.331,-0.7428,-1.3739
25847,UNITED STATES STEEL CORP NEW,Wall Street Bearish On US Steel Following Big River Deal,0,decrease,0.8,0.7,,126,29,0.0,2019-10-02,76644.0,-1.3711117208003998,-7.769647900733567,-4.204753779800663,3.290044143795967,5.295678588702213,5.575222136373181,-8.2984,-6.3712,1.7798,-1.73,0.9,-0.36,0.007,-5.226346,-1.2698,-1.8178,1.8897,4.2266,-9.1057,-0.1427,8.6543,-0.6169,0.4787,-8.938
25855,EXXON MOBIL CORP,"Exxon Mobil Down On Preview Of Weaker Q3, But Sell-Side Says Warning 'Relatively Benign'",0,uncertain,0.7,0.5,,140,29,1.0,2019-10-02,11850.0,1.2360414490103722,0.4318702697627685,1.6083421059859937,-2.3509468883275986,-3.539460365520042,-2.8462790040514774,-2.6106,-0.5759,0.9612,-1.73,0.9,-0.36,0.007,-0.954724,0.8927,0.0489,-0.9408,-0.3521,0.1344,0.3962,-0.124,0.4024,-0.4682,-1.5142
25863,XEROX HOLDINGS CORP,Gordon Haskett: Is Activist Targeting HP?,0,uncertain,0.7,0.3,,127,29,1.0,2019-10-02,27983.0,1.242666970938444,-0.7248846195499814,1.6568916660308686,-1.471081655472517,-2.835478387286494,-2.227998593559699,-1.6966,0.3681,1.2577,-1.73,0.9,-0.36,0.007,0.472221,0.7479,-0.6787,1.2779,-2.9785,0.6413,-0.5394,0.2278,-0.156,0.7022,-1.2661
25871,ADTRAN HOLDINGS INC,"UPDATE: MKM On Adtran Also Notes 'More importantly, 2020 should mark the real start of the 5G wireless access cycle, and Adtran's copper, and even fiber, Access products may get lower capex priority for a couple of years'",0,decrease,0.8,0.7,,164,29,0.0,,,,,,,,,,,,,,,,,,,,,,,,,,
25879,ADTRAN HOLDINGS INC,"UPDATE: MKM Downgrades Adtran To Neutral As Firm Notes 'Now, with another big downtick at another 10% customer, we think many investors may stay on the sidelines for longer'",0,decrease,0.8,0.7,,150,29,0.0,,,,,,,,,,,,,,,,,,,,,,,,,,
25887,ADTRAN HOLDINGS INC,"ADTRAN Sees Q3 EPS 0.06 Inline, Sales $114M",0,uncertain,0.7,0.3,,128,29,1.0,,,,,,,,,,,,,,,,,,,,,,,,,,
25895,ADTRAN HOLDINGS INC,Adtran shares are trading lower after MKM Partners downgraded the stock from But to Neutral.,0,decrease,0.8,0.7,,129,29,0.0,,,,,,,,,,,,,,,,,,,,,,,,,,
25903,ADTRAN HOLDINGS INC,MKM Partners Downgrades Adtran to Neutral,0,decrease,0.8,0.7,,120,29,0.0,,,,,,,,,,,,,,,,,,,,,,,,,,
25911,AFLAC INC,"UBS Maintains Neutral on Aflac, Raises Price Target to $53",0,increase,0.8,0.6,,123,28,2.0,,,,,,,,,,,,,,,,,,,,,,,,,,
25919,ASSURANT INC,"UBS Maintains Buy on Assurant, Raises Price Target to $154",0,increase,0.8,0.7,,125,28,2.0,,,,,,,,,,,,,,,,,,,,,,,,,,
25927,GALLAGHER ARTHUR J & CO,"Arthur J. Gallagher Reports Purchase Of The Doyle Group, No Terms Disclosed",0,uncertain,0.6,0.3,,136,29,1.0,,,,,,,,,,,,,,,,,,,,,,,,,,
25935,ALLEGIANT TRAVEL CO,"Morgan Stanley Maintains Equal-Weight on Allegiant Travel, Raises Price Target to $164",0,increase,0.8,0.7,,136,28,2.0,,,,,,,,,,,,,,,,,,,,,,,,,,
25943,ALASKA AIRGROUP INC,"Alaska Air Narrows Q3 Revenue Per ASM Growth Guidance From 3-5% To ~4.4%, Cost Per ASM Ex Items From ~5% To ~3.4%",0,uncertain,0.6,0.5,,151,29,1.0,,,,,,,,,,,,,,,,,,,,,,,,,,
25951,ALASKA AIRGROUP INC,"Alaska Air Sep. Traffic Up 6.4% Year Over Year, ASMs Up 3.5%, Load Factor Up 2.2 Points",0,increase,0.8,0.7,,145,28,2.0,,,,,,,,,,,,,,,,,,,,,,,,,,
25959,ALASKA AIRGROUP INC,"Morgan Stanley Maintains Overweight on Alaska Air Group, Raises Price Target to $76",0,increase,0.8,0.7,,131,28,2.0,,,,,,,,,,,,,,,,,,,,,,,,,,
25967,ALKERMES PLC,Alkermes shares are trading lower despite no company-specific news. The stock has dropped approximately 26% over the last month.,0,uncertain,0.7,0.5,,137,29,1.0,,,,,,,,,,,,,,,,,,,,,,,,,,
25975,ALNYLAM PHARMACEUTICALS INC,Alnylam Reports Filing For Marketing Authorization Of ONPATTRO For Treatment Of Hereditary ATTR Amyloidosis With Polyneuropathy In Brazil,0,increase,0.8,0.7,,154,28,2.0,,,,,,,,,,,,,,,,,,,,,,,,,,
25983,ALTAIR ENGINEERING INC,"Altair Reports Purchase Of Polliwog, No Terms Disclosed",0,uncertain,0.7,0.3,,127,29,1.0,,,,,,,,,,,,,,,,,,,,,,,,,,
25991,ALTAIR ENGINEERING INC,"Altair Engineering Says Pursuant to Stock Purchase Agreement, Company Has Acquired 97% of Outstanding Capital Stock of Polliwog Co",0,increase,0.8,0.7,,141,28,2.0,,,,,,,,,,,,,,,,,,,,,,,,,,
25999,APPLIED MATERIALS INC,"Deutsche Bank Earlier Maintained Hold on Applied Materials, Raised Price Target to $52",0,increase,0.8,0.6,,128,28,2.0,,,,,,,,,,,,,,,,,,,,,,,,,,
26007,AMPIO PHARMACEUTICALS INC,"Ampio Pharma Offers Update On Continued Progress Of AP-013 Phase 3 Trial, Manufacturing Facility",0,uncertain,0.7,0.3,,139,29,1.0,,,,,,,,,,,,,,,,,,,,,,,,,,
26015,A M T D IDEA GROUP,Fidelity Will Now Be Commission-Free,0,increase,0.8,0.7,,120,28,2.0,,,,,,,,,,,,,,,,,,,,,,,,,,
26023,ARAMARK,"Morgan Stanley Maintains Equal-Weight on Aramark, Raises Price Target to $43",0,increase,0.8,0.6,,126,28,2.0,,,,,,,,,,,,,,,,,,,,,,,,,,
26031,A T I INC,Allegheny Technologies shares are trading higher after Goldman Sachs upgraded the company's stock from Neutral to Buy and announced a $25 price target.,0,increase,0.9,0.8,,136,28,2.0,,,,,,,,,,,,,,,,,,,,,,,,,,
26039,A T I INC,"Goldman Sachs Upgrades Allegheny Technologies to Buy, Announces $25 Price Target",0,increase,0.8,0.7,,127,28,2.0,,,,,,,,,,,,,,,,,,,,,,,,,,
26047,BANK OF AMERICA CORP,"JP Morgan Maintains Overweight on Bank of America, Lowers Price Target to $30",0,uncertain,0.6,0.3,,131,29,1.0,,,,,,,,,,,,,,,,,,,,,,,,,,
26055,BOOZ ALLEN HAMILTON HOLDING CORP,"Morgan Stanley Maintains Overweight on Booz Allen Hamilton, Raises Price Target to $78",0,increase,0.8,0.7,,144,28,2.0,,,,,,,,,,,,,,,,,,,,,,,,,,
26063,BANK OF NEW YORK MELLON CORP,"JP Morgan Maintains Underweight on Bank of New York Mellon, Lowers Price Target to $45",0,decrease,0.8,0.7,,139,29,0.0,,,,,,,,,,,,,,,,,,,,,,,,,,
26071,BUCKLE INC,"The Buckle Sep. Comps Up 3% Year Over Year, Sales $77.3M vs $75.4M In Same Month Last Year",0,increase,0.8,0.6,,141,28,2.0,,,,,,,,,,,,,,,,,,,,,,,,,,
26079,BLACK HILLS CORP,Bank of America Upgrades Black Hills to Buy,0,increase,0.9,0.8,,120,28,2.0,,,,,,,,,,,,,,,,,,,,,,,,,,
26087,BANK SOUTH CAROLINA CORP,"Bank of South Carolina Q3 EPS $0.36 Up From $0.32 YoY, Book Value $9.33/Share vs $7.86 In Same Qtr. Last Year",0,increase,0.8,0.6,,155,28,2.0,,,,,,,,,,,,,,,,,,,,,,,,,,
26095,BUILDERS FIRSTSOURCE INC,Builders FirstSource Receives Notice Of Non-Compliance With NASDAQ Listing Rule 5605(c)(4)(B,0,uncertain,0.6,0.3,,135,29,1.0,,,,,,,,,,,,,,,,,,,,,,,,,,
26103,BRISTOL MYERS SQUIBB CO,"Bank of America Reiterates Neutral on Bristol-Myers Squibb, Raises Price Target to $50",0,increase,0.8,0.7,,141,28,2.0,,,,,,,,,,,,,,,,,,,,,,,,,,
26111,BROADRIDGE FINANCIAL SOLUTNS INC,"Broadridge Reports Acquisition Of Fi360, No Terms Disclosed",0,uncertain,0.6,0.3,,135,29,1.0,,,,,,,,,,,,,,,,,,,,,,,,,,
26119,BLACKSTONE INC,Blackstone Says No Change In Offer To Take Tallgrass Private,0,uncertain,0.7,0.3,,119,29,1.0,,,,,,,,,,,,,,,,,,,,,,,,,,
26127,BOSTON PROPERTIES INC,"Deutsche Bank Earlier Maintained Hold on Boston Properties, Raised Price Target to $148",0,increase,0.8,0.6,,130,28,2.0,,,,,,,,,,,,,,,,,,,,,,,,,,
26135,CITIGROUP INC,"JP Morgan Maintains Overweight on Citigroup, Lowers Price Target to $77.5",0,uncertain,0.6,0.4,,128,29,1.0,,,,,,,,,,,,,,,,,,,,,,,,,,
26143,CACI INTERNATIONAL INC,"Morgan Stanley Maintains Equal-Weight on CACI International, Raises Price Target to $235",0,increase,0.8,0.7,,131,28,2.0,,,,,,,,,,,,,,,,,,,,,,,,,,
26151,CAN FITE BIOPHARMA LTD,Can Fite Highlights Publication Of Namodenoson NASH Mechanism Of Action In International Journal of Molecular Medicine,0,increase,0.8,0.7,,141,28,2.0,,,,,,,,,,,,,,,,,,,,,,,,,,
26159,CATERPILLAR INC,Caterpillar shares trading higher but not seeing company-specific news. Shares rebounded over the $120 level today.,0,uncertain,0.6,0.3,,135,29,1.0,,,,,,,,,,,,,,,,,,,,,,,,,,
26167,CATO CORP NEW,"Cato Sep. Comps Up 5% Year Over Year, Sales $70.5M",0,increase,0.8,0.7,,131,28,2.0,,,,,,,,,,,,,,,,,,,,,,,,,,
26175,CABOT CORP,"UBS Initiates Coverage On Cabot with Neutral Rating, Announces $45 Price Target",0,uncertain,0.6,0.3,,127,29,1.0,,,,,,,,,,,,,,,,,,,,,,,,,,
26183,CAMECO CORP,Cameco Option Alert: Nov 8 $9.5 Calls Sweep (8) near the Ask: 528 @ $0.55 vs 230 OI; Earnings 11/1 Before Open [est] Ref=$9.555,0,uncertain,0.6,0.3,,162,29,1.0,,,,,,,,,,,,,,,,,,,,,,,,,,
26191,CAMECO CORP,Cameco Option Alert: Nov 8 $9.5 Calls Sweep (12) near the Ask: 549 @ $0.497 vs 230 OI; Earnings 11/1 Before Open [est] Ref=$9.47,0,uncertain,0.6,0.3,,162,29,1.0,,,,,,,,,,,,,,,,,,,,,,,,,,
26199,CITIZENS FINANCIAL GROUP INC,"JP Morgan Maintains Overweight on Citizens Financial Group, Lowers Price Target to $39.5",0,uncertain,0.6,0.4,,137,29,1.0,,,,,,,,,,,,,,,,,,,,,,,,,,
26207,CHIPOTLE MEXICAN GRILL INC,"Wells Fargo Maintains Market Perform on Chipotle Mexican Grill, Raises Price Target to $796",0,increase,0.8,0.7,,140,28,2.0,,,,,,,,,,,,,,,,,,,,,,,,,,
26215,C N H INDUSTRIAL N V,CNH Industrial shares are trading higher after the company reported a buy-back program.,0,increase,0.8,0.7,,134,28,2.0,,,,,,,,,,,,,,,,,,,,,,,,,,
26223,CANTERBURY PARK HOLDING CORP,Canterbury Park S-3 Shows Registration For $50M Mixed Securities Offering,0,uncertain,0.6,0.4,,137,29,1.0,,,,,,,,,,,,,,,,,,,,,,,,,,
26231,CAMDEN PROPERTY TRUST,"JP Morgan Maintains Overweight on Camden Prop Trust, Raises Price Target to $111",0,increase,0.8,0.7,,128,28,2.0,,,,,,,,,,,,,,,,,,,,,,,,,,
26239,COMSTOCK RESOURCES INC,Seaport Global Downgrades Comstock Resources to Neutral,0,decrease,0.8,0.7,,124,29,0.0,,,,,,,,,,,,,,,,,,,,,,,,,,
26247,CISCO SYSTEMS INC,Cisco Systems shares are trading lower after Goldman Sachs downgraded the stock from Buy to Neutral and lowered the price target from $56 to $48 per share.,0,decrease,0.8,0.7,,141,29,0.0,,,,,,,,,,,,,,,,,,,,,,,,,,
26255,CISCO SYSTEMS INC,"Goldman Sachs Downgrades Cisco Systems to Neutral, Lowers Price Target to $48",0,decrease,0.8,0.7,,128,29,0.0,,,,,,,,,,,,,,,,,,,,,,,,,,
26263,CANADIAN SOLAR INC,Canadian Solar Wins 393.7 MWp Solar Power Projects In Brazil,0,increase,0.8,0.7,,127,28,2.0,,,,,,,,,,,,,,,,,,,,,,,,,,
26271,CINTAS CORP,"Morgan Stanley Maintains Underweight on Cintas, Raises Price Target to $223",0,uncertain,0.6,0.3,,129,29,1.0,,,,,,,,,,,,,,,,,,,,,,,,,,
26279,C V S HEALTH CORP,CVS Health shares are trading higher despite no company-specific news. This could potentially be a rebound from the $63.48 support level.,0,uncertain,0.6,0.4,,140,29,1.0,,,,,,,,,,,,,,,,,,,,,,,,,,
26287,DELTA AIR LINES INC,Virgin Atlantic And Delta Open Hi-Tech Export Facility At Heathrow,0,increase,0.8,0.7,,126,28,2.0,,,,,,,,,,,,,,,,,,,,,,,,,,
26295,DELTA AIR LINES INC,Delta Air Pilots Issue Press Release With Response To Q3 Earnings,0,uncertain,0.6,0.3,,127,29,1.0,,,,,,,,,,,,,,,,,,,,,,,,,,
26303,DELTA AIR LINES INC,Delta Posts Strong Income Gains Despite Slump In Cargo Revenue,0,increase,0.8,0.7,,125,28,2.0,,,,,,,,,,,,,,,,,,,,,,,,,,
26311,DELTA AIR LINES INC,From Delta Air Q3 Earnings Conference Call: Sees Retaining Market Share Which Was Gained Over Summer 2019,0,increase,0.8,0.7,,138,28,2.0,,,,,,,,,,,,,,,,,,,,,,,,,,
26319,DELTA AIR LINES INC,"From Delta Air Q3 Earnings Conference Call: Sees Sales Growth Over 2020 GDP, Sees Capacity Up 3-4 Points",0,increase,0.8,0.7,,142,28,2.0,,,,,,,,,,,,,,,,,,,,,,,,,,
26327,DELTA AIR LINES INC,Delta Air Lines shares are trading lower after the company reported worse-than-expected Q3 sales results. The company also issued Q4 EPS guidance below analyst estimates.,0,decrease,0.8,0.7,,144,29,0.0,,,,,,,,,,,,,,,,,,,,,,,,,,
26335,DELTA AIR LINES INC,"Morgan Stanley Maintains Equal-Weight on Delta Air Lines, Lowers Price Target to $59",0,decrease,0.8,0.7,,133,29,0.0,,,,,,,,,,,,,,,,,,,,,,,,,,
26343,DELTA AIR LINES INC,Delta Air Lines Reports Q3 Earnings Beat,0,increase,0.8,0.7,,122,28,2.0,,,,,,,,,,,,,,,,,,,,,,,,,,
26351,DELTA AIR LINES INC,"Delta Air Sees Q4 EPS $1.20-$1.50 vs $1.51 Estimate, System Capacity Up ~4.5% Year Over Year",0,decrease,0.8,0.7,,146,29,0.0,,,,,,,,,,,,,,,,,,,,,,,,,,
26359,DELTA AIR LINES INC,"Delta Air Lines Q3 Adj. EPS $2.32 Beats $2.26 Estimate, Total Operating Sales $12.56B May Not Compare To $12.6B Estimate",0,uncertain,0.6,0.3,,150,29,1.0,,,,,,,,,,,,,,,,,,,,,,,,,,
26367,DEUTSCHE BANK A G,US Appeals Court Says Deutsche Bank Informed It Bank Does Not Have Pres Trump's Tax Returns,0,uncertain,0.6,0.3,,133,29,1.0,,,,,,,,,,,,,,,,,,,,,,,,,,
26375,DUPONT DE NEMOURS INC,DuPont Declares Q4 Dividend Of $0.30/Share,0,uncertain,0.6,0.3,,130,29,1.0,,,,,,,,,,,,,,,,,,,,,,,,,,
26383,DEERE & CO,'USDA lowers #corn and #soybean production yet again' -Tweet From Hoosier Ag Today,0,increase,0.8,0.7,,132,28,2.0,,,,,,,,,,,,,,,,,,,,,,,,,,
26391,DEERE & CO,"USDA Sees 2019/2020 Wheat End Stocks 1.043B Bushels, Soybean 460M Bushels, Corn 1.929B Bushels",0,uncertain,0.6,0.3,,146,29,1.0,,,,,,,,,,,,,,,,,,,,,,,,,,
26399,SPDR DOW JONES IND AVG ETF TRUST,"Opening Statement on Final Rules to Tailor Enhanced Prudential Standards
and Resolution Plan Requirements for Large Domestic and Foreign Banks",0,uncertain,0.6,0.3,,147,29,1.0,,,,,,,,,,,,,,,,,,,,,,,,,,
26407,SPDR DOW JONES IND AVG ETF TRUST,US Federal Reserve Unveils Final Rules Easing Capital And Liquidity Requirements For Domestic US Banks With Less Than $700 Billion In Assets,0,uncertain,0.6,0.3,,150,29,1.0,,,,,,,,,,,,,,,,,,,,,,,,,,
26415,DOVER CORP,Dover Fueling Solutions Announces Collaboration With ChargePoint For Electric Vehicle Charging,0,increase,0.8,0.7,,124,28,2.0,,,,,,,,,,,,,,,,,,,,,,,,,,
26423,DOVER CORP,"JP Morgan Maintains Neutral on Dover, Raises Price Target to $93",0,increase,0.8,0.6,,123,28,2.0,,,,,,,,,,,,,,,,,,,,,,,,,,
26431,DOMINOS PIZZA INC,Domino's 13G Filing From Capital World Shows New 10.8% Stake,0,increase,0.8,0.7,,134,28,2.0,,,,,,,,,,,,,,,,,,,,,,,,,,
26439,DIANA SHIPPING INC,Diana Shipping Reports Time Charter Contract With Al Ghurair Resources For m/v Polymnia At $14.5K/Day Minus 5% Commission Paid For 12-14 Months,0,uncertain,0.6,0.3,,149,29,1.0,,,,,,,,,,,,,,,,,,,,,,,,,,
26447,EMERGENT BIOSOLUTIONS INC,Emergent BioSolutions Reports Received European Medicines Agency Prime Designation For Chikungunya Virus Virus-Like Particle Vaccine Candidate,0,increase,0.8,0.7,,143,28,2.0,,,,,,,,,,,,,,,,,,,,,,,,,,
26455,CONSOLIDATED EDISON INC,'Two people were injured by a transformer explosion on W 47th Street in Midtown this afternoon.' -Tweet From Citizen New York,0,uncertain,0.6,0.4,,140,29,1.0,,,,,,,,,,,,,,,,,,,,,,,,,,
26463,EQUIFAX INC,"Morgan Stanley Maintains Equal-Weight on Equifax, Raises Price Target to $131",0,increase,0.8,0.6,,127,28,2.0,,,,,,,,,,,,,,,,,,,,,,,,,,
26471,ENOVA INTERNATIONAL INC,Enova Reports Pricing Of $200M Securitization,0,uncertain,0.6,0.3,,123,29,1.0,,,,,,,,,,,,,,,,,,,,,,,,,,
26479,EATON CORP PLC,Eaton Option Alert: Oct 18 $80.5 Calls Sweep (2) near the Ask: 1000 @ $0.5 vs 22 OI; Earnings 10/29 Before Open Ref=$78.46,0,uncertain,0.6,0.3,,161,29,1.0,,,,,,,,,,,,,,,,,,,,,,,,,,
26487,ISHARES TRUST,"Britain Proposing A 'Pared-Down Free Trade' Deal To End Brexit Stalemate, Get A Deal Done By Oct.",0,uncertain,0.7,0.3,,139,29,1.0,,,,,,,,,,,,,,,,,,,,,,,,,,
26495,ISHARES TRUST,"UK Minister Says Talks Between UK, Irish Prime Ministers Has Been 'Cordial, Constructive,' Says Has Been Good Progress",0,uncertain,0.7,0.3,,137,29,1.0,,,,,,,,,,,,,,,,,,,,,,,,,,
26503,ISHARES TRUST,"UK, Irish Prime Ministers Say See A Pathway To Possible Brexit Deal, Say Discussion Is Focused On Customs, Consent",0,increase,0.8,0.7,,137,28,2.0,,,,,,,,,,,,,,,,,,,,,,,,,,
26511,ISHARES INC,"Brazil's Embraer To Furlough Close To 15,000 Workers Between Jan. 6-20 To Prepare For Boeing's Takeover Of Commercial Jet Division",0,uncertain,0.6,0.4,,145,29,1.0,,,,,,,,,,,,,,,,,,,,,,,,,,
26519,ENDEAVOUR SILVER CORP,Endeavour Silver shares are trading lower on continued momentum after the company announced its Q3 output fell by 30%.,0,decrease,0.8,0.7,,140,29,0.0,,,,,,,,,,,,,,,,,,,,,,,,,,
26527,FASTENAL CO,Fastenal's Q3 Earnings Preview,0,uncertain,0.6,0.3,,117,29,1.0,,,,,,,,,,,,,,,,,,,,,,,,,,
26535,FIRST BANCSHARES INC MS,"DA Davidson Initiates Coverage On First Bancshares with Buy Rating, Announces $36 Price Target",0,increase,0.8,0.7,,138,28,2.0,,,,,,,,,,,,,,,,,,,,,,,,,,
26543,F T I CONSULTING INC,"UPDATE: Sidoti & Co. Maintains Buy On FTI Consulting, Raises Target To $134 As Firm Thinks 'global macroeconomic and political concerns will lead customers to transformative events such as M&A and restructuring activity'",0,increase,0.8,0.7,,159,28,2.0,,,,,,,,,,,,,,,,,,,,,,,,,,
26551,F T I CONSULTING INC,"Sidoti & Co. Maintains Buy on FTI Consulting, Raises Price Target to $134",0,increase,0.9,0.8,,134,28,2.0,,,,,,,,,,,,,,,,,,,,,,,,,,
26559,FREEPORT MCMORAN INC,"UBS Upgrades Freeport-McMoRan On Sell-Off, Projects Rising Copper Prices",0,increase,0.8,0.7,,135,28,2.0,,,,,,,,,,,,,,,,,,,,,,,,,,
26567,FREEPORT MCMORAN INC,"JP Morgan Maintains Neutral on Freeport-McMoRan, Lowers Price Target to $12",0,decrease,0.8,0.7,,136,29,0.0,,,,,,,,,,,,,,,,,,,,,,,,,,
26575,FREEPORT MCMORAN INC,Freeport-McMoRan shares are trading higher after UBS upgraded the stock from Neutral to Buy.,0,increase,0.8,0.7,,136,28,2.0,,,,,,,,,,,,,,,,,,,,,,,,,,
26583,FREEPORT MCMORAN INC,"UBS Upgrades Freeport-McMoRan to Buy, Lowers Price Target to $12",0,uncertain,0.6,0.4,,136,29,1.0,,,,,,,,,,,,,,,,,,,,,,,,,,
26591,FACTSET RESEARCH SYSTEMS INC,"Morgan Stanley Maintains Underweight on FactSet Research Systems, Lowers Price Target to $215",0,decrease,0.8,0.7,,135,29,0.0,,,,,,,,,,,,,,,,,,,,,,,,,,
26599,FIDUS INVESTMENT CORP,"Fidus Investment Sees Q3 Net Investment Income Per Share Between $0.29-$0.31, Adj. Net Investment Income Per Share Between $0.34-$0.36",0,uncertain,0.6,0.3,,156,29,1.0,,,,,,,,,,,,,,,,,,,,,,,,,,
26607,FEDEX CORP,Amazon Partner Inpax Lays Off About 600 After Amazon Ends Relationship,0,increase,0.8,0.7,,124,28,2.0,,,,,,,,,,,,,,,,,,,,,,,,,,
26615,FIFTH THIRD BANCORP,"JP Morgan Maintains Neutral on Fifth Third Bancorp, Lowers Price Target to $30.5",0,decrease,0.8,0.7,,137,29,0.0,,,,,,,,,,,,,,,,,,,,,,,,,,
26623,AMICUS THERAPEUTICS INC,"Amicus Therapeutics Sees Prelim. Q3 Sales ~$48M vs $45.4M Estimate; Raises Lower End, Narrows FY19 Galafold Sales From $160M-$180M To $170M-$180M",0,increase,0.8,0.7,,169,28,2.0,,,,,,,,,,,,,,,,,,,,,,,,,,
26631,INVESCO CURRENCYSHARES AUS DLR T,"US Chamber Of Commerce Official Says, In US, China Trade Talks, There's A Possibility Of Currency Deal In Exchange For Delay In Tariff Hikes",0,uncertain,0.6,0.3,,154,29,1.0,,,,,,,,,,,,,,,,,,,,,,,,,,
26639,GENERAL DYNAMICS CORP,"Morgan Stanley Maintains Underweight on General Dynamics, Lowers Price Target to $172",0,decrease,0.8,0.7,,131,29,0.0,,,,,,,,,,,,,,,,,,,,,,,,,,
26647,GERON CORP,Geron Reports First Patient Dosed In IMerge Phase 3 Trial In Lower Risk Myelodysplastic Syndromes,0,increase,0.8,0.7,,135,28,2.0,,,,,,,,,,,,,,,,,,,,,,,,,,
26655,GILEAD SCIENCES INC,"Gilead, Galapagos Report Efficacy, Safety Results Of Filgotinib Through 52 Weeks In FINCH 1, 3 Studies In RA",0,uncertain,0.6,0.3,,147,29,1.0,,,,,,,,,,,,,,,,,,,,,,,,,,
26663,GILEAD SCIENCES INC,"Gilead To Report Q3 Earnings On Thurs., Oct. 24, 2019 After Market Close",0,uncertain,0.6,0.3,,136,29,1.0,,,,,,,,,,,,,,,,,,,,,,,,,,
26671,GILEAD SCIENCES INC,Gilead Sciences Option Alert: Fri $62.5 Calls Sweep (91) near the Ask: 983 @ $0.391 vs 359 OI; Earnings 10/24 After Close Ref=$62.4786,0,uncertain,0.6,0.3,,161,29,1.0,,,,,,,,,,,,,,,,,,,,,,,,,,
26679,GOLAR L N G LTD,Golar LNG shares are trading higher despite no company-specific news. This could potentially be a rebound after the stocked dropped approximately 31% over the past 3 months.,0,uncertain,0.6,0.4,,148,29,1.0,,,,,,,,,,,,,,,,,,,,,,,,,,
26687,GLOBAL X FUNDS,3 ETFs Up At Least 30% This Year,0,increase,0.8,0.7,,120,28,2.0,,,,,,,,,,,,,,,,,,,,,,,,,,
26695,GLOBAL SHIP LEASE INC,Global Ship Lease 13G Shows B. Riley Has A 11.90% Passive Stake,0,increase,0.8,0.7,,132,28,2.0,,,,,,,,,,,,,,,,,,,,,,,,,,
26703,GRAINGER W W INC,"JP Morgan Maintains Neutral on W.W. Grainger, Raises Price Target to $301",0,increase,0.8,0.7,,129,28,2.0,,,,,,,,,,,,,,,,,,,,,,,,,,
26711,HAWAIIAN HOLDINGS INC,"Morgan Stanley Maintains Underweight on Hawaiian Holdings, Raises Price Target to $23",0,uncertain,0.6,0.3,,134,29,1.0,,,,,,,,,,,,,,,,,,,,,,,,,,
26719,HUMANA INC,Humana shares are trading higher after the company announced it has expanded its existing partnership with Accolade that includes a $20 million strategic investment from Humana.,0,increase,0.8,0.7,,140,28,2.0,,,,,,,,,,,,,,,,,,,,,,,,,,
26727,HUMANA INC,"Humana Reports Expanded Partnership with Accolade, Includes $20M Strategic Investment From Humana",0,increase,0.8,0.7,,128,28,2.0,,,,,,,,,,,,,,,,,,,,,,,,,,
26735,I D T CORP,"IDT Q4 EPS $0.15 Down From $0.4 YoY, Sales $356.1M Down From $392.6M YoY",0,decrease,0.8,0.5,,144,29,0.0,,,,,,,,,,,,,,,,,,,,,,,,,,
26743,INGERSOLL RAND INC,"JP Morgan Maintains Overweight on Ingersoll-Rand, Lowers Price Target to $129",0,uncertain,0.6,0.4,,133,29,1.0,,,,,,,,,,,,,,,,,,,,,,,,,,
26751,JAZZ PHARMACEUTICALS PLC,Jazz Pharmaceuticals Announces First Patient Enrolled In Phase 2 Clinical Trial Evaluating Defibrotide For The Prevention Of CAR-T Associated Neurotoxicity,0,increase,0.8,0.7,,153,28,2.0,,,,,,,,,,,,,,,,,,,,,,,,,,
26759,JETBLUE AIRWAYS CORP,"Morgan Stanley Maintains Equal-Weight on JetBlue Airways, Lowers Price Target to $19",0,decrease,0.8,0.7,,135,29,0.0,,,,,,,,,,,,,,,,,,,,,,,,,,
26767,JETBLUE AIRWAYS CORP,"JetBlue Air Reports Sep. Traffic: RPMs Up 3.4% Year Over Year, ASMs Up 2.5%, Load Factor Up 0.6 Points",0,uncertain,0.6,0.3,,151,29,1.0,,,,,,,,,,,,,,,,,,,,,,,,,,
26775,JOHN BEAN TECHNOLOGIES CORP,"JP Morgan Maintains Underweight on John Bean Technologies, Raises Price Target to $96",0,uncertain,0.6,0.4,,134,29,1.0,,,,,,,,,,,,,,,,,,,,,,,,,,
26783,JOHNSON CONTROLS INTL PLC,"JP Morgan Maintains Neutral on Johnson Controls Intl, Raises Price Target to $41",0,increase,0.8,0.6,,135,28,2.0,,,,,,,,,,,,,,,,,,,,,,,,,,
26791,JINKOSOLAR HOLDING CO LTD,Dubai Receives Lowest Ever Tariff Bid For Solar PV for 900mw Solar Project,0,uncertain,0.6,0.3,,137,29,1.0,,,,,,,,,,,,,,,,,,,,,,,,,,
26799,COCA COLA CO,Empty Miles And Tight Profit Margins: What Is LoadSmart Doing To Help?,0,uncertain,0.6,0.3,,126,29,1.0,,,,,,,,,,,,,,,,,,,,,,,,,,
26807,KROGER CO,Kroger shares are trading lower after Jefferies downgraded the company's stock from Buy to Hold and lowered the price target from $29 to $26.,0,decrease,0.8,0.7,,141,29,0.0,,,,,,,,,,,,,,,,,,,,,,,,,,
26815,KROGER CO,"A Peek Into The Markets: US Stock Futures Down Ahead Of Consumer Price Index, Fed Speakers",0,uncertain,0.6,0.3,,127,29,1.0,,,,,,,,,,,,,,,,,,,,,,,,,,
26823,KROGER CO,"Jefferies Downgrades Kroger to Hold, Lowers Price Target to $26",0,decrease,0.8,0.7,,126,29,0.0,,,,,,,,,,,,,,,,,,,,,,,,,,
26831,KILROY REALTY CORP,"Deutsche Bank Earlier Maintained Hold on Kilroy Realty, Lowered Price Target to $86",0,decrease,0.8,0.7,,134,29,0.0,,,,,,,,,,,,,,,,,,,,,,,,,,
26839,KOHLS CORP,Koh'ls Reports CFO Bruce Besanko To Step Down; Jill Timm Named Replacement,0,uncertain,0.6,0.3,,129,29,1.0,,,,,,,,,,,,,,,,,,,,,,,,,,
26847,LEIDOS HOLDINGS INC,"Morgan Stanley Maintains Equal-Weight on Leidos Holdings, Raises Price Target to $83",0,increase,0.8,0.7,,132,28,2.0,2019-10-10,91547.0,0.1324510667473077,-1.613490622706648,-3.624325159152886,1.0508316569030285,-1.3126564537284002,-1.1120415938812078,0.4232,-0.1303,0.9211,0.59,-0.4,0.26,0.007,-0.1272489999999999,-0.9925,-0.6964,-1.2443,-0.8332,0.1522,0.3581,-1.5913,-1.5333,-0.2836,0.6706
26855,LENNOX INTERNATIONAL INC,"JP Morgan Maintains Underweight on Lennox International, Raises Price Target to $225",0,uncertain,0.6,0.3,,128,29,1.0,2019-10-10,87034.0,2.38146111369133,7.827877326799104,5.265872880287326,-0.6367490161210299,-1.206316972055732,-2.560968327063229,0.7274,0.2309,0.8424,0.59,-0.4,0.26,0.007,0.223384,1.3039,1.1916,-0.1624,-0.0658,3.4419,1.4101,-2.6593,0.0069,-3.5685,2.1526
26863,LILLY ELI & CO,"Lilly Says Taltz Met Primary, Secondary Endpoints of Ixora-R Study in People With Moderate to Severe Plaque Psoriasis",0,increase,0.8,0.7,,144,28,2.0,2019-10-10,50876.0,1.346803642809391,1.4403300330229518,0.8604546788794076,0.1026220852509141,-0.4915132926702314,-0.8317873665477316,-0.3542,-0.8403,0.6171,0.59,-0.4,0.26,0.007,-0.7252890000000001,0.8485,-0.4832,1.0747,-1.2312,0.4896,0.589,-0.9281,2.3607,-2.3333,-0.1255
26871,LOCKHEED MARTIN CORP,"Credit Suisse Maintains Neutral on Lockheed Martin, Raises Price Target to $401",0,increase,0.8,0.7,,131,28,2.0,2019-10-10,21178.0,-1.398367341607809,-2.5382566164391607,-3.1379276727026895,0.6516252178698778,0.2162662455960529,-0.0883301267065928,0.5902,0.1635,0.7375,0.59,-0.4,0.26,0.007,0.1480749999999999,-2.2702,0.3999,-0.7237,0.2399,-1.7729,-0.7678,-0.0175,0.2983,-0.3067,0.0853
26879,LOCKHEED MARTIN CORP,"Morgan Stanley Maintains Equal-Weight on Lockheed Martin, Raises Price Target to $381",0,increase,0.8,0.7,,133,28,2.0,2019-10-10,21178.0,-1.398367341607809,-2.5382566164391607,-3.1379276727026895,0.6516252178698778,0.2162662455960529,-0.0883301267065928,0.5902,0.1635,0.7375,0.59,-0.4,0.26,0.007,0.1480749999999999,-2.2702,0.3999,-0.7237,0.2399,-1.7729,-0.7678,-0.0175,0.2983,-0.3067,0.0853
26887,LINCOLN NATIONAL CORP,"UBS Maintains Neutral on Lincoln National, Raises Price Target to $56",0,increase,0.8,0.7,,128,28,2.0,2019-10-10,49015.0,4.101282358169556,5.206843959438001,8.862334519575166,1.483680121600628,-2.180908301973883,-3.2018402024556525,3.1831,1.9571,1.5737,0.59,-0.4,0.26,0.007,2.247617,1.7906,0.8144,-0.6186,-0.9343,0.491,0.5003,0.6033,-0.0416,0.0157,-0.2739
26895,SOUTHWEST AIRLINES CO,"Morgan Stanley Maintains Overweight on Southwest Airlines, Raises Price Target to $63",0,increase,0.9,0.8,,134,28,2.0,2019-10-10,58683.0,0.4658096004277468,0.3540198021170893,4.881689656681143,0.8674390614032745,0.8484177599844323,1.3260101995242968,0.3365,-0.175,0.9107,0.59,-0.4,0.26,0.007,-0.2078129999999999,-0.8115,0.445,-0.695,-0.8335,-0.0726,-0.412,-1.2362,-0.5307,0.3287,5.754
26903,MACERICH CO,"Bank of America Reiterates Neutral on Macerich, Lowers Price Target to $30",0,decrease,0.8,0.7,,128,29,0.0,2019-10-10,80399.0,1.7084671184420586,0.3635055969115175,1.7811698058379788,-0.1445119734853506,-3.8274194723351473,-4.722512175303073,-0.4703,-0.8287,0.7106,0.59,-0.4,0.26,0.007,-0.896554,0.4932,-0.9374,-1.6038,0.0244,0.0898,-0.6812,2.3882,3.1101,-1.2652,-2.8356
26911,PEDIATRIX MEDICAL GROUP INC,MEDNAX Reports Deal To Sell Its MedData Business To Frazier Healthcare Partners For $250M In Cash,0,uncertain,0.7,0.3,,137,29,1.0,2019-10-10,82272.0,1.6509361565113068,11.88678502272178,6.509429740219286,-0.5628468003123999,-4.719097892612045,-4.932728951919718,0.0,-0.3366,0.8791,0.59,-0.4,0.26,0.007,-0.5256689999999999,-0.1429,0.3293,2.4446,3.592,1.5979,-3.2269,0.463,-0.3422,-0.093,-2.9696
26919,METLIFE INC,"UBS Maintains Neutral on MetLife, Raises Price Target to $47",0,increase,0.8,0.6,,124,28,2.0,2019-10-10,87842.0,1.9572976976633072,2.0907526689511347,2.935942260351343,1.232026144862175,-1.2903267108110072,-2.2902465378583203,1.3297,0.3723,1.1936,0.59,-0.4,0.26,0.007,0.6184760000000002,0.3223,0.0385,-0.0328,-0.4254,-0.3086,0.2527,-0.1986,-0.426,-0.4489,-0.1112
26927,M F A FINANCIAL INC,"UPDATE: Wedbush Initiates MFA Financial With Outperform, $8.25 Target As Firm Believes Co. 'has the earnings and profitability required to continue to support its dividend of $0.20 per quarter'",0,increase,0.8,0.7,,160,28,2.0,2019-10-10,85935.0,-0.1322718570008874,0.1322781451946975,0.5291000173620386,0.6756717804819345,0.5398105442815826,0.4043090486594902,1.4765,1.1373,0.4615,0.59,-0.4,0.26,0.007,1.197215,-0.7924,-0.1626,-0.407,-0.1084,0.5634,-0.289,0.0974,0.0344,-0.1973,0.1312
26935,M F A FINANCIAL INC,"Wedbush Initiates Coverage On MFA Financial with Outperform Rating, Announces $8.25 Price Target",0,increase,0.9,0.8,,138,28,2.0,2019-10-10,85935.0,-0.1322718570008874,0.1322781451946975,0.5291000173620386,0.6756717804819345,0.5398105442815826,0.4043090486594902,1.4765,1.1373,0.4615,0.59,-0.4,0.26,0.007,1.197215,-0.7924,-0.1626,-0.407,-0.1084,0.5634,-0.289,0.0974,0.0344,-0.1973,0.1312
26943,3M CO,"JP Morgan Maintains Underweight on 3M, Raises Price Target to $143",0,uncertain,0.6,0.3,,126,29,1.0,2019-10-10,22592.0,3.801463171839714,7.373117841059518,6.2898046577659406,0.1658484805375337,-1.6479928627732066,-3.09973147764413,0.8742,0.1646,1.0757,0.59,-0.4,0.26,0.007,0.232537,2.3683,1.7561,0.5022,-0.3631,0.4892,-0.0519,0.8198,0.9705,0.3505,-3.9548
26951,MAXIMUS INC,MAXIMUS Raises Qtr. Dividend From $0.25 To $0.28/Share,0,increase,0.8,0.5,,130,28,2.0,2019-10-10,85067.0,1.0985996574163437,3.5534991931911897,1.0579121289850946,0.1890095765702426,-1.682570456993859,-2.2395000151789413,-0.6468,-0.9605,0.7549,0.59,-0.4,0.26,0.007,-1.099191,0.0063,-0.1916,0.4383,0.0587,0.9461,1.8819,0.2234,-2.2672,-1.7016,-0.663
26959,MOSAIC CO NEW,"Mosaic Highlights Temporary Curtailment At Esterhazy Potash Mine, Bringing Announced Potash Curtailments To Up To 600K Tonnes",0,uncertain,0.6,0.4,,143,29,1.0,2019-10-10,90386.0,7.135466486215591,1.5511854103566591,2.998965556772504,1.4555281028151512,-1.9791723177931877,-2.939658312493254,2.763,2.1788,1.2764,0.59,-0.4,0.26,0.007,2.0029239999999997,4.9522,-2.5983,-0.854,-0.8138,-3.0795,-0.2553,-1.8395,0.5527,1.9941,-0.541
26967,MORGAN STANLEY DEAN WITTER & CO,Morgan Stanley shares are trading higher after Sandler O'Neil upgraded the stock from Hold to Buy.,0,increase,0.8,0.7,,145,28,2.0,2019-10-10,69032.0,2.1437298506498337,5.822166765382031,11.473810446080224,1.5570038929581642,-0.5899745244276611,-0.8337423310674996,1.5084,0.4254,1.3737,0.59,-0.4,0.26,0.007,0.6909170000000001,0.3084,1.0145,-0.5148,0.7643,1.3527,0.2889,1.7234,0.5259,0.547,0.1687
26975,MORGAN STANLEY DEAN WITTER & CO,Sandler O'Neill Upgrades Morgan Stanley to Buy,0,increase,0.8,0.7,,135,28,2.0,2019-10-10,69032.0,2.1437298506498337,5.822166765382031,11.473810446080224,1.5570038929581642,-0.5899745244276611,-0.8337423310674996,1.5084,0.4254,1.3737,0.59,-0.4,0.26,0.007,0.6909170000000001,0.3084,1.0145,-0.5148,0.7643,1.3527,0.2889,1.7234,0.5259,0.547,0.1687
26983,M S C INDUSTRIAL DIRECT INC,"JP Morgan Maintains Neutral on MSC Industrial Direct Co, Raises Price Target to $79",0,increase,0.8,0.7,,136,28,2.0,2019-10-10,82777.0,4.565219581127167,4.34782604404218,9.463766163250732,0.8145780302584171,-0.3805094704361411,-2.923563790043293,1.3662,0.7444,1.0977,0.59,-0.4,0.26,0.007,0.7115570000000003,2.8261,-1.0889,-0.359,-1.096,0.9224,-0.0488,-2.2424,3.6577,0.358,1.8322
26991,ARCELORMITTAL S A LUXEMBOURG,ArcelorMittal SA shares are trading higher in sympathy with US Steel after the company reported better-than-expected Q3 guidance.,0,increase,0.8,0.7,,152,28,2.0,2019-10-10,85261.0,5.428573116660118,4.000003112194195,7.214287619433701,1.4728724025189877,-1.1329277089890066,0.5376320106453614,6.9519,5.8767,1.7472,0.59,-0.4,0.26,0.007,5.914052000000001,2.7862,-2.4287,-0.7193,-1.0565,0.8936,0.2512,1.2846,-0.8563,0.5304,-0.3791
26999,NEPTUNE WELLNESS SOLUTIONS INC,Neptune Wellness Solutions shares are trading lower despite no company-specific news. The stock has dropped approximately 22% over the past month.,0,decrease,0.8,0.7,,143,29,0.0,2019-10-10,92222.0,-0.2967356238514185,5.044512616978425,3.857570010727795,-0.8021382614970207,-1.8518501285019084,-2.6246694720905572,-9.1644,-9.1607,1.1514,0.59,-0.4,0.26,0.007,-9.850726,-2.336,-0.2167,2.4937,0.3698,-0.2734,1.3583,-3.7134,-1.4101,9.4984,-5.4713
27007,NETFLIX INC,Netflix shares are trading higher after multiple firms maintained bullish ratings on the company's stock.,0,increase,0.8,0.7,,125,28,2.0,2019-10-10,89393.0,0.8734960108995438,4.588560493799121,-3.2016582983514508,-1.1783401481807232,-2.524955495724457,-1.9282266585696983,4.8406,4.276,1.5006,0.59,-0.4,0.26,0.007,3.9482460000000006,-0.9504,1.2388,-2.2349,1.1084,1.456,-4.6869,0.1767,-3.0179,1.595,-0.9094
27015,NETFLIX INC,Roku Gets Upgraded As It Accelerates Its Growth,0,uncertain,0.6,0.3,,120,29,1.0,2019-10-10,89393.0,0.8734960108995438,4.588560493799121,-3.2016582983514508,-1.1783401481807232,-2.524955495724457,-1.9282266585696983,4.8406,4.276,1.5006,0.59,-0.4,0.26,0.007,3.9482460000000006,-0.9504,1.2388,-2.2349,1.1084,1.456,-4.6869,0.1767,-3.0179,1.595,-0.9094
27023,NETFLIX INC,"UBS Maintains Buy on Netflix, Lowers Price Target to $370",0,uncertain,0.6,0.4,,124,29,1.0,2019-10-10,89393.0,0.8734960108995438,4.588560493799121,-3.2016582983514508,-1.1783401481807232,-2.524955495724457,-1.9282266585696983,4.8406,4.276,1.5006,0.59,-0.4,0.26,0.007,3.9482460000000006,-0.9504,1.2388,-2.2349,1.1084,1.456,-4.6869,0.1767,-3.0179,1.595,-0.9094
27031,NETFLIX INC,"Goldman Sachs Maintains Buy on Netflix, Lowers Price Target to $360; Keeps On Conviction Buy List",0,uncertain,0.6,0.3,,132,29,1.0,2019-10-10,89393.0,0.8734960108995438,4.588560493799121,-3.2016582983514508,-1.1783401481807232,-2.524955495724457,-1.9282266585696983,4.8406,4.276,1.5006,0.59,-0.4,0.26,0.007,3.9482460000000006,-0.9504,1.2388,-2.2349,1.1084,1.456,-4.6869,0.1767,-3.0179,1.595,-0.9094
27039,NETFLIX INC,"Netflix Shares Down 1%; Hearing Several Firms Cut Price Target: Goldman From $420 To $360, UBS From $420 To $370",0,decrease,0.8,0.5,,139,29,0.0,2019-10-10,89393.0,0.8734960108995438,4.588560493799121,-3.2016582983514508,-1.1783401481807232,-2.524955495724457,-1.9282266585696983,4.8406,4.276,1.5006,0.59,-0.4,0.26,0.007,3.9482460000000006,-0.9504,1.2388,-2.2349,1.1084,1.456,-4.6869,0.1767,-3.0179,1.595,-0.9094
27047,NEW GOLD INC,New Gold Reports Q3 Production 128.899K Gold Equivalent Oz.; Reaffirms FY19 Production Guidance Of 465K-520K Gold Equivalent Oz.,0,uncertain,0.6,0.3,,139,29,1.0,2019-10-10,90433.0,-4.723290726542473,-0.2533953232448982,-0.0405438838344762,-2.8846127912402153,0.9999989924521556,-0.9803913334697544,-2.3168,-1.8077,-0.1967,0.59,-0.4,0.26,0.007,-2.2077470000000003,-5.1093,0.5741,-2.3386,-0.4444,6.1318,1.7035,-2.1448,0.6497,0.1064,-0.1021
27055,N I O INC,NIO shares are trading lower despite no company-specific news. The stock has dropped approximately 113% over the past month.,0,uncertain,0.7,0.8,,133,29,1.0,2019-10-10,18087.0,1.9607825204730032,-4.575158850655214,0.6535941493922781,-3.5294152796268463,5.806453948455026,1.2345665543664677,-6.7073,-6.7603,1.336,0.59,-0.4,0.26,0.007,-7.50254,-0.6416,-1.0221,-0.6814,-6.2639,-2.1265,5.6582,9.9303,-6.3827,-3.3184,0.6027
27063,N I O INC,"Leopaard, Lifan, and Zotye Auto have Denied they are on the Brink of Bankruptcy",0,increase,0.8,0.6,,131,28,2.0,2019-10-10,18087.0,1.9607825204730032,-4.575158850655214,0.6535941493922781,-3.5294152796268463,5.806453948455026,1.2345665543664677,-6.7073,-6.7603,1.336,0.59,-0.4,0.26,0.007,-7.50254,-0.6416,-1.0221,-0.6814,-6.2639,-2.1265,5.6582,9.9303,-6.3827,-3.3184,0.6027
27071,N M I HOLDINGS INC,"Credit Suisse Initiates Coverage On NMI Holdings with Neutral Rating, Announces $30 Price Target",0,uncertain,0.6,0.3,,133,29,1.0,2019-10-10,14318.0,1.717304810881615,5.642570063991714,11.304015242375607,1.636219210922718,-1.3298875904343863,-1.9096600340291592,-0.8049,-1.4832,1.33,0.59,-0.4,0.26,0.007,-1.5966,-0.0894,0.2693,3.9309,-1.3016,-0.6621,0.1449,4.5883,1.7694,-0.0625,-1.5089
27079,N N N REIT INC,"Jefferies Initiates Coverage On National Retail Props with Buy Rating, Announces $75 Price Target",0,increase,0.8,0.7,,133,28,2.0,2019-10-10,88373.0,-0.4376750905066728,-0.6302532614505307,1.172972594266164,0.0,-0.1583951991051435,-0.4562241139229428,0.6875,0.4736,0.251,0.59,-0.4,0.26,0.007,0.53241,-0.5282,0.1884,-1.0399,1.1269,-0.4352,1.2129,0.6968,0.199,0.0653,-0.1406
27087,NORTHROP GRUMMAN CORP,"Morgan Stanley Maintains Overweight on Northrop Grumman, Raises Price Target to $437",0,increase,0.8,0.7,,135,28,2.0,2019-10-10,24766.0,-1.770847104489803,-3.384409686689726,-3.2108463965856537,-0.2198451664298772,-0.0788238008423869,-0.3658751212994859,0.3047,-0.098,0.7681,0.59,-0.4,0.26,0.007,-0.1554789999999999,-2.7237,1.2942,-2.0515,0.9494,-2.667,-1.3667,-0.2491,0.9697,0.088,0.7016
27095,NORTHERN OIL & GAS INC,Northern Oil and Gas shares are trading lower despite no company-specific news. The stock has dropped approximately 20% over the past month.,0,uncertain,0.6,0.5,,145,29,1.0,2019-10-10,92601.0,3.1746063381433487,-2.1164002489633127,5.8201069018495755,2.6315826922655106,2.6315826922655106,3.1746064449627465,-3.0769,-4.5315,2.4694,0.59,-0.4,0.26,0.007,-4.540846,-0.4718,-1.8057,-2.4659,-1.1312,-2.9043,-1.6584,-2.2727,7.9109,1.1982,0.7017
27103,NETAPP INC,NetApp shares are trading lower after Goldman Sachs downgraded the stock from Buy to Sell and lowered the price target from $61 to $45 per share.,0,decrease,0.8,0.7,,137,29,0.0,2019-10-10,82598.0,3.4351203590631485,8.517480322104909,11.39012065321614,1.61210298538208,-1.2684986197579295,-1.3253983735697972,-3.0952,-3.9737,1.4685,0.59,-0.4,0.26,0.007,-3.968615,1.5452,1.685,0.0826,0.589,0.8654,-0.3574,0.8825,1.4142,1.0995,-1.1129
27111,NETAPP INC,"Goldman Sachs Downgrades NetApp to Sell, Lowers Price Target to $45",0,decrease,0.8,0.7,,124,29,0.0,2019-10-10,82598.0,3.4351203590631485,8.517480322104909,11.39012065321614,1.61210298538208,-1.2684986197579295,-1.3253983735697972,-3.0952,-3.9737,1.4685,0.59,-0.4,0.26,0.007,-3.968615,1.5452,1.685,0.0826,0.589,0.8654,-0.3574,0.8825,1.4142,1.0995,-1.1129
27119,NORTHERN TRUST CORP,"JP Morgan Maintains Neutral on Northern Trust, Lowers Price Target to $98",0,decrease,0.8,0.7,,133,29,0.0,2019-10-10,58246.0,2.368982881307602,4.782656079825576,12.13543519094802,1.0859590023756027,-0.3830081088998516,-0.6739283777365879,1.1987,0.2729,1.2544,0.59,-0.4,0.26,0.007,0.4516040000000002,0.5317,0.8203,0.5988,-0.4472,0.2461,0.7782,0.9949,0.1652,2.1236,0.8522
27127,REALTY INCOME CORP,"Jefferies Initiates Coverage On Realty Income with Buy Rating, Announces $99 Price Target",0,increase,0.8,0.7,,132,28,2.0,2019-10-10,81045.0,-1.0669426061213017,-0.1778318411995716,2.692741048962821,0.4748495295643806,0.6039594193659958,-0.1530452059317566,0.562,0.3034,0.2935,0.59,-0.4,0.26,0.007,0.381835,-1.1848,-0.0013,-0.1234,0.9636,0.1016,1.3885,0.6002,0.1794,0.7123,0.1922
27135,OIL DRI CORP OF AMERICA,"Oil-Dri Corp of America Q4 EPS $0.50 Up From $0.36 YoY, Sales $70.117M Up From $65.613M YoY",0,increase,0.8,0.6,,156,28,2.0,2019-10-10,59185.0,3.3815011382102966,3.8118712730452975,2.213345403809619,2.8517700731754303,5.259779816586185,0.3669691990898505,-0.8836,-1.5979,1.1193,0.59,-0.4,0.26,0.007,-1.550987,1.6016,-1.3583,0.0354,0.1651,0.2348,-1.2399,1.6861,-3.8735,-1.1078,1.81
27143,ORION S A,"UBS Maintains Buy on Orion Engineered Carbons, Lowers Price Target to $21",0,uncertain,0.6,0.4,,128,29,1.0,2019-10-10,14786.0,4.185160622000694,4.1217476047255674,4.629039460672457,1.5743013471364975,0.4358637068970994,-0.6161452245696641,-2.2319,-2.7149,1.2962,0.59,-0.4,0.26,0.007,-3.003658,1.8344,-2.2238,-0.3497,-0.3973,0.5305,0.1462,-0.5421,-0.6043,-0.5859,0.5773
27151,ORASURE TECHNOLOGIES INC,US FDA Granted Marketing Authorization Of The Oraquick Ebola Test To Orasure Technologies Inc,0,increase,0.9,0.8,,130,28,2.0,2019-10-10,10860.0,3.0789829790592194,13.520746904383872,8.83534611702228,0.8021382614970207,-3.333336084046201,-0.789472887243492,-0.9284,-1.062,0.9822,0.59,-0.4,0.26,0.007,-1.514898,1.2744,1.8163,4.6545,0.0966,0.941,0.8081,-4.4199,1.345,0.9359,-2.8497
27159,P G & E CORP,UPDATE: PG&E Says 'Similar [dangerous weather conditions] in Kern County are beginning late morning Thursday and lasting through midday Friday',0,uncertain,0.6,0.3,,140,29,1.0,2019-10-10,13688.0,2.9525095596909523,0.5134784597915054,-7.573814472553786,0.7339442614465952,-4.521743112134846,1.0119564779659471,-29.0528,-29.862,0.9567,0.59,-0.4,0.26,0.007,-29.624253000000003,1.6133,-4.1294,-0.4155,2.2513,-0.9887,-0.8045,2.7099,0.5947,0.8638,-11.9477
27167,P G & E CORP,UPDATE: PG&E Says 'Dangerous weather conditions are expected to continue in some parts of the Sierra Foothills and Bay Area until midday Thursday',0,uncertain,0.6,0.4,,143,29,1.0,2019-10-10,13688.0,2.9525095596909523,0.5134784597915054,-7.573814472553786,0.7339442614465952,-4.521743112134846,1.0119564779659471,-29.0528,-29.862,0.9567,0.59,-0.4,0.26,0.007,-29.624253000000003,1.6133,-4.1294,-0.4155,2.2513,-0.9887,-0.8045,2.7099,0.5947,0.8638,-11.9477
27175,P G & E CORP,"PG&E Issues Weather 'All Clear' For Safety Inspections, Restoration Efforts",0,increase,0.8,0.7,,129,28,2.0,2019-10-10,13688.0,2.9525095596909523,0.5134784597915054,-7.573814472553786,0.7339442614465952,-4.521743112134846,1.0119564779659471,-29.0528,-29.862,0.9567,0.59,-0.4,0.26,0.007,-29.624253000000003,1.6133,-4.1294,-0.4155,2.2513,-0.9887,-0.8045,2.7099,0.5947,0.8638,-11.9477
27183,P G & E CORP,'New wildfire on San Bruno Mountain on the south side of San Francisco is burning under high voltage power lines. Screen shot from ABC7 video. Estimate: 20 acres.' -Recent Tweet From Wildfire Today,0,decrease,0.8,0.7,,155,29,0.0,2019-10-10,13688.0,2.9525095596909523,0.5134784597915054,-7.573814472553786,0.7339442614465952,-4.521743112134846,1.0119564779659471,-29.0528,-29.862,0.9567,0.59,-0.4,0.26,0.007,-29.624253000000003,1.6133,-4.1294,-0.4155,2.2513,-0.9887,-0.8045,2.7099,0.5947,0.8638,-11.9477
27191,P G & E CORP,"Hearing San Francisco Emergency Dept. Says Fire On San Bruno Mountain, Under Power Lines",0,uncertain,0.6,0.4,,130,29,1.0,2019-10-10,13688.0,2.9525095596909523,0.5134784597915054,-7.573814472553786,0.7339442614465952,-4.521743112134846,1.0119564779659471,-29.0528,-29.862,0.9567,0.59,-0.4,0.26,0.007,-29.624253000000003,1.6133,-4.1294,-0.4155,2.2513,-0.9887,-0.8045,2.7099,0.5947,0.8638,-11.9477
27199,P G & E CORP,'Crews working to contain grass fire in Brisbane' -KTVU Fox 2,0,uncertain,0.6,0.3,,131,29,1.0,2019-10-10,13688.0,2.9525095596909523,0.5134784597915054,-7.573814472553786,0.7339442614465952,-4.521743112134846,1.0119564779659471,-29.0528,-29.862,0.9567,0.59,-0.4,0.26,0.007,-29.624253000000003,1.6133,-4.1294,-0.4155,2.2513,-0.9887,-0.8045,2.7099,0.5947,0.8638,-11.9477
27207,P G & E CORP,PG&E Shares Dip On Heavy Volume As Hearing A Wildfire Has Been Seen Near San Francisco,0,decrease,0.8,0.7,,131,29,0.0,2019-10-10,13688.0,2.9525095596909523,0.5134784597915054,-7.573814472553786,0.7339442614465952,-4.521743112134846,1.0119564779659471,-29.0528,-29.862,0.9567,0.59,-0.4,0.26,0.007,-29.624253000000003,1.6133,-4.1294,-0.4155,2.2513,-0.9887,-0.8045,2.7099,0.5947,0.8638,-11.9477
27215,P G & E CORP,"PG&E Continues To Monitor Weather Conditions, No Equipment-Related Fires Reported, Restoration Begins In Some Areas Affected 126,000 Customers Restored, Current Impacted Count Is 600,000",0,uncertain,0.6,0.3,,153,29,1.0,2019-10-10,13688.0,2.9525095596909523,0.5134784597915054,-7.573814472553786,0.7339442614465952,-4.521743112134846,1.0119564779659471,-29.0528,-29.862,0.9567,0.59,-0.4,0.26,0.007,-29.624253000000003,1.6133,-4.1294,-0.4155,2.2513,-0.9887,-0.8045,2.7099,0.5947,0.8638,-11.9477
27223,P G & E CORP,$0 Or $40? PG&E Price Targets Reflect Uncertain Outlook On Wall Street,0,uncertain,0.8,0.6,,130,29,1.0,2019-10-10,13688.0,2.9525095596909523,0.5134784597915054,-7.573814472553786,0.7339442614465952,-4.521743112134846,1.0119564779659471,-29.0528,-29.862,0.9567,0.59,-0.4,0.26,0.007,-29.624253000000003,1.6133,-4.1294,-0.4155,2.2513,-0.9887,-0.8045,2.7099,0.5947,0.8638,-11.9477
27231,P G & E CORP,'PG&E blackouts mean traffic signals out; dozens of crashes reported in North Bay' -KTVU,0,decrease,0.8,0.7,,135,29,0.0,2019-10-10,13688.0,2.9525095596909523,0.5134784597915054,-7.573814472553786,0.7339442614465952,-4.521743112134846,1.0119564779659471,-29.0528,-29.862,0.9567,0.59,-0.4,0.26,0.007,-29.624253000000003,1.6133,-4.1294,-0.4155,2.2513,-0.9887,-0.8045,2.7099,0.5947,0.8638,-11.9477
27239,P G & E CORP,PG&E Option Alert: Jan 17 $10 Calls Sweep (4) near the Ask: 3000 @ $1.271 vs 6916 OI; Earnings 11/4 Before Open [est] Ref=$7.745,0,increase,0.8,0.7,,163,28,2.0,2019-10-10,13688.0,2.9525095596909523,0.5134784597915054,-7.573814472553786,0.7339442614465952,-4.521743112134846,1.0119564779659471,-29.0528,-29.862,0.9567,0.59,-0.4,0.26,0.007,-29.624253000000003,1.6133,-4.1294,-0.4155,2.2513,-0.9887,-0.8045,2.7099,0.5947,0.8638,-11.9477
27247,P G & E CORP,PG&E Plummets After Bankruptcy Judge Allows For Rival Chapter 11 Exit Plan,0,decrease,0.8,0.9,,131,29,0.0,2019-10-10,13688.0,2.9525095596909523,0.5134784597915054,-7.573814472553786,0.7339442614465952,-4.521743112134846,1.0119564779659471,-29.0528,-29.862,0.9567,0.59,-0.4,0.26,0.007,-29.624253000000003,1.6133,-4.1294,-0.4155,2.2513,-0.9887,-0.8045,2.7099,0.5947,0.8638,-11.9477
27255,P G & E CORP,Morgan Stanley On PG&E Notes Termination By Judge In Ch. 11 Case Creates Situation Where 'A competing creditor plan leaves very little equity value'; Firm Has $16 Price Target,0,decrease,0.8,0.7,,150,29,0.0,2019-10-10,13688.0,2.9525095596909523,0.5134784597915054,-7.573814472553786,0.7339442614465952,-4.521743112134846,1.0119564779659471,-29.0528,-29.862,0.9567,0.59,-0.4,0.26,0.007,-29.624253000000003,1.6133,-4.1294,-0.4155,2.2513,-0.9887,-0.8045,2.7099,0.5947,0.8638,-11.9477
27263,P G & E CORP,Reports On PG&E From Late Wed. Night Showed Co. 'was stripped of its right to exclusively pitch a reorganization plan in court',0,decrease,0.8,0.7,,141,29,0.0,2019-10-10,13688.0,2.9525095596909523,0.5134784597915054,-7.573814472553786,0.7339442614465952,-4.521743112134846,1.0119564779659471,-29.0528,-29.862,0.9567,0.59,-0.4,0.26,0.007,-29.624253000000003,1.6133,-4.1294,-0.4155,2.2513,-0.9887,-0.8045,2.7099,0.5947,0.8638,-11.9477
27271,P G & E CORP,"Hearing Citi Downgraded PG&E From Neutral To Sell, Cut Price Target From $12 To $5; Analyst Suggested 75% Co. Equity Goes To $0, Sees 25% Of Rebound To $25",0,decrease,0.8,0.9,,161,29,0.0,2019-10-10,13688.0,2.9525095596909523,0.5134784597915054,-7.573814472553786,0.7339442614465952,-4.521743112134846,1.0119564779659471,-29.0528,-29.862,0.9567,0.59,-0.4,0.26,0.007,-29.624253000000003,1.6133,-4.1294,-0.4155,2.2513,-0.9887,-0.8045,2.7099,0.5947,0.8638,-11.9477
27279,P G & E CORP,PG&E shares are trading lower amid report company was stripped of its right to exclusively pitch a reorganization plan in court. UPDATE: Reports of a fire outside of San Francisco have caused some late day downside.,0,uncertain,0.7,0.5,,153,29,1.0,2019-10-10,13688.0,2.9525095596909523,0.5134784597915054,-7.573814472553786,0.7339442614465952,-4.521743112134846,1.0119564779659471,-29.0528,-29.862,0.9567,0.59,-0.4,0.26,0.007,-29.624253000000003,1.6133,-4.1294,-0.4155,2.2513,-0.9887,-0.8045,2.7099,0.5947,0.8638,-11.9477
27287,P G & E CORP,PG&E Provides Updates on Public Safety Power Shutoff,0,uncertain,0.6,0.3,,123,29,1.0,2019-10-10,13688.0,2.9525095596909523,0.5134784597915054,-7.573814472553786,0.7339442614465952,-4.521743112134846,1.0119564779659471,-29.0528,-29.862,0.9567,0.59,-0.4,0.26,0.007,-29.624253000000003,1.6133,-4.1294,-0.4155,2.2513,-0.9887,-0.8045,2.7099,0.5947,0.8638,-11.9477
27295,PRINCIPAL FINANCIAL GROUP INC,"UBS Maintains Sell on Principal Financial Group, Lowers Price Target to $48",0,decrease,0.8,0.7,,136,29,0.0,2019-10-10,89195.0,2.5949910283088684,2.8544964709621867,6.394811234850417,1.7758265137672424,-1.823543115981463,-2.648403072002014,1.2195,0.1431,1.3401,0.59,-0.4,0.26,0.007,0.4218410000000001,0.7575,0.1036,-0.093,-0.6743,-0.0321,0.7206,0.1758,-0.507,0.3725,0.6553
27303,KONINKLIJKE PHILIPS N V,Royal Philips shares are trading lower after the company reported a 4.5% point decline in the Adj. EBITA margin of the Connected Care businesses and a deficit of around EUR 20 million of license income in the segment Other.,0,decrease,0.8,0.7,,170,29,0.0,2019-10-10,88487.0,2.3144863545894623,3.507519034650453,4.53352794720796,1.556248962879181,0.153474515968166,0.8833957046693541,-8.2531,-8.7281,0.7972,0.59,-0.4,0.26,0.007,-8.730447999999999,1.4146,0.8051,-0.7155,0.2442,-0.0116,0.9562,0.4251,-0.6356,0.0381,0.1803
27311,KONINKLIJKE PHILIPS N V,Royal Philips Sees Group Sales for Q3 2019 of ~€4.7B; Adjusted EBITDA of ~€583M,0,uncertain,0.7,0.3,,153,29,1.0,2019-10-10,88487.0,2.3144863545894623,3.507519034650453,4.53352794720796,1.556248962879181,0.153474515968166,0.8833957046693541,-8.2531,-8.7281,0.7972,0.59,-0.4,0.26,0.007,-8.730447999999999,1.4146,0.8051,-0.7155,0.2442,-0.0116,0.9562,0.4251,-0.6356,0.0381,0.1803
27319,PARK AEROSPACE CORP,"Park Aerospace Q2 EPS $0.1 Up From $0.05 YoY, Sales $13.723M Miss $17.3723M Estimate",0,decrease,0.8,0.6,,147,29,0.0,2019-10-10,35107.0,-0.6165134254842997,1.109742982895745,1.048089290304799,-0.4134654067456722,-0.1184748373997846,-0.0592781821895926,-3.796,-4.0394,0.5389,0.59,-0.4,0.26,0.007,-4.120951,-1.6394,-0.2039,-0.3166,0.5148,0.657,-0.5779,-0.2991,-0.3021,-0.243,0.7239
27327,PHOTRONICS INC,UPDATE: Photronics Order Valued $20M-$25M,0,increase,0.8,0.7,,124,28,2.0,2019-10-10,11154.0,1.3966534286737442,5.865923077734747,9.404099297325864,1.6611313447356224,-0.7414266905529932,-1.29032583491534,0.2801,-0.1009,1.0445,0.59,-0.4,0.26,0.007,-0.343155,-0.2816,0.3415,1.7005,1.0817,-0.5099,0.1437,1.1785,1.9637,-2.8335,2.4031
27335,PHOTRONICS INC,"Photronics Reports First System In Order Planned For Delivery In Q1'21, Second System For Q2'21",0,increase,0.8,0.7,,134,28,2.0,2019-10-10,11154.0,1.3966534286737442,5.865923077734747,9.404099297325864,1.6611313447356224,-0.7414266905529932,-1.29032583491534,0.2801,-0.1009,1.0445,0.59,-0.4,0.26,0.007,-0.343155,-0.2816,0.3415,1.7005,1.0817,-0.5099,0.1437,1.1785,1.9637,-2.8335,2.4031
27343,PROQR THERAPEUTICS N V,"ProQR Shares Fall To Session Low, Down 2.9%, Despite Traders Circulating JMP Comments Suggesting Positive Data For Sepofarsen Bodes Well For LCA10 Trial; Firm Reiterates Market Outperform, $25 Price Target",0,uncertain,0.7,0.3,,171,29,1.0,2019-10-10,14935.0,4.777593910694122,11.861610486545215,22.734753315300704,4.545454308390617,0.6482976323142653,0.4854403462285717,-2.2544,-1.6315,0.4466,0.59,-0.4,0.26,0.007,-2.524894,3.3619,-0.2146,-2.3797,1.4344,5.1297,-3.6855,14.0587,5.4376,-0.2073,-3.877
27351,PROQR THERAPEUTICS N V,ProQR Announces Positive Top-Line Results from the Phase 1/2 Study of Sepofarsen in LCA10 Patients,0,increase,0.9,0.8,,145,28,2.0,2019-10-10,14935.0,4.777593910694122,11.861610486545215,22.734753315300704,4.545454308390617,0.6482976323142653,0.4854403462285717,-2.2544,-1.6315,0.4466,0.59,-0.4,0.26,0.007,-2.524894,3.3619,-0.2146,-2.3797,1.4344,5.1297,-3.6855,14.0587,5.4376,-0.2073,-3.877
27359,PRUDENTIAL FINANCIAL INC,"UBS Maintains Neutral on Prudential Financial, Raises Price Target to $85",0,increase,0.8,0.6,,132,28,2.0,2019-10-10,89258.0,1.9961219280958176,1.950495251420792,4.094906013299049,1.3066517189145088,-1.0690887293571485,-1.476818435998195,1.8708,0.7474,1.3946,0.59,-0.4,0.26,0.007,1.0409860000000002,0.0166,0.2205,-0.4648,-0.5355,-0.2977,0.0092,-0.0979,-0.225,-0.2757,0.3969
27367,PIONEER NATURAL RESOURCES CO,Pioneer Natural Resources shares are trading higher after Mizuho upgraded the stock from Neutral to Buy and announced a price target of $191 per share.,0,increase,0.8,0.7,,148,28,2.0,2019-10-10,75241.0,2.4429751560091972,-1.2756157599459694,-0.0618490773721003,2.4704381823539734,1.581821995539601,0.8449622353308595,2.2449,1.3424,1.4451,0.59,-0.4,0.26,0.007,1.3852909999999998,0.2562,-1.5221,-0.9804,-1.6191,-1.2339,-3.2876,0.2313,3.6233,-0.4253,-0.4479
27375,PIONEER NATURAL RESOURCES CO,"Mizuho Upgrades Pioneer Natural Resources to Buy, Announces $191 Price Target",0,increase,0.8,0.7,,136,28,2.0,2019-10-10,75241.0,2.4429751560091972,-1.2756157599459694,-0.0618490773721003,2.4704381823539734,1.581821995539601,0.8449622353308595,2.2449,1.3424,1.4451,0.59,-0.4,0.26,0.007,1.3852909999999998,0.2562,-1.5221,-0.9804,-1.6191,-1.2339,-3.2876,0.2313,3.6233,-0.4253,-0.4479
27383,QIAGEN NV,Qiagen Option Alert: May 15 $30 Calls at the Ask: 1700 @ $2.4 vs 3 OI; Earnings 10/28 After Close [est] Ref=$27.375,0,increase,0.8,0.7,,156,28,2.0,2019-10-10,83686.0,-0.5873709451407194,3.450809672085464,5.212922626040339,3.699333220720291,-17.81035708721127,-18.547134844486024,3.3776,2.9503,0.8755,0.59,-0.4,0.26,0.007,2.854055,-1.7195,0.7795,-0.0055,0.323,1.8691,1.6581,-1.9484,0.878,-0.5654,1.5321
27391,QIAGEN NV,Qiagen Option Alert: May 15 $30 Calls Sweep (4) near the Ask: 2000 @ $2.4 vs 3 OI; Earnings 10/28 After Close [est] Ref=$27.232,0,increase,0.8,0.7,,160,28,2.0,2019-10-10,83686.0,-0.5873709451407194,3.450809672085464,5.212922626040339,3.699333220720291,-17.81035708721127,-18.547134844486024,3.3776,2.9503,0.8755,0.59,-0.4,0.26,0.007,2.854055,-1.7195,0.7795,-0.0055,0.323,1.8691,1.6581,-1.9484,0.878,-0.5654,1.5321
27399,QORVO INC,Cowen & Co. Upgrades Qorvo to Outperform,0,increase,0.9,0.8,,122,28,2.0,2019-10-10,85035.0,0.7291634567081928,2.8124948540137584,3.398438323534436,1.1454621329903605,-0.9058925406461582,-2.123392549519465,4.7892,4.3265,1.3432,0.59,-0.4,0.26,0.007,3.989712,-1.1711,0.4043,1.618,-0.8186,-1.1759,-0.6701,0.5092,0.0027,0.2104,0.5171
27407,REINSURANCE GROUP OF AMERICA INC,"UBS Maintains Neutral on Reinsurance Group, Lowers Price Target to $154",0,decrease,0.8,0.7,,136,29,0.0,2019-10-10,79210.0,1.7089562490582466,2.8066282579464863,3.089257865837225,0.5759649910032749,-1.6826340347832036,-2.6403456843638096,0.1448,-0.5747,0.9202,0.59,-0.4,0.26,0.007,-0.405118,0.5153,0.2293,0.1712,0.3479,-0.3416,0.2006,0.2511,-0.634,-0.936,0.2903
27415,RIO TINTO PLC,Rio Tinto shares are trading higher after HSBC upgraded the company's stock from Hold to Buy.,0,increase,0.8,0.7,,132,28,2.0,2019-10-10,76221.0,3.831035271286965,-0.2554046888962435,2.200390976610378,0.6295644678175449,-0.2817455877541119,-1.1767055101469914,2.7245,2.239,0.8088,0.59,-0.4,0.26,0.007,2.2403079999999997,2.7352,-1.7177,-1.6805,-1.6213,0.1851,0.5879,1.1229,0.6601,-0.4134,-0.1647
27423,RIO TINTO PLC,Rio Tinto Shares Up 2.7%; HSBC Earlier Upgraded The Stock From Hold to Buy,0,increase,0.8,0.7,,134,28,2.0,2019-10-10,76221.0,3.831035271286965,-0.2554046888962435,2.200390976610378,0.6295644678175449,-0.2817455877541119,-1.1767055101469914,2.7245,2.239,0.8088,0.59,-0.4,0.26,0.007,2.2403079999999997,2.7352,-1.7177,-1.6805,-1.6213,0.1851,0.5879,1.1229,0.6601,-0.4134,-0.1647
27431,ROCKY MOUNTAIN CHOC FAC INC NEW,"Rocky Mountain Chocolate Factory H1'19 EPS $0.15 vs $0.13 In Same Qtr. Last Year, Adj. EBITDA $1.9M vs $1.7M Year Over Year, Sales $7.4M vs $7.8M YoY",0,uncertain,0.6,0.3,,182,29,1.0,2019-10-10,10044.0,-0.1062723575159907,-2.3910672812655465,-2.834216740398554,0.7649085484445095,0.9539094243623314,-0.643458627994753,-0.0955,-0.0981,0.0963,0.59,-0.4,0.26,0.007,-0.159317,-0.3575,0.746,-2.1034,-0.4542,-0.7744,-0.2357,-0.6676,-0.1377,-0.0918,0.5328
27439,ROCKWELL AUTOMATION INC,"JP Morgan Maintains Neutral on Rockwell Automation, Raises Price Target to $146",0,increase,0.8,0.7,,131,28,2.0,2019-10-10,84381.0,6.007753685116768,7.467698366552056,12.16408338723063,0.4110157024115324,-1.930673421653484,-3.4259847058381587,0.5783,-0.1497,1.2416,0.59,-0.4,0.26,0.007,-0.1612439999999999,4.209,0.3877,0.7136,-1.4342,0.2047,2.0003,0.2855,-0.5289,0.3025,1.0925
27447,ROPER TECHNOLOGIES INC,"JP Morgan Maintains Neutral on Roper Technologies, Raises Price Target to $298",0,increase,0.8,0.7,,129,28,2.0,2019-10-10,77338.0,0.7146076299250126,0.2058555848166054,-2.270254949306705,1.7499571666121485,-0.0472601127250005,-1.836224568574252,0.4876,-0.1741,0.9974,0.59,-0.4,0.26,0.007,-0.1078659999999999,-0.4412,-0.9888,-0.9054,-0.686,1.2716,-0.4127,-0.9455,-0.9073,0.3905,-1.0749
27455,R P M INTERNATIONAL INC,"UBS Starts RPM International Bullish Citing Self-Help Initiatives, Margin Upside",0,increase,0.8,0.7,,129,28,2.0,2019-10-10,65307.0,0.5723492708057165,1.4870497597915031,4.039341627998461,0.8290670812129974,-1.6468206645144257,-2.364622288613083,1.8687,1.4152,0.7813,0.59,-0.4,0.26,0.007,1.4007330000000002,-0.4679,-0.3345,-0.0537,0.0749,0.3879,1.2215,0.2249,0.9248,-0.7694,0.3931
27463,R P M INTERNATIONAL INC,"UBS Initiates Coverage On RPM International with Buy Rating, Announces $85 Price Target",0,increase,0.8,0.7,,129,28,2.0,2019-10-10,65307.0,0.5723492708057165,1.4870497597915031,4.039341627998461,0.8290670812129974,-1.6468206645144257,-2.364622288613083,1.8687,1.4152,0.7813,0.59,-0.4,0.26,0.007,1.4007330000000002,-0.4679,-0.3345,-0.0537,0.0749,0.3879,1.2215,0.2249,0.9248,-0.7694,0.3931
27471,RAYONIER ADVANCED MATERIALS INC,"Rayonier Advanced Materials Raises Prices For Cellulose Specialties Products By 6%, Effective Immediately",0,increase,0.8,0.6,,139,28,2.0,2019-10-10,14682.0,3.1249970197677612,-3.7946446309988335,0.2232090072831649,1.474200002849102,-5.275229260818914,-6.349200114782483,8.4746,8.0733,1.559,0.59,-0.4,0.26,0.007,7.547790000000001,-0.0056,-1.3714,2.4284,-9.2199,-1.5867,-6.3191,3.122,5.9081,-0.1123,0.3467
27479,SABRE CORP,"Sabre, Aeromexio Report Extended, Expanded Strategic Relationship, No Terms Disclosed",0,uncertain,0.6,0.3,,129,29,1.0,2019-10-10,14608.0,1.0833704844117165,0.8007540660451173,0.4710334543100325,-0.0942438782658428,-1.5784592796425967,-2.078516651760798,0.1415,-0.2283,0.8886,0.59,-0.4,0.26,0.007,-0.3897739999999999,-0.0864,-0.3287,-0.5097,-0.4653,-0.2115,-1.6486,1.4012,-0.6366,0.9177,-0.2441
27487,SPIRIT AIRLINES INC,"Spirit Airlines Sees Prelim Q3 Total Revenue Per ASM Down 2% YoY, Adj. CASM Ex-Fuel Up 8.5% YoY",0,decrease,0.8,0.7,,149,29,0.0,2019-10-10,12796.0,6.0605984181165695,8.178871985181523,9.620466125136652,1.812695898115635,-0.9697267401097664,-0.8531947167570442,0.8605,0.5289,1.066,0.59,-0.4,0.26,0.007,0.2245599999999999,4.3278,-0.139,1.5691,-2.3265,1.057,0.7359,1.9556,-1.5984,1.1198,-1.3006
27495,SPIRIT AIRLINES INC,"Morgan Stanley Maintains Equal-Weight on Spirit Airlines, Lowers Price Target to $37",0,decrease,0.8,0.7,,134,29,0.0,2019-10-10,12796.0,6.0605984181165695,8.178871985181523,9.620466125136652,1.812695898115635,-0.9697267401097664,-0.8531947167570442,0.8605,0.5289,1.066,0.59,-0.4,0.26,0.007,0.2245599999999999,4.3278,-0.139,1.5691,-2.3265,1.057,0.7359,1.9556,-1.5984,1.1198,-1.3006
27503,STARBUCKS CORP,Todd Gordon's Starbucks Options Trade,0,uncertain,0.6,0.3,,119,29,1.0,2019-10-10,77702.0,0.4653344862163067,0.3839016030083853,-3.23406090771563,1.107048336416483,-2.1419688245316593e-08,-0.0814708047364609,0.1281,-0.3605,0.7017,0.59,-0.4,0.26,0.007,-0.2929029999999999,-0.1835,0.2914,-0.9053,0.6525,-0.5632,0.1583,-1.1228,-1.6505,-0.9823,-0.0192
27511,SCYNEXIS INC,"SCYNEXIS Reports Non-Dilutive Funding Through New Jersey Economic Development Authority Net Operating Loss, R&D Tax Credits Program; Expects To Receive $3.3M In Cash By End Of 2019",0,increase,0.8,0.7,,154,28,2.0,2019-10-10,14668.0,2.9702942818403244,12.871286899425606,6.930698556149029,-0.9708728641271592,-2.857140179893991,-4.672903558692876,-0.9804,-0.7683,0.6084,0.59,-0.4,0.26,0.007,-1.346356,1.7354,1.4503,3.7126,-2.0183,4.26,-0.5447,-1.4101,-1.4273,1.9066,-3.0776
27519,SERVISFIRST BANCSHARES INC,"DA Davidson Initiates Coverage On Servisfirst Bancshares with Neutral Rating, Announces $35 Price Target",0,uncertain,0.6,0.3,,142,29,1.0,2019-10-10,14670.0,1.8757706508040428,2.8290226922160544,6.4575599408061235,1.5370131470263004,-0.9788916822148664,-0.2157819942842365,0.4634,-0.1198,1.1354,0.59,-0.4,0.26,0.007,-0.213486,-0.2918,0.2204,0.2042,-1.0428,-0.3102,0.0413,-0.2361,3.2629,-0.8506,-0.5802
27527,SEAGEN INC,Seattle Genetics Reports Initiation Of Phase 3 Trial Of Tucatinib In Combo With Dacyla For Patients with Advanced or Metastatic HER2-Positive Breast Cancer,0,increase,0.9,0.8,,144,28,2.0,2019-10-10,88949.0,1.2875479646027088,5.383199588795584,22.955232664463352,-1.1373447254300115,-5.282481412148721,-5.1589166055941105,1.9757,1.7165,1.2047,0.59,-0.4,0.26,0.007,1.257927,-0.3256,0.1552,-0.4341,0.8173,1.3402,3.2239,14.7533,-1.3093,1.2672,-0.5377
27535,SIRIUS X M HOLDINGS INC,SiriusXM Raises Qtr. Dividend From $0.0121 To $0.01331/Share,0,increase,0.8,0.7,,142,28,2.0,2019-10-10,80924.0,0.9599991142749786,3.680000277114215,3.3600005796522447,0.0801300397142767,-1.3428125809979652,-2.1159910100875368,0.0801,-0.2829,0.8776,0.59,-0.4,0.26,0.007,-0.444684,-0.293,0.5921,0.6439,-0.0339,0.1246,-0.2194,-0.851,-0.1236,0.5817,0.0501
27543,S M ENERGY CO,SM Energy shares are trading lower after Seaport Global downgraded the company's stock from Buy to Neutral.,0,decrease,0.8,0.7,,130,29,0.0,2019-10-10,78170.0,2.101360633969307,-5.562426229505057,-3.584674224031681,0.0,-5.2164290100336075,-4.687500833856872,-5.2693,-6.6805,2.2802,0.59,-0.4,0.26,0.007,-6.621618,-1.6752,-4.9109,0.413,-3.8664,-2.1957,-5.8524,-2.6716,3.0229,5.2564,-0.6218
27551,SAPIENS INTERNATIONAL CORP N V,"Sapiens 6-K Shows Purchase Of Calculo, No Terms Disclosed",0,uncertain,0.6,0.3,,133,29,1.0,2019-10-10,78759.0,-2.0286979153752327,-1.8802531704721348,-1.0390848814148868,2.2669967263936996,-0.4901979311618509,3.098012636333647,-0.4434,-0.7125,0.6993,0.59,-0.4,0.26,0.007,-0.862987,-2.8896,1.7612,-1.7203,-0.8202,-0.0225,0.0399,0.7184,-1.705,0.2174,2.0099
27559,SPIRIT AEROSYSTEMS HOLDINGS INC,"Morgan Stanley Maintains Overweight on Spirit AeroSystems Hldgs, Raises Price Target to $103",0,increase,0.8,0.7,,144,28,2.0,2019-10-10,91594.0,1.285780593752861,0.5943690607884466,-3.493455587757932,1.1519637890160084,0.2794355195708142,0.2429008980942226,-0.1212,-0.6463,0.9857,0.59,-0.4,0.26,0.007,-0.7097629999999999,-0.1451,-0.087,-1.2395,0.4418,-1.0732,-3.8782,-5.6736,1.0935,2.4361,1.4733
27567,CONSTELLATION BRANDS INC,Cannabis Stocks Up In Smoke After Hexo Withdraws 2020 Guidance,0,decrease,0.8,0.7,,129,29,0.0,2019-10-10,69796.0,0.1919958041980862,2.3766210072471816,2.0652771147971594,1.0236399248242378,1.4411365735435222,-1.1768342671930163,0.6529,0.1585,0.7586,0.59,-0.4,0.26,0.007,0.198326,-0.7116,0.0411,1.2036,1.0561,-0.834,0.15,-1.7953,1.3546,0.1503,-0.5821
27575,CONSTELLATION BRANDS INC,Cannabis Stocks Up In Smoke After Hexo Withdraws 2020 Guidance,0,decrease,0.8,0.7,,129,29,0.0,2019-10-10,69796.0,0.1919958041980862,2.3766210072471816,2.0652771147971594,1.0236399248242378,1.4411365735435222,-1.1768342671930163,0.6529,0.1585,0.7586,0.59,-0.4,0.26,0.007,0.198326,-0.7116,0.0411,1.2036,1.0561,-0.834,0.15,-1.7953,1.3546,0.1503,-0.5821
27583,SYNAPTICS INC,Synaptics Names Dean Butler CFO,0,uncertain,0.6,0.3,,116,29,1.0,2019-10-10,89290.0,0.2723461482673883,0.3218644040079432,2.5996512158344753,1.6770917922258377,-0.8784786978251247,-0.4411771099460448,-0.5662,-1.1787,1.3239,0.59,-0.4,0.26,0.007,-1.354301,-1.6678,-0.437,0.2837,0.0448,-1.6929,1.1013,-0.3543,-0.0823,-2.2345,3.1737
27591,BIO TECHNE CORP,Bio-Techne Reports Medicare Issued Final Local Coverage Decision For Co.'s ExoDx Prostate Test,0,uncertain,0.6,0.3,,134,29,1.0,2019-10-10,75694.0,0.7318619638681412,1.0075665171388248,1.0777450331569849,2.306172251701355,-0.3569942647705604,-0.218464364621751,-0.7315,-0.9491,0.9489,0.59,-0.4,0.26,0.007,-1.298351,-0.5708,-0.1095,-0.9949,0.8489,-1.2056,0.5374,1.0042,-0.6218,0.8274,-1.0218
27599,TARGET CORP,"Market Loves Bed Bath & Beyond CEO Hire, But Analysts Warn Turnaround Is A Tough Job",0,uncertain,0.6,0.3,,126,29,1.0,2019-10-10,49154.0,1.1395515874028206,2.4057192190417354,-0.2894091075938854,1.6955437138676643,2.2325185052338714,1.1549057664624218,0.1903,-0.4294,0.8971,0.59,-0.4,0.26,0.007,-0.345989,0.0198,-0.4706,-0.2154,0.4555,0.6901,-0.1179,0.0591,-0.2838,-1.918,-1.0615
27607,TERRENO REALTY CORP,"Terreno Realty Reports Q3 Operating, Investment, Capital Markets Activity",0,uncertain,0.6,0.3,,128,29,1.0,2019-10-10,93261.0,0.2469083527103066,1.9563128698262269,2.469134221278191,0.0383370876079425,0.5781446176738925,1.2415119200936298,0.8814,0.5994,0.4675,0.59,-0.4,0.26,0.007,0.598575,-0.3319,0.1316,-0.5989,0.657,1.0335,-0.2059,0.1708,-0.6936,0.192,0.9482
27615,TESLA INC,German Electric Vehicle Automaker Sees 'Huge Market Opportunity' In The US,0,uncertain,0.6,0.3,,125,29,1.0,2019-10-10,93436.0,1.287077646702528,7.0401222211256,22.44830636787367,1.866276003420353,2.8647137075998197,5.660461591524735,0.0859,-0.3318,1.1487,0.59,-0.4,0.26,0.007,-0.5988330000000001,-0.3952,4.055,-1.0267,0.7904,-0.0901,-1.0721,-2.2085,1.1776,-0.5641,17.425
27623,TESLA INC,Elon Musk Tweet: Also adding Tesla Solar to our Supercharger stations as fast as possible. Goal is 24/7 clean power with no blackouts.,0,increase,0.9,0.8,,140,28,2.0,2019-10-10,93436.0,1.287077646702528,7.0401222211256,22.44830636787367,1.866276003420353,2.8647137075998197,5.660461591524735,0.0859,-0.3318,1.1487,0.59,-0.4,0.26,0.007,-0.5988330000000001,-0.3952,4.055,-1.0267,0.7904,-0.0901,-1.0721,-2.2085,1.1776,-0.5641,17.425
27631,TESLA INC,Elon Musk ‏ Tweet: All Tesla Supercharger stations in regions affected by California power outages will have Tesla Powerpacks within next few weeks. Just waiting on permits.,0,increase,0.9,0.8,,144,28,2.0,2019-10-10,93436.0,1.287077646702528,7.0401222211256,22.44830636787367,1.866276003420353,2.8647137075998197,5.660461591524735,0.0859,-0.3318,1.1487,0.59,-0.4,0.26,0.007,-0.5988330000000001,-0.3952,4.055,-1.0267,0.7904,-0.0901,-1.0721,-2.2085,1.1776,-0.5641,17.425
27639,ISHARES INC,"Trump Highlights Possibility Of Doing Something 'Very Strong' Related To Sanctions, Turkey",0,uncertain,0.6,0.3,,128,29,1.0,2019-10-10,92600.0,-2.371218055486679,-2.3303341427632462,2.0850376757045597,-2.6284342631697655,-3.014670236599315,-7.034215134566102,0.0409,-0.3207,0.6963,0.59,-0.4,0.26,0.007,-0.376917,-3.3804,-3.6952,1.0317,-1.2424,3.2748,2.3713,-2.4314,1.9885,3.163,-1.1045
27647,ISHARES INC,"'Norway, a NATO ally, suspends all arms exports to Turkey over the Syria incursion. Finland did the same yesterday' -Tweet From Middle East Eye's Turkey Correspondent",0,uncertain,0.7,0.5,,148,29,1.0,2019-10-10,92600.0,-2.371218055486679,-2.3303341427632462,2.0850376757045597,-2.6284342631697655,-3.014670236599315,-7.034215134566102,0.0409,-0.3207,0.6963,0.59,-0.4,0.26,0.007,-0.376917,-3.3804,-3.6952,1.0317,-1.2424,3.2748,2.3713,-2.4314,1.9885,3.163,-1.1045
27655,ISHARES INC,Turkey's Erdogan Says Operation in Northeast Syria Aims to Contribute to Territorial Integrity of Syria,0,uncertain,0.6,0.3,,131,29,1.0,2019-10-10,92600.0,-2.371218055486679,-2.3303341427632462,2.0850376757045597,-2.6284342631697655,-3.014670236599315,-7.034215134566102,0.0409,-0.3207,0.6963,0.59,-0.4,0.26,0.007,-0.376917,-3.3804,-3.6952,1.0317,-1.2424,3.2748,2.3713,-2.4314,1.9885,3.163,-1.1045
27663,TRADEWEB MARKETS INC,"Tradeweb Sep. Trade Volume: Average Daily Volume $872M, Up 47.3% Year Over Year",0,increase,0.8,0.7,,135,28,2.0,2019-10-10,18480.0,-1.90011877566576,5.359319930004491,0.1948890722635932,2.5753282010555267,-0.9203952919234926,0.4539730764839378,3.063,3.1159,0.3393,0.59,-0.4,0.26,0.007,2.855813,-2.3899,-0.769,-0.5037,5.9657,1.8097,-3.4167,2.6763,-1.3141,-3.4932,1.3109
27671,TEXTRON INC,"Morgan Stanley Maintains Equal-Weight on Textron, Raises Price Target to $51",0,increase,0.8,0.6,,127,28,2.0,2019-10-10,23579.0,2.949855849146843,0.6110428277103397,-1.4959945391549434,0.9063404984772204,-1.7440676260826682,-1.6614108979117193,1.497,0.7896,1.3223,0.59,-0.4,0.26,0.007,0.7098430000000002,0.8663,1.8972,0.8373,-0.4407,-6.1916,-3.4228,1.3169,-1.5311,-0.1623,0.3695
27679,UNITED AIRLINES HOLDINGS INC,"Morgan Stanley Maintains Overweight on United Airlines Holdings, Lowers Price Target to $103",0,uncertain,0.6,0.3,,134,29,1.0,2019-10-10,91103.0,-0.2175347181037068,2.4272989335995643,2.828030025840156,2.0899711176753044,1.8974668056867872,2.5744430954784514,1.0178,0.4453,1.0071,0.59,-0.4,0.26,0.007,0.416611,-1.5988,0.0382,0.0013,2.2034,-0.6853,1.0201,-0.0791,-1.0829,-0.0991,-0.0988
27687,UNITED BANCORP INC OH,United Bancorp Q3 EPS $0.31 Up From $0.25 YoY,0,increase,0.8,0.4,,133,28,2.0,2019-10-10,79019.0,0.0879527593497186,2.9903269854604675,3.518035158706212,0.1457972801290452,1.1039547960146612,0.1576608060316564,3.4577,3.1571,0.3102,0.59,-0.4,0.26,0.007,3.267682,-0.254,3.4199,-2.4387,1.7701,0.2104,-0.1871,0.5864,-0.0965,0.3413,-0.6327
27695,UNITED STATES NATURAL GAS FD L P,USA EIA Natural Gas Inventories for Week Ended Oct 4 Build 98 bcf vs Build 97 bcf Est; Prior Build 112 bcf,0,uncertain,0.6,0.3,,149,29,1.0,2019-10-10,91947.0,0.794499646872282,5.190685930007621,3.2839029483215265,-2.2935817018151283,-2.83831457814695,-4.626867109959177,-1.5128,-1.983,0.1843,0.59,-0.4,0.26,0.007,-1.628537,0.5586,2.7901,2.448,-1.9617,1.588,0.3212,-3.6554,-0.7428,-1.0196,1.9333
27703,UNITEDHEALTH GROUP INC,"Jefferies Downgrades UnitedHealth Group to Hold, Lowers Price Target to $235",0,decrease,0.8,0.7,,129,29,0.0,2019-10-10,92655.0,-0.7419605739414692,8.912529578245287,9.287980533878471,0.8950076065957546,0.3796765232352506,1.0373060688189994,0.743,0.3441,0.7684,0.59,-0.4,0.26,0.007,0.282644,-1.6234,-0.5632,7.3054,-0.4084,2.4581,1.3045,-1.0266,2.7963,-0.8052,-1.7858
27711,UNITED THERAPEUTICS CORP,Respira Therapeutics Highlights Decision By United Therapeutics To Conclude Collaboration With Co. Cites 'strategic prioritization of assets within United Therapeutics' product development portfolio',0,decrease,0.8,0.7,,152,29,0.0,2019-10-10,87006.0,1.4117639511823654,1.1393166685520706,3.157898506503032,1.2704866006970406,-0.3001850050648902,0.6566442139282147,1.3047,1.4845,0.7188,0.59,-0.4,0.26,0.007,0.8736080000000002,-0.0381,-0.2352,-0.2751,-0.538,-1.5276,1.6679,1.6889,0.4805,-0.0838,-1.1756
27719,ENERGY FUELS INC,Energy Fuels shares are trading higher on seemingly no company-specific news.,0,uncertain,0.7,0.3,,124,29,1.0,2019-10-10,14336.0,-2.450978010892868,-3.9215652615367858,-4.901956648246042,-0.5050500389188528,2.072543072633537,-0.505050151464359,3.5533,2.7969,1.4199,0.59,-0.4,0.26,0.007,2.708559,-4.2703,-0.709,-7.0469,-0.7959,5.9095,-0.6967,-3.5418,0.5269,4.495,-1.8954
27727,VECTOR GROUP LTD,Vector Group Shares Volatile Amid Circulation Of Headline Co.'s Launch Lost Financing And Laid Off Most Of Its Employees As Of Aug. 9,0,decrease,0.8,0.9,,138,29,0.0,2019-10-10,75233.0,-0.53333705291152,5.422219148081386,8.355551771260972,1.4196968637406826,0.1752888181674627,-1.6351082734425315,-1.5748,-1.8963,0.7361,0.59,-0.4,0.26,0.007,-2.0160989999999996,-1.9163,1.1092,-0.7867,1.6188,2.6617,-2.1655,2.9422,1.1587,1.1091,-1.0888
27735,VOXX INTERNATIONAL CORP,"VOXX International Q2 EPS $(0.24) Up From $(0.63) YoY, Sales $90.246M Miss $129.64M Estimate",0,uncertain,0.6,0.5,,145,29,1.0,2019-10-10,75033.0,-0.8948537521064281,8.501121435416392,9.395975129830305,-1.1160756461322308,-1.7738446856353396,-1.5555593495339304,0.9029,0.5081,0.5988,0.59,-0.4,0.26,0.007,0.542608,-1.9523,-3.801,5.1437,-4.4187,12.4729,1.3913,-6.8185,3.6832,0.1887,1.7297
27743,VOYA FINANCIAL INC,"UBS Maintains Buy on Voya Financial, Raises Price Target to $59",0,increase,0.8,0.7,,129,28,2.0,2019-10-10,13904.0,1.5814844518899918,2.1022182256622335,5.284477669604981,1.223609130829573,-1.2894499681340932,-2.6385714115111925,1.0918,0.121,1.3262,0.59,-0.4,0.26,0.007,0.3023420000000002,-0.206,0.3254,-0.6105,0.2008,-0.503,0.1068,0.8853,-0.5288,0.6794,0.3795
27751,VERISK ANALYTICS INC,"Morgan Stanley Maintains Equal-Weight on Verisk Analytics, Raises Price Target to $164",0,increase,0.8,0.6,,132,28,2.0,2019-10-10,93089.0,-0.4751045256853103,-1.672367524329288,-5.13746392411607,1.4138169586658478,-0.0509014618898295,-0.2824815399174119,0.4902,-0.1399,0.818,0.59,-0.4,0.26,0.007,0.00058,-1.1948,-1.1454,-0.3166,0.1352,-0.2162,-0.0967,-1.0132,-0.9915,-1.7587,0.1742
27759,WELLS FARGO & CO NEW,"Wells Fargo To Make Hires In Mortgage Segment, Will Be Hiring In Des Moines, Iowa, Minneapolis, Minnesota",0,increase,0.8,0.7,,142,28,2.0,2019-10-10,38703.0,1.1510740965604782,1.9732766853477468,5.035964873413135,0.6900916807353497,-1.3521814971829915,-2.1540287675111736,1.0384,0.1805,1.0085,0.59,-0.4,0.26,0.007,0.4363850000000001,-0.3076,0.3469,0.9073,-1.0642,-0.0372,0.3042,-0.124,-0.2616,0.0608,1.0153
27767,WATSCO INC,"JP Morgan Maintains Underweight on Watsco, Raises Price Target to $138",0,uncertain,0.6,0.3,,126,29,1.0,2019-10-10,66376.0,1.8037909641861916,5.0608380989164425,5.265152575708698,0.4363643936812877,0.7477632234154985,1.0056645658532035,1.3637,0.864,0.8003,0.59,-0.4,0.26,0.007,0.8845230000000001,0.7294,-0.2008,-1.9974,-0.6419,5.333,-0.6201,0.0542,1.4641,-0.4065,-0.8518
27775,WATSCO INC,"JP Morgan Maintains Underweight on Watsco, Raises Price Target to $138",0,uncertain,0.6,0.3,,126,29,1.0,2019-10-10,66376.0,1.8037909641861916,5.0608380989164425,5.265152575708698,0.4363643936812877,0.7477632234154985,1.0056645658532035,1.3637,0.864,0.8003,0.59,-0.4,0.26,0.007,0.8845230000000001,0.7294,-0.2008,-1.9974,-0.6419,5.333,-0.6201,0.0542,1.4641,-0.4065,-0.8518
27783,WYNN RESORTS LTD,Shares of several Resorts & Casino companies are trading higher despite no sector-specific news. It could potentially be a sector wide rebound after all the companies have been in the negative over the past month.,0,uncertain,0.6,0.3,,152,29,1.0,2019-10-10,89533.0,6.336037814617157,7.5334772119481475,10.41863425826728,1.803644746541977,-2.429451203987165,-4.122675095055184,1.5706,0.8686,1.6388,0.59,-0.4,0.26,0.007,0.5967080000000001,3.8838,0.1734,0.377,-0.8674,-0.9983,0.4466,1.5117,-0.8153,-0.3045,1.0524
27791,UNITED STATES STEEL CORP NEW,UPDATE: US Steel Sees Adjusted Net Loss ~$(0.26)-$(0.20) vs. $(0.33),0,uncertain,0.6,0.4,,142,29,1.0,2019-10-10,76644.0,11.834317445755005,4.832344801646382,11.143984901761272,-8.522208780050278,-7.600732064534754,-6.313837495845442,0.4955,-0.1427,1.7007,0.59,-0.4,0.26,0.007,-0.5149130000000002,8.6543,-0.6169,0.4787,-8.938,-0.26,1.207,-2.7974,4.4705,-1.0997,2.1765
27799,UNITED STATES STEEL CORP NEW,US Steel Issues Better-Than-Expected Q3 Guidance,0,increase,0.8,0.7,,126,28,2.0,2019-10-10,76644.0,11.834317445755005,4.832344801646382,11.143984901761272,-8.522208780050278,-7.600732064534754,-6.313837495845442,0.4955,-0.1427,1.7007,0.59,-0.4,0.26,0.007,-0.5149130000000002,8.6543,-0.6169,0.4787,-8.938,-0.26,1.207,-2.7974,4.4705,-1.0997,2.1765
27807,X C E L ENERGY INC,"Mizuho Maintains Neutral on Xcel Energy, Raises Price Target to $64",0,increase,0.8,0.7,,130,28,2.0,2019-10-10,23931.0,-0.9695057757198812,-0.4378461854516624,0.9225959397495708,0.5189463961869478,-0.5600507729318971,-1.0985596823208432,0.0469,-0.3855,0.2453,0.59,-0.4,0.26,0.007,-0.104827,-0.8688,-0.3214,-0.3012,0.956,0.7774,0.5185,0.4631,0.2985,0.2732,-0.2924
27815,A A R CORP,"AAR Reports Expansion Of Its Component Repair Services Deal With BAE Systems, No Terms Disclosed",0,increase,0.8,0.7,,130,28,2.0,,,,,,,,,,,,,,,,,,,,,,,,,,
27823,AKAMAI TECHNOLOGIES INC,Tech Data Forms Partnership With Akamai Technologies To Provide 'Defense-in-Depth Capabilities',0,increase,0.8,0.7,,133,28,2.0,,,,,,,,,,,,,,,,,,,,,,,,,,
27831,AKAMAI TECHNOLOGIES INC,Akamai Technologies Accelerates Development Of Solution To Protect Websites From Magecart And Credit Card Skimming With Planned Acquisition Of ChameleonX,0,increase,0.8,0.7,,142,28,2.0,,,,,,,,,,,,,,,,,,,,,,,,,,
27839,ALBEMARLE CORP,"Citigroup Maintains Neutral on Albemarle, Lowers Price Target to $73",0,decrease,0.8,0.7,,133,29,0.0,,,,,,,,,,,,,,,,,,,,,,,,,,
27847,ALIGN TECHNOLOGY INC,Align Technologies shares are trading higher as optimism around upcoming U.S. and China trade talks increases.﻿,0,increase,0.8,0.7,,128,28,2.0,,,,,,,,,,,,,,,,,,,,,,,,,,
27855,ALLEGIANT TRAVEL CO,"Allegiant Late Tuesday Reported September Passenger Traffic Down 0.8 % YoY,  Revenue Passenger Miles Down 5.1% YoY, Available Seat Miles Down 5.6% YoY",0,decrease,0.8,0.7,,159,29,0.0,,,,,,,,,,,,,,,,,,,,,,,,,,
27863,ALLSTATE CORP,"UBS Maintains Neutral on Allstate, Raises Price Target to $112",0,increase,0.8,0.6,,124,28,2.0,,,,,,,,,,,,,,,,,,,,,,,,,,
27871,A M C ENTERTAINMENT HOLDINGS INC,AMC Entertainment Holdings shares are trading lower on a continued downward momentum after the stock could not break the $10 resistance level.,0,decrease,0.8,0.7,,145,29,0.0,,,,,,,,,,,,,,,,,,,,,,,,,,
27879,AMERICAN HOMES 4 RENT,"Morgan Stanley Maintains Equal-Weight on American Homes 4 Rent, Raises Price Target to $29",0,increase,0.8,0.7,,140,28,2.0,,,,,,,,,,,,,,,,,,,,,,,,,,
27887,AMERICAN WATER WORKS CO INC,American Water Reports Its Pennsylvania American Water Subsidiary Purchased Water Assets Of Stellton Borough Authority In Dauphin County For $21.75M,0,uncertain,0.6,0.3,,147,29,1.0,,,,,,,,,,,,,,,,,,,,,,,,,,
27895,ALIBABA GROUP HOLDING LTD,Alibaba Group Holdings shares are trading higher in sympathy with the overall market on renewed optimism in the upcoming U.S.-China trade talks.,0,increase,0.8,0.7,,141,28,2.0,,,,,,,,,,,,,,,,,,,,,,,,,,
27903,ALIBABA GROUP HOLDING LTD,"China Establishes Yet Another Freight Train Route To Europe That Is Over 7,000 Miles Long",0,increase,0.8,0.7,,134,28,2.0,,,,,,,,,,,,,,,,,,,,,,,,,,
27911,BOOT BARN HOLDINGS INC,"Stephens & Co. Initiates Coverage On Boot Barn Holdings with Overweight Rating, Announces $46 Price Target",0,increase,0.9,0.8,,137,28,2.0,,,,,,,,,,,,,,,,,,,,,,,,,,
27919,BROWN & BROWN INC,"SunTrust Robinson Humphrey Maintains Buy on Brown & Brown, Raises Price Target to $42",0,increase,0.8,0.7,,132,28,2.0,,,,,,,,,,,,,,,,,,,,,,,,,,
27927,COMPANIA DE MINAS BV SA,"Buenaventura Reports Q3 Production Results; Reaffirms FY19 Gold Production For Orcopampa, Tambomayo, Tantahuatay, Yanacohca, Narrows Estimate For La Zanja, Cuts Estimate For El Brocal",0,uncertain,0.6,0.3,,170,29,1.0,,,,,,,,,,,,,,,,,,,,,,,,,,
27935,CITIGROUP INC,Preparing For Big Purchases: Credit Card Vs. Personal Loan,0,uncertain,0.6,0.3,,121,29,1.0,,,,,,,,,,,,,,,,,,,,,,,,,,
27943,CATERPILLAR INC,"Morgan Stanley Maintains Overweight on Caterpillar, Lowers Price Target to $150",0,uncertain,0.6,0.4,,131,29,1.0,,,,,,,,,,,,,,,,,,,,,,,,,,
27951,CARNIVAL CORP,"Citigroup Maintains Buy on Carnival, Lowers Price Target to $50",0,uncertain,0.6,0.3,,126,29,1.0,,,,,,,,,,,,,,,,,,,,,,,,,,
27959,COMERICA INC,"Citigroup Maintains Sell on Comerica, Lowers Price Target to $54",0,decrease,0.8,0.7,,124,29,0.0,,,,,,,,,,,,,,,,,,,,,,,,,,
27967,COMCAST CORP NEW,"Roku 'Will Find A Ready Market Abroad,' Macquarie Says In Upgrade",0,uncertain,0.6,0.3,,128,29,1.0,,,,,,,,,,,,,,,,,,,,,,,,,,
27975,CHIPOTLE MEXICAN GRILL INC,"Gordon Haskett Upgrades Chipotle Mexican Grill to Hold, Raises Price Target to $740",0,increase,0.8,0.6,,141,28,2.0,,,,,,,,,,,,,,,,,,,,,,,,,,
27983,CENTENE CORP DEL,"Centene SVP Edmund Kroll To Step Down Effective April 30, 2020",0,uncertain,0.6,0.3,,129,29,1.0,,,,,,,,,,,,,,,,,,,,,,,,,,
27991,C N X RESOURCES CORP,UPDATE: KeyBanc Initiates CNX Resources With Sector Weight Due To Firm's 'expectation that natural gas prices may remain challenged in 2020 and CNX's above average leverage',0,decrease,0.8,0.7,,153,29,0.0,,,,,,,,,,,,,,,,,,,,,,,,,,
27999,C N X RESOURCES CORP,"KeyBanc Initiates Coverage On CNX Resources with Sector Weight Rating, Announces $7.11 Price Target",0,uncertain,0.6,0.3,,138,29,1.0,,,,,,,,,,,,,,,,,,,,,,,,,,
28007,CAPITAL ONE FINANCIAL CORP,"Citigroup Maintains Buy on Capital One Financial, Lowers Price Target to $100",0,uncertain,0.6,0.3,,132,29,1.0,,,,,,,,,,,,,,,,,,,,,,,,,,
28015,CHESAPEAKE UTILITIES CORP,"Chesapeake Utilities Corporation To Exit Natural Gas Marketing Business; Selling Peninsula Energy Services Company, Inc. Assets",0,uncertain,0.7,0.5,,138,29,1.0,,,,,,,,,,,,,,,,,,,,,,,,,,
28023,CARRIAGE SERVICES INC,Carriage Services Acquires Lombardo Funeral Homes In New York,0,increase,0.8,0.7,,125,28,2.0,,,,,,,,,,,,,,,,,,,,,,,,,,
28031,C S X CORP,Port Report: Resin Exports To Grow With New Charleston Warehouse,0,increase,0.8,0.7,,124,28,2.0,,,,,,,,,,,,,,,,,,,,,,,,,,
28039,C S X CORP,CSX And Union Pacific Make Changes To Sales And Marketing Teams,0,uncertain,0.6,0.3,,123,29,1.0,,,,,,,,,,,,,,,,,,,,,,,,,,
28047,CALIFORNIA WATER SERVICE GROUP,UPDATE: California Water Service Says Cal Water Should Be Authorized To Include In Rates $609M-$628M Of New Projects Through 2021,0,increase,0.8,0.7,,143,28,2.0,,,,,,,,,,,,,,,,,,,,,,,,,,
28055,CALIFORNIA WATER SERVICE GROUP,California Water Service Reports Settlement In 2018 Proposal To Invest In California Water Systems Through 2021,0,uncertain,0.7,0.3,,135,29,1.0,,,,,,,,,,,,,,,,,,,,,,,,,,
28063,DUPONT DE NEMOURS INC,"Citigroup Maintains Buy on DuPont de Nemours, Raises Price Target to $85",0,increase,0.8,0.7,,133,28,2.0,,,,,,,,,,,,,,,,,,,,,,,,,,
28071,DEERE & CO,"Morgan Stanley Maintains Overweight on Deere, Raises Price Target to $180",0,increase,0.8,0.7,,126,28,2.0,,,,,,,,,,,,,,,,,,,,,,,,,,
28079,SPDR DOW JONES IND AVG ETF TRUST,"FOMC Minutes September 17-18, 2019: Full Statement",0,uncertain,0.6,0.3,,139,29,1.0,,,,,,,,,,,,,,,,,,,,,,,,,,
28087,DOLLAR TREE INC,"Dollar Tree & Family Dollar To Hire More Than 25,000 Associates In Nationwide Hiring Event On October 16",0,increase,0.8,0.7,,134,28,2.0,,,,,,,,,,,,,,,,,,,,,,,,,,
28095,DOW INC,"Citigroup Maintains Neutral on Dow, Lowers Price Target to $48",0,decrease,0.8,0.7,,122,29,0.0,,,,,,,,,,,,,,,,,,,,,,,,,,
28103,DOMINOS PIZZA INC,Bank Of America On Domino's Also Notes 'We also expect a substantial near-term addition of debt (we model $600mn) in a refinancing move that could be as much as $0.20 accretive to 2020 estimates and would be supportive of near-term technicals',0,increase,0.8,0.7,,173,28,2.0,,,,,,,,,,,,,,,,,,,,,,,,,,
28111,DOMINOS PIZZA INC,"Bank Of America Maintains Buy, $295 Target On Domino's As Firm Notes 'While DPZ's modest G&A belt-tightening could limit a big medium- term sales ramp, it also demonstrates the flex in the earnings model after years of heavy growth opex spending'",0,uncertain,0.7,0.5,,170,29,1.0,,,,,,,,,,,,,,,,,,,,,,,,,,
28119,DOMINOS PIZZA INC,"Morgan Stanley Maintains Overweight, $287 Target On Domino's Notes Co's 'Still seeing increased aggregator pressures on top line, but DPZ proved adept & flexible in managing costs and product pipeline, and sees growth in its insulated carryout business'",0,increase,0.8,0.7,,165,28,2.0,,,,,,,,,,,,,,,,,,,,,,,,,,
28127,DOMINOS PIZZA INC,"Despite Lackluster Quarter, Sell-Side Says Domino's Will Eventually Beat Back New Third-Party Delivery Competition",0,uncertain,0.6,0.3,,137,29,1.0,,,,,,,,,,,,,,,,,,,,,,,,,,
28135,DOMINOS PIZZA INC,"UPDATE: JP Morgan Maintains Overweight On Domino's, Raises Target To $275 As Firm Notes '3Q Better Than Feared, Guide More Realistic & Stock Still Well-Priced vs Peers'",0,increase,0.8,0.7,,157,28,2.0,,,,,,,,,,,,,,,,,,,,,,,,,,
28143,DOMINOS PIZZA INC,"UPDATE: Wells Fargo On Domino's Notes 'With the company lowering its domestic and international SSS outlook for the next 2-3 years..., a bit of the bear overhang was removed from the stock, in our view'",0,uncertain,0.6,0.4,,160,29,1.0,,,,,,,,,,,,,,,,,,,,,,,,,,
28151,DOMINOS PIZZA INC,"UPDATE: Wells Fargo Maintains Market Perform On Domino's, Raises Target To $271 'With Outlook Revision Removed, Eyes Shift To The Price Of Convenience'",0,increase,0.8,0.7,,145,28,2.0,,,,,,,,,,,,,,,,,,,,,,,,,,
28159,DOMINOS PIZZA INC,"Wells Fargo Maintains Market Perform on Domino's Pizza, Raises Price Target to $271",0,increase,0.8,0.7,,133,28,2.0,,,,,,,,,,,,,,,,,,,,,,,,,,
28167,DOMINOS PIZZA INC,"JP Morgan Maintains Overweight on Domino's Pizza, Raises Price Target to $275",0,increase,0.8,0.7,,132,28,2.0,,,,,,,,,,,,,,,,,,,,,,,,,,
28175,DOMINOS PIZZA INC,Argus Research Downgrades Domino's Pizza to Hold,0,decrease,0.8,0.7,,125,29,0.0,,,,,,,,,,,,,,,,,,,,,,,,,,
28183,EMERSON ELECTRIC CO,"UPDATE: Morgan Stanley On Emerson Electric Also Sees 'a path for rerating on margin benchmarking, lower cyclicality, and more aggressive leverage of EMR's world class installed base in process'; Firm Sees 'strong risk/reward in a soft macro'",0,increase,0.8,0.7,,165,28,2.0,,,,,,,,,,,,,,,,,,,,,,,,,,
28191,EMERSON ELECTRIC CO,"UPDATE: Morgan Stanley Maintains Overweight On Emerson Electric, Lowers Target To $75 As Firm Notes 'The investor response to EMR's strategic review is that a SOTP has limited upside'",0,decrease,0.8,0.7,,152,29,0.0,,,,,,,,,,,,,,,,,,,,,,,,,,
28199,EMERSON ELECTRIC CO,"Morgan Stanley Maintains Overweight on Emerson Electric, Lowers Price Target to $75",0,uncertain,0.6,0.3,,131,29,1.0,,,,,,,,,,,,,,,,,,,,,,,,,,
28207,EQUINIX INC,"Credit Suisse Maintains Outperform On Equinix, Raises Price Target From $556 to $581",0,increase,0.8,0.6,,132,28,2.0,,,,,,,,,,,,,,,,,,,,,,,,,,
28215,EMBRAER S A,EC Investigating Boeing-Embraer Joint Venture,0,uncertain,0.7,0.5,,123,29,1.0,,,,,,,,,,,,,,,,,,,,,,,,,,
28223,EMPIRE STATE REALTY TRUST INC,"Empire State Realty Trust Reports Signed Eighth Expansion Lease With LinkedIn At Empire State Building, No Terms Disclosed",0,increase,0.8,0.7,,140,28,2.0,,,,,,,,,,,,,,,,,,,,,,,,,,
28231,EATON CORP PLC,Vertical Group Downgrades Eaton to Hold,0,decrease,0.8,0.7,,120,29,0.0,,,,,,,,,,,,,,,,,,,,,,,,,,
28239,ISHARES TRUST,Hearing Meeting Between EU Negotiator Barnier And Britain's Barclay Has Been Delayed From Thurs. To Fri.,0,uncertain,0.7,0.3,,136,29,1.0,,,,,,,,,,,,,,,,,,,,,,,,,,
28247,ISHARES TRUST,"EU's Barnier Says Even Without A Brexit Deal, We Will Have To Rebuild Relationship With Britain",0,uncertain,0.6,0.3,,133,29,1.0,,,,,,,,,,,,,,,,,,,,,,,,,,
28255,ISHARES TRUST,EU's Brexit Negotiator Barnier Says We Are Not In A Position To Be Able To Find Deal With UK,0,uncertain,0.7,0.5,,135,29,1.0,,,,,,,,,,,,,,,,,,,,,,,,,,
28263,ISHARES TRUST,EC Pres Juncker Says Is Working On A Deal With Britain For Brexit,0,uncertain,0.7,0.3,,127,29,1.0,,,,,,,,,,,,,,,,,,,,,,,,,,
28271,ISHARES TRUST,UPDATE: Sassoli Says There Are 2 Alternatives To Brexit Deal: Extension Or No Deal,0,uncertain,0.6,0.3,,132,29,1.0,,,,,,,,,,,,,,,,,,,,,,,,,,
28279,ISHARES TRUST,UPDATE: Sassoli Says EU Parliament Will Not Accept Any Brexit Deal With Undermines Good Friday Deal Or A Single Market,0,uncertain,0.7,0.3,,137,29,1.0,,,,,,,,,,,,,,,,,,,,,,,,,,
28287,ISHARES TRUST,UPDATE: Sassoli Sees Orderly Brexit With Divorce Agreement 'By Far' The Best Outcome,0,uncertain,0.6,0.2,,133,29,1.0,,,,,,,,,,,,,,,,,,,,,,,,,,
28295,ISHARES TRUST,"European Parliament's Sassoli Says Doesn't See Much Progress In EU, UK Talks",0,uncertain,0.7,0.3,,129,29,1.0,,,,,,,,,,,,,,,,,,,,,,,,,,
28303,ISHARES TRUST,"Brexit Update: Scottish Court Delays Decision On Extension, EU Negotiator Says Deal 'Difficult But Possible'",0,uncertain,0.6,0.3,,135,29,1.0,,,,,,,,,,,,,,,,,,,,,,,,,,
28311,ISHARES TRUST,European Commission's Oettinger Says Brexit Proposal From UK Government Does Not Represent Satisfactory Solution,0,uncertain,0.7,0.3,,132,29,1.0,,,,,,,,,,,,,,,,,,,,,,,,,,
28319,ISHARES INC,"Trumka Says USMCA Pact Remains Far From Complete, Expresses Concern Mexico May Not Be Able To Ensure Labor Reforms",0,uncertain,0.7,0.5,,138,29,1.0,,,,,,,,,,,,,,,,,,,,,,,,,,
28327,ISHARES INC,Mexican Consumer Prices Rise 3% In Year Through September,0,uncertain,0.6,0.3,,123,29,1.0,,,,,,,,,,,,,,,,,,,,,,,,,,
28335,ISHARES INC,BRA CPI (MoM) for Sep (0.04)% vs 0.03% Est; Prior 0.11%,0,uncertain,0.6,0.3,,138,29,1.0,,,,,,,,,,,,,,,,,,,,,,,,,,
28343,ISHARES INC,BRA CPI (YoY) for Sep 2.89% vs 2.97% Est; Prior 3.43%,0,decrease,0.8,0.6,,138,29,0.0,,,,,,,,,,,,,,,,,,,,,,,,,,
28351,DIAMONDBACK ENERGY INC,"JP Morgan Maintains Overweight on Diamondback Energy, Lowers Price Target to $139",0,uncertain,0.6,0.4,,133,29,1.0,,,,,,,,,,,,,,,,,,,,,,,,,,
28359,FEDEX CORP,"Bernstein Downgrades FedEx to Market Perform, Announces $153 Price Target",0,decrease,0.8,0.7,,124,29,0.0,,,,,,,,,,,,,,,,,,,,,,,,,,
28367,FIFTH THIRD BANCORP,"Citigroup Maintains Neutral on Fifth Third Bancorp, Lowers Price Target to $27",0,decrease,0.8,0.7,,135,29,0.0,,,,,,,,,,,,,,,,,,,,,,,,,,
28375,FIDELITY NATIONAL FINL INC NEW,"Keefe, Bruyette & Woods Downgrades Fidelity National Finl to Market Perform",0,decrease,0.8,0.7,,137,29,0.0,,,,,,,,,,,,,,,,,,,,,,,,,,
28383,FORMFACTOR INC,"FormFactor Reports Purchase Of FRT, No Terms Disclosed",0,uncertain,0.7,0.3,,121,29,1.0,,,,,,,,,,,,,,,,,,,,,,,,,,
28391,INVESCO CURRENCYSHARES AUS DLR T,Trump Says He Thinks China Wants To Make A Trade Deal More Than He Does,0,uncertain,0.6,0.3,,139,29,1.0,,,,,,,,,,,,,,,,,,,,,,,,,,
28399,INVESCO CURRENCYSHARES AUS DLR T,Chinese Officials Say Beijing Has Cut Expectations For Progress From US Trade Talks This Week,0,decrease,0.8,0.7,,139,29,0.0,,,,,,,,,,,,,,,,,,,,,,,,,,
28407,GREENHILL & CO INC,"Buckingham Maintains Neutral on Greenhill & Co, Lowers Price Target to $15",0,decrease,0.8,0.7,,132,29,0.0,,,,,,,,,,,,,,,,,,,,,,,,,,
28415,HALLIBURTON CO,"Halliburton Cutting 650 Oilfield Services Jobs Across Colorado, Wyoming, New Mexico, Dakota, Says Cutting 650 Oilfield Services Jobs Across Colorado, Wyoming, New Mexico, Dakotas",0,decrease,0.8,0.9,,151,29,0.0,,,,,,,,,,,,,,,,,,,,,,,,,,
28423,HELEN OF TROY LTD,"UPDATE: Bank Of America Reiterates Buy On Helen Of Troy, Raises Target To $175 'based on an unchanged 19x target P/E on our higher CY20e EPS, a premium to HELE's historical multiple but still well below large-cap HPC average'",0,increase,0.8,0.7,,168,28,2.0,,,,,,,,,,,,,,,,,,,,,,,,,,
28431,HELEN OF TROY LTD,"Bank of America Maintains Buy on Helen Of Troy, Raises Price Target to $175",0,increase,0.9,0.8,,130,28,2.0,,,,,,,,,,,,,,,,,,,,,,,,,,
28439,HARLEY DAVIDSON INC,"Wedbush Maintains Neutral on Harley-Davidson, Lowers Price Target to $33",0,decrease,0.8,0.7,,132,29,0.0,,,,,,,,,,,,,,,,,,,,,,,,,,
28447,HORIZON TECHNOLOGY FINANCE CORP,Horizon Technology Offers Q3 Portfolio Update: Originated $46.6M In New Loans,0,increase,0.8,0.7,,138,28,2.0,,,,,,,,,,,,,,,,,,,,,,,,,,
28455,HUNTSMAN CORP,"Citigroup Maintains Neutral on Huntsman, Raises Price Target to $23",0,increase,0.8,0.6,,128,28,2.0,,,,,,,,,,,,,,,,,,,,,,,,,,
28463,INTERNATIONAL FLAVORS & FRAG INC,"Citigroup Maintains Neutral on Intl Flavors & Fragrances, Lowers Price Target to $126",0,decrease,0.8,0.7,,137,29,0.0,,,,,,,,,,,,,,,,,,,,,,,,,,
28471,CHIPMOS TECHNOLOGIES INC,ChipMOS Technologies Reports Q3 Sales Increase,0,increase,0.8,0.7,,124,28,2.0,,,,,,,,,,,,,,,,,,,,,,,,,,
28479,CHIPMOS TECHNOLOGIES INC,ChipMOS Prelim. Q3 Sales $173.9 Up From $161.2M YoY,0,increase,0.8,0.6,,137,28,2.0,,,,,,,,,,,,,,,,,,,,,,,,,,
28487,IDETIVE INC,"Imperial Capital Maintains Outperform on Identiv, Lowers Price Target to $9",0,uncertain,0.6,0.3,,127,29,1.0,,,,,,,,,,,,,,,,,,,,,,,,,,
28495,IROBOT CORP,UPDATE: Raymond James Downgrades iRobot To Underperform As Firm Thinks 'Street models aren't reflecting the beginning of a meaningful commoditization cycle across the RVC category',0,decrease,0.8,0.7,,146,29,0.0,,,,,,,,,,,,,,,,,,,,,,,,,,
28503,IROBOT CORP,IRobot shares are trading lower after Raymond James downgraded the company's stock from Market Perform to Underperform.,0,decrease,0.8,0.7,,132,29,0.0,,,,,,,,,,,,,,,,,,,,,,,,,,
28511,IROBOT CORP,Raymond James Downgrades iRobot to Underperform,0,decrease,0.8,0.7,,121,29,0.0,,,,,,,,,,,,,,,,,,,,,,,,,,
28519,IRIDIUM COMMUNICATIONS INC,Iridium Communications shares are trading higher after Sidoti & Co upgraded the stock from Neutral to Buy and announced a price target of $26 per share.,0,increase,0.8,0.7,,145,28,2.0,,,,,,,,,,,,,,,,,,,,,,,,,,
28527,IRIDIUM COMMUNICATIONS INC,"Sidoti & Co. Upgrades Iridium Communications to Buy, Announces $26 Price Target",0,increase,0.9,0.8,,135,28,2.0,,,,,,,,,,,,,,,,,,,,,,,,,,
28535,J D COM INC,JD.Com shares are trading higher in sympathy with the overall market on renewed optimism in the upcoming U.S.-China trade talks.,0,increase,0.8,0.7,,133,28,2.0,,,,,,,,,,,,,,,,,,,,,,,,,,
28543,JOHNSON & JOHNSON,Johnson & Johnson Hit With $8B Verdict In Risperdal Lawsuit,0,decrease,0.8,0.9,,135,29,0.0,,,,,,,,,,,,,,,,,,,,,,,,,,
28551,JOHNSON & JOHNSON,Jury Says J&J Must Pay $8B In Case Over Male Breast Growth Linked To Risperdal,0,decrease,0.8,0.9,,141,29,0.0,,,,,,,,,,,,,,,,,,,,,,,,,,
28559,JAMES RIVER GROUP HLDS LTD,Mixed Reaction As Investors Dump James River Group Stock After Cancellation Of Uber Insurance Policies,0,decrease,0.8,0.9,,133,29,0.0,,,,,,,,,,,,,,,,,,,,,,,,,,
28567,JAMES RIVER GROUP HLDS LTD,James River Group Holdings shares are trading lower after the company announced the early cancellation of insurance policies issued to its largest customer scheduled for Q3. The stock was also downgraded from a couple firms and lowered their price target.,0,decrease,0.8,0.9,,160,29,0.0,,,,,,,,,,,,,,,,,,,,,,,,,,
28575,JAMES RIVER GROUP HLDS LTD,"SunTrust Robinson Humphrey Downgrades James River Group Hldgs to Hold, Lowers Price Target to $40",0,decrease,0.8,0.7,,140,29,0.0,,,,,,,,,,,,,,,,,,,,,,,,,,
28583,JAMES RIVER GROUP HLDS LTD,"B. Riley Downgrades James River Group Hldgs to Sell, Lowers Price Target to $40",0,decrease,0.8,0.9,,138,29,0.0,,,,,,,,,,,,,,,,,,,,,,,,,,
28591,KEYSIGHT TECHNOLOGIES INC,Keysight Technologies shares are trading higher as optimism around upcoming U.S. and China trade talks increases.,0,increase,0.8,0.7,,134,28,2.0,,,,,,,,,,,,,,,,,,,,,,,,,,
28599,LAZARD LTD,"Buckingham Maintains Neutral on Lazard, Lowers Price Target to $40",0,decrease,0.8,0.7,,126,29,0.0,2019-10-09,90701.0,1.6243934631347656,6.6400625284464665,6.668566747691362,0.2583242021501064,1.012141305513703,1.8961538981629775,0.4581,-0.6562,1.4165,0.92,-0.55,-0.09,0.007,-0.8520800000000002,0.6762,0.5388,-0.1288,2.4157,-0.8347,-1.5298,0.0043,-0.9011,-0.9229,0.8033
28607,LINCOLN ELECTRIC HOLDINGS INC,"Stifel Nicolaus Downgrades Lincoln Electric Holdings to Hold, Lowers Price Target to $84",0,decrease,0.8,0.7,,137,29,0.0,2019-10-09,81678.0,1.171543449163437,5.919352948536627,11.542731652064674,-3.3457260578870773,-3.807139792092395,-3.06675049781292,0.6079,-0.2196,1.1966,0.92,-0.55,-0.09,0.007,-0.4999720000000001,0.4978,1.1431,0.5089,-0.0501,0.4018,1.5596,0.0021,-1.6264,1.1811,2.1104
28615,LANDSTAR SYSTEM INC,Analysts Lowering Estimates Heading Into Earnings Season – What To Watch For,0,uncertain,0.6,0.4,,124,29,1.0,2019-10-09,78981.0,0.7635636255145073,2.627033425163572,4.363235579083979,-0.8198905736207962,-0.6025709820660197,-0.3113234203398929,1.0471,0.5808,1.0163,0.92,-0.55,-0.09,0.007,0.1051039999999999,0.293,1.1288,-0.4078,-1.7455,0.3169,-0.3168,0.2193,-0.5488,0.9532,-1.0872
28623,SOUTHWEST AIRLINES CO,Southwest Air Statement Shows Cracks On 2 737 Nat-Gas Planes Were Found After FAA Inspections Were Ordered,0,uncertain,0.6,0.4,,142,29,1.0,2019-10-09,58683.0,0.3365049371495843,0.3365049074058435,-0.4673770767804508,-0.0188577221706509,0.454627521416362,1.47340312264006,0.8674,0.1703,0.9107,0.92,-0.55,-0.09,0.007,0.0225559999999999,-0.175,-0.8115,0.445,-0.695,-0.8335,-0.0726,-0.412,-1.2362,-0.5307,0.3287
28631,SOUTHWEST AIRLINES CO,"Southwest Air Shares, Over Last 20 Mins., Tick Higher From Recent Low; Hearing JP Morgan Suggesting Co. Could Be Raising Fares",0,increase,0.8,0.7,,149,28,2.0,2019-10-09,58683.0,0.3365049371495843,0.3365049074058435,-0.4673770767804508,-0.0188577221706509,0.454627521416362,1.47340312264006,0.8674,0.1703,0.9107,0.92,-0.55,-0.09,0.007,0.0225559999999999,-0.175,-0.8115,0.445,-0.695,-0.8335,-0.0726,-0.412,-1.2362,-0.5307,0.3287
28639,LYONDELLBASELL INDUSTRIES N V,"Citigroup Maintains Neutral on LyondellBasell Industries, Raises Price Target to $88",0,increase,0.8,0.6,,142,28,2.0,2019-10-09,12345.0,2.030392922461033,5.106379147889073,7.246199300544909,-3.0061861500144005,-4.167648558281001,-4.246337536316425,0.7595,-0.0066,1.1422,0.92,-0.55,-0.09,0.007,-0.2983240000000002,1.3099,3.1839,-0.4216,-1.3118,-0.9336,-0.5536,-0.363,0.971,-0.4481,-0.2345
28647,MOELIS & CO,"Buckingham Maintains Buy on Moelis & Co, Lowers Price Target to $39",0,uncertain,0.6,0.3,,131,29,1.0,2019-10-09,14574.0,0.5661007948219776,5.760904156031188,5.8608064796051185,-1.407990511506796,-2.3353854627852444,0.4001361299855066,-0.2657,-1.0063,1.294,0.92,-0.55,-0.09,0.007,-1.46318,-0.1145,2.7123,1.1406,-0.2166,-1.5729,0.3063,1.3546,-0.6492,-2.5814,-1.128
28655,MEDTRONIC PLC,Medtronic: FDA Classified Voluntary Field Action Related to 6F Sherpa NX Active Coronary Guide Catheter as Class I Recall,0,uncertain,0.6,0.3,,139,29,1.0,2019-10-09,60097.0,0.6276329513639212,1.6393442554810678,-1.433254228202796,-2.0977064967155457,-3.2700769476217473,-1.795565491499318,1.657,0.9053,0.6146,0.92,-0.55,-0.09,0.007,1.084568,0.2356,-0.4046,-0.0235,-0.0899,0.6372,-0.1048,0.1465,-1.6488,-1.401,0.6098
28663,MONOLITHIC PWR SYS INC,Monolithic Power Systems shares are trading lower after Spruce Point Capital released a strong sell research opinion on the stock.,0,decrease,0.8,0.7,,139,29,0.0,2019-10-09,90455.0,1.3836555182933807,4.964859099715313,11.498342226517511,-4.9594588577747345,-7.271297550268352,-6.537928012825944,-4.6964,-5.6721,1.4909,0.92,-0.55,-0.09,0.007,-6.075028,0.8616,-1.4066,3.7127,-0.3099,-1.8477,-0.6029,0.6514,1.1426,-0.4284,4.2015
28671,METTLER TOLEDO INTERNATIONAL INC,"Barclays Maintains Underweight on Mettler-Toledo Intl, Lowers Price Target to $640",0,decrease,0.8,0.7,,139,29,0.0,2019-10-09,85621.0,-0.135164288803935,-0.7099616027950062,2.3155247405175716,-3.408373147249222,-4.030488682401878,-1.812847208170032,2.2274,1.2179,1.0977,0.92,-0.55,-0.09,0.007,1.2105159999999997,-0.7183,1.0219,-0.8786,-1.315,-1.3798,-0.1475,2.2053,-0.0013,0.4372,0.4637
28679,NEXTERA ENERGY INC,"Guggenheim Maintains Buy on NextEra Energy, Raises Price Target to $250",0,increase,0.8,0.7,,131,28,2.0,2019-10-09,24205.0,-0.582790793851018,-1.4784011309104117,1.1312990372667198,-1.1094396002590656,-1.5497218249771905,-0.086891021685076,1.4741,0.8709,0.2187,0.92,-0.55,-0.09,0.007,1.265896,-0.9627,-0.9675,-0.4946,-0.6797,1.4108,0.9432,0.6037,0.1685,1.8636,-0.1748
28687,NEWMONT CORP,Newmont Goldcorp Reports Confirmed Illegal Blockade Lifted At Penasquito Mine In Mexico,0,uncertain,0.6,0.3,,130,29,1.0,2019-10-09,21207.0,0.4125834442675113,-2.4497084874795516,-1.031453620850642,1.7250388860702517,1.5922651345659178,2.098633933652305,-0.3597,0.0266,-0.2486,0.92,-0.55,-0.09,0.007,-0.137988,0.839,-3.1749,1.0532,-0.8106,0.3428,1.0206,0.7786,-0.9927,-0.0893,1.7297
28695,NETFLIX INC,"Rosenblatt Maintains Neutral on Netflix, Lowers Price Target to $265",0,decrease,0.8,0.7,,126,29,0.0,2019-10-09,89393.0,4.840583354234695,7.008560000552966,1.3979703419013667,-1.3626722618937492,-0.7588280863865315,0.9584215098993764,-1.1783,-2.4912,1.4869,0.92,-0.55,-0.09,0.007,-2.553248,4.276,-0.9504,1.2388,-2.2349,1.1084,1.456,-4.6869,0.1767,-3.0179,1.595
28703,NETFLIX INC,"Monness Crespi Hardt Maintains Buy on Netflix, Lowers Price Target to $340",0,uncertain,0.6,0.4,,128,29,1.0,2019-10-09,89393.0,4.840583354234695,7.008560000552966,1.3979703419013667,-1.3626722618937492,-0.7588280863865315,0.9584215098993764,-1.1783,-2.4912,1.4869,0.92,-0.55,-0.09,0.007,-2.553248,4.276,-0.9504,1.2388,-2.2349,1.1084,1.456,-4.6869,0.1767,-3.0179,1.595
28711,NANOVIRICIDES INC,"Nanoviricides shares are trading higher after the company announced it has initiated bio-analytical studies as part of the required IND-enabling preclinical safety and toxicology studies of NV-HHV-101, moving towards human clinical trials.",0,increase,0.9,0.8,,161,28,2.0,2019-10-09,14133.0,6.865672767162323,9.850751122918066,39.10447759044104,-2.2727251052856445,11.6883162457448,2.9940166869656615,-2.6163,-2.354,-0.2607,0.92,-0.55,-0.09,0.007,-2.383456,7.1738,-1.9328,-13.1553,14.0327,6.0921,9.9656,-2.4125,17.8352,12.4931,-11.269
28719,NANOVIRICIDES INC,NanoViricides Initiates Bio-analytical Studies As Part Of IND-Enabling Safety And Toxicology Studies Of Lead Candidate NV-HHV-101,0,uncertain,0.6,0.3,,143,29,1.0,2019-10-09,14133.0,6.865672767162323,9.850751122918066,39.10447759044104,-2.2727251052856445,11.6883162457448,2.9940166869656615,-2.6163,-2.354,-0.2607,0.92,-0.55,-0.09,0.007,-2.383456,7.1738,-1.9328,-13.1553,14.0327,6.0921,9.9656,-2.4125,17.8352,12.4931,-11.269
28727,NORTHROP GRUMMAN CORP,"Northrop Grumman Reports Will Develop Advanced Targeting Systems For US Marine Corps., No Terms Disclosed",0,increase,0.8,0.7,,136,28,2.0,2019-10-09,24766.0,0.3046527970582247,-0.7997177270370526,-3.925140035294339,0.1413320773281157,-0.1463517020124594,1.128102553578847,-0.2198,-0.9204,0.7682,0.92,-0.55,-0.09,0.007,-0.933544,-0.098,-2.7237,1.2942,-2.0515,0.9494,-2.667,-1.3667,-0.2491,0.9697,0.088
28735,NVIDIA CORP,Option Traders Make Bullish Bets On Nvidia,0,increase,0.8,0.7,,117,28,2.0,2019-10-09,86580.0,1.2838204391300678,7.47053265275559,7.957495089308275,-3.851790726184845,-2.604827829718659,-2.2502904671088952,1.9636,0.425,1.9586,0.92,-0.55,-0.09,0.007,0.1546880000000001,0.4731,-0.9711,0.8024,3.0008,-0.7671,-1.3406,-0.3668,1.5815,0.715,-0.5858
28743,NEVRO CORP,"Wells Fargo Maintains Outperform on Nevro, Raises Price Target to $86",0,increase,0.8,0.7,,128,28,2.0,2019-10-09,15046.0,3.1131522729992867,8.50228915531266,11.170701128743833,-5.456565320491791,-9.872605982015248,-8.127924440470691,0.0523,-0.39,0.6937,0.92,-0.55,-0.09,0.007,-0.592904,3.2044,2.5356,-0.3395,2.8367,-1.4068,1.9607,0.9657,0.8328,-3.2013,3.3776
28751,NORTHWEST PIPE CO,Northwest Pipe Names Robin Gantt CFO,0,uncertain,0.6,0.3,,117,29,1.0,2019-10-09,82599.0,-0.411671819165349,1.8712575149260056,9.094312718045394,-1.6849784180521965,-3.244411111415957,-2.7536240549412394,-0.4471,-0.6473,0.6274,0.92,-0.55,-0.09,0.007,-1.031308,-0.771,1.1498,-0.0244,-0.7509,0.1812,1.1808,0.6651,0.627,1.9556,0.0565
28759,NEW YORK TIMES CO,"Guggenheim Initiates Coverage On New York Times with Neutral Rating, Announces $27.5 Price Target",0,uncertain,0.6,0.3,,131,29,1.0,2019-10-09,47466.0,-0.0710243533831089,1.882104679523633,8.522725992708956,-2.170172333717346,-2.1027252036393995,1.3923578417719409,-0.8451,-1.3991,0.924,0.92,-0.55,-0.09,0.007,-1.70218,-0.3842,0.3037,0.0195,-0.5547,-0.0254,2.1978,1.2377,-0.8455,1.6859,1.1749
28767,OLIN CORP,"Citi Downgrades Olin to Neutral, Lowers Price Target to $19",0,decrease,0.8,0.7,,125,29,0.0,2019-10-09,13610.0,3.705812990665436,4.047885022910314,5.245143132829222,-2.001115120947361,-1.287801977500147,0.3414881916960155,-0.5105,-1.2355,1.4415,0.92,-0.55,-0.09,0.007,-1.84368,2.9631,1.8892,-1.9054,-2.6884,-0.455,-2.1419,0.9503,-0.8605,0.4189,-1.098
28775,OVERSTOCK COM INC DEL,Overstock.Com shares are trading lower as a potential sell-off after the stock increased roughly 20% since October 4.,0,decrease,0.8,0.6,,137,29,0.0,2019-10-09,89394.0,1.496733445674181,8.5594014394194,2.058001155793132,4.54544797539711,14.774943787185046,13.223937729974612,-8.8662,-8.7513,1.1613,0.92,-0.55,-0.09,0.007,-9.941596,1.7811,-4.1884,0.3232,2.6412,4.1384,-4.9639,-2.8232,1.5452,-1.3516,-0.59
28783,PAYCOM SOFTWARE INC,Shares of several software companies are trading higher on renewed optimism in the upcoming U.S.-China trade talks after a report said China is prepared to accept a deal as long as no more tariffs are imposed. Another report said China is offering to increase purchases of U.S. agriculture in order to reach a partial deal.,0,uncertain,0.6,0.3,,170,29,1.0,2019-10-09,14579.0,-0.5248269531875849,-1.486227877189383,-9.614043443899744,-3.1264565885066986,-3.121931498785524,-0.7316015338503679,3.7139,2.5802,1.2354,0.92,-0.55,-0.09,0.007,2.570332,-0.8262,1.3892,0.3906,-1.466,-3.4258,-1.908,-1.5501,1.0994,-5.8631,2.1966
28791,P G & E CORP,UPDATE: 'Next Part of Massive California Blackouts Starts Later Today' -Recent Bloomberg Article,0,uncertain,0.6,0.5,,131,29,1.0,2019-10-09,13688.0,-29.052820801734924,-28.23314715852675,-25.318760020385987,-5.217394605278969,0.2759866284971268,14.136119780161094,0.7339,-0.226,1.0551,0.92,-0.55,-0.09,0.007,-0.243792,-29.862,1.6133,-4.1294,-0.4155,2.2513,-0.9887,-0.8045,2.7099,0.5947,0.8638
28799,P G & E CORP,PG&E Says Shutoffs Delayed Due To Change In Weather Forecasts,0,uncertain,0.6,0.3,,128,29,1.0,2019-10-09,13688.0,-29.052820801734924,-28.23314715852675,-25.318760020385987,-5.217394605278969,0.2759866284971268,14.136119780161094,0.7339,-0.226,1.0551,0.92,-0.55,-0.09,0.007,-0.243792,-29.862,1.6133,-4.1294,-0.4155,2.2513,-0.9887,-0.8045,2.7099,0.5947,0.8638
28807,P G & E CORP,PG&E Says First Phase Of Power Cuts Complete,0,uncertain,0.6,0.3,,123,29,1.0,2019-10-09,13688.0,-29.052820801734924,-28.23314715852675,-25.318760020385987,-5.217394605278969,0.2759866284971268,14.136119780161094,0.7339,-0.226,1.0551,0.92,-0.55,-0.09,0.007,-0.243792,-29.862,1.6133,-4.1294,-0.4155,2.2513,-0.9887,-0.8045,2.7099,0.5947,0.8638
28815,P G & E CORP,Northern California Faces Widespread Power Shutoffs In Face Of Wildfire Threat,0,decrease,0.8,0.7,,129,29,0.0,2019-10-09,13688.0,-29.052820801734924,-28.23314715852675,-25.318760020385987,-5.217394605278969,0.2759866284971268,14.136119780161094,0.7339,-0.226,1.0551,0.92,-0.55,-0.09,0.007,-0.243792,-29.862,1.6133,-4.1294,-0.4155,2.2513,-0.9887,-0.8045,2.7099,0.5947,0.8638
28823,P G & E CORP,"Morgan Stanley Maintains Equal-Weight on PG&E, Lowers Price Target to $16",0,decrease,0.8,0.7,,132,29,0.0,2019-10-09,13688.0,-29.052820801734924,-28.23314715852675,-25.318760020385987,-5.217394605278969,0.2759866284971268,14.136119780161094,0.7339,-0.226,1.0551,0.92,-0.55,-0.09,0.007,-0.243792,-29.862,1.6133,-4.1294,-0.4155,2.2513,-0.9887,-0.8045,2.7099,0.5947,0.8638
28831,P G & E CORP,Form Last Night: PG&E's Shutoff May Hit 600K Customers,0,uncertain,0.6,0.5,,128,29,1.0,2019-10-09,13688.0,-29.052820801734924,-28.23314715852675,-25.318760020385987,-5.217394605278969,0.2759866284971268,14.136119780161094,0.7339,-0.226,1.0551,0.92,-0.55,-0.09,0.007,-0.243792,-29.862,1.6133,-4.1294,-0.4155,2.2513,-0.9887,-0.8045,2.7099,0.5947,0.8638
28839,QUALCOMM INC,"Qualcomm shares are trading higher. Positive US-China trade sentiment has potentially eased investor concerns about the company's China operations, including its planned 5G launch. Canaccord  analysts say the company is 'well positioned' for 5G gains.",0,increase,0.8,0.7,,157,28,2.0,2019-10-09,77178.0,0.8338974788784981,5.21856748406635,3.8870200937509702,-4.5716505497694016,-5.987868786309624,-3.802990607980172,2.059,1.2047,1.0775,0.92,-0.55,-0.09,0.007,1.0607000000000002,0.1753,0.8191,-0.2527,0.9389,0.6079,0.4703,-1.3482,0.7709,-0.6406,-1.9033
28847,QIAGEN NV,Kepler Cheuvreux Downgrades Qiagen to Reduce,0,decrease,0.8,0.7,,122,29,0.0,2019-10-09,83686.0,3.3776067197322845,4.516130951319353,6.831116622535172,-20.74236124753952,-21.452855456510523,-20.319847776511125,3.6993,3.0059,0.8654,0.92,-0.55,-0.09,0.007,2.8961319999999997,2.9503,-1.7195,0.7795,-0.0055,0.323,1.8691,1.6581,-1.9484,0.878,-0.5654
28855,REGENERON PHARMACEUTICALS INC,"Canaccord Genuity Maintains Hold on Regeneron Pharmaceuticals, Lowers Price Target to $320",0,decrease,0.8,0.7,,142,29,0.0,2019-10-09,76614.0,2.5891412049531937,2.9467414571065387,4.879140293020434,0.4545324482023716,0.7669789221045997,1.5602752682037258,2.0098,1.4275,0.9308,0.92,-0.55,-0.09,0.007,1.1464639999999997,2.4318,-0.5143,1.8831,-1.8016,-1.3351,-0.284,0.6966,-1.2735,1.7892,1.2081
28863,RICHARDSON ELECTRONICS LTD,"Richardson Electronics Q1 EPS $0.01 Misses $0.02 Estimate, Sales $40.653M Miss $42M Estimate",0,decrease,0.8,0.7,,146,29,0.0,2019-10-09,66852.0,0.1745157409459352,0.5235638489594407,-3.141358327103072,0.8741292171180248,2.1238917361752208,1.4059740473156834,-0.6932,-0.6785,0.1792,0.92,-0.55,-0.09,0.007,-0.865064,0.1765,0.1222,1.8094,-2.1945,0.0205,-0.3684,-0.0457,-0.1565,-2.8938,-0.7207
28871,RICHARDSON ELECTRONICS LTD,"Earnings Scheduled For October 9, 2019",0,uncertain,0.6,0.3,,128,29,1.0,2019-10-09,66852.0,0.1745157409459352,0.5235638489594407,-3.141358327103072,0.8741292171180248,2.1238917361752208,1.4059740473156834,-0.6932,-0.6785,0.1792,0.92,-0.55,-0.09,0.007,-0.865064,0.1765,0.1222,1.8094,-2.1945,0.0205,-0.3684,-0.0457,-0.1565,-2.8938,-0.7207
28879,R P C INC,RPC shares are trading lower after Citigroup maintained a Sell rating on the company's stock and lowered the price target from $5 to $4.80,0,decrease,0.8,0.2,,139,29,0.0,2019-10-09,66683.0,1.713060401380062,0.4282651507685697,-0.8565303743964137,-0.7662828080356121,-1.145037108471314,-3.3582145427210386,-9.8456,-9.729,1.125,0.92,-0.55,-0.09,0.007,-10.8876,1.5141,1.5735,-1.8684,-2.5562,-2.1914,-4.6846,1.353,6.6291,0.6083,-9.5265
28887,R P C INC,"Citigroup Maintains Sell on RPC, Lowers Price Target to $4.8",0,decrease,0.8,0.7,,126,29,0.0,2019-10-09,66683.0,1.713060401380062,0.4282651507685697,-0.8565303743964137,-0.7662828080356121,-1.145037108471314,-3.3582145427210386,-9.8456,-9.729,1.125,0.92,-0.55,-0.09,0.007,-10.8876,1.5141,1.5735,-1.8684,-2.5562,-2.1914,-4.6846,1.353,6.6291,0.6083,-9.5265
28895,RUSH ENTERPRISES INC,Rush Enterprises Appoints Elaine Mendoza As First Female Board Director,0,increase,0.8,0.7,,126,28,2.0,2019-10-09,89455.0,1.416894979774952,6.403265585279994,19.50953594669955,0.3888871986418962,1.8028151610187004,2.090389326731956,1.5495,1.584,0.819,0.92,-0.55,-0.09,0.007,0.7890200000000002,1.2457,-0.1203,1.2721,0.0723,0.9581,0.3005,1.3251,2.3192,3.1293,1.6203
28903,SHERWIN WILLIAMS CO,"Citigroup Maintains Buy on Sherwin-Williams, Raises Price Target to $631",0,increase,0.8,0.7,,132,28,2.0,2019-10-09,36468.0,0.5471041891723871,1.5441127528722287,1.4775261268212825,-0.6080735940486193,-0.528391561771524,0.5062685263413691,1.7804,1.0096,0.8275,0.92,-0.55,-0.09,0.007,1.0121,0.0747,-2.558,0.1866,0.6853,1.1973,-0.9743,0.5183,-2.408,3.3719,-0.7295
28911,SIRIUS X M HOLDINGS INC,Benchmark Initiates Coverage On Sirius XM Holdings with Hold Rating,0,uncertain,0.6,0.3,,130,29,1.0,2019-10-09,80924.0,0.0800658832304179,2.9623689977044787,3.282624909762122,-1.421803329139948,-2.1943627060939552,-1.7322855971910078,0.0801,-0.5481,0.8786,0.92,-0.55,-0.09,0.007,-0.735212,-0.2829,-0.293,0.5921,0.6439,-0.0339,0.1246,-0.2194,-0.851,-0.1236,0.5817
28919,EMEREN GROUP LTD,ReneSola Signs Agreements To Sell 22.3MW Of China DG Projects,0,uncertain,0.6,0.3,,129,29,1.0,2019-10-09,92543.0,-2.0833395421504974,10.416664996331203,8.756940856960993,4.651167616248131,-3.571425194347766,-9.999998620231787,6.6667,6.1116,0.7561,0.92,-0.55,-0.09,0.007,5.964088,-2.6036,0.3498,2.2828,10.226,-1.8008,-0.8913,-2.759,-6.9421,8.2844,0.0801
28927,STERLING CONSTRUCTION CO INC,"DA Davidson Maintains Buy on Sterling Construction Co, Raises Price Target to $25",0,increase,0.8,0.7,,131,28,2.0,2019-10-09,76927.0,5.969150736927986,6.505702809436054,13.346745767908752,3.4974999725818634,3.1294420354158525,5.454545305935943,2.8276,2.6019,1.1149,0.92,-0.55,-0.09,0.007,1.7948919999999997,5.6429,-0.762,0.1573,-1.5052,-0.5989,-1.0476,3.3931,0.3433,-0.1935,0.7872
28935,SOUTHWESTERN ENERGY CO,Southwestern Energy Highlights Several Recent Financial Developments To Reinforce Strategic Flexibility,0,uncertain,0.6,0.3,,130,29,1.0,2019-10-09,63765.0,4.519776627421379,14.12429411433287,18.079092634838645,-3.763443604111671,-4.787235738940987,-1.6483564253177765,-1.1173,-1.7297,1.7449,0.92,-0.55,-0.09,0.007,-2.729608,3.5096,2.067,2.4692,0.8968,-1.258,5.241,-7.0998,-1.8254,-1.2399,2.0414
28943,T E CONNECTIVITY LTD,"Citi Downgrades TE Connectivity to Neutral, Lowers Price Target to $95",0,decrease,0.8,0.7,,127,29,0.0,2019-10-09,92157.0,1.0904463939368725,6.336083978155815,7.369143553901836,-3.355933725833893,-4.850373520888263,-4.286036190983856,1.859,1.049,1.0355,0.92,-0.55,-0.09,0.007,0.8993399999999999,0.5222,0.9398,0.5616,0.6669,0.8018,-0.1387,0.26,0.1917,0.3356,-0.7017
28951,TEREX CORP NEW,"Morgan Stanley Maintains Equal-Weight on Terex, Lowers Price Target to $31",0,decrease,0.8,0.7,,130,29,0.0,2019-10-09,58318.0,1.8827497959136963,7.702178885507305,21.480524004950375,-2.9595626518130302,-4.8630921798002325,-2.9999970644746576,0.3866,-0.5108,1.5932,0.92,-0.55,-0.09,0.007,-1.086144,1.1229,2.1374,1.4361,0.6172,-2.2645,3.4105,2.9686,-0.4144,2.3684,0.8248
28959,TARGET CORP,Target Names Michael Fiddelke As Executive Vice President And Chief Financial Officer,0,uncertain,0.6,0.3,,122,29,1.0,2019-10-09,49154.0,0.190285500138998,1.6582111874274164,0.9061254788362394,0.5280219484120607,-0.5316240295901165,1.7820238439641312,1.6955,0.8441,0.899,0.92,-0.55,-0.09,0.007,0.8614200000000001,-0.4294,0.0198,-0.4706,-0.2154,0.4555,0.6901,-0.1179,0.0591,-0.2838,-1.918
28967,TESLA INC,"Tesla To Report Q3 Earnings On Wed., Oct. 23, 2019 After Market Close",0,uncertain,0.6,0.3,,130,29,1.0,2019-10-09,93436.0,0.0858817773405462,6.224185639398394,4.150817396495143,0.9801454842090608,3.724672911353877,3.012489440651378,1.8663,1.1368,1.1515,0.92,-0.55,-0.09,0.007,0.7999200000000002,-0.3318,-0.3952,4.055,-1.0267,0.7904,-0.0901,-1.0721,-2.2085,1.1776,-0.5641
28975,TETRA TECH INC,Tetra Tech Wins $500M USAID Global Energy Contract,0,increase,0.8,0.9,,124,28,2.0,2019-10-09,77191.0,1.3170571997761726,1.784010478630793,5.411882801744539,-0.8555237203836441,-1.4374755260631256,0.9942280256926672,1.507,0.8169,1.0168,0.92,-0.55,-0.09,0.007,0.564544,0.8806,-0.2926,-0.5845,-0.3358,-0.5547,1.4044,2.2742,-0.1072,-0.132,-0.7895
28983,ISHARES INC,"Turkish Troops Enter Northern Syria East Of Euphrates, Start Ground Operation",0,uncertain,0.6,0.4,,128,29,1.0,2019-10-09,92600.0,0.040892930701375,-5.685076681373302,3.312881009045854,-0.3966619726270437,-4.524709896628353,-3.903553866330123,-2.6284,-3.1735,0.6978,0.92,-0.55,-0.09,0.007,-3.2773760000000003,-0.3207,-3.3804,-3.6952,1.0317,-1.2424,3.2748,2.3713,-2.4314,1.9885,3.163
28991,ISHARES INC,Saudi Arabia Condemns The Turkish Offensive In Northeast Syria,0,uncertain,0.6,0.3,,122,29,1.0,2019-10-09,92600.0,0.040892930701375,-5.685076681373302,3.312881009045854,-0.3966619726270437,-4.524709896628353,-3.903553866330123,-2.6284,-3.1735,0.6978,0.92,-0.55,-0.09,0.007,-3.2773760000000003,-0.3207,-3.3804,-3.6952,1.0317,-1.2424,3.2748,2.3713,-2.4314,1.9885,3.163
28999,ISHARES INC,Egypt Calls For Emergency Arab League Meeting Over Turkish Offensive Into Syria,0,uncertain,0.6,0.3,,123,29,1.0,2019-10-09,92600.0,0.040892930701375,-5.685076681373302,3.312881009045854,-0.3966619726270437,-4.524709896628353,-3.903553866330123,-2.6284,-3.1735,0.6978,0.92,-0.55,-0.09,0.007,-3.2773760000000003,-0.3207,-3.3804,-3.6952,1.0317,-1.2424,3.2748,2.3713,-2.4314,1.9885,3.163
29007,ISHARES INC,"Turkish Jets Bombing Military Positions, Civilians In Syria's Tel Abyad, Ras Al-Ain, Qamishli And Ain Issa Areas",0,uncertain,0.6,0.4,,143,29,1.0,2019-10-09,92600.0,0.040892930701375,-5.685076681373302,3.312881009045854,-0.3966619726270437,-4.524709896628353,-3.903553866330123,-2.6284,-3.1735,0.6978,0.92,-0.55,-0.09,0.007,-3.2773760000000003,-0.3207,-3.3804,-3.6952,1.0317,-1.2424,3.2748,2.3713,-2.4314,1.9885,3.163
29015,ISHARES INC,"Turkish Howitzers Start Hitting YPG Militia Bases, Ammunition Depots",0,uncertain,0.6,0.4,,130,29,1.0,2019-10-09,92600.0,0.040892930701375,-5.685076681373302,3.312881009045854,-0.3966619726270437,-4.524709896628353,-3.903553866330123,-2.6284,-3.1735,0.6978,0.92,-0.55,-0.09,0.007,-3.2773760000000003,-0.3207,-3.3804,-3.6952,1.0317,-1.2424,3.2748,2.3713,-2.4314,1.9885,3.163
29023,ISHARES INC,Syria Reportedly 'Determined To Thwart Turkish Aggression By All Legitimate Means' According To State Media,0,uncertain,0.6,0.3,,134,29,1.0,2019-10-09,92600.0,0.040892930701375,-5.685076681373302,3.312881009045854,-0.3966619726270437,-4.524709896628353,-3.903553866330123,-2.6284,-3.1735,0.6978,0.92,-0.55,-0.09,0.007,-3.2773760000000003,-0.3207,-3.3804,-3.6952,1.0317,-1.2424,3.2748,2.3713,-2.4314,1.9885,3.163
29031,ISHARES INC,"Turkish Foreign Minister Says Turkey's Operation Into Northern Syria Will Be Carried Out In Line With International Law, Only Target Is Militants",0,uncertain,0.6,0.3,,138,29,1.0,2019-10-09,92600.0,0.040892930701375,-5.685076681373302,3.312881009045854,-0.3966619726270437,-4.524709896628353,-3.903553866330123,-2.6284,-3.1735,0.6978,0.92,-0.55,-0.09,0.007,-3.2773760000000003,-0.3207,-3.3804,-3.6952,1.0317,-1.2424,3.2748,2.3713,-2.4314,1.9885,3.163
29039,ISHARES INC,"Turkish Foreign Minister Says Turkey Will Inform All Relevant Countries About Operation Into Northeast Syria, Including Syrian Government",0,uncertain,0.6,0.3,,131,29,1.0,2019-10-09,92600.0,0.040892930701375,-5.685076681373302,3.312881009045854,-0.3966619726270437,-4.524709896628353,-3.903553866330123,-2.6284,-3.1735,0.6978,0.92,-0.55,-0.09,0.007,-3.2773760000000003,-0.3207,-3.3804,-3.6952,1.0317,-1.2424,3.2748,2.3713,-2.4314,1.9885,3.163
29047,UNITED MICROELECTRONICS CORP,United Microelectronics Earlier Reported September Sales Down 8.7% YoY,0,decrease,0.8,0.7,,132,29,0.0,2019-10-09,88612.0,1.886801980435848,3.77359268930586,6.132081061815509,-1.415093056857586,-1.8779435608892836,-0.4761900202456481,1.4354,0.807,0.6977,0.92,-0.55,-0.09,0.007,0.7865160000000001,1.4468,0.498,-1.2436,1.1535,0.1477,-0.7101,3.4841,-0.1019,-1.6173,0.6982
29055,UNITED STATES NATURAL GAS FD L P,Ukraine PM Says Kiev Will Not Agree To Short-Term Gas Transit Contract With Russia,0,uncertain,0.7,0.3,,134,29,1.0,2019-10-09,91947.0,-1.5127851627767086,2.4517439788019235,0.3129863170748148,-0.5575200542807579,-2.388057457006798,-1.8999958915826065,-2.2936,-2.6274,0.1906,0.92,-0.55,-0.09,0.007,-2.4759520000000004,-1.983,0.5586,2.7901,2.448,-1.9617,1.588,0.3212,-3.6554,-0.7428,-1.0196
29063,UNITED RENTALS INC,"Morgan Stanley Maintains Overweight on United Rentals, Lowers Price Target to $155",0,uncertain,0.6,0.3,,129,29,1.0,2019-10-09,85663.0,1.6505168750882149,9.140648216524095,19.904910451040525,-5.585341900587082,-6.8338897031924635,-6.177508742549998,2.0879,0.8735,1.9834,0.92,-0.55,-0.09,0.007,0.2561719999999996,0.5889,1.3929,0.9485,-0.3568,0.7023,3.9335,1.0674,-1.1526,1.6736,0.2658
29071,LIBERTY ALL STAR EQUITY FD,EIA Gasoline Inventories Draw 1.213M Barrels,0,uncertain,0.6,0.3,,133,29,1.0,2019-10-09,70797.0,0.6369420327246189,1.910826061084414,2.866239140409954,-0.9538942016661168,-1.4240530651749572,-0.3199997446911906,0.8026,0.0011,0.8901,0.92,-0.55,-0.09,0.007,-0.023292,0.1413,-0.1727,-0.1405,-0.4636,0.3374,-0.2494,0.3281,0.0103,0.4679,-0.0475
29079,U S BANCORP DEL,"Citigroup Downgrades U.S. Bancorp to Sell, Lowers Price Target to $49",0,decrease,0.8,0.7,,134,29,0.0,2019-10-09,66157.0,0.7793192286044359,3.7255256656241857,7.546096088070042,-2.874094620347023,-3.1613959597364016,-1.2629559773985388,0.4391,-0.3745,0.9062,0.92,-0.55,-0.09,0.007,-0.401604,-0.0204,-0.4046,-0.2292,0.2305,1.5693,0.2274,0.338,1.0944,0.4053,-0.5917
29087,VERICEL CORP,"H.C. Wainwright Initiates Coverage On Vericel with Buy Rating, Announces $19 Price Target",0,increase,0.9,0.8,,134,28,2.0,2019-10-09,84511.0,1.502146199345589,8.583696733017042,11.444924411003754,-0.2166114514693617,-2.8129434150569455,0.3631029103009942,1.1577,1.0128,1.3524,0.92,-0.55,-0.09,0.007,-0.0935080000000001,1.7928,-0.6812,0.6405,2.9734,-0.1371,-0.4713,1.9298,1.4433,-0.718,-0.0893
29095,VIPER ENERGY PARTNERS LP,"JP Morgan Maintains Overweight on Viper Energy Partners, Lowers Price Target to $32",0,uncertain,0.6,0.4,,134,29,1.0,2019-10-09,15139.0,0.3032597713172436,-0.4548861269805804,2.3123599720325405,-0.9694267064332962,-2.028775905802538,-0.8215131450191704,-0.6777,-1.524,1.3498,0.92,-0.55,-0.09,0.007,-1.9265160000000003,-0.4904,-0.2427,-0.7402,-2.545,-0.308,-2.0438,-1.5574,-0.8321,1.0699,3.0212
29103,VERIZON COMMUNICATIONS INC,"SunTrust Robinson Humphrey Maintains Buy on Verizon Communications, Raises Price Target to $68",0,increase,0.8,0.7,,133,28,2.0,2019-10-09,65875.0,1.0300584137439728,1.8068214366078197,2.803106766718777,-0.8796660229563713,-0.3005013399699163,1.203190808545984,0.1926,-0.3778,0.3484,0.92,-0.55,-0.09,0.007,-0.134928,0.5923,-0.0796,-0.6449,1.3857,-0.2115,0.4646,0.9383,-0.7253,0.1205,0.0074
29111,WATERS CORP,Barclays Downgrades Waters to Underweight,0,decrease,0.8,0.7,,120,29,0.0,2019-10-09,82651.0,1.4158852398395538,2.51499406841611,2.937362675157873,-6.9223202764987946,-8.365641141544822,-7.369969307622104,0.1635,-0.7528,0.9063,0.92,-0.55,-0.09,0.007,-0.677296,0.8436,0.0615,0.2181,-0.238,-0.5299,0.3286,0.8875,0.1147,1.2016,-2.3585
29119,WESTLAKE CORP,Citi Downgrades Westlake Chemical to Neutral,0,decrease,0.8,0.7,,120,29,0.0,2019-10-09,90312.0,2.090065181255341,5.709431934715337,5.437554435411585,-1.743505336344242,-2.8026512468951714,-3.5543852038620427,0.4095,-0.2948,1.3901,0.92,-0.55,-0.09,0.007,-0.876392,1.3688,3.7045,-1.5667,-1.2,-0.7508,-2.5811,1.0361,-2.2726,1.37,-1.4848
29127,UNITED STATES STEEL CORP NEW,US Steel shares are trading lower. The company late Tuesday announced organizational changes to implement an 'enhanced operating model' in order to achieve cost savings.,0,uncertain,0.7,0.5,,144,29,1.0,2019-10-09,76644.0,0.4955420270562172,3.865207103509749,10.703665969567954,1.0073228739202025,2.4141064784730215,2.224279664040018,-8.5222,-9.1057,1.7003,0.92,-0.55,-0.09,0.007,-10.093476,-0.1427,8.6543,-0.6169,0.4787,-8.938,-0.26,1.207,-2.7974,4.4705,-1.0997
29135,SPDR SERIES TRUST,National Retail Federation Sees Retail Imports Ramping Ahead Of Dec. Tariffs,0,uncertain,0.6,0.3,,126,29,1.0,2019-10-09,91316.0,1.0454663075506687,4.011664665822212,6.929244798346779,-1.4510241337120533,-1.5700518965213517,-0.8998028315640672,0.9325,0.4352,0.9942,0.92,-0.55,-0.09,0.007,0.0108359999999999,0.6215,0.54,-0.584,0.0563,0.427,0.4656,-1.0826,0.1972,1.0216,0.1819
29143,SPDR SERIES TRUST,National Retail Federation Says Imports At US's Major Retail Container Ports Will Hit The Highest Level Of 2019 Again In Nov.,0,increase,0.8,0.7,,135,28,2.0,2019-10-09,91316.0,1.0454663075506687,4.011664665822212,6.929244798346779,-1.4510241337120533,-1.5700518965213517,-0.8998028315640672,0.9325,0.4352,0.9942,0.92,-0.55,-0.09,0.007,0.0108359999999999,0.6215,0.54,-0.584,0.0563,0.427,0.4656,-1.0826,0.1972,1.0216,0.1819
