date,permno,headline,ret,company_name,ret_fd1,ret_fd5,ret_fd10,ret_ld1,ret_ld2,ret_ld3
2019-10-18,87432.0,"UBS Downgrades Agilent Technologies to Neutral, Announces $82 Price Target",-0.46716295182704937,AGILENT TECHNOLOGIES INC,1.2203347869217396,1.0996374628384764,3.2184543760302997,-0.4649906884878874,-1.0957119742549204,-0.34583946736121973
2019-10-25,14145.0,Applied Optoelectronics Files for Up to $250M Mixed Shelf,0.7113790139555931,APPLIED OPTOELECTRONICS INC,2.522704377770424,-3.430879590155822,9.788094940745019,-2.9585815966129303,-4.466019601499571,-9.225092083019836
2019-10-22,14145.0,"JP Morgan Downgrades Applied Optoelectronics to Underweight, Announces $11 Price Target",-4.981549456715584,APPLIED OPTOELECTRONICS INC,-1.5533965080976486,-4.466019554628842,9.999996858615457,-0.09216800681315362,1.7840426956039268,1.1970260338500793e-07
2019-10-31,76868.0,"AAON Q3 EPS $0.26 Down From $0.27 YoY, Sales $113.5M Up From $112.937M YoY",-2.0136931911110882,AAON INC,0.9247858077287674,1.787913992992629,3.69913530468311,-0.060371868312358856,0.6893758116940596,3.8043472533812794
2019-10-31,76868.0,"AAON Earlier Reported Q3 EPS $0.26 Down From $0.27 YoY, Sales $113.5M Up From $112.937M YoY",-2.0136931911110882,AAON INC,0.9247858077287674,1.787913992992629,3.69913530468311,-0.060371868312358856,0.6893758116940596,3.8043472533812794
2019-10-08,89217.0,Raymond James Reinstates Market Perform on Advance Auto Parts,-2.489418350160122,ADVANCE AUTO PARTS INC,0.05183815956115723,3.4989916031757717,7.548755057486778,-1.0441403836011887,-0.9946179900868768,-2.878008186163783
2019-10-24,75278.0,"AllianceBernstein Holding Q3 Adj. EPS $0.63, Inline, Sales $877.867M Beat $731.85M Estimate",3.8707390427589425,ALLIANCEBERNSTEIN HOLDING L P,-1.5042752958834171,0.37607064551170577,3.285662134164302,1.1494241654872894,-0.6000709151245842,0.2848999415894893
2019-10-15,75278.0,"Citigroup Maintains Buy on AllianceBernstein Holding, Lowers Price Target to $33",-0.5324800033122301,ALLIANCEBERNSTEIN HOLDING L P,-0.856530200690031,-0.6423993739963496,5.817270254806783,-1.1232000775635242,-2.0855070863029512,-1.4000687284050461
2019-10-31,13721.0,Abbvie's RINVOQ Meets Primary And All Ranked Secondary Endpoints In Phase 3 Study In Psoriatic Arthritis,-0.13808762887492781,ABBVIE INC,2.7655523270368576,3.0923934138636033,10.157125971336068,1.5165061689913273,1.6979468556908461,4.089905704222163
2019-10-14,13721.0,Allergan Reports Shareholders Have Approved Deal By AbbVie,0.1765651046298444,ABBVIE INC,1.003250852227211,4.799350348777054,6.195769365369652,0.3357963403686881,1.9099512419702647,1.5911853782220042
2019-10-01,13721.0,AbbVie shares trading lower with the broader stock market following concerning ISM manufacturing data. Not seeing any company-specific news to justify the move lower.,-3.2884281128644943,ABBVIE INC,-1.50212487205863,0.4096618949668063,3.2126718809009303,1.1623283848166466,2.282861647604051,5.03537952198887
2019-10-30,81540.0,AmerisourceBergen shares are trading lower in sympathy with McKesson after the company reported a drop in Q2 operating margins.,-3.398226946592331,AMERISOURCEBERGEN CORP,-0.5474679637700319,-1.3278966880515997,0.2795549732092617,1.6935614868998528,2.3847922123622523,3.3612460091926755
2019-10-25,85254.0,Ambev SA shares are trading lower after the company reported worse-than-expected Q3 earnings results.,-6.342498958110809,AMBEV SA,-1.354400534182787,-2.2573342785767947,-6.997741814614134,2.3809554055333138,3.0501059775705386,3.2751113710677737
2019-10-24,85254.0,"Ambev shares are trading higher, potentially on continued strength in the overall Brazilian market on pension reform outlook.",2.380955405533314,AMBEV SA,-6.342498958110809,-8.879494410006517,-9.936570851869009,0.6535889115184546,0.8733616149533496,2.2123873127640747
2019-10-07,85254.0,Ambev SA shares are trading lower on seemingly no company-specific news. The stock has traded roughly 33% of the average 100 day volume.,-3.578948974609375,AMBEV SA,-0.8733616210520267,-0.43668083298218363,1.3624479322515981e-08,4.856507107615471,4.625551360510904,1.7130601831191417
2019-10-04,85254.0,Ambev shares are trading higher. Not seeing any news to justify the price action.,4.856507107615471,AMBEV SA,-3.578948974609375,-4.210522316589971,-4.842105693693599,-0.22025885991752148,-2.9978558424325397,-1.9480450683154626
2019-10-23,89327.0,"JP Morgan Maintains Neutral on Asbury Automotive Group, Lowers Price Target to $99",2.79387105256319,ASBURY AUTOMOTIVE GROUP INC,3.9762478321790695,4.147375450064383,8.486007948464259,-8.812987059354782,-6.465350681958181,-4.439827989237532
2019-10-22,89327.0,"Asbury Automotive Group Q3 EPS $2.33 Beats $2.32 Estimate, Sales $1.84B Inline",-8.812987059354782,ASBURY AUTOMOTIVE GROUP INC,2.7938710525631905,8.133278673445933,12.882860873605061,2.5745293125510216,4.795813492611933,5.715714000059613
2019-10-30,90177.0,ACADIA Pharma Reports Initiation Of Phase 3 Study Of Trofinetide in Rett Syndrome,1.869382336735725,ACADIA PHARMACEUTICALS,-1.4866420067846775,-4.785127996756078,7.804879510607754,0.2609651070088148,1.6353931266369637,2.7473795928736555
2019-10-24,90177.0,"Oppenheimer Initiates Coverage On ACADIA Pharmaceuticals with Perform Rating, Announces $44 Price Target",-1.6264058649539952,ACADIA PHARMACEUTICALS,1.094093732535839,3.1120807045612597,0.17019135901792382,-1.6466641798615456,-3.3071235002325894,4.6558216773803895
2019-10-07,90177.0,ACADIA Pharmaceuticals Highlights Presentation Of Additional Positive Data From The Phase 2 CLARITY Study With Pimavanserin In Adjunctive Major Depressive Disorder At 2019 Psych Congress,1.415096782147884,ACADIA PHARMACEUTICALS,0.9560695849359035,2.0155007130316926,11.731268673927818,-0.36553365644067526,2.0320809748427537,5.385254987962651
2019-10-03,90177.0,ACADIA Pharmaceuticals Announces Late-Breaking Oral Presentation Of The Phase 3 HARMONY Study Of Pimavanserin In Dementia-Related Psychosis At The Clinical Trials on Alzheimer's Disease (CTAD) 2019 Meeting Dec 4th,2.4064108729362492,ACADIA PHARMACEUTICALS,-0.36553365644067526,5.69190698164006,4.386423925708316,3.286391869187355,3.917754382192906,1.6857063524679194
2019-10-01,90177.0,ACADIA Pharmaceuticals shares are trading higher after RBC Capital initiated coverage on the company's stock with an Outperform rating and a $60 price target.,0.6112736649811268,ACADIA PHARMACEUTICALS,3.286391869187355,7.8983726078721395,10.908591304698302,-2.1478986367583275,-3.975447881803018,-8.212184436556559
2019-10-01,90177.0,"RBC Capital Initiates Coverage On ACADIA Pharmaceuticals with Outperform Rating, Announces $60 Price Target",0.6112736649811268,ACADIA PHARMACEUTICALS,3.286391869187355,7.8983726078721395,10.908591304698302,-2.1478986367583275,-3.975447881803018,-8.212184436556559
2019-10-29,90825.0,ACCO Brands shares are trading lower after the company reported worse-than-expected Q3 EPS and sales results.,0.0,A C C O BRANDS CORP,-11.243782192468643,-5.870648501045094,-6.865677120239577,0.199406361207366,0.199406361207366,-0.39643171774056407
2019-10-29,90825.0,ACCO Brands Reaffirms FY19 Adj. EPS Guidance Of $1.15-$1.20 vs $1.19 Est.,0.0,A C C O BRANDS CORP,-11.243782192468643,-5.870648501045094,-6.865677120239577,0.199406361207366,0.199406361207366,-0.39643171774056407
2019-10-29,90825.0,"ACCO Brands Q3 Adj. EPS $0.32 Misses $0.33 Estimate, Sales $505.7M Miss $512.91M Estimate",0.0,A C C O BRANDS CORP,-11.243782192468643,-5.870648501045094,-6.865677120239577,0.199406361207366,0.199406361207366,-0.39643171774056407
2019-10-29,90825.0,ACCO Brands Raises Quarterly Dividend From $0.060 To $0.065/Share,0.0,A C C O BRANDS CORP,-11.243782192468643,-5.870648501045094,-6.865677120239577,0.199406361207366,0.199406361207366,-0.39643171774056407
2019-10-30,82276.0,Arch Capital shares are trading higher after MKM Partners maintained a Buy rating on the stock and raised the price target from $45 to $50 following better-than-expected Q3 EPS and sales results.,2.388495206832886,ARCH CAPITAL GROUP LTD NEW,-0.5950964521616697,-1.6424628070055847,-3.403943115414254,0.8108058944344521,0.5637243560922656,-0.8697768157501784
2019-10-30,82276.0,"MKM Partners Maintains Buy on Arch Capital Group, Raises Price Target to $50",2.388495206832886,ARCH CAPITAL GROUP LTD NEW,-0.5950964521616697,-1.6424628070055847,-3.403943115414254,0.8108058944344521,0.5637243560922656,-0.8697768157501784
2019-10-29,82276.0,"Arch Capital Group Q3 EPS $0.63 Beats $0.62 Estimate, Sales $1.438B Beat $1.28B Estimate",0.8108058944344521,ARCH CAPITAL GROUP LTD NEW,2.3884952068328857,-1.1942429012205658,-1.2429887437821474,-0.24509429931640625,-1.6670660404644266,-1.6670660404644266
2019-10-07,82276.0,Arch Capital Group Sees Q3 Catastrophe Losses $65M-$75M,-0.5494494456797838,ARCH CAPITAL GROUP LTD NEW,-2.065819315612316,-0.0960867170838986,2.3060271272939525,1.7996151000261307,2.4724656208236384,1.0378960076978583
2019-10-31,88417.0,"Axcelis Technologies Q3 EPS $0.02 Beats $(0.01) Estimate, Sales $69.5M Miss $70.9M Estimate",-2.393071912229061,AXCELIS TECHNOLOGIES INC,8.868026733398438,13.249863970853815,15.597285909041902,-1.6032049432396889,-4.61389396491283,0.20407641503836782
2019-10-15,91975.0,"UPDATE: KeyBanc Maintains Overweight On Aecom, Raises Target To $48 'on greater conviction on our OW thesis, in terms of the FCF/share upside potential from capital allocation optionality as well as the case for DCS/CS (remain-co) multiple expansion'",1.518983487039804,A E C O M,1.1221964843571186,2.0947635603627335,1.9950201507140886,6.297094374895096,7.278654118684558,7.923502101753543
2019-10-15,91975.0,"Citigroup Maintains Buy on AECOM, Raises Price Target to $47",1.518983487039804,A E C O M,1.1221964843571186,2.0947635603627335,1.9950201507140886,6.297094374895096,7.278654118684558,7.923502101753543
2019-10-15,91975.0,"KeyBanc Maintains Overweight on AECOM, Raises Price Target to $48",1.518983487039804,A E C O M,1.1221964843571186,2.0947635603627335,1.9950201507140886,6.297094374895096,7.278654118684558,7.923502101753543
2019-10-14,91975.0,AECOM shares are trading higher after the company announced it would sell its management service business for $2.41 billion to American Security and Lindsay Goldberg.,6.297094374895096,A E C O M,1.5189834870398045,3.8734146531891556,2.6835477955322373,0.9234116412699223,1.5300584991743138,2.36914777630437
2019-10-14,91975.0,Aecom Sells Management Services Business For $2.4B,6.297094374895096,A E C O M,1.5189834870398045,3.8734146531891556,2.6835477955322373,0.9234116412699223,1.5300584991743138,2.36914777630437
2019-10-14,91975.0,AECOM Narrows FY2019 EPS Guidance from $2.60-2.90 to $2.75 vs $2.77 Est,6.297094374895096,A E C O M,1.5189834870398045,3.8734146531891556,2.6835477955322373,0.9234116412699223,1.5300584991743138,2.36914777630437
2019-10-14,91975.0,AECOM to Sell its Management Services Business for $2.41B to American Security and Lindsay Goldberg,6.297094374895096,A E C O M,1.5189834870398045,3.8734146531891556,2.6835477955322373,0.9234116412699223,1.5300584991743138,2.36914777630437
2019-10-14,91975.0,Aecom Nears $2.4B Deal to Sell Management Services Unit,6.297094374895096,A E C O M,1.5189834870398045,3.8734146531891556,2.6835477955322373,0.9234116412699223,1.5300584991743138,2.36914777630437
2019-10-31,89071.0,"Accenture Interactive Acquires U.K. Digital Ventures Consultancy Bow & Arrow, Terms Not Disclosed",-0.6217191927134991,ACCENTURE PLC IRELAND,1.5100868418812752,1.9792892994812572,5.840794968768237,0.9632027707993984,2.0287673587272126,1.9172963520259323
2019-10-17,89071.0,"Accenture Reports Purchase Of Happen, No Terms Disclosed",-0.2840831875801086,ACCENTURE PLC IRELAND,0.5590241868048906,-0.5590158395325062,-0.333258934280356,0.19786488264799118,1.008090163898756,1.2975109542504804
2019-10-15,89071.0,Accenture Federal Services Awarded $66M Contract From US Air Force,0.8086252957582474,ACCENTURE PLC IRELAND,0.19786488264799118,-1.8697899171281063,-0.7527199591743416,0.28653228655457497,0.9084470352740626,0.6292740198845514
2019-10-11,89071.0,"Accenture Reports Purchase Of Sutter Mills, No Terms Disclosed",0.6201378535479307,ACCENTURE PLC IRELAND,0.28653228655457497,1.574410643638613,-0.6028012918767534,-0.2766597084701061,0.8946240123482108,-1.5952013933283604
2019-10-11,89071.0,"Accenture Interactive To Acquire Sutter Mills, No Terms Disclosed",0.6201378535479307,ACCENTURE PLC IRELAND,0.28653228655457497,1.574410643638613,-0.6028012918767534,-0.2766597084701061,0.8946240123482108,-1.5952013933283604
2019-10-08,89071.0,Accenture Selected by TenneT to Integrate Business Processes on SAP S/4HANA Platform,-2.467748336493969,ACCENTURE PLC IRELAND,1.1745331808924675,2.6344693357654325,0.7154203766273293,-1.4923022128641605,0.5381840979649333,1.060314441364274
2019-10-03,89071.0,Accenture To Acquire Nytec,0.519335363060236,ACCENTURE PLC IRELAND,2.061246335506439,-1.0656024155928145,0.5531042227134408,-2.515551634132862,-3.8991419902450475,-3.412058992142264
2019-10-30,12480.0,ACNB Q3 EPS $0.89 Up From $0.86 YoY,2.128888666629791,A C N B CORP,-0.30986086931079626,-0.28168581107105295,-1.4084507128645174,0.31745105516165495,0.8998477395019577,0.7536183028331145
2019-10-31,91086.0,Acorda Therapeutics shares are trading lower im sympathy with the weakness in the overall market.,-9.836068749427795,ACORDA THERAPEUTICS INC,21.212123334407806,46.06061369369483,10.90909491430434,2.2346414625644684,-7.575756510557197,-7.106598354160642
2019-10-24,91086.0,Acorda Therapeutics shares are trading lower after JP Morgan downgraded the stock from Neutral to Underweight,-26.062843203544624,ACORDA THERAPEUTICS INC,-1.4999985694885254,-17.500001147527477,20.500004621212554,11.77685260772705,13.65545318678385,9.959344412914017
2019-10-24,91086.0,JP Morgan Downgrades Acorda Therapeutics to Underweight,-26.062843203544624,ACORDA THERAPEUTICS INC,-1.4999985694885254,-17.500001147527477,20.500004621212554,11.77685260772705,13.65545318678385,9.959344412914017
2019-10-23,91086.0,"Acorda Therapeutics Announces Corporate Restructuring; Co. To Reduce Headcount By 25%, Expects Annualized Cost Savings ~$21M",11.776852607727049,ACORDA THERAPEUTICS INC,-26.062843203544617,-32.347500089466884,-7.948239206453589,1.6806704923510551,-1.6260148254410467,-6.201544971373208
2019-10-23,91086.0,Acorda Therapuetics shares are trading higher. Not seeing any news to justify the price action.,11.776852607727049,ACORDA THERAPEUTICS INC,-26.062843203544617,-32.347500089466884,-7.948239206453589,1.6806704923510551,-1.6260148254410467,-6.201544971373208
2019-10-07,91086.0,Supreme Court Declines To Hear Acorda Therapeutics' Appeal In Patent Dispute Over Multiple Sclerosis Drug Ampyra,3.4246541559696198,ACORDA THERAPEUTICS INC,-4.801324009895325,-20.529797487623156,-21.1920487975802,2.998237684369087,5.989109039352236,7.749078826583022
2019-10-04,91086.0,"Acorda's Inbrija Now Available In US Without Need For Medical Exception For ~66% Of Commercial, ~25% Of Medicare Plan Patients",2.9982376843690868,ACORDA THERAPEUTICS INC,3.4246541559696198,-17.4657524649955,-15.75342563881258,2.903808280825615,4.61254604838246,-1.2195068730389114
2019-10-18,60038.0,"Acme United Q3 EPS $0.3 Beats $0.28 Estimate, Sales $36.995M Beat $36.76M Estimate",3.176170215010643,ACME UNITED CORP,4.872832074761391,1.2438751847728469,4.824741478008243,-0.7835877127945423,-2.2444116709046336,-2.6311042680136065
2019-10-28,75510.0,"Barclays Maintains Overweight on Adobe, Lowers Price Target to $325",0.13653963105753059,ADOBE INC,0.03685502160806209,2.2664432134439805,6.9725383368737015,0.47460091300308704,3.6966184676106906,3.787971495989151
2019-10-21,75510.0,"BMO Capital Maintains Outperform on Adobe, Lowers Price Target to $300",0.49714045599102974,ADOBE INC,-2.1548494696617126,1.6901549818940653,3.9949045982218934,-1.381667423993349,-2.6329383649435933,-4.964395559764922
2019-10-16,75510.0,Citi Steps To Sidelines On Adobe,-2.394502982497215,ADOBE INC,-1.2688015587627888,-4.17308569999324,2.0938726571141597,0.5796010605990887,0.39527328835107234,1.6037542561496476
2019-10-16,75510.0,Adobe shares are trading lower after Citigroup downgraded the company's stock from Buy to Neutral.,-2.394502982497215,ADOBE INC,-1.2688015587627888,-4.17308569999324,2.0938726571141597,0.5796010605990887,0.39527328835107234,1.6037542561496476
2019-10-16,75510.0,Citigroup Downgrades Adobe to Neutral,-2.394502982497215,ADOBE INC,-1.2688015587627888,-4.17308569999324,2.0938726571141597,0.5796010605990887,0.39527328835107234,1.6037542561496476
2019-10-15,75510.0,"Cleveland Research Initiates Coverage On Adobe with Neutral Rating, Announces $283 Price Target",0.5796010605990887,ADOBE INC,-2.3945029824972153,-6.549990151993946,-2.84190636150492,-0.1832655631005764,1.01825139963867,1.2797644303834899
2019-10-03,75510.0,Box And Adobe Announce Cloud Collaboration,2.152550034224987,ADOBE INC,1.674007996916771,0.9471429325989655,-1.1600599835893677,-2.2184694185853004,-3.4714918800426986,-3.9201572849601574
2019-10-02,75510.0,New Microsoft OS For Dual Displays Includes Microsoft Office,-2.2184694185853,ADOBE INC,2.152550034224987,2.8538158073080133,2.2650598525405963,-1.2814510613679886,-1.7402957964111732,-3.9110694628348264
2019-10-02,75510.0,Microsoft Event Shows Demonstration Of Adobe Fresco; Adobe Shares Appear Unaffected,-2.2184694185853,ADOBE INC,2.152550034224987,2.8538158073080133,2.2650598525405963,-1.2814510613679886,-1.7402957964111732,-3.9110694628348264
2019-10-30,80412.0,"SunTrust Robinson Humphrey Maintains Buy on Agree Realty, Raises Price Target to $83",0.5864343140274286,AGREE REALTY CORP,-0.1647717086598277,-4.119138065768901,-6.00760177693429,0.8615221828222275,1.0694521306769733,0.913416992638294
2019-10-21,80412.0,Agree Realty Q3 Adj. FFO $0.77 Up From $0.72 YoY,1.4088212512433531,AGREE REALTY CORP,0.2726651728153229,0.9737730660708044,0.3505637624525271,1.0242041200399399,1.9736755361931868,2.386083392912286
2019-10-01,80412.0,"Berenberg Initiates Coverage On Agree Realty with Buy Rating, Announces $82 Price Target",0.4237833898514509,AGREE REALTY CORP,0.25864748749881983,0.9256743272398893,0.9801269758047848,0.591309554874897,-0.624913794498394,0.7881325790685345
2019-10-30,60871.0,"Raymond James Upgrades Analog Devices to Outperform, Announces $120 Price Target",0.1758305123075843,ANALOG DEVICES INC,-1.496538333594799,3.4919156621384673,5.4688203986685835,-0.70752939209342,1.1513579920667372,2.601593128764179
2019-10-29,60871.0,"Analog Devices Reports Purchase Of Test Motors, No Terms Disclosed",-0.70752939209342,ANALOG DEVICES INC,0.17583051230758429,4.98796916196016,4.8121456442389965,1.8721332773566246,3.3327023696740454,3.0880005112506215
2019-10-23,60871.0,"Analog Devices shares are trading lower after Texas Instruments reported weak Q3 results and issued soft Q4 guidance, which is moving the semiconductor sector lower today.",-4.78895902633667,ANALOG DEVICES INC,-0.2368096960708499,2.538600298434579,6.119161741993184,-0.20700509194284678,1.2787668025763033,0.799997557493537
2019-10-22,60871.0,"Daiwa Capital Initiates Coverage On Analog Devices with Outperform Rating, Announces $121 Price Target",-0.20700509194284683,ANALOG DEVICES INC,-4.78895902633667,-2.5432898887033817,2.317820757909006,1.4888538978993893,1.0090915202656925,0.47020920523286325
2019-10-01,60871.0,"KeyBanc Upgrades Analog Devices to Overweight, Announces $130 Price Target",-1.7452828586101528,ANALOG DEVICES INC,-0.7378370966762304,-3.324832952769685,3.1973058376707053,0.6213998887687922,-1.2462400999352252,-0.8430927742196337
2019-10-31,10516.0,Archer-Daniels Midland shares are trading higher after the company reported better-than-expected Q3 EPS and sales results.,3.7256408482789993,ARCHER DANIELS MIDLAND CO,0.9276864118874073,3.56803034599813,1.760223179185827,-2.360875904560089,-1.8644079362405863,-1.1704451869120613
2019-10-31,10516.0,Archer Daniels Midland Says Continue To See Strength In Soybean Meal Demand Outside China,3.7256408482789993,ARCHER DANIELS MIDLAND CO,0.9276864118874073,3.56803034599813,1.760223179185827,-2.360875904560089,-1.8644079362405863,-1.1704451869120613
2019-10-31,10516.0,"Archer-Daniels Midland Earlier Reported Q3 Adj. EPS $0.77 Beats $0.72 Estimate, Sales $16.726B Beat $16.09B Estimate",3.7256408482789993,ARCHER DANIELS MIDLAND CO,0.9276864118874073,3.56803034599813,1.760223179185827,-2.360875904560089,-1.8644079362405863,-1.1704451869120613
2019-10-16,10516.0,Archer-Daniels Midland Announced Partnership With Concern Worldwide To Fight Hunger In Ethiopia And Kenya,-1.562115177512169,ARCHER DANIELS MIDLAND CO,0.3778279758989811,2.5944552695034373,2.090674988337682,0.32338574528694153,-0.32129822146027553,1.4080999014807194
2019-10-08,10516.0,"Stephens & Co. Initiates Coverage On Archer-Daniels Midland with Overweight Rating, Announces $50 Price Target",-3.4690730273723602,ARCHER DANIELS MIDLAND CO,1.3802050612866879,5.026042205792214,5.62499925312312,-1.4126387424767017,0.6324309998021027,0.15105117518863231
2019-10-03,10516.0,ADM Milling Announces Flour Recall After FDA Confirmed E. Coli Strain,-0.478354562073946,ARCHER DANIELS MIDLAND CO,2.0743731409311295,0.6071381579835,0.8095109629340902,-1.5125231817364693,-3.287067220044504,-2.979964503838961
2019-10-21,15056.0,ADMA Biologics Announces the First Commercial Sales of ASCENIV,6.47321343421936,ADMA BIOLOGICS INC,0.2096483949571848,-0.20963853628042095,7.966459004863924,1.3574647717177868,3.225803246503478,7.434051392703811
2019-10-07,15056.0,ADMA Biologics Announces Data Presented at IDWeek 2019,-1.207722630351782,ADMA BIOLOGICS INC,-3.1784869730472565,-4.4009795944319645,16.625911681663432,-0.6002423819154501,-6.334846403493533,-6.966291300768567
2019-10-29,82163.0,"Seeing Bearish Blog Post On Adamis Pharmaceuticals, Citing 'history of the company coming up short and disappointing shareholders'",-5.241939797997475,ADAMIS PHARMACEUTICALS CORP,0.14184215106070042,7.801419100610252,30.312054754365224,0.5405416246503592,0.5405416246503592,3.333331659294969
2019-10-16,82163.0,Adamis Pharmaceuticals 8K Filing Showing Notice Of Delisting,11.32811829447746,ADAMIS PHARMACEUTICALS CORP,-1.4210479333996773,26.315795094938778,23.85964473737092,-2.7355631813406944,-5.167619995273465,-5.185184460256142
2019-10-01,82163.0,Adamis Pharmaceuticals Announces Commercial Partnership With Emerge Health For SYMJEPI® In Australia And New Zealand,-4.002843052148819,ADAMIS PHARMACEUTICALS CORP,-2.661541849374771,-3.1494924909500677,-24.293947414093353,-5.941253900527954,-6.873758752868319,-5.207209846867977
2019-10-30,44644.0,Automatic Data Processing shares are trading lower after the company reported worse-than-expected Q1 sales results.,0.8106565102934837,AUTOMATIC DATA PROCESSING INC,-1.1696607805788517,-2.735297177325391,2.942431959191283,0.21541488822549582,0.5371666392524066,0.17842288255536243
2019-10-30,44644.0,Automatic Data Processing Sees FY20 Adj. EPS Growth 12%-14%,0.8106565102934837,AUTOMATIC DATA PROCESSING INC,-1.1696607805788517,-2.735297177325391,2.942431959191283,0.21541488822549582,0.5371666392524066,0.17842288255536243
2019-10-30,44644.0,"Automatic Data Processing Q1 Adj. EPS $1.34 Beats $1.33 Estimate, Sales $3.5B Miss $3.52B Estimate",0.8106565102934837,AUTOMATIC DATA PROCESSING INC,-1.1696607805788517,-2.735297177325391,2.942431959191283,0.21541488822549582,0.5371666392524066,0.17842288255536243
2019-10-18,17223.0,ADT shares are trading higher after the company announced it will acquire I-View Now to help reduce false alarms and optimize priority response from emergency services.,5.278172343969345,A D T INC,-2.1680260077118874,4.3360391876533955,7.317072477188913,-1.2676010839641094,4.005941777826605,6.3732940867098575
2019-10-17,17223.0,"ADT Reports Purchase Of I-View Now, No Terms Disclosed",-1.267601083964109,A D T INC,5.278172343969345,8.273893206612048,10.41368782018488,5.341248586773872,7.738994752038719,7.902735578310804
2019-10-14,17223.0,ADT and Lyft Partner to Increase Ride Security,0.15197916654869909,A D T INC,2.276170253753662,9.559933948959864,17.905915374853066,2.6521073654294014,5.111816092676658,6.300482519789985
2019-10-01,17223.0,ADT shares are trading higher after the company announced it signed a definitive agreement to sell its Canadian operations for roughly $700 million in cash. The company also announced a special dividend of $0.70 per share.,2.232852764427662,A D T INC,-0.31201220117509365,-3.432134187331559,5.148204915749166,1.7857164144515991,2.955662054529573,-4.420731265338551
2019-10-01,17223.0,ADT Announces Planned Special Dividend Of $0.70/Share,2.232852764427662,A D T INC,-0.31201220117509365,-3.432134187331559,5.148204915749166,1.7857164144515991,2.955662054529573,-4.420731265338551
2019-10-10,80791.0,"UPDATE: MKM On Adtran Also Notes 'More importantly, 2020 should mark the real start of the 5G wireless access cycle, and Adtran's copper, and even fiber, Access products may get lower capex priority for a couple of years'",-19.248391687870033,ADTRAN HOLDINGS INC,2.610664442181587,11.350737499547137,3.1782036919445256,-1.266971416771412,-3.4513304480859985,-5.047867268328455
2019-10-10,80791.0,"UPDATE: MKM Downgrades Adtran To Neutral As Firm Notes 'Now, with another big downtick at another 10% customer, we think many investors may stay on the sidelines for longer'",-19.248391687870033,ADTRAN HOLDINGS INC,2.610664442181587,11.350737499547137,3.1782036919445256,-1.266971416771412,-3.4513304480859985,-5.047867268328455
2019-10-10,80791.0,"ADTRAN Sees Q3 EPS 0.06 Inline, Sales $114M",-19.248391687870033,ADTRAN HOLDINGS INC,2.610664442181587,11.350737499547137,3.1782036919445256,-1.266971416771412,-3.4513304480859985,-5.047867268328455
2019-10-10,80791.0,Adtran shares are trading lower after MKM Partners downgraded the stock from But to Neutral.,-19.248391687870033,ADTRAN HOLDINGS INC,2.610664442181587,11.350737499547137,3.1782036919445256,-1.266971416771412,-3.4513304480859985,-5.047867268328455
2019-10-10,80791.0,MKM Partners Downgrades Adtran to Neutral,-19.248391687870033,ADTRAN HOLDINGS INC,2.610664442181587,11.350737499547137,3.1782036919445256,-1.266971416771412,-3.4513304480859985,-5.047867268328455
2019-10-29,24985.0,UBS Upgrades Ameren to Buy,0.8438911288976669,AMEREN CORP,1.4382824301719666,-1.9874532584075233,-2.981179842729964,-0.979240145534277,-2.1293090683242477,-1.5831835833108432
2019-10-16,24985.0,"SunTrust Robinson Humphrey Maintains Hold on Ameren, Lowers Price Target to $81",-0.1055433065630496,AMEREN CORP,0.10565482079982758,1.769672884154927,2.456419070840332,-0.6422832142561674,-1.6223230859981674,-1.3662920297764614
2019-10-11,24985.0,Ameren Corporation Increases Qtr. Dividend From $0.475 to $0.495/Share,0.2602532040327787,AMEREN CORP,-0.9863751940429211,-0.5580795179096709,-0.5970236316503619,-0.6335633341223001,-0.7362434805357809,-2.6475853408306382
2019-10-24,85172.0,Aegon Reports Exercise Of Right To Redeem $1B Perpetual Capital Securities With Coupon Of 6.375% Issued In 2005,-0.8948537521064281,AEGON N V,-0.45146686024963856,-2.483062375739953,4.514679204733496,1.5909021720290184,2.7586181337510007,2.995383257417883
2019-10-03,85272.0,Aehr Sees FY20 Sales $27M-$31M vs $29M Estimate,0.0,AEHR TEST SYSTEMS,-1.7857126891613007,-9.14685993613773e-08,9.523815000674807,-3.873664140701294,-6.14525234741119,5.660371336054837
2019-10-03,85272.0,"Aehr Test Systems Q1 Adj. EPS $(0.01) Beats $(0.02) Estimate, Sales $5.533M Miss $5.58M Estimate",0.0,AEHR TEST SYSTEMS,-1.7857126891613007,-9.14685993613773e-08,9.523815000674807,-3.873664140701294,-6.14525234741119,5.660371336054837
2019-10-24,82547.0,Advanced Energy Industries shares are trading lower on seemingly no company-specific news.,10.27824431657791,ADVANCED ENERGY INDUSTRIES INC,2.814972959458828,1.4418128094643379,9.663579024446722,-3.1175443902611732,-1.1044483297193097,-0.6581391846814832
2019-10-11,82547.0,"Cowen & Co. Downgrades Advanced Energy Indus to Market Perform, Lowers Price Target to $57",-0.20392434671521192,ADVANCED ENERGY INDUSTRIES INC,0.3343794960528612,-1.2075080241433889,11.276239355120964,-0.24043105076998472,1.2577401581721714,-2.8633174416528906
2019-10-24,78223.0,Agnico Eagle Mines shares are trading higher after the company reported better-than-expected Q3 EPS results.,6.395569443702698,AGNICO EAGLE MINES LTD,2.10215263068676,6.792911159162651,1.4593468471035598,2.036963403224945,2.0177252667532564,-0.1476592686692091
2019-10-23,78223.0,"Agnico Eagle Mines Q3 EPS $0.32 Beats $0.29 Estimate, Sales $682.959M Miss $706.48M Estimate",2.036963403224945,AGNICO EAGLE MINES LTD,6.395569443702698,10.591503801714186,10.036969401876883,-0.01885408564703539,-2.1410110601400967,-1.06363057207981
2019-10-23,78223.0,Agnico Eagle Mines shares are trading higher in anticipation of the release of the company's Q3 earnings after the close today.,2.036963403224945,AGNICO EAGLE MINES LTD,6.395569443702698,10.591503801714186,10.036969401876883,-0.01885408564703539,-2.1410110601400967,-1.06363057207981
2019-10-01,78223.0,Mike Khouw Sees Unusual Activity In Agnico Eagle Mines,-0.9513190016150475,AGNICO EAGLE MINES LTD,0.7721277885138988,3.5216624296959376,-2.372878201618356,-3.3879995346069336,-7.457275253362727,-8.249186293070354
2019-10-14,91602.0,AerCap Provides a Q3 Update,-0.09216449107043445,AERCAP HOLDINGS N V,0.9594104252755642,4.409592986149935,8.24722769780919,1.5917573124170303,2.474502027622938,4.4474419605276205
2019-10-02,76712.0,The AES Corporation shares are trading lower in sympathy with the broader market on continued fears of a recession amid a weak ADP jobs report. There is also uncertainty in the market over the upcoming U.S.-China meeting next week.,-3.325122967362404,A E S CORP,0.6369451060891151,-1.019107466443614,2.7388493428844196,-0.6119974423199892,-0.42918270714065176,0.1233073928574635
2019-10-01,76712.0,AES Accelerates Prepayment Of $443 Million In Recourse Debt,-0.6119974423199892,A E S CORP,-3.325122967362404,-4.495071275129014,-1.3546756618158629,0.1839404460042715,0.7398325917161941,1.364759955328232
2019-10-04,88240.0,Aeterna Zentaris Announces Appointment of New President and Chief Executive Officer,-0.40000081062316883,AETERNA ZENTARIS INC,-1.124499086290598,-9.39758814576902,7.429724509593183,0.0,-1.9607825204730034,-2.9126186791843423
2019-10-29,60687.0,"American Financial Group Q3 Core EPS $2.25 Beats $2.02 Estimate, Sales $1.442B Beat $1.31B Estimate",0.8684615604579449,AMERICAN FINANCIAL GROUP INC NEW,0.07738628191873431,3.202087202123294,6.723417729635095,0.2641662023961544,0.11723597850690215,-1.0333168879836707
2019-10-29,57904.0,"Sharecare Reports Received Strategic Investment From Aflac's Corporate Ventures Unit, No Terms Disclosed",0.1308232313022017,AFLAC INC,-0.4106032196432352,-1.1944814483874189,0.7278824849994425,0.46939542517066,1.8074522967711504,1.9820794338253123
2019-10-24,57904.0,"Aflac Q3 Adj. EPS $1.16, Adj. EPS Ex Forex Impact $1.14 Beats $1.07 Estimate, Sales $5.54B Miss $5.59B Estimate",0.17152687069028622,AFLAC INC,1.3318054378032684,1.1415495889815164,3.025114480699198,0.09538926533423364,-0.8128550134600787,-0.45531755090770787
2019-10-10,57904.0,"UBS Maintains Neutral on Aflac, Raises Price Target to $53",1.106795482337475,AFLAC INC,0.7105798460543156,1.113888656644857,0.9410440905802009,0.9012521244585514,-0.8662189899599326,-1.151628611268507
2019-10-16,12447.0,First Majestic Silver shares are trading higher after the company reported its Q3 production results.,8.269861340522766,FIRST MAJESTIC SILVER CORP,4.221106320619583,0.9045241763451672,4.221106549752185,-2.6483051478862762,-0.32538707850223725,-5.74359418142758
2019-10-15,12447.0,"First Majestic Silver Reports Q3 Production: 6.6M Silver Equivalent Oz., 35.791K Oz. Of Gold, 1.9M Lbs. Of Lead, 1M Lbs. Of Zinc",-2.648305147886276,FIRST MAJESTIC SILVER CORP,8.269861340522766,7.616983595882187,12.187169774165586,2.3861095309257507,-3.179491675253665,-2.378495439455286
2019-10-30,77520.0,"Morgan Stanley Maintains Underweight on AGCO, Raises Price Target to $74",0.10511343134567139,A G C O CORP,0.6562540773302317,2.651262119206943,3.8325215814045466,-1.155843399465084,-0.95002054358726,0.7279024824652369
2019-10-29,77520.0,"AGCO Sees FY19 Adj. EPS ~$5.10 vs $5.08 Est., Sees Net Sales Declining Modestly",-1.155843399465084,A G C O CORP,0.10511343134567142,4.270135303677347,3.7183049805107338,0.2082296647131443,1.9057736407658732,0.4959505529213981
2019-10-29,77520.0,"AGCO Q3 Adj. EPS $0.82 Beats $0.78 Estimate, Sales $2.109B Miss $2.21B Estimate",-1.155843399465084,A G C O CORP,0.10511343134567142,4.270135303677347,3.7183049805107338,0.2082296647131443,1.9057736407658732,0.4959505529213981
2019-10-15,77520.0,"Citigroup Maintains Neutral on AGCO, Lowers Price Target to $79",0.5743276327848433,A G C O CORP,-1.1284864507615566,4.065258661266435,3.4806220297780355,-0.9749509394168854,1.386385667474288,3.2472050045494694
2019-10-08,77520.0,"UBS Maintains Neutral on AGCO, Lowers Price Target to $79",-2.611107379198074,A G C O CORP,1.0125485248863697,4.891614466407845,9.155729908445664,-2.2933945059776306,-0.4975133123321207,0.15301234957632026
2019-10-31,14044.0,"Agios Pharmaceuticals Earlier Reported Q3 EPS $(1.81) Misses $(1.8) Estimate, Sales $26.024M Miss $32.99M Estimate",-4.8703379929065695,AGIOS PHARMACEUTICALS INC,11.8351049721241,12.267289396678871,13.730050951031192,-0.9088029153645039,-3.656303655226567,-3.656303655226567
2019-10-30,92680.0,AGNC Investment Q3 EPS $0.42 Misses $0.49 Estimate,-0.060060538817197084,A G N C INVESTMENT CORP,3.458736091852188,3.822822072975951,5.582524878679163,-0.03002742596436292,0.6650465315956033,0.3012002044292972
2019-10-03,92680.0,"RBC Capital Initiates Coverage On AGNC Investment with Sector Perform Rating, Announces $16 Price Target",0.44262190349400043,A G N C INVESTMENT CORP,0.9757676161825657,1.1016634489372068,2.8643369248204875,0.03162024368066341,-1.7091395868437553,-1.2796558323015517
2019-10-31,14645.0,Agile Therapeutics Rallies After FDA Panel Backs Contraceptive Patch,223.7992763519287,AGILE THERAPEUTICS INC,12.499997764825821,69.16665441394707,98.33333111161639,,,
2019-10-31,14645.0,"Agile Therapeutics Shares Resume Trade, Up 264%",223.7992763519287,AGILE THERAPEUTICS INC,12.499997764825821,69.16665441394707,98.33333111161639,,,
2019-10-31,14645.0,Agile Therapeutics Shares To Resume Trade At 7:10 a.m. EDT,223.7992763519287,AGILE THERAPEUTICS INC,12.499997764825821,69.16665441394707,98.33333111161639,,,
2019-10-31,14645.0,"Agile Therapeutics Announces Favorable Outcome of FDA Advisory Committee Meeting for its Investigational Transdermal Contraceptive Patch, Twirla® (AG200-15)",223.7992763519287,AGILE THERAPEUTICS INC,12.499997764825821,69.16665441394707,98.33333111161639,,,
2019-10-29,14645.0,Agile Therapeutics shares are trading lower ahead of the company's Wednesday meeting with the FDA to discuss its twirla marketing application. Briefing documents have caused investor concerns over the probability of the application being successful.,-17.918053269386288,AGILE THERAPEUTICS INC,,,,-59.32432413101196,-60.39473567691871,-62.058824674653046
2019-10-28,14645.0,Agile Therapeutics Q3 EPS $(0.08) Up From $(0.11) YoY,-59.32432413101196,AGILE THERAPEUTICS INC,-17.91805326938629,,,-2.631576545536518,-6.722692334476776,-6.722692334476776
2019-10-24,63125.0,Agilysys Raises FY20 Sales Growth Guidance To ~14% Year Over Year,3.525117039680481,AGILYSYS INC,0.1956992084160447,-1.4089970389937756,-8.101760474318699,-4.783949628472328,-6.691872824630218,-5.549172781095713
2019-10-24,63125.0,"Agilysys Q2 EPS $(0.13) Misses $(0.04) Estimate, Sales $40.722M Beat $38.04M Estimate",3.525117039680481,AGILYSYS INC,0.1956992084160447,-1.4089970389937756,-8.101760474318699,-4.783949628472328,-6.691872824630218,-5.549172781095713
2019-10-31,13887.0,Amanda Hoffler Properties Narrows FY19 FFO Guidance From $1.15-$1.19 To $1.16-$1.18,0.26751866098493343,ARMADA HOFFLER PROPERTIES INC,0.16008904203772545,-6.296693309465795,-5.122727293950835,1.7973851412534714,2.242887499423496,2.579589698711948
2019-10-31,13887.0,"Armada Hoffler Properties Q3 EPS $0.3 Up From $0.24 YoY, Sales $42.22M Beat $38.91M Estimate",0.26751866098493343,ARMADA HOFFLER PROPERTIES INC,0.16008904203772545,-6.296693309465795,-5.122727293950835,1.7973851412534714,2.242887499423496,2.579589698711948
2019-10-29,89803.0,"Ashford Hospitality Trust Q3 FFO $0.28 Down From $0.3 YoY, EPS $(0.42)",0.0,ASHFORD HOSPITALITY TRUST INC,6.923079490661621,16.153849121821985,5.000004138738823,-6.251630932092667,-10.70070929559247,-11.30205072395174
2019-10-03,89803.0,Ashford Trust Reports New Franchise Deal For The Hilton Alexandria Old Town,-1.5723254531621929,ASHFORD HOSPITALITY TRUST INC,0.6389770191162825,-11.50160108059054,-6.7092658976109725,0.3154570935294032,-3.9274888254811846,-8.092484854581217
2019-10-29,66800.0,"SEc Investigating AIG Subsidiary Valic, Probing Valic's Sales And Disclosure Practices For Teachers' Retirement Products",-0.8563287556171417,AMERICAN INTERNATIONAL GROUP INC,0.9788908995687962,5.20154128751793,6.353169891390498,-0.4734848625957966,-0.6616300260394614,-1.1288848252258177
2019-10-23,66800.0,"AIG Reports Proposals To Launch New Syndicate At Lloyd's Serving US High Net Worth Market Which Will Start Writing Business Effective Jan. 1, 2020",-0.1690461067482829,AMERICAN INTERNATIONAL GROUP INC,-0.4703668877482414,-1.0159941619334978,4.459075987506433,-2.401462011039257,-1.3526023715446422,-1.516832498675058
2019-10-17,66800.0,Evercore ISI Group Initiates Coverage On American International Gr with In-Line Rating,-0.5152719561010599,AMERICAN INTERNATIONAL GROUP INC,-0.1664819661527872,-2.1457635930542174,-2.034780314948592,-0.6217998452484608,0.23981011134295294,-0.14700115394302715
2019-10-02,66800.0,"Barclays Maintains Overweight on American International Gr, Raises Price Target to $67",-1.655320450663567,AMERICAN INTERNATIONAL GROUP INC,-0.4862579517066479,-0.80418994208179,1.6270783962815782,-2.38779503852129,-3.187323583963131,-2.7022228327444053
2019-10-29,11731.0,Albany Raises FY19 Adj. EPS Guidance From $3.05-$3.35 To $3.75-$3.95,0.3064476419240236,ALBANY INTERNATIONAL CORP NEW,0.7210024632513523,5.193694243223623,5.34033369110789,2.577647566795349,1.746073311659968,3.1874581543155367
2019-10-29,11731.0,"Albany International Q3 Adj. EPS $1.17 Beats $0.79 Estimate, Sales $271.133M Beat $268.63M Estimate",0.3064476419240236,ALBANY INTERNATIONAL CORP NEW,0.7210024632513523,5.193694243223623,5.34033369110789,2.577647566795349,1.746073311659968,3.1874581543155367
2019-10-22,11731.0,"Baird Downgrades Albany International to Neutral, Lowers Price Target to $80",-7.118881493806839,ALBANY INTERNATIONAL CORP NEW,-1.4705886133015156,1.9815604470070358,7.27817088109286,-1.4262894168496132,-4.330014968897677,-2.5493537817204537
2019-10-30,15028.0,"Ashford Q3 EPS $1.58 Beats $1.33 Estimate, Sales $56.889M Beat $47.69M Estimate",-3.074868582189083,ASHFORD INC,9.931033849716187,-0.5057498191916143,0.09195639207286721,9.731049835681915,6.099295295205565,2.7943225841462693
2019-10-24,15028.0,Ashford Reports Shareholders Approved Deal With Remington,-1.710937358438969,ASHFORD INC,-3.1149808317422867,9.528172068617625,-2.9317422918575087,-0.49283429980278015,-1.4522637023430485,-1.1130900066920635
2019-10-09,54594.0,"AAR Reports Expansion Of Its Component Repair Services Deal With BAE Systems, No Terms Disclosed",1.633662916719913,A A R CORP,-0.4870939068496227,-0.19484130237895636,-0.3653226278547361,-1.7748590558767319,-2.179171268229907,1.057098546667401
2019-10-30,29612.0,Applied Industrial Technologies Reaffirms FY20 Adj. EPS Guidance Of $4.20-$4.50 vs $4.73 Est.,6.055332347750664,APPLIED INDUSTRIAL TECHS INC,-1.8211659044027328,2.608695854376708,3.5767025716253453,0.7715280633419752,1.537107368541779,1.9152364687280654
2019-10-30,29612.0,"Applied Industrial Tech Q1 Adj. EPS $1.02 Beats $1 Estimate, Sales $856.4M Beat $838.79M Estimate",6.055332347750664,APPLIED INDUSTRIAL TECHS INC,-1.8211659044027328,2.608695854376708,3.5767025716253453,0.7715280633419752,1.537107368541779,1.9152364687280654
2019-10-31,80711.0,Apartment Inv & Mgmt Raises FY19 AFFO Guidance From  $2.15-$2.23 To $2.18-$2.22,0.5128252785652876,APARTMENT INVESTMENT & MGMT CO,0.6377523299306631,-3.498545782836693,-1.2208479530164573,1.148571539670229,1.0549688808483282,0.5710029971894404
2019-10-31,80711.0,Apartment Inv & Mgmt Q3 FFO $0.64 Up From $0.63 YoY,0.5128252785652876,APARTMENT INVESTMENT & MGMT CO,0.6377523299306631,-3.498545782836693,-1.2208479530164573,1.148571539670229,1.0549688808483282,0.5710029971894404
2019-10-10,90038.0,"UBS Maintains Buy on Assurant, Raises Price Target to $154",0.5929470062255859,ASSURANT INC,0.19117242190986872,0.318624763669062,0.6531780093576245,1.2001324445009232,-0.44671157060460764,-1.569522762839648
2019-10-03,90038.0,"SunTrust Robinson Humphrey Maintains Buy on Assurant, Raises Price Target to $145",1.368514448404312,ASSURANT INC,2.497982233762741,1.4874728768412337,1.810837097448803,-1.4376858249306679,-3.0122404902905964,-2.741693209029994
2019-10-25,38093.0,"Morgan Stanley Maintains Equal-Weight on Arthur J. Gallagher, Raises Price Target to $96",-1.929615251719952,GALLAGHER ARTHUR J & CO,0.27948576025664806,2.314141754855914,1.9005083647242849,1.1758153326809406,1.7060646455901995,0.9742026439378604
2019-10-24,38093.0,CORRECTION: Arthur J. Gallagher Q3 Adj. EPS $0.80,1.175815332680941,GALLAGHER ARTHUR J & CO,-1.9296152517199516,0.010966172331561275,-0.17541482041490974,0.5240870174020529,-0.19926964569561,0.6700150443323949
2019-10-24,38093.0,"Arthur J. Gallagher Q3 EPS $0.80 Beats $0.79 Estimate, Sales $1.196B May Not Compare To $1.42B Estimate",1.175815332680941,GALLAGHER ARTHUR J & CO,-1.9296152517199516,0.010966172331561275,-0.17541482041490974,0.5240870174020529,-0.19926964569561,0.6700150443323949
2019-10-14,38093.0,"Arthur J. Gallagher Acquires Swedish Broker Proinova, Terms Not Disclosed",0.23868957068771118,GALLAGHER ARTHUR J & CO,0.37418550346046686,2.42657820205352,1.7122060898637326,0.5830594804137945,0.7558447760623421,1.4061793251018084
2019-10-10,38093.0,"Arthur J. Gallagher Reports Purchase Of The Doyle Group, No Terms Disclosed",0.17178369453176862,GALLAGHER ARTHUR J & CO,0.5830594804137945,2.012120856260924,4.275749190075273,0.6454559043049812,-1.400178305534694,-1.9096798559615769
2019-10-03,38093.0,"Arthur J. Gallagher Reports Purchase Of Horseshoe Insurance Services Holdings, No Terms Disclosed",0.9035083465278149,GALLAGHER ARTHUR J & CO,2.192625403404236,0.4132712411594186,2.4337076142566305,-1.8307942897081375,-3.617280081411267,-2.792473435372289
2019-10-02,38093.0,"Arthur J. Gallagher & Co. Acquires Anthony Hodges Consulting Limited, Terms Not Disclosed",-1.830794289708138,GALLAGHER ARTHUR J & CO,0.9035083465278149,1.1467598868121431,2.8726927386979018,-1.8198026344180107,-0.979613860279327,-2.07127003344979
2019-10-29,87299.0,"Craig-Hallum Maintains Buy on Akamai Technologies, Raises Price Target to $110",-1.776937767863274,AKAMAI TECHNOLOGIES INC,-0.5688929464668036,-0.11377687535357728,-3.606779133441329,0.37016470450907946,-0.1116303369707694,-0.8202148487384764
2019-10-29,87299.0,"DA Davidson Maintains Buy on Akamai Technologies, Raises Price Target to $105",-1.776937767863274,AKAMAI TECHNOLOGIES INC,-0.5688929464668036,-0.11377687535357728,-3.606779133441329,0.37016470450907946,-0.1116303369707694,-0.8202148487384764
2019-10-29,87299.0,"Credit Suisse Maintains Neutral on Akamai Technologies, Raises Price Target to $85",-1.776937767863274,AKAMAI TECHNOLOGIES INC,-0.5688929464668036,-0.11377687535357728,-3.606779133441329,0.37016470450907946,-0.1116303369707694,-0.8202148487384764
2019-10-29,87299.0,"Morgan Stanley Maintains Overweight on Akamai Technologies, Raises Price Target to $103",-1.776937767863274,AKAMAI TECHNOLOGIES INC,-0.5688929464668036,-0.11377687535357728,-3.606779133441329,0.37016470450907946,-0.1116303369707694,-0.8202148487384764
2019-10-28,87299.0,"Akamai Technologies Q3 Adj. EPS $1.1 Beats $1 Estimate, Sales $709.912M Beat $701.27M Estimate",0.3701647045090795,AKAMAI TECHNOLOGIES INC,-1.7769377678632736,-2.201610621200867,-4.7943683122891105,-0.48001818358898163,-1.1859894389453784,0.06735345559292227
2019-10-28,87299.0,Akamai Technologies Q3 Earnings Preview,0.3701647045090795,AKAMAI TECHNOLOGIES INC,-1.7769377678632736,-2.201610621200867,-4.7943683122891105,-0.48001818358898163,-1.1859894389453784,0.06735345559292227
2019-10-25,87299.0,"B. Riley Maintains Buy on Akamai Technologies, Raises Price Target to $111",-0.48001818358898163,AKAMAI TECHNOLOGIES INC,0.37016470450907946,-1.8508149477889813,-5.182280036721143,-0.7093763910233974,0.5500117958136874,-2.51387260554351
2019-10-21,87299.0,"Akamai Issues Press Release Highlighting Traffic On Its Global Content Delivery Network Reached A New Peak Last Week, 106 Terabits Per Second",0.415252149105072,AKAMAI TECHNOLOGIES INC,-3.047124855220318,-2.6226966980536948,-4.766565750188345,0.18612415296956897,0.637855279972821,0.19708778180103081
2019-10-09,87299.0,Tech Data Forms Partnership With Akamai Technologies To Provide 'Defense-in-Depth Capabilities',1.6218671575188641,AKAMAI TECHNOLOGIES INC,-0.26785475201904774,1.484377118403768,0.6919674236353535,-2.2830599918961525,-3.01397570993599,-3.0033039009116247
2019-10-09,87299.0,Akamai Technologies Accelerates Development Of Solution To Protect Websites From Magecart And Credit Card Skimming With Planned Acquisition Of ChameleonX,1.6218671575188641,AKAMAI TECHNOLOGIES INC,-0.26785475201904774,1.484377118403768,0.6919674236353535,-2.2830599918961525,-3.01397570993599,-3.0033039009116247
2019-10-23,79235.0,"Acadia Realty Trust Q3 EPS $0.12 Beats $0.09 Estimate, FFO $0.34",-0.579414004459977,ACADIA REALTY TRUST,-1.9540613517165184,-2.8796713399227847,-3.8052814484911712,-0.17012329772114754,2.1587773063556526,2.4083788120289107
2019-10-24,12641.0,"Air Lease Reports Lease Placement Of 6 New Airbus A321neo Aircraft With China Air, No Terms Disclosed",0.2946533728390932,AIR LEASE CORP,0.9943472221493721,-0.6101704589010604,5.3107310636510086,1.2855774722993374,1.6589801499389933,3.6897761117091754
2019-10-08,12641.0,Air Lease Sold 5 Aircraft In Oct. For Proceeds Of $184M,-1.0126620531082149,AIR LEASE CORP,1.176478061825037,7.212275769764243,11.406657545173694,-1.324004027992487,-0.1516718870624656,0.3811982178863804
2019-10-28,80191.0,Bank of America Downgrades Albemarle to Underperform,0.2358885481953621,ALBEMARLE CORP,-1.113904733210802,6.212731758290535,6.259807571934384,-8.43772068619728,-5.7367313246398215,-4.791137430991377
2019-10-25,80191.0,"Wells Fargo Maintains Market Perform on Albemarle, Lowers Price Target to $65",-8.43772068619728,ALBEMARLE CORP,0.2358885481953621,1.4153134032325099,6.903605869623397,2.9498931020498276,3.982626123480726,3.2867328238119997
2019-10-25,80191.0,Albemarle shares are trading lower after the company cut its FY19 EPS and sales guidance. The company also issued Q3 sales guidance below analyst estimates.,-8.43772068619728,ALBEMARLE CORP,0.2358885481953621,1.4153134032325099,6.903605869623397,2.9498931020498276,3.982626123480726,3.2867328238119997
2019-10-24,80191.0,Albemarle Sees Prelim. Adj. Q3 EPS $1.53 vs $1.62 Est.,2.949893102049828,ALBEMARLE CORP,-8.43772068619728,-12.541390388074126,2.7933799893111733,1.0031414218246937,0.3271880247882164,0.4915862478116484
2019-10-24,80191.0,"Albemarle Cuts Prelim. FY19 Adj. EPS From $6.25-$6.65 To $6.00-$6.20 vs $6.27 Est., Cuts Prelim. Sales Guidance From $3.65B-$3.85B To $3.6B-$3.7B vs $3.63B Est.",2.949893102049828,ALBEMARLE CORP,-8.43772068619728,-12.541390388074126,2.7933799893111733,1.0031414218246937,0.3271880247882164,0.4915862478116484
2019-10-16,80191.0,"Wells Fargo Initiates Coverage On Albemarle with Market Perform Rating, Announces $75 Price Target",-0.4272887948900461,ALBEMARLE CORP,0.9470248594880104,-0.17757139468423944,-7.265468308000034,0.4588590934872627,-1.5092161870316367,3.681643083592978
2019-10-09,80191.0,"Citigroup Maintains Neutral on Albemarle, Lowers Price Target to $73",-0.1569894608110189,ALBEMARLE CORP,2.9245292767882347,6.257866796106648,6.069183220075081,-3.014615550637245,-3.9505411662996925,-5.250635660835079
2019-10-03,80191.0,"Buckingham Maintains Neutral on Albemarle, Lowers Price Target to $75",0.9914430789649487,ALBEMARLE CORP,-1.3535677455365658,-2.6327594127777743,1.4725535310829985,-2.547208219766617,-4.243379102716438,-2.3040795789851742
2019-10-02,80191.0,"UBS Maintains Buy on Albemarle, Lowers Price Target to $105",-2.5472082197666173,ALBEMARLE CORP,0.9914430789649487,-4.461470898969111,1.5172029911330043,-1.7405051738023758,0.2494835051310984,1.6669072505467897
2019-10-31,14647.0,"Aldeyra Therapeutics Shares Resume Trade, Up 13%",-1.0619458742439751,ALDEYRA THERAPEUTICS INC,5.008939653635025,3.0411462149872115,7.692304320940724,-1.909724436700344,-3.91156492704533,-3.2534255921210398
2019-10-31,14647.0,Aldeyra Therapeutics Reports Expanded Results From Co.'s Allergen Chamber Clinical Methods Trial; Says Will Initiate Phase 3 INVIGORATE Trial In Patients With Allergic Conjunctivitis,-1.0619458742439751,ALDEYRA THERAPEUTICS INC,5.008939653635025,3.0411462149872115,7.692304320940724,-1.909724436700344,-3.91156492704533,-3.2534255921210398
2019-10-31,14647.0,Aldeyra Therapeutics Shares Halted News Pending,-1.0619458742439751,ALDEYRA THERAPEUTICS INC,5.008939653635025,3.0411462149872115,7.692304320940724,-1.909724436700344,-3.91156492704533,-3.2534255921210398
2019-10-22,14647.0,"Cantor Fitzgerald Assumes Aldeyra Therapeutics at Overweight, Announces $33 Price Target",2.054792456328869,ALDEYRA THERAPEUTICS INC,-0.5033592227846384,-3.355701465897909,2.0134210230267735,3.180217370390892,-1.6835003548987704,1.7421668629205245
2019-10-14,14647.0,"4 Stocks To Watch For October 14, 2019",-0.38684681057929987,ALDEYRA THERAPEUTICS INC,9.902907907962799,13.398059281820585,14.174757607282885,-1.5238081105053425,-0.19304542675216974,-2.268428870951933
2019-10-30,78950.0,"Alamo Group Q3 EPS $1.54 Down From $1.75 YoY, Sales $271.829M Up From $257.572M YoY",1.5338916331529622,ALAMO GROUP INC,-17.48112142086029,-14.467398909383423,-14.621556944971104,3.27325239777565,5.116815802713726,4.013024247617092
2019-10-25,78950.0,"Sidoti & Co. Maintains Buy on Alamo Group, Raises Price Target to $150",-1.050061825662851,ALAMO GROUP INC,1.7851315438747406,-9.822305853527368,-11.599209123710153,-0.048820427036844194,-0.2436078394747354,1.3948454283689404
2019-10-28,88860.0,Align Technology shares are trading higher in sympathy with the overall market from progression in U.S.-China trade talks and positive sentiment from strong earnings reports.,2.89259310811758,ALIGN TECHNOLOGY INC,2.276174910366535,3.334394665165785,3.2665155299224313,-2.441173791885376,11.898852815695449,13.941946650768289
2019-10-25,88860.0,Align Technology shares are trading lower potentially on profit-taking as the stock rose approximately 13% on better-than-expected Q3 EPS and sales results.,-2.441173791885376,ALIGN TECHNOLOGY INC,2.8925931081175804,5.612623677771267,6.79596038273198,14.698851108551025,16.79306842797066,18.772619143288715
2019-10-23,88860.0,"Align Technology Announced Q4 EPS $1.35 - $1.42 vs $1.35 Estimate, Sales $640 Million - $650 Million vs $639.29 Million Estimate",1.825839839875698,ALIGN TECHNOLOGY INC,14.698851108551025,16.188508923482516,17.774714383946133,1.6949214041233063,-0.1309138832408019,-0.14958484898065505
2019-10-23,88860.0,"Align Tech Q3 EPS $1.28 Beats $1.14 Estimate, Sales $607.3M Beat $593.83M Estimate",1.825839839875698,ALIGN TECHNOLOGY INC,14.698851108551025,16.188508923482516,17.774714383946133,1.6949214041233063,-0.1309138832408019,-0.14958484898065505
2019-10-14,88860.0,"Align Technology shares are trading higher potentially after competitor SmileDirectClub now has a mandatory bone imaging requirement for orthodontic patients, under Assembly Bill AB1519.",2.493000589311123,ALIGN TECHNOLOGY INC,1.9985407590866089,2.383621632206556,22.06678331747942,3.0849283561110497,5.787218732524768,8.605534653994585
2019-10-09,88860.0,Align Technologies shares are trading higher as optimism around upcoming U.S. and China trade talks increases.﻿,2.66413651406765,ALIGN TECHNOLOGY INC,2.621421404182911,11.81226676409639,14.951637050955725,-0.11381034273654222,1.4923766544882255,-0.2543709699323937
2019-10-07,88860.0,"Barclays Maintains Overweight on Align Tech, Lowers Price Target to $272",1.608017086982727,ALIGN TECHNOLOGY INC,-0.11381034273654222,11.186385485016848,13.836648221506277,-1.721062883734703,1.0236418306423856,-0.3894716369159279
2019-10-29,91659.0,Allegiant Announces Aircraft Base In Nashville,-1.77452340722084,ALLEGIANT TRAVEL CO,-0.08347209077328444,-0.32792932324026136,0.2921568449158807,2.7500346302986145,10.603701343897164,11.81323554921585
2019-10-25,91659.0,"Buckingham Maintains Buy on Allegiant Travel, Raises Price Target to $206",7.643468677997589,ALLEGIANT TRAVEL CO,2.7500346302986145,0.956800911177691,1.287769155412244,1.0935747995972633,0.8821839594816083,0.9349512691047224
2019-10-24,91659.0,Allegiant Travel shares are traidng higher after the company reported better-than-expected Q3 EPS and sales results.,1.093574799597263,ALLEGIANT TRAVEL CO,7.643468677997589,8.388389784109386,8.900109708683356,-0.2091041300445795,-0.15690762821177762,0.4671097092088017
2019-10-24,91659.0,Allegiant Travel Reports Is In Talks With Potential Buyers For Teesnap,1.093574799597263,ALLEGIANT TRAVEL CO,7.643468677997589,8.388389784109386,8.900109708683356,-0.2091041300445795,-0.15690762821177762,0.4671097092088017
2019-10-24,91659.0,"Allegiant Travel Q3 EPS $2.7 Beats $2.18 Estimate, Sales $436.5M Beat $429.64M Estimate",1.093574799597263,ALLEGIANT TRAVEL CO,7.643468677997589,8.388389784109386,8.900109708683356,-0.2091041300445795,-0.15690762821177762,0.4671097092088017
2019-10-10,91659.0,"Morgan Stanley Maintains Equal-Weight on Allegiant Travel, Raises Price Target to $164",0.5047785583883524,ALLEGIANT TRAVEL CO,0.4620654974132776,2.069240097956615,3.3817739026851035,0.541347311809659,-0.09413624074177118,0.6571378490670465
2019-10-09,91659.0,"Allegiant Late Tuesday Reported September Passenger Traffic Down 0.8 % YoY,  Revenue Passenger Miles Down 5.1% YoY, Available Seat Miles Down 5.6% YoY",0.541347311809659,ALLEGIANT TRAVEL CO,0.5047785583883524,1.7027855118752377,2.7796505728486576,-0.6320619024336338,0.11516708334757819,0.667572003490724
2019-10-02,91659.0,"Morgan Stanley Maintains Equal-Weight on Allegiant Travel, Raises Price Target to $152",-0.5465520545840263,ALLEGIANT TRAVEL CO,-1.6151756048202515,-0.4222269468454054,1.2733689457516961,0.24722376838326454,0.6777576665621732,0.36794424993593644
2019-10-31,93339.0,"HC Wainwright & Co. Maintains Buy on Alimera Sciences, Lowers Price Target to $1",-21.058495342731483,ALIMERA SCIENCES INC,5.857449769973755,-3.1404328781020396,7.621738610611928,4.878761246800423,-0.27778230706699825,-2.1265028115107443
2019-10-29,93339.0,"Alimera Sciences Q3 EPS $(0.04), Inline, Sales $12.85M Beat $12.79M Estimate",-4.9166709184646615,ALIMERA SCIENCES INC,4.878761246800423,-14.665493612041736,-32.807476924928295,-1.85387022793293,-2.7027001786188443,-2.7027001786188443
2019-10-25,93339.0,Alimera Sciences Reports Equity Purchase Deal For Up To $20M With Lincoln Park Capital,-0.864863395690918,ALIMERA SCIENCES INC,-1.85387022793293,-18.211558293531947,-34.56925026936539,0.0,2.777775004506111,2.4930756958705835
2019-10-03,93339.0,Alimera Reports Marketing Authorization for ILUVIEN In Portugal For Treatment Of Non-Infectious Posterior Uveitis,-0.5681812763214111,ALIMERA SCIENCES INC,-5.478858947753906,-6.651428539196869,-17.90857319334552,-10.20408421754837,-22.302663616610864,-16.824194905555466
2019-10-02,93339.0,Alimera Sees Prelim. Q3 Sales Exceeding $12.8M,-10.20408421754837,ALIMERA SCIENCES INC,-0.5681812763214111,-9.090907046258433,-17.43181873552776,-13.473418354988098,-7.372396205686704,-10.795558594016331
2019-10-01,93339.0,Alimera Sciences To Present ILUVIEN Clinical Data At American Academy Of Ophthalmology Annual Meeting Oct. 12-15,-13.473418354988102,ALIMERA SCIENCES INC,-10.20408421754837,-18.36734745266755,-18.36734752180177,7.05103799700737,3.0948405796938694,1.070851703661746
2019-10-28,28804.0,"JP Morgan Downgrades Alaska Air Group to Neutral, Lowers Price Target to $76",-2.081874944269657,ALASKA AIRGROUP INC,-0.45662056654691696,0.7848108102631812,2.611303975330004,4.086674749851227,3.8601015616865464,3.439799478670369
2019-10-25,28804.0,Alaska Air Soars In Q3,4.086674749851227,ALASKA AIRGROUP INC,-2.081874944269657,-1.9840690314965825,-0.5588955498299075,-0.2176774200052023,-0.6214775068331013,-0.40556020767607004
2019-10-25,28804.0,"Raymond James Maintains Strong Buy on Alaska Air Group, Raises Price Target to $80",4.086674749851227,ALASKA AIRGROUP INC,-2.081874944269657,-1.9840690314965825,-0.5588955498299075,-0.2176774200052023,-0.6214775068331013,-0.40556020767607004
2019-10-24,28804.0,"Alaska Air Group Q3 Adj. EPS $2.63 Beats $2.5 Estimate, Sales $2.39B Beat $2.38B Estimate",-0.2176774200052023,ALASKA AIRGROUP INC,4.086674749851227,0.9744011183833612,3.155901928122695,-0.4046809859573841,-0.18829265827146058,3.096959107598596
2019-10-21,28804.0,"Buckingham Maintains Buy on Alaska Air Group, Raises Price Target to $88",3.291449323296547,ALASKA AIRGROUP INC,0.2172675682231784,1.5063745184047406,2.3030075187314036,-0.20902808755636215,0.01495511658200499,-0.7277669513878204
2019-10-10,28804.0,"Alaska Air Narrows Q3 Revenue Per ASM Growth Guidance From 3-5% To ~4.4%, Cost Per ASM Ex Items From ~5% To ~3.4%",1.2010553851723669,ALASKA AIRGROUP INC,1.8495755270123482,3.2367542485701506,5.980279048584225,1.4719853177666664,0.23452401834624936,0.9447367937054585
2019-10-10,28804.0,"Alaska Air Sep. Traffic Up 6.4% Year Over Year, ASMs Up 3.5%, Load Factor Up 2.2 Points",1.2010553851723669,ALASKA AIRGROUP INC,1.8495755270123482,3.2367542485701506,5.980279048584225,1.4719853177666664,0.23452401834624936,0.9447367937054585
2019-10-10,28804.0,"Morgan Stanley Maintains Overweight on Alaska Air Group, Raises Price Target to $76",1.2010553851723669,ALASKA AIRGROUP INC,1.8495755270123482,3.2367542485701506,5.980279048584225,1.4719853177666664,0.23452401834624936,0.9447367937054585
2019-10-02,28804.0,"Morgan Stanley Maintains Overweight on Alaska Air Group, Lowers Price Target to $74",-3.4334037452936172,ALASKA AIRGROUP INC,-0.6696459837257862,2.216198021844118,6.5529344782175425,0.061613437719643116,1.1997454935087637,0.5885043668542256
2019-10-24,76736.0,Alkermes shares are trading higher on continued strength after the company on Wednesday reported strong Q3 results.,4.5856773853302,ALKERMES PLC,-0.102566450368613,0.15384964731537387,1.025644770580092,1.0569089092314243,1.2764835270302033,2.727277394500449
2019-10-23,76736.0,Alkermes PLC shares are trading higher after the company reported better-than-expected Q3 EPS and sales results.,1.0569089092314239,ALKERMES PLC,4.5856773853302,7.106456685348084,5.6583549162085855,0.217278185300529,1.6528988500621455,4.060920661310274
2019-10-23,76736.0,Alkermes Sees $150M In Cost Savings From Restructuring,1.0569089092314239,ALKERMES PLC,4.5856773853302,7.106456685348084,5.6583549162085855,0.217278185300529,1.6528988500621455,4.060920661310274
2019-10-23,76736.0,"Alkermes Sees FY19Adj. EPS $0.44-$0.57, Sakes $1.14B-$1.19B",1.0569089092314239,ALKERMES PLC,4.5856773853302,7.106456685348084,5.6583549162085855,0.217278185300529,1.6528988500621455,4.060920661310274
2019-10-23,76736.0,"Alkermes Q3 Adj. EPS $(0.04) Beats $(0.21) Estimate, Sales $255.2M Beat $251.16M Estimate",1.0569089092314239,ALKERMES PLC,4.5856773853302,7.106456685348084,5.6583549162085855,0.217278185300529,1.6528988500621455,4.060920661310274
2019-10-21,76736.0,Alkermes to Collaborate with Fred Hutchinson Cancer Research Center on Immuno-Oncology Drug Candidate ALKS 4230,1.432508137077093,ALKERMES PLC,0.217278185300529,6.192283718488323,9.668662217462899,2.368866838514805,-0.41152688684805705,-1.3854989040886778
2019-10-10,76736.0,Alkermes shares are trading lower despite no company-specific news. The stock has dropped approximately 26% over the last month.,-5.104272440075874,ALKERMES PLC,4.222090914845467,2.544815560089053,12.781949122314561,0.885934941470623,-0.4915355067713012,-1.4602512745039098
2019-10-31,79323.0,"Wells Fargo Maintains Market Perform on Allstate, Raises Price Target to $105",1.400668174028397,ALLSTATE CORP,-0.4886268172413111,1.2215777175490494,4.115772299406628,-3.0216265469789505,-1.547843902439916,-2.1353981907019315
2019-10-30,79323.0,Allstate Q3 Adj. EPS $2.84 Beats $2.58 Estimate,-3.021626546978951,ALLSTATE CORP,1.4006681740283966,1.905669359282558,5.354933598066403,1.5197023749351501,0.913841225339107,-0.03694901844761844
2019-10-17,79323.0,Evercore ISI Group Initiates Coverage On Allstate with In-Line Rating,0.23257976863533258,ALLSTATE CORP,0.6218728609383106,0.4826473957536992,-1.2251715422310405,-0.5366908852010965,-0.6837341610412495,-0.4076739076465663
2019-10-09,79323.0,"UBS Maintains Neutral on Allstate, Raises Price Target to $112",0.6326706148684025,ALLSTATE CORP,0.5348594393581152,0.8632806122501613,1.5107446782474332,-1.4517007395625114,-2.360314992506818,0.23663032557701413
2019-10-28,14297.0,"Imperial Capital Maintains In-Line on Allegion, Raises Price Target to $116",1.755932159721851,ALLEGION PLC,0.09538728045299649,2.4366958412083584,0.29483530918006373,-0.29034120962023735,8.584841543452914,7.6769615991169715
2019-10-25,14297.0,"Credit Suisse Maintains Neutral on Allegion, Raises Price Target to $114",-0.2903412096202374,ALLEGION PLC,1.7559321597218513,4.288362040036131,2.047118903303935,8.901026099920273,7.990502530438803,8.216704981225643
2019-10-25,14297.0,"Morgan Stanley Maintains Equal-Weight on Allegion, Raises Price Target to $105",-0.2903412096202374,ALLEGION PLC,1.7559321597218513,4.288362040036131,2.047118903303935,8.901026099920273,7.990502530438803,8.216704981225643
2019-10-25,14297.0,"Wells Fargo Maintains Outperform on Allegion, Raises Price Target to $125",-0.2903412096202374,ALLEGION PLC,1.7559321597218513,4.288362040036131,2.047118903303935,8.901026099920273,7.990502530438803,8.216704981225643
2019-10-24,91604.0,Allot Names Ziv Leitman as New CFO,-1.335112284868956,ALLOT LTD,0.13532110024243593,5.5480424069243695,17.18538511845127,1.2162118218839169,-0.5312143781197265,-0.26631774444755285
2019-10-17,14558.0,"Citigroup Maintains Buy on Ally Financial, Lowers Price Target to $38",-0.3264723345637321,ALLY FINANCIAL INC,-0.7861112244427204,0.03275545370582389,0.8843709947834677,-4.341040924191475,-2.2654786307446884,-2.2030669097116373
2019-10-16,14558.0,"Ally Financial Q3 Adj. EPS $1.01 Beats $0.98 Estimate, Sales $1.6B Beat $1.57B Estimate",-4.341040924191475,ALLY FINANCIAL INC,-0.32647233456373215,0.5876601715737229,1.8935682277956278,2.1697521209716797,2.23499611028124,3.6917141723360247
2019-10-08,14558.0,"JP Morgan Downgrades Ally Financial to Neutral, Lowers Price Target to $33",-4.106969013810158,ALLY FINANCIAL INC,1.0956172831356525,6.30809957862748,2.4236371865509643,-1.2264132499694824,-0.34898674638517146,-0.12718895512161543
2019-10-04,14558.0,Ally Cuts Ally Invest Commissions To $0,0.8883209899067879,ALLY FINANCIAL INC,-1.2264132499694824,-1.5094324023099404,-4.748422374452577,0.22257454693317413,-2.92577991920272,-4.945716032943881
2019-10-31,90178.0,"Alnylam Pharmaceuticals Q3 EPS $(1.5) Up From $(1.56) YoY, Sales $70.061M Up From $2.069M YoY",-0.6073092576116322,ALNYLAM PHARMACEUTICALS INC,4.922762885689735,5.5337828980911885,4.288680349757512,-1.0544221848249435,-3.183939274137093,-2.218491272033285
2019-10-10,90178.0,Alnylam Reports Filing For Marketing Authorization Of ONPATTRO For Treatment Of Hereditary ATTR Amyloidosis With Polyneuropathy In Brazil,0.8311680518090725,ALNYLAM PHARMACEUTICALS INC,1.7130369320511818,5.461099844509998,14.502836704000387,2.000267803668976,0.025976339556277317,-0.0259629982810039
2019-10-30,15537.0,AstroNova Highlights Introduction Of TrojanLabel T5 System,0.12754785129800442,ASTRONOVA INC,1.0191073641180992,4.777076356547871,2.547774663486413,-1.1349265463650227,0.5128199758848595,0.7712074296959415
2019-10-30,13284.0,Allison Transmission Announced FY19 Sales Guidance Of $2.650B - $2.7B Vs $2.68B Estimate,-0.9367733262479305,ALLISON TRANSMISSION HLDGS INC,-6.275517493486404,-3.4601347614438227,-4.147862465646157,0.2561424858868122,0.8372678803298728,2.4427542210949893
2019-10-30,13284.0,"Allison Transmission Q4 EPS $1.23 Up From $1.17 YoY, Sales $669M Up From $647M YoY",-0.9367733262479305,ALLISON TRANSMISSION HLDGS INC,-6.275517493486404,-3.4601347614438227,-4.147862465646157,0.2561424858868122,0.8372678803298728,2.4427542210949893
2019-10-10,17034.0,"Altair Reports Purchase Of Polliwog, No Terms Disclosed",1.062575541436672,ALTAIR ENGINEERING INC,0.9345784783363342,2.978962026947296,2.6869104251834752,1.1041563004255295,1.8466828066721064e-08,-0.14735995112044042
2019-10-10,17034.0,"Altair Engineering Says Pursuant to Stock Purchase Agreement, Company Has Acquired 97% of Outstanding Capital Stock of Polliwog Co",1.062575541436672,ALTAIR ENGINEERING INC,0.9345784783363342,2.978962026947296,2.6869104251834752,1.1041563004255295,1.8466828066721064e-08,-0.14735995112044042
2019-10-28,84656.0,"Buckingham Maintains Neutral on Autoliv, Raises Price Target to $75",-0.7188940420746803,AUTOLIV INC,-2.1723173558712006,1.5341186104344429,4.2341638600363,-0.3521137870848179,-1.2988596239071226,0.526702992547623
2019-10-25,84656.0,"Autoliv Q3 Operating Income $154M, Sales $2.028B Miss $2.08B Estimate",-0.3521137870848179,AUTOLIV INC,-0.7188940420746803,-3.228952860913248,5.166318674517378,-0.9500912390649319,0.8819221491108031,1.1296637529987885
2019-10-17,84656.0,Evercore ISI Group Upgrades Autoliv to In-Line,-1.079273968935013,AUTOLIV INC,0.7649870123714209,3.285681998229806,-2.3827459292758424,0.875981617718935,2.2450587873538375,1.7546066214031653
2019-10-04,84656.0,"Deutsche Bank Upgrades Autoliv to Hold, Raises Price Target to $78",1.775780506432056,AUTOLIV INC,-0.3906289581209421,3.151039290036217,4.6223898340256975,0.6401649676263332,-0.7888489017904621,-4.335697613823653
2019-10-28,49330.0,Alexander's Q3 Adj. FFO $4.92 Up From $4.52 YoY,-1.90495103597641,ALEXANDERS INC,3.913729265332222,1.4140391744007719,-1.8955064740104222,-2.4714622646570206,-2.7213202004937265,-3.943558771522304
2019-10-30,16738.0,Antero Midstream shares are trading higher after the company reported better-than-expected Q3 EPS results.,-3.485257923603058,ANTERO MIDSTREAM CORP,-6.284718960523605,-0.46389252767747857,-18.071888445841854,1.6348758712410927,0.4037714568938089,1.9125665726351215
2019-10-29,16738.0,Antero Midstream Q3 ADj. EPS $0.39 Beats $0.21 Estimate,1.6348758712410931,ANTERO MIDSTREAM CORP,-3.485257923603058,-1.1240082404277207,-18.5396628978445,-1.2113011442124844,0.2732238309080426,-3.03830912283094
2019-10-24,14702.0,Applied Materials shares are trading higher after Craig-Hallum upgraded the company's stock from Hold to Buy.,8.98476392030716,APPLIED MATERIALS INC,1.1803187429904938,-1.470857750190524,1.5798056191629106,-2.7895359322428703,-4.008359916883341,-2.2252351347161414
2019-10-24,14702.0,Craig-Hallum Upgrades Applied Materials to Buy,8.98476392030716,APPLIED MATERIALS INC,1.1803187429904938,-1.470857750190524,1.5798056191629106,-2.7895359322428703,-4.008359916883341,-2.2252351347161414
2019-10-10,14702.0,"Deutsche Bank Earlier Maintained Hold on Applied Materials, Raised Price Target to $52",0.3343787742778659,APPLIED MATERIALS INC,1.4506992883980274,2.2152539885346823,7.95922694926281,3.102816268801689,0.37512064266453926,-0.07861818047034674
2019-10-08,14702.0,Applied Materials Option Alert: Oct 25 $50 Calls Sweep (21) above Ask!: 569 @ $1.204 vs 214 OI; Earnings 11/14 After Close [est] Ref=$49.1033,-2.64560729265213,APPLIED MATERIALS INC,3.102816268801689,7.30074694202012,5.414719203314511,-0.4520431160926819,2.0346538361518007,2.405989657015861
2019-10-15,13634.0,Ambarella Says Does Not Expect Entity List Rule To Have A Significant Impact On Current Financial Results And Confirms Guidance Provided,3.090839274227619,AMBARELLA INC,-2.010973170399666,-1.73674731200274,-3.3455243514943556,-1.0074572637677193,1.2982060002190154,2.274480118432365
2019-10-04,13634.0,"Stifel Initiates Coverage On Ambarella with Hold Rating, Announces $61 Price Target",0.8506974205374718,AMBARELLA INC,-1.4976741746068,-7.729388097229828,-7.626097767300466,1.2658181600272655,-3.242063565210762,-8.331345394399204
2019-10-22,14328.0,AMC Entertainment Holdings shares are trading higher on seemingly no company-specific news.,5.8568324893713,A M C ENTERTAINMENT HOLDINGS INC,1.127045601606369,0.5122968737256706,0.20491291681912216,-1.4957200735807419,-1.2847953696697,-1.2847953696697
2019-10-14,14328.0,"Top 10 Most Oversold Stocks Via Benzinga Pro's Screener Tool For Mon., October 14, 2019",-2.9284212738275532,A M C ENTERTAINMENT HOLDINGS INC,2.458103559911251,3.016764830694063,10.726257464280753,0.6550264079123735,-1.8104374725835148,-6.205490075757913
2019-10-09,14328.0,AMC Entertainment Holdings shares are trading lower on a continued downward momentum after the stock could not break the $10 resistance level.,-4.476089403033257,A M C ENTERTAINMENT HOLDINGS INC,-2.4494195356965065,-0.5324834513836918,5.111815963000721,0.5112493876367807,0.10183533087504415,-1.0070531862767629
2019-10-07,14328.0,"Imperial Capital Maintains Outperform on AMC Entertainment Hldgs, Lowers Price Target to $21",-0.4073315765708685,A M C ENTERTAINMENT HOLDINGS INC,0.5112493876367807,-8.486707079096867,-5.725966242849023,-1.107760425657034,-3.913899906852203,-7.532958723140526
2019-10-31,12880.0,"AMC Networks Q3 Adj. EPS $2.33 Beats $1.66 Estimate, Sales $718.597M Miss $738.22M Estimate",-0.6841488182544708,A M C NETWORKS INC,-1.0792133398354053,-4.707231544649781,-9.024111407820723,-2.468862570822239,-6.303420608878973,-6.183147480562612
2019-10-30,12880.0,"Bank Of America Downgrades AMC, Citing Limited Catalysts",-2.468862570822239,A M C NETWORKS INC,-0.6841488182544708,-7.251996570571373,-10.513106300513398,-3.9316244423389435,-3.8083067701712325,-0.838114541528101
2019-10-30,12880.0,Bank of America Downgrades AMC Networks to Neutral,-2.468862570822239,A M C NETWORKS INC,-0.6841488182544708,-7.251996570571373,-10.513106300513398,-3.9316244423389435,-3.8083067701712325,-0.838114541528101
2019-10-29,12880.0,"Imperial Capital Downgrades AMC Networks to Underperform, Lowers Price Target to $41",-3.9316244423389426,A M C NETWORKS INC,-2.468862570822239,-9.096975753671465,-9.853203926244946,0.12836448149755597,3.2201126362900734,-1.8250449534141233
2019-10-14,12880.0,Evercore ISI Group Downgrades AMC Networks to Underperform,-2.396693825721741,A M C NETWORKS INC,0.02116494724759832,0.7197293259023407,-0.9314191335150324,1.8947400152683258,2.3255862367058233,3.1433187017116504
2019-10-31,85257.0,"AMETEK Sees Q4 Adj. EPS $1.01-$1.03 vs $1.03 Est., Raises FY19 Adj. EPS Guidance From $4.04-$4.14 To $4.12-$4.14 vs $4.10 Est.",0.3723622532561421,AMETEK INC NEW,2.78231892734766,4.964533851396591,5.837423116151985,-0.3492302726954222,1.0066327398387642,1.5006652807662446
2019-10-31,85257.0,"AMETEK Earlier Reported Q3 EPS $0.96 Misses $1.01 Estimate, Sales $1.277B Miss $1.28B Estimate",0.3723622532561421,AMETEK INC NEW,2.78231892734766,4.964533851396591,5.837423116151985,-0.3492302726954222,1.0066327398387642,1.5006652807662446
2019-10-11,85257.0,Bank of America Downgrades AMETEK to Neutral,0.6367313209921122,AMETEK INC NEW,-0.16947409603744745,-0.18077471285677937,1.638229372311173,1.1733540333807468,2.291223000171594,-0.056821573723064844
2019-10-29,80795.0,"Amedisys Sees FY19 EPS $4.32-$4.39 Vs $4.15 Est., Sales $1.94B-$1.98B Vs. $1.97B Est.",1.646187528967857,AMEDISYS INC,-3.1364604830741882,7.511358524082201,12.267323486959047,0.4865223541855812,0.4940517092981711,0.29883741548333287
2019-10-29,80795.0,"Amedisys Q3 EPS $1.03 Beats $0.89 Estimate, Sales $494.631M Beat $494.16M Estimate",1.646187528967857,AMEDISYS INC,-3.1364604830741882,7.511358524082201,12.267323486959047,0.4865223541855812,0.4940517092981711,0.29883741548333287
2019-10-23,80795.0,"Amedisys Reports Chair Donald Washburn To Retire; Pres, CEO Paul Kusserow Named Replacement",-0.6973716430366039,AMEDISYS INC,-0.19425457576289773,-1.2476753489241599,8.785950202352932,0.597050366923213,-0.3474797929742701,0.11140371902182977
2019-10-22,80795.0,"Stephens & Co. Reinstates Equal-Weight on Amedisys, Announces $145 Price Target",0.597050366923213,AMEDISYS INC,-0.6973716430366039,1.2389743665977226,8.843396697376527,-0.9389243088662624,-0.4827643018657124,1.2620905398469828
2019-10-15,14061.0,American Homes 4 Rent Earlier Reported Bryan Smith As COO,-0.7668741047382355,AMERICAN HOMES 4 RENT,-0.5023151636123657,-0.5409558947914506,1.854719777998004,-0.07663010619580746,-0.6476193427440324,-0.34390582398784453
2019-10-09,14061.0,"Morgan Stanley Maintains Equal-Weight on American Homes 4 Rent, Raises Price Target to $29",0.42210519313812256,AMERICAN HOMES 4 RENT,0.3056932473555207,-1.6048913992951608,-1.0317174406388574,0.4626018926501274,0.07679936024449496,0.5013465504169812
2019-10-31,86047.0,Amkor Technology shares are trading lower in sympathy with weakness in the overall market.,-8.602941781282425,AMKOR TECHNOLOGY INC,4.263875633478165,2.6548665381667558,3.6202718747334384,-8.847182989120483,22.743685480757314,25.577103886868247
2019-10-17,86814.0,American National Q3 EPS $0.78 Up From $0.66 YoY,-0.1676846295595169,AMERICAN NATIONAL BANKSHARES INC,-0.9798496030271053,0.44792777374362824,1.3437834976584018,0.28026478830724955,1.3023757261090063,1.445983362255876
2019-10-16,86814.0,"American National Bankshares Announces William W Traynham To Step Down, Jeffrey W. Farrar To Succeed As CFO",0.2802647883072495,AMERICAN NATIONAL BANKSHARES INC,-0.1676846295595169,1.9005039073660246,0.7546126655961549,1.0192543268203735,1.1624606061915177,2.176409470812035
2019-10-31,41188.0,"Allied Motion Q3 EPS $0.49 Beats $0.4 Estimate, Sales $96.63M Beat $92.14M Estimate",-1.9170930609107022,ALLIED MOTION TECHNOLOGIES INC,19.57210749387741,20.443734700557027,14.658908871100351,1.0471143759787083,2.0084521811708944,3.7634346310346345
2019-10-24,90880.0,Ameriprise Financial shares are trading higher after the company reported better-than-expected Q3 EPS results.,4.293582960963249,AMERIPRISE FINANCIAL INC,-0.12030203361064196,0.8420734077831948,6.0888664533520265,0.7160437293350697,-0.5751918383245735,1.0352121207760412
2019-10-23,90880.0,Ameriprise Financial Q3 EPS $4.12 Beats $4.09 Estimate,0.7160437293350698,AMERIPRISE FINANCIAL INC,4.293582960963249,5.945492839549149,10.735058825063781,-1.282055489718914,0.3168992542029514,1.3951109748401969
2019-10-10,12789.0,"Ampio Pharma Offers Update On Continued Progress Of AP-013 Phase 3 Trial, Manufacturing Facility",-3.274005651473999,AMPIO PHARMACEUTICALS INC,2.2262578830122948,0.454339849878882,1.3857333896503787,-0.7631954737007618,-3.273112122640398,-0.08781699529138987
2019-10-31,86111.0,"American Tower Earlier Reported Q3 EPS $2 May Not Compare To $0.95 Estimate, Sales $1.954B Beat $1.87B Estimate",0.3866674145683646,AMERICAN TOWER CORP NEW,-1.1738800443708897,-5.681401123995911,-2.8796767555567926,0.49963071942329407,3.0794807043303063,0.26307632742594844
2019-10-29,86111.0,American Tower shares are trading higher despite no company-specific news.,2.5670243427157398,AMERICAN TOWER CORP NEW,0.49963071942329407,-4.695600170686188,-4.3532586333909995,-2.7322648093104362,-5.692039764373158,-6.756041120583333
2019-10-28,18887.0,Analyst: $0 Commissions Makes E*TRADE A Buyout Target,-0.24845288135111332,A M T D IDEA GROUP,-0.3735956968739629,4.607719773282315,4.856791566569818,0.625002384185791,-3.823174453029443,-3.5928165275071144
2019-10-25,18887.0,"Morgan Stanley Maintains Equal-Weight on TD Ameritrade Holding, Raises Price Target to $38",0.625002384185791,A M T D IDEA GROUP,-0.24845288135111332,-0.6211203636722229,5.590059719376761,-4.420548304915428,-4.191621179385708,-4.191621179385708
2019-10-23,18887.0,"UBS Maintains Neutral on TD Ameritrade Holding, Raises Price Target to $39",0.23951500188559288,A M T D IDEA GROUP,-4.420548304915428,-4.420548306712712,-0.8363165655042915,0.0,4.375004768371582,1.8292753725518196
2019-10-23,18887.0,"Deutsche Bank Earlier Maintained Hold on TD Ameritrade Holding, Raised Price Target to $39",0.23951500188559288,A M T D IDEA GROUP,-4.420548304915428,-4.420548306712712,-0.8363165655042915,0.0,4.375004768371582,1.8292753725518196
2019-10-21,18887.0,TD Ameritrade Sees FY20 Sales $4.9B-$5.3B vs $4.95B Est.,4.375004768371582,A M T D IDEA GROUP,0.0,-3.8323429526739727,0.5987931965980131,-2.4390220642089844,-5.882353036099275,-8.36196551028392
2019-10-21,18887.0,"TD Ameritrade Holding Corporation Q4 Adj. EPS $1.05 Beats $0.97 Estimate, Net Sales $1.558B Beat $1.47B Estimate",4.375004768371582,A M T D IDEA GROUP,0.0,-3.8323429526739727,0.5987931965980131,-2.4390220642089844,-5.882353036099275,-8.36196551028392
2019-10-21,18887.0,TD Ameritrade Says Move To Zero Commissions Expected To Have 15-16% Adverse Impact On Net Revenues,4.375004768371582,A M T D IDEA GROUP,0.0,-3.8323429526739727,0.5987931965980131,-2.4390220642089844,-5.882353036099275,-8.36196551028392
2019-10-15,18887.0,TD Ameritrade Holding Option Alert: Nov 22 $40 Calls Sweep (24) near the Ask: 549 @ $0.551 vs 194 OI; Earnings 10/21 After Close Ref=$36.36,2.7058769017457958,A M T D IDEA GROUP,-2.6345882564783096,-4.352797131716846,-8.361965546356975,-2.857142873108387,0.23585460497055344,1.3110806455630453
2019-10-14,18887.0,"Citi Downgrades TD Ameritrade Holding to Sell, Lowers Price Target to $27",-2.857142873108387,A M T D IDEA GROUP,2.705876901745796,-1.7647015621380269,-5.529415098859669,3.1839679926633835,4.290818328749335,7.891496859879621
2019-10-11,18887.0,The Value Of Perspective In Day Trading And In All Things,3.1839679926633826,A M T D IDEA GROUP,-2.857142873108387,-8.571428742501707,-7.999998026800914,1.0726960375905037,4.562267723170876,5.9999944170387565
2019-10-10,18887.0,Fidelity Will Now Be Commission-Free,1.0726960375905041,A M T D IDEA GROUP,3.1839679926633835,-3.3018839104141384,-5.66037233287614,3.452536463737488,4.875004400412664,3.452536500590875
2019-10-07,18887.0,"UBS Upgrades E-Trade, Downgrades TD Ameritrade After Commission-Free Shake-Up",-1.356345973908901,A M T D IDEA GROUP,1.3749957084655762,6.2500002851398895,4.375004870336374,-7.840915024280548,-9.182537760547238,-9.888892730108578
2019-10-07,18887.0,"UBS Downgrades TD Ameritrade Holding to Neutral, Lowers Price Target to $33",-1.356345973908901,A M T D IDEA GROUP,1.3749957084655762,6.2500002851398895,4.375004870336374,-7.840915024280548,-9.182537760547238,-9.888892730108578
2019-10-04,18887.0,TD Ameritrade Shares Up ~0.8% On Uptick In Volume Over Last Few Mins. As Hearing RBC Issued Positive Comments On Name,-7.840915024280548,A M T D IDEA GROUP,-1.3563459739089012,7.891496898314343,-1.3563458775431303,-1.4557682909071445,-2.2222200951404814,-2.2222200951404814
2019-10-04,18887.0,Webull's CEO Gives Tips To The Newest Members of The Zero Commission Club,-7.840915024280548,A M T D IDEA GROUP,-1.3563459739089012,7.891496898314343,-1.3563458775431303,-1.4557682909071445,-2.2222200951404814,-2.2222200951404814
2019-10-03,18887.0,"Wells Fargo Downgrades TD Ameritrade Holding to Underperform, Lowers Price Target to $30",-1.455768290907145,A M T D IDEA GROUP,-7.840915024280548,-3.636370802135591,-6.818185970111001,-0.7777743972837925,-0.7777743972837925,-0.44593044867050624
2019-10-02,18887.0,"PreMarket Prep Recap: Rough Start To The Quarter, Brokerage Wars, Timing is Everything",-0.7777743972837925,A M T D IDEA GROUP,-1.4557682909071445,-6.047031727819785,-4.815232611329867,0.0,0.33444517757743597,0.44642814816981957
2019-10-02,18887.0,Ameritrade Holding Option Alert: Oct 25 $38 Calls Sweep (2) near the Ask: 1550 @ $0.451 vs 4469 OI; Earnings 10/21 After Close Ref=$33.58,-0.7777743972837925,A M T D IDEA GROUP,-1.4557682909071445,-6.047031727819785,-4.815232611329867,0.0,0.33444517757743597,0.44642814816981957
2019-10-02,18887.0,"Bank of America Earlier Downgraded TD Ameritrade Holding to Underperform, Lowered Price Target to $39",-0.7777743972837925,A M T D IDEA GROUP,-1.4557682909071445,-6.047031727819785,-4.815232611329867,0.0,0.33444517757743597,0.44642814816981957
2019-10-02,18887.0,"Deutsche Bank Maintains Hold on TD Ameritrade Holding, Lowers Price Target to $34",-0.7777743972837925,A M T D IDEA GROUP,-1.4557682909071445,-6.047031727819785,-4.815232611329867,0.0,0.33444517757743597,0.44642814816981957
2019-10-02,18887.0,"UBS Maintains Buy on TD Ameritrade Holding, Lowers Price Target to $40",-0.7777743972837925,A M T D IDEA GROUP,-1.4557682909071445,-6.047031727819785,-4.815232611329867,0.0,0.33444517757743597,0.44642814816981957
2019-10-02,18887.0,Shares of several retail brokerage companies are trading lower after TD Ameritrade joined Schwab in eliminating commissions for mobile and web trades.,-0.7777743972837925,A M T D IDEA GROUP,-1.4557682909071445,-6.047031727819785,-4.815232611329867,0.0,0.33444517757743597,0.44642814816981957
2019-10-02,18887.0,"Barclays Downgrades TD Ameritrade Holding to Underweight, Lowers Price Target to $31",-0.7777743972837925,A M T D IDEA GROUP,-1.4557682909071445,-6.047031727819785,-4.815232611329867,0.0,0.33444517757743597,0.44642814816981957
2019-10-01,18887.0,"TD Ameritrade Joins The Party, Cuts Commissions On Stocks, ETFs And Options Trades",0.0,A M T D IDEA GROUP,-0.7777743972837925,-9.888892698007867,-3.000004882030527,0.33444517757743597,0.44642814816981957,0.5586613634236626
2019-10-01,18887.0,"TD Ameritrade Spokesperson Responds To Schwab No-Commission News, Says 'We're committed to delivering the best experiences for our clients...we will remain competitive'",0.0,A M T D IDEA GROUP,-0.7777743972837925,-9.888892698007867,-3.000004882030527,0.33444517757743597,0.44642814816981957,0.5586613634236626
2019-10-01,18887.0,"Benzinga Pro's Top 10 Most-Searched Tickers For Morning of Tuesday, October 01, 2019",0.0,A M T D IDEA GROUP,-0.7777743972837925,-9.888892698007867,-3.000004882030527,0.33444517757743597,0.44642814816981957,0.5586613634236626
2019-10-01,18887.0,"Credit Suisse Maintains Neutral on TD Ameritrade Holding, Lowers Price Target to $53",0.0,A M T D IDEA GROUP,-0.7777743972837925,-9.888892698007867,-3.000004882030527,0.33444517757743597,0.44642814816981957,0.5586613634236626
2019-10-16,88885.0,America Movil shares are trading higher after the company reported better-than-expected Q3 sales results.,3.8258571177721015,AMERICA MOVIL S A B DE C V NEW,1.0800513438880444,3.3036877899778494,2.5412936058971214,-0.5901649128645658,-1.4944801313317102,-0.32873239232106277
2019-10-29,76282.0,"AutoNation Q3 EPS $1.11 Misses $1.12 Estimate, Sales $5.46B Beat $5.38B Estimate",-2.162584848701954,AUTONATION INC DEL,1.7564697191119194,3.5524039379505323,2.7037749181830995,1.8485790118575096,1.8285494529610036,2.270935017282416
2019-10-28,76282.0,Q3 Earnings Outlook For AutoNation,1.84857901185751,AUTONATION INC DEL,-2.162584848701954,1.5640037360408865,0.25100839162426336,-0.019666017033159733,0.4146901307044537,3.1440146413833636
2019-10-15,76282.0,"Morgan Stanley Maintains Underweight on AutoNation, Raises Price Target to $42",2.2391129285097118,AUTONATION INC DEL,0.8840639144182205,-0.9443464517353006,1.8083135215524848,0.3504473017528653,0.8911923395527266,2.2259584468331983
2019-10-31,14714.0,Arista Sees Q4 Sales Guidance $540M-$560M Vs. $686.18M,-0.6902980152517557,ARISTA NETWORKS INC,-24.23437088727951,-20.497199840897217,-22.083659601479177,0.1260357559658587,-1.0566451057747672,0.7816351555474998
2019-10-31,14714.0,"Arista Networks Q3 EPS $2.69 Beats $2.41 Estimate, Sales $654.4M Beat $653.25M Estimate",-0.6902980152517557,ARISTA NETWORKS INC,-24.23437088727951,-20.497199840897217,-22.083659601479177,0.1260357559658587,-1.0566451057747672,0.7816351555474998
2019-10-03,14714.0,"UPDATE: Nomura Downgrades Arista Networks To Neutral, Lowers Target To $230 As Firm Notes Co's 'Recovery Elusive' As Co. 'faces difficult comps in 1H20 and possible webscale share loss in 2H20'",-1.7474731430411339,ARISTA NETWORKS INC,1.885535754263401,1.5066438081908329,7.653560908719448,-0.8769282139837742,-4.432444437128414,-5.95188926767396
2019-10-03,14714.0,"Arista Networks shares are trading lower after Nomura analysts downgraded the stock form Buy to Neutral, citing a 'difficult' comps outlook in the first half of 2020 and possible webscale share loss in the second half.",-1.7474731430411339,ARISTA NETWORKS INC,1.885535754263401,1.5066438081908329,7.653560908719448,-0.8769282139837742,-4.432444437128414,-5.95188926767396
2019-10-03,14714.0,"Nomura Downgrades Arista Networks to Neutral, Lowers Price Target to $230",-1.7474731430411339,ARISTA NETWORKS INC,1.885535754263401,1.5066438081908329,7.653560908719448,-0.8769282139837742,-4.432444437128414,-5.95188926767396
2019-10-15,16921.0,Analysts: Match Spinoff Should Be Good For IAC,-0.07358519942499697,ANGI INC,1.1782021261751652,-1.1782020146645977,1.0309304062437796,-1.8063584342598915,0.443462084582924,4.2513104148156344e-09
2019-10-29,13348.0,Fallen Angels: A Better Way To High Yield?,-0.1700654393061996,VANECK E T F TRUST,0.13628281885758042,0.1418729912283867,-0.06347419843745206,-0.03400281711947173,0.06807507859216688,0.10214088721198777
2019-10-25,61735.0,"Aon Q3 Adj. EPS $1.45 Beats $1.43 Estimate, Sales $2.379B Miss $2.45B Estimate",-1.405875664204359,AON PLC NEW,-0.4558709915727377,4.053082448081624,3.3730323738874635,-0.05223887274041772,-1.0753809207150744,-1.8920178617238492
2019-10-29,65402.0,A.O. Smith shares are trading lower after the company reported worse-than-expected Q3 sales results. The company also issued its FY19 EPS guidance below analyst estimates.,-4.128527641296387,SMITH A O CORP,2.8234846889972687,5.905328357067585,6.231881402279282,0.5482647102326155,0.8444625354165458,0.983284201231216
2019-10-29,65402.0,A.O. Smith Sees FY19 EPS $2.25-$2.28 vs $2.35 Est.,-4.128527641296387,SMITH A O CORP,2.8234846889972687,5.905328357067585,6.231881402279282,0.5482647102326155,0.8444625354165458,0.983284201231216
2019-10-29,65402.0,"A.O. Smith Q3 EPS $0.53, Inline, Sales $728.2M Miss $753.26M Estimate",-4.128527641296387,SMITH A O CORP,2.8234846889972687,5.905328357067585,6.231881402279282,0.5482647102326155,0.8444625354165458,0.983284201231216
2019-10-11,65402.0,A.O. Smith Late Thursday Increased Qtr. Dividend From $0.22 to $0.24/Share,3.5606421530246726,SMITH A O CORP,-0.5417839623987675,6.292970611226312,6.417999433003185,1.9357701763510704,2.43147319492798,2.681141354134331
2019-10-03,18075.0,UPDATE: Ampco Purchase For $8M In Cash To Be Paid For Equity Of ASW,-0.7653053849935532,AMPCO PITTSBURGH CORP,1.0282766073942184,3.5989744988851546,-3.0848358932340614,-2.7271147817373276,6.521739297333329,3.1578981273676643
2019-10-03,18075.0,"Ampco Pittsburgh 8-K Shows Ampco UES Sub, ASW Steel Entered Share Purchase Deal With Valbruna Canada",-0.7653053849935532,AMPCO PITTSBURGH CORP,1.0282766073942184,3.5989744988851546,-3.0848358932340614,-2.7271147817373276,6.521739297333329,3.1578981273676643
2019-10-31,84769.0,"Amphenol Earlier Reported Q3 EPS $0.95 Beats $0.87 Estimate, Sales $2.101B Beat $1.98B Estimate",-0.4860125482082367,AMPHENOL CORP NEW,2.44193859398365,2.192760809701677,0.7674640295355362,-0.15845083398744464,-0.3656514749249995,0.5886424931320633
2019-10-24,84769.0,"Wells Fargo Maintains Outperform on Amphenol, Raises Price Target to $112",0.19687428139150137,AMPHENOL CORP NEW,-1.5325645916163921,-1.4343245484911504,0.7269849546273077,2.5229590013623238,1.1751744244361317,2.6161578954079223
2019-10-23,84769.0,Amphenol shares are trading higher after the company reported better-than-expected Q3 EPS and sales results. The company also raised its FY19 EPS and sales guidance above analyst estimates.,2.522959001362324,AMPHENOL CORP NEW,0.19687428139150143,-0.757945244033631,1.2796566924777375,-1.314617320895195,0.09090538836706852,0.45620128982952757
2019-10-23,84769.0,"UPDATE: Amphenol Raises FY19 Guidance: Adj. EPS From $3.56-$3.60 To $3.65-$3.67 vs $3.58 Estimate, Sales From $7.92B-$8B To $8.035B-$8.075B vs $7.96B Est.",2.522959001362324,AMPHENOL CORP NEW,0.19687428139150143,-0.757945244033631,1.2796566924777375,-1.314617320895195,0.09090538836706852,0.45620128982952757
2019-10-23,84769.0,"Amphenol Sees Q3 Adj. EPS $0.89-$0.91 vs $0.91 Estimate, Sales $1.96B-$2B vs $2.01B",2.522959001362324,AMPHENOL CORP NEW,0.19687428139150143,-0.757945244033631,1.2796566924777375,-1.314617320895195,0.09090538836706852,0.45620128982952757
2019-10-23,84769.0,Amphenol Raises FY19 Guidance,2.522959001362324,AMPHENOL CORP NEW,0.19687428139150143,-0.757945244033631,1.2796566924777375,-1.314617320895195,0.09090538836706852,0.45620128982952757
2019-10-23,84769.0,"Amphenol Q3 Adj. EPS $0.95 Beats $0.87 Estimate, Sales $2.101B Beat $1.98B Estimate",2.522959001362324,AMPHENOL CORP NEW,0.19687428139150143,-0.757945244033631,1.2796566924777375,-1.314617320895195,0.09090538836706852,0.45620128982952757
2019-10-22,84769.0,"JP Morgan Initiates Coverage On Amphenol with Neutral Rating, Announces $104 Price Target",-1.314617320895195,AMPHENOL CORP NEW,2.5229590013623238,1.9073641780036121,5.368864320600908,1.4242460951209068,1.7944082118857674,1.6501365412052493
2019-10-31,12591.0,Apollo Global Mgmt Q3 EPS $0.52 Misses $0.57 Estimate,0.3902435302734375,APOLLO GLOBAL MANAGEMENT INC NEW,5.077745765447617,3.425655592192789,6.17104207771797,-0.5337244365364313,-0.6060606030424798,-0.5095828403000047
2019-10-29,12591.0,"Citigroup Maintains Buy on Apollo Global Management, Raises Price Target to $53",-0.07272431394085288,APOLLO GLOBAL MANAGEMENT INC NEW,-0.5337244365364313,6.040751591383353,4.0756920092794635,0.09706604178063571,0.2186592668496079,-0.07267145381610884
2019-10-28,12591.0,"Apollo to Acquire 7.5M Shares of Athene for $46.20/Share, 28M Athene Shares to be Acquired for a 7% Equity Stake in Apollo",0.09706604178063571,APOLLO GLOBAL MANAGEMENT INC NEW,-0.07272431394085288,5.98788178467804,2.860606789720088,0.12147531379014254,-0.16957289789681917,3.490706738765348
2019-10-16,12591.0,Apollo Global Said to Offer $5B to Acquire Tech Data,0.1269016065634787,APOLLO GLOBAL MANAGEMENT INC NEW,1.4702104032039642,4.638778207452443,3.9290221396169445,1.8877770751714706,1.7561990875551103,1.207298278326152
2019-10-14,12591.0,Hilton Grand Vacations Shares Spike ~5.7% As Hearing Apollo To Bid $40/Share For Co.,-0.1291401102207601,APOLLO GLOBAL MANAGEMENT INC NEW,1.8877770751714706,3.361787208082445,6.671843756199536,-0.5394273903220892,0.07754612962003193,2.298554220692406
2019-10-08,12591.0,"UPDATE: BMO On Apollo Global Management Also Thinks 'shares will continue to benefit from technical support associated with improved liquidity, broadened shareholder engagement, and index inclusions'",-0.3685264382511377,APOLLO GLOBAL MANAGEMENT INC NEW,2.219287119805813,4.095120496498272,5.204759035310547,1.0641168802976608,3.009763011766453,6.384773628265239
2019-10-08,12591.0,"UPDATE: BMO Initiates Apollo Global Management With Outperform, $52 Target As Firm Notes 'The market under-appreciates APO's prospects for accelerating FRE growth via excess capital deployment by Athene and Athora'",-0.3685264382511377,APOLLO GLOBAL MANAGEMENT INC NEW,2.219287119805813,4.095120496498272,5.204759035310547,1.0641168802976608,3.009763011766453,6.384773628265239
2019-10-08,12591.0,"BMO Capital Initiates Coverage On Apollo Global Management with Outperform Rating, Announces $52 Price Target",-0.3685264382511377,APOLLO GLOBAL MANAGEMENT INC NEW,2.219287119805813,4.095120496498272,5.204759035310547,1.0641168802976608,3.009763011766453,6.384773628265239
2019-10-03,12591.0,"Apollo Global management shares are trading higher as a potential rebound from the $35 support level yesterday, the stock has continued today on seemingly no company-specific news.",3.276398777961731,APOLLO GLOBAL MANAGEMENT INC NEW,1.925160177052021,5.558566144732335,8.541208341749783,-3.6947213113307953,-5.579060303649408,-8.153296956073309
2019-10-30,14179.0,Antero Resources shares are trading higher after the company raised its full year production guidance to the top end of the range.,-4.9295730888843545,ANTERO RESOURCES CORP,-7.407408952713013,2.2222203674462593,-12.222227604863246,9.23077017068863,4.79704363038429,14.97975257926658
2019-10-29,14179.0,Antero Resources shares are trading higher after the company reported Q3 earnings results.,9.23077017068863,ANTERO RESOURCES CORP,-4.929573088884354,-2.816898698647463,-10.915491245125185,-4.059045389294624,5.263152863972631,1.5624986753208114
2019-10-29,14179.0,Antero Resources Q3 EPS $(0.49) vs $(0.29) Estimate,9.23077017068863,ANTERO RESOURCES CORP,-4.929573088884354,-2.816898698647463,-10.915491245125185,-4.059045389294624,5.263152863972631,1.5624986753208114
2019-10-29,14179.0,Antero Resources shares are trading higher after in anticipation of the company's Q3 earnings scheduled for today after the close.,9.23077017068863,ANTERO RESOURCES CORP,-4.929573088884354,-2.816898698647463,-10.915491245125185,-4.059045389294624,5.263152863972631,1.5624986753208114
2019-10-25,14179.0,Antero Resources shares are trading higher on seemingly no company-specific news.,9.716599434614182,ANTERO RESOURCES CORP,-4.059045389294624,-1.4760128596762234,5.535050386989693,-3.5156216472387314,-3.1372518731073273,-3.891046901620987
2019-10-08,14179.0,"Mitsubishi UFJ Downgrades Antero Resources to Neutral, Lowers Price Target to $3",-7.865169644355774,ANTERO RESOURCES CORP,0.0,7.723579158927296,3.6585328056500943,-7.93103501200676,-6.315783826477695,-4.301071421546698
2019-10-07,14179.0,Antero Resources shares are trading higher after Morgan Stanley downgraded the stock from Equal-Weight to Underweight and lowered the price target from $3.25 to $1.50 per share.,-7.93103501200676,ANTERO RESOURCES CORP,-7.865169644355774,4.494377506605063,-3.7453236940297785,1.754392683506012,3.9426571059351545,0.34602037050672774
2019-10-04,14179.0,"UPDATE: Morgan Stanley Downgrades Antero Resources To Underweight, Lowers Target To $1.50 As Firm Notes Co. 'could face increasing exposure to spot gas prices as its hedges begin to roll off, while outsized NGL volumes present significant downside risk'",1.754392683506012,ANTERO RESOURCES CORP,-7.93103501200676,-5.862071566967875,-12.068970293153992,2.1505355834960938,-1.3840899403525952,-5.629141764106516
2019-10-04,14179.0,"Morgan Stanley Downgrades Antero Resources to Underweight, Lowers Price Target to $1.5",1.754392683506012,ANTERO RESOURCES CORP,-7.93103501200676,-5.862071566967875,-12.068970293153992,2.1505355834960938,-1.3840899403525952,-5.629141764106516
2019-10-03,14179.0,JP Morgan Reinstates Underweight on Antero Resources,2.150535583496094,ANTERO RESOURCES CORP,1.754392683506012,-13.333329483208034,-1.7543845844933847,-3.4602124243974686,-7.615894819507463,-14.939025007475982
2019-10-29,91814.0,Accuray Reaffirms FY20 Sales $410M-$420M,0.0,ACCURAY INC DE,-4.844294115900993,2.768163396654044,-7.2664368970911,3.956839442253113,5.090912972812589,5.8608090401440105
2019-10-29,91814.0,"Accuray Q1 EPS $(0.11) Misses $(0.09) Estimate, Sales $89.6M Miss $92.15M Estimate",0.0,ACCURAY INC DE,-4.844294115900993,2.768163396654044,-7.2664368970911,3.956839442253113,5.090912972812589,5.8608090401440105
2019-10-31,77595.0,"ArcBest Q3 EPS $0.62 Misses $0.87 Estimate, Sales $787.6M Miss $797.1M Estimate",-2.167291752994061,ARCBEST CORP,2.2499188780784607,8.238148702493442,2.9981888868520823,-3.4651830792427063,-3.8423916467039687,-3.9049753175562696
2019-10-30,90401.0,Ares Capital Q3 EPS $0.48 Beats $0.46 Estimate,0.0,ARES CAPITAL CORP,-1.2412382289767265,0.7015604679468046,0.7015604621527505,0.3248585620895028,0.8161127949215308,0.5425956593142933
2019-10-22,90401.0,UPDATE: Raymond James Downgrades Ares Capital To Market Perform 'primarily as a function of valuation rather than fundamental concerns regarding the company'; As Firm Notes 'We see no immediate catalysts for material NAV appreciation',-0.4280359484255314,ARES CAPITAL CORP,-0.8060264401137829,-0.4298759864936663,-0.1612073251759938,0.7275679148733616,0.9179269605777085,1.6866234181057704
2019-10-22,90401.0,Raymond James Downgrades Ares Capital to Market Perform,-0.4280359484255314,ARES CAPITAL CORP,-0.8060264401137829,-0.4298759864936663,-0.1612073251759938,0.7275679148733616,0.9179269605777085,1.6866234181057704
2019-10-21,12684.0,Bank of America Upgrades Arcos Dorados Holdings to Buy,6.8245165050029755,ARCOS DORADOS HOLDINGS INC,0.7822678424417973,-2.216428606580212,-3.780964186978353,2.571426145732403,6.056127716999593,7.004467744357967
2019-10-28,84767.0,"Alexandria Real Estate Q3 FFO $1.75 Up From $1.66 YoY, EPS $(0.44), Sales $390.5M Up From $341.823M YoY",0.3981073386967182,ALEXANDRIA REAL EST EQUITIES INC,-1.6175774857401848,-1.0574067313101954,-2.3602717895033654,-0.5717539694160223,0.32968006820048856,0.706376922336438
2019-10-31,14617.0,"Ares Management Earlier Reported Q3 EPS $0.34 Misses $0.37 Estimate, Sales $466.49M Beat $308.81M Estimate",-0.5381764378398657,ARES MANAGEMENT CORP,6.087254360318184,8.725065308479717,7.237062380086101,0.20222265738993883,1.467577841243073,5.238936481514367
2019-10-08,14617.0,BMO Capital Initiates Coverage On Ares Management with Market Perform Rating,-0.4988456144928932,ARES MANAGEMENT CORP,1.0412666946649551,3.1237926527192927,7.828764797112742,-1.362606417387724,-1.5489227916413717,-0.648113194528277
2019-10-03,14617.0,"Ares Mgmt. Reports Strategic Joint Venture With Fidante Partners In Australia, No Terms Disclosed",0.9149819612503052,ARES MANAGEMENT CORP,-0.1888902042992413,-1.5111433043547562,2.644505945598641,-0.6815611850470304,-2.1633716639203437,-5.477479175020028
2019-10-25,12621.0,Politics Still Problematic For The Argentina ETF,0.2673772862181067,GLOBAL X FUNDS,-2.222222276031971,-2.6222229633160676,-3.022223750899733,0.6278085056692362,0.5827031205831057,-0.7957572807226421
2019-10-23,93014.0,"Apollo Commercial Real Q3 EPS $0.47, Inline",0.1055889646522701,APOLLO COMMERCIAL RL EST FIN INC,-2.6898646727204323,-4.377636971679388,-4.113917873548589,-0.8895869366824627,-0.47293821765488353,-0.5252120302216667
2019-10-22,93014.0,"JP Morgan Downgrades Apollo Commercial Real to Neutral, Announces $18.5 Price Target",-0.8895869366824627,APOLLO COMMERCIAL RL EST FIN INC,0.10558896465227008,-4.118271761885762,-3.8014847629840864,0.4203884396702051,0.3676454321989375,0.897571659959695
2019-10-28,87198.0,Alliance Resource Partners LP shares are trading lower after the company reported worse-than-expected Q3 EPS and sales results.,-8.05860385298729,ALLIANCE RESOURCE PARTNERS,-7.091636210680008,0.7968082369252505,-0.5558732030821023,-1.1585865169763565,-3.601696620082817,-3.053979509586613
2019-10-28,87198.0,"Alliance Resource Q3 EPS $0.42 Misses $0.47 Estimate, Sales $464.726M Miss $518.27M Estimate",-8.05860385298729,ALLIANCE RESOURCE PARTNERS,-7.091636210680008,0.7968082369252505,-0.5558732030821023,-1.1585865169763565,-3.601696620082817,-3.053979509586613
2019-10-17,14329.0,UAW Reached Tentative Agreement With Aramark For The 850 Members On Strike Who Work At GM Plants,0.9356454946100712,ARAMARK,0.7461040746420622,1.0400159944757847,-1.0626300209185868,-0.5447155330330133,-0.2276832252635197,-0.7923895926380875
2019-10-10,14329.0,"Morgan Stanley Maintains Equal-Weight on Aramark, Raises Price Target to $43",1.52047136798501,ARAMARK,1.7741857096552849,1.912437742470141,2.9723433953520395,0.1640105270780623,-2.7082354975313083,0.09365690900753343
2019-10-07,14329.0,Aramark shares are trading higher after the company announced John Zillmer as the CEO.,2.879886515438557,ARAMARK,-2.867542952299118,-0.04551776702611532,1.0696431312021915,1.0648385621607304,1.088755219169757,0.07028769337011909
2019-10-07,14329.0,Aramark Announces John Zillmer CEO,2.879886515438557,ARAMARK,-2.867542952299118,-0.04551776702611532,1.0696431312021915,1.0648385621607304,1.088755219169757,0.07028769337011909
2019-10-03,14329.0,"Aramark Reports Expansion Of Relationship With Dickies To Provide Added Premium Apparel Options To More Workers, No Terms Disclosed",0.02366466651437804,ARAMARK,1.0648385621607304,2.6975938895581697,4.661621435710761,-1.0074983350932598,-3.0518627012042776,-1.789866164363041
2019-10-30,15070.0,Arrow Financial Reports $5M Buyback,0.285313231870532,ARROW FINANCIAL CORP,-0.08535588276572526,3.1578855162726516,3.2147857240224287,0.7763095665723085,2.0972832897501403,0.9504550203498496
2019-10-22,15070.0,Arrow Financial Q3 EPS $0.67 Up From $0.64 YoY,-0.11838092468678948,ARROW FINANCIAL CORP,1.3036996126174927,3.851849534094276,7.229625522262628,1.777108944952488,1.6240629934836548,2.7989110333202616
2019-10-24,92477.0,Ladenburg Thalmann Upgrades ARMOUR Residential REIT to Buy,-1.8669761717319489,ARMOUR RESIDENTIAL REIT INC,-1.12961083650589,-0.5350782003529675,0.4756238083353681,0.46893274411559105,1.001768300725936,1.7210623270036418
2019-10-31,29209.0,"Arrow Electronics Sees Q4 Sales $7.125B-$7.525B vs $7.4B Estimate, Adj. EPS $2.10-$2.26 vs $2.10 Est.",1.381076592952013,ARROW ELECTRONICS INC,2.270437777042389,3.1659966208647194,0.9207912614786373,-0.11496227234601974,0.7342518542712062,1.334713999242676
2019-10-31,29209.0,"Arrow Electronics Q3Adj. EPS $1.86 Beats $1.67 Estimate, Sales $7.08B Beat $7.04B Estimate",1.381076592952013,ARROW ELECTRONICS INC,2.270437777042389,3.1659966208647194,0.9207912614786373,-0.11496227234601974,0.7342518542712062,1.334713999242676
2019-10-24,80069.0,Arrowhead Pharmaceuticals shares are trading lower after Baird downgraded the company's stock from Outperform to Neutral and announced a $39 price target.,-7.011355459690094,ARROWHEAD PHARMACEUTICALS INC,4.556550830602646,8.624899161736788,7.404392503446466,1.731887273490429,8.630141504028987,10.292074528016592
2019-10-24,80069.0,"Baird Downgrades Arrowhead Pharmaceuticals to Neutral, Announces $39 Price Target",-7.011355459690094,ARROWHEAD PHARMACEUTICALS INC,4.556550830602646,8.624899161736788,7.404392503446466,1.731887273490429,8.630141504028987,10.292074528016592
2019-10-22,80069.0,Arrowhead Pharmaceuticals shares are trading higher after Chardan Capital maintained a Buy rating on the stock and raised the price target from $32 to $45.,6.7808181047439575,ARROWHEAD PHARMACEUTICALS INC,1.731887273490429,2.37332404137387,1.9371418732995416,1.529900450259447,-0.27322001315099875,5.766449550854591
2019-10-22,80069.0,"Chardan Capital Maintains Buy on Arrowhead Pharmaceuticals, Raises Price Target to $45",6.7808181047439575,ARROWHEAD PHARMACEUTICALS INC,1.731887273490429,2.37332404137387,1.9371418732995416,1.529900450259447,-0.27322001315099875,5.766449550854591
2019-10-18,80069.0,Arrowhead Pharmaceuticals shares are trading higher after the company discussed its developement strategy for its emerging pipiline of RNAi at its R&D conference.,-1.775950193405151,ARROWHEAD PHARMACEUTICALS INC,1.529900450259447,7.232262896060382,15.38247216262285,6.056216359138489,6.565721907553179,10.976346320214247
2019-10-03,80069.0,"Baird Initiates Coverage On Arrowhead Pharmaceuticals with Outperform Rating, Announces $39 Price Target",3.4578148275613776,ARROWHEAD PHARMACEUTICALS INC,2.2727282717823982,6.951871110510832,22.32619757343235,2.7718575671315193,2.6259750826732375,7.270033518401675
2019-10-29,15318.0,Associated Banc-Corp Raises Qtr. Dividend From $0.17 To $0.18/Share,0.09770619217306376,ASSOCIATED BANC CORP,-0.1464162371121347,4.050756211491802,5.8565192640581465,1.1863557621836662,0.8871285614295621,-0.8716721526579763
2019-10-14,15318.0,Associated Banc Receives Regulatory Approval To Acquire First Staunton Bancshares.,0.5050524603575468,ASSOCIATED BANC CORP,2.763824909925461,3.919601542430451,2.8643202086619635,1.6427088528871536,3.1249918316142766,4.430380631927244
2019-10-17,14092.0,"Stifel Nicolaus Downgrades Ardmore Shipping to Hold, Raises Price Target to $9.5",-6.322439014911652,ARDMORE SHIPPING CORP,0.3374547930434346,-2.1372386791362885,-10.123740305928541,3.94304096698761,2.9284109255407476,8.830269241119137
2019-10-24,77917.0,ASGN's ECS Unit Wins $45M Contract To Lead IT Modernization Efforts For US Mint ITSPO,5.6271992623806,ASGN INC,1.1733021587133408,0.8244814343641549,6.579993053742728,-1.7281094565987587,-2.926352340924665,-2.4346432913765037
2019-10-24,77917.0,"Bank of America Reiterates Buy on ASGN, Lowers Price Target to $72",5.6271992623806,ASGN INC,1.1733021587133408,0.8244814343641549,6.579993053742728,-1.7281094565987587,-2.926352340924665,-2.4346432913765037
2019-10-23,77917.0,"ASGN Q3 Adj. EPS $1.31 Beats $1.23 Estimate, Sales $1B Beat $998.25M Estimate",-1.7281094565987591,ASGN INC,5.6271992623806,8.792497206648164,12.728184027788704,-1.2193139642477036,-0.7189582197624556,-0.8323847380076854
2019-10-16,24272.0,"Wells Fargo Initiates Coverage On Ashland Global Holdings with Outperform Rating, Announces $90 Price Target",0.12904694303870198,ASHLAND INC 2022,-0.4381961189210415,-1.5208051949302304,0.6959671795952804,0.7410292513668537,0.9378679787573896,3.0041132202407006
2019-10-14,24272.0,"Monness Crespi Hardt Upgrades Ashland Global Holdings to Buy, Announces $88 Price Target",0.19539082422852522,ASHLAND INC 2022,0.7410292513668537,0.16901304533794015,0.9750389705138085,2.047046646475792,2.619969406837952,1.0530411923526106
2019-10-28,12497.0,Assembly Biosciences Announces Thomas Russo CFO,3.496040403842926,ASSEMBLY BIOSCIENCES INC,-2.8043312951922417,7.8393913167814855,-7.711919604898787,6.311357766389847,7.3654390187577246,7.670454179630148
2019-10-17,12497.0,Assembly Biosciences Shares Up 17% Today; Co Announced Wednesday Safety and Antiviral Activity of Core Inhibitor Candidates In the Treatment of Chronic Hep B to be Featured in a Late Breaking Session at AASLD,21.9819113612175,ASSEMBLY BIOSCIENCES INC,-2.965828776359558,-8.059316384851723,6.4474530552287135,36.72042787075043,41.12097391008322,45.98163073565744
2019-10-16,12497.0,"Mizuho Initiates Coverage On Assembly Biosciences with Buy Rating, Announces $20 Price Target",36.72042787075043,ASSEMBLY BIOSCIENCES INC,21.9819113612175,11.049938725217023,20.487609293209076,3.218645602464676,6.773825249919607,9.799290766014979
2019-10-15,12497.0,Assembly Biosciences Option Alert: Nov 15 $15 Calls Sweep (2) near the Ask: 782 @ $0.3 vs 2872 OI; Earnings 11/7 Before Open [est] Ref=$9.29,3.218645602464676,ASSEMBLY BIOSCIENCES INC,36.72042787075043,51.39784427336511,63.97849008839971,3.4443192183971405,6.3754422712490655,7.775126980185809
2019-10-16,81472.0,ASML Holding shares are trading lower after the company reported Q3 earnings.,-4.885253310203552,A S M L HOLDING N V,-0.27901390567421913,1.253586821486219,4.393442372284384,2.255004458129406,2.900003320571898,6.381964698140741
2019-10-16,81472.0,ASML Sees Q4 Net Sales EUR 3.9B,-4.885253310203552,A S M L HOLDING N V,-0.27901390567421913,1.253586821486219,4.393442372284384,2.255004458129406,2.900003320571898,6.381964698140741
2019-10-16,81472.0,"ASML Earlier Reported Q3 Net Sales EUR 3.0B, Net Income EUR 627M, Net Bookings EUR 5.1B",-4.885253310203552,A S M L HOLDING N V,-0.27901390567421913,1.253586821486219,4.393442372284384,2.255004458129406,2.900003320571898,6.381964698140741
2019-10-15,81472.0,ASML shares are trading higher after RBC Capital maintained its Outperform rating on the stock and raised the price target from $245 to $270 per share.,2.255004458129406,A S M L HOLDING N V,-4.885253310203552,-4.578760039495943,-1.0989018193834021,0.6307748612016439,4.035949401088956,6.241121574093644
2019-10-14,81472.0,"RBC Capital Maintains Outperform on ASML Holding, Raises Price Target to $270",0.6307748612016438,A S M L HOLDING N V,2.255004458129406,-0.4624757169450211,1.8613343951633832,3.383830189704895,5.575179879743808,7.402510736754886
2019-10-24,92981.0,"Altisource Portfolio Q3 Adj. EPS $0.25 Does Not Compare To $(1.34) Estimate, Sales $133.781M Does Not Compare To $17.3M Estimate",-8.599826693534851,ALTISOURCE PORTFOLIO SLTNS S A,-8.936167508363724,-15.839245141607638,-14.089832080385955,0.8718345314264297,-0.04319754551812549,2.2084805567056165
2019-10-23,88593.0,"ASUR Reports Q3 Sales Up 11.5% YoY, EPS Up 33.1% YoY",1.034782640635967,GRUPO AEROPORTUARIO DEL SUR S A,2.51335222274065,4.637137963666471,6.672956855324386,-0.9495029225945473,-1.024184521889493,-0.9245871772498249
2019-10-04,88593.0,ASUR Reports Total September Traffic Up 5.5% YoY,1.438900176435709,GRUPO AEROPORTUARIO DEL SUR S A,-1.110395137220621,1.0333764947921376,2.150186615841343,1.775887981057167,-0.05856094256416755,0.7147516384713226
2019-10-15,92807.0,AmeriServ Financial Q3 EPS $0.1 Down From $0.13 YoY,-0.2398136304691434,AMERISERV FINANCIAL INC,-0.2403786638751626,-0.4807687824507356,-0.721147545157308,0.48192725516855717,1.2135969277908165,1.2135969277908165
2019-10-29,10382.0,"Astec Industries Q3 Adj. EPS $0.17 Misses $0.24 Estimate, Sales $255.8M Miss $259.55M Estimate",1.748034916818142,ASTEC INDUSTRIES INC,3.5545047372579575,12.055698434792571,15.052351427161504,1.7167424783110619,5.601528414456514,4.175823852110594
2019-10-08,77505.0,Asure Software shares are trading higher after the company announced it will sell its Workspace Management business to FM:Systems in an asset and equity transaction valued at $120 million.,23.00884872674942,ASURE SOFTWARE INC,-1.558754313737154,4.196635846661412,1.0791386486727061,0.29585768934339285,5.443240773748714,7.9617830745636775
2019-10-30,91348.0,"Alphatec Holdings Q3 EPS $(0.26) Misses $(0.22) Estimate, Sales $29.201M Beat $26.37M Estimate",3.685096651315689,ALPHATEC HOLDINGS INC,11.147011816501617,10.500808885085089,12.60096463364011,2.9310274869203568,3.645825575273598,3.4662012137289366
2019-10-30,14495.0,A10 Networks 8-K Shows Workforce Reduction Of ~5% Of Co. Workforce,13.622292876243591,A10 NETWORKS INC,1.2261535972356796,-1.3624030461785508,-3.9509531092705608,-0.6153840105980635,-1.972687570327536,-1.3740480858876136
2019-10-29,14495.0,"A10 Sees Q4 EPS Guidance $0.04-$0.08 Vs. $0.09 Est., Sales $55M-$59M Vs. $54M Est.",-0.6153840105980635,A10 NETWORKS INC,13.622292876243591,10.21671587263333,11.145507620687578,-1.3657079078257084,-0.7633616810175714,0.3086416373480505
2019-10-29,14495.0,"A10 Networks Q3 EPS $0.02 Misses $0.04 Estimate, Sales $52.8M Beat $51M Estimate",-0.6153840105980635,A10 NETWORKS INC,13.622292876243591,10.21671587263333,11.145507620687578,-1.3657079078257084,-0.7633616810175714,0.3086416373480505
2019-10-31,43123.0,Allegheny Technologies shares are trading higher after the company reported better-than-expected Q3 EPS and sales results.,9.541188180446625,A T I INC,5.8543529361486435,13.231797535171452,10.566393466256363,-3.9559289813041687,-5.749385941691854,-3.033368817743465
2019-10-31,43123.0,"Allegheny Technologies Q3 Adj. EPS $0.33 Beats $0.32 Estimate, Sales $1.02B Beat $1.01B Estimate",9.541188180446625,A T I INC,5.8543529361486435,13.231797535171452,10.566393466256363,-3.9559289813041687,-5.749385941691854,-3.033368817743465
2019-10-15,43123.0,Longbow Research Downgrades Allegheny Technologies to Underperform,-0.9671216830611229,A T I INC,-1.8554646521806717,-3.564450883722059,-2.4902353334609995,-3.001873381435871,2.2749801554280635,7.764458992496426
2019-10-14,43123.0,"KeyBanc Maintains Overweight on Allegheny Technologies, Lowers Price Target to $28",-3.001873381435871,A T I INC,-0.9671216830611229,-2.5628659075701,-1.5957440780973497,5.440160259604454,11.099526093189272,10.926120774748904
2019-10-10,43123.0,Allegheny Technologies shares are trading higher after Goldman Sachs upgraded the company's stock from Neutral to Buy and announced a $25 price target.,5.367372184991837,A T I INC,5.440160259604454,1.3353138450211022,-4.896141391213316,-0.1560810604132712,-2.8846137648005143,-5.607473527763185
2019-10-10,43123.0,"Goldman Sachs Upgrades Allegheny Technologies to Buy, Announces $25 Price Target",5.367372184991837,A T I INC,5.440160259604454,1.3353138450211022,-4.896141391213316,-0.1560810604132712,-2.8846137648005143,-5.607473527763185
2019-10-18,90470.0,Ames National Q3 EPS $0.44 Down From $0.48 YoY,0.0,AMES NATL CORP,1.81818176060915,-0.981819793738381,0.8664259550683839,0.14566975878551602,0.3283478686057162,0.2917575524516547
2019-10-25,77090.0,"Raymond James Maintains Outperform on ATN International, Raises Price Target to $67",-2.578563243150711,A T N INTERNATIONAL INC,2.2663339972496033,-3.374691424933729,-5.343258205183565,8.859647810459137,10.428903290073134,8.859647825778904
2019-10-23,77090.0,"ATN International Q3 EPS $0.09 Down From $1.06 YoY, Sales $115.6M Miss $115.76M Estimate",1.441540103405714,A T N INTERNATIONAL INC,8.859647810459137,4.736843385955236,2.807014827816401,-1.4210550114512444,-1.6797950154594732,-1.490186272678684
2019-10-31,14497.0,Actinium Pharmaceuticals shares are trading higher. Not seeing any news to justify the price action.,5.141177028417587,ACTINIUM PHARMACEUTICALS INC,5.010015144944191,8.216434038529474,0.20039781147858093,-0.29412261210381985,-4.698796790874837,-32.680851137650514
2019-10-28,14497.0,Actinium Pharmaceuticals shares are trading lower after the company reported results from the pivotal Iomab-B Phase 3 SIERRA trial.,-29.361701011657708,ACTINIUM PHARMACEUTICALS INC,-4.417667537927628,12.89156907234128,0.4417624204573034,13.93386423587799,62.21812834604003,67.85714324745369
2019-10-28,14497.0,Actinium Announces 'Positive' Interim Results from Iomab-B Pivotal Phase 3 SIERRA Trial,-29.361701011657708,ACTINIUM PHARMACEUTICALS INC,-4.417667537927628,12.89156907234128,0.4417624204573034,13.93386423587799,62.21812834604003,67.85714324745369
2019-10-25,14991.0,Atara Biotherapeutics Chief Science Officer Reportedly Has Left Co.,-3.075712360441685,ATARA BIOTHERAPEUTICS INC,0.08136882679536939,-1.3832396102517852,9.031729457497327,-1.2461047619581223,-2.4615361242334655,2.175668611026782
2019-10-30,90856.0,AtriCure Raises FY19 Sales Guidance From $224M-$228M To $227M-$229M vs $227.45M Est.,-0.8038042113184929,ATRICURE INC,-2.062613144516945,3.9042339743342813,3.6095749802993904,1.257862150669098,2.9334361650669827,4.385970828470587
2019-10-30,90856.0,"AtriCure Q3 EPS $(0.25) Beats $(0.27) Estimate, Sales $56.6M Beat $55.23M Estimate",-0.8038042113184929,ATRICURE INC,-2.062613144516945,3.9042339743342813,3.6095749802993904,1.257862150669098,2.9334361650669827,4.385970828470587
2019-10-04,15457.0,"Astronics Reports Purchase Of Mass Transit Test Solution Provider Diagnosys Test Systems For $7M In Cash, Potential $13M Earn Out Over 3 Years",3.738975152373314,ASTRONICS CORP,-0.7480425294488668,0.5100292616802893,0.06800556819568371,0.1766824978403747,-2.7110467679248518,-3.5057821996064886
2019-10-30,90716.0,Atlas Air Loses Money From Q3 Operations,-3.04877869784832,AIR TRANSPORT SERVICES GROUP INC,1.1611019261181355,5.007256024834983,17.876147072529847,-0.7910659536719322,-1.2048202985490808,1.2345690809923537
2019-10-07,90716.0,Atlas Air Pilots Authorized To Form Own Local,-2.43055447936058,AIR TRANSPORT SERVICES GROUP INC,-2.1352317184209824,0.7625807123447181,4.37214340558969,1.459481567144394,-1.369866434807121,-3.540668869458141
2019-10-31,14986.0,Atento Names Gustavo Tasner COO,2.04081442207098,ATENTO S A,1.6666650772094727,-1.6666654280955706,-7.000001550672286,-0.3389827208593488,-6.928790874383139e-10,-1.6722392297643496
2019-10-31,79678.0,"Piper's Olson Notes Like Activision-Blizzard As Co. Has A 'Really Strong' 2020 Lineup, Says Co. Should Be Fastest-Growing Video Game Publisher Of 2020",0.2863788278773427,ACTIVISION BLIZZARD INC,-0.3747975919395685,-2.64144116461964,-5.943241217219242,3.4629609435796738,2.4010218418235363,1.1038737354567507
2019-10-30,79678.0,Activision-Blizzard shares are trading higher after the company announced 'Call Of Duty: Modern Warfare' delivered $600 million in worldwide sales during its first three days of release.,3.4629609435796738,ACTIVISION BLIZZARD INC,0.2863788278773427,0.877038990622192,-6.336132333783839,-1.0263954289257526,-2.2801272905860315,-2.5974001503344946
2019-10-30,79678.0,Activision-Blizzard's 'Call Of Duty: Modern Warfare' Has $600M Opening Weekend,3.4629609435796738,ACTIVISION BLIZZARD INC,0.2863788278773427,0.877038990622192,-6.336132333783839,-1.0263954289257526,-2.2801272905860315,-2.5974001503344946
2019-10-30,79678.0,Activision-Blizzard Shares Spike 3% Higher As Co. Highlights 'Call Of Duty: Modern Warfare' Delivered $600M Sell Through In First 3 Days,3.4629609435796738,ACTIVISION BLIZZARD INC,0.2863788278773427,0.877038990622192,-6.336132333783839,-1.0263954289257526,-2.2801272905860315,-2.5974001503344946
2019-10-28,79678.0,How The Hong Kong Protests Are Landing Companies In Hot Water,-1.2667335569858549,ACTIVISION BLIZZARD INC,-1.0263954289257526,2.1077669906244267,-3.73900445100086,-0.324675883166492,0.8394144259046055,1.3572961686354912
2019-10-24,79678.0,"Najarian Brothers Highlight Unusual Options Activity In Activision Blizzard, Cronos Group",1.167882140725851,ACTIVISION BLIZZARD INC,-0.324675883166492,1.0642138621931974,-1.6053378854619882,0.5135707557201385,-1.2790472688812615,0.4767112800700746
2019-10-24,79678.0,Activision-Blizzard Shares Rebound ~0.9% From Session Low Near $54.60 Following Unusual Option Activity For This Week's $55 Calls,1.167882140725851,ACTIVISION BLIZZARD INC,-0.324675883166492,1.0642138621931974,-1.6053378854619882,0.5135707557201385,-1.2790472688812615,0.4767112800700746
2019-10-24,79678.0,Activision Blizzard Option Alert: Fri $55 Calls Sweep (57) near the Ask: 509 @ $0.541 vs 2285 OI; Earnings 11/7 After Close Ref=$54.97,1.167882140725851,ACTIVISION BLIZZARD INC,-0.324675883166492,1.0642138621931974,-1.6053378854619882,0.5135707557201385,-1.2790472688812615,0.4767112800700746
2019-10-18,79678.0,Group Of Members Of Congress Pen Letter To Blizzard CEO Condemning Co.'s Decision To Ban Professional Hearthstone Player For Voicing Support For Hong Kong Protests,-1.888827607035637,ACTIVISION BLIZZARD INC,1.778506487607956,1.3201272892295002,2.346899127279789,0.0,0.05399348447099328,1.0543570955808823
2019-10-18,79678.0,Activision Blizzard shares are trading lower despite high anticipation of the new Modern Warfare release and strength in its Call of Duty Mobile title. The company confirmed 'Modern Warfare' will have free maps and no loot boxes.,-1.888827607035637,ACTIVISION BLIZZARD INC,1.778506487607956,1.3201272892295002,2.346899127279789,0.0,0.05399348447099328,1.0543570955808823
2019-10-15,79678.0,"Citi Maintains Neutral on Activision Blizzard, Raises Price Target to $55",0.999823771417141,ACTIVISION BLIZZARD INC,0.05399348447099328,-1.871851881146902,-2.8077777495122302,0.3465863410383463,2.4585579379561295,2.9571365278256545
2019-10-15,79678.0,"Morgan Stanley Maintains Overweight on Activision Blizzard, Raises Price Target to $60",0.999823771417141,ACTIVISION BLIZZARD INC,0.05399348447099328,-1.871851881146902,-2.8077777495122302,0.3465863410383463,2.4585579379561295,2.9571365278256545
2019-10-14,79678.0,"Blizzard Games Reduces Penalty For Pro-Hong Kong Outburst, But Says Players Need To Stick To Game Talk",0.3465863410383463,ACTIVISION BLIZZARD INC,0.999823771417141,0.9089256867199635,-0.8180275762070477,2.1046770736575127,2.6015336265800437,1.2747065770326138
2019-10-14,79678.0,Activision Blizzard Option Alert: Nov 1 $56.5 Calls at the Ask: 1875 @ $1.101 vs 516 OI; Earnings 11/7 After Close Ref=$54.93,0.3465863410383463,ACTIVISION BLIZZARD INC,0.999823771417141,0.9089256867199635,-0.8180275762070477,2.1046770736575127,2.6015336265800437,1.2747065770326138
2019-10-11,79678.0,Activision Blizzard Option Alert: Jan 17 $57.5 Calls Sweep (38) near the Ask: 600 @ $3.201 vs 2547 OI; Earnings 11/7 After Close Ref=$55.255,2.104677073657513,ACTIVISION BLIZZARD INC,0.3465863410383463,-0.5107603417550455,0.8026242608204059,0.48661488108336926,-0.8128623687102654,-3.104134933446401
2019-10-11,79678.0,"UPDATE: Suntrust Also Continues To Prefer Activision Given Co's Visibility And Catalysts 'relative to risks (we are watchful of Hong Kong protest-related backlash against Blizzard, which is fluid, hard to handicap)'",2.104677073657513,ACTIVISION BLIZZARD INC,0.3465863410383463,-0.5107603417550455,0.8026242608204059,0.48661488108336926,-0.8128623687102654,-3.104134933446401
2019-10-11,79678.0,"UPDATE: Suntrust Maintains Buy On Activision, Raises Target To $59 'on recent execution (WoW Classic, CoD Mobile) into this multi-year pipeline'",2.104677073657513,ACTIVISION BLIZZARD INC,0.3465863410383463,-0.5107603417550455,0.8026242608204059,0.48661488108336926,-0.8128623687102654,-3.104134933446401
2019-10-11,79678.0,"SunTrust Robinson Humphrey Maintains Buy on Activision Blizzard, Raises Price Target to $59",2.104677073657513,ACTIVISION BLIZZARD INC,0.3465863410383463,-0.5107603417550455,0.8026242608204059,0.48661488108336926,-0.8128623687102654,-3.104134933446401
2019-10-08,79678.0,"Blizzard Games Caught Up In Free Speech Question Over Hong Kong Protests, Bans Gamer Over Remarks",-2.310050092637539,ACTIVISION BLIZZARD INC,-1.2931844219565392,2.6417888921747235,0.720486635953721,-0.05411035381257534,2.4782692333318312,6.047846592429473
2019-10-03,79678.0,Activiion Blizzard shares are trading higher on seemingly no company-specific news.,3.4832529723644257,ACTIVISION BLIZZARD INC,2.533750608563423,-0.702794521131267,2.811171739830165,-1.2287363409996033,-1.266058597612163,-0.15287948285976904
2019-10-02,79678.0,Activision Blizzard shares are trading lower after Bernstein downgraded the stock from Market Perform to Underperform.,-1.2287363409996028,ACTIVISION BLIZZARD INC,3.4832529723644257,2.2583738757529392,6.392344935380456,-0.037786553730256855,1.0892407551392091,-2.4345253158293167
2019-10-02,79678.0,Bernstein Downgrades Activision Blizzard to Underperform,-1.2287363409996028,ACTIVISION BLIZZARD INC,3.4832529723644257,2.2583738757529392,6.392344935380456,-0.037786553730256855,1.0892407551392091,-2.4345253158293167
2019-10-01,79678.0,Activision Blizzard Announces Call Of Duty Mobile,-0.03778655373025686,ACTIVISION BLIZZARD INC,-1.2287363409996033,2.32514085551494,5.028355060538092,1.1274533346295357,-2.397644749420569,-3.6767391038962094
2019-10-14,86341.0,Anglogold Ashanti shares are trading higher as a potential rebound after the stock fell roughly 7% on Friday.,3.370785713195801,ANGLOGOLD ASHANTI LTD,-3.3102769404649734,0.14822488496928354,2.075099226082777,-7.291670888662338,-8.031944352599286,-7.46691855124898
2019-10-22,82251.0,"Auburn National Bancorp Q3 EPS $0.62 Up From $0.54 YoY, Sales $7.558M Up From $7.213M YoY",-3.9615780115127555,AUBURN NATIONAL BANCORP,1.1600819416344166,-1.993081972412758,1.2541995639190118,-0.3378412686288357,2.0996765470535195,1.958521694770865
2019-10-17,93285.0,Golden Minerals Enters Into Option Agreement To Sell Its Santa Maria Project To Magellan Gold For $1M In Cash,0.40160659700632106,GOLDEN MINERALS CO,-0.5333291366696358,-2.533330035556458,-1.777774970252477,2.7981646358966827,-1.6674001934365301,-2.6075672850754517
2019-10-31,14924.0,Aurinia Announces Initiation Of Patient Dosing In Phase 2/3 AUDREY Clinical Trial For Dry Eye Syndrome,1.249998714774847,AURINIA PHARMACEUTICALS INC,5.55555485188961,10.493821589580477,5.76131070663064,-1.6393426805734634,1.4799191522643307,-1.4373652699259054
2019-10-16,14924.0,Aurinia Pharmaceuticals Option Alert: Jan 17 $12 Calls at the Ask: 500 @ $0.801 vs 1876 OI; Earnings 11/7 After Close [est] Ref=$5.07,6.209849193692207,AURINIA PHARMACEUTICALS INC,-3.4274209290742874,-1.6129016229922133,-3.2258032015600624,20.36082297563553,13.763703837772411,11.190482866159556
2019-10-15,14924.0,"Aurinia Pharmaceuticals shares are trading higher in sympathy with the overall market after multiple companies reported earnings that topped expectations, bringing the whole market higher on positive sentiment.",20.360822975635532,AURINIA PHARMACEUTICALS INC,6.209849193692207,7.280517175227597,4.496788938934682,-5.481118336319923,-7.619040716705894,-17.270787754881123
2019-10-11,14924.0,Aurinia Pharmaceuticals Option Alert: Dec 20 $5 Calls Sweep (25) near the Ask: 720 @ $1.8 vs 592 OI; Earnings 11/7 After Close [est] Ref=$4.34,-2.261899784207344,AURINIA PHARMACEUTICALS INC,-5.481118336319923,14.738124339863656,18.63580633715298,-10.44776663184166,-13.043481087352138,-14.46028652502427
2019-10-21,24969.0,"KeyBanc Maintains Underweight on Avista, Raises Price Target to $41",0.2708355663344264,AVISTA CORP,-0.6440917495638132,-0.9972980174455026,-0.644091722372353,0.0,1.3299579732120037,1.6949136306619872
2019-10-22,91733.0,AeroVironment Wins $5.25M Puma 3 AE Contract For US Border Patrol,-1.190275046974421,AEROVIRONMENT INC,0.6808648817241192,2.7409213553676315,4.0502790583990755,0.2247598022222519,-1.1088326522517788,-2.011491944962307
2019-10-16,91733.0,"Piper Jaffray Upgrades AeroVironment On Valuation, Growth Opportunities",3.6803338676691064,AEROVIRONMENT INC,-0.9127805009484291,-2.5185965159405743,0.6085203139960083,-0.17494484782218933,1.206101959481054,3.9155008482431475
2019-10-16,91733.0,UPDATE: Piper Jaffray On AeroVironment Also Believes 'the HAPSMobile joint venture with SoftBank is providing some near-term visibility and a significant long-term opportunity for the company',3.6803338676691064,AEROVIRONMENT INC,-0.9127805009484291,-2.5185965159405743,0.6085203139960083,-0.17494484782218933,1.206101959481054,3.9155008482431475
2019-10-16,91733.0,"UPDATE: Piper Jaffray Upgrades AeroVironment To Overweight, Raises Tgt To $76 As Firm Continues To Believe Co. 'will benefit as U.S. defense budgets shift more toward unmanned aircraft and international defense sales should grow even faster than domestic'",3.6803338676691064,AEROVIRONMENT INC,-0.9127805009484291,-2.5185965159405743,0.6085203139960083,-0.17494484782218933,1.206101959481054,3.9155008482431475
2019-10-16,91733.0,"Piper Jaffray Upgrades AeroVironment to Overweight, Raises Price Target to $76",3.6803338676691064,AEROVIRONMENT INC,-0.9127805009484291,-2.5185965159405743,0.6085203139960083,-0.17494484782218933,1.206101959481054,3.9155008482431475
2019-10-28,80381.0,"AvalonBay Communities Q3 Core FFO $2.28, Same YoY, EPS $1.39",-1.102957036346197,AVALONBAY COMMUNITIES INC,-0.7742328569293022,-1.2673394043069663,-3.0001426592285108,-0.3768624272197485,-0.9569787996191903,-1.0909246559495878
2019-10-15,11144.0,American Vanguard Sees Prelim. Q3 Sales $123M vs $140.4M Est.,1.72642283141613,AMERICAN VANGUARD CORP,-12.597906589508057,-12.924278602950478,-8.681460861630164,-1.1810981668531895,2.309783543056998,2.3793363120923727
2019-10-25,93002.0,Broadcom shares are traidng higher in sympathy with Intel after the company reported better-than-expected Q3 EPS and sales results.,2.660199627280235,BROADCOM INC,0.59691546484828,2.3359288010038615,8.13953338780211,0.7098994683474302,-1.7915514521313236,-2.5071690076230335
2019-10-16,93002.0,"'The EU's powerful anti-trust authority on Wednesday ordered US chipmaker Broadcom to immediately halt uncompetitive sales practices, using an unprecedented weapon against US big tech.' -France's RFI",-0.6337821483612062,BROADCOM INC,0.3293059067800641,-2.8286200052084487,0.6100870825353377,3.0746301636099815,3.3498285143045203,5.782471863889382
2019-10-16,93002.0,EU Antitrust Head Vestager to Hold News Conference Expected to Focus  on Broadcom,-0.6337821483612062,BROADCOM INC,0.3293059067800641,-2.8286200052084487,0.6100870825353377,3.0746301636099815,3.3498285143045203,5.782471863889382
2019-10-04,93002.0,"UPDATE: EU Antitrust Order Will Mean Broadcom Will Have To Scrap Exclusivity Clauses With TV, Modem Makers While EU Probe Continues",2.550741657614708,BROADCOM INC,-1.901007816195488,-0.18476681049555133,1.8832455308924967,1.6143908724188805,-0.15281546617307296,-0.5940575060687014
2019-10-04,93002.0,"Hearing EU Antitrust Regulator Will, In Oct., Give Broadcom Interim Order To Stop Anti-Competitive Practices",2.550741657614708,BROADCOM INC,-1.901007816195488,-0.18476681049555133,1.8832455308924967,1.6143908724188805,-0.15281546617307296,-0.5940575060687014
2019-10-31,78955.0,"Avid Technology Cuts CY19 Adj. EPS Guidance From $0.60-$0.72 To $0.50-$0.60 vs $0.62 Est., Cuts Sales Guidance From $420M-$430M To $405M-$415M vs $422.33M Est.",1.122758816927671,AVID TECHNOLOGY INC,-7.475945353507996,0.8882301834943984,8.068099153810259,-0.14948025345802307,-3.047896162987762,1.2121200698385737
2019-10-31,78955.0,Avid Technology Sees Prelim. Q3 Sales $101M-$109M vs $103.34M Est.,1.122758816927671,AVID TECHNOLOGY INC,-7.475945353507996,0.8882301834943984,8.068099153810259,-0.14948025345802307,-3.047896162987762,1.2121200698385737
2019-10-25,27684.0,"Wells Fargo Maintains Market Perform on Avnet, Lowers Price Target to $41",-2.996540069580078,AVNET INC,1.7615584656596184,2.2466201010233666,7.097275248417101,-1.2472446076571941,-2.393033337751982,-2.722229099883633
2019-10-25,27684.0,Avnet shares are trading lower after the company reported worse-than-expected Q1 EPS results. SunTrust Robinson Humphrey also downgraded the stock from Hold to Sell.,-2.996540069580078,AVNET INC,1.7615584656596184,2.2466201010233666,7.097275248417101,-1.2472446076571941,-2.393033337751982,-2.722229099883633
2019-10-25,27684.0,"Raymond James Maintains Strong Buy on Avnet, Lowers Price Target to $45",-2.996540069580078,AVNET INC,1.7615584656596184,2.2466201010233666,7.097275248417101,-1.2472446076571941,-2.393033337751982,-2.722229099883633
2019-10-25,27684.0,SunTrust Robinson Humphrey Downgrades Avnet to Sell,-2.996540069580078,AVNET INC,1.7615584656596184,2.2466201010233666,7.097275248417101,-1.2472446076571941,-2.393033337751982,-2.722229099883633
2019-10-24,27684.0,Avnet shares are trading lower after the company reported worse-than-expected Q1 EPS results.,-1.247244607657194,AVNET INC,-2.996540069580078,-2.030707544645227,3.665179490597059,-1.160260010510683,-1.4936135061410227,-1.0885359682392348
2019-10-24,27684.0,"Avnet, Inc. Q1 EPS $0.60 Misses $0.65 Estimate, Sales $4.63B Beat $4.55B Estimate",-1.247244607657194,AVNET INC,-2.996540069580078,-2.030707544645227,3.665179490597059,-1.160260010510683,-1.4936135061410227,-1.0885359682392348
2019-10-04,27684.0,Avnet shares are trading lower after Texas Instruments ended its distribution relationship with the company. Texas Instruments products made up approximately 10% of the company's sales in FY19.,-8.936318010091782,AVNET INC,0.38851681165397167,1.1154272058422565,3.6220069388763543,1.1544677428901196,0.2287858208420035,-1.517363675661032
2019-10-24,44601.0,"Baird Maintains Outperform on Avery Dennison, Raises Price Target to $140",0.04756426205858588,AVERY DENNISON CORP,0.4754406865686178,1.3153754194934475,5.126784024458342,6.51017427444458,6.447257144281915,7.913423210656689
2019-10-24,44601.0,"Citigroup Downgrades Avery Dennison to Neutral, Raises Price Target to $136",0.04756426205858588,AVERY DENNISON CORP,0.4754406865686178,1.3153754194934475,5.126784024458342,6.51017427444458,6.447257144281915,7.913423210656689
2019-10-23,44601.0,Avery Dennison Narrows FY19 Adj. EPS Guidance From $6.50-$6.65 To $6.50-$6.60 vs $6.52 Est.,6.51017427444458,AVERY DENNISON CORP,0.04756426205858588,2.275245956384153,4.661491202518442,-0.059071474242955446,1.3174787721184078,2.6701359629189847
2019-10-23,44601.0,"Avery Dennison Q3 Adj. EPS $1.66 Up From $1.45 YoY, Sales $1.76B, Same YoY",6.51017427444458,AVERY DENNISON CORP,0.04756426205858588,2.275245956384153,4.661491202518442,-0.059071474242955446,1.3174787721184078,2.6701359629189847
2019-10-17,44601.0,"Citigroup Maintains Buy on Avery Dennison, Lowers Price Target to $132",1.113250851631165,AVERY DENNISON CORP,1.335067953914404,9.406154231988584,10.845255892169225,0.40485747158527374,1.0451729473478277,0.6262671017326582
2019-10-29,91516.0,KeyBanc Downgrades Armstrong World Indus to Sector Weight,-4.403936117887497,ARMSTRONG WORLD INDS INC NEW,-0.9963495656847954,-2.15341179982248,4.2767519771910845,-4.722876474261284,-3.1733410712726506,-0.37751540633661484
2019-10-28,91516.0,Armstrong World Indus ; Lowers FY2019 Sales Guidance from $1.043571B-1.07283B to $1.04B-1.05B,-4.722876474261284,ARMSTRONG WORLD INDS INC NEW,-4.403936117887497,-4.403936039421685,-1.3008775928975536,1.6263457015156746,4.5607601354072935,3.6512596171005107
2019-10-28,91516.0,"Armstrong World Indus Q3 EPS $1.38 Beats $1.3 Estimate, Sales $277.1M Miss $290.65M Estimate",-4.722876474261284,ARMSTRONG WORLD INDS INC NEW,-4.403936117887497,-4.403936039421685,-1.3008775928975536,1.6263457015156746,4.5607601354072935,3.6512596171005107
2019-10-23,91516.0,Armstrong World Industries Raises Quarterly Dividend From $0.175 To $0.20/Share,-0.869829673320055,ARMSTRONG WORLD INDS INC NEW,2.887454442679882,-5.713701229552615,-6.2748684515794295,-1.3568797148764133,-0.3828687046852908,0.7746429317759151
2019-10-30,92614.0,American Water Works Sees FY19 Adj. EPS $3.56-$3.64 vs $3.60 Estimate,1.15394676104188,AMERICAN WATER WORKS CO INC,1.9012941047549248,0.5125197520889024,-2.924107061060066,0.025090982671827078,-1.2550608857916368,-2.2238584238416625
2019-10-30,92614.0,"American Water Works Co Q3 Adj. EPS $1.33 Beats $1.3 Estimate, Sales $1.013B Miss $1.05B Estimate",1.15394676104188,AMERICAN WATER WORKS CO INC,1.9012941047549248,0.5125197520889024,-2.924107061060066,0.025090982671827078,-1.2550608857916368,-2.2238584238416625
2019-10-24,92614.0,"American Water's Pennsylvania American Water Reports Purchase Of Wastewater Assets From Township Of Exeter In Berks County, Pennsylvania For $93.5M",0.3034238936379552,AMERICAN WATER WORKS CO INC,-0.981111079454422,0.7848902195343621,-3.4011904167124962,-0.3676746040582657,-0.29435862487003916,-0.3839565433272685
2019-10-09,92614.0,American Water Reports Its Pennsylvania American Water Subsidiary Purchased Water Assets Of Stellton Borough Authority In Dauphin County For $21.75M,0.7991649210453033,AMERICAN WATER WORKS CO INC,0.1441501546651125,-2.5947028237021996,-2.3464404817890028,-0.5539074074476957,-1.5105752666384142,0.12122682494513093
2019-10-04,92614.0,American Water Reports Its Illinois American Water Wins $88K+ In Firefighter Grants,1.656829752027988,AMERICAN WATER WORKS CO INC,-0.961996428668499,-1.661628561361217,-2.679277450431128,0.4709718283265829,-0.10495499867289038,-0.4024792702236657
2019-10-02,92614.0,"UPDATE: Baird Maintains Outperform On American Water Works, Raises Target To $128 As Firm Continues To Believe 'there is a large market opportunity (~100 bases across U.S.), and believe AWK is well-positioned to secure further contracts given'",-0.5732270888984203,AMERICAN WATER WORKS CO INC,0.4709718283265829,1.3966717251964411,-1.234270579197272,-0.29783686622977257,-0.30585742298392393,-1.0149417867406973
2019-10-02,92614.0,"Baird Maintains Outperform on American Water Works Co, Raises Price Target to $128",-0.5732270888984203,AMERICAN WATER WORKS CO INC,0.4709718283265829,1.3966717251964411,-1.234270579197272,-0.29783686622977257,-0.30585742298392393,-1.0149417867406973
2019-10-29,83844.0,"Aware Q3 EPS $(0.01) Down From $0.06 YoY, Sales $3.01M Down From $5.401M YoY",-1.4492739923298361,AWARE INC,-2.2058801725506783,4.0441136756935725,5.147053706379445,-3.4965001046657562,-4.827589507699825,-5.154642137053411
2019-10-03,86547.0,American Axle & Mfg shares are trading lower on seemingly no company-specific news.,-1.369868218898773,AMERICAN AXLE & MFG HLGDS INC,2.500004321336746,3.0555593215190635,17.36111125553057,-5.562740191817284,-11.192214719395,-8.406519696976833
2019-10-29,59176.0,"Morgan Stanley Maintains Overweight on American Express, Raises Price Target to $149",-0.9782455861568451,AMERICAN EXPRESS CO,0.5535697098821402,1.149717658932814,2.9552046933994935,0.27058995328843594,1.864099407610742,1.7941488749936507
2019-10-21,59176.0,"BMO Capital Maintains Market Perform on American Express, Raises Price Target to $123",1.961288787424564,AMERICAN EXPRESS CO,-0.3695946419611573,-0.39479309467003176,0.4787901875562328,-1.9647324457764626,-0.5536168049867451,-0.7058374170288428
2019-10-18,59176.0,American Express Trades Higher On Q3 Earnings Beat,-1.964732445776463,AMERICAN EXPRESS CO,1.9612887874245644,1.284686474236274,2.038366860733931,1.4393959194421768,1.2841246422378827,2.32837790849294
2019-10-18,59176.0,American Express Sees FY19 Adj. EPS $7.85-$8.35 vs $8.12 Estimate,-1.964732445776463,AMERICAN EXPRESS CO,1.9612887874245644,1.284686474236274,2.038366860733931,1.4393959194421768,1.2841246422378827,2.32837790849294
2019-10-18,59176.0,"American Express Q3 EPS $2.08 Beats $2.03 Estimate, Sales $11B Beat $10.95B Estimate",-1.964732445776463,AMERICAN EXPRESS CO,1.9612887874245644,1.284686474236274,2.038366860733931,1.4393959194421768,1.2841246422378827,2.32837790849294
2019-10-29,89789.0,"Axis Capital Holdings Q3 EPS $0.33 Beats $0.26 Estimate, Sales $1.29B Beat $927.73M Estimate",0.6166846491396427,AXIS CAPITAL HOLDINGS LTD,-4.516127705574036,-5.677420031248925,-4.3548399156358775,-0.17819636268541217,-0.33964563536841297,-0.8846698717659196
2019-10-30,15053.0,Axalta Adds Tufcote NISO 2K To Portfolio,-0.13499497435987,AXALTA COATING SYSTEMS LTD,-0.3379533067345619,1.047649408966267,0.20276944820696308,-0.47027645632624626,0.8166034940174427,2.846232989724129
2019-10-30,15053.0,Axalta Shares Rebound Modestly From Session Low As Hearing Clayton Dubilier & Rice Remains Involved In Co. Offer Despite Anixter Offer,-0.13499497435987,AXALTA COATING SYSTEMS LTD,-0.3379533067345619,1.047649408966267,0.20276944820696308,-0.47027645632624626,0.8166034940174427,2.846232989724129
2019-10-24,15053.0,"Axalta Sees FY19 Adj. EPS $1.70-$1.90 vs $1.77 Estimate, Sales On As-Reported Basis Down 4%, Down 1% Ex Forex",0.981418788433075,AXALTA COATING SYSTEMS LTD,2.0131897181272507,2.3602927036922017,3.956963993353768,-1.280273124575615,-0.41884443446423836,-0.9030921069527187
2019-10-24,15053.0,"Axalta Coating Systems Q3 Adj. EPS $0.52 Beats $0.44 Estimate, Sales $1.107B Miss $1.13B Estimate",0.981418788433075,AXALTA COATING SYSTEMS LTD,2.0131897181272507,2.3602927036922017,3.956963993353768,-1.280273124575615,-0.41884443446423836,-0.9030921069527187
2019-10-23,15053.0,Axalta Coating Systems Option Alert: Jan 17 $28 Puts Sweep (42) near the Bid: 807 @ $1.401 vs 6688 OI; Earnings 10/24 Before Open Ref=$28.55,-1.280273124575615,AXALTA COATING SYSTEMS LTD,0.981418788433075,3.7153854228102023,4.801959045199378,0.8726003579795361,0.38207259031304286,0.3472235520016298
2019-10-23,15053.0,"Axalta Shares Make Parabolic Move As Traders Circulate Chatter; Stock Spiked ~1.4% To Session High, Quickly Sold Off And Is Now Unchanged From Prior To Circulation Of Chatter",-1.280273124575615,AXALTA COATING SYSTEMS LTD,0.981418788433075,3.7153854228102023,4.801959045199378,0.8726003579795361,0.38207259031304286,0.3472235520016298
2019-10-23,15053.0,Axalta Shares Spike ~1% On Slight Uptick In Volume As Hearing Chatter Co. Has Attracted Interest From 2 Groups,-1.280273124575615,AXALTA COATING SYSTEMS LTD,0.981418788433075,3.7153854228102023,4.801959045199378,0.8726003579795361,0.38207259031304286,0.3472235520016298
2019-10-16,15053.0,"UPDATE: Wells Fargo On Axalta Coating Notes'On a fundamental basis, we don't see a firm catalyst to drive significant multiple expansion near term outside a takeout bid as we see flattish EBITDA growth in 2019E given weak demand in transportation markets'",-0.2777775283902884,AXALTA COATING SYSTEMS LTD,0.2785512711852789,-0.6615551153979604,3.029250985090881,-0.5868142005056143,-0.8264520072264747,-0.06939781758444896
2019-10-16,15053.0,UPDATE: Wells Fargo Initiates Axalta Coating With Market Perform $31 Target Notes The Co's 'strategic review which could lead to a sale of the company is ongoing and is supporting near term valuation',-0.2777775283902884,AXALTA COATING SYSTEMS LTD,0.2785512711852789,-0.6615551153979604,3.029250985090881,-0.5868142005056143,-0.8264520072264747,-0.06939781758444896
2019-10-16,15053.0,"Wells Fargo Initiates Coverage On Axalta Coating Systems with Market Perform Rating, Announces $31 Price Target",-0.2777775283902884,AXALTA COATING SYSTEMS LTD,0.2785512711852789,-0.6615551153979604,3.029250985090881,-0.5868142005056143,-0.8264520072264747,-0.06939781758444896
2019-10-08,15053.0,Axalta Coating Systems Option Alert: Oct 18 $29 Puts at the Bid: 1200 @ $1.0 vs 14911 OI; Earnings 10/23 After Close [est] Ref=$28.343,-5.0938352942466745,AXALTA COATING SYSTEMS LTD,1.3418116606771946,1.6949136669788256,2.048022348171208,-0.5333328153938055,0.16783902153405528,0.4037713650541619
2019-10-02,15053.0,Axalta Coating Systems Option Alert: Nov 15 $30 Calls Sweep (2) near the Ask: 772 @ $1.625 vs 925 OI; Earnings 10/23 After Close [est] Ref=$29.45,-0.03363682772032917,AXALTA COATING SYSTEMS LTD,0.23553702048957348,-3.4320275179312354,-3.36473760707231,-1.3930350542068481,-1.621442000380957,-1.5888763567360353
2019-10-30,86051.0,"AXT Q3 EPS $(0.02) Beats $(0.03) Estimate, Sales $19.841M Beat $19.8M Estimate",-1.587307639420033,A X T INC,0.6451606750488281,-1.290321529111782,-1.2903217310465176,3.618425503373146,7.508533325873246,12.5000054530658
2019-10-02,86051.0,"AXT Cites 'weaker than expected demand environment, particularly in data center connectivity and LED applications'",1.470586750656366,A X T INC,-16.81159883737564,-13.333334487008841,-11.884060543202402,-4.494377970695496,-6.077342675241959,-7.356947791846569
2019-10-02,86051.0,AXT Inc. Cuts Prelim. Q3 Sales Guidance From $24.5M-$26M To $19.6M-$20M vs $25.4M Estimate,1.470586750656366,A X T INC,-16.81159883737564,-13.333334487008841,-11.884060543202402,-4.494377970695496,-6.077342675241959,-7.356947791846569
2019-10-29,89216.0,SmartThings & Acuity Brands Announce Alliance To Co-develop Smart Home Lighting Products,0.3371229395270348,ACUITY BRANDS INC,0.5078930407762527,3.000471984283437,-1.5080481795135103,2.12169848382473,2.622899713392046,0.2121340615157008
2019-10-18,89216.0,"JMP Securities Maintains Market Outperform on Acuity Brands, Lowers Price Target to $160",-0.21915312390774488,ACUITY BRANDS INC,0.7565283682197332,1.6025391269139933,2.4892196493884633,0.05678631132468581,-1.154123415790731,1.0570271201541415
2019-10-16,89216.0,"Baird Downgrades Acuity Brands to Neutral, Lowers Price Target to $126",-1.2102224864065652,ACUITY BRANDS INC,0.05678631132468581,3.3703568517364335,4.466763291672304,2.236967906355858,2.2537288981811177,3.9490110206861884
2019-10-03,89216.0,"Oppenheimer Maintains Outperform on Acuity Brands, Lowers Price Target to $140",4.488123953342438,ACUITY BRANDS INC,0.8490837179124355,-0.0832419212934088,2.6637806433015276,-11.192650347948074,-14.704350033632963,-13.092443404993027
2019-10-03,89216.0,"Wells Fargo Maintains Outperform on Acuity Brands, Lowers Price Target to $138",4.488123953342438,ACUITY BRANDS INC,0.8490837179124355,-0.0832419212934088,2.6637806433015276,-11.192650347948074,-14.704350033632963,-13.092443404993027
2019-10-03,89216.0,"Credit Suisse Maintains Outperform on Acuity Brands, Lowers Price Target to $140",4.488123953342438,ACUITY BRANDS INC,0.8490837179124355,-0.0832419212934088,2.6637806433015276,-11.192650347948074,-14.704350033632963,-13.092443404993027
2019-10-02,89216.0,Acuity Brands shares are trading lower after the company reported worse-than-expected Q4 EPS and sales results.,-11.19265034794807,ACUITY BRANDS INC,4.488123953342438,3.174742560685151,7.210577441481547,-3.9542894810438156,-2.1392295395463945,-0.9184118942410002
2019-10-02,89216.0,"Acuity Brands Q4 Adj. EPS $2.75 Misses $2.84 Estimate, Sales $938.1M Miss $1.03B Estimate",-11.19265034794807,ACUITY BRANDS INC,4.488123953342438,3.174742560685151,7.210577441481547,-3.9542894810438156,-2.1392295395463945,-0.9184118942410002
2019-10-30,79363.0,AstraZeneca shares are trading higher after the company announced it will sell its commercial rights to Seroquel and Seroquel XR in Europe and Russia to Cheplapharm for $178 million plus up to $61 million in future sales-contingent payments.,3.004833497107029,ASTRAZENECA PLC,0.020396412583068013,-3.427173123666283,-2.447981913240904,-0.3350782208144665,-0.1678162820510254,0.7195770230501664
2019-10-30,79363.0,AstraZeneca Divests Rights to Seroquel and Seroquel XR in Europe and Russia to Cheplapharm for $178M Plus Up to $61M in Future Sales-Contingent Payments,3.004833497107029,ASTRAZENECA PLC,0.020396412583068013,-3.427173123666283,-2.447981913240904,-0.3350782208144665,-0.1678162820510254,0.7195770230501664
2019-10-28,79363.0,"AstraZeneca Issues Press Release Confirmed IMFINZI, IMFINZI Plus Tremelimumab Delayed Disease Progression In Phase 3 POSEIDON Trial",0.1678242813795805,ASTRAZENECA PLC,-0.3350782208144665,0.753927903754148,-1.8219873078856974,0.888884998857975,6.668157410145348,8.538251460018099
2019-10-28,79363.0,AstraZeneca's Triple Combo Lung Cancer Therapy Aces Late-Stage Trial,0.1678242813795805,ASTRAZENECA PLC,-0.3350782208144665,0.753927903754148,-1.8219873078856974,0.888884998857975,6.668157410145348,8.538251460018099
2019-10-28,79363.0,"AstraZeneca Shares Resume Trade, Up 1.3% For Session",0.1678242813795805,ASTRAZENECA PLC,-0.3350782208144665,0.753927903754148,-1.8219873078856974,0.888884998857975,6.668157410145348,8.538251460018099
2019-10-28,79363.0,"CORRECTION On Aggregated Headline From 2 Other Publications: AstraZeneca Reported Imfinzi, Imfinzi Plus Tremelimumab Delayed Disease Progression In Phase 3 POSEIDON Trial",0.1678242813795805,ASTRAZENECA PLC,-0.3350782208144665,0.753927903754148,-1.8219873078856974,0.888884998857975,6.668157410145348,8.538251460018099
2019-10-28,79363.0,UPDATE: AstraZeneca Says Triple Combo Did Not Result In Increased Discontinuation Of Threapy,0.1678242813795805,ASTRAZENECA PLC,-0.3350782208144665,0.753927903754148,-1.8219873078856974,0.888884998857975,6.668157410145348,8.538251460018099
2019-10-28,79363.0,UPDATE: AstraZeneca Says Phase 3 Poseidon Trial Met Primary Endpoint,0.1678242813795805,ASTRAZENECA PLC,-0.3350782208144665,0.753927903754148,-1.8219873078856974,0.888884998857975,6.668157410145348,8.538251460018099
2019-10-28,79363.0,UPDATE: AstraZeneca Says Poseidon Trial Will Continue To Assess Added Primary Endpoint Of Overall Survival,0.1678242813795805,ASTRAZENECA PLC,-0.3350782208144665,0.753927903754148,-1.8219873078856974,0.888884998857975,6.668157410145348,8.538251460018099
2019-10-28,79363.0,"AstraZeneca Says Imfinzi, Imfinzi Plus Tremelimumab Delayed Disease Progression In Phase 3 POSEIDON Trial",0.1678242813795805,ASTRAZENECA PLC,-0.3350782208144665,0.753927903754148,-1.8219873078856974,0.888884998857975,6.668157410145348,8.538251460018099
2019-10-28,79363.0,AstraZeneca Shares Halted News Pending,0.1678242813795805,ASTRAZENECA PLC,-0.3350782208144665,0.753927903754148,-1.8219873078856974,0.888884998857975,6.668157410145348,8.538251460018099
2019-10-28,79363.0,NeoTX Announces First Patient Dosed in Phase 1b Trial of Naptumomab Estafenatox (Nap) in Combination with AstraZeneca's Durvalumab in Solid Tumors,0.1678242813795805,ASTRAZENECA PLC,-0.3350782208144665,0.753927903754148,-1.8219873078856974,0.888884998857975,6.668157410145348,8.538251460018099
2019-10-24,79363.0,AstraZeneca shares are trading higher after the company reported better-than-expected Q3 EPS and sales results.,5.7283539324998864,ASTRAZENECA PLC,0.888884998857975,3.767193080433273,-0.952382584740874,1.753188669681549,2.2186581599002997,1.8691581494757026
2019-10-24,79363.0,AstraZeneca Q3 EPS $0.99 vs $0.95 Est; Revenue $6.41B vs $6.11B Est,5.7283539324998864,ASTRAZENECA PLC,0.888884998857975,3.767193080433273,-0.952382584740874,1.753188669681549,2.2186581599002997,1.8691581494757026
2019-10-21,79363.0,"3 Stocks Moving On FDA Verdicts: Alexion, AstraZeneca, Foamix",-0.34191410522907967,ASTRAZENECA PLC,0.4574495367705822,9.217745989602966,10.0411690524699,-0.5891731940209866,0.18268556192486685,-0.7690571978971716
2019-10-21,79363.0,AstraZeneca's FARXIGA Approved in the US to Reduce the Risk of Hospitalization for Heart Failure in Patients With Type 2 Diabetes,-0.34191410522907967,ASTRAZENECA PLC,0.4574495367705822,9.217745989602966,10.0411690524699,-0.5891731940209866,0.18268556192486685,-0.7690571978971716
2019-10-21,79363.0,AstraZeneca Announces Farxiga Approved in the US to Reduce the Risk of Hospitalization for Heart Failure in Patients With Type-2 Diabetes,-0.34191410522907967,ASTRAZENECA PLC,0.4574495367705822,9.217745989602966,10.0411690524699,-0.5891731940209866,0.18268556192486685,-0.7690571978971716
2019-10-17,79363.0,AstraZeneca Shares Trade Higher After FDA Grants Breast Cancer Drug Priority Review,0.7764332927763462,ASTRAZENECA PLC,-0.5891731940209866,7.070017538226159,11.103551830144953,-0.9500072337687016,-0.11404937091589185,0.4818702829129773
2019-10-17,79363.0,AstraZeneca And Daiichi Sankyo's Trastuzumab Deruxtecan Granted FDA Priority Review For Treatment Of Patients With HER2-Positive Metastatic Breast Cancer,0.7764332927763462,ASTRAZENECA PLC,-0.5891731940209866,7.070017538226159,11.103551830144953,-0.9500072337687016,-0.11404937091589185,0.4818702829129773
2019-10-17,79363.0,AstraZeneca Says Trastuzumab Deruxtecan Granted FDA Priority Review,0.7764332927763462,ASTRAZENECA PLC,-0.5891731940209866,7.070017538226159,11.103551830144953,-0.9500072337687016,-0.11404937091589185,0.4818702829129773
2019-10-14,79363.0,IPO Outlook For The Week: Cancer Therapies And Protein Powders,0.5966000724583864,ASTRAZENECA PLC,0.843975692987442,-0.2737202303886299,8.91879492365495,-0.04586386203300208,0.4147472481621284,1.2546489615451906
2019-10-08,79363.0,"Fitch Affirms Astrazeneca At 'BBB+', Stable Outlook",-0.9208050556480885,ASTRAZENECA PLC,0.8364326320588589,2.7183972290459213,2.0446032108508927,0.300155277363956,0.6254354079574753,2.308053568326862
2019-10-04,79363.0,Hearing Wellington Mgmt. Co. Filing On AstraZeneca Shows 5.88% Stake; BZ NOTE: Wellington Mgmt. Group Had Shown ~66M Share Stake As Of End Of Last Qtr.,0.3243067068979144,ASTRAZENECA PLC,0.300155277363956,0.6234136857420136,1.2929982580570654,1.672159880399704,-1.1223126873632916,-3.141129847419677
2019-10-04,79363.0,AstarZeneca Reports FASENRA Approved In US For Self Administration Via FASENRA Pen,0.3243067068979144,ASTRAZENECA PLC,0.300155277363956,0.6234136857420136,1.2929982580570654,1.672159880399704,-1.1223126873632916,-3.141129847419677
2019-10-04,79363.0,"Fasenra Approved in the US for Self-administration in a New Pre-filled Auto-injector, the Fasenra Pen",0.3243067068979144,ASTRAZENECA PLC,0.300155277363956,0.6234136857420136,1.2929982580570654,1.672159880399704,-1.1223126873632916,-3.141129847419677
2019-10-01,79363.0,"AstraZeneca Divests Rights for Losec to Cheplapharm; Cheplapharm to Pay AstraZeneca ~$243M on Completion of the Agreement, Plus Sales-contingent Milestones of up to $33M in 2021, 2022",-2.041731774806976,ASTRAZENECA PLC,-2.7485130354762077,-1.4200617704333451,1.2597325387943892,-1.5680192038416862,-1.9793303252875094,-1.6982806738049083
2019-10-21,76605.0,"Citigroup Maintains Buy on AutoZone, Raises Price Target to $1,363",-0.0072032482421491295,AUTOZONE INC,-0.8838526904582977,3.5903465197786977,3.617368935946663,0.4424912389367819,0.27281611809475415,0.5034279113792728
2019-10-08,76605.0,Raymond James Reinstates Outperform on AutoZone,-1.06617184355855,AUTOZONE INC,0.8623200468719006,5.234868139031201,4.822294980552599,0.04527859855443239,0.805840663707702,0.7550931267263694
2019-10-07,16126.0,A Preview Of AZZ's Q2 Earnings,0.4906520713120699,A Z Z INC,-13.694489002227783,-10.90443828177552,-7.876088094186651,1.1103174649178982,1.5421060190702995,0.16381863019951926
2019-10-28,39693.0,"UBS Maintains Neutral on Barnes Gr, Raises Price Target to $60",-4.1386257857084265,BARNES GROUP INC,2.2288531064987183,7.12530973838259,6.0898583914426485,12.511824071407318,11.18593293660397,11.394299187825908
2019-10-25,39693.0,Barnes Group shares are trading higher after the company reported better-than-expected Q3 EPS results. The company issued FY19 EPS above analyst estimates.,12.511824071407322,BARNES GROUP INC,-4.138625785708427,1.3963692874989553,1.699196156032845,-1.178446039557457,-0.9932510585484389,-1.8029691326917008
2019-10-25,39693.0,Barnes Sees FY19 Adj. EPS $3.18-$3.23 vs $3.12 Estimate,12.511824071407322,BARNES GROUP INC,-4.138625785708427,1.3963692874989553,1.699196156032845,-1.178446039557457,-0.9932510585484389,-1.8029691326917008
2019-10-25,39693.0,CORRECTION: Barnes Q3 GAAP EPS $0.89,12.511824071407322,BARNES GROUP INC,-4.138625785708427,1.3963692874989553,1.699196156032845,-1.178446039557457,-0.9932510585484389,-1.8029691326917008
2019-10-25,39693.0,"Barnes Gr Q3 GAAP EPS $0.89 May Not Compare To $0.79 Estimate, Sales $372.587M Miss $379.33M Estimate",12.511824071407322,BARNES GROUP INC,-4.138625785708427,1.3963692874989553,1.699196156032845,-1.178446039557457,-0.9932510585484389,-1.8029691326917008
2019-10-30,14888.0,"Alibaba Considering Hong Kong Listing As Early As Nov., Could Raise Up To $15B",0.361806433647871,ALIBABA GROUP HOLDING LTD,-0.4844255279749632,3.7345829484159765,2.7882594841245334,-1.0017871856689453,1.4801227625383717,2.5152108845261756
2019-10-30,14888.0,MongoDB Trades Higher On New Partnership With Alibaba,0.361806433647871,ALIBABA GROUP HOLDING LTD,-0.4844255279749632,3.7345829484159765,2.7882594841245334,-1.0017871856689453,1.4801227625383717,2.5152108845261756
2019-10-30,14888.0,"MongoDB Reports New Partnership With Alibaba Cloud, No Terms Disclosed",0.361806433647871,ALIBABA GROUP HOLDING LTD,-0.4844255279749632,3.7345829484159765,2.7882594841245334,-1.0017871856689453,1.4801227625383717,2.5152108845261756
2019-10-24,14888.0,'#Alibaba on Wednesday launched online market place #Taobao Taiwan by licensing the Taobao brand to a UK company's #Taiwan subsidiary' -Tweet From National Business Daily,1.5477900393307211,ALIBABA GROUP HOLDING LTD,1.0199910029768944,2.387710894998918,8.177340272663391,0.01765776687534526,-2.074692355731056,0.4670922436253555
2019-10-23,14888.0,Vertical Group Initiates Coverage On Alibaba Group Holding with Buy Rating,0.01765776687534526,ALIBABA GROUP HOLDING LTD,1.547790039330721,4.478578591694005,8.380417772526783,-2.0919807255268097,0.4493551306685939,-3.935542247583812
2019-10-21,14888.0,Alibaba Kicks Off 2019 11.11 Global Shopping Festival,2.595636062324047,ALIBABA GROUP HOLDING LTD,-2.0919807255268097,2.9737137696944194,3.555784943096385,-4.365281760692596,-4.5110604637837115,-3.51416995433691
2019-10-21,14888.0,"Alibaba to Announce September Quarter 2019 Results on November 1, 2019",2.595636062324047,ALIBABA GROUP HOLDING LTD,-2.0919807255268097,2.9737137696944194,3.555784943096385,-4.365281760692596,-4.5110604637837115,-3.51416995433691
2019-10-18,14888.0,"Alibaba shares trading lower with broader US, Chinese stock markets. The company's Pictures unit is expecting to reporting a net loss between RMB370 million and RMB400 million during the second half of 2019.",-4.3652817606925955,ALIBABA GROUP HOLDING LTD,2.595636062324047,3.062728252504243,4.33394518291399,-0.15243282541632652,0.889961116658422,3.3243760991198634
2019-10-18,14888.0,Alibaba Shares Down 2.4% For Session; Hearing Co.'s Pictures Unit Expecting 2H'19 Net Loss RMB370M-RMB400M,-4.3652817606925955,ALIBABA GROUP HOLDING LTD,2.595636062324047,3.062728252504243,4.33394518291399,-0.15243282541632652,0.889961116658422,3.3243760991198634
2019-10-16,14888.0,"KeyBanc Maintains Overweight on Alibaba Group Holding, Lowers Price Target to $243",1.043985318392515,ALIBABA GROUP HOLDING LTD,-0.15243282541632652,-4.065039033689944,0.23148359009719233,2.4129407480359077,1.358847421760112,5.551867039761449
2019-10-09,14888.0,Alibaba Group Holdings shares are trading higher in sympathy with the overall market on renewed optimism in the upcoming U.S.-China trade talks.,2.013221755623817,ALIBABA GROUP HOLDING LTD,0.5327228456735611,7.22198226276487,2.8633668310873883,-3.7963487207889557,-4.9371865808021775,-4.454804710802074
2019-10-09,14888.0,"China Establishes Yet Another Freight Train Route To Europe That Is Over 7,000 Miles Long",2.013221755623817,ALIBABA GROUP HOLDING LTD,0.5327228456735611,7.22198226276487,2.8633668310873883,-3.7963487207889557,-4.9371865808021775,-4.454804710802074
2019-10-08,14888.0,Alibaba shares are trading lower as investor optimism around the upcoming U.S.-China trade talks faded after China announced it is lowering its expectations ahead of trade negotiations with the United States.,-3.7963487207889557,ALIBABA GROUP HOLDING LTD,2.0132217556238174,8.250479424211687,4.9157087394331445,-1.185857132077217,-0.6844397081167797,1.5382776772949303
2019-10-28,59408.0,Odeon Capital Upgrades Bank of America to Buy,0.3783128689974546,BANK OF AMERICA CORP,0.7223603781312704,1.7587984143163427,4.208543292846967,1.1479550041258335,0.9548034002734962,1.6666619415453887
2019-10-21,59408.0,"UBS Maintains Buy on Bank of America, Raises Price Target to $34",2.207578532397747,BANK OF AMERICA CORP,0.580271752551198,2.6434547581488,4.44874621283462,0.29742284677922726,0.5966201836675511,2.08543845184761
2019-10-17,59408.0,"BlockFi Now Caters To Institutional Trading, Hedging",0.2983100945129991,BANK OF AMERICA CORP,0.29742284677922726,3.6351631908238202,3.337740399022593,1.4799883589148521,3.5346626890833566,4.358354289325961
2019-10-16,59408.0,Wednesday's Market Minute: The Harvey Dent Market,1.479988358914852,BANK OF AMERICA CORP,0.29831009451299906,4.143188630347172,4.80610133617887,2.0247088745236397,2.8363877223072764,4.499116755162635
2019-10-16,59408.0,Bank of America shares are trading higher after the company reported better-than-expected Q3 EPS and sales results.,1.479988358914852,BANK OF AMERICA CORP,0.29831009451299906,4.143188630347172,4.80610133617887,2.0247088745236397,2.8363877223072764,4.499116755162635
2019-10-16,59408.0,Bank Of America Trades Higher On Q3 Earnings Beat,1.479988358914852,BANK OF AMERICA CORP,0.29831009451299906,4.143188630347172,4.80610133617887,2.0247088745236397,2.8363877223072764,4.499116755162635
2019-10-16,59408.0,Bank of America Q3 Sales $22.8B Beat $22.79B Estimate,1.479988358914852,BANK OF AMERICA CORP,0.29831009451299906,4.143188630347172,4.80610133617887,2.0247088745236397,2.8363877223072764,4.499116755162635
2019-10-16,59408.0,Bank of America Q3 EPS $0.56 Beats $0.51 Estimate,1.479988358914852,BANK OF AMERICA CORP,0.29831009451299906,4.143188630347172,4.80610133617887,2.0247088745236397,2.8363877223072764,4.499116755162635
2019-10-15,59408.0,Warren Buffett Seeking Fed Leeway To Boost Stake In Bank Of America Past 10%,2.02470887452364,BANK OF AMERICA CORP,1.4799883589148521,4.9445047369774064,7.87083819512806,0.7955708540976048,2.425302564383869,4.481893147618399
2019-10-10,59408.0,"JP Morgan Maintains Overweight on Bank of America, Lowers Price Target to $30",2.007893100380898,BANK OF AMERICA CORP,1.6168683767318726,6.362036520903103,10.22847012152155,0.941007025539875,-1.4835750357174216,-1.691933172554394
2019-10-08,59408.0,Transplace Announces Payment Processing Enhancements,-2.401979267597198,BANK OF AMERICA CORP,0.941007025539875,7.600435837678998,12.92074448468139,-0.21149583626538515,1.7979145002873897,1.6882159597622515
2019-10-04,59408.0,"Morgan Stanley Maintains Overweight on Bank of America, Lowers Price Target to $31",2.013669162988663,BANK OF AMERICA CORP,-0.21149583626538515,1.903415465368541,6.979201451875272,-0.10776108829304576,-2.2151936754120083,-4.66232646911574
2019-10-01,59408.0,Uber's App Overhaul Distracts From Its Slow Revenue Growth,-2.502569556236267,BANK OF AMERICA CORP,-2.1097060292959213,-2.848106128539196,4.535861230251181,-0.6132889539003372,0.1373186176708563,-0.2735040269207789
2019-10-14,12366.0,Booz Allen Wins a $516M Army Task Order to Increase Readiness on the Digital Battlefield,-1.273088436573744,BOOZ ALLEN HAMILTON HOLDING CORP,0.49595930613577366,-0.8218815574328242,-3.315851486693877,-0.05591902881860733,0.8892094742196877,2.583241978869877
2019-10-10,12366.0,"Morgan Stanley Maintains Overweight on Booz Allen Hamilton, Raises Price Target to $78",0.945657305419445,BOOZ ALLEN HAMILTON HOLDING CORP,-0.05591902881860733,-0.9647578739945151,-4.264535240946888,1.6791017726063728,0.6535005418689677,0.02823178277655547
2019-10-24,89482.0,"Wells Fargo Maintains Outperform on Banc of California, Lowers Price Target to $18",-2.117150276899338,BANC OF CALIFORNIA INC,0.07209970499388874,-0.7209764009461495,4.32588610979503,-5.59627003967762,-5.659123494117802,-4.256757454224491
2019-10-23,89482.0,Banc of California Q3 EPS $(0.45) Misses $(0.34) Estimate,-5.59627003967762,BANC OF CALIFORNIA INC,-2.1171502768993378,-3.528581503085504,2.117150323143835,-0.0665794184897095,1.418919131708174,1.3504375394687962
2019-10-17,79072.0,BancFirst Q3 EPS $1 Up From $0.98 YoY,-0.07102435338310897,BANCFIRST CORP,3.5891976207494736,2.8962349068881954,2.8606975581427774,0.0,1.6423026099801064,2.102972935068137
2019-10-23,82575.0,Banner Q3 EPS $1.15 Beats $1.05 Estimate,0.9350844658911228,BANNER CORP,-1.8884755671024323,1.0803660188685171e-07,0.12471014574007011,0.017989454499911517,0.9439107484658704,1.3671162519272473
2019-10-30,14302.0,"StoneCastle Financial Q3 EPS $0.38, Inline, Sales $3.961M Miss $4.06M Estimate",0.39630187675356854,ARROWMARK FINANCIAL CORP,-0.5701717920601368,-0.48113709943918836,-0.016664251582110268,0.5374344997107983,2.9931967255754977,2.0834696680159137
2019-10-28,27887.0,"UBS Maintains Buy on Baxter International, Lowers Price Target to $95",0.7375772576779127,BAXTER INTERNATIONAL INC,0.012847960169892758,-0.025686191417795268,1.2973694330343788,-2.276179753243923,-12.13189142066512,-11.213237609826132
2019-10-25,27887.0,﻿Baxter International shares are trading lower on continued momentum after the company issued Q3 preliminary sales below analyst estimates.,-2.2761797532439227,BAXTER INTERNATIONAL INC,0.7375772576779127,0.8152236487979581,1.5916192235872595,-10.085270553827286,-9.14521949102668,-10.593550573377087
2019-10-24,27887.0,Baxter International shares are trading lower after the company issued Q3 preliminary sales below analyst estimates.,-10.08527055382729,BAXTER INTERNATIONAL INC,-2.276179753243923,-3.009616540513793,-1.3657078686451274,1.0454917326569557,-0.5652911627277768,-0.045460789913254196
2019-10-24,27887.0,Baxter Sees Prelim. Q3 Sales $2.85B vs $2.86B Est.,-10.08527055382729,BAXTER INTERNATIONAL INC,-2.276179753243923,-3.009616540513793,-1.3657078686451274,1.0454917326569557,-0.5652911627277768,-0.045460789913254196
2019-10-24,27887.0,"Baxter Reports Internal Investigation Of Misstatements In Previously-Reported Non-Operating Income Related To Forex Gains, Losses",-10.08527055382729,BAXTER INTERNATIONAL INC,-2.276179753243923,-3.009616540513793,-1.3657078686451274,1.0454917326569557,-0.5652911627277768,-0.045460789913254196
2019-10-24,27887.0,"Baxter Sees Q4 As-Reported Sales Growth 3-4%, 5% On Constant Currency Basis",-10.08527055382729,BAXTER INTERNATIONAL INC,-2.276179753243923,-3.009616540513793,-1.3657078686451274,1.0454917326569557,-0.5652911627277768,-0.045460789913254196
2019-10-24,27887.0,"Baxter International Q3 Adj. Operating Income $555M, Sales $2.85B Miss $2.86B Estimate",-10.08527055382729,BAXTER INTERNATIONAL INC,-2.276179753243923,-3.009616540513793,-1.3657078686451274,1.0454917326569557,-0.5652911627277768,-0.045460789913254196
2019-10-28,13286.0,Shares of Brazilian companies are trading higher ahead of the central bank's rate decision on Wednesday. Economists expect rates to be cut to new lows.,3.523705154657364,BANCO BRADESCO S A,-1.4683113433420658,-5.3505519245572675,-9.767140840473465,0.981594156473875,1.105641173420846,1.6049277949881757
2019-10-31,75381.0,BBVA Q3 Net Income $183M vs $175M in Same Qtr. Last Year,-0.3809520276263356,BANCO BILBAO VIZCAYA ARGENTARIA,1.1472264304757118,4.588905629832585,0.19119965736624778,-2.4163588881492615,-2.9574833153533264,-3.136532640855938
2019-10-30,10874.0,"Imperial Capital Maintains Outperform on Brunswick, Raises Price Target to $74",-0.8233875036239624,BRUNSWICK CORP,-1.3215838000178337,2.880380690535378,0.4405257076594893,-0.9322480298578739,1.1043114891455375,1.9006794216135159
2019-10-28,10874.0,"KeyBanc Maintains Overweight on Brunswick, Raises Price Target to $65",2.055723965167999,BRUNSWICK CORP,-0.9322480298578739,-0.11653034035732368,0.615946107564258,0.7876696065068245,2.2940556986903893,3.9562021908536638
2019-10-25,10874.0,"Wedbush Maintains Outperform on Brunswick, Raises Price Target to $68",0.7876696065068245,BRUNSWICK CORP,2.0557239651679993,-0.1019391145118842,3.363913471757507,1.4946134760975838,3.143770063061635,6.7056493971780595
2019-10-24,10874.0,Brunswick Reaffirms FY20 Adj. EPS Guidance $5-$5.50 vs $5.20 Estimate,1.494613476097584,BRUNSWICK CORP,0.7876696065068245,-0.2739723270425154,4.29794208979537,1.6248710453510284,5.1342980111035,5.038338997468483
2019-10-24,10874.0,"Brunswick Q3 EPS $1.1 Beats $1.01 Estimate, Sales $976.6M Miss $988.25M Estimate",1.494613476097584,BRUNSWICK CORP,0.7876696065068245,-0.2739723270425154,4.29794208979537,1.6248710453510284,5.1342980111035,5.038338997468483
2019-10-17,10874.0,"UPDATE: Longbow Downgrades Brunswick To Neutral Following Firm's '3Q boat dealer checks, with contacts reporting inventory levels above target heading into 4Q despite aggressive rebating on existing and current models'",-3.066372685134411,BRUNSWICK CORP,1.935238391160965,8.671380068688483,8.373650559885103,0.7999975234270096,3.3171800531394124,3.781356333603725
2019-10-17,10874.0,Longbow Research Downgrades Brunswick to Neutral,-3.066372685134411,BRUNSWICK CORP,1.935238391160965,8.671380068688483,8.373650559885103,0.7999975234270096,3.3171800531394124,3.781356333603725
2019-10-15,10874.0,Brunswick Raises Qtr. Dividend From $0.21 To $0.24/Share,2.497204951941967,BRUNSWICK CORP,0.7999975234270096,2.9454525119783748,8.199996847330947,0.44927308335900307,3.5907347071045814,4.661594172836003
2019-10-18,91015.0,BCB Bancorp Q3 EPS $0.3 Up From $0.27 YoY,-0.3086416749283671,B C B BANCORP INC,0.619194470345974,-0.1548022698488638,0.6191945131423626,0.309597235172987,0.4651195516570894,-0.23094482088711343
2019-10-31,29647.0,"BCE Q3 EPS $0.91 Beats $0.65 Estimate, Sales $5.984B Beat $4.43B Estimate",-0.48238160088658333,B C E INC,0.14752306742593646,1.2644857464731318,2.0442516301470315,0.7182090077549219,1.1026303106837387,2.20792874414808
2019-10-30,29647.0,Bell Media Seals Long-Term Deal With Warner Bros. International Television Distribution To Bring HBO Max Original Programming To Canada,0.7182090077549219,B C E INC,-0.48238160088658333,-0.06291690373678716,1.4681223969825075,0.38168004248291254,1.4790967304417313,1.4790967304417313
2019-10-28,14925.0,BrainStorm Cell Therapeutics' Data Safety Monitoring Board Recommends ALS Phase 3 Clinical Trial Continue,2.7472499758005138,BRAINSTORM CELL THERAPEUTICS INC,-2.6737941429018974,3.7433182029715573,3.743318370598092,-3.9577800780534744,-5.208328624003322,-6.666666356945616
2019-10-25,14925.0,BrainStorm Cell Therapeutics to Present at the Dawson James Securities 5th Annual Small Cap Growth Conference on October 29,-3.9577800780534735,BRAINSTORM CELL THERAPEUTICS INC,2.747249975800514,0.8241750005895332,4.395599987870491,-1.3020820915699005,-2.8205161033279413,-1.8134697764423335
2019-10-11,14925.0,BrainStorm Says NurOwn Phase 3 ALS Clinical Trial Now Fully Enrolled,0.5194800440222025,BRAINSTORM CELL THERAPEUTICS INC,1.0335969738662243,2.067187636870904,-5.943147087854362,-0.5167953670024872,-0.5167953670024872,-0.7732012312359537
2019-10-07,14925.0,BrainStorm Cell Therapeutics Granted a Patent for NurOwn Cellular Therapeutic Technology,1.305488031357527,BRAINSTORM CELL THERAPEUTICS INC,-0.2577378414571285,0.7731951903171774,-0.5154695200959014,2.133331261575222,0.7894728662478645,-1.2886646612137675
2019-10-02,14925.0,BrainStorm Cell Therapeutics To Present NurOwn Phase 2 Biomarker Data At North East Amyotrophic Lateral Sclerosis (NEALS) 18th Annual Meeting,-2.061859704554081,BRAINSTORM CELL THERAPEUTICS INC,-1.315788272768259,1.8421034592480456,3.9473709402930934,-0.512820016592741,-2.6575808220741237e-08,-2.512560438195788
2019-10-23,18649.0,"Brink's Cuts FY19 Adj. Sales Guidance From $3.75B To $3.7B vs $3.72B Estimate, EPS From $4.20 At The Midpoint To $3.90-$4.10 vs $3.96 Est.",-3.3233381807804108,BRINKS CO,2.6020534336566925,4.1298629231285355,6.958703705837044,0.3938878420740366,0.7557278636331599,0.9317529324511131
2019-10-23,18649.0,"Brink's Q3 Adj. EPS $1.05 Beats $1.04 Estimate, Sales $924.6M Miss $931.07M Estimate",-3.3233381807804108,BRINKS CO,2.6020534336566925,4.1298629231285355,6.958703705837044,0.3938878420740366,0.7557278636331599,0.9317529324511131
2019-10-17,18649.0,Freight Of All Kinds: Moving Money Is A Precise Drill,0.3271778114140034,BRINKS CO,0.17470477614551783,0.11646682462298497,-1.048219867647382,0.38709891960024834,2.417429828605022,1.7114362856445853
2019-10-23,13260.0,"Brightcove Q3 EPS $0.06 Beats $0.04 Estimate, Sales $47.4M Beat $47.26M Estimate",-0.8155032992362976,BRIGHTCOVE INC,-6.680366396903992,-5.549845610153225,-2.9290836675222143,-3.4448761492967606,-1.7033980023140716,-5.944389973853825
2019-10-03,13260.0,"Brightcove Reports Expansion Of Partnership With Adobe, Has Joined LaunchPoint",1.408454217016697,BRIGHTCOVE INC,3.6706339567899704,4.662701147350523,3.4722260225487966,-3.9613600820302963,-5.152671439566891,-5.333337156473172
2019-10-30,79668.0,Belden Announces Cost Reduction Program Expected To Reduce SG&A By $40M,-7.7242352068424225,BELDEN INC NEW,0.2933653537184,1.7602146431584087,1.388615553170025,-1.6332361847162247,0.8922099771876857,1.2424636038984138
2019-10-30,79668.0,Belden To Divest Grass Valley,-7.7242352068424225,BELDEN INC NEW,0.2933653537184,1.7602146431584087,1.388615553170025,-1.6332361847162247,0.8922099771876857,1.2424636038984138
2019-10-30,79668.0,"Belden Sees Q4 Adj. EPS $1.00-$1.15 vs $1.71 Est., FY19 Adj. EPS $4.32-$4.47 vs $5.51 Est.",-7.7242352068424225,BELDEN INC NEW,0.2933653537184,1.7602146431584087,1.388615553170025,-1.6332361847162247,0.8922099771876857,1.2424636038984138
2019-10-30,79668.0,"Belden Q3 Adj. EPS $1.18 Misses $1.41 Estimate, Sales $620.32M Miss $632.8M Estimate",-7.7242352068424225,BELDEN INC NEW,0.2933653537184,1.7602146431584087,1.388615553170025,-1.6332361847162247,0.8922099771876857,1.2424636038984138
2019-10-29,39642.0,"Becton, Dickinson and Co shares are trading higher. Not seeing any news to justify the price action.",3.332248330116272,BECTON DICKINSON & CO,0.6567555945366621,-2.98883367402194,-4.6877451469967575,0.7286118343472481,0.07320368931749144,-2.1939604233729426
2019-10-28,39642.0,Becton Dickinson On October 28 Entered Into An Agreement With EPD That Resolved Litigation; BD To Voluntarily Suspend Sterilization Operations At Its Covington Facility From Oct. 30 To Nov.6,0.7286118343472481,BECTON DICKINSON & CO,3.332248330116272,5.941161373034798,-1.4791936297735675,-0.6506673060357571,-2.9014320802181803,-2.3893223757958215
2019-10-24,39642.0,"Becton, Dickinson And Co shares are trading lower on seemingly no company-specific news.",-2.26550567895174,BECTON DICKINSON & CO,-0.6506673060357571,4.107363169783351,-0.5408649671861165,0.52741221152246,-0.9838646072910406,-2.7031170580751884
2019-10-21,39642.0,"10x Genomics Announces Resolution Of Outstanding Patent Litigation With Becton, Dickinson And Company And Cellular Research; Co. To Pay $25M To BD",-1.7363356426358219,BECTON DICKINSON & CO,-1.5033479779958725,-3.156239430560448,2.597404664585401,0.697043864056468,2.2337289351097134,2.096493093282037
2019-10-30,17444.0,"Bel Fuse Q3 EPS $(0.51), Sales $124.479M Beat $120M Estimate",-6.8880438804626465,BEL FUSE INC,3.1494591385126114,11.46325668808239,9.257496531262488,10.759053379297256,2.8997766084058574,15.015536478735703
2019-10-25,37584.0,Franklin Resources shares are trading lower after the company reported worse-than-expected Q4 EPS and sales results.,-1.101632788777351,FRANKLIN RESOURCES INC,2.084081619977951,0.7905113094981653,1.616962868679317,0.9325689636170864,3.9143259693256383,2.588403526425642
2019-10-25,37584.0,"Franklin Resources Q4 EPS $0.61 Misses $0.64 Estimate, Sales $1.453B Miss $1.46B Estimate",-1.101632788777351,FRANKLIN RESOURCES INC,2.084081619977951,0.7905113094981653,1.616962868679317,0.9325689636170864,3.9143259693256383,2.588403526425642
2019-10-08,37584.0,"Morgan Stanley Maintains Underweight on Franklin Resources, Lowers Price Target to $28",-3.1687498092651367,FRANKLIN RESOURCES INC,0.34246633294969797,3.767122265230194,3.0441370717065874,-0.8765514008700848,0.036860385488268754,0.2956390107088591
2019-10-08,37584.0,"BMO Capital Initiates Coverage On Franklin Resources with Underperform Rating, Announces $16 Price Target",-3.1687498092651367,FRANKLIN RESOURCES INC,0.34246633294969797,3.767122265230194,3.0441370717065874,-0.8765514008700848,0.036860385488268754,0.2956390107088591
2019-10-01,37584.0,"Franklin Resources shares are trading lower in sympathy with the overall market on weak manufacturing PMI data, adding fear to an economic slowdown.",-3.2917559146881095,FRANKLIN RESOURCES INC,-3.0455047264695168,-5.840197555719029,-2.293082672943758,0.8033582009375095,1.6123149950286075,1.1534852213088476
2019-10-17,13604.0,"Citigroup Maintains Buy on Berry Global Group, Lowers Price Target to $58",0.7794212084263563,BERRY GLOBAL GROUP INC,1.314767450094223,7.373035603893197,7.012109561464408,0.26049045845866203,-0.02596967001291528,-1.3835437286427
2019-10-03,13604.0,"Wells Fargo Maintains Outperform on Berry Global Group, Lowers Price Target to $60",0.749271083623171,BERRY GLOBAL GROUP INC,1.2483330443501472,1.5670654618084923,3.02788679877235,-2.0445676520466805,-4.838302851637044,-4.959310290392893
2019-10-31,13739.0,"Bright Horizons, GP Strategies Report Exclusive Partnership For Education, Learning Benefits",0.8761859498918056,BRIGHT HORIZONS FAM SOL INC NEW,-2.4777861312031746,-2.0603269894926557,-0.30972727346441076,0.07476931205019355,0.2587603666461824,-1.649967515002948
2019-10-30,13739.0,Bright Horizons Sees FY19 Adj. EPS $3.61-$3.64 vs $3.63 Est.,0.07476931205019355,BRIGHT HORIZONS FAM SOL INC NEW,0.8761859498918056,-0.5705335667159694,-1.310869307176199,0.18385358853265643,-1.7234482166779919,-1.5195156111860952
2019-10-30,13739.0,"Bright Horizons Q3 EPS $0.86, Inline, Sales $512M Miss $514.65M Estimate",0.07476931205019355,BRIGHT HORIZONS FAM SOL INC NEW,0.8761859498918056,-0.5705335667159694,-1.310869307176199,0.18385358853265643,-1.7234482166779919,-1.5195156111860952
2019-10-08,13739.0,"Morgan Stanley Initiates Coverage On Bright Horizons Family with Equal-Weight Rating, Announces $162 Price Target",-1.448047254234552,BRIGHT HORIZONS FAM SOL INC NEW,1.2045849114656448,1.1317802253042464,-1.1847199016476018,-0.4803670570254326,-0.1628027964008738,1.5701570855815916
2019-10-21,90718.0,BankFinancial Q3 EPS $0.26 Up From $0.22 YoY,1.7398511990904812,BANKFINACIAL CORP,-0.1628624158911407,2.2801358939005034,7.980460319327576,0.58333077467978,1.1735070134015757,1.5993230461420982
2019-10-30,89138.0,"Bunge Q3 Adj. EPS $1.41 Does Not Compare To $0.49 Estimate, Sales $10.32B Miss $11.27B Estimate",-6.1042897403240195,BUNGE LTD,2.3502686992287636,4.64367105006247,4.624720515984637,1.1885465122759342,1.719762720269613,2.836748290210256
2019-10-08,89138.0,"Stephens & Co. Initiates Coverage On Bunge with Overweight Rating, Announces $74 Price Target",-2.175090648233891,BUNGE LTD,0.753406248986721,4.979792425231233,1.800814868933287,-1.1724992655217648,-0.2867894610292909,-0.4117428126376388
2019-10-02,89138.0,"20+ Grain Cargo Ships Stuck Outside Iranian Ports Amid Payment Issues; Bunge, COFCO Int'l. Among Cos.",-0.9398807771503925,BUNGE LTD,-0.12531273532658815,-1.8438933240156885,-0.8234856118405243,-0.4062160849571228,-0.2653015989878327,-0.3005692730918663
2019-10-24,87487.0,BGC Partners shares are trading lower after the company issued Q4 EPS near the lower end of analyst estimates.,-9.075043350458145,B G C PARTNERS INC,0.1919338246807456,-0.1919429992995325,9.980805796581226,-0.8650551550090313,5.234921385266489e-08,0.7915581172839525
2019-10-24,87487.0,BGC Partners Sees Q4 Sales $465M-$505M vs $493M Estimate,-9.075043350458145,B G C PARTNERS INC,0.1919338246807456,-0.1919429992995325,9.980805796581226,-0.8650551550090313,5.234921385266489e-08,0.7915581172839525
2019-10-24,87487.0,"BGC Partners Q3 EPS $0.15, Same YoY, Sales $521.1M Beat $511.05M Estimate",-9.075043350458145,B G C PARTNERS INC,0.1919338246807456,-0.1919429992995325,9.980805796581226,-0.8650551550090313,5.234921385266489e-08,0.7915581172839525
2019-10-02,87487.0,"BGC Partners Shares Spike To Session High, Now Up 0.9%, As Traders Circulate Report New York Attorney General Has Imposed $12.5M On GFI Securities",-0.1879742252640426,B G C PARTNERS INC,2.0715655758976936,0.47081154262182956,5.0847453655766595,-3.272724151611328,-4.316542685524016,-4.999995332089934
2019-10-30,89413.0,Big 5 Sporting Goods Earnings Rally Brightens Technical Outlook,44.813272356987,BIG 5 SPORTING GOODS CORP,-8.309454470872879,-5.730660486399064,-18.624644479440832,-7.307685911655426,-4.743078831712544,-6.2256754954806865
2019-10-29,89413.0,"Big 5 Sporting Goods Sees Q4 EPS $(0.04)-$(0.16) vs $(0.13) Est., FY19 EPS $0.22-$0.34 vs $0.15 Est.",-7.307685911655426,BIG 5 SPORTING GOODS CORP,44.813272356987,37.344390079477385,23.23651046274573,2.766795828938484,1.1673140613831956,2.76679584419397
2019-10-29,89413.0,"Big 5 Sporting Goods Q3 EPS $0.3 Beats $0.16 Estimate, Sales $266.15M Beat $265.99M Estimate",-7.307685911655426,BIG 5 SPORTING GOODS CORP,44.813272356987,37.344390079477385,23.23651046274573,2.766795828938484,1.1673140613831956,2.76679584419397
2019-10-24,76224.0,"Benchmark Electronic Sees Q4 Adj. EPS $0.34-$0.42 vs $0.38 Est., Sales $420M-$570M vs $555.3M Est.",0.06523306365124881,BENCHMARK ELECTRONICS INC,2.6727499440312386,10.495440692440061,11.505862983198156,-0.7124330382794142,-0.8087997532377655,0.09794543666561406
2019-10-24,76224.0,"Benchmark Electronics Q3 Adj. EPS $0.36 Beats $0.34 Estimate, Sales $555M Beat $539.55M Estimate",0.06523306365124881,BENCHMARK ELECTRONICS INC,2.6727499440312386,10.495440692440061,11.505862983198156,-0.7124330382794142,-0.8087997532377655,0.09794543666561406
2019-10-28,88280.0,Berkshire Hills Bancorp Names Bill Dunlaevy Chair,1.682058908045292,BERKSHIRE HILLS BANCORP INC,0.8757718838751316,3.98962532545839,6.00065014490303,0.6974396761506796,-0.9797555136748737,-1.494480127838782
2019-10-28,88280.0,Berkshire Hills Bancorp Q3 EPS $0.44 Misses $0.51 Estimate,1.682058908045292,BERKSHIRE HILLS BANCORP INC,0.8757718838751316,3.98962532545839,6.00065014490303,0.6974396761506796,-0.9797555136748737,-1.494480127838782
2019-10-25,90857.0,"Barclays Maintains Equal-Weight on Baidu, Raises Price Target to $140",0.17359466291964049,BAIDU INC,0.953112356364727,0.7413078985193167,19.91912367239401,-0.4416697658598423,0.05790332122872499,-0.64200664588423
2019-10-21,90857.0,"KeyBanc Maintains Overweight on Baidu, Lowers Price Target to $149",0.5976506043225527,BAIDU INC,-0.6995049305260181,0.4791107693040031,5.040247266012332,-3.6321446299552917,-4.192834358492514,-3.2276112385192124
2019-10-15,90857.0,"Baidu Issued an Internal Email Tuesday to Call for ""Frugal, Plain, and Practical"" Work Ethics",1.649912633001804,BAIDU INC,1.0074644349515438,-3.3302237651193556,-4.011190030737954,0.7643755059689283,1.5503135894948672,5.565563079033464
2019-10-07,90857.0,Baidu shares are trading lower as Chinese markets remain volatile ahead of US-China meetings planned for next week.,-2.871637791395187,BAIDU INC,-1.9118975847959518,3.9321945361321387,2.8481316959852565,0.1437898026779294,1.8027659435215337,2.4215698204111735
2019-10-23,67467.0,Big Lots shares are trading higher on seemingly no company-specific news.,8.800388127565384,BIG LOTS INC,5.196572840213776,-0.8585569616875954,0.8133770365887028,0.09842745494097471,-0.8288643098491644,-4.372356922955611
2019-10-04,67467.0,Big Lots Option Alert: Oct 18 $22.5 Calls Sweep (5) near the Ask: 620 @ $0.398 vs 640 OI; Ref=$21.24,-1.8687320873141289,BIG LOTS INC,-1.764984056353569,3.1119371827409426,-4.737577561303907,-0.7239812053740025,-8.924863561166873,-10.448977518641911
2019-10-04,67467.0,Big Lots Option Alert: Oct 18 $22.5 Calls Sweep (18) near the Ask: 600 @ $0.4 vs 640 OI; Ref=$21.2,-1.8687320873141289,BIG LOTS INC,-1.764984056353569,3.1119371827409426,-4.737577561303907,-0.7239812053740025,-8.924863561166873,-10.448977518641911
2019-10-31,76841.0,Cramer Makes The Case Why Biogen's Stock Could Double In Value,-0.3934853244572878,BIOGEN INC,0.16404564958065748,-3.963709490990708,-7.887247860161173,0.8033663034439087,1.471884016756353,4.114013883486778
2019-10-30,76841.0,"Biogen shares are trading higher after the company announced it has recieved FDA approval for VUMERITY, a treatment of relapsing forms of multiple sclerosis. Bernstein earlier upgraded the stock from Market Perform to Outperform.",0.8033663034439087,BIOGEN INC,-0.3934853244572878,-3.631336174237576,-6.002200391742296,0.6631898693740368,3.2842629184396177,4.137499100134212
2019-10-30,76841.0,Bernstein Upgrades Biogen to Outperform,0.8033663034439087,BIOGEN INC,-0.3934853244572878,-3.631336174237576,-6.002200391742296,0.6631898693740368,3.2842629184396177,4.137499100134212
2019-10-29,76841.0,"Hearing Bernstein Upgrades Biogen To Outperform, $370 Price Target",0.6631898693740368,BIOGEN INC,0.8033663034439087,-1.788237721468855,-2.050422241557892,2.6038048788905144,3.4514197645322264,5.996700551479028
2019-10-23,76841.0,Biogen Analysts Debate About-Face On Aducanumab: 'Path To Market An Uphill Battle',-1.082054805010557,BIOGEN INC,2.460363321006298,7.556849045185343,3.6510982779374146,26.11069083213806,28.087794776246255,24.94237166501727
2019-10-23,76841.0,'7 burning questions now that Biogen $BIIB  has resurrected its 'failed' Alzheimer's drug' -Tweet From Stat News Snr Writer,-1.082054805010557,BIOGEN INC,2.460363321006298,7.556849045185343,3.6510982779374146,26.11069083213806,28.087794776246255,24.94237166501727
2019-10-23,76841.0,"UPDATE: Morgan Stanley Maintains Underweight On Biogen, Raises Target To $262 As Firm Notes 'We add 35% risk-adjusted aducanumab sales into our model but remain UW given our concerns around the updated filing strategy and base business'",-1.082054805010557,BIOGEN INC,2.460363321006298,7.556849045185343,3.6510982779374146,26.11069083213806,28.087794776246255,24.94237166501727
2019-10-23,76841.0,"UPDATE:H.C. Wainwright Reiterates Buy On Biogen, Raises Tgt To $335 Notes 'In light of the new analysis from the aducanumab Phase 3 trials and plans for BLA submission based on discussions with the FDA, we raised our probability of success to 15%' From 0%",-1.082054805010557,BIOGEN INC,2.460363321006298,7.556849045185343,3.6510982779374146,26.11069083213806,28.087794776246255,24.94237166501727
2019-10-23,76841.0,"UPDATE: Canaccord On Biogen Also Notes 'we would like to wait until BIIB presents a fuller data set at the Clinical Trials in Alzheimer's Disease (CTAD) conference in San Diego, CA (12/4-12/7)'",-1.082054805010557,BIOGEN INC,2.460363321006298,7.556849045185343,3.6510982779374146,26.11069083213806,28.087794776246255,24.94237166501727
2019-10-23,76841.0,"UPDATE: Canaccord Maintains Hold On Biogen, Raises Target To $305 Notes 'There is still a lot of uncertainty and investor skepticism as it is unclear whether the FDA could approve adu based on one successful EMERGE trial supported by ENGAGE that failed'",-1.082054805010557,BIOGEN INC,2.460363321006298,7.556849045185343,3.6510982779374146,26.11069083213806,28.087794776246255,24.94237166501727
2019-10-23,76841.0,"BMO Capital Maintains Market Perform on Biogen, Raises Price Target to $297",-1.082054805010557,BIOGEN INC,2.460363321006298,7.556849045185343,3.6510982779374146,26.11069083213806,28.087794776246255,24.94237166501727
2019-10-23,76841.0,"Canaccord Genuity Maintains Hold on Biogen, Raises Price Target to $305",-1.082054805010557,BIOGEN INC,2.460363321006298,7.556849045185343,3.6510982779374146,26.11069083213806,28.087794776246255,24.94237166501727
2019-10-23,76841.0,"Credit Suisse Maintains Underperform on Biogen, Raises Price Target to $260",-1.082054805010557,BIOGEN INC,2.460363321006298,7.556849045185343,3.6510982779374146,26.11069083213806,28.087794776246255,24.94237166501727
2019-10-23,76841.0,"SVB Leerink Upgrades Biogen to Outperform, Raises Price Target to $350",-1.082054805010557,BIOGEN INC,2.460363321006298,7.556849045185343,3.6510982779374146,26.11069083213806,28.087794776246255,24.94237166501727
2019-10-23,76841.0,"JP Morgan Maintains Neutral on Biogen, Raises Price Target to $260",-1.082054805010557,BIOGEN INC,2.460363321006298,7.556849045185343,3.6510982779374146,26.11069083213806,28.087794776246255,24.94237166501727
2019-10-23,76841.0,"Cowen & Co. Maintains Outperform on Biogen, Raises Price Target to $325",-1.082054805010557,BIOGEN INC,2.460363321006298,7.556849045185343,3.6510982779374146,26.11069083213806,28.087794776246255,24.94237166501727
2019-10-23,76841.0,"Morgan Stanley Maintains Underweight on Biogen, Raises Price Target to $262",-1.082054805010557,BIOGEN INC,2.460363321006298,7.556849045185343,3.6510982779374146,26.11069083213806,28.087794776246255,24.94237166501727
2019-10-23,76841.0,"H.C. Wainwright Reiterates Buy on Biogen, Raises Price Target to $335",-1.082054805010557,BIOGEN INC,2.460363321006298,7.556849045185343,3.6510982779374146,26.11069083213806,28.087794776246255,24.94237166501727
2019-10-23,76841.0,Guggenheim Upgrades Biogen to Buy,-1.082054805010557,BIOGEN INC,2.460363321006298,7.556849045185343,3.6510982779374146,26.11069083213806,28.087794776246255,24.94237166501727
2019-10-22,76841.0,Jon Najarian Highlights Unusual Options Activity In Biogen,26.11069083213806,BIOGEN INC,-1.0820548050105572,5.545111134189451,3.6577136437216495,1.5677528455853462,-0.9264235723487668,-1.8487645785342899
2019-10-22,76841.0,Biogen Alzheimer Drug Has 0% Chance Of Winning Approval -Raymond James,26.11069083213806,BIOGEN INC,-1.0820548050105572,5.545111134189451,3.6577136437216495,1.5677528455853462,-0.9264235723487668,-1.8487645785342899
2019-10-22,76841.0,Alzheimer's Association Issues Statement Saying Is Encouraged To Learn Biogen Will Pursue Regulatory Approval From FDA For Aducanumab,26.11069083213806,BIOGEN INC,-1.0820548050105572,5.545111134189451,3.6577136437216495,1.5677528455853462,-0.9264235723487668,-1.8487645785342899
2019-10-22,76841.0,Biogen Plans Filing For Failed Alzheimer's Drug After New Analysis,26.11069083213806,BIOGEN INC,-1.0820548050105572,5.545111134189451,3.6577136437216495,1.5677528455853462,-0.9264235723487668,-1.8487645785342899
2019-10-22,76841.0,Biogen Inc Executive Says FDA Thought It Was 'Reasonable' To File For Regulatory Approval Of Aducanumab After Meeting With Co.,26.11069083213806,BIOGEN INC,-1.0820548050105572,5.545111134189451,3.6577136437216495,1.5677528455853462,-0.9264235723487668,-1.8487645785342899
2019-10-22,76841.0,Biogen Inc Executive Says Results From New Analysis Of Aducanumab Are Positive For Other Alzheimer's Drug Ban2401,26.11069083213806,BIOGEN INC,-1.0820548050105572,5.545111134189451,3.6577136437216495,1.5677528455853462,-0.9264235723487668,-1.8487645785342899
2019-10-22,76841.0,Biogen Earnings Call To Begin At 8:00 a.m. (Stream Link),26.11069083213806,BIOGEN INC,-1.0820548050105572,5.545111134189451,3.6577136437216495,1.5677528455853462,-0.9264235723487668,-1.8487645785342899
2019-10-22,76841.0,UPDATE: Seeing Reports Of Biogen Q3 Adj. EPS $9.17,26.11069083213806,BIOGEN INC,-1.0820548050105572,5.545111134189451,3.6577136437216495,1.5677528455853462,-0.9264235723487668,-1.8487645785342899
2019-10-22,76841.0,"Biogen Q3 GAAP EPS $8.39, Adj. EPS $9.17 Beats $8.27 Estimate, Sales $3.6B Beat $3.54B Estimate",26.11069083213806,BIOGEN INC,-1.0820548050105572,5.545111134189451,3.6577136437216495,1.5677528455853462,-0.9264235723487668,-1.8487645785342899
2019-10-22,76841.0,Biogen shares are trading higher after the company announced it plans a regulatory filing for Aducanumab in Alzheimer's disease following new analysis. The terminated Phase 3 EMERGE study met its primary endpoint and the company now believes a subset of patients in the Phase 3 ENGAGE study also support the findings of EMERGE.,26.11069083213806,BIOGEN INC,-1.0820548050105572,5.545111134189451,3.6577136437216495,1.5677528455853462,-0.9264235723487668,-1.8487645785342899
2019-10-22,76841.0,Biogen Plans Regulatory Filing For Aducanumab In Alzheimer's Disease Based On New Analysis Of Larger Dataset From Phase 3 Studies,26.11069083213806,BIOGEN INC,-1.0820548050105572,5.545111134189451,3.6577136437216495,1.5677528455853462,-0.9264235723487668,-1.8487645785342899
2019-10-17,76841.0,"Bank of America Reinstates Underperform on Biogen, Announces $200 Price Target",-0.9309656918048859,BIOGEN INC,-2.4556774646043777,26.631200256435328,32.406908792442835,0.7343199569731951,0.8681815955614125,2.0205162735152937
2019-10-11,76841.0,"Morgan Stanley Maintains Underweight on Biogen, Raises Price Target to $212",0.09417341207154095,BIOGEN INC,1.1424164287745953,-1.4112311236734287,29.044398927171343,0.3916603513062,0.47760547053325997,-1.7577890318457356
2019-10-03,76841.0,Biogen Reports Biogen Canada's Results From NURTURE Study,0.5604291334748268,BIOGEN INC,0.6741573102772236,0.2247191145889671,1.3932611973819675,-2.6144377887248993,-4.965214643145277,-3.8919325052077514
2019-10-31,61516.0,"Bio-Rad Laboratories Q3 EPS $1.61 Beats $1.4 Estimate, Sales $560.6M Miss $565.03M Estimate",-3.7387531250715265,BIO RAD LABORATORIES INC,6.245097145438194,4.179487237216062,6.7878927448435045,1.9472023472189903,0.8784772485957548,-0.33847707367714586
2019-10-31,78071.0,Biolase Reports Secured $3M Revolving Line Of Credit From Pacific Mercantile Bank,-1.8644031137228008,BIOLASE INC,0.1899833674542606,-2.987911735377702,-12.780656123714296,-3.2628338783979416,-0.8236741734487518,-2.1721153236278545
2019-10-25,78071.0,BIOLASE Prices 7.8M Share Offering @$0.575/Share,-11.65958419442177,BIOLASE INC,-1.3596401549875736,-3.8136298602870267,-13.778812459222433,7.241589576005936,-2.4714301078062273,-1.2297512088010332
2019-10-21,78071.0,Biolase Sees Q3 Sales $8.5M-8.8M vs $10.01M Est,-13.815458118915561,BIOLASE INC,1.273143757134676,-13.932292605560292,-13.917822534113178,-19.80000138282776,-1.3530178210904964,-5.669255384567384
2019-10-17,78071.0,"Seeing Sharp Spike In Biolase Shares, Now Up 28%; Not Yet Seeing Any News",23.00122678279877,BIOLASE INC,-19.80000138282776,-31.73000265585505,-42.10000099418907,-4.375438019633293,-7.613633175618684,8.400003612118766
2019-10-15,78071.0,BIOLASE Announces First-Ever US & Canada Regulatory Clearance Of Laser Crown And Veneer Removal,-3.386363387107849,BIOLASE INC,-4.375438019633293,-17.666432866879834,-28.26393850490777,17.33333319425583,15.789474956037708,11.392401754922243
2019-10-22,49656.0,BNY Mellon Vice Chair Bill Daley Has Left Bank,1.0291246697306629,BANK OF NEW YORK MELLON CORP,1.2787172570824623,1.7374786287780886,7.279252049835705,0.7278297562152147,2.906708208169917,2.7677759063020613
2019-10-18,49656.0,Bank of New York Mellon shares are trading higher after Credit Suisse raised the price target of the stock from $46 to $48.,2.163134515285492,BANK OF NEW YORK MELLON CORP,0.7278297562152147,2.9775052253072642,4.709336371662753,-0.13500801287591457,0.04508668791829429,1.0703739667314638
2019-10-18,49656.0,"Credit Suisse Maintains Neutral on Bank of New York Mellon, Raises Price Target to $48",2.163134515285492,BANK OF NEW YORK MELLON CORP,0.7278297562152147,2.9775052253072642,4.709336371662753,-0.13500801287591457,0.04508668791829429,1.0703739667314638
2019-10-16,49656.0,Bank of New York Mellon shares are trading higher after the company reported better-than-expected Q3 EPS results.,0.1803381717763841,BANK OF NEW YORK MELLON CORP,-0.13500801287591457,5.153017548762628,5.606670813763004,1.024825219064951,0.5439747672931317,1.9770128497900386
2019-10-16,49656.0,Bank of New York Mellon Q3 Sales $3.861B Miss $3.91B Estimate,0.1803381717763841,BANK OF NEW YORK MELLON CORP,-0.13500801287591457,5.153017548762628,5.606670813763004,1.024825219064951,0.5439747672931317,1.9770128497900386
2019-10-16,49656.0,Bank of New York Mellon Q3 EPS $1.07 Beats $0.99 Estimate,0.1803381717763841,BANK OF NEW YORK MELLON CORP,-0.13500801287591457,5.153017548762628,5.606670813763004,1.024825219064951,0.5439747672931317,1.9770128497900386
2019-10-10,49656.0,"JP Morgan Maintains Underweight on Bank of New York Mellon, Lowers Price Target to $45",1.564319804310799,BANK OF NEW YORK MELLON CORP,1.425284892320633,2.022990907322031,6.390801756526776,1.1811953037977219,1.3967805967695979,0.4691549897318792
2019-10-04,49656.0,"Morgan Stanley Maintains Underweight on Bank of New York Mellon, Lowers Price Target to $40",0.47136638313531887,BANK OF NEW YORK MELLON CORP,-0.9148471988737583,3.495186182670662,6.35702340466946,-0.14121292624622583,-2.972785892322516,-6.149079585318429
2019-10-30,92090.0,"BlackRock Capital Inv Q3 EPS $0.14, Inline",-1.2738841585814948,BLACKROCK CAPITAL INVT CORP,-0.43010711669921875,6.8817136562181025,6.881713653754473,0.2127708401530981,1.5086244640422741,0.8565302694968802
2019-10-10,77584.0,"The Buckle Sep. Comps Up 3% Year Over Year, Sales $77.3M vs $75.4M In Same Month Last Year",5.943150445818901,BUCKLE INC,1.2839517556130886,2.7160458242194485,7.209872230950465,0.9389687329530716,-2.812654136655912,-3.635455758127204
2019-10-29,61946.0,Black Hills Corp RAises Quarterly Dividend From $0.505 To $0.535/Share,0.42685531079769123,BLACK HILLS CORP,1.5971122309565544,-4.585262028301729,-3.735189778743009,-0.7064000237733126,-2.361711057280058,-2.1268520383114664
2019-10-10,61946.0,Bank of America Upgrades Black Hills to Buy,2.014216408133507,BLACK HILLS CORP,0.8259122259914875,0.9033482913181956,2.1809297020050744,0.5293826572597027,-0.8613986460310641,-0.9518885608636674
2019-10-10,10781.0,"Bank of South Carolina Q3 EPS $0.36 Up From $0.32 YoY, Book Value $9.33/Share vs $7.86 In Same Qtr. Last Year",0.7026981562376022,BANK SOUTH CAROLINA CORP,0.9887294843792915,1.8786925057304282,0.966185331555125,-0.6524716969579458,-0.26953767711838106,1.2866171290395245
2019-10-24,12515.0,"BMO Capital Maintains Outperform on BankUnited, Raises Price Target to $39",-0.028997453046031303,BANKUNITED INC,0.1450514537282288,-0.49318814538088507,2.407885182258429,1.6809191554784775,1.2628496291601676,2.162961512172301
2019-10-24,12515.0,"JP Morgan Upgrades BankUnited to Neutral, Raises Price Target to $37",-0.028997453046031303,BANKUNITED INC,0.1450514537282288,-0.49318814538088507,2.407885182258429,1.6809191554784775,1.2628496291601676,2.162961512172301
2019-10-15,12515.0,"Stephens & Co. Assumes BankUnited at Equal-Weight, Announces $35 Price Target",0.6682904902845621,BANKUNITED INC,0.030181460897438228,2.3234775533272245,5.884130278441013,-0.4836869891732931,0.48219951718420084,2.2499409373061274
2019-10-03,12515.0,"Morgan Stanley Maintains Equal-Weight on BankUnited, Lowers Price Target to $37",1.167437992990017,BANKUNITED INC,0.698449881747365,0.12147272523410635,1.9794704603079527,-0.39780009537935257,-3.182628682240274,-4.264708258560168
2019-10-31,90720.0,Builders FirstSource Q3 Adj. EPS $0.72 Beats $0.59 Estimate,1.140689197927713,BUILDERS FIRSTSOURCE INC,7.4745625257492065,4.201675491898604,11.632017116761272,-2.2518638521432877,-2.1234701969789493,-2.4650982349247563
2019-10-31,90720.0,"Builders FirstSource Q3 GAAP EPS $0.67, Sales $1.981B Beat $1.87B Estimate",1.140689197927713,BUILDERS FIRSTSOURCE INC,7.4745625257492065,4.201675491898604,11.632017116761272,-2.2518638521432877,-2.1234701969789493,-2.4650982349247563
2019-10-16,90720.0,Builders FirstSource Names William Bradley Hayes To Its Board Of Directors,4.20246422290802,BUILDERS FIRSTSOURCE INC,1.2923306785523891,1.5151522303412657,-0.37879211266912405,4.665851965546608,4.18480775115615,3.8832625048534686
2019-10-16,90720.0,"Stephens & Co. Upgrades Builders FirstSource to Overweight, Raises Price Target to $28",4.20246422290802,BUILDERS FIRSTSOURCE INC,1.2923306785523891,1.5151522303412657,-0.37879211266912405,4.665851965546608,4.18480775115615,3.8832625048534686
2019-10-10,90720.0,Builders FirstSource Receives Notice Of Non-Compliance With NASDAQ Listing Rule 5605(c)(4)(B,-0.3125777002424002,BUILDERS FIRSTSOURCE INC,-0.28943303041160107,9.647853440401466,9.503141583173335,1.961263082921505,2.438427860240888,1.4390247469838302
2019-10-16,87267.0,"Morgan Stanley Maintains Overweight on BlackRock, Raises Price Target to $554",0.4387403838336468,BLACKROCK INC,0.9565455839037895,2.387993715629788,4.6012564991834815,2.3583106696605682,2.407836868135438,5.725773424448177
2019-10-15,87267.0,BlackRock shares are trading higher after the company reported better-than-expected Q3 EPS results.,2.358310669660568,BLACKROCK INC,0.4387403838336468,1.320732361819843,4.884686920978498,0.04838512686546892,3.2898772290755884,4.084660191552292
2019-10-15,87267.0,"Citigroup Maintains Buy on BlackRock, Lowers Price Target to $500",2.358310669660568,BLACKROCK INC,0.4387403838336468,1.320732361819843,4.884686920978498,0.04838512686546892,3.2898772290755884,4.084660191552292
2019-10-15,87267.0,"BlackRock Q3 Adj. EPS $7.15 Beats $6.97 Estimate, Sales $3.69B Miss $3.7B Estimate",2.358310669660568,BLACKROCK INC,0.4387403838336468,1.320732361819843,4.884686920978498,0.04838512686546892,3.2898772290755884,4.084660191552292
2019-10-08,87267.0,"Morgan Stanley Maintains Overweight on BlackRock, Lowers Price Target to $547",-2.365481853485107,BLACKROCK INC,0.9705706499516964,7.573339013224478,8.994094914262284,-0.9989680722355843,0.8484134562100509,0.668481223190831
2019-10-08,87267.0,BMO Capital Initiates Coverage On BlackRock with Market Perform Rating,-2.365481853485107,BLACKROCK INC,0.9705706499516964,7.573339013224478,8.994094914262284,-0.9989680722355843,0.8484134562100509,0.668481223190831
2019-10-31,12912.0,BioLineRx To Present Two Posters At Society For Immunotherapy of Cancer (SITC) 2019 Nov. 6-10,-4.0441226214170465,BIOLINERX LTD,6.896554678678513,-9.961685622916693,-1.0268159437853641,3.1514309346675873,4.214564701607504,1.8726573591114626
2019-10-31,13947.0,Bluebird Bio shares are trading lower after the company reported Q3 EPS and sales results down from last year.,-2.632530778646469,BLUEBIRD BIO INC,2.296297065913677,-6.234571497671936,-8.93826847185517,-0.6449311971664429,-2.815415946763178,1.2290122954307314
2019-10-31,13947.0,"bluebird bio Q3 EPS $(3.73) Down From $(2.73) YoY, Sales $8.91M Down From $11.528M YoY",-2.632530778646469,BLUEBIRD BIO INC,2.296297065913677,-6.234571497671936,-8.93826847185517,-0.6449311971664429,-2.815415946763178,1.2290122954307314
2019-10-22,13947.0,European Medicines Agency Approves Refined Commercial Manufacturing Specifications For ZYNTEGLO,-4.110190272331238,BLUEBIRD BIO INC,-1.7897853627800941,-4.548560788536527,-7.934335013067406,2.1780461072921753,0.16424122698497357,-0.15280440171244747
2019-10-11,13947.0,"Morgan Stanley Maintains Equal-Weight on bluebird bio, Lowers Price Target to $104",-1.3100416399538521,BLUEBIRD BIO INC,0.7261168677359819,1.577035712000474,-6.761968592500301,-0.9097966365516186,0.6763595014702473,0.6650094264192274
2019-10-01,13947.0,"Stifel Bullish On Iovance And Fate Therapeutics, Neutral On Bluebird Bio",-5.227622762322426,BLUEBIRD BIO INC,-0.6550215184688568,1.9420852205858319,2.9073851815076823,-1.0666931048035622,-4.1844954121086015,-12.652209396570901
2019-10-01,13947.0,"UPDATE: Stifel Initiates bluebird bio With Hold, $109 Target As Firm Thinks 'the launch of their lead product Zynteglo will be slow, and there's risk this could lag consensus expectations (informed by a payer survey)'",-5.227622762322426,BLUEBIRD BIO INC,-0.6550215184688568,1.9420852205858319,2.9073851815076823,-1.0666931048035622,-4.1844954121086015,-12.652209396570901
2019-10-01,13947.0,"Stifel Initiates Coverage On bluebird bio with Hold Rating, Announces $109 Price Target",-5.227622762322426,BLUEBIRD BIO INC,-0.6550215184688568,1.9420852205858319,2.9073851815076823,-1.0666931048035622,-4.1844954121086015,-12.652209396570901
2019-10-18,77920.0,Foreign Trade Bank Q3 EPS $0.52 Misses $0.55 Estimate,-0.7063541561365129,BANCO LATINOAMERICANO DE CO EX S,0.6605648435652256,6.9613767514720815,7.692542203249242,-0.25164138060063124,-0.10080875334949058,0.7625806399905066
2019-10-18,53110.0,"Baird Maintains Neutral on Badger Meter, Raises Price Target to $52",6.4202286303043365,BADGER METER INC,-3.2408125698566437,-3.72278187635553,-3.2574356482772515,10.128556191921234,5.465398947890754,6.9820296493119605
2019-10-17,53110.0,"Badger Meter Q3 EPS $0.44 Beats $0.43 Estimate, Sales $108.646M Miss $111.29M Estimate",10.12855619192123,BADGER METER INC,6.4202286303043365,3.3073913201816074,2.228508110515781,-4.234285280108452,-2.8571395570880176,-2.765149611535822
2019-10-21,87476.0,"Bank of Marin Q3 EPS $0.69 Beats $0.61 Estimate, Sales $24.151M Beat $23.98M Estimate",1.427557226270437,BANK OF MARIN BANCORP,3.026031143963337,3.213696684546896,4.956971562520618,0.35816072486341,2.014558259434618,1.4727200181425815
2019-10-30,87056.0,"Citigroup Maintains Buy on Biomarin Pharmaceutical, Lowers Price Target to $95",-0.9963617660105228,BIOMARIN PHARMACEUTICAL INC,-0.4351960960775614,1.7815824704120242,3.5495724424638553,2.9383160173892975,4.326441941466075,6.940244618297409
2019-10-28,87056.0,"Canaccord Genuity Maintains Buy on Biomarin Pharmaceutical, Lowers Price Target to $108",1.348502654582262,BIOMARIN PHARMACEUTICAL INC,2.9383160173892975,1.9126780133682297,4.407484617815305,2.5054076686501503,3.1589628763215583,5.108517545469193
2019-10-25,87056.0,"Wedbush Maintains Outperform on Biomarin Pharmaceutical, Raises Price Target to $152",2.50540766865015,BIOMARIN PHARMACEUTICAL INC,1.348502654582262,3.4274402016918337,6.616096134526783,0.6375811994075775,2.539485414499909,1.5054059598995861
2019-10-24,87056.0,"Barclays Maintains Equal-Weight on Biomarin Pharmaceutical, Lowers Price Target to $86",0.6375811994075775,BIOMARIN PHARMACEUTICAL INC,2.5054076686501503,5.413970204092466,8.567321570048868,1.8898548558354378,0.862326727400653,-0.20245755815853084
2019-10-24,87056.0,"Nomura Maintains Neutral on Biomarin Pharmaceutical, Lowers Price Target to $77",0.6375811994075775,BIOMARIN PHARMACEUTICAL INC,2.5054076686501503,5.413970204092466,8.567321570048868,1.8898548558354378,0.862326727400653,-0.20245755815853084
2019-10-23,87056.0,"Biomarin Pharmaceutical Q3 EPS $0.30 Beats $0.07 Estimate, Sales $461.1M Beat $454.22M Estimate",1.8898548558354382,BIOMARIN PHARMACEUTICAL INC,0.6375811994075775,6.549770300389768,8.448042330325789,-1.0084695182740688,-2.0535041658017894,-0.2503654582611148
2019-10-23,87056.0,Biomarin Pharmaceuticals shares are trading higher on anticipation of the release of the company's Q3 earnings scheduled for release today after the close.,1.8898548558354382,BIOMARIN PHARMACEUTICAL INC,0.6375811994075775,6.549770300389768,8.448042330325789,-1.0084695182740688,-2.0535041658017894,-0.2503654582611148
2019-10-17,87056.0,"Bank of America Reinstates Buy on Biomarin Pharmaceutical, Announces $90 Price Target",-0.05887682200409472,BIOMARIN PHARMACEUTICAL INC,1.8409425392746925,2.282761961943325,7.8203202184857545,-0.8319948799908161,1.0410538667403602,0.8610478703953595
2019-10-31,19393.0,"Bristol-Myers Squibb Posts Q3 Earnings Beat, Raises Full-Year Guidance",0.879198219627142,BRISTOL MYERS SQUIBB CO,-0.3660433925688267,0.3660500532687072,1.9871002104309143,1.9723838195204735,2.3025701821675737,3.437612573867188
2019-10-31,19393.0,Bristol-Myers Raises FY19 Adj. EPS Guidance From $4.20-$4.30 To $4.25-$4.35 vs $4.28 Estimate,0.879198219627142,BRISTOL MYERS SQUIBB CO,-0.3660433925688267,0.3660500532687072,1.9871002104309143,1.9723838195204735,2.3025701821675737,3.437612573867188
2019-10-31,19393.0,Bristol Myers Highlights CheckMate -9LA Met Primary Endpoint,0.879198219627142,BRISTOL MYERS SQUIBB CO,-0.3660433925688267,0.3660500532687072,1.9871002104309143,1.9723838195204735,2.3025701821675737,3.437612573867188
2019-10-31,19393.0,"Bristol-Myers Squibb Q3 Adj. EPS $1.17 Beats $1.07 Estimate, Sales $6.007B Beat $5.9B Estimate",0.879198219627142,BRISTOL MYERS SQUIBB CO,-0.3660433925688267,0.3660500532687072,1.9871002104309143,1.9723838195204735,2.3025701821675737,3.437612573867188
2019-10-24,19393.0,European Commission Approves Bristol-Myers Squibb's Opdivo (nivolumab) Four-Week Dosing Schedule For  Adjuvant Treatment Of Adult Patients With Melanoma With Involvement Of Lymph Nodes Or Metastatic Disease Who Have Undergone Complete Resection,-0.7303296122699976,BRISTOL MYERS SQUIBB CO,1.1219433508813381,5.5177488343375325,5.903996610153595,0.6431501358747482,2.951127207743176,3.2811648593873644
2019-10-23,19393.0,"UBS Maintains Neutral on Bristol-Myers Squibb, Raises Price Target to $53",0.6431501358747482,BRISTOL MYERS SQUIBB CO,-0.7303296122699976,3.83421291706898,3.99853676034041,2.2932281717658043,2.621156750311515,3.815337780639938
2019-10-22,19393.0,"Bristol-Myers Squibb shares are trading higher after the company announced that CheckMate -9LA, a pivotal Phase 3 trial evaluating Opdivo plus low-dose Yervoy combined with chemotherapy met its primary endpoint.",2.293228171765804,BRISTOL MYERS SQUIBB CO,0.6431501358747482,2.4807098591382193,3.619994956090955,0.32057701610028744,1.4879866791555951,3.2809211775121305
2019-10-22,19393.0,Bristol-Myers Squibb Phase 3 Trial Of Opdivo Plus Low-Dose Yervoy Combined With Chemotherapy Meets Primary Endpoint,2.293228171765804,BRISTOL MYERS SQUIBB CO,0.6431501358747482,2.4807098591382193,3.619994956090955,0.32057701610028744,1.4879866791555951,3.2809211775121305
2019-10-17,19393.0,"Bank of America Reinstates Buy on Bristol-Myers Squibb, Announces $60 Price Target",1.766647025942802,BRISTOL MYERS SQUIBB CO,1.1636791750788689,3.719955786013851,9.442962437372039,-0.6174097768962383,-0.09698030736640106,-0.19376532202450836
2019-10-10,19393.0,"Bank of America Reiterates Neutral on Bristol-Myers Squibb, Raises Price Target to $50",-0.09837310062721372,BRISTOL MYERS SQUIBB CO,1.6345053911209106,3.229616830427018,7.069712934590422,0.9332828223705292,-0.09826891680263516,0.15763909643442542
2019-10-28,16548.0,"Bank of Hawaii Q3 EPS $1.29 Misses $1.38 Estimate, Sales $171.403M Beat $169.47M Estimate",-0.3808006178587675,BANK OF HAWAII CORP,1.946021430194378,2.4325245548894703,3.880456890087225,0.08084920700639486,-0.23025206988706026,-0.4823130004669829
2019-10-23,76892.0,BOK Financial Q3 EPS $2 Beats $1.92 Estimate,-0.4055345430970192,B O K FINANCIAL CORP,-1.0561066679656506,0.6489402464664229,5.611405961053961,0.3944086376577616,0.9724915242775634,1.0242005480415761
2019-10-03,76892.0,"Morgan Stanley Maintains Equal-Weight on BOK Financial, Lowers Price Target to $88",-0.9776793420314789,B O K FINANCIAL CORP,0.33355571795254946,-0.8405566963627376,4.216149146211046,-1.4837945811450481,-4.371445411496532,-5.233504720748295
2019-10-30,14953.0,"Boot Barn Sees Q3 EPS $0.73-$0.77 vs $0.75 Est., Sales $275M-$280M vs $278.52M Est.; Raises FY20 EPS Guidance From $1.57-$1.65 To $1.67-$1.75 vs $1.67 Est.",1.055774837732315,BOOT BARN HOLDINGS INC,-6.107694655656815,1.3929729700009386,13.581568635457586,-2.1975161507725716,-1.8075501081244782,-0.16216590500846007
2019-10-30,14953.0,"Boot Barn Holdings Q2 EPS $0.26 Beats $0.2 Estimate, Sales $187.2M Beat $184.14M Estimate",1.055774837732315,BOOT BARN HOLDINGS INC,-6.107694655656815,1.3929729700009386,13.581568635457586,-2.1975161507725716,-1.8075501081244782,-0.16216590500846007
2019-10-09,14953.0,"Stephens & Co. Initiates Coverage On Boot Barn Holdings with Overweight Rating, Announces $46 Price Target",3.8438137620687476,BOOT BARN HOLDINGS INC,-0.35253448877483606,7.84370757732562,9.48883484759997,-4.875218495726585,-6.583075825711737,-4.542811002109826
2019-10-29,83486.0,"B.O.S. Expects To Record ~$600K Write Off In Q3, Primarily Related To Robotics Acquisition; Co. Also Cuts FY19 Sales Guidance From $36M To $33M",-12.1076226234436,B O S BETTER ONLINE SOLNS LTD,-1.6683705151081085,-1.5306169441803963,-2.5510240706543175,4.205603152513504,5.552138557278075,9.313728294489687
2019-10-31,29890.0,Argus Research Downgrades BP to Hold,-1.430055219680071,B P PLC,2.083885297179222,5.341598239350875,4.43070916331052,1.3973075896501541,-1.9877740236358576,-2.2617519556924037
2019-10-29,29890.0,BP PLC shares are trading lower after the company reported its Q3 earnings results.,-3.3384334295988083,B P PLC,1.3973075896501541,5.009231536751457,4.777297773867928,-0.2795344451442361,0.07651769234151562,0.460830244479582
2019-10-23,16505.0,"Popular Q3 EPS $1.7 Beats $1.6 Estimate, Sales $476.99M Miss $479.68M Estimate",-1.9974550232291222,POPULAR INC,0.42616184800863266,2.7237305894866948,3.2240093523101976,-0.45191613025963306,1.045871037054047,0.4377126914302476
2019-10-10,91849.0,"Broadridge Reports Acquisition Of Fi360, No Terms Disclosed",1.406822726130486,BROADRIDGE FINANCIAL SOLUTNS INC,1.468904409557581,2.317607655781484,1.8279729663307265,1.0621365159749985,-0.7800350295502301,-1.7561006055794581
2019-10-31,18973.0,Northcoast Downgrades Brady to Neutral,-3.774550184607506,BRADY CORP,1.206958293914795,0.46148092266240504,-2.254171892592438,0.3255631076171994,0.965679505074224,2.6652646786344603
2019-10-23,85860.0,"Brookline Bancorp Q3 EPS $0.28, Inline; Raises Qtr. Dividend From $0.11 To $0.115/Share",1.179550122469664,BROOKLINE BANCORP INC,3.691714257001877,3.0440433276113676,3.5621775909853604,-0.19620491657406092,1.3953490202905705,1.5978678824837056
2019-10-31,88504.0,Bruker shares are trading higher after the company reported better-than-expected Q3 EPS and sales results. The company also raised its FY19 EPS guidance from below analyst estimates to in-line.,-0.1570556312799454,BRUKER CORP,12.584266066551208,5.842692802661764,10.494377562749357,0.8827510289847851,0.6321941604426673,1.9208785300922404
2019-10-31,88504.0,Bruker Raises FY19 Adj. EPS Guidance From $1.57-$1.61 To $1.59-$1.62 vs $1.61 Estimate,-0.1570556312799454,BRUKER CORP,12.584266066551208,5.842692802661764,10.494377562749357,0.8827510289847851,0.6321941604426673,1.9208785300922404
2019-10-31,88504.0,"Bruker Q3 Adj. EPS $0.43 Beats $0.38 Estimate, Sales $521.1M Beat $496.69M Estimate",-0.1570556312799454,BRUKER CORP,12.584266066551208,5.842692802661764,10.494377562749357,0.8827510289847851,0.6321941604426673,1.9208785300922404
2019-10-02,88504.0,Bruker Announces Acquisition Of Magnettech's EPR Business; Terms Not Disclosed,-0.5032049957662821,BRUKER CORP,1.0344845242798328,-1.3103440569255276,-0.3908003961969331,-0.4780311603099108,-1.575859939397073,-1.509344868847029
2019-10-29,63467.0,Brown & Brown shares are trading higher after the company reported better-than-expected Q3 EPS and sales results.,4.043504595756531,BROWN & BROWN INC,1.0184862650930882,-0.5896575490282885,1.6495587789005173,-0.2780825365334749,-2.6601508498102944,-1.2665174362621379
2019-10-28,63467.0,"Brown & Brown Q3 Adj. EPS $0.39 Beats $0.38 Estimate, Sales $618.7M Beat $609.98M Estimate",-0.27808253653347487,BROWN & BROWN INC,4.043504595756531,3.6530884784529816,5.871562707803246,-2.3887109011411667,-0.9911912294413905,-1.1544860183403283
2019-10-14,63467.0,"Raymond James Maintains Outperform on Brown & Brown, Raises Price Target to $39",0.1664749113842845,BROWN & BROWN INC,-0.19390498055145144,1.440444489616377,-0.6648142178136918,0.2782478928565979,1.2644022914866326,2.0674016834671294
2019-10-14,63467.0,"Brown & Brown, Inc. Announces the Asset Acquisition of VGW Insurance, Terms Not Disclosed",0.1664749113842845,BROWN & BROWN INC,-0.19390498055145144,1.440444489616377,-0.6648142178136918,0.2782478928565979,1.2644022914866326,2.0674016834671294
2019-10-11,63467.0,"Brown & Brown Reports Its Brown & Brown Of Massachusetts Unit Purchased Substantially All Assets Of Poole Professional Cos., No Terms Disclosed",0.2782478928565979,BROWN & BROWN INC,0.1664749113842845,0.7769111187368782,-0.22198080863923275,0.983418058604002,1.7841893214191051,-0.6633544450505791
2019-10-09,63467.0,"SunTrust Robinson Humphrey Maintains Buy on Brown & Brown, Raises Price Target to $42",0.7929730229079723,BROWN & BROWN INC,0.983418058604002,1.376795987870194,2.0511366686209787,-2.4046404287219048,-3.0211438070112506,-0.8702907524278602
2019-10-02,63467.0,"Barclays Maintains Underweight on Brown & Brown, Raises Price Target to $30",-0.8469769731163979,BROWN & BROWN INC,1.4236902818083763,1.3382723651003348,2.7334936331999904,-1.7748285084962845,-1.0338159229954735,-1.8564753778380516
2019-10-24,19002.0,BRP Group Shares Open For Trade At $17.38; IPO Priced At $14/Share,,B R P GROUP INC,-1.3439292088150978,-1.0384853965003216,1.099562565588652,,,
2019-10-24,19002.0,BRP Group Shares Indicated $17.45 On 851K Shares,,B R P GROUP INC,-1.3439292088150978,-1.0384853965003216,1.099562565588652,,,
2019-10-24,19002.0,BRP Group Shares Recently Indicated $18.20 On 220K Shares; IPO Priced At $14/Share,,B R P GROUP INC,-1.3439292088150978,-1.0384853965003216,1.099562565588652,,,
2019-10-28,14181.0,"Brixmor Property Group shares are trading higher after the company reported Q3 FFO of $0.49, up from $0.42 year-over-year and better-than-expected Q3 sales results.",-0.1421833410859108,BRIXMOR PROPERTY GROUP INC,1.6136694699525833,4.8884702855311435,2.8001906052012693,1.0536457411944866,0.28516853520947905,-0.23640302384362322
2019-10-28,14181.0,"Brixmor Property Group Q3 FFO $0.49 Up From $0.42 YoY, EPS $0.27 vs $0.49 In Same Qtr. Last Year, Sales $292.965M Beat $290.49M Estimate",-0.1421833410859108,BRIXMOR PROPERTY GROUP INC,1.6136694699525833,4.8884702855311435,2.8001906052012693,1.0536457411944866,0.28516853520947905,-0.23640302384362322
2019-10-30,84386.0,Banco Santander Chile Q3 EPS $0.4 Misses $0.54 Estimate,-5.583170428872108,BANCO SANTANDER CHILE NEW,-1.8631065264344215,-2.1061178587016505,-7.290405673555855,-2.968464232981205,-2.968464232981205,-4.3875712122308785
2019-10-14,84386.0,Credicorp Capital Sells The Majority Of The Banco Santander Chile's Participation In Nexus,-0.1036293106153607,BANCO SANTANDER CHILE NEW,0.13830915559083223,-5.2904586319672315,-6.811892323357549,1.8290553241968155,2.1884956594312666,3.2085616003189044
2019-10-03,17137.0,"Bassett Furniture Indus Q3 EPS $0.21 Down From $0.28 YoY, Sales $109.4M Down From $112.956M YoY",-1.349526364356279,BASSETT FURNITURE INDUSTRIES INC,0.8207926526665688,-4.924762394396776,1.6415855396372914,-3.3898334950208664,-3.1372581363077856,-1.658925052124105
2019-10-21,87014.0,"Sierra Bancorp Q3 EPS $0.58 Beats $0.56 Estimate, Sales $30.244M Miss $30.32M Estimate",0.03746807342395186,SIERRA BANCORP,1.1235926300287247,2.9962516954669782,4.19295202730352,0.5273118615150452,0.9837314744988168,1.098488344533055
2019-10-23,77605.0,Boston Scientific shares are trading higher after the company reported better-than-expected Q3 EPS and sales results.,5.002618581056595,BOSTON SCIENTIFIC CORP,1.1224763467907906,4.789219764280572,1.5714669275491477,-1.2160444632172585,-0.7538364507480244,0.026204219920256122
2019-10-23,77605.0,"Boston Scientific Sees Q4 Adj. EPS $0.42-$0.45 vs $0.44 Est., Sees FY19 Adj. EPS $1.55-$1.58 vs $1.56 Est.",5.002618581056595,BOSTON SCIENTIFIC CORP,1.1224763467907906,4.789219764280572,1.5714669275491477,-1.2160444632172585,-0.7538364507480244,0.026204219920256122
2019-10-23,77605.0,"Boston Scientific Q3 EPS $0.39 Beats $0.38 Estimate, Sales $2.71B Beat $2.65B Estimate",5.002618581056595,BOSTON SCIENTIFIC CORP,1.1224763467907906,4.789219764280572,1.5714669275491477,-1.2160444632172585,-0.7538364507480244,0.026204219920256122
2019-10-22,77605.0,Boston Scientific Option Alert: Fri $39.5 Calls at the Ask: 2761 @ $0.641 vs 127 OI; Earnings 10/23 Before Open Ref=$38.87,-1.216044463217258,BOSTON SCIENTIFIC CORP,5.002618581056595,9.350444312355188,6.312204816529432,0.46789785847067833,1.257540940112456,1.2310141798901109
2019-10-14,77605.0,"Raymond James Maintains Strong Buy on Boston Scientific, Lowers Price Target to $48",-0.6800897885113956,BOSTON SCIENTIFIC CORP,1.2904868461191654,1.7908882787274205,9.481164995114533,0.65824119374156,-0.984203701765074,0.9506222015985388
2019-10-11,59504.0,British American Tobacco's Reynolds American Submits Pre-Market Tobacco Product App For Vuse Products,-0.865548849105835,BRITISH AMERICAN TOBACCO PLC,-0.11641710298135877,0.4947559755097197,1.280554653429089,0.5511999595910311,0.8731060390033685,-0.14404851925940987
2019-10-02,59504.0,British American Tobacco shares are trading lower. Not seeing any company specific news to justify price action.,-2.937970869243145,BRITISH AMERICAN TOBACCO PLC,-0.9469302371144295,-1.575106086485889,-1.3752304732519094,-0.3794124582782388,1.6874045874452515,2.0544082343569636
2019-10-31,16689.0,Peabody Energy shares are trading lower on continued momentum after the company reported Q3 EPS of $(0.81) vs the $(0.17) estimate and worse-than-expected Q3 sales results. B. Riley downgraded the stock from Buy to Neutral following the earnings release.,-11.06419265270233,PEABODY ENERGY CORP NEW,-2.9439646750688553,3.1339025874996818,-8.357075986417396,-5.128200352191925,-25.32691098226816,-24.000228494340213
2019-10-30,16689.0,Peabody Energy shares are trading lower after the company reported Q3 EPS of $(0.81) vs the $(0.17) estimate and worse-than-expected Q3 sales results. B. Riley downgraded the stock from Buy to Neutral following the earnings release.,-5.128200352191925,PEABODY ENERGY CORP NEW,-11.064192652702332,-8.19256969547303,-18.0743267395474,-21.290531754493713,-19.892136770048417,-20.14548327644278
2019-10-30,16689.0,B. Riley Downgrades Peabody Energy to Neutral,-5.128200352191925,PEABODY ENERGY CORP NEW,-11.064192652702332,-8.19256969547303,-18.0743267395474,-21.290531754493713,-19.892136770048417,-20.14548327644278
2019-10-29,16689.0,Peabody Energy shares are trading lower after the company reported Q3 EPS of $(0.81) vs the $(0.17) estimate and worse-than-expected Q3 sales results.,-21.29053175449371,PEABODY ENERGY CORP NEW,-5.128200352191925,-13.461533688664485,-22.836534432227097,1.7766540870070457,1.4547785718477702,-1.4742000549955891
2019-10-29,16689.0,"Peabody Energy Q3 EPS $(0.81) Does Not Compare To $(0.17) Estimate, Sales $1.11B Miss $1.13B Estimate",-21.29053175449371,PEABODY ENERGY CORP NEW,-5.128200352191925,-13.461533688664485,-22.836534432227097,1.7766540870070457,1.4547785718477702,-1.4742000549955891
2019-10-17,16689.0,"B. Riley Maintains Buy on Peabody Energy, Lowers Price Target to $26",1.65499821305275,PEABODY ENERGY CORP NEW,-3.5691961646080017,-1.001877393855699,-33.29778817541879,-0.6953202188014984,1.8146450904768407,1.2894894492225584
2019-10-30,93013.0,"Anheuser-Busch InBev Shares Spike ~0.5% Over $80.40, $80.60 Levels, Pullback From Session High At $80.80; Shares Up ~0.5% For Session",0.7718101609498262,ANHEUSER BUSCH INBEV SA NV,-0.22235987707972527,-2.0012293816314197,-2.0629997165099057,-0.802669208496809,-1.8330685300523508,-12.303489904975539
2019-10-25,93013.0,Anheuser-Busch InBev shares are trading lower after the company reported worse-than-expected Q3 sales results.,-10.66593527793884,ANHEUSER BUSCH INBEV SA NV,-1.0387369431555271,-3.0184543456299506,-4.093851206562659,0.15307171270251274,-0.31559571822892263,-1.958687581649321
2019-10-25,93013.0,Anheuser-Busch InBev Shares Fall 9% Premarket on Flat Earnings Growth; Lowered 2019 Ebitda Guidance,-10.66593527793884,ANHEUSER BUSCH INBEV SA NV,-1.0387369431555271,-3.0184543456299506,-4.093851206562659,0.15307171270251274,-0.31559571822892263,-1.958687581649321
2019-10-11,93013.0,"Anheuser-Busch InBev, Tilray Plan CBD-Infused Drinks Via Joint Venture",0.8191349916160107,ANHEUSER BUSCH INBEV SA NV,-1.1158041656017303,0.7799818083677135,-11.353045077693924,-1.0483100078999996,-0.42414292274257637,-1.5483897568772775
2019-10-02,93013.0,Anheuser-Busch Charges Into California Electric Truck Demonstration Race,-2.442681416869164,ANHEUSER BUSCH INBEV SA NV,0.9224730543792248,1.6143215842946645,1.33977724981873,-1.9022651016712189,-1.1438275268036868,-1.7266867149544507
2019-10-02,93013.0,Anheuser-Busch InBev shares are trading lower in sympathy with the overall market amid global recession concerns.,-2.442681416869164,ANHEUSER BUSCH INBEV SA NV,0.9224730543792248,1.6143215842946645,1.33977724981873,-1.9022651016712189,-1.1438275268036868,-1.7266867149544507
2019-10-18,14182.0,"UPDATE: Credit Suisse Maintains Outperform On Burlington Stores, Raises Tgt To $245 On 'Conservative 4Q guidance + emerging SSS/margin drivers (with accelerating tailwinds from stepped up 2019 new store opens) that should support a best-in-class EPS algo'",-0.04937353660352528,BURLINGTON STORES INC,-3.2551229000091553,-3.1266987736262686,-5.216101484136759,-1.4642899855971336,-0.07399793178404224,1.0678107231717915
2019-10-18,14182.0,"Credit Suisse Maintains Outperform on Burlington Stores, Raises Price Target to $245",-0.04937353660352528,BURLINGTON STORES INC,-3.2551229000091553,-3.1266987736262686,-5.216101484136759,-1.4642899855971336,-0.07399793178404224,1.0678107231717915
2019-10-04,14182.0,Canada Goose Holdings Get Small Spike As Traders Circulate Unconfirmed Chatter Indicating Burlington Stores Has Approached The Company With An M&A Offer,0.1859603333286941,BURLINGTON STORES INC,-0.27326568961143494,2.871877896411501,4.382572850893318,-0.8704987354576588,-2.6745800289602717,-3.1178113428435905
2019-10-22,86382.0,"First Busey Q3 EPS $0.55 Beats $0.52 Estimate, Sales $104.412M Beat $102.99M Estimate",0.0,FIRST BUSEY CORP,2.8324127197265625,4.6813554140603175,6.963023111747635,1.113765686750412,1.8837647172914362,2.2495264697016015
2019-10-04,86382.0,"B. Riley Maintains Neutral on First Busey, Lowers Price Target to $27",0.42622098699212074,FIRST BUSEY CORP,-0.0808425946161151,0.24252009318488366,2.4721050817877677,-0.30351621098816395,-0.46464552547575977,-2.551425799490259
2019-10-09,83445.0,"Buenaventura Reports Q3 Production Results; Reaffirms FY19 Gold Production For Orcopampa, Tambomayo, Tantahuatay, Yanacohca, Narrows Estimate For La Zanja, Cuts Estimate For El Brocal",-1.7759578302502628,COMPANIA DE MINAS BV SA,1.3212766498327255,0.1390786121616694,-4.033379071085452,1.1748449876904488,-1.8108618860132708,1.1748449509924708
2019-10-31,79545.0,BorgWarner shares are trading higher after the company reported better-than-expected Q3 EPS and sales results.,6.2452226877212516,BORGWARNER INC,4.726490378379822,10.29270822102979,6.381957061062615,-1.1589798144996166,-2.9200700307867145,-1.2336395262548483
2019-10-31,79545.0,"UPDATE: BorgWarner Cuts FY19 Guidance: Adj. EPS From $4-$4.35 To $3.85-$4 vs $3.82 Estimate, Sales From $9.9B-$10.37B To $9.95B-$10.1B vs $9.99B Est.",6.2452226877212516,BORGWARNER INC,4.726490378379822,10.29270822102979,6.381957061062615,-1.1589798144996166,-2.9200700307867145,-1.2336395262548483
2019-10-31,79545.0,BorgWarner Cuts FY19 Guidance,6.2452226877212516,BORGWARNER INC,4.726490378379822,10.29270822102979,6.381957061062615,-1.1589798144996166,-2.9200700307867145,-1.2336395262548483
2019-10-31,79545.0,"BorgWarner Q3 Adj. EPS $0.96 Beats $0.85 Estimate, Sales $2.492B Beat $2.39B Estimate",6.2452226877212516,BORGWARNER INC,4.726490378379822,10.29270822102979,6.381957061062615,-1.1589798144996166,-2.9200700307867145,-1.2336395262548483
2019-10-29,79545.0,"BorgWarner Reports Partnership With 1 Of China's New Energy Vehicle Brands To Supply Full-Integrated Drive Module For Pure Electric Vehicles, No Terms Disclosed",-1.7817402258515362,BORGWARNER INC,-1.1589798144996166,13.529863818724053,15.19275073998243,1.7371566966176033,2.8244291875180183,1.0755387166702102
2019-10-25,79545.0,BorgWarner Highlights Co.'s Corporate Advanced Engineering Unit's First High-Voltage All-Electric Demonstration Vehicle,1.068707369267941,BORGWARNER INC,1.7371566966176033,9.894260544902789,16.591137890385355,-1.700851134955883,-1.107202789114059,0.8209330718330188
2019-10-16,79545.0,Guggenheim Initiates Coverage On BorgWarner with Neutral Rating,1.590252481400967,BORGWARNER INC,-0.8087695576250553,4.304715874251652,2.348024284224959,1.780414953827858,1.424727800657255,6.581914903511632
2019-10-29,92917.0,"Broadwind Energy Q3 EPS $(0.06) Beats $(0.08) Estimate, Sales $46.14M Beat $45.28M Estimate",2.631576545536518,BROADWIND INC,0.6410326808691025,0.14102608787034399,-1.9230749281089032,-1.9354820251464844,-1.9354820251464844,-1.2987000351302846
2019-10-30,14650.0,Bankwell Financial Gr Q3 GAAP EPS $0.52 Down From $0.62 YoY,1.9469000399112701,BANKWELL FINANCIAL GROUP INC,-0.6249944679439068,0.13889204674755184,0.4166696068281128,1.1457202956080437,2.6899300534014348,1.765128822527684
2019-10-25,92108.0,"Morgan Stanley Maintains Overweight on Blackstone Group, Raises Price Target to $60",1.5561986714601521,BLACKSTONE INC,-0.13242469867691398,2.440407076473017,-1.6259025625952828,1.048341952264309,6.008148355686038,6.029739382618637
2019-10-24,92108.0,"Barclays Maintains Overweight on Blackstone Group, Raises Price Target to $56",1.048341952264309,BLACKSTONE INC,1.5561986714601517,2.132566078176157,-0.34704139122760935,4.908350110054016,4.929717137474232,6.447610956541561
2019-10-24,92108.0,"BMO Capital Maintains Market Perform on Blackstone Group, Raises Price Target to $47",1.048341952264309,BLACKSTONE INC,1.5561986714601517,2.132566078176157,-0.34704139122760935,4.908350110054016,4.929717137474232,6.447610956541561
2019-10-23,92108.0,Blackstone Group Option Alert: Jan 17 $49 Calls Sweep (3) near the Ask: 1503 @ $4.0 vs 2177 OI; Earnings 10/23 Before Open Ref=$51.8404,4.908350110054016,BLACKSTONE INC,1.048341952264309,2.83440685644083,1.9514841452933362,0.020367327670101076,1.4672434032875215,2.7196636684510667
2019-10-23,92108.0,Blackstone Group shares are trading higher after the company reported better-than-expected Q3 EPS and sales results.,4.908350110054016,BLACKSTONE INC,1.048341952264309,2.83440685644083,1.9514841452933362,0.020367327670101076,1.4672434032875215,2.7196636684510667
2019-10-23,92108.0,"Blackstone Group Q3 EPS $1.15 Does Not Compare To $0.53 Estimate, Fee Related Earnings $0.37/Share, Sales $1.74B Beat $1.36B Estimate",4.908350110054016,BLACKSTONE INC,1.048341952264309,2.83440685644083,1.9514841452933362,0.020367327670101076,1.4672434032875215,2.7196636684510667
2019-10-22,92108.0,"Blackstone, CVC Capital To Interview Investment Banks To Consider Taking PaySafe Group Public",0.02036732767010108,BLACKSTONE INC,4.908350110054016,7.841145448782405,8.497063262433645,1.446581445634365,2.698746678202024,4.870751372396298
2019-10-15,92108.0,Blackstone Real Estate Income Trust to Acquire the Bellagio Real Estate from MGM Resorts International for $4.25 Billion in Sale-Leaseback Transaction,1.268817577511072,BLACKSTONE INC,-0.594603456556797,4.268418625831338,12.444256987428082,-1.2948431074619293,-0.021497083934662875,0.06455520843211549
2019-10-14,92108.0,Bank of America Downgrades Blackstone Group to Neutral,-1.2948431074619289,BLACKSTONE INC,1.2688175775110722,5.569892883144245,13.5268837968749,1.2900501489639282,1.3772313004618786,3.2887524268269352
2019-10-10,92108.0,Blackstone Says No Change In Offer To Take Tallgrass Private,0.08607079507783055,BLACKSTONE INC,1.2900501489639282,2.773599336499011,11.911419425926884,1.885552704334259,1.2418293298340544,-0.980181312382955
2019-10-08,92108.0,"BMO Capital Earlier Initiated Coverage On Blackstone Group with Market Perform Rating, Announced $44 Price Target",-0.6318102590739727,BLACKSTONE INC,1.885552704334259,3.244901469066175,7.651826073593027,-2.1947555243968964,-3.6119223619622276,-1.6288005050197674
2019-10-07,92108.0,Nuveen Real Estate Buys $3 Billion US Industrial Portfolio From Blackstone,-2.194755524396896,BLACKSTONE INC,-0.6318102590739727,1.3071862037784099,6.949887958256373,-1.4489681459963322,0.5786550837959537,-0.5930921258337829
2019-10-04,92108.0,Jon Najarian Sees Unusual Options Activity In Blackstone And Luckin Coffee,-1.448968145996332,BLACKSTONE INC,-2.1947555243968964,0.3835506242435116,3.1110145786560572,2.057434804737568,0.868459724937698,-2.4979550969604136
2019-10-03,92108.0,Blackstone shares are trading higher despite no company-specific news. This could potentially be a rebound after the stock dropped 9% over the past 5 days.,2.057434804737568,BLACKSTONE INC,-1.4489681459963322,-2.330954712346911,0.37799327971632657,-1.1650058440864086,-4.4635551642206455,-7.088811846111465
2019-10-02,92108.0,"Blackstone To Acquire 65% Of Great Wolf Resorts, Announces $2.9B JV With Centerbridge",-1.165005844086409,BLACKSTONE INC,2.057434804737568,-0.40719809758152925,0.3214778823131814,-3.3374305814504623,-5.993632167044161,-10.29831243839634
2019-10-02,92108.0,Blackstone To Acquire 65% Controlling Interest In Great Wolf Resorts And Form New $2.9B Joint Venture With Centerbridge Partners,-1.165005844086409,BLACKSTONE INC,2.057434804737568,-0.40719809758152925,0.3214778823131814,-3.3374305814504623,-5.993632167044161,-10.29831243839634
2019-10-01,92108.0,"UPDATE: Wells Fargo Initiates Blackstone Group With Outperform, $90 Target As Firm Sees 'significant growth opportunity', 'improving business and shareholder profiles', And An 'underappreciated financial model'",-3.3374305814504623,BLACKSTONE INC,-1.1650058440864086,-3.3891093218965107,-0.2541811110048031,-2.747911214828491,-7.201217491752376,-7.5700225394192415
2019-10-01,92108.0,"Wells Fargo Initiates Coverage On Blackstone Group with Outperform Rating, Announces $60 Price Target",-3.3374305814504623,BLACKSTONE INC,-1.1650058440864086,-3.3891093218965107,-0.2541811110048031,-2.747911214828491,-7.201217491752376,-7.5700225394192415
2019-10-29,85058.0,"Boston Properties Sees FY19 EPS $3.28-$3.30 vs $3.31 Est., FFO $6.98-$7.00; Sees FY20 EPS $3.45-$3.65 vs $3.21 Est., FFO $7.45-$7.65",0.4672975745052099,BOSTON PROPERTIES INC,4.223547875881195,2.2655694728758613,1.7404290084600982,0.3782720770686865,0.2341902050973621,1.3056359986642452
2019-10-29,85058.0,Boston Properties Sees FY19 FFO $6.98-$7,0.4672975745052099,BOSTON PROPERTIES INC,4.223547875881195,2.2655694728758613,1.7404290084600982,0.3782720770686865,0.2341902050973621,1.3056359986642452
2019-10-29,85058.0,"Boston Properties Q3 FFO $1.64, Same YoY, Sales $743.6M Beat $728.1M Estimate",0.4672975745052099,BOSTON PROPERTIES INC,4.223547875881195,2.2655694728758613,1.7404290084600982,0.3782720770686865,0.2341902050973621,1.3056359986642452
2019-10-10,85058.0,"Deutsche Bank Earlier Maintained Hold on Boston Properties, Raised Price Target to $148",-0.5318319424986839,BOSTON PROPERTIES INC,0.8020102977752686,0.3774205210374415,4.080826362207723,0.6137856282293797,-0.22629204600868036,-0.660404041306506
2019-10-23,79758.0,"Deutsche Bank Maintains Buy on Boyd Gaming, Lowers Price Target to $35",2.4464808404445653,BOYD GAMING CORP,-2.089550346136093,3.059707564850367,1.8656716525390804,1.042875461280346,0.5380452728497076,-0.30487782869228486
2019-10-22,79758.0,"Boyd Gaming Q3 Adj. EPS $0.39, Inline, Sales $819.6M Miss $828.91M Estimate",1.042875461280346,BOYD GAMING CORP,2.446480840444565,4.548931670649847,6.460246756048638,-0.49961977638304234,-1.3338429689573772,-1.2962263393792472
2019-10-29,70519.0,Chinese Bitcoin Mining Maker Files For IPO In US,-0.6794401910156012,CITIGROUP INC,-0.16417447477579117,3.0877594813158327,3.418386835963738,0.5740032531321049,1.7842230321466923,1.573498226054526
2019-10-16,70519.0,'Citigroup Offers Rare Pound Bond as Brexit Deal Prospects Fade' -Bloomberg,-2.41505354642868,CITIGROUP INC,0.1438827021047473,4.244599945345229,4.992807553055867,1.3952212408185005,1.5977215280535084,3.7889804611764166
2019-10-15,70519.0,Citigroup Announces Redemption of $1.5B of Series N Preferred Stock,1.395221240818501,CITIGROUP INC,-2.4150535464286804,1.1794389079369916,2.625660169318933,0.1997138373553753,2.360820550578624,4.167280907391846
2019-10-15,70519.0,"Citigroup Q3 EPS $2.07 Beats $1.95 Estimate, Sales $18.57B Beat $18.55B Estimate",1.395221240818501,CITIGROUP INC,-2.4150535464286804,1.1794389079369916,2.625660169318933,0.1997138373553753,2.360820550578624,4.167280907391846
2019-10-10,70519.0,"JP Morgan Maintains Overweight on Citigroup, Lowers Price Target to $77.5",1.764796674251556,CITIGROUP INC,2.1567992866039276,1.4281488918496565,5.362868345226657,1.5512029640376568,-1.0564947877201747,-1.1000293198709876
2019-10-09,70519.0,Preparing For Big Purchases: Credit Card Vs. Personal Loan,1.551202964037657,CITIGROUP INC,1.7647966742515564,3.069849805292768,7.444752593795645,-2.567864954471588,-2.6107344930690113,-0.44976819245211574
2019-10-03,70519.0,"UBS Maintains Buy on Citigroup, Raises Price Target to $93",0.6640428677201271,CITIGROUP INC,2.2188957780599594,2.8785695858786875,4.347828737370185,-2.7732932940125465,-4.082223017673703,-4.606963759341198
2019-10-03,70519.0,This Day In Market History: The $700B TARP Bailout,0.6640428677201271,CITIGROUP INC,2.2188957780599594,2.8785695858786875,4.347828737370185,-2.7732932940125465,-4.082223017673703,-4.606963759341198
2019-10-07,90313.0,China Automotive Systems Passes Supplier Evaluation By IVECO,-0.510203605517745,CHINA AUTOMOTIVE SYSTEMS INC,-0.512820016592741,-1.5641052863594185,-4.102566133245866,-2.9702942818403244,-1.9999981500061104,-5.084746454014111
2019-10-29,85418.0,Camden National Q3 EPS $0.94 Beats $0.89 Estimate,0.5879654549062252,CAMDEN NATIONAL CORP,1.7760811373591423,1.97841952280291,0.8767970897262778,1.12051609903574,1.7487394462969652,0.6372385557940063
2019-10-25,85418.0,"Camden National 8-K Shows Co. COO, CFO Deborah Jordan To Retire; Replacement Not Mentioned",0.6212620064616203,CAMDEN NATIONAL CORP,1.12051609903574,2.3324958055267686,2.423968330564996,-1.0923977009952068,-1.0473567761019709,-1.114907081965888
2019-10-31,20512.0,CACI Awarded $907M US Army Task Order To Provide Intelligence Analysis To US Forces In Afghanistan,-0.3607043065130711,CACI INTERNATIONAL INC,0.38435780443251133,0.9564243117431426,2.896087518617274,0.5012509413063526,2.9383470066980166,3.1511257852039787
2019-10-30,20512.0,"UPDATE: CACI Raises FY20 Guidance: EPS From $11.52-$12.30 To $11.64-$12.42, Sales From $5.5B-$5.7B To $5.55B-$5.75B",0.5012509413063526,CACI INTERNATIONAL INC,-0.36070430651307106,0.06234385452290603,1.950483163923411,2.424941025674343,2.636658568006456,2.7688365569196627
2019-10-30,20512.0,"CACI International Q1 EPS $2.66 Beats $2.63 Estimate, Sales $1.363B Beat $1.35B Estimate; Raises FY20 Guidance",0.5012509413063526,CACI INTERNATIONAL INC,-0.36070430651307106,0.06234385452290603,1.950483163923411,2.424941025674343,2.636658568006456,2.7688365569196627
2019-10-28,20512.0,CACI Wins $250 Million Contract to Provide Logistics and Supply Chain System Support to the Marine Corps,0.2067050663754344,CACI INTERNATIONAL INC,2.424941025674343,2.5074496877135255,4.4143961852529,0.12878243578597903,1.0583969733482856,0.46610108099147673
2019-10-24,20512.0,"CACI Int'l. Wins $250M Contract To Support Financial, Business Mgmt. System For Dept. Of Interior",0.9284188970923424,CACI INTERNATIONAL INC,0.12878243578597903,2.911416603085981,3.8956864110371248,-0.5860927049070597,-4.172600113412949,-4.440400623387197
2019-10-23,20512.0,"CACI Reports Partnership With BlackBerry For Secure, Certified Gov't. Mobile Communications App, No Terms Disclosed",-0.5860927049070597,CACI INTERNATIONAL INC,0.9284188970923424,4.242874178489253,4.307863204317575,-3.6076515913009644,-3.8770309138331016,-4.482940340718777
2019-10-16,20512.0,"CACI Wins $88M Task Order To Provide Engineering, Technical Support To US Army",-1.19146816432476,CACI INTERNATIONAL INC,0.2031831769272685,-4.849821720051429,-0.8127193750249728,0.4956161603331566,-0.28721372787630095,-0.291557076959148
2019-10-10,20512.0,"Morgan Stanley Maintains Equal-Weight on CACI International, Raises Price Target to $235",0.931136030703783,CACI INTERNATIONAL INC,-0.004355859709903598,-1.2793744542066943,-5.387295551599058,0.4810434300452471,-0.7368018914636121,-0.3196055465309877
2019-10-07,20512.0,CACI Wins a $385M Contract From the Navy to Modernize HR Systems,0.4202930722385645,CACI INTERNATIONAL INC,-1.2120150029659271,-0.5972860719323125,-1.9924106234001648,1.4479279518127441,1.7688473930549176,0.9993410484982146
2019-10-03,20512.0,"CACI Wins $70M Task Order To Assist US Navy In Assessing Weapons, Combat Systems",0.3163390792906284,CACI INTERNATIONAL INC,1.4479279518127441,2.065293904608434,0.7594966077819176,-0.7561315316706896,-2.949058308442898,-1.3450539308896503
2019-10-17,56274.0,"RBC Capital Initiates Coverage On Conagra Brands with Sector Perform Rating, Announces $30 Price Target",1.7459113150835042,CONAGRA BRANDS INC,-0.8762313984334469,-1.0952874356438769,-0.46549886257594153,-0.5908413790166378,-3.095754424386088,-5.2446314347908025
2019-10-02,56274.0,Conagra Brands shares are trading lower in sympathy with weakness in the overall market and recession concerns.,-3.9687927812337884,CONAGRA BRANDS INC,-1.2009896337985992,-0.7771082159028553,-4.909923880626243,-3.911345452070236,-2.64201177459652,-4.903227409172817
2019-10-01,56274.0,"Conagra Brands shares are trading lower after the COO sold 26,099 shares at an average price of $31.00 per shares. When an insider sells shares, the market may perceive it as a sign of weak confidence in the company's outlook.",-3.911345452070236,CONAGRA BRANDS INC,-3.9687927812337875,-5.3934878451195045,-8.141111634553887,1.3210026547312737,-1.0322570981653456,2.6086977995845473
2019-10-30,77902.0,"Morgan Stanley Maintains Equal-Weight on Cheesecake Factory, Raises Price Target to $45",-4.7510236501693734,CHEESECAKE FACTORY INC,0.21582769695669413,3.465227208093591,3.15744592012297,4.1389100253582,4.312598174222493,9.313357047334181
2019-10-29,77902.0,"Cheesecake Factory Q3 Adj. EPS $0.59 Beats $0.55 Estimate, Sales $586.5M Miss $594.63M Estimate",4.1389100253582,CHEESECAKE FACTORY INC,-4.751023650169373,2.603927268988926,-2.019975604494406,0.16678506508469582,4.968793144383765,2.611666168349158
2019-10-18,77902.0,"Morgan Stanley Maintains Equal-Weight on Cheesecake Factory, Lowers Price Target to $43",0.2210064558312297,CHEESECAKE FACTORY INC,2.4257399141788483,8.885726376921266,8.859776799671714,0.1562436344102025,0.39153669436695626,1.3438690487255212
2019-10-18,77902.0,"Barclays Maintains Underweight on Cheesecake Factory, Lowers Price Target to $37",0.2210064558312297,CHEESECAKE FACTORY INC,2.4257399141788483,8.885726376921266,8.859776799671714,0.1562436344102025,0.39153669436695626,1.3438690487255212
2019-10-17,77902.0,Raymond James Downgrades Cheesecake Factory to Market Perform,0.1562436344102025,CHEESECAKE FACTORY INC,0.2210064558312297,4.134166046861565,8.658350995476848,0.23492600303143263,1.1857727199218626,-1.7148660299266871
2019-10-23,93272.0,Calix shares are trading higher after the company reported better-than-expected Q3 EPS and sales results.,5.5710319429636,CALIX INC,0.9234851226210594,-0.26385213563940857,-1.0554080847744562,0.7012582384049892,2.8653267963497875,4.360460869768001
2019-10-22,93272.0,"Calix Q3 EPS $0.06 Beats $0.04 Estimate, Sales $114.485M Beat $111.99M Estimate",0.7012582384049892,CALIX INC,5.5710319429636,7.938721027067341,4.3175477841565835,2.1489985287189484,3.6337208644404706,5.473370807762956
2019-10-31,14272.0,Can-Fite Shares Rise 45% Premarket on Announcement FDA Agreed with Co's Proposed Pivotal Phase III Trial Design to Support a New Drug Application Submission and Approval of Namodenoson in the Treatment of Liver Cancer,12.03703582286835,CAN FITE BIOPHARMA LTD,-3.7190143018960953,-4.1322373995256285,-1.2396685392013995,-0.4608290269970894,1.4084493519911367,2.857151693635851
2019-10-15,14272.0,Can-Fite Completes Patient Enrollment In Phase II NASH Study Of Namodenoson,1.252332516014576,CAN FITE BIOPHARMA LTD,7.070329785346985,5.224291261610414,0.147685546715981,0.46948310919106007,0.943406626490062,-2.283102953400451
2019-10-10,14272.0,Can Fite Highlights Publication Of Namodenoson NASH Mechanism Of Action In International Journal of Molecular Medicine,-3.196354955434799,CAN FITE BIOPHARMA LTD,0.47170892357826233,17.924534822025564,-0.9433956123259146,4.285721853375435,9.500002973313482,8.415845564996328
2019-10-17,80960.0,"Carver Bancrop Shares Resume Trade, Down 4.3%",-3.700598329305649,CARVER BANCORP INC,7.023412734270096,7.023404250168697,2.8428017145349926,4.412006586790085,5.9692770174892384,7.065509827979
2019-10-25,79571.0,"B. Riley Maintains Buy on Meta Financial Group, Raises Price Target to $40",-10.03373637795448,PATHWARD FINANCIAL INC,1.6244938597083092,-0.7809999666269385,0.9372167349917859,0.45173256658017635,0.028119590220265778,-0.41980885502844734
2019-10-25,79571.0,"Raymond James Maintains Strong Buy on Meta Financial Group, Raises Price Target to $41",-10.03373637795448,PATHWARD FINANCIAL INC,1.6244938597083092,-0.7809999666269385,0.9372167349917859,0.45173256658017635,0.028119590220265778,-0.41980885502844734
2019-10-24,79571.0,Meta Financial Group Q4 EPS $0.53 Beats $0.52 Estimate,0.45173256658017646,PATHWARD FINANCIAL INC,-10.033736377954483,-11.017430688855967,-8.431703007524572,-0.42170798406004906,-0.8676220900729281,-0.19724853238406448
2019-10-24,83738.0,Cass Information Sys Q3 EPS $0.56 Up From $0.51 YoY,3.1400520354509345,CASS INFORMATION SYSTEMS INC,-0.24281111545860767,7.0414653016706685,12.514009645873303,0.0,-0.9351177141070366,0.3673600025141832
2019-10-31,18542.0,Caterpillar shares are trading lower in sympathy with Alamo Group after the company reported Q3 EPS down from last year.,-1.8098855391144748,CATERPILLAR INC,4.854863882064819,6.683593034175472,4.092887717113736,-0.7004920858889818,0.19991350903840743,0.43655671179994027
2019-10-30,18542.0,Caterpillar Shares Relatively Quiet As Hearing David Einhorn's Greenlight Capital Exited Short Position In Cat At A Loss,-0.7004920858889818,CATERPILLAR INC,-1.8098855391144753,3.6696659920149477,2.957110763762527,0.9067573584616184,1.1450699218695126,5.588341727043233
2019-10-29,18542.0,Navistar Expands TRATON Partnership With Canadian Mining Deal,0.9067573584616184,CATERPILLAR INC,-0.7004920858889818,3.5661170528455743,3.5448909800291695,0.2361710648983717,4.639515222901025,3.4875139239634256
2019-10-25,18542.0,Caterpillar shares are trading higher despite no company-specific news. The stock has rallied approximately 16% over the past 14 trading sessions.,4.392969235777855,CATERPILLAR INC,0.2361710648983717,3.4065770413555407,6.033069644591982,-1.1009237729012966,0.11968258443268986,1.2251459148780564
2019-10-24,18542.0,"UPDATE: Bank Of America Maintains Buy On Caterpillar, Raises Target To $154 As Firm Notes 'We see an improving set-up into 2020 as CAT is curtailing production aggressively in Q4 when end-user demand is still positive'",-1.100923772901297,CATERPILLAR INC,4.392969235777855,2.95106222251047,9.831892245823838,1.23419389128685,2.351963007660518,3.5421844667745006
2019-10-24,18542.0,"CORRECTION: BofA Raised Price Target On Caterpillar From $145 To $154, Maintained Buy Rating",-1.100923772901297,CATERPILLAR INC,4.392969235777855,2.95106222251047,9.831892245823838,1.23419389128685,2.351963007660518,3.5421844667745006
2019-10-24,18542.0,"Bank of America Earlier Maintained Buy on Caterpillar, Raised Price Target From $145 To $154",-1.100923772901297,CATERPILLAR INC,4.392969235777855,2.95106222251047,9.831892245823838,1.23419389128685,2.351963007660518,3.5421844667745006
2019-10-24,18542.0,"Deutsche Bank Maintains Hold on Caterpillar, Raises Price Target to $123",-1.100923772901297,CATERPILLAR INC,4.392969235777855,2.95106222251047,9.831892245823838,1.23419389128685,2.351963007660518,3.5421844667745006
2019-10-24,18542.0,"Morgan Stanley Maintains Equal-Weight on Caterpillar, Lowers Price Target to $132",-1.100923772901297,CATERPILLAR INC,4.392969235777855,2.95106222251047,9.831892245823838,1.23419389128685,2.351963007660518,3.5421844667745006
2019-10-24,18542.0,"Baird Maintains Outperform on Caterpillar, Raises Price Target to $150",-1.100923772901297,CATERPILLAR INC,4.392969235777855,2.95106222251047,9.831892245823838,1.23419389128685,2.351963007660518,3.5421844667745006
2019-10-24,18542.0,"Credit Suisse Maintains Outperform on Caterpillar, Raises Price Target to $150",-1.100923772901297,CATERPILLAR INC,4.392969235777855,2.95106222251047,9.831892245823838,1.23419389128685,2.351963007660518,3.5421844667745006
2019-10-23,18542.0,From Cat Q3 Earnings Conference Call: Co. Committed To High Single Digit Dividend Increase Over The Years,1.23419389128685,CATERPILLAR INC,-1.1009237729012966,3.6943994444654127,7.4996375565030915,1.104141864925623,2.2798527718471906,2.0242881941687996
2019-10-23,18542.0,From Cat Q3 Earnings Conference Call: Sees Pricing To Be 'Moderate' Next Year,1.23419389128685,CATERPILLAR INC,-1.1009237729012966,3.6943994444654127,7.4996375565030915,1.104141864925623,2.2798527718471906,2.0242881941687996
2019-10-23,18542.0,Caterpillar Inc Says Expects $900M Inventory Reduction In Q4 2019,1.23419389128685,CATERPILLAR INC,-1.1009237729012966,3.6943994444654127,7.4996375565030915,1.104141864925623,2.2798527718471906,2.0242881941687996
2019-10-23,18542.0,Catepillar Says 'See Flat End User Demand In Q4 2019 vs Expectation Of A Rise Earlier',1.23419389128685,CATERPILLAR INC,-1.1009237729012966,3.6943994444654127,7.4996375565030915,1.104141864925623,2.2798527718471906,2.0242881941687996
2019-10-23,18542.0,Caterpillar Inc Says 'Customers Are Delaying Capital Spending In Light Of Global Economic Uncertainity',1.23419389128685,CATERPILLAR INC,-1.1009237729012966,3.6943994444654127,7.4996375565030915,1.104141864925623,2.2798527718471906,2.0242881941687996
2019-10-23,18542.0,From Cat Q3 Earnings Conference Call: Sees Chinese Dealers Increasing Inventories In View Of Earlier Chinese New Year,1.23419389128685,CATERPILLAR INC,-1.1009237729012966,3.6943994444654127,7.4996375565030915,1.104141864925623,2.2798527718471906,2.0242881941687996
2019-10-23,18542.0,"Caterpillar Reports Q3 Earnings Miss, Cuts Guidance",1.23419389128685,CATERPILLAR INC,-1.1009237729012966,3.6943994444654127,7.4996375565030915,1.104141864925623,2.2798527718471906,2.0242881941687996
2019-10-23,18542.0,Caterpillar shares are trading lower after the company reported worse-than-expected Q3 results and cut FY19 guidance.,1.23419389128685,CATERPILLAR INC,-1.1009237729012966,3.6943994444654127,7.4996375565030915,1.104141864925623,2.2798527718471906,2.0242881941687996
2019-10-23,18542.0,Caterpillar Cuts FY19 EPS Guidance From $12.06-$13.06 To $10.90 To $11.40 vs $11.70 Est.,1.23419389128685,CATERPILLAR INC,-1.1009237729012966,3.6943994444654127,7.4996375565030915,1.104141864925623,2.2798527718471906,2.0242881941687996
2019-10-23,18542.0,"Caterpillar Q3 EPS $2.66 Misses $2.89 Estimate, Sales $12.8B Miss $13.49B Estimate",1.23419389128685,CATERPILLAR INC,-1.1009237729012966,3.6943994444654127,7.4996375565030915,1.104141864925623,2.2798527718471906,2.0242881941687996
2019-10-18,18542.0,Caterpillar shares are trading lower after Morgan Stanley downgraded the stock from Overweight to Equal-Weight and lowered the price target $150 to $145 per share.,-0.2498679561540484,CATERPILLAR INC,1.1628711596131325,6.900763894754447,10.542420774626859,1.444047037512064,0.7937178628103503,2.8742812543343543
2019-10-18,18542.0,UPDATE: Morgan Stanley On Caterpillar Also Notes 'We believe that the US Construction Equipment market peaked in 2019 and that E&T markets will fail to re-accelerate in 2020',-0.2498679561540484,CATERPILLAR INC,1.1628711596131325,6.900763894754447,10.542420774626859,1.444047037512064,0.7937178628103503,2.8742812543343543
2019-10-18,18542.0,"UPDATE: Morgan Stanley Downgrades Caterpillar To Equal-Weight, Lowers Target To $145 As Firm Notes 'We see increasing downside risks to CAT's Construction and Energy & Transportation segments'",-0.2498679561540484,CATERPILLAR INC,1.1628711596131325,6.900763894754447,10.542420774626859,1.444047037512064,0.7937178628103503,2.8742812543343543
2019-10-18,18542.0,"Morgan Stanley Downgrades Caterpillar to Equal-Weight, Lowers Price Target to $145",-0.2498679561540484,CATERPILLAR INC,1.1628711596131325,6.900763894754447,10.542420774626859,1.444047037512064,0.7937178628103503,2.8742812543343543
2019-10-15,18542.0,"Caterpillar shares are trading higher in sympathy with the overall market after multiple companies reported earnings that topped expectations, bringing the whole market higher on positive sentiment.",2.064179629087448,CATERPILLAR INC,-0.6410717964172363,2.834073193971043,8.710744914688107,-0.01556776842335239,4.637706544690268,7.484931377887838
2019-10-11,18542.0,"Credit Suisse Maintains Outperform on Caterpillar, Lowers Price Target to $149",4.653998836874962,CATERPILLAR INC,-0.01556776842335239,2.6012561774106935,9.681526619265956,2.7210313826799393,4.001018173004001,2.0291080160907304
2019-10-10,18542.0,Caterpillar shares trading higher but not seeing company-specific news. Shares rebounded over the $120 level today.,2.721031382679939,CATERPILLAR INC,4.653998836874962,7.645288528869676,9.955780003863968,1.2460805475711823,-0.6735946449091812,-1.3218758095904004
2019-10-09,18542.0,"Morgan Stanley Maintains Overweight on Caterpillar, Lowers Price Target to $150",1.246080547571182,CATERPILLAR INC,2.7210313826799393,9.000334510341768,14.20502151656249,-1.8960488960146904,-2.5363513760466194,-1.7244249382477372
2019-10-08,18542.0,"UBS Maintains Sell on Caterpillar, Lowers Price Target to $117",-1.89604889601469,CATERPILLAR INC,1.2460805475711823,11.070608822734096,14.218431173759605,-0.6526775658130646,0.17494092321015398,0.24174801254654987
2019-10-10,11267.0,"Cato Sep. Comps Up 5% Year Over Year, Sales $70.5M",0.99415248259902,CATO CORP NEW,1.3896917924284935,5.616672105045306,-0.8685560846138918,-1.0416683740913868,-0.23336641934376123,-1.384081721283259
2019-10-17,76504.0,"Wedbush Maintains Outperform on Cathay General, Lowers Price Target to $39",1.463420782238245,CATHAY GENERAL BANCORP,1.1453584767878056,0.31108761937774787,0.5938887812357629,-0.34315912052989006,1.07308280209244,0.7516575027767258
2019-10-16,76504.0,"Cathay General Q3 EPS $0.91 Beats $0.88 Estimate, Sales $171.8M Beat $155.68M Estimate",-0.3431591205298901,CATHAY GENERAL BANCORP,1.463420782238245,2.984220751078892,3.902440808473795,1.4211186207830906,1.0985865231577296,3.0347751103381615
2019-10-28,14943.0,CB Financial Services Q3 EPS $0.69 Up From $0.42 YoY,0.8758550509810448,C B FINANCIAL SERVICES INC,0.415253359824419,2.416003740740269,4.3861818641543815,-0.8308131247758865,0.2290055857599782,-2.0149217688102405
2019-10-22,18108.0,Capital Bancorp Q3 EPS $0.32 Up From $0.26 YoY,2.291207946836948,CAPITAL BANCORP INC,-0.6502901203930378,3.829477810682591,3.9739897590091777,2.1903321146965027,1.8058673873326159,2.4999994882373366
2019-10-16,25129.0,"Commerce Bancshares Q3 EPS $0.98 Beats $0.92 Estimate, Sales $336.255M Miss $337.57M Estimate",2.074688859283924,COMMERCE BANCSHARES INC,1.300811767578125,4.926827281280333,5.349594969257665,1.499325130134821,0.870585077233077,2.3615347917644636
2019-10-16,46690.0,Baird Downgrades Cabot to Neutral,-1.413264032453299,CABOT CORP,1.3410447165369987,3.8612674732178887,5.641615379382592,0.5270383786410093,-1.393577730741813,2.8363784213784493
2019-10-10,46690.0,"UBS Initiates Coverage On Cabot with Neutral Rating, Announces $45 Price Target",-0.11706681689247489,CABOT CORP,4.289736971259117,2.7426206250363627,4.781999297710593,0.8977019228041172,-1.2942024427098464,-2.2878061457326626
2019-10-30,81584.0,CBIZ Sees FY19 EPS Growth Near High End Of 10%-12% Range,8.510645478963852,CBIZ INC,-0.6172841880470514,-3.050109421089886,-3.4495306704994455,-0.587550038471818,0.5148481285767392,0.87440106693768
2019-10-30,81584.0,"CBIZ Q3 EPS $0.32 Beats $0.25 Estimate, Sales $239.79M Beat $234.48M Estimate",8.510645478963852,CBIZ INC,-0.6172841880470514,-3.050109421089886,-3.4495306704994455,-0.587550038471818,0.5148481285767392,0.87440106693768
2019-10-29,84516.0,Capital City Bank Group Q3 EPS $0.4 Up From $0.35 YoY,0.8750437758862972,CAPITAL CITY BANK GROUP,0.4857716616243124,6.002774212628692,3.5739092950940465,-0.7986095733940601,0.5277959642120189,0.5277959642120189
2019-10-18,86339.0,Crown Castle International shares are trading higher after SunTrust Robinson Humphrey maintained a Buy rating on the company's stock and raised the price target from $135 to $150.,3.20962592959404,CROWN CASTLE INC,-0.49284426495432854,-2.1241132731639967,-4.609190300178301,3.6305584013462067,3.661350142947062,2.534339707008715
2019-10-18,86339.0,"SunTrust Robinson Humphrey Maintains Buy on Crown Castle Intl, Raises Price Target to $150",3.20962592959404,CROWN CASTLE INC,-0.49284426495432854,-2.1241132731639967,-4.609190300178301,3.6305584013462067,3.661350142947062,2.534339707008715
2019-10-18,86339.0,"UBS Maintains Neutral on Crown Castle Intl, Raises Price Target to $137",3.20962592959404,CROWN CASTLE INC,-0.49284426495432854,-2.1241132731639967,-4.609190300178301,3.6305584013462067,3.661350142947062,2.534339707008715
2019-10-17,86339.0,Crown Castle International shares are trading higher after the company reported better-than-expected Q3 EPS and sales results.,3.6305584013462067,CROWN CASTLE INC,3.20962592959404,1.5260102397657072,-0.5659896272872778,0.02971299400087446,-1.05781413441004,-1.455948450724165
2019-10-16,86339.0,"Crown Castle Sees FY20 Site Rental Sales $5.196B-$5.241B, Adj. EBITDA $3.569B-$3.614B",0.02971299400087446,CROWN CASTLE INC,3.6305584013462067,4.610580863010227,3.3855501554938883,-1.0872040875256062,-1.485220141353527,-2.5828442568514465
2019-10-16,86339.0,"Crown Castle Sees FY19 Site Rental Sales $4.95B-$4.98B, Adj. EBITDA $3.393B-$3.423B, Adj. FFO $2.464B-$2.494B",0.02971299400087446,CROWN CASTLE INC,3.6305584013462067,4.610580863010227,3.3855501554938883,-1.0872040875256062,-1.485220141353527,-2.5828442568514465
2019-10-16,86339.0,"Crown Castle International Corporation Q3 EPS $0.58 Beats $0.49 Estimate, Sales $1.514B Beat $1.47B Estimate",0.02971299400087446,CROWN CASTLE INC,3.6305584013462067,4.610580863010227,3.3855501554938883,-1.0872040875256062,-1.485220141353527,-2.5828442568514465
2019-10-10,83188.0,Cameco Option Alert: Nov 8 $9.5 Calls Sweep (8) near the Ask: 528 @ $0.55 vs 230 OI; Earnings 11/1 Before Open [est] Ref=$9.555,3.4632105380296707,CAMECO CORP,-1.8828483298420906,-5.125530312160864,-4.811715479264766,-0.5382151808589697,-1.4925409278266577,-1.0706678593838892
2019-10-10,83188.0,Cameco Option Alert: Nov 8 $9.5 Calls Sweep (12) near the Ask: 549 @ $0.497 vs 230 OI; Earnings 11/1 Before Open [est] Ref=$9.47,3.4632105380296707,CAMECO CORP,-1.8828483298420906,-5.125530312160864,-4.811715479264766,-0.5382151808589697,-1.4925409278266577,-1.0706678593838892
2019-10-07,83188.0,Cameco Option Alert: Mar 20 $10 Calls Sweep (36) near the Ask: 1369 @ $0.7 vs 17885 OI; Earnings 11/1 Before Open [est] Ref=$9.325,0.4282651003450155,CAMECO CORP,-0.9594898670911789,-0.9594898997637435,-1.918979709392299,-0.10695431847125292,0.5382151906299981,1.0822552344571745
2019-10-21,17726.0,"RBC Capital Maintains Outperform on Crown Holdings, Raises Price Target to $83",-0.5581785924732685,CROWN HOLDINGS INC,-0.6188835483044386,3.9579734325448257,4.634417863597506,3.5264555364847183,9.979543370937272,11.151768811679052
2019-10-18,17726.0,"Crown Holdings shares are trading higher after analysts at multiple firms reiterated bullish ratings and raised price targets following Q3 results, citing positive global beverage can outlook.",3.5264555364847183,CROWN HOLDINGS INC,-0.5581785924732685,0.08587023300636876,4.7803009610200675,6.233274191617966,7.365569733532551,5.420183188825711
2019-10-18,17726.0,"Deutsche Bank Maintains Buy on Crown Holdings, Raises Price Target to $75",3.5264555364847183,CROWN HOLDINGS INC,-0.5581785924732685,0.08587023300636876,4.7803009610200675,6.233274191617966,7.365569733532551,5.420183188825711
2019-10-18,17726.0,"Wells Fargo Maintains Outperform on Crown Holdings, Raises Price Target to $75",3.5264555364847183,CROWN HOLDINGS INC,-0.5581785924732685,0.08587023300636876,4.7803009610200675,6.233274191617966,7.365569733532551,5.420183188825711
2019-10-17,17726.0,Crown Holdings shares are trading higher after the company reported Q3 EPS results inline with analyst estimates.,6.233274191617966,CROWN HOLDINGS INC,3.5264555364847183,2.207742480907915,7.927098208460248,1.065857708454132,-0.7653826063250713,-0.966489154765704
2019-10-16,17726.0,"Crown Holdings Q3 Adj. EPS $1.56, Inline, Sales $3.084B Miss $3.19B Estimate",1.065857708454132,CROWN HOLDINGS INC,6.233274191617966,9.082329907137932,15.693375238878282,-1.811927743256092,-2.0109133878649432,0.36723537816232277
2019-10-16,17726.0,"Morgan Stanley Maintains Equal-Weight on Crown Holdings, Raises Price Target to $72",1.065857708454132,CROWN HOLDINGS INC,6.233274191617966,9.082329907137932,15.693375238878282,-1.811927743256092,-2.0109133878649432,0.36723537816232277
2019-10-02,17726.0,"Crown Holdings shares are trading lower in sympathy with weakness in the overall market amid recession fears. During an economic slowdown, there might be less demand for packaging products.",-4.843175783753395,CROWN HOLDINGS INC,0.2746840938925743,1.2441434611134783,2.6498615264489933,-1.5440458431839943,-1.4694761282951996,-1.8560370970527762
2019-10-23,75154.0,Carnival shares are trading higher on seemingly no company-specific news.,3.407757356762886,CARNIVAL CORP,-0.2272692508995533,-1.7954565928513522,0.8409067308660978,-1.3218916952610016,-0.5608825809211515,0.25919091077071243
2019-10-09,75154.0,"Citigroup Maintains Buy on Carnival, Lowers Price Target to $50",0.9967547841370106,CARNIVAL CORP,1.0362743400037289,4.589194876220359,8.561562590633564,-1.9066212698817253,-2.4550274992795718,-2.1219485585978304
2019-10-07,75154.0,"HSBC Downgrades Carnival to Hold, Lowers Price Target to $43",-0.5590654909610748,CARNIVAL CORP,-1.9066212698817253,2.7621635284521773,5.402100036004742,0.34146192483603954,-0.7239363661814102,-3.1772233403799977
2019-10-02,75154.0,"Buckingham Maintains Neutral on Carnival, Lowers Price Target to $45",-2.471176721155643,CARNIVAL CORP,-1.0617727413773537,-2.195945567270152,2.2924730874924526,-2.7911175042390823,-2.5011476275790923,-3.3219546515696696
2019-10-17,86384.0,CNB Financial Q3 EPS $0.68 Up From $0.6 YoY,0.2091302303597331,C N B FINANCIAL CORP PA,0.5565212108194828,9.39130686195977,8.765218934019913,0.6666685454547405,1.3065001686619393,1.3780965118303623
2019-10-29,14716.0,"Century Communities Raises FY19 Home Deliveries Guidance To 7.7-8.1K Homes, Home Sales $2.4B-$2.5B",-2.891929633915424,CENTURY COMMUNITIES INC,-4.796234518289566,-12.476487864603847,-12.53918529149729,-3.297034651041031,-3.4107611537512406,-3.183029138438509
2019-10-29,14716.0,"Century Communities Q3 EPS $0.87, Inline, Sales $590.362M Beat $581.12M Estimate",-2.891929633915424,CENTURY COMMUNITIES INC,-4.796234518289566,-12.476487864603847,-12.53918529149729,-3.297034651041031,-3.4107611537512406,-3.183029138438509
2019-10-16,14716.0,Century Communities Announces Model Grand Opening Event For 55+ Active Adult Community In Fremont On Oct 19,4.77265864610672,CENTURY COMMUNITIES INC,0.8617998100817204,4.432128449439343,-6.525086839748329,2.3432375863194466,3.057494359363444,1.8056504582006028
2019-10-31,14797.0,CareDx Narrows FY19 Sales Guidance From $123M-$125M To $124M-$125M vs $125.5M Estimate,0.11458662338554859,CAREDX INC,-11.903849989175797,-23.807707058346196,-26.5165934113898,-3.108808770775795,-4.347827837210582,-2.0209544004579527
2019-10-31,14797.0,"CareDx Q3 EPS $0.02 Beats $0.01 Estimate, Sales $33.8M Beat $33.14M Estimate",0.11458662338554859,CAREDX INC,-11.903849989175797,-23.807707058346196,-26.5165934113898,-3.108808770775795,-4.347827837210582,-2.0209544004579527
2019-10-01,14797.0,"Craig-Hallum Initiates Coverage On CareDx with Buy Rating, Announces $48 Price Target",1.7248976975679402,CAREDX INC,3.043481521308422,13.347824812500475,23.52173864503102,3.573067858815193,4.145562355042376,-0.3964761578421294
2019-10-22,11403.0,Cadence Design Systems shares are trading lower despite after hours strength following Monday earnings. Credit Suisse reiterated a Neutral rating on the stock .NOTE: The software sector has been highly volatile recently.,-5.707867071032524,CADENCE DESIGN SYSTEMS INC,0.8420759811997414,4.814113053741109,6.768348510176825,1.7530512064695358,1.1363636980469272,-0.09728713874075368
2019-10-22,11403.0,"Credit Suisse Reiterates Neutral on Cadence Design Systems, Raises Price Target to $75",-5.707867071032524,CADENCE DESIGN SYSTEMS INC,0.8420759811997414,4.814113053741109,6.768348510176825,1.7530512064695358,1.1363636980469272,-0.09728713874075368
2019-10-21,11403.0,"Cadence Design Systems shares are trading higher after the company reported Q3 EPS of $0.54, up from $0.49 year-over-year and Q3 sales of $579.603 million, up from $532.468 million year-over-year. The company also issued Q4 EPS and sales guidance.",1.7530512064695358,CADENCE DESIGN SYSTEMS INC,-5.707867071032524,-1.3033745945318698,0.19475280967957698,-0.6060629151761532,-1.8184598135103869,-3.001624823225524
2019-10-21,11403.0,"Cadence Design Sees FY19 Adj. EPS $2.18-$2.20 vs $2.15 Estimate, Sales $2.327B-$2.337B vs $2.33B Est.",1.7530512064695358,CADENCE DESIGN SYSTEMS INC,-5.707867071032524,-1.3033745945318698,0.19475280967957698,-0.6060629151761532,-1.8184598135103869,-3.001624823225524
2019-10-21,11403.0,"Cadence Design Sees Q4 Adj. EPS $0.52-$0.54 vs $0.52 Estimate, Sales $590M-$600M vs $592.5M Est.",1.7530512064695358,CADENCE DESIGN SYSTEMS INC,-5.707867071032524,-1.3033745945318698,0.19475280967957698,-0.6060629151761532,-1.8184598135103869,-3.001624823225524
2019-10-21,11403.0,"Cadence Design Systems Q3 Adj. EPS $0.54 Up From $0.49 YoY, Sales $579.603M Up From $532.468M YoY",1.7530512064695358,CADENCE DESIGN SYSTEMS INC,-5.707867071032524,-1.3033745945318698,0.19475280967957698,-0.6060629151761532,-1.8184598135103869,-3.001624823225524
2019-10-01,11403.0,"Adesto Reports Collaboration With Cadence Design Systems To Expand xSPI Ecosystem For Emerging IoT Devices, No Terms Disclosed",-1.195521932095289,CADENCE DESIGN SYSTEMS INC,-1.9451742991805077,-2.5271887703610885,3.5840039609322805,1.3497008010745049,-0.7509762610201642,-0.07560173141404336
2019-10-31,13949.0,CDW shares are trading higher after the company reported Q3 EPS and sales results up from last year.,0.41608293540775776,C D W CORP NEW,2.572115696966648,3.9246259310748988,3.838639486851081,0.9510199539363384,1.1032617266999667,2.0182577792180245
2019-10-31,13949.0,"CDW Q3 Adj. EPS $1.75 Up From $1.42 YoY, Sales $4.91B Up From $4.373B YoY",0.41608293540775776,C D W CORP NEW,2.572115696966648,3.9246259310748988,3.838639486851081,0.9510199539363384,1.1032617266999667,2.0182577792180245
2019-10-22,11499.0,"Sidoti & Co. Maintains Buy on Career Education, Lowers Price Target to $23",0.2941173501312733,C E C O ENVIRONMENTAL CORP,-0.7331406231969595,3.0791795402430377,4.692077648661397,1.6442472115159035,1.9490272634432593,1.7964127394999752
2019-10-07,93415.0,ClearBridge MLP September NAV $12.72/Share,-1.248888019472361,CLEARBRIDGE MLP & MIDSTR FD INC,-1.1743461713194847,-2.890692950481921,-2.800356662807213,0.08928775787353516,0.44803039815959345,-0.7964614629784927
2019-10-30,89043.0,"UBS Maintains Buy on Crestwood Equity Partners, Raises Price Target to $44",-0.2267517615109682,CRESTWOOD EQUITY PARTNERS LP,2.670450508594513,-5.539770069047223,-6.754884363662416,1.2048140168190002,1.495973788867122,1.9947922284083042
2019-10-29,89043.0,"Crestwood Equity Partners Q3 EPS $0.12 Misses $0.14 Estimate, Sales $823.6M Beat $712.1M Estimate",1.204814016819,CRESTWOOD EQUITY PARTNERS LP,-0.2267517615109682,-0.31179300270001153,-9.015771043594468,0.28769359923899174,0.7805737496419995,1.219517999559816
2019-10-23,89043.0,"Raymond James Upgrades Crestwood Equity Partners to Strong Buy, Announces $40 Price Target",1.294113602489233,CRESTWOOD EQUITY PARTNERS LP,0.43554450385272503,2.2067426466486406,-3.455275891038523,0.05885949940420687,0.11778832627946656,-0.35169676586679355
2019-10-30,84413.0,Cerus Reaffirms FY19 Product Sales Guidance $72M-$75M,-1.098905224353075,CERUS CORP,-3.333335369825363,-7.111114595592194,-4.222223213916509,0.22026936057955027,3.409093071859459,3.881280258505204
2019-10-30,84413.0,"Cerus Q3 EPS $(0.13) Misses $(0.12) Estimate, Sales $22.8M Inline",-1.098905224353075,CERUS CORP,-3.333335369825363,-7.111114595592194,-4.222223213916509,0.22026936057955027,3.409093071859459,3.881280258505204
2019-10-31,90829.0,CF Industries shares trading lower following worse-than-expected Q3 results.,-3.5926923155784607,C F INDUSTRIES HOLDINGS INC,2.028670348227024,2.8224973912986284,2.8886484811463164,0.36270960699766874,2.6401899889897384,1.950588580081103
2019-10-30,90829.0,"CF Industries Holdings Q3 EPS $0.29 Misses $0.37 Estimate, Sales $1.038B Miss $1.07B Estimate",0.3627096069976687,C F INDUSTRIES HOLDINGS INC,-3.5926923155784607,-1.381806195999713,-0.4251720331254649,2.2692495957016945,1.5821403978641735,3.07894805444211
2019-10-04,90829.0,"Stifel Nicolaus Maintains Hold on CF Industries Holdings, Lowers Price Target to $46",0.04101816739421338,C F INDUSTRIES HOLDINGS INC,0.2665048697963357,3.772038252625709,-2.070517304866759,0.9941996075212955,-0.7531095712450919,-0.8943138767262826
2019-10-28,86526.0,Central Federal Q3 EPS $0.59 Up From $0.24 YoY,0.3816735465079546,C F BANKSHARES INC,-0.8364993147552013,3.5193920145327295,4.085932578870355,0.3723753383383155,1.1583055749212923,1.046722321279847
2019-10-24,85725.0,C&F Financial Q3 EPS $1.42 Down From $1.46 YoY,-2.492392249405384,C & F FINANCIAL CORP,-1.1512198485434055,-0.7609742713526102,-0.09755947100990037,-0.45454143546521664,-3.9999976551594596,-0.05704301859844607
2019-10-30,86820.0,"Capitol Federal Financial Q4 EPS $0.16, Inline",0.0,CAPITOL FEDERAL FINANCIAL INC,-0.6574349477887154,-0.17012251234918008,-0.7966708947671153,0.2080425387248397,0.8374032538416953,1.0489483777633257
2019-10-18,14889.0,Citizens Financial Group Q3 EPS $0.98 Beats $0.96 Estimate,0.8854652754962444,CITIZENS FINANCIAL GROUP INC,0.7361329160630703,1.500562904798386,3.0951976780339896,-0.34159619826823473,-0.3132135964953875,1.3020744632938674
2019-10-10,14889.0,"JP Morgan Maintains Overweight on Citizens Financial Group, Lowers Price Target to $39.5",2.364348992705345,CITIZENS FINANCIAL GROUP INC,2.102455124258995,3.6718918439041293,5.359790979583656,1.2584402225911617,-2.7990482000607053,-2.280795755239584
2019-10-08,14889.0,Citi Downgrades Citizens Financial Group to Sell,-4.007061943411827,CITIZENS FINANCIAL GROUP INC,1.2584402225911617,7.796184718401866,10.313065239526932,0.5331763066351414,1.5255707918691463,1.313428742520828
2019-10-03,14889.0,"Morgan Stanley Maintains Overweight on Citizens Financial Group, Lowers Price Target to $42",-0.20895430352538819,CITIZENS FINANCIAL GROUP INC,0.9871313348412514,1.0170510608687122,4.726287919725225,-2.0467858761548996,-5.286963661619726,-5.31373959922008
2019-10-31,27888.0,"Cullen/Frost Bankers Earlier Reported Q3 EPS $1.73 Beats $1.69 Estimate, Sales $365.842M Beat $364.69M Estimate",-3.2957591116428384,CULLEN FROST BANKERS INC,1.043511088937521,4.740227062367941,3.507988460489342,-0.9253298863768578,-0.6293965990178174,0.3339133911370862
2019-10-03,27888.0,"Morgan Stanley Maintains Underweight on Cullen/Frost Bankers, Lowers Price Target to $92",-1.3688884675502782,CULLEN FROST BANKERS INC,1.0169878602027893,1.4596808434153674,7.286427831753595,-1.7848875373601913,-4.302659600526059,-3.748299692235657
2019-10-31,13405.0,"Carlyle Group Earlier Reported Q3 EPS $0.41 Beats $0.4 Estimate, Sales $768.6M Beat $517.73M Estimate",-0.8720921352505684,CARLYLE GROUP L P,2.602635882794857,0.806449105148288,4.357040275460888,0.07272893562912941,0.07272893562912941,0.6952086968661675
2019-10-30,13405.0,"The Hilb Group Reports Will Be Acquired By The Carlyle Group, No Terms Disclosed",0.07272893562912941,CARLYLE GROUP L P,-0.8720921352505684,0.07267615104804559,2.5282388699196856,0.0,0.6220273673534393,1.4385813136090553
2019-10-24,13405.0,'Carlyle Raises $7.1 Billion for Fifth European Buyout Fund' -Bloomberg,-1.166604738682508,CARLYLE GROUP L P,0.8115061558783054,0.6270752366486221,1.4385813844314699,1.2924681417644024,-0.3270354333769543,1.667904971891887
2019-10-08,13405.0,"BMO Capital Initiates Coverage On Carlyle Group with Market Perform Rating, Announces $23 Price Target",-0.04009714757557958,CARLYLE GROUP L P,1.5643777325749397,6.177292330026196,8.624145872574474,0.5645213648676872,0.6050811217356067,2.5071952806406728
2019-10-18,90476.0,Comstock Holding Cos. Reports Rolls-Royce North America To Move Its Headquarters To Reston Station In Early 2020,4.236842691898346,COMSTOCK HOLDING COMPANIES INC,7.043670862913132,13.102753072124695,2.4993683655345933,-1.2987000867724419,-0.26246698195904195,-1.0416657155599585
2019-10-22,11442.0,"City Holding Q3 EPS $1.36 Up From $1.33 YoY, Sales $57.235M Up From $51.311M YoY",-0.050566805293783545,CITY HOLDING CO,-0.11385700199753046,1.467420672444364,2.2517378519895104,2.236292324960232,3.318083837433261,4.602560105290898
2019-10-31,23393.0,Church & Dwight shares are trading lower after the company reported worse-than-expected Q3 sales results. The company also issued FY19 EPS guidance below analyst estimates.,-7.253681123256683,CHURCH & DWIGHT INC,-1.658569648861885,-3.931941464813804,-2.4199394516049244,2.38968376070261,1.0857978756106057,0.694357429705228
2019-10-31,23393.0,"Church & Dwight Reaffirms FY19 Adj. EPS Guidance At $2.47 vs $2.49 Estimate, Sales Growth 5%",-7.253681123256683,CHURCH & DWIGHT INC,-1.658569648861885,-3.931941464813804,-2.4199394516049244,2.38968376070261,1.0857978756106057,0.694357429705228
2019-10-31,23393.0,"Church & Dwight Co Q3 Adj. EPS $0.66 Beats $0.61 Estimate, Sales $1.089B Miss $1.1B Estimate",-7.253681123256683,CHURCH & DWIGHT INC,-1.658569648861885,-3.931941464813804,-2.4199394516049244,2.38968376070261,1.0857978756106057,0.694357429705228
2019-10-30,79026.0,"Churchill Downs Q3 Adj. EPS $0.55 Beats $0.51 Estimate, Sales $306.3M Beat $299.61M Estimate",0.48218141309916973,CHURCHILL DOWNS INC,-2.534295432269573,-8.240232674667404,-5.563468949141448,-0.7700350135564804,-0.55443583782262,0.29469497067973194
2019-10-30,79026.0,"Churchill Downs Reports $300M In New Stadium Seating, Hotel, HRM Facility",0.48218141309916973,CHURCHILL DOWNS INC,-2.534295432269573,-8.240232674667404,-5.563468949141448,-0.7700350135564804,-0.55443583782262,0.29469497067973194
2019-10-03,79026.0,Churchill Downs To Acquire Turfway Park For $46M In Cash,0.984539557248354,CHURCHILL DOWNS INC,3.408263251185417,4.3187497638497385,4.463776454564838,-0.056924205273389816,-0.4495567445130466,0.7294479497925277
2019-10-29,64194.0,"Chemed Q3 Adj. EPS $3.46 Beats $3.31 Estimate, Sales $480.613M Beat $478.89M Estimate",0.8342516608536243,CHEMED CORP NEW,-2.4650629609823227,-0.29357315580639254,-0.8801733591030203,1.048179343342781,0.6302463495035049,0.3092124730706747
2019-10-30,12913.0,"The Chefs' Warehouse Q3 EPS $0.23 Misses $0.25 Estimate, Sales $396.88M Beat $396.43M Estimate",-0.18092452082782978,CHEFS WAREHOUSE INC,-14.228376746177673,-9.399268122820025,-6.86172391279809,1.681995764374733,2.54439198227161,3.3110756582858336
2019-10-04,14273.0,"BMO Capital Maintains Outperform on Chegg, Lowers Price Target to $35",3.041566722095013,CHEGG INC,0.9511345066130161,5.378816978285794,6.165953190360618,3.9704889059066772,1.3009282121500876,-1.2020052172018736
2019-10-01,14273.0,"Top 10 Most Oversold Stocks Via Benzinga Pro's Radar Tool For Tue., October 01, 2019",-2.470790222287178,CHEGG INC,-2.567613869905472,4.51900602885531,13.146183825143321,-0.3327736398205161,-2.885860582274913,-5.041217938958398
2019-10-18,85517.0,"Wells Fargo Maintains Market Perform on Choice Hotels Intl, Lowers Price Target to $88",-1.141552533954382,CHOICE HOTELS INTERNATIONAL INC,0.4041553009301424,1.0161719618461351,2.575061695799663,-0.8264500647783279,-0.6915322664169388,-0.3299589431614569
2019-10-29,83639.0,BMO Waits On The Sidelines For Better Momentum At Check Point Software,3.7516091018915185,CHECK POINT SOFTWARE TECHS LTD,-0.8487304672598839,0.2475456580552482,2.289803214120245,0.6462305784225464,0.47925958898797916,1.5651205224909148
2019-10-29,83639.0,"UBS Maintains Neutral on Check Point Software Tech, Lowers Price Target to $117",3.7516091018915185,CHECK POINT SOFTWARE TECHS LTD,-0.8487304672598839,0.2475456580552482,2.289803214120245,0.6462305784225464,0.47925958898797916,1.5651205224909148
2019-10-29,83639.0,"Barclays Maintains Equal-Weight on Check Point Software Tech, Lowers Price Target to $116",3.7516091018915185,CHECK POINT SOFTWARE TECHS LTD,-0.8487304672598839,0.2475456580552482,2.289803214120245,0.6462305784225464,0.47925958898797916,1.5651205224909148
2019-10-28,83639.0,"Check Point Software Sees Q4 Sales $527M-$557M vs $543.14M Est., Adj. EPS $1.93-$2.04 vs $1.97 Est.",0.6462305784225464,CHECK POINT SOFTWARE TECHS LTD,3.7516091018915176,2.3206812588930426,6.283256800699966,-0.165898900013417,0.9129899240015504,1.575394130479335
2019-10-28,83639.0,"Check Point Software Tech Q3 EPS $1.44 Beats $1.4 Estimate, Sales $490.908M Beat $490.75M Estimate",0.6462305784225464,CHECK POINT SOFTWARE TECHS LTD,3.7516091018915176,2.3206812588930426,6.283256800699966,-0.165898900013417,0.9129899240015504,1.575394130479335
2019-10-14,83639.0,OTR Global Downgrades Check Point Software Tech to Negative,-2.264968678355217,CHECK POINT SOFTWARE TECHS LTD,0.14714333228766918,-1.2414921350941244,0.2574937656581344,1.6258666291832924,0.9985462235155618,1.7094824495986982
2019-10-08,83639.0,"UPDATE: Jefferies Downgrades Check Point Software To Hold, Lowers Tgt To $115 As Firm Believes Co. 'has limited downside potential, but we would need to see evidence of material catalysts that reinvigorate product growth and accelerate total rev growth'",-1.370484381914139,CHECK POINT SOFTWARE TECHS LTD,0.703907385468483,-0.4479364722446366,-2.513940866982056,-0.08107778267003596,2.7896220162910934,2.7420165429905774
2019-10-08,83639.0,"Jefferies Downgrades Check Point Software Tech to Hold, Lowers Price Target to $115",-1.370484381914139,CHECK POINT SOFTWARE TECHS LTD,0.703907385468483,-0.4479364722446366,-2.513940866982056,-0.08107778267003596,2.7896220162910934,2.7420165429905774
2019-10-03,83639.0,"UPDATE: Suntrust Initiates Check Point Software With Hold, $115 Target As Firm Notes 'Check Point product pipeline is robust, but sales execution remains a show me story and their growth rate has lagged the market growth'",-0.04631350166164339,CHECK POINT SOFTWARE TECHS LTD,2.873029187321663,1.4643205720686447,0.13901919561494225,0.48403297550976276,-1.4155279046494385,-0.20338469453397012
2019-10-03,83639.0,"SunTrust Robinson Humphrey Initiates Coverage On Check Point Software Tech with Hold Rating, Announces $115 Price Target",-0.04631350166164339,CHECK POINT SOFTWARE TECHS LTD,2.873029187321663,1.4643205720686447,0.13901919561494225,0.48403297550976276,-1.4155279046494385,-0.20338469453397012
2019-10-18,13694.0,Chemung Financial Q3 EPS $0.4 Down From $1.11 YoY,1.319443713873625,CHEMUNG FINANCIAL CORP,-1.3022610917687416,-2.444596046927916,-0.9824088256169761,-1.3473398983478546,-2.085218030680558,2.1276630391561913
2019-10-22,15059.0,Coherus BioScience shares are trading lower despite no company specific news. The stock has dropped approximately 23% over the past month.,-2.919705212116241,COHERUS BIOSCIENCES INC,-5.531689897179604,-4.833520156879212,-12.298607830211317,-0.4670480266213417,-0.05211166518716004,3.1182790409616468
2019-10-04,15059.0,Coherus Biosciences shares are trading higher. Not seeing any news to justify price action.,5.107663944363594,COHERUS BIOSCIENCES INC,1.8103910610079765,-11.624585256957886,-8.194374583174802,-0.6467714905738831,4.1188687280306,-1.4313962521479762
2019-10-31,12308.0,"Charter Communications To Launch AMC Networks' Full Suite Of Streaming Services—Acorn TV, Shudder, Sundance Now And UMC—To Spectrum Customers",-0.19625697750598187,CHARTER COMMUNICATIONS INC NEW,1.8424371257424355,0.1239724610828219,2.58838466586897,1.014931220561266,0.3618151621719967,1.4258197378689719
2019-10-29,12308.0,"Deutsche Bank Maintains Buy on Charter Communications, Raises Price Target to $525",-0.6465539801865816,CHARTER COMMUNICATIONS INC NEW,1.014931220561266,1.978148306394445,2.1548473421085346,1.0601687245070934,7.359732449816803,7.238956393020546
2019-10-28,12308.0,"Morgan Stanley Maintains Overweight on Charter Communications, Raises Price Target to $500",1.060168724507093,CHARTER COMMUNICATIONS INC NEW,-0.6465539801865816,1.3723274077008574,1.3723273830624327,6.233478337526321,6.1139692783978905,5.708663725974539
2019-10-28,12308.0,"Benchmark Maintains Hold on Charter Communications, Raises Price Target to $514",1.060168724507093,CHARTER COMMUNICATIONS INC NEW,-0.6465539801865816,1.3723274077008574,1.3723273830624327,6.233478337526321,6.1139692783978905,5.708663725974539
2019-10-28,12308.0,"TD Securities Maintains Hold on Charter Communications, Raises Price Target to $475",1.060168724507093,CHARTER COMMUNICATIONS INC NEW,-0.6465539801865816,1.3723274077008574,1.3723273830624327,6.233478337526321,6.1139692783978905,5.708663725974539
2019-10-28,12308.0,"UBS Maintains Buy on Charter Communications, Raises Price Target to $525",1.060168724507093,CHARTER COMMUNICATIONS INC NEW,-0.6465539801865816,1.3723274077008574,1.3723273830624327,6.233478337526321,6.1139692783978905,5.708663725974539
2019-10-28,12308.0,"Wells Fargo Maintains Market Perform on Charter Communications, Raises Price Target to $450",1.060168724507093,CHARTER COMMUNICATIONS INC NEW,-0.6465539801865816,1.3723274077008574,1.3723273830624327,6.233478337526321,6.1139692783978905,5.708663725974539
2019-10-28,12308.0,"Raymond James Maintains Strong Buy on Charter Communications, Raises Price Target to $525",1.060168724507093,CHARTER COMMUNICATIONS INC NEW,-0.6465539801865816,1.3723274077008574,1.3723273830624327,6.233478337526321,6.1139692783978905,5.708663725974539
2019-10-25,12308.0,Charter Communications shares are trading higher after the company reported better-than-expected Q3 EPS and sales results.,6.2334783375263205,CHARTER COMMUNICATIONS INC NEW,1.0601687245070934,3.0918039797857455,1.635690497874065,-0.11249660747125745,-0.4940199829326253,-0.705220983339172
2019-10-25,12308.0,"Charter Communications Q3 EPS $1.74 Beats $1.65 Estimate, Sales $11.45B Beat $11.41B Estimate",6.2334783375263205,CHARTER COMMUNICATIONS INC NEW,1.0601687245070934,3.0918039797857455,1.635690497874065,-0.11249660747125745,-0.4940199829326253,-0.705220983339172
2019-10-16,12308.0,"UPDATE: Bernstein Initiates Charter With Outperform, $541 Target Notes 'dominant Internet service business, peer scale with sub-peer margins/ROIC, mobile optionality, strategically precious fiber'",1.19652422145009,CHARTER COMMUNICATIONS INC NEW,0.8742265403270721,-0.5797782448461519,7.002965478800682,2.354837767779827,2.3064583903762648,1.403045132901548
2019-10-16,12308.0,Charter Late Tuesday Priced $500M Of Senior Unsecured Notes Due 2030,1.19652422145009,CHARTER COMMUNICATIONS INC NEW,0.8742265403270721,-0.5797782448461519,7.002965478800682,2.354837767779827,2.3064583903762648,1.403045132901548
2019-10-16,12308.0,Charter Late Tuesday Reported Pricing Of $1.5B Of Senior Secured Notes Due 2050,1.19652422145009,CHARTER COMMUNICATIONS INC NEW,0.8742265403270721,-0.5797782448461519,7.002965478800682,2.354837767779827,2.3064583903762648,1.403045132901548
2019-10-16,12308.0,"Bernstein Initiates Coverage On Charter Communications With An Outperform Rating, Announces A $541 Price Target",1.19652422145009,CHARTER COMMUNICATIONS INC NEW,0.8742265403270721,-0.5797782448461519,7.002965478800682,2.354837767779827,2.3064583903762648,1.403045132901548
2019-10-15,12308.0,"Charter Communications shares are trading higher in sympathy with the overall market after multiple companies reported earnings that topped expectations, bringing the whole market higher on positive sentiment.",2.354837767779827,CHARTER COMMUNICATIONS INC NEW,1.1965242214500904,0.9955644380015061,7.195323077529059,-0.04726633196696639,-0.9298951135438216,-1.4722342780519981
2019-10-15,12308.0,UPDATE: Charter Communications Reports Offering Of 4.750% Senior Unsecured Notes In Aggregate Principal Amount Of $1.35B,2.354837767779827,CHARTER COMMUNICATIONS INC NEW,1.1965242214500904,0.9955644380015061,7.195323077529059,-0.04726633196696639,-0.9298951135438216,-1.4722342780519981
2019-10-15,12308.0,Charter Communications Announces Intent To Offer Senior Fixes Rate Notes Due 2050,2.354837767779827,CHARTER COMMUNICATIONS INC NEW,1.1965242214500904,0.9955644380015061,7.195323077529059,-0.04726633196696639,-0.9298951135438216,-1.4722342780519981
2019-10-08,12308.0,Charter To Appoint Bill Archer As EVP and President,-0.4580971784889698,CHARTER COMMUNICATIONS INC NEW,0.2826620591804385,1.1329936099542026,2.139837729421279,0.5424126517027617,3.2087729797090736,4.696289313564761
2019-10-04,12308.0,Charter Communications shares are trading higher after KeyBanc upgraded the stock from Sector Weight to Overweight and announced a price target of $515 per share.,2.651975676417351,CHARTER COMMUNICATIONS INC NEW,0.5424126517027617,-1.0661173936264534,2.88272386578714,1.4412692748010159,2.7292917504057046,1.1040519424530437
2019-10-04,12308.0,"KeyBanc Upgrades Charter Communications On Price Hike, Broadband Potential",2.651975676417351,CHARTER COMMUNICATIONS INC NEW,0.5424126517027617,-1.0661173936264534,2.88272386578714,1.4412692748010159,2.7292917504057046,1.1040519424530437
2019-10-04,12308.0,"Citigroup Maintains Buy on Charter Communications, Raises Price Target to $483",2.651975676417351,CHARTER COMMUNICATIONS INC NEW,0.5424126517027617,-1.0661173936264534,2.88272386578714,1.4412692748010159,2.7292917504057046,1.1040519424530437
2019-10-04,12308.0,"KeyBanc Upgrades Charter Communications to Overweight, Announces $515 Price Target",2.651975676417351,CHARTER COMMUNICATIONS INC NEW,0.5424126517027617,-1.0661173936264534,2.88272386578714,1.4412692748010159,2.7292917504057046,1.1040519424530437
2019-10-14,92110.0,"""Nuclear Verdict"" Kills 540 Truck Carrier",0.381675991229713,CALAMOS GLOBAL DYNAMIC INCOME FD,-0.3802247578278184,0.7604555605203345,2.281366704674781,0.2528481185436249,0.37974730762979636,1.797178093380647
2019-10-31,64186.0,Cigna Expects In 2020 To Grow Earnings 10% To 13% Over 2019,1.1448674835264678,CIGNA GROUP,0.5883602891117334,3.855199681911725,6.298324431744118,-0.8652620017528534,0.9439951345160846,2.886463824893859
2019-10-31,64186.0,Cigna Says On Track To Deliver 2021 EPS Target Of $20 To $21 Per Share And Cash Flow From Operations Of At Least $8.5B,1.1448674835264678,CIGNA GROUP,0.5883602891117334,3.855199681911725,6.298324431744118,-0.8652620017528534,0.9439951345160846,2.886463824893859
2019-10-31,64186.0,Cigna Raises FY19 Adj. EPS Guidance From $16.60-$16.90 To $16.80-$17 vs $16.80 Estimate,1.1448674835264678,CIGNA GROUP,0.5883602891117334,3.855199681911725,6.298324431744118,-0.8652620017528534,0.9439951345160846,2.886463824893859
2019-10-31,64186.0,"Cigna Q3 Adj. EPS $4.54 Beats $4.36 Estimate, Sales $38.556B Beat $34.2B Estimate",1.1448674835264678,CIGNA GROUP,0.5883602891117334,3.855199681911725,6.298324431744118,-0.8652620017528534,0.9439951345160846,2.886463824893859
2019-10-18,64186.0,"UPDATE: Mizuho On Cigna Also Notes 'In the near-term, we think earnings will be a catalyst to drive multiple expansion if CI meets its guidance for Express Scripts'",1.280573289841413,CIGNA GROUP,-0.08389225113205612,2.762464523741892,7.568306314052009,2.0437251776456833,2.8783719415879983,8.701677250282746
2019-10-18,64186.0,"UPDATE: Mizhuo Initiates Cigna With Buy, $180 Target As Firm Thinks 'Cigna and Express Scripts combined create revenue synergies that support the company's 2021 adjusted EPS outlook of $21.00-22.00 and the long-term EPS CAGR of +10-13%'",1.280573289841413,CIGNA GROUP,-0.08389225113205612,2.762464523741892,7.568306314052009,2.0437251776456833,2.8783719415879983,8.701677250282746
2019-10-18,64186.0,"Mizuho Initiates Coverage On Cigna with Buy Rating, Announces $180 Price Target",1.280573289841413,CIGNA GROUP,-0.08389225113205612,2.762464523741892,7.568306314052009,2.0437251776456833,2.8783719415879983,8.701677250282746
2019-10-01,64186.0,Cigna Announces Medicare Advantage Expansion To Additional STates And Counties,-0.8959751576185226,CIGNA GROUP,-0.7910571061074734,-2.153819209869068,6.46813244633575,1.5453556552529335,1.335202690658277,-2.2097717644258386
2019-10-03,84519.0,"Ciena Reports Will Purchase Centina, No Terms Disclosed",1.9565250724554057,CIENA CORP,0.23987246677279472,-0.7196173193758981,1.4125767077624918,0.8495410904288292,-6.19424009632048,-6.456535229026439
2019-10-25,23473.0,"MKM Partners Maintains Buy on Cincinnati Financial, Raises Price Target to $135",-3.1404487788677224,CINCINNATI FINANCIAL CORP,-0.8240018971264362,0.4030425861015319,-2.642189381766258,1.1495240032672882,1.6669601584561988,-0.6635680603494509
2019-10-24,23473.0,"Cincinnati Financial Q3 Adj. EPS $1.08 Beats $0.89 Estimate, Sales $1.7B Beat $1.54B Estimate",1.149524003267288,CINCINNATI FINANCIAL CORP,-3.1404487788677216,-1.787106477064293,-5.413375593046455,0.5115556996315718,-1.7924869953497402,-1.520914469930168
2019-10-02,14559.0,City Office REIT shares are trading lower after the company reported a 6 million common stock offering.,0.8415139280259609,CITY OFFICE REIT INC,-2.3643961176276207,-5.285119832819307,-6.1556118555434525,-0.9034059010446072,-0.7654812536486144,-1.1781016630953545
2019-10-02,14559.0,City Office REIT Reports 6M Share Common Stock Offering,0.8415139280259609,CITY OFFICE REIT INC,-2.3643961176276207,-5.285119832819307,-6.1556118555434525,-0.9034059010446072,-0.7654812536486144,-1.1781016630953545
2019-10-02,87268.0,"CIRCOR Reports Will Sell Its Distributed Valves Business, No Terms Disclosed",-2.125916630029678,CIRCOR INTERNATIONAL INC,-0.8075769990682602,1.5037620301930232,1.893624033145036,-2.290281280875206,-1.8721603977507772,-2.10779329465548
2019-10-30,85903.0,"Compx International Q3 EPS $0.31 Down From $0.32 YoY, Sales $30M, Same YoY",-1.550907269120216,COMPX INTERNATIONAL INC,0.4109552130103111,-5.0742821056104503e-08,-4.657536209787794,1.0906601324677467,-4.075033132851392,-6.257900164889607
2019-10-21,85903.0,"CI Financial's WealthBar Financial Services Unit Acquires Snap Projections, No Terms Disclosed",0.5882362835109234,COMPX INTERNATIONAL INC,0.5198175553232431,-4.678364327258844,-5.133203262247243,4.938273504376411,6.993007030230913,6.397775314329857
2019-10-24,87269.0,Citizens Holding Q3 EPS $0.27 Down From $0.31 YoY,2.27550845593214,CITIZENS HOLDING CO,0.0,8.908080939562524e-08,2.0712893759897044,-1.9198447465896606,-2.504769377045335,-1.9904121309283873
2019-10-21,18729.0,Colgate-Palmolive Option Alert: Nov 1 $67 Calls Sweep (18) above Ask!: 568 @ $1.622 vs 1138 OI; Earnings 11/1 Before Open Ref=$68.02,0.3968900069594383,COLGATE PALMOLIVE CO,-1.1859523132443428,-0.7586310840088872,-3.6172464212346322,-0.07344749174080789,0.2652915361863517,-0.5409397114567227
2019-10-16,18729.0,"Berenberg Reinstates Sell on Colgate-Palmolive, Announces $58 Price Target",-0.8040980435907841,COLGATE PALMOLIVE CO,0.3389880061149597,0.18140061481859426,1.7240234371141083,-1.4551247470080853,-2.9924841390135626,-3.3488699249852982
2019-10-14,18729.0,"JP Morgan Maintains Neutral on Colgate-Palmolive, Lowers Price Target to $76",-1.56006021425128,COLGATE PALMOLIVE CO,-1.4551247470080853,-1.5991940436736019,-2.3456931445735463,-0.3673795610666275,-0.1698925635625792,-0.24051805611255972
2019-10-01,18729.0,"Colgate-Palmolive shares are trading lower im sympathy with the broader market following weak PMI results,",-2.421437576413155,COLGATE PALMOLIVE CO,-1.686890609562397,-1.4638267812534078,-4.642411318143703,0.3412503283470869,1.086359896006095,1.7580347997492085
2019-10-23,82656.0,"Core Laboratories Q3 Adj. EPS $0.5 Beats $0.49 Estimate, Sales $173.2M Beat $171.79M Estimate",3.4971635788679123,CORE LABORATORIES INC,0.9132455103099346,0.6849294894778257,7.077630634709364,0.6181605160236359,4.77841142783304,0.5942479195114148
2019-10-18,82656.0,"Citigroup Maintains Neutral on Core Laboratories, Lowers Price Target to $44",-3.9933450520038596,CORE LABORATORIES INC,4.134691879153252,9.532068498573443,15.325582083518153,-2.2252820432186127,-4.33221008430823,-3.356006473540629
2019-10-07,82656.0,"Morgan Stanley Maintains Equal-Weight on Core Laboratories, Lowers Price Target to $55",-0.5724754184484482,CORE LABORATORIES INC,-1.9115570932626724,1.566099189759984,-1.8657934857789216,-3.3207882195711136,0.4369792520440674,-0.6370936108387237
2019-10-31,93314.0,Chatham Lodging Q3 AFFO $0.60 Down From $0.61 YoY,0.2777735469862819,CHATHAM LODGING TRUST,1.3296492397785187,1.1080375275466237,-0.6648141239589456,1.9133344292640686,1.3430282400221927,1.116695420977365
2019-10-24,27422.0,"B. Riley Maintains Buy on Cleveland-Cliffs, Lowers Price Target to $12",5.7692285627126685,CLEVELAND CLIFFS INC NEW,0.0,1.1188800387647913,2.9370632898814364,-5.322123691439629,-3.290408200539008,-2.3121362379683985
2019-10-23,27422.0,"Cleveland-Cliffs Q3 EPS $0.33 Beats $0.26 Estimate, Sales $555.6M Beat $552.28M Estimate",-5.3221236914396295,CLEVELAND CLIFFS INC NEW,5.769228562712669,8.431947868997547,8.284022348618025,2.1459242329001427,3.1791877583539296,1.854488451160874
2019-10-14,27422.0,Cleveland-Cliffs shares are trading lower after competitive Chinese steel mills ordered a high amount of Iron ore in September.,-5.905509367585182,CLEVELAND CLIFFS INC NEW,2.3709911853075027,-2.510464381221267,3.207810882864215,4.526747763156891,8.392598137897789,6.424581601002011
2019-10-03,27422.0,Cleveland-Cliffs shares are trading higher despite no company-specific news. This could potentially be a rebound after the stock dropped approximately 20% over the last 13 trading sessions.,8.82352888584137,CLEVELAND CLIFFS INC NEW,1.0958893224596977,-0.1369893242196385,-3.972602097794964,-5.160388723015785,-5.81716900657554,-4.628329747230087
2019-10-01,27422.0,"B. Riley Maintains Buy on Cleveland-Cliffs, Lowers Price Target to $13",-0.6925168447196484,CLEVELAND CLIFFS INC NEW,-5.160388723015785,1.2284790757628006,3.7733333449516016,1.262267492711544,-2.3004071601234077,-4.749342373563414
2019-10-18,13369.0,"ClearSign Wins Purchase Order From ExxonMobil To Perform Daily Engineering, Installation Planning, No Terms Disclosed",20.95238417387009,CLEARSIGN TECHNOLOGIES CORP,-11.811021715402603,-13.38582368212522,-21.259841033898663,-0.9433954022824764,-6.250004807952836,-10.064245529903582
2019-10-28,91076.0,Calumet Specialty Products Partners Announces Keith Jennings EVP and CFO,1.529904454946518,CALUMET SPECIALTY PRODS PTNRS LP,2.4657510221004486,-4.931508749429425,3.013695180371001,-0.1388854463584721,1.2676077965808386,3.0085966016658583
2019-10-30,14862.0,Cellectar Highlights Presentation Of New Phospholipid Drug Conjugate At AACR-NCI-EORTC Conference,-1.2738917022943501,CELLECTAR BIOSCIENCES INC,-4.516124725341797,-8.387096483115942,-27.74193245865433,0.0,-0.17167744226753712,-0.6329107685162483
2019-10-24,86115.0,"Celestica Sees Q4 Adj. EPS $0.12-$0.18 vs $0.15 Estimate, Sales $1.425B-$1.525B vs $1.49B Est.",2.84006055444479,CELESTICA INC,-6.540701538324356,4.941855517350779,14.534883377072894,-0.7418355438858271,-1.906160011254232,0.4504535648723884
2019-10-24,86115.0,"Celestica Q3 Adj. EPS $0.13 Beats $0.12 Estimate, Sales $1.52B Beat $1.44B Estimate",2.84006055444479,CELESTICA INC,-6.540701538324356,4.941855517350779,14.534883377072894,-0.7418355438858271,-1.906160011254232,0.4504535648723884
2019-10-25,92854.0,Mid-Day Market Update: Markets Up; Real Estate Plunges,3.351355716586113,CLEARWATER PAPER CORP,-1.3075313530862331,-3.1903796638225734,11.924678919346988,-1.0695227421820164,-0.21575465288199425,1.0929003891554157
2019-10-24,92854.0,Clearwater Paper shares are trading higher after the company reported better-than-expected Q3 sales results.,-1.069522742182016,CLEARWATER PAPER CORP,3.351355716586113,0.21622095509366002,11.513508361883297,0.8629980497062206,2.1858007676462066,4.469280188361657
2019-10-24,92854.0,"Clearwater Paper Q3 Adj. EPS $(0.5) Misses $(0.32) Estimate, Sales $445.188M Beat $436.09M Estimate",-1.069522742182016,CLEARWATER PAPER CORP,3.351355716586113,0.21622095509366002,11.513508361883297,0.8629980497062206,2.1858007676462066,4.469280188361657
2019-10-31,46578.0,"Clorox Reaffirms FY20 Guidance: Sales Down Low Single Digits To Up 1%, EPS $6.05-$6.25 vs $6.19 Estimate",-2.06233449280262,CLOROX CO,-0.4401172511279583,-0.45365170461265647,-0.9547049337842561,0.8965584449470043,0.7292579329361004,0.31011399036193765
2019-10-31,46578.0,"Clorox Q1 EPS $1.59 Beats $1.54 Estimate, Sales $1.506B Miss $1.51B Estimate",-2.06233449280262,CLOROX CO,-0.4401172511279583,-0.45365170461265647,-0.9547049337842561,0.8965584449470043,0.7292579329361004,0.31011399036193765
2019-10-03,46578.0,'Share Weakness Across Key Categories': Analysts Weigh In On Clorox's Investor Day,-1.560094859451056,CLOROX CO,2.9655832797288895,2.5370668517081807,1.6188202851780575,-1.275775209069252,-1.6593067329981226,-2.181023538531457
2019-10-03,46578.0,"UPDATE: Credit Suisse On Clorox Also Notes 'Importantly, outlook for U.S., the largest area of concern, has not changed'",-1.560094859451056,CLOROX CO,2.9655832797288895,2.5370668517081807,1.6188202851780575,-1.275775209069252,-1.6593067329981226,-2.181023538531457
2019-10-03,46578.0,"UPDATE: Credit Suisse Maintains Outperform On Clorox, Lowers Target To $168 As Firm Notes 'Bears will point to decline in guide and worse F/x, but we believe meeting effectively reset forecasts and benchmarked expectations'",-1.560094859451056,CLOROX CO,2.9655832797288895,2.5370668517081807,1.6188202851780575,-1.275775209069252,-1.6593067329981226,-2.181023538531457
2019-10-03,46578.0,"UPDATE: Deutsche Bank Maintains Hold On Clorox, Raises Target To $145 As Firm Notes 'Analyst Day Takeaways – ST & LT Guidance Cut, Stock Outperforms?; Firm Still Expects Shares 'to drift lower as Street numbers are presumably revised downward'",-1.560094859451056,CLOROX CO,2.9655832797288895,2.5370668517081807,1.6188202851780575,-1.275775209069252,-1.6593067329981226,-2.181023538531457
2019-10-03,46578.0,"Bank of America Maintains Neutral on Clorox, Lowers Price Target to $160",-1.560094859451056,CLOROX CO,2.9655832797288895,2.5370668517081807,1.6188202851780575,-1.275775209069252,-1.6593067329981226,-2.181023538531457
2019-10-03,46578.0,"UBS Maintains Sell on Clorox, Lowers Price Target to $125",-1.560094859451056,CLOROX CO,2.9655832797288895,2.5370668517081807,1.6188202851780575,-1.275775209069252,-1.6593067329981226,-2.181023538531457
2019-10-03,46578.0,"Deutsche Bank Maintains Hold on Clorox, Lowers Price Target to $145",-1.560094859451056,CLOROX CO,2.9655832797288895,2.5370668517081807,1.6188202851780575,-1.275775209069252,-1.6593067329981226,-2.181023538531457
2019-10-03,46578.0,"Credit Suisse Maintains Outperform on Clorox, Lowers Price Target to $168",-1.560094859451056,CLOROX CO,2.9655832797288895,2.5370668517081807,1.6188202851780575,-1.275775209069252,-1.6593067329981226,-2.181023538531457
2019-10-03,46578.0,"Citigroup Maintains Neutral on Clorox, Lowers Price Target to $163",-1.560094859451056,CLOROX CO,2.9655832797288895,2.5370668517081807,1.6188202851780575,-1.275775209069252,-1.6593067329981226,-2.181023538531457
2019-10-02,46578.0,Clorox Cuts FY20 Gross Margin Sales Guidance From Flat To Down Slightly,-1.275775209069252,CLOROX CO,-1.5600948594510555,0.508868157649367,-0.5624449204726156,-0.38848775438964367,-0.9169465056618642,0.4581994387577337
2019-10-02,46578.0,"Clorox Sets Long-Term Financial Goals: Net Sales Growth 2-4%, EBIT Margin 25-50 Basis Points, Free Cash Flow Of 11-13% Of Sales",-1.275775209069252,CLOROX CO,-1.5600948594510555,0.508868157649367,-0.5624449204726156,-0.38848775438964367,-0.9169465056618642,0.4581994387577337
2019-10-02,46578.0,Clorox Cuts FY20 Guidance From $6.30-$6.50 To $6.05-$6.25 vs $6.37 Est.; Revised Guidance Reflects Revised Foreign Currency Asusmptions,-1.275775209069252,CLOROX CO,-1.5600948594510555,0.508868157649367,-0.5624449204726156,-0.38848775438964367,-0.9169465056618642,0.4581994387577337
2019-10-02,46578.0,"UPDATE: Clorox Cuts FY20 EPS Guidance From $6.30-$6.50 To $6.05-$6.25 vs $6.37 Estimate, Sales From Flat To Up 2% To Down In Low Single Digit Range",-1.275775209069252,CLOROX CO,-1.5600948594510555,0.508868157649367,-0.5624449204726156,-0.38848775438964367,-0.9169465056618642,0.4581994387577337
2019-10-02,46578.0,"Clorox Shares Make Parabolic Move, Dip To Session Low, Quickly Rebound; Hearing Co. Cut FY20 Guidance At Investor Day",-1.275775209069252,CLOROX CO,-1.5600948594510555,0.508868157649367,-0.5624449204726156,-0.38848775438964367,-0.9169465056618642,0.4581994387577337
2019-10-22,25081.0,"Morgan Stanley Maintains Overweight on Comerica, Lowers Price Target to $77",0.5647917743772268,COMERICA INC,-0.16697117825970054,1.6697118717939885,8.029752680027347,0.09168096585199237,1.4243781710323145,0.03054553210055655
2019-10-21,25081.0,"UBS Maintains Neutral on Comerica, Lowers Price Target to $68",0.09168096585199237,COMERICA INC,0.5647917743772268,1.4196310357031061,6.9912898468190265,1.3314764946699142,-0.06107943553500528,-2.31343737388654
2019-10-18,25081.0,Argus Research Downgrades Comerica to Hold,1.331476494669914,COMERICA INC,0.09168096585199237,0.21390286100395617,3.315516841048205,-1.3742580078542233,-3.5970203875872464,-1.0266713991082033
2019-10-17,25081.0,"UPDATE: JP Morgan Downgrades Comerica To Underweight, Lowers Target To $65 As Firm Notes 'While shares are cheap on the surface, given a lack of catalysts, we see CMA shares as a value trap rather than value'",-1.374258007854223,COMERICA INC,1.3314764946699142,0.10838728852184953,1.2850314892558057,-2.2537345066666603,0.3524299049366908,0.19889426117831732
2019-10-17,25081.0,"DA Davidson Maintains Neutral on Comerica, Lowers Price Target to $73",-1.374258007854223,COMERICA INC,1.3314764946699142,0.10838728852184953,1.2850314892558057,-2.2537345066666603,0.3524299049366908,0.19889426117831732
2019-10-17,25081.0,"Piper Jaffray Downgrades Comerica to Neutral, Lowers Price Target to $72.5",-1.374258007854223,COMERICA INC,1.3314764946699142,0.10838728852184953,1.2850314892558057,-2.2537345066666603,0.3524299049366908,0.19889426117831732
2019-10-17,25081.0,"JP Morgan Downgrades Comerica to Underweight, Lowers Price Target to $65",-1.374258007854223,COMERICA INC,1.3314764946699142,0.10838728852184953,1.2850314892558057,-2.2537345066666603,0.3524299049366908,0.19889426117831732
2019-10-16,25081.0,Comerica shares are trading lower after the company reported Q3 earnings.,-2.25373450666666,COMERICA INC,-1.3742580078542233,0.42754431709914886,1.572757388033308,2.6662547141313553,2.509179000820505,4.917004914589351
2019-10-16,25081.0,Comerica Q3 EPS $1.96 Beats $1.9 Estimate,-2.25373450666666,COMERICA INC,-1.3742580078542233,0.42754431709914886,1.572757388033308,2.6662547141313553,2.509179000820505,4.917004914589351
2019-10-09,25081.0,"Citigroup Maintains Sell on Comerica, Lowers Price Target to $54",0.4171318840235472,COMERICA INC,2.0290788263082504,4.633324304920805,5.080678136778416,-2.6550007984042168,-2.472223518236094,-1.7186950634311082
2019-10-04,25081.0,"B. Riley Maintains Neutral on Comerica, Lowers Price Target to $65",0.7726295851171017,COMERICA INC,0.18776237266138196,2.2688165624320966,2.4096339139354717,0.3004881087690592,-0.9836141491807782,-3.894529200839325
2019-10-03,25081.0,"Morgan Stanley Maintains Overweight on Comerica, Lowers Price Target to $80",0.3004881087690592,COMERICA INC,0.7726295851171017,0.6937912096891097,1.8448409256062392,-1.2802552431821823,-4.182449546067191,-3.8911709653294047
2019-10-23,30680.0,"Commercial Metals Q4 EPS $0.76 Beats $0.7 Estimate, Sales $1.5B Miss $1.57B Estimate",1.16402767598629,COMMERCIAL METALS CO,-0.6276194471865892,1.4121262691380698,5.2871636395030785,2.328101359307766,0.8537879230486212,1.3404826573789164
2019-10-28,89525.0,Bank Of America Is Bullish On Roku,-0.46002822928130627,COMCAST CORP NEW,-0.19806372001767159,-3.411090106650483,-0.4181309362355057,1.8064258620142937,-0.1531052894055196,-0.26217822841713145
2019-10-24,89525.0,Comcast shares are trading higher after the company reported better-than-expected Q3 EPS and sales results.,-1.924761757254601,COMCAST CORP NEW,1.8064258620142937,-0.04460412261104718,-0.312220059017565,-0.1092401915229857,-0.7812513130844634,0.32916726785556794
2019-10-24,89525.0,"Comcast Q3 Adj. EPS $0.79 Beats $0.74 Estimate, Sales $26.827B Beat $26.79B Estimate",-1.924761757254601,COMCAST CORP NEW,1.8064258620142937,-0.04460412261104718,-0.312220059017565,-0.1092401915229857,-0.7812513130844634,0.32916726785556794
2019-10-22,89525.0,DoJ Considers Investigation into Comcast's Plan to Charge Extra for Starz Channel,-0.67274603061378,COMCAST CORP NEW,-0.1092401915229857,-0.9176360437123887,-3.2554113274226526,1.1191620491445065,0.3265872709913964,1.052639002581368
2019-10-16,89525.0,Starz Alerts Comcast Xfinity Customers Of Pending Loss Of Starz Channels,-0.1532728201709688,COMCAST CORP NEW,0.7236882578581572,0.263163933467192,-1.9956138864058226,0.9728026576340199,0.26344443956676233,2.629209309491176
2019-10-16,89525.0,"UPDATE: Bernstein Initiates Comcast With Market Perform, $50 Target As Firm Notes 'Despite our bullishness on the Xfinity cable business, caution on NBCU's broadcast and cable network segments leaves us waiting for a ""juicier pitch"" in CMCSA'",-0.1532728201709688,COMCAST CORP NEW,0.7236882578581572,0.263163933467192,-1.9956138864058226,0.9728026576340199,0.26344443956676233,2.629209309491176
2019-10-16,89525.0,Comcast Business Has Signed An Access Agreement With Canadian Network Service Provider Itel Networks,-0.1532728201709688,COMCAST CORP NEW,0.7236882578581572,0.263163933467192,-1.9956138864058226,0.9728026576340199,0.26344443956676233,2.629209309491176
2019-10-16,89525.0,"Epix, The Pay TV Network Owned By Metro-Goldwyn-Mayer, Says It Has Expanded Its Existing Carriage Agreement With Comcast",-0.1532728201709688,COMCAST CORP NEW,0.7236882578581572,0.263163933467192,-1.9956138864058226,0.9728026576340199,0.26344443956676233,2.629209309491176
2019-10-16,89525.0,"Bernstein Initiates Coverage On Comcast with Market Perform Rating, Announces $50 Price Target",-0.1532728201709688,COMCAST CORP NEW,0.7236882578581572,0.263163933467192,-1.9956138864058226,0.9728026576340199,0.26344443956676233,2.629209309491176
2019-10-15,89525.0,"Morgan Stanley On Comcast Also Notes 'This remains the recipe heading into '20, and incremental services like Xfinity Mobile and the OTT-first Flex product reinforce Comcast's strength in broadband'",0.9728026576340199,COMCAST CORP NEW,-0.15327282017096877,0.21896714616658208,-0.7006782190029259,-0.7025240454822779,1.6404483269356174,1.9152735784959463
2019-10-15,89525.0,"Morgan Stanley Reiterates Overweight, $51 Target On Comcast As Firm Notes Co's 'Investment in connectivity has contributed to healthy broadband net additions, margin expansion, and falling capital intensity at Cable'",0.9728026576340199,COMCAST CORP NEW,-0.15327282017096877,0.21896714616658208,-0.7006782190029259,-0.7025240454822779,1.6404483269356174,1.9152735784959463
2019-10-15,89525.0,NBC Extends Deal To Be Exclusive Seller Of Ads In Apple Stocks And Apple News -Axios,0.9728026576340199,COMCAST CORP NEW,-0.15327282017096877,0.21896714616658208,-0.7006782190029259,-0.7025240454822779,1.6404483269356174,1.9152735784959463
2019-10-09,89525.0,"Roku 'Will Find A Ready Market Abroad,' Macquarie Says In Upgrade",0.6121071055531502,COMCAST CORP NEW,0.2703896490857005,2.74898005480102,3.0193783123106943,-1.076473481953144,-1.3419782335723274,0.11347990549122056
2019-10-07,89525.0,"NBC Universal Says Matt Strauss To Oversee 'Peacock', The Company's Streaming Platform Launching In 2020",-0.2683939412236214,COMCAST CORP NEW,-1.076473481953144,1.4352979442639802,3.3415601310752496,1.4752557501196861,1.49829705188953,0.4267713472177581
2019-10-04,89525.0,"Citigroup Maintains Buy on Comcast, Raises Price Target to $56",1.475255750119686,COMCAST CORP NEW,-0.26839394122362137,1.8787746394039795,1.9235084195295293,0.022706325398758054,-1.0332414490127562,-1.8016199134375022
2019-10-14,80014.0,CIM Group Acquires 2.47M Shares of CIM Commercial Trust for $47.3M,1.658602431416512,CREATIVE MEDIA & COM TR CORP,0.13595855562016368,-1.2236594747328633,-3.0188207489345587e-08,0.836236122995615,-0.8224804242193517,-0.8224804242193517
2019-10-31,89626.0,"Wells Fargo Maintains Market Perform on CME Group, Raises Price Target to $205",0.380542897619307,C M E GROUP INC,-2.0607560873031616,-3.2806804922176247,0.14580944902007342,1.9751250743865967,2.1479107270593767,2.24982267797853
2019-10-31,89626.0,"UBS Maintains Neutral on CME Group, Lowers Price Target to $218",0.380542897619307,C M E GROUP INC,-2.0607560873031616,-3.2806804922176247,0.14580944902007342,1.9751250743865967,2.1479107270593767,2.24982267797853
2019-10-30,89626.0,CME shares are trading higher after the company reported better-than-expected Q3 EPS and sales results.,1.9751250743865971,C M E GROUP INC,0.38054289761930704,-3.1126530478170045,-0.17075972947993012,0.169439020100981,0.2693770695466835,-1.1070110493387575
2019-10-30,89626.0,"CME Group Q3 EPS $1.90 Beats $1.76 Estimate, Sales $1.277B Beat $1.26B Estimate",1.9751250743865971,C M E GROUP INC,0.38054289761930704,-3.1126530478170045,-0.17075972947993012,0.169439020100981,0.2693770695466835,-1.1070110493387575
2019-10-25,89626.0,NYSE's Bakkt To Launch Options For Bitcoin Futures This Year,-1.37269040569663,C M E GROUP INC,0.09976900182664394,0.5237891775221382,-1.142376728444816,0.5043783225119114,0.6088484700914831,-1.3684706312029449
2019-10-21,89626.0,CME Group shares are trading lower. Not seeing any news to justify the price action.,-3.3306706696748725,C M E GROUP INC,-1.9653530791401863,-2.6253232575462415,-4.39171296481261,0.0751155661419034,0.547145729762577,0.28225564013426574
2019-10-21,89626.0,"Citigroup Maintains Buy on CME Group, Raises Price Target to $240",-3.3306706696748725,C M E GROUP INC,-1.9653530791401863,-2.6253232575462415,-4.39171296481261,0.0751155661419034,0.547145729762577,0.28225564013426574
2019-10-14,89626.0,CME Group Reports Will Offer Real-Time Market Data Via Google Cloud Platform,-0.2255300991237164,C M E GROUP INC,0.10360311716794968,-2.957380910922003,-5.505063359599582,-1.4173873700201511,-1.0691223930750615,0.32525801937794974
2019-10-03,89626.0,"UBS Maintains Neutral on CME Group, Raises Price Target to $220",0.7650097832083702,C M E GROUP INC,3.1466417014598846,3.084566123640342,1.7094025842189442,-1.3667449355125427,-1.6560992404015762,-2.8285582453676184
2019-10-02,89626.0,"Global Commodity Tech Association Aims To Reduce Industry Costs, Increase Efficiency",-1.3667449355125432,C M E GROUP INC,0.7650097832083702,3.5075098690707796,2.0063501335245704,-0.29336384031921625,-1.4820694185742056,-2.43992973598417
2019-10-31,91068.0,"Here's How You Can Show Up At Chipotle In A Halloween Costume And Earn Cheap Food, Rewards",0.3404107643291354,CHIPOTLE MEXICAN GRILL INC,-1.224679872393608,-5.245701272507852,-3.721594951380336,1.5317760407924652,-0.9059386237191935,-1.567514441711626
2019-10-23,91068.0,"UBS Maintains Sell on Chipotle Mexican Grill, Raises Price Target to $690",-5.159614235162735,CHIPOTLE MEXICAN GRILL INC,1.2877636589109898,-1.6074782938820142,-5.567186366351596,-2.403876557946205,-1.2371027684559,0.24123430443612204
2019-10-23,91068.0,The Street Debates What's Next For Chipotle,-5.159614235162735,CHIPOTLE MEXICAN GRILL INC,1.2877636589109898,-1.6074782938820142,-5.567186366351596,-2.403876557946205,-1.2371027684559,0.24123430443612204
2019-10-23,91068.0,UPDATE: Stephens On Chipotle Also Notes 'We also believe the earnings revision story may be slightly more difficult to write in coming quarters as compares become more difficult',-5.159614235162735,CHIPOTLE MEXICAN GRILL INC,1.2877636589109898,-1.6074782938820142,-5.567186366351596,-2.403876557946205,-1.2371027684559,0.24123430443612204
2019-10-23,91068.0,"UPDATE: Stephens Maintains Equal-Weight On Chipotle, Raises Target To $800 Notes 'Despite our positive outlook on CMG's fundamentals, we view the stock as somewhat range bound nearterm as investors digest an impressive sales and profit improvement'",-5.159614235162735,CHIPOTLE MEXICAN GRILL INC,1.2877636589109898,-1.6074782938820142,-5.567186366351596,-2.403876557946205,-1.2371027684559,0.24123430443612204
2019-10-23,91068.0,"UPDATE: Credit Suisse Maintains Outperform On Chipotle, Raises Target To $930 As Firm Notes 'Our confidence in ongoing SSS growth includes contributions from:'",-5.159614235162735,CHIPOTLE MEXICAN GRILL INC,1.2877636589109898,-1.6074782938820142,-5.567186366351596,-2.403876557946205,-1.2371027684559,0.24123430443612204
2019-10-23,91068.0,UPDATE: KeyBanc On Chipotle Notes Q3 SSS And Restaurant Margin Growth 'came as the Company spent fewer marketing dollars (2% vs. 3% expected for the year) and during what is typically a seasonally low period for delivery sales',-5.159614235162735,CHIPOTLE MEXICAN GRILL INC,1.2877636589109898,-1.6074782938820142,-5.567186366351596,-2.403876557946205,-1.2371027684559,0.24123430443612204
2019-10-23,91068.0,"UPDATE: KeyBanc Maintains Overweight On Chipotle, Raises Target To $900 Notes Co's 'Digital initiatives continue to support industry-leading SSS growth' As 'traffic increased 7.5% (cons. 6%) and Chipotle saw an ~88% y/y increase in digital sales'",-5.159614235162735,CHIPOTLE MEXICAN GRILL INC,1.2877636589109898,-1.6074782938820142,-5.567186366351596,-2.403876557946205,-1.2371027684559,0.24123430443612204
2019-10-23,91068.0,"UPDATE: Morgan Stanley On Chipotle Also Notes 'But compares get more difficult from here on in, and even if one assumes a more bullish ~$20 in EPS in the coming year, we wonder if valuation will finally start to matter'",-5.159614235162735,CHIPOTLE MEXICAN GRILL INC,1.2877636589109898,-1.6074782938820142,-5.567186366351596,-2.403876557946205,-1.2371027684559,0.24123430443612204
2019-10-23,91068.0,"UPDATE: Morgan Stanley Maintains Equal-Weight On Chipotle, Raises Target To $797 As Firm Notes Co's 'solid top to bottom beat, with strong 4Q-to-date trends and plenty of longer term drivers'",-5.159614235162735,CHIPOTLE MEXICAN GRILL INC,1.2877636589109898,-1.6074782938820142,-5.567186366351596,-2.403876557946205,-1.2371027684559,0.24123430443612204
2019-10-23,91068.0,"Credit Suisse Maintains Outperform on Chipotle Mexican Grill, Raises Price Target to $930",-5.159614235162735,CHIPOTLE MEXICAN GRILL INC,1.2877636589109898,-1.6074782938820142,-5.567186366351596,-2.403876557946205,-1.2371027684559,0.24123430443612204
2019-10-23,91068.0,"JP Morgan Maintains Neutral on Chipotle Mexican Grill, Raises Price Target to $845",-5.159614235162735,CHIPOTLE MEXICAN GRILL INC,1.2877636589109898,-1.6074782938820142,-5.567186366351596,-2.403876557946205,-1.2371027684559,0.24123430443612204
2019-10-23,91068.0,"SunTrust Robinson Humphrey Maintains Buy on Chipotle Mexican Grill, Lowers Price Target to $900",-5.159614235162735,CHIPOTLE MEXICAN GRILL INC,1.2877636589109898,-1.6074782938820142,-5.567186366351596,-2.403876557946205,-1.2371027684559,0.24123430443612204
2019-10-23,91068.0,"Wells Fargo Maintains Market Perform on Chipotle Mexican Grill, Raises Price Target to $803",-5.159614235162735,CHIPOTLE MEXICAN GRILL INC,1.2877636589109898,-1.6074782938820142,-5.567186366351596,-2.403876557946205,-1.2371027684559,0.24123430443612204
2019-10-23,91068.0,"Morgan Stanley Maintains Equal-Weight on Chipotle Mexican Grill, Raises Price Target to $797",-5.159614235162735,CHIPOTLE MEXICAN GRILL INC,1.2877636589109898,-1.6074782938820142,-5.567186366351596,-2.403876557946205,-1.2371027684559,0.24123430443612204
2019-10-23,91068.0,"Barclays Maintains Equal-Weight on Chipotle Mexican Grill, Raises Price Target to $725",-5.159614235162735,CHIPOTLE MEXICAN GRILL INC,1.2877636589109898,-1.6074782938820142,-5.567186366351596,-2.403876557946205,-1.2371027684559,0.24123430443612204
2019-10-23,91068.0,"Stephens & Co. Maintains Equal-Weight on Chipotle Mexican Grill, Raises Price Target to $800",-5.159614235162735,CHIPOTLE MEXICAN GRILL INC,1.2877636589109898,-1.6074782938820142,-5.567186366351596,-2.403876557946205,-1.2371027684559,0.24123430443612204
2019-10-23,91068.0,"KeyBanc Maintains Overweight on Chipotle Mexican Grill, Raises Price Target to $900",-5.159614235162735,CHIPOTLE MEXICAN GRILL INC,1.2877636589109898,-1.6074782938820142,-5.567186366351596,-2.403876557946205,-1.2371027684559,0.24123430443612204
2019-10-22,91068.0,Chipotle Ticks Higher After Big Q3 Earnings Beat,-2.403876557946205,CHIPOTLE MEXICAN GRILL INC,-5.159614235162735,-8.091977912075532,-10.866713942496187,1.1955124326050282,2.7102622205612548,3.436377601536411
2019-10-22,91068.0,Chipotle Sees FY19 Comp Sales Guidance At Top End Of High Single Digit Range,-2.403876557946205,CHIPOTLE MEXICAN GRILL INC,-5.159614235162735,-8.091977912075532,-10.866713942496187,1.1955124326050282,2.7102622205612548,3.436377601536411
2019-10-22,91068.0,Chipotle Q3 Comps Up 11%,-2.403876557946205,CHIPOTLE MEXICAN GRILL INC,-5.159614235162735,-8.091977912075532,-10.866713942496187,1.1955124326050282,2.7102622205612548,3.436377601536411
2019-10-22,91068.0,"Chipotle Mexican Grill Q3 Adj. EPS $3.82 Beats $3.19 Estimate, Sales $1.404B Beat $1.38B Estimate",-2.403876557946205,CHIPOTLE MEXICAN GRILL INC,-5.159614235162735,-8.091977912075532,-10.866713942496187,1.1955124326050282,2.7102622205612548,3.436377601536411
2019-10-22,91068.0,Tuesday's Market Minute: How Far Can Chipotle Go?,-2.403876557946205,CHIPOTLE MEXICAN GRILL INC,-5.159614235162735,-8.091977912075532,-10.866713942496187,1.1955124326050282,2.7102622205612548,3.436377601536411
2019-10-21,91068.0,"BTIG Maintains Buy on Chipotle Mexican Grill, Raises Price Target to $890",1.195512432605028,CHIPOTLE MEXICAN GRILL INC,-2.403876557946205,-8.094745426239081,-11.716415301984062,1.496854703873396,2.214391839187324,1.7829052178595983
2019-10-18,91068.0,"Bank Of America Upgrades Chipotle On Stronger Comps, Margin Outlook",1.496854703873396,CHIPOTLE MEXICAN GRILL INC,1.1955124326050282,-6.370916371140501,-8.657363027877862,0.7069550454616547,0.28183189993498114,0.1135090343632239
2019-10-18,91068.0,"UPDATE: Suntrust On Chipotle Notes 'The primary driver to our higher estimates is the impact of CMG's 9/19 national launch of Carne Asada'; Firm Also Sees 'momentum with digital sales (+99% Y/Y in 2Q19) driven by delivery, mobile order', Chipotle Rewards",1.496854703873396,CHIPOTLE MEXICAN GRILL INC,1.1955124326050282,-6.370916371140501,-8.657363027877862,0.7069550454616547,0.28183189993498114,0.1135090343632239
2019-10-18,91068.0,"UPDATE: Suntrust Maintains Buy On Chipotle, Raises Tgt To $920 Ahead Of Earnings 10/22 Notes 'We are increasing our 3Q19, 4Q19, '19 SSS estimates to +10.0% each, from +9.5%, +7.5% and +9.2%, respectively, and our '20 estimate to +8.4%, from +7.0%'",1.496854703873396,CHIPOTLE MEXICAN GRILL INC,1.1955124326050282,-6.370916371140501,-8.657363027877862,0.7069550454616547,0.28183189993498114,0.1135090343632239
2019-10-18,91068.0,"Morgan Stanley Maintains Equal-Weight on Chipotle Mexican Grill, Raises Price Target to $746",1.496854703873396,CHIPOTLE MEXICAN GRILL INC,1.1955124326050282,-6.370916371140501,-8.657363027877862,0.7069550454616547,0.28183189993498114,0.1135090343632239
2019-10-18,91068.0,"UPDATE: Bank Of America On Chipotle Also Notes Co's 'Strong sales momentum (we model 10% 3Q / 9% 4Q SSS, aided by the launch of carne asada) and normalizing avocado prices alleviate our near-term EPS concerns (we move to $3.30 for 3Q vs $3.19 consensus)'",1.496854703873396,CHIPOTLE MEXICAN GRILL INC,1.1955124326050282,-6.370916371140501,-8.657363027877862,0.7069550454616547,0.28183189993498114,0.1135090343632239
2019-10-18,91068.0,"UPDATE: Bank Of America Upgrades Chipotle To Neutral, Raises Target To $850 Notes 'While we still struggle with the valuation upside, our expectations that CMG will deliver near-term EPS upside to consensus makes a correction in the multiple unlikely'",1.496854703873396,CHIPOTLE MEXICAN GRILL INC,1.1955124326050282,-6.370916371140501,-8.657363027877862,0.7069550454616547,0.28183189993498114,0.1135090343632239
2019-10-18,91068.0,"SunTrust Robinson Humphrey Maintains Buy on Chipotle Mexican Grill, Raises Price Target to $920",1.496854703873396,CHIPOTLE MEXICAN GRILL INC,1.1955124326050282,-6.370916371140501,-8.657363027877862,0.7069550454616547,0.28183189993498114,0.1135090343632239
2019-10-16,91068.0,"Baird Maintains Outperform, $925 Tgt On Chipotle As Firm Sees 'potential for Q3 comps to come in above estimates, and we remain bullish about the opportunity for internal sales drivers to fuel a continuation of solid momentum into Q4 and well into 2020'",-0.4221388138830662,CHIPOTLE MEXICAN GRILL INC,0.7069550454616547,-4.258730372846353,-5.797750500389909,-0.16784981125965714,-0.4347546660759871,-0.12201868371408686
2019-10-16,91068.0,"UPDATE: KeyBanc On Chipotle Also Notes 'Based on our analysis of Key First Look Data for credit/debit card transactions, we now assume 3Q SSS growth of 10% (vs. 7.5% prior), which is above consensus's 9%",-0.4221388138830662,CHIPOTLE MEXICAN GRILL INC,0.7069550454616547,-4.258730372846353,-5.797750500389909,-0.16784981125965714,-0.4347546660759871,-0.12201868371408686
2019-10-16,91068.0,"UPDATE: KeyBanc Maintains Overweight On Chipotle, Raises Target To $870 'to reflect strong sales momentum'",-0.4221388138830662,CHIPOTLE MEXICAN GRILL INC,0.7069550454616547,-4.258730372846353,-5.797750500389909,-0.16784981125965714,-0.4347546660759871,-0.12201868371408686
2019-10-16,91068.0,"KeyBanc Maintains Overweight on Chipotle Mexican Grill, Raises Price Target to $870",-0.4221388138830662,CHIPOTLE MEXICAN GRILL INC,0.7069550454616547,-4.258730372846353,-5.797750500389909,-0.16784981125965714,-0.4347546660759871,-0.12201868371408686
2019-10-10,91068.0,"Wells Fargo Maintains Market Perform on Chipotle Mexican Grill, Raises Price Target to $796",0.05560589488595724,CHIPOTLE MEXICAN GRILL INC,0.3141015535220504,0.15946932864632224,-3.5530019239083277,2.656719647347927,1.6127057179368798,0.407799812815246
2019-10-09,91068.0,"Gordon Haskett Upgrades Chipotle Mexican Grill to Hold, Raises Price Target to $740",2.656719647347927,CHIPOTLE MEXICAN GRILL INC,0.05560589488595724,-0.48833881171376214,-4.726272151263244,-1.0169952176511288,-2.190718583506568,-1.154187272434637
2019-10-01,91068.0,Cramer Is Bullish On Chipotle,-1.383742969483137,CHIPOTLE MEXICAN GRILL INC,-2.275474928319454,-2.7701392066897035,-0.2533707019522824,2.6427894830703735,2.8009788914600486,2.5939309016462575
2019-10-30,41080.0,Cummins Says Turbotechsnab Was Held To Have Infringed On Cummins' HOLSET Trademarks,-1.428409479558468,CUMMINS INC,-1.2085461057722569,3.894841289845763,4.244805722354172,-1.6163993626832962,-0.7842310426356303,0.9633486289536641
2019-10-30,41080.0,CFRA Downgrades Cummins to Hold,-1.428409479558468,CUMMINS INC,-1.2085461057722569,3.894841289845763,4.244805722354172,-1.6163993626832962,-0.7842310426356303,0.9633486289536641
2019-10-30,41080.0,"Wells Fargo Maintains Market Perform on Cummins, Raises Price Target to $180",-1.428409479558468,CUMMINS INC,-1.2085461057722569,3.894841289845763,4.244805722354172,-1.6163993626832962,-0.7842310426356303,0.9633486289536641
2019-10-30,41080.0,"Morgan Stanley Maintains Equal-Weight on Cummins, Raises Price Target to $174",-1.428409479558468,CUMMINS INC,-1.2085461057722569,3.894841289845763,4.244805722354172,-1.6163993626832962,-0.7842310426356303,0.9633486289536641
2019-10-29,41080.0,Cummins Sees Weaker Demand For Truck Engines And Components During Third Quarter,-1.6163993626832958,CUMMINS INC,-1.4284094795584679,1.5864937951639568,3.9351860133475913,0.8458404801785946,2.62213211848894,2.7627126791796686
2019-10-29,41080.0,Cummins shares are traidng lower after the company reported worse-than-expected Q3 sales results. The company also cut its FY19 EBITDA as percentage of sales from 16.25-16.75% To 15.9%-16.3%,-1.6163993626832958,CUMMINS INC,-1.4284094795584679,1.5864937951639568,3.9351860133475913,0.8458404801785946,2.62213211848894,2.7627126791796686
2019-10-29,41080.0,Cummins Cuts FY19 EBITDA As Percent Of Sales From 16.25-16.75% To 15.9%-16.3%,-1.6163993626832958,CUMMINS INC,-1.4284094795584679,1.5864937951639568,3.9351860133475913,0.8458404801785946,2.62213211848894,2.7627126791796686
2019-10-29,41080.0,"Cummins Q3 Adj. EPS $3.83, Inline, Sales $5.8B Miss $5.88B Estimate",-1.6163993626832958,CUMMINS INC,-1.4284094795584679,1.5864937951639568,3.9351860133475913,0.8458404801785946,2.62213211848894,2.7627126791796686
2019-10-24,41080.0,Cummins Presses Lawmakers On National Emissions Standard,0.1369885401800275,CUMMINS INC,1.7613930627703667,-1.6815807419648499,4.047202084498314,0.0513971084728837,2.2589276302602324,2.883488107594645
2019-10-23,12391.0,Costamare shares are trading higher after the company reported better-than-expected Q3 EPS and sales results.,3.682722896337509,COSTAMARE INC,-3.5519156605005264,9.152999827989937,3.961748133024834,3.065693937242031,4.570302691935257,3.963218792583456
2019-10-23,12391.0,"Costamare Q3 EPS $0.26 Beats $0.18 Estimate, Sales $123.6M Beat $115.69M Estimate",3.682722896337509,COSTAMARE INC,-3.5519156605005264,9.152999827989937,3.961748133024834,3.065693937242031,4.570302691935257,3.963218792583456
2019-10-24,23229.0,CME Energy Sees FY20 Adj. EPS $2.63-$2.68 vs $2.68 Est.; Reaffirms FY19 Adj. EPS Guidance Of $2.47-$2.51 vs $2.50 Est.,1.832826621830463,C M S ENERGY CORP,-1.2412652373313904,-0.22885761457616116,-6.331879632566595,-0.6904105190187693,-1.0320560279291735,-1.1248260993615977
2019-10-24,23229.0,"CMS Energy Q3 EPS $0.73 Beats $0.67 Estimate, Sales $1.546B Miss $1.64B Estimate",1.832826621830463,C M S ENERGY CORP,-1.2412652373313904,-0.22885761457616116,-6.331879632566595,-0.6904105190187693,-1.0320560279291735,-1.1248260993615977
2019-10-14,23229.0,"JP Morgan Maintains Overweight on CMS Energy, Lowers Price Target to $71",-0.62617645598948,C M S ENERGY CORP,-0.39382483810186386,0.7403925787979215,-1.5280422774030522,-0.6995192728936672,-1.1145470698535553,-0.3432096602998036
2019-10-30,26201.0,Comtech Telecom Wins $1.2M Added Funding From US Army,3.7970982491970062,COMTECH TELECOMMUNICATIONS CORP,1.0699794627726078,0.17350362657537755,4.366680711315429,0.9545412845909595,4.17448116289536,5.061493433847009
2019-10-29,26201.0,Comtech Telecom Wins $2.1M In Added Funding To Support State Of Maryland Dept. Of Human Services with IT Services,0.9545412845909595,COMTECH TELECOMMUNICATIONS CORP,3.7970982491970062,5.808198863392566,10.34068687192573,3.1894948333501816,4.0681202618498835,3.1894948541064894
2019-10-28,26201.0,Comtech Telecommunications Corp. Receives $2.2M Funding From US Army,3.1894948333501825,COMTECH TELECOMMUNICATIONS CORP,0.9545412845909595,6.818181804025758,9.090909154029747,0.8514679037034512,2.0114754306632676e-08,-0.5906081092818649
2019-10-23,26201.0,Comtech Telecom Wins $3M Added Funding From US Army,-0.5906081292778255,COMTECH TELECOMMUNICATIONS CORP,-0.8442791178822517,8.130088584991825,8.31769821010595,-0.031081840279512107,-0.5564151734957168,-0.12418787729187031
2019-10-21,26201.0,Comtech Telecom Wins $2.5M Contract To Support The City Of Baltimore,-0.5254966672509909,COMTECH TELECOMMUNICATIONS CORP,-0.031081840279512107,2.548165541852576,9.5400859051894,0.43464573100209236,2.7963113328506317,3.4537831651394235
2019-10-17,26201.0,Comtech Telecommunications Corp. Receives $1.6M Satellite Modem Order From European Ministry Of Defense,2.351445145905018,COMTECH TELECOMMUNICATIONS CORP,0.43464573100209236,-1.552312979815007,8.506680378218224,0.6395869888365269,1.890070302037028,1.187942734960945
2019-10-16,26201.0,Comtech Telecommunications Corp. Wins Multiple Orders Totaling $7M For High-Performance Transmission Amplifiers,0.6395869888365269,COMTECH TELECOMMUNICATIONS CORP,2.351445145905018,1.6205918140311137,9.882435949104785,1.2425362132489681,0.5448708232330457,2.0162617063862243
2019-10-15,26201.0,Comtech Telecom Wins Contract With $98.6M Ceiling Value To Provide Global Field Support Services For Military Satellite Communication Terminals,1.242536213248968,COMTECH TELECOMMUNICATIONS CORP,0.6395869888365269,2.8781506180532546,6.539808508863998,-0.6891030352562666,0.7642296628242784,0.0807543194799587
2019-10-14,26201.0,UPDATE: Comtech Telecom Wins $4.4M Contract Renewal From Key Fortune 500 Customer For Renewed Licensing Of Co.'s GPS-Enabled Navigation Platform,-0.6891030352562666,COMTECH TELECOMMUNICATIONS CORP,1.2425362132489681,4.1888327015727755,6.843736634932696,1.463417150080204,0.7751992764797322,0.8729403965770599
2019-10-14,26201.0,Contech Telecommunications Wins $4.4M Contract for Location and Mapping Services,-0.6891030352562666,COMTECH TELECOMMUNICATIONS CORP,1.2425362132489681,4.1888327015727755,6.843736634932696,1.463417150080204,0.7751992764797322,0.8729403965770599
2019-10-28,47626.0,CNA Financial Q3 EPS $0.37 Misses $1.00 Estimate,-2.775938250124454,C N A FINANCIAL CORP,1.336959283798933,1.2916376235474258,1.172821053454709,0.6207022350281477,-0.8302405036774929,-1.218719001720836
2019-10-30,89269.0,Centene shares are trading higher in sympathy with WellCare Health Plans after the company reported better-than-expected Q3 EPS and sales results.,8.274897187948227,CENTENE CORP DEL,-1.7764601856470108,-5.9400427810873735,2.424125711579328,2.6954760774970055,3.4833097396856028,4.764904415672366
2019-10-23,89269.0,"Deutsche Bank Maintains Buy on Centene, Lowers Price Target to $60",-0.7384628057479858,CENTENE CORP DEL,-1.5499070286750793,11.675969571850864,5.042369203088803,6.510813534259796,3.9889051392909547,3.3276801987116356
2019-10-23,89269.0,"Credit Suisse Maintains Neutral on Centene, Lowers Price Target to $57",-0.7384628057479858,CENTENE CORP DEL,-1.5499070286750793,11.675969571850864,5.042369203088803,6.510813534259796,3.9889051392909547,3.3276801987116356
2019-10-22,89269.0,Centene Elects General Lori J. Robinson To Board Of Directors,6.510813534259796,CENTENE CORP DEL,-0.7384628057479858,2.37948679940454,6.338461840257281,-2.3677486926317215,-2.988554147625866,0.5050496360609946
2019-10-22,89269.0,Centene shares are trading higher after the company reported better-than-expected Q3 EPS and sales results.,6.510813534259796,CENTENE CORP DEL,-0.7384628057479858,2.37948679940454,6.338461840257281,-2.3677486926317215,-2.988554147625866,0.5050496360609946
2019-10-22,89269.0,Centene Expects Revenue And Adjusted Diluted Earnings Per Share For 2020 To Be Consistent With Forecast Included In The Form S4 Filed In Conjunction With Wellcare Acquisition,6.510813534259796,CENTENE CORP DEL,-0.7384628057479858,2.37948679940454,6.338461840257281,-2.3677486926317215,-2.988554147625866,0.5050496360609946
2019-10-22,89269.0,From Centene Q3 Earnings Conference Call: May Be An Opportunity To Close WellCare Deal Earlier Than 2020,6.510813534259796,CENTENE CORP DEL,-0.7384628057479858,2.37948679940454,6.338461840257281,-2.3677486926317215,-2.988554147625866,0.5050496360609946
2019-10-22,89269.0,"Centene Sees FY19 Adj. EPS $4.29-$4.49 vs $4.41 Est., Sales $73.6B-$74.2B vs $74.37B Est.",6.510813534259796,CENTENE CORP DEL,-0.7384628057479858,2.37948679940454,6.338461840257281,-2.3677486926317215,-2.988554147625866,0.5050496360609946
2019-10-22,89269.0,"Centene Q3 Adj. EPS $0.96 Beats $0.95 Estimate, Sales $18.98B Beat $18.43B Estimate",6.510813534259796,CENTENE CORP DEL,-0.7384628057479858,2.37948679940454,6.338461840257281,-2.3677486926317215,-2.988554147625866,0.5050496360609946
2019-10-18,89269.0,"Centene, WellCare Report 5 Added State Insurance Dept. Approvals For Pending Merger",-0.6358610466122627,CENTENE CORP DEL,-2.3677486926317215,2.879689176676248,11.1988048700292,3.6012284457683563,4.357445983249542,7.471523290827031
2019-10-17,89269.0,Centene shares are trading higher after the company announced it has entered into a strategic partnership with Walgreens and RxAdvance to introduce an innovative model for pharmacy management.,3.6012284457683563,CENTENE CORP DEL,-0.6358610466122627,0.9749870905678248,12.505301735827178,0.7299310527741909,3.7357615378901254,2.8687608592002922
2019-10-17,89269.0,Centene Option Alert: Dec 20 $50 Calls Sweep (2) near the Ask: 6526 @ $1.5 vs 9321 OI; Earnings 10/22 Before Open Ref=$46.805,3.6012284457683563,CENTENE CORP DEL,-0.6358610466122627,0.9749870905678248,12.505301735827178,0.7299310527741909,3.7357615378901254,2.8687608592002922
2019-10-09,89269.0,"Centene SVP Edmund Kroll To Step Down Effective April 30, 2020",2.478955686092377,CENTENE CORP DEL,0.6161580327898264,3.9251510844628523,10.429026937106322,-2.41898987442255,-1.8590804518388127,-1.0872107520156327
2019-10-28,93274.0,ChinaNet Online Holdings Closes a $2.4M Private Placement,12.23021298646927,ZW DATA ACTION TECHNOLOGIES INC,-18.589742481708527,-10.25640915544922,-13.461534410575183,15.833327174186707,13.0265081319193,12.09677178612807
2019-10-14,93274.0,ChinaNet Online Names Centurion ZD CPA & Co. As Independent Registered Public Accounting Firm,-0.4016060382127762,ZW DATA ACTION TECHNOLOGIES INC,0.0,-4.240389150922397e-08,25.80644567318111,0.4032254219055176,-0.39999957805079145,-1.9685020317047441
2019-10-10,14144.0,CNH Industrial shares are trading higher after the company reported a buy-back program.,3.846155107021332,C N H INDUSTRIAL N V,4.580890014767647,5.555552594344659,5.555552677081743,1.5416298061609268,-0.30272181187396274,-0.5035265652566845
2019-10-31,84181.0,Alberta To Ease Oil Curtailment For Crude By Rail,-1.1393791995942588,CANADIAN NATIONAL RAILWAY CO,2.4392975494265556,6.087047806538415,4.285547775119691,0.8253377862274647,0.5561735417419778,1.6072837319056843
2019-10-29,84181.0,Illinois Senator Presses For Federal Help To Address Amtrak's On-Time Performance,-0.2669609151780605,CANADIAN NATIONAL RAILWAY CO,0.8253377862274647,4.505903488748753,3.870168885808045,1.0452965274453163,1.2957764089352786,0.4020556710733425
2019-10-29,84181.0,"Wells Fargo Initiates Coverage On Canadian National Railway with Market Perform Rating, Announces $88 Price Target",-0.2669609151780605,CANADIAN NATIONAL RAILWAY CO,0.8253377862274647,4.505903488748753,3.870168885808045,1.0452965274453163,1.2957764089352786,0.4020556710733425
2019-10-28,84181.0,Canadian Rail Union Eyes November Strike,1.0452965274453159,CANADIAN NATIONAL RAILWAY CO,-0.26696091517806053,3.170187320507334,4.1490496292187595,0.24788870941847563,-0.6365866383471475,-0.9573645550447374
2019-10-24,84181.0,Slump Persists For North American Rail Volumes,-0.8822882547974586,CANADIAN NATIONAL RAILWAY CO,0.24788870941847563,0.6985946717171343,6.828166269896907,-0.3228330286219716,0.9242557677114016,2.23795284319257
2019-10-23,84181.0,"Canadian National Railway Shares Relatively Quiet As Hearing CFRA Downgrades From Buy To Hold, Cuts Price Target From $108 To $95",-0.3228330286219716,CANADIAN NATIONAL RAILWAY CO,-0.8822882547974586,0.9604653400809182,4.992183564305619,1.2511278502643108,2.569079709648925,2.5573760056921246
2019-10-22,84181.0,Canadian National Sees Third-Quarter Profit Amid headwinds,1.251127850264311,CANADIAN NATIONAL RAILWAY CO,-0.3228330286219716,-0.18924426964908037,4.308132054951286,1.3016663491725922,1.2901072641477773,1.8014913034778424
2019-10-22,84181.0,"Canadian National Railway Q3 EPS C$1.66, Sales C$3.83B",1.251127850264311,CANADIAN NATIONAL RAILWAY CO,-0.3228330286219716,-0.18924426964908037,4.308132054951286,1.3016663491725922,1.2901072641477773,1.8014913034778424
2019-10-16,84181.0,"Bank of America Upgrades Canadian National Railway to Buy, Raises Price Target to $100",0.42636869475245476,CANADIAN NATIONAL RAILWAY CO,0.5048706661909819,2.74239745846645,3.7292025756231695,0.4514404572546482,-0.1840391381725759,1.5326987676639314
2019-10-15,84181.0,Commentary: Short Line Railroads – Custom High-Growth Freight Service,0.4514404572546482,CANADIAN NATIONAL RAILWAY CO,0.42636869475245476,3.5146383194211595,3.318742798153651,-0.6326236762106419,1.0763990097975684,2.0796434948983755
2019-10-03,84181.0,Canadian National Truckers Ratify New Contract,0.4126367159187794,CANADIAN NATIONAL RAILWAY CO,-0.152632687240839,0.3522403475149538,2.841374132236041,-2.2135095670819283,-5.608725716921404,-5.144261465016675
2019-10-02,84181.0,Canadian National Railway Reports Unifor-Affiliated CNTL Drivers Ratified A New Collective Deal,-2.213509567081928,CANADIAN NATIONAL RAILWAY CO,0.4126367159187794,-0.22400663494717143,2.7469959580762815,-3.4720707684755325,-2.9970928345620984,-3.062142875275753
2019-10-01,84181.0,"Stephens & Co. Downgrades Canadian National Railway to Equal-Weight, Lowers Price Target to $97",-3.4720707684755334,CANADIAN NATIONAL RAILWAY CO,-2.2135095670819283,-3.4124961482606686,0.046116053487210706,0.4920626990497112,0.42467283454983296,0.23424326733221257
2019-10-31,11547.0,"Stifel Nicolaus Maintains Buy on Conmed, Raises Price Target to $118",7.242421805858612,CONMED CORP,-0.8271187543869019,-0.4908137131082291,2.399570211535451,2.960655279457569,3.240408030453068,4.940664878031886
2019-10-30,11547.0,Conmed Sees FY19 Sales Guidance $951M-$957M vs $954.85M Est.,2.960655279457569,CONMED CORP,7.242421805858612,7.700557403377872,10.683309389443885,0.27170840185135603,1.9230740064737573,1.714985965610949
2019-10-30,11547.0,Conmed Raises FY19 EPS Guidance From $2.52-$2.57 To $2.62-$2.65 vs $2.54 Est.,2.960655279457569,CONMED CORP,7.242421805858612,7.700557403377872,10.683309389443885,0.27170840185135603,1.9230740064737573,1.714985965610949
2019-10-30,11547.0,"Conmed Q3 EPS $0.62 Beats $0.56 Estimate, Sales $233.6M Beat $227.93M Estimate",2.960655279457569,CONMED CORP,7.242421805858612,7.700557403377872,10.683309389443885,0.27170840185135603,1.9230740064737573,1.714985965610949
2019-10-24,83642.0,ConnectOne Bancorp Q3 EPS $0.61 Beats $0.57 Estimate,5.970802530646324,CONNECTONE BANCORP INC NEW,0.5843126215040684,1.3355659463295755,5.279638319696933,0.2660814905539155,0.35508176802685476,1.253921624127985
2019-10-17,21792.0,"UBS Maintains Buy on CenterPoint Energy, Lowers Price Target to $34",0.3144592745229602,CENTERPOINT ENERGY INC,-0.24381643161177635,5.050507777852276,1.2539205523861563,1.5613929368555546,2.6174309030682297,1.2380629363685447
2019-10-03,21792.0,CenterPoint Energy Option Alert: Nov 15 $30 Calls at the Ask: 1600 @ $0.391 vs 460 OI; Earnings 11/7 Before Open [est] Ref=$28.84,-0.7554986979812384,CENTERPOINT ENERGY INC,1.2110739946365356,-2.560552960252127,-0.6574413082941266,-2.576107531785965,-3.512257871283886,-2.93333042500602
2019-10-08,88391.0,Tudor Pickering Downgrades Canadian Natural Res to Hold,-4.246202483773232,CANADIAN NATURAL RESOURCES LTD,-0.6509351078420877,2.969892226610038,4.475184473909155,0.1560706878080964,1.5427190289500903,1.7036461956880578
2019-10-02,88391.0,National Bank Financial Downgrades Canadian Natural Res to Sector Perform,-2.2084452211856838,CANADIAN NATURAL RESOURCES LTD,0.15848223119974136,-3.248810383291978,-0.7131552053013968,-3.079232946038246,-3.224599249372917,-3.369523250483686
2019-10-16,90303.0,"Cohen & Steers Q3 Adj. EPS $0.65 Beats $0.63 Estimate, Sales $105M Miss $105.53M Estimate",2.126171812415123,COHEN & STEERS INC,4.453926160931587,8.2252556096593,12.491467374093258,0.20957519300282001,-0.6578900119752706,2.5192065274841857
2019-10-31,90803.0,Consolidated Communications Holdings shares are trading higher after the company reported better-than-expected Q3 EPS and sales results.,16.95906221866608,CONSOLIDATED COMMS HLDGS INC,-5.250000953674316,9.500002604355128,8.000004177433828,-1.4409207738935947,-4.7353717741080885,-3.389827417300295
2019-10-31,90803.0,Consolidated Communications Reaffirms FY19 Adj. EBITDA Guidance $520M-$525M,16.95906221866608,CONSOLIDATED COMMS HLDGS INC,-5.250000953674316,9.500002604355128,8.000004177433828,-1.4409207738935947,-4.7353717741080885,-3.389827417300295
2019-10-31,90803.0,"Consolidated Comms Hldgs Q3 EPS $0.06 Beats $(0.04) Estimate, Sales $333.326M Beat $332.53M Estimate",16.95906221866608,CONSOLIDATED COMMS HLDGS INC,-5.250000953674316,9.500002604355128,8.000004177433828,-1.4409207738935947,-4.7353717741080885,-3.389827417300295
2019-10-04,90803.0,Consolidated Communications shares are trading lower despite no company-specific news. The stock has dropped approximately 17% in the last 5 days.,-8.10811072587967,CONSOLIDATED COMMS HLDGS INC,-7.843136042356491,-15.808823617641565,-14.95097814058235,-1.7699098214507103,-5.330490307748159,-6.72269233525774
2019-10-21,79791.0,Union Gaming Upgrades Century Casinos to Buy,6.557377427816391,CENTURY CASINOS INC,5.256408080458641,-3.8461559969305448,2.564099985598456,3.682722896337509,0.41152550995611215,-1.214570613793542
2019-10-29,86799.0,CNX Resources shares are trading higher after the company raised its FY19 production guidance from 510-530 Bcfe to 530-540 Bcfe.,15.82446843385696,C N X RESOURCES CORP,-1.6073517501354218,2.2962092727515593,-2.640648146245017,-1.955672726035118,0.5347587120224873,0.8042886474139088
2019-10-29,86799.0,CNX Resources Q3 EPS $(0.06) Misses $(0.05) Estimate,15.82446843385696,C N X RESOURCES CORP,-1.6073517501354218,2.2962092727515593,-2.640648146245017,-1.955672726035118,0.5347587120224873,0.8042886474139088
2019-10-09,86799.0,UPDATE: KeyBanc Initiates CNX Resources With Sector Weight Due To Firm's 'expectation that natural gas prices may remain challenged in 2020 and CNX's above average leverage',0.4219371825456619,C N X RESOURCES CORP,-0.4201643168926239,2.8011244261396007,4.48179519261187,-2.868852950632572,-4.048579259621499,-2.2008232968027452
2019-10-09,86799.0,"KeyBanc Initiates Coverage On CNX Resources with Sector Weight Rating, Announces $7.11 Price Target",0.4219371825456619,C N X RESOURCES CORP,-0.4201643168926239,2.8011244261396007,4.48179519261187,-2.868852950632572,-4.048579259621499,-2.2008232968027452
2019-10-30,91271.0,"Compass Diversified Hldgs Q3 Sales $388.313M Beat $374.31M Estimate, EPS From Continuing Operations $0.03 vs $0.09 In Same Qtr. Last Year",0.6419711746275425,COMPASS DIVERSIFIED HOLDINGS,1.3248305767774582,6.476946276393414,5.348381955707482,2.3761339485645294,2.687630331431534,3.686632266670964
2019-10-31,81055.0,Capital One Shares Volatile As Co.'s Just-Filed 10-Q Showed Co. Received Subpoena From New York Attorney General Related To Probe Of Taxi Medallion Finance Industry Co. Exited In Beginning Of 2015,-1.3540661893785,CAPITAL ONE FINANCIAL CORP,2.1447721868753433,4.7721147314393475,4.061608112102499,0.07410512189380825,-0.6724801823031035,1.3726528999741028
2019-10-29,81055.0,"Morgan Stanley Maintains Equal-Weight on Capital One Financial, Raises Price Target to $104",-0.7460324559360743,CAPITAL ONE FINANCIAL CORP,0.07410512189380825,3.0065679467345285,3.334527273016641,2.05897931009531,3.46813953957803,2.564928605054617
2019-10-24,81055.0,Capital One Financial shares are trading lower after the company reported worse-than-expected Q3 sales results.,-0.8729362860321999,CAPITAL ONE FINANCIAL CORP,1.3807312585413456,1.3807313414500255,6.218736156636306,0.6835907232016325,1.6097253410293888,3.3296188571715346
2019-10-24,81055.0,"Capital One Financial Q3 Adj. EPS $3.32 Beats $2.88 Estimate, Sales $6.959B Miss $7.22B Estimate",-0.8729362860321999,CAPITAL ONE FINANCIAL CORP,1.3807312585413456,1.3807313414500255,6.218736156636306,0.6835907232016325,1.6097253410293888,3.3296188571715346
2019-10-24,81055.0,Senators Accuse Amazon Of Neglect In Capital One Data Breach,-0.8729362860321999,CAPITAL ONE FINANCIAL CORP,1.3807312585413456,1.3807313414500255,6.218736156636306,0.6835907232016325,1.6097253410293888,3.3296188571715346
2019-10-09,81055.0,"Citigroup Maintains Buy on Capital One Financial, Lowers Price Target to $100",1.528437063097954,CAPITAL ONE FINANCIAL CORP,1.5637720003724098,4.959738451568185,8.285678895473247,-2.854507230222225,-3.3440199708955287,-1.6660845858787021
2019-10-24,77679.0,Columbia Banking System Q3 EPS $0.7 Beats $0.6 Estimate,-0.18435525707900519,COLUMBIA BANKING SYSTEM INC,1.9788917154073715,3.6939252652813614,7.709067833225847,-0.15776376239955425,0.21114234778629726,1.6599806440048326
2019-10-07,85863.0,"UPDATE: Wedbush Maintains Outperform On Columbia Sportswear, Adds To Best Ideas List As Firm Notes 'The combo of relevant product,' 'strategic marketing', 'DTC initiatives', 'and international growth should sustain upside for 2H and into FY20'",2.157048881053925,COLUMBIA SPORTSWEAR CO,-0.6968984380364418,2.132310220063327,5.096735451811707,0.5233901552855968,0.341187443414781,-2.8892815714108955
2019-10-07,85863.0,Wedbush Maintains Outperform on Columbia Sportswear;l Adds To Best Ideas List,2.157048881053925,COLUMBIA SPORTSWEAR CO,-0.6968984380364418,2.132310220063327,5.096735451811707,0.5233901552855968,0.341187443414781,-2.8892815714108955
2019-10-24,14239.0,CommScope shares are trading lower in sympathy with Nokia after the company cut its FY19 EPS and FY20 operating margin guidance.,-6.901837885379791,COMMSCOPE HOLDING CO INC,0.7413442712277174,-7.743002413880207,23.0642430993808,0.15360601246356964,-0.15314287021758188,12.705274494637365
2019-10-21,14239.0,CommScope Holding Co shares are trading higher after Nomura upgraded the stock from Neutral to Buy and announced a $16 price target.,12.87813931703568,COMMSCOPE HOLDING CO INC,-0.306278420612216,-9.954059637552348,-10.872894830323299,-0.5159107502549887,1.4912288089100612,2.118268087462538
2019-10-21,14239.0,"Nomura Upgrades CommScope Holding Co to Buy, Announces $16 Price Target",12.87813931703568,COMMSCOPE HOLDING CO INC,-0.306278420612216,-9.954059637552348,-10.872894830323299,-0.5159107502549887,1.4912288089100612,2.118268087462538
2019-10-11,14239.0,"CommScope Buys Fractus' Base Station Antenna Technology, No Terms Disclosed",3.6540191620588303,COMMSCOPE HOLDING CO INC,-0.624718377366662,3.257472425718211,9.14769792758754,0.6517751608043909,-1.3686096436933637,-3.309480015856614
2019-10-11,65541.0,"KeyBanc Bullish On Cooper Companies' Revenue Momentum, But Says Mix May Hurt Margins",1.0591166093945499,COOPER COMPANIES INC,-0.46956506557762623,-2.0688069719672075,-4.130802008256673,0.6332571618258953,1.656933627574353,-1.0648448677563205
2019-10-11,65541.0,"KeyBanc Maintains Overweight on Cooper Companies, Lowers Price Target to $348",1.0591166093945499,COOPER COMPANIES INC,-0.46956506557762623,-2.0688069719672075,-4.130802008256673,0.6332571618258953,1.656933627574353,-1.0648448677563205
2019-10-29,13928.0,ConocoPhillips shares are trading higher after the company reported better-than-expected Q3 EPS results.,2.5323273614048962,CONOCOPHILLIPS,-3.5908199846744537,2.48729777544594,1.9968463665049674,-1.1889941059052944,-0.854700031847766,-1.0133327847981821
2019-10-29,13928.0,ConocoPhillips Q3 EPS $0.82 Beats $0.75 Estimate,2.5323273614048962,CONOCOPHILLIPS,-3.5908199846744537,2.48729777544594,1.9968463665049674,-1.1889941059052944,-0.854700031847766,-1.0133327847981821
2019-10-28,13928.0,ConocoPhillips Q3 Earnings Outlook,-1.188994105905294,CONOCOPHILLIPS,2.532327361404896,4.166666386684614,5.801005373609058,0.3383166389539838,0.17777505604525956,-0.3360495979003897
2019-10-14,13928.0,"Morgan Stanley Maintains Overweight on ConocoPhillips, Lowers Price Target to $79",-0.531630776822567,CONOCOPHILLIPS,-0.3206846537068486,0.4638886064440184,-0.03878769778122848,0.9842505678534508,2.7120526658713118,4.693875170048933
2019-10-07,13928.0,ConocoPhillips shares are trading higher after the company raised its Quarterly dividend from $0.38 to $0.42 per share. The company also announced it expects to buy back $3 billion worth in shares by 2020.,2.056071907281876,CONOCOPHILLIPS,-1.2820457108318806,2.802202644423968,3.279090349664937,-0.29817339964210987,0.8102511902486009,-2.991843026637342
2019-10-07,13928.0,ConocoPhillips Raises Quarterly Dividend From $0.38 To $0.42/Share; Says Expects To Buy Back $3B Of Shares In 2020,2.056071907281876,CONOCOPHILLIPS,-1.2820457108318806,2.802202644423968,3.279090349664937,-0.29817339964210987,0.8102511902486009,-2.991843026637342
2019-10-30,91801.0,CorEnergy Infr Trust Q3 EPS $0.94 Up From $0.92 YoY,1.8398435786366458,CORENERGY INFRASTRUCTURE TR INC,-1.1086038313806057,-4.188053717858741,-6.897968863962856,1.0777728632092476,1.0991342672808768,0.48320032039843586
2019-10-29,89125.0,"Wells Fargo Initiates Coverage On Canadian Pacific Railway with Outperform Rating, Announces $253 Price Target",-0.1191650982946157,CANADIAN PACIFIC KANSAS CITY LTD,1.184219866991043,4.03870769852217,3.879633619660816,0.0044112224713899195,-0.31237252036312446,3.230213773914037
2019-10-23,89125.0,Canadian Pacific Reports Record-Low Operating Ratio,-0.1092205173335969,CANADIAN PACIFIC KANSAS CITY LTD,3.553687036037445,4.3282153276537505,7.162057854250881,0.4204552620649338,1.5528958429729345,0.9649362750644652
2019-10-23,89125.0,"Canadian Pacific Railway Q3 Adj. EPS $4.61 Beats $3.41 Estimate, Sales $1.979B Beat $1.5B Estimate",-0.1092205173335969,CANADIAN PACIFIC KANSAS CITY LTD,3.553687036037445,4.3282153276537505,7.162057854250881,0.4204552620649338,1.5528958429729345,0.9649362750644652
2019-10-23,89125.0,A Preview Of Canadian Pacific Railway's Q3 Earnings,-0.1092205173335969,CANADIAN PACIFIC KANSAS CITY LTD,3.553687036037445,4.3282153276537505,7.162057854250881,0.4204552620649338,1.5528958429729345,0.9649362750644652
2019-10-16,89125.0,Bank of America Downgrades Canadian Pacific Railway to Neutral,-0.34803063608706003,CANADIAN PACIFIC KANSAS CITY LTD,0.009192717698169872,0.8639331336885325,5.2295413476552755,1.4070766046643257,1.092542300234256,2.0134529916276955
2019-10-14,91065.0,"Copa Holdings Reports Sep. Traffic: ASMs Down 5.5% Year Over Year, RPMs Down 0.7%, Load Factor Up 4.1 Points",-0.02011330070672557,COPA HOLDINGS SA,0.9154889732599258,3.1690155403659714,5.36217478872687,-0.6793209817260504,0.5868088805012883,-0.48048379049571155
2019-10-17,25320.0,"RBC Capital Initiates Coverage On Campbell Soup with Outperform Rating, Announces $55 Price Target",1.6747953370213509,CAMPBELL SOUP CO,-0.834023579955101,-1.8348566794647914,-3.440362281353604,1.2014536187052727,0.7260224403006443,0.6400666247961428
2019-10-23,80926.0,Callon Petroleum Issues Release Correcting 'False And Misleading' Information From Paulson & Co.,7.874020934104919,CALLON PETROLEUM CO DEL,-0.729932077229023,-4.8661808432401195,3.892940257440536,2.6954151690006256,-0.2617798588416931,-6.845970733200934
2019-10-22,80926.0,Paulson & Co Says Reiterates Opposition To Callon Petroleum And Carrizo Deal,2.695415169000626,CALLON PETROLEUM CO DEL,7.874020934104919,8.923888764429954,16.535436631815802,-2.879578433930874,-9.29095606313075,-6.549118131747244
2019-10-21,80926.0,Callon Petroleum Provides a Q3 Production and Spending Update,-2.879578433930874,CALLON PETROLEUM CO DEL,2.6954151690006256,10.781673684638449,12.93800608763842,-6.601472198963165,-3.778339960478916,-2.551024080662312
2019-10-04,80926.0,"Morgan Stanley Maintains Equal-Weight on Callon Petroleum, Lowers Price Target to $4.75",-1.007555704563856,CALLON PETROLEUM CO DEL,-0.508905341848731,4.8346008686572794,-2.798986038769169,1.2755089439451694,-0.997511269181961,-8.525348469085559
2019-10-23,11628.0,Central Pacific Financial Q3 EPS $0.51 Beats $0.49 Estimate,1.597007550299168,CENTRAL PACIFIC FINANCIAL CORP,-3.7792615592479706,-1.438128279223394,-1.103678747393455,0.9259275160729885,2.222991919885242,2.4721483771032338
2019-10-31,14379.0,Crescent Point Energy shares are trading lower after the company reported Q3 EPS down from last year.,-6.870228052139282,CRESCENT POINT ENERGY CORP,4.644804075360298,9.0163912758096,7.923496224913129,-2.4813929572701454,-0.7575749067137427,-4.146337409827594
2019-10-31,14379.0,"CORRECTION: Crescent Point Energy Q3 EPS $0.06 Down From $0.15 YoY, A Prior Headline Had Used Incorrect EPS Figure",-6.870228052139282,CRESCENT POINT ENERGY CORP,4.644804075360298,9.0163912758096,7.923496224913129,-2.4813929572701454,-0.7575749067137427,-4.146337409827594
2019-10-31,14379.0,Crescent Point Energy Q3 EPS $0.06 Down From $0.15 YoY,-6.870228052139282,CRESCENT POINT ENERGY CORP,4.644804075360298,9.0163912758096,7.923496224913129,-2.4813929572701454,-0.7575749067137427,-4.146337409827594
2019-10-15,14379.0,Crescent Point Energy shares are trading higher despite no company-specific news. This could potentially be a rebound after the stock dropped approximately 16% over the past month.,2.374674193561077,CRESCENT POINT ENERGY CORP,-1.5463964082300663,3.86598158689313,3.8659818199440865,-2.5706976652145386,1.0666657292085935,1.6085776457080092
2019-10-10,81182.0,Canterbury Park S-3 Shows Registration For $50M Mixed Securities Offering,0.20407852716743952,CANTERBURY PARK HOLDING CORP,2.0366599783301353,0.44806780381485556,0.20367089384132342,-0.5205436609685421,0.9892818351200372,1.6597494449546613
2019-10-03,81182.0,"Canterbury Park Names Pres, CEO Randy Sampson As Chair",4.6121805906295785,CANTERBURY PARK HOLDING CORP,-3.9304792881011963,-2.1366546290559896,-1.6981604867126632,-2.1224508062005043,-0.9090958629063617,-3.272914437284258
2019-10-09,23182.0,"Chesapeake Utilities Corporation To Exit Natural Gas Marketing Business; Selling Peninsula Energy Services Company, Inc. Assets",0.6422591395676136,CHESAPEAKE UTILITIES CORP,-0.5318017676472664,-2.137837254867725,-0.7657877686627512,-1.4453030191361904,-1.4868750750482884,-0.8385531301985494
2019-10-18,80320.0,Guggenheim Upgrades Copart to Buy,1.6045458614826198,COPART INC,1.5792068094015121,1.9679333934758514,0.7167200353230374,-0.4423698876053095,-0.880843202381254,-0.8080358137195764
2019-10-30,91606.0,Catalyst Pharmaceuticals shares are trading lower after the company announced that its Phase 3 trial of Firdapse in patients with congenital myasthenic syndromes did not meet its primary and secondary endpoints.,-12.98245191574097,CATALYST PHARMACEUTICALS INC,-4.63709719479084,-5.645165703455612,-8.467743354137891,1.0638288222253323,1.7857126589853278,5.166046702853211
2019-10-30,91606.0,"Catalyst Pharmaceuticals Phase 3 Trial of Firdapse in Patients With Congenital Myasthenic Syndromes Did Not Meet Its Primary, Secondary  Endpoints",-12.98245191574097,CATALYST PHARMACEUTICALS INC,-4.63709719479084,-5.645165703455612,-8.467743354137891,1.0638288222253323,1.7857126589853278,5.166046702853211
2019-10-03,91606.0,"Chmn McEnany Buys 10,000 Of Catalyst Pharmaceuticals @$4.89",-4.61689829826355,CATALYST PHARMACEUTICALS INC,-0.10298896813765168,-6.076211475651361,9.165812170135057,1.8000030890107155,-4.143122078511974,-3.4155563181567983
2019-10-16,14185.0,"Buckingham Downgrades Cooper-Standard Holdings to Neutral, Lowers Price Target to $32",-3.9889875799417505,COOPER STANDARD HOLDINGS INC,-3.610321134328842,-2.8939886958330496,-4.269345615086905,2.0780619233846664,4.694692373227838,10.48631249501215
2019-10-29,78018.0,"Consumer Portfolio Servs Q3 EPS $0.08, Inline, Sales $85.5M Beat $84.67M Estimate",3.7499964237213126,CONSUMER PORTFOLIO SVCS INC,2.1084388718008995,3.012052492251005,4.518075108453723,-5.325445532798767,-3.903900262986626,-5.32544558824749
2019-10-31,79452.0,"Camden Prop Trust Q3 AFFO $1.09 May Not Compare To $0.44 Estimate, Sales $260.672M Beat $258.78M Estimate",-0.20069435704499478,CAMDEN PROPERTY TRUST,-0.017490838945377618,-3.58486144439889,-2.5443767031024245,1.0136637836694717,1.1741872302173606,0.6764443646113394
2019-10-10,79452.0,"JP Morgan Maintains Overweight on Camden Prop Trust, Raises Price Target to $111",0.4419303499162197,CAMDEN PROPERTY TRUST,-0.7215766236186028,0.3959846396176747,0.46638402386107725,0.33699648920446634,0.5331423969284987,0.3192060536472363
2019-10-08,79452.0,"KeyBanc Maintains Overweight on Camden Prop Trust, Raises Price Target to $117",0.1954871229827404,CAMDEN PROPERTY TRUST,0.33699648920446634,-0.7272079391255293,1.3657333337501187,-0.21280180662870407,0.5629498719709636,1.49711734363982
2019-10-28,91850.0,Cheniere Partners Raises Quarterly Dividend From $0.61 To $0.62/Share,0.0,CHENIERE ENERGY PARTNERS L P,0.20311474800109863,-0.699619406972718,-2.6954346955631814,0.3851426998153329,0.7045485689128439,-0.3373768074600325
2019-10-23,91850.0,Raymond James Downgrades Cheniere Energy Partners to Underperform,-1.034635864198208,CHENIERE ENERGY PARTNERS L P,0.31818042043596506,1.4090884674935689,-1.3181835825274213,-0.24680416099727154,0.9766076123963296,1.9257225392970145
2019-10-31,85972.0,Charles River Raises Qtr. Dividend From $0.20 To $0.23/Share,14.56152200698853,C R A INTERNATIONAL INC,4.771570488810539,5.238582352447696,1.827414215444212,0.8918119594454765,1.1767474520546939,2.625930543274313
2019-10-31,85972.0,CRA Int'l. Raises FY19 Sales Guidance From $430M-$445M To $446M-$452M vs $439M Estimate,14.56152200698853,C R A INTERNATIONAL INC,4.771570488810539,5.238582352447696,1.827414215444212,0.8918119594454765,1.1767474520546939,2.625930543274313
2019-10-31,85972.0,"CRA International Q3 Adj. EPS $0.98 Beats $0.67 Estimate, Sales $115.7M Beat $109.7M Estimate",14.56152200698853,C R A INTERNATIONAL INC,4.771570488810539,5.238582352447696,1.827414215444212,0.8918119594454765,1.1767474520546939,2.625930543274313
2019-10-10,11644.0,Seaport Global Downgrades Comstock Resources to Neutral,-4.172661527991295,COMSTOCK RESOURCES INC,0.7507536094635725,6.006007384606882,3.45345345151169,-0.855926051735878,-3.606105821985517,-5.953992765269289
2019-10-18,88281.0,Bank of America Downgrades Charles River to Neutral,-1.315505616366863,CHARLES RIVER LABS INTL INC,-4.185280948877335,-3.8874003932283907,-1.1617497232635943,0.9721080772578716,1.4917579473058717,1.620622493737689
2019-10-28,90215.0,Salesforce.com shares are trading higher in sympathy with the overall market from progression in U.S.-China trade talks and positive sentiment from strong earnings reports.,2.857324481010437,SALESFORCE INC,0.19381295423954725,1.8153713019780193,4.515799519305608,1.600060984492302,3.693240669613451,5.7331577253007415
2019-10-18,90215.0,Large Salesforce Option Traders Betting On A Bullish Bounce,-1.423001848161221,SALESFORCE INC,0.31924957875162363,4.4416747298500425,10.861273898229019,-0.5443308502435684,-4.301432013598561,-2.1423293211849215
2019-10-08,90215.0,"Jefferies Assumes Salesforce.com at Buy, Announces $171 Price Target",-1.942203938961029,SALESFORCE INC,0.7813030853867531,4.680968738135838,-2.453568668749362,0.5201677326112986,1.2244918622954737,3.1757050284070276
2019-10-04,90215.0,"UK's Competition And Markets Authority Says Is Considering If Salesforce, Tableau Deal Resulted In A Lessening Of Competition Within UK",0.7006794214248657,SALESFORCE INC,0.5201677326112986,0.9052193118380236,-2.661624578349986,1.9276097416877747,-0.4671965214379181,-0.9700906397749232
2019-10-03,90215.0,Salesforce.Com Inc Says Selling Stockholders May Offer And Resell Up To 4.5M Shares Of Salesforce Common Stock,1.927609741687775,SALESFORCE INC,0.7006794214248657,-0.4013581941780697,-0.5646274231263071,-2.349516749382019,-2.8429003572302602,-2.724938332443394
2019-10-02,90215.0,Salesforce Projects Record US E-Commerce Sales Over Holiday Season,-2.349516749382019,SALESFORCE INC,1.9276097416877747,1.9622809914140893,1.9068087036215653,-0.5052546504884958,-0.38445440366932093,-3.052378956370627
2019-10-02,90215.0,Salesforce Forecasts 13%YoY Growth In Holiday Sales With Total Sales Reaching $136B In The US And $768B Globally,-2.349516749382019,SALESFORCE INC,1.9276097416877747,1.9622809914140893,1.9068087036215653,-0.5052546504884958,-0.38445440366932093,-3.052378956370627
2019-10-01,90215.0,"Salesforce.com Shares Appear Unaffected Following Form 4 From Chair, CEO Marc Benioff Mon. Evening Disclosing Sale Of 5K Shares; BZ NOTE: Benioff Sold ~80K Shares Over The Course Of Sep.",-0.5052546504884958,SALESFORCE INC,-2.349516749382019,-1.2052264921488587,3.4193259706657653,0.12141369516029954,-2.560059123659686,-2.9740525282765162
2019-10-16,93371.0,"CorMedix Reports Completed Chemistry, Manufacturing, Controls Package For Neutrolin's New Drug Application",6.914899498224258,CORMEDIX INC,3.1509049236774445,1.8242062910369228,-4.8092940986222406,6.415087729692459,8.253355248040894,10.371814179639394
2019-10-01,11174.0,"America's Car-Mart Reports New Loan, Security Deal; Extends Term To Sep. 30, 2022, Raises Total Permitted Borrowings From $215M To $241M, Raises Accordion Feature From $50M To $100M",-1.875674724578857,AMERICAS CAR MART INC,-3.1784847378730774,-6.70149610893035,-2.6672608407520726,0.27337344363331795,0.36116252252267333,-1.1959924713628167
2019-10-30,91090.0,Crocs Reports ~6.86M Share Common Stock Offering,15.61889797449112,CROCS INC,-9.187638759613037,-8.980013424167211,-7.838049658396762,-2.927471697330475,-1.1127596710453491,0.045029611588232044
2019-10-30,91090.0,Crocs shares are trading higher after the company reported better-than-expected Q3 EPS and sales results. The company also issued Q4 sales guidance above analyst estimates.,15.61889797449112,CROCS INC,-9.187638759613037,-8.980013424167211,-7.838049658396762,-2.927471697330475,-1.1127596710453491,0.045029611588232044
2019-10-30,91090.0,Crocs Sees Q4 Sales $245M-$255M vs $244.03M Est.; Sees FY19 Sales Growth 10%-12%,15.61889797449112,CROCS INC,-9.187638759613037,-8.980013424167211,-7.838049658396762,-2.927471697330475,-1.1127596710453491,0.045029611588232044
2019-10-30,91090.0,"Crocs, Inc. Q3 Adj. EPS $0.51 Beats $0.4 Estimate, Sales $312.8M Beat $302.06M Estimate",15.61889797449112,CROCS INC,-9.187638759613037,-8.980013424167211,-7.838049658396762,-2.927471697330475,-1.1127596710453491,0.045029611588232044
2019-10-08,91090.0,Crocs shares are trading higher after Piper Jaffray maintained an Overweight rating on the company's stock and raised the price target from $32 to $34.,4.65838648378849,CROCS INC,0.5440188571810722,4.26970015615542,9.033958993878866,0.642470782622695,0.7649489156724032,2.4209205426490854
2019-10-08,91090.0,"Piper Jaffray Maintains Overweight on Crocs, Raises Price Target to $34",4.65838648378849,CROCS INC,0.5440188571810722,4.26970015615542,9.033958993878866,0.642470782622695,0.7649489156724032,2.4209205426490854
2019-10-24,20618.0,"Carpenter Technology Q1 EPS $0.85 Misses $0.89 Estimate, Sales $585.4M Miss $607.14M Estimate",-3.317445144057274,CARPENTER TECHNOLOGY CORP,0.2260131761431694,0.7191335005048316,7.561126620112302,-0.8664801716804504,-0.5138306819113647,-1.9422359499446262
2019-10-31,14240.0,"JP Morgan Downgrades Criteo to Underweight, Lowers Price Target to $16",-5.275090411305428,CRITEO S A,2.095799148082733,9.341313929514916,1.3772429031995603,-14.459006488323212,-13.323504666691266,-12.63627837265755
2019-10-30,14240.0,Criteo Names Megan Clarken CEO,-14.459006488323208,CRITEO S A,-5.2750904113054276,2.098700437127121,-2.3823032540827294,1.3274358585476875,2.130824112320906,4.99236621185688
2019-10-30,14240.0,Criteo Sees Q4 Sales $255M-$261M vs $276.08M Est.,-14.459006488323208,CRITEO S A,-5.2750904113054276,2.098700437127121,-2.3823032540827294,1.3274358585476875,2.130824112320906,4.99236621185688
2019-10-30,14240.0,"Criteo Q3 Adj. EPS $0.54 Beats $0.49 Estimate, Sales $221M Miss $221.87M Estimate",-14.459006488323208,CRITEO S A,-5.2750904113054276,2.098700437127121,-2.3823032540827294,1.3274358585476875,2.130824112320906,4.99236621185688
2019-10-01,14240.0,Criteo Files Complaint Against Facebook With French Competition Authority,1.016579009592533,CRITEO S A,-0.3707611234858632,-6.144067282629628,-3.283892920453735,0.8634638041257858,-3.610102677508653,-3.858024744930544
2019-10-01,14240.0,Criteo Files Complaint With The French Competition Authority Against Facebook,1.016579009592533,CRITEO S A,-0.3707611234858632,-6.144067282629628,-3.283892920453735,0.8634638041257858,-3.610102677508653,-3.858024744930544
2019-10-31,75603.0,"Benchmark Maintains Buy on Cirrus Logic, Raises Price Target to $70",16.190797090530403,CIRRUS LOGIC INC,6.577400118112564,1.1624497027100222,6.327255842210144,0.7926984690129757,1.2813882315909852,4.278840413699347
2019-10-30,75603.0,"Cirrus Logic Shares Resume Trade, Up 6.9%",0.7926984690129757,CIRRUS LOGIC INC,16.190797090530396,17.21661063941662,23.01247208979511,0.4848463926464319,3.4587246870447785,4.389276301064893
2019-10-30,75603.0,Cirrus Logic Sees Q3 Sales $325M-$365M vs $339.2M Estimate,0.7926984690129757,CIRRUS LOGIC INC,16.190797090530396,17.21661063941662,23.01247208979511,0.4848463926464319,3.4587246870447785,4.389276301064893
2019-10-30,75603.0,"Cirrus Logic Q2 Adj. EPS $1.55 Beats $0.94 Estimate, Sales $388.9M Beat $320.98M Estimate",0.7926984690129757,CIRRUS LOGIC INC,16.190797090530396,17.21661063941662,23.01247208979511,0.4848463926464319,3.4587246870447785,4.389276301064893
2019-10-30,75603.0,Cirrus Logic Shares Halted News Pending,0.7926984690129757,CIRRUS LOGIC INC,16.190797090530396,17.21661063941662,23.01247208979511,0.4848463926464319,3.4587246870447785,4.389276301064893
2019-10-17,75603.0,Cirrus Logic shares are trading higher after Barclay's upgraded the stock from Underweight to Equal-Weight.,3.4647103399038306,CIRRUS LOGIC INC,-0.7087131962180138,-1.5060214602530597,20.411057590957316,-1.3829872943460941,-1.2133320902814604,-2.7802555971847998
2019-10-17,75603.0,Barclays Upgrades Cirrus Logic to Equal-Weight,3.4647103399038306,CIRRUS LOGIC INC,-0.7087131962180138,-1.5060214602530597,20.411057590957316,-1.3829872943460941,-1.2133320902814604,-2.7802555971847998
2019-10-17,76076.0,"KeyBanc Maintains Overweight on Cisco Systems, Lowers Price Target to $54",0.5129255354404448,CISCO SYSTEMS INC,-0.6804161239415407,-1.318305238828854,1.0206242206287408,0.9275243617594242,1.6069526212610485,0.49398525851083175
2019-10-10,76076.0,Cisco Systems shares are trading lower after Goldman Sachs downgraded the stock from Buy to Neutral and lowered the price target from $56 to $48 per share.,-1.473096944391727,CISCO SYSTEMS INC,0.8884070441126823,1.906819591266773,0.5633766498712278,0.9700383059680462,-1.9468291273736948,-1.4309770330965588
2019-10-10,76076.0,"Goldman Sachs Downgrades Cisco Systems to Neutral, Lowers Price Target to $48",-1.473096944391727,CISCO SYSTEMS INC,0.8884070441126823,1.906819591266773,0.5633766498712278,0.9700383059680462,-1.9468291273736948,-1.4309770330965588
2019-10-08,76076.0,"PreMarket Prep Recap: Overnight Reversal, Technical Analysis For Dummies",-2.888844534754753,CISCO SYSTEMS INC,0.9700383059680462,-0.06466639246086592,2.5005387273148383,0.5260942503809929,1.5087102957320742,3.361854564556088
2019-10-01,76076.0,"Cisco shares are trading lower in sympathy with the overall market after the Institute for Supply Management said the U.S. manufacturing activity shrunk to its lowest level since June 2009, adding fears of an economic slowdown.",-3.3798787742853156,CISCO SYSTEMS INC,-2.471722289919853,-2.1051220004759674,-2.1684270864822275,1.1670755222439766,1.1877902658298911,-0.39310498213007694
2019-10-22,86288.0,"CoStar Group Q3 EPS $2.61 Beats $2.52 Estimate, Sales $352.808M Miss $353.23M Estimate",-2.813940122723579,COSTAR GROUP INC,-1.0303379967808723,-3.1206878697608187,-3.1171918168876322,0.18534089904278517,0.47919464895755937,-0.13389457527452908
2019-10-21,86288.0,"B. Riley Maintains Buy on CoStar Group, Raises Price Target to $640",0.1853408990427852,COSTAR GROUP INC,-2.8139401227235794,-5.269776087040978,-7.745967197695891,0.2933101262897253,-0.31864489500416093,-2.0028692535362658
2019-10-10,91607.0,Canadian Solar Wins 393.7 MWp Solar Power Projects In Brazil,1.165366731584072,CANADIAN SOLAR INC,2.633020095527172,0.1645677194488604,0.10971185592147936,-0.05546438624151051,-0.6615156313208859,-3.5331897019972303
2019-10-07,91607.0,"Top 10 Most Oversold Stocks Via Benzinga Pro's Screener Tool For Mon., October 07, 2019",-2.890797145664692,CANADIAN SOLAR INC,-0.6063875742256641,3.5832500655680555,2.149952144085443,0.6736728362739086,5.477138698624495,2.3561660963799413
2019-10-24,27334.0,"BMO Capital Maintains Market Perform on Carlisle Companies, Raises Price Target to $150",-0.4922563210129738,CARLISLE COMPANIES,0.7355266250669956,-0.8852442289813856,2.8705253978173806,6.43182247877121,6.256019162091864,7.949933208026527
2019-10-22,27334.0,"Carlisle Companies Q3 EPS $2.4 Beats $2.29 Estimate, Sales $1.28B Miss $1.29B Estimate",-0.1651792787015438,CARLISLE COMPANIES,6.43182247877121,7.34179578121914,10.533571348199967,1.5941817313432693,2.0007063165625283,3.122788746475491
2019-10-22,27334.0,Carlisle Companies Submits Offer to Acquire Draka Fileca; Terms Not Disclosed,-0.1651792787015438,CARLISLE COMPANIES,6.43182247877121,7.34179578121914,10.533571348199967,1.5941817313432693,2.0007063165625283,3.122788746475491
2019-10-21,27334.0,Carlisle Companies To Acquire Providien; Terms Not Disclosed,1.594181731343269,CARLISLE COMPANIES,-0.1651792787015438,7.15760034397106,8.94011668295831,0.4001455381512642,1.5046206279553331,0.4918472198435442
2019-10-02,13321.0,Caesarstone Shares Fall As Traders Circulate NPR Article Highlighting Lung Damage And Health Issues Arising From Artificial Stone On Countertops,0.7317124400287867,CAESARSTONE SDOT YAM LTD,-0.5447951145470142,-2.058112223856945,4.176746863579672,-1.2643045745790005,-1.2643045745790005,-1.0259510207769384
2019-10-28,83856.0,"Carriage Services Q3 EPS $0.28 Misses $0.3 Estimate, Sales $66.125M Beat $65.5M Estimate",3.545457497239113,CARRIAGE SERVICES INC,16.59349650144577,12.510966686319392,6.987242672410554,1.851850003004074,2.516313719022434,2.851802783925206
2019-10-09,83856.0,Carriage Services Acquires Lombardo Funeral Homes In New York,-0.5245527252554892,CARRIAGE SERVICES INC,2.1572330966591835,1.0546466037466118,2.8763108429880946,1.6973737627267838,1.7467185950974295,1.0602377097118199
2019-10-01,83856.0,"Sidoti & Co. Maintains Buy on Carriage Services, Raises Price Target to $29",0.8806277066469193,CARRIAGE SERVICES INC,1.4548944309353828,1.6973738366993452,4.219199341567381,-2.2477250546216965,-4.037552749271445,-5.806452398031336
2019-10-29,62148.0,"Wells Fargo Initiates Coverage On CSX with Market Perform Rating, Announces $73 Price Target",-0.9647578932344913,C S X CORP,0.31060457695275545,4.306078572406613,2.7107132897986164,-1.1061988770961761,-0.19537676376094604,-1.0240872351002017
2019-10-21,62148.0,"CSX shares are trading higher, not seeing any company-specific news to justify price action. NOTE: US markets as a whole are trading higher today on renewed China trade optimism.",3.028981946408749,C S X CORP,2.1766796708106995,1.088334458928264,3.872788643399505,-1.5907146036624908,-0.4782635585317996,-0.7228567833659105
2019-10-18,62148.0,CSX shares are trading lower following news the company agreed to purchase about 4.7 million shares of common stock from Mantle Ridge.,-1.5907146036624908,C S X CORP,3.0289819464087486,5.315278285418512,5.242461969269052,1.1304330080747604,0.8818861114592291,1.7794650412279234
2019-10-17,62148.0,CSX Agrees To Purchase About 4.7M Shares Of Common Stock From Mantle Ridge,1.13043300807476,C S X CORP,-1.5907146036624908,2.6941886987681407,0.7022038751447468,-0.24576864670962095,0.6417771721607624,-0.0724157313045648
2019-10-17,62148.0,US Rail Volumes Still Falling,1.13043300807476,C S X CORP,-1.5907146036624908,2.6941886987681407,0.7022038751447468,-0.24576864670962095,0.6417771721607624,-0.0724157313045648
2019-10-17,62148.0,"Bank of America Maintains Buy on CSX, Lowers Price Target to $80",1.13043300807476,C S X CORP,-1.5907146036624908,2.6941886987681407,0.7022038751447468,-0.24576864670962095,0.6417771721607624,-0.0724157313045648
2019-10-17,62148.0,"Credit Suisse Maintains Outperform on CSX, Raises Price Target to $82",1.13043300807476,C S X CORP,-1.5907146036624908,2.6941886987681407,0.7022038751447468,-0.24576864670962095,0.6417771721607624,-0.0724157313045648
2019-10-17,62148.0,"Raymond James Maintains Outperform on CSX, Lowers Price Target to $80",1.13043300807476,C S X CORP,-1.5907146036624908,2.6941886987681407,0.7022038751447468,-0.24576864670962095,0.6417771721607624,-0.0724157313045648
2019-10-17,62148.0,"TD Securities Maintains Hold on CSX, Raises Price Target to $77",1.13043300807476,C S X CORP,-1.5907146036624908,2.6941886987681407,0.7022038751447468,-0.24576864670962095,0.6417771721607624,-0.0724157313045648
2019-10-16,62148.0,CSX Improves Operating Ratio In The Third Quarter,-0.245768646709621,C S X CORP,1.1304330080747604,4.724640692710413,2.9710188919412683,0.8897325024008751,0.17378001218926187,3.33133496499205
2019-10-16,62148.0,"CSX Q3 EPS $1.08 Beats $1.02 Estimate, Sales $2.98B Miss $2.99B Estimate",-0.245768646709621,C S X CORP,1.1304330080747604,4.724640692710413,2.9710188919412683,0.8897325024008751,0.17378001218926187,3.33133496499205
2019-10-09,62148.0,Port Report: Resin Exports To Grow With New Charleston Warehouse,0.5466448608785868,C S X CORP,1.0949273593723774,4.20600136477518,9.129360509501705,-1.3999064452946186,-1.281660478917157,-1.6428921133212704
2019-10-09,62148.0,CSX And Union Pacific Make Changes To Sales And Marketing Teams,0.5466448608785868,C S X CORP,1.0949273593723774,4.20600136477518,9.129360509501705,-1.3999064452946186,-1.281660478917157,-1.6428921133212704
2019-10-08,62148.0,Commentary: CSX Beta Test Trip Plans Score Card Introduced,-1.399906445294619,C S X CORP,0.5466448608785868,5.033778211260587,9.771463323066643,0.11992480140179396,-0.24643553496410675,0.7846752328718898
2019-10-07,62148.0,"Morgan Stanley Maintains Underweight on CSX, Lowers Price Target to $55",0.119924801401794,C S X CORP,-1.3999064452946186,2.6500923450066827,5.929029874155134,-0.3659215057268739,0.6639541857314635,-0.46254492982108486
2019-10-04,62148.0,A Peek Into The Markets: US Stock Futures Fall; All Eyes On Jobs Data,-0.36592150572687393,C S X CORP,0.11992480140179396,3.507726047471249,2.938088923390847,1.033658068627119,-0.09697828850775414,-3.341987866315177
2019-10-04,62148.0,"JP Morgan Downgrades CSX to Neutral, Lowers Price Target to $76",-0.36592150572687393,C S X CORP,0.11992480140179396,3.507726047471249,2.938088923390847,1.033658068627119,-0.09697828850775414,-3.341987866315177
2019-10-29,23660.0,Cintas Raises Annual Dividend From $2.05 To $2.55/Share; Adds $1B To Buyback Plan,1.004444714635611,CINTAS CORP,0.6338411942124367,-2.7429691006509493,-4.7904129270816,0.5363661330193281,-0.20194897429474112,1.3650108612476508
2019-10-10,23660.0,"Morgan Stanley Maintains Underweight on Cintas, Raises Price Target to $223",0.9485146030783653,CINTAS CORP,0.5787867587059736,0.8493927154695102,2.3565185621418516,1.2445822358131409,0.996285444414724,0.27011413011062135
2019-10-16,11844.0,Community Trust Bancorp Q3 EPS $0.86 Down From $0.91 YoY,0.09465432376600802,COMMUNITY TRUST BANCORP INC,0.09456481202505529,1.7966954440371108,3.9479952348489666,1.270066574215889,0.8351192432908716,1.7577644638275824
2019-10-22,26084.0,"Computer Task Group Q3 Adj. EPS $0.1 Beats $0.09 Estimate, Sales $97.2M Miss $98.55M Estimate",5.6224942207336435,COMPUTER TASK GROUP INC,1.330792624503374,3.041822098793112,8.365010706963115,3.319498896598816,4.147058252402913,-0.20039576072579113
2019-10-17,14763.0,"Stephens & Co. Reinstates Overweight on Catalent, Announces $56 Price Target",1.8639897927641869,CATALENT INC,-2.2119414061307907,-0.40217319926900696,-2.1717232006027265,-0.772359874099493,0.9929655448169816,0.3907024944818538
2019-10-30,26650.0,Alpine Income Property Trust Sees Up to 7.5M Share IPO; Says Consolidated-Tomoka Land Will Purchase $7.5M Shares of Common Stock in Separate Private Placement,0.906776450574398,C T O REALTY GROWTH INC NEW,0.8513336069881916,2.869304259592842,5.7546454436492755,-0.11123422300443053,-1.132433480751316,-1.7044568482752709
2019-10-18,26650.0,Consolidated-Tomoka Announces Sale Pf Golf Operations For $3.45M,0.2850634744390845,C T O REALTY GROWTH INC NEW,0.38899185601621866,-4.8773108089231965,-5.071806753156438,4.010611027479172,4.467088184603574,5.126182751405639
2019-10-16,26650.0,Consolidated-Tomoka Land Q3 EPS $0.31 Up From $0.05 YoY,0.4388755653053522,C T O REALTY GROWTH INC NEW,4.010611027479172,3.9950022397694296,-1.0143593316104926,0.6309112068265676,-0.421414792449859,0.6309112379951021
2019-10-24,28564.0,CTS Cuts FY19 Adj. EPS Guidance From $1.55-$1.50 To $1.40-$1.50 vs $1.60 Est.; Cuts Sales Guidance From $$70M-$490M To $460M-$470M vs $476.35M Est.,-17.17500984668732,C T S CORP,-0.28602047823369503,-4.612080878331826,-0.5720410364103423,-0.23633092641830444,0.2077142045747271,0.5059582908943039
2019-10-24,28564.0,"CTS Q3 EPS $0.29 Misses $0.39 Estimate, Sales $115.65M Miss $117.7M Estimate",-17.17500984668732,C T S CORP,-0.28602047823369503,-4.612080878331826,-0.5720410364103423,-0.23633092641830444,0.2077142045747271,0.5059582908943039
2019-10-11,28564.0,Stephens & Co. Initiates Coverage On CTS with Equal-Weight Rating,1.6273140907287602,C T S CORP,-0.5651501007378101,5.494499538757847,-12.433283156004293,0.15979302115738392,0.8690069455136618,-0.7913896833526946
2019-10-31,86158.0,Cognizant shares trading higher following better-than-expected Q3 results.,1.753212884068489,COGNIZANT TECHNOLOGY SOLS CORP,0.4758794326335192,3.429603253952429,3.5608829049420976,-0.926387682557106,-1.2856416473734367,-0.9427715713093643
2019-10-30,86158.0,Cognizant Sees FY19 Adj. EPS $3.95-$3.98 vs $3.97 Est.,-0.926387682557106,COGNIZANT TECHNOLOGY SOLS CORP,1.753212884068489,3.9572531533903277,4.37468512456427,-0.3626131685450673,-0.016537086282641944,-0.09915313124082559
2019-10-30,86158.0,"Cognizant Tech Solns Q3 Adj. EPS $1.08 Beats $1.05 Estimate, Sales $4.25B Beat $4.21B Estimate",-0.926387682557106,COGNIZANT TECHNOLOGY SOLS CORP,1.753212884068489,3.9572531533903277,4.37468512456427,-0.3626131685450673,-0.016537086282641944,-0.09915313124082559
2019-10-16,86158.0,"Cognizant Reports Purchase Of Contino, No Terms Disclosed",0.08967197500169277,COGNIZANT TECHNOLOGY SOLS CORP,-0.01628656464163214,-1.694088511130476,-2.4433947207837647,1.58164631575346,1.1961697925853443,2.5668894416604804
2019-10-14,86158.0,"Citigroup Maintains Buy on Cognizant Tech Solns, Lowers Price Target to $69",-0.37947457749396557,COGNIZANT TECHNOLOGY SOLS CORP,1.58164631575346,0.6624672923621677,0.48028671953479485,1.3545173220336437,1.9683747926344308,2.9032240775290097
2019-10-04,15127.0,CytoSorbents Reports Removal Of Ticagrelor Intraoperatively Results In Expected Cost Savings Of ~$5K Per Patient,3.665994107723236,CYTOSORBENTS CORP,-1.1787807568907738,-8.251474539277126,-11.198431125695741,0.4089975729584694,5.364807111405656,-2.385693018452617
2019-10-23,20395.0,CVB Financial Q3 EPS $0.36 Misses $0.37 Estimate,-0.32679596915841097,C V B FINANCIAL CORP,-4.35597337782383,-1.1241207279895304,-0.09367909450319623,0.8474591188132763,2.1946613505168244,2.488040544334136
2019-10-16,90082.0,"Central Valley Community Q3 EPS $0.42, Inline YoY, Sales $16.205M Up From $15.907M YoY",0.9130251593887806,CENTRAL VALLEY COMM BANCORP,-3.238096833229065,-2.9523851771729226,-0.3809522787259212,1.8101708963513374,1.363851809960237,3.070821876666985
2019-10-31,93094.0,Cenovus shares trading lower following Q3 results: operating EPS $0.23 vs $(0.03) in same quarter last year.,-1.849709264934063,CENOVUS ENERGY INC,2.7090754359960556,8.362780287344474,6.478211926568966,-2.370203658938408,-0.5747147948523046,-1.368310453960242
2019-10-15,93094.0,"Cenovus Energy shares are trading higher in sympathy with the overall market after multiple companies reported earnings that topped expectations, bringing the whole market higher on positive sentiment.",1.0650905780494209,CENOVUS ENERGY INC,0.7025810424238443,1.6393483887715554,3.747069087626098,-1.5151528641581535,3.4271692744604287,5.230387226534372
2019-10-07,93094.0,AltaCorp Capital Upgrades Cenovus Energy to Outperform,0.46893274411559094,CENOVUS ENERGY INC,-5.134184285998344,-1.400232034139881,1.9836650571330328,-2.8473805636167526,-2.1789051923259306,-6.469300110833586
2019-10-03,93094.0,"UBS Maintains Neutral on Cenovus Energy, Raises Price Target to $13",0.688067264854908,CENOVUS ENERGY INC,-2.8473805636167526,-6.947604509393679,-1.48063917246547,-4.3859608471393585,-7.036245648542994,-9.261180334897645
2019-10-25,14619.0,Civeo Sees Q4 Adj. EBITDA $19.5M-$23.5M; Raises FY19 Adj. EBITDA Guidance To $98M-$102M,5.88235929608345,CIVEO CORP NEW,8.333325386047363,-0.9259248127089115,-9.259260786900436,-1.923075132071972,-0.9708728825588819,-0.9708728825588819
2019-10-25,14619.0,"Civeo Q3 EPS $0.02 Beats $(0.04) Estimate, Sales $148.2M Beat $145.5M Estimate",5.88235929608345,CIVEO CORP NEW,8.333325386047363,-0.9259248127089115,-9.259260786900436,-1.923075132071972,-0.9708728825588819,-0.9708728825588819
2019-10-28,89447.0,"Calavo Growers Says on October 24, Lecil Cole Advised Co of His Intention to Retire as President and CEO During Q1 2020; Says He Intends to Continue to Serve as Calavo's Chairman of Board of Directors",-1.943129487335682,CALAVO GROWERS INC,0.07836956647224724,-2.854907046117583,-3.9744771813427504,0.42998832650482655,-0.06583126296612063,-0.33917416681480406
2019-10-01,89447.0,"CORRECTION: Calavo Growers Raised Qtr. Dividend From $1.00 to $1.10/Share, Initial Headline Incorrectly Suggested Qtr. Dividend Was Raised From $0.10 to $1.00/Share, This Was Incorrect",-2.216852828860283,CALAVO GROWERS INC,-0.6231888197362423,-3.0084914922685946,1.9877495742385287,0.021013706282246858,-0.11543772291214838,-0.23060924440132524
2019-10-01,89447.0,Calavo Growers Raises Qtr. Dividend From $1.00 To $1.10/Share,-2.216852828860283,CALAVO GROWERS INC,-0.6231888197362423,-3.0084914922685946,1.9877495742385287,0.021013706282246858,-0.11543772291214838,-0.23060924440132524
2019-10-29,91463.0,"CommVault Systems Q2 Adj. EPS $0.42 Beats $0.28 Estimate, Sales $167.6M Beat $163.27M Estimate",4.450100287795067,COMMVAULT SYSTEMS INC,2.272263914346695,1.4201678599432999,0.8115189443367754,0.40425239130854607,2.788060962558614,3.0799473426263324
2019-10-17,84725.0,"Codorus Valley Bancorp Q3 EPS $0.53, Same YoY",0.08948750328272581,CODORUS VALLEY BANCORP INC,0.1341027207672596,1.5371026024918244,2.3407020348313656,-0.3566648345440626,0.6756739622737706,0.4494399361140822
2019-10-24,44813.0,'Cel-Sci is publicly upbeat about its cancer drug. Privately it's trying to sell stock' -STAT News' Adam Feuerstein,-8.707481622695923,CEL SCI CORP,2.98062302172184,2.235470705922671,0.14902741299900324,0.0,-3.9215710014104843,-6.369426775064491
2019-10-21,17005.0,UPS Flight Forward And CVS Pharmacy To Develop Drone Delivery Applications,-0.6952942814677954,C V S HEALTH CORP,1.3089812360703945,1.0382565095473417,4.350992078130678,-0.5112726707011461,1.146613619504877,2.0515221535354566
2019-10-10,17005.0,CVS Health shares are trading higher despite no company-specific news. This could potentially be a rebound from the $63.48 support level.,2.203947678208351,C V S HEALTH CORP,1.2874143198132515,7.0164157279189565,5.140335376958571,0.6955915130674839,-1.9196683265533032,-2.3136285279186097
2019-10-28,77900.0,CPI Aerostructures Wins $2.3M Contract from Raytheon to Produce Pod Prototypes,-0.25062633212655777,C P I AEROSTRUCTURES INC,-0.3768870607018471,-7.28643120397463,-6.030150929790013,-0.49875853583216667,0.6305194216474908,-3.865656683643692e-08
2019-10-22,86290.0,CVD Equipment Reports Q3 New Orders $7.9M,15.659195184707638,C V D EQUIPMENT CORP,4.582212120294571,5.390836676908473,4.447438123023373,-1.3015380129218102,-3.955322756719526,0.24062407695073507
2019-10-30,18091.0,Curtiss-Wright  Raises FY19 Adj. EPS Guidance From $7.05-$7.10 To $7.15-$7.25 vs $7.10 Est.,0.8077450096607208,CURTISS WRIGHT CORP,3.212764859199524,5.921863717312914,7.409956725327493,0.7440182380378246,1.183158916772875,0.8691009621408563
2019-10-30,18091.0,"Curtiss-Wright Q3 Adj. EPS $1.95 Beats $1.83 Estimate, Sales $614.9M Miss $625.31M Estimate",0.8077450096607208,CURTISS WRIGHT CORP,3.212764859199524,5.921863717312914,7.409956725327493,0.7440182380378246,1.183158916772875,0.8691009621408563
2019-10-31,20750.0,"California Water Service Q3 EPS $0.88 Beats $0.79 Estimate, Sales $232.5M Beat $229.87M Estimate",2.284356765449047,CALIFORNIA WATER SERVICE GROUP,0.23226237390190363,-7.705024351488032,-10.467059861145799,0.9594104252755642,1.5213351782169315,0.6807777894443756
2019-10-09,20750.0,UPDATE: California Water Service Says Cal Water Should Be Authorized To Include In Rates $609M-$628M Of New Projects Through 2021,0.8055274374783039,CALIFORNIA WATER SERVICE GROUP,0.9132411330938339,3.957378105551701,4.756468649145584,-1.1001551523804665,-0.9310310656871379,-0.11494510810241554
2019-10-09,20750.0,California Water Service Reports Settlement In 2018 Proposal To Invest In California Water Systems Through 2021,0.8055274374783039,CALIFORNIA WATER SERVICE GROUP,0.9132411330938339,3.957378105551701,4.756468649145584,-1.1001551523804665,-0.9310310656871379,-0.11494510810241554
2019-10-24,87204.0,Cemex SAB De CV shares are trading lower after the company reported Q3 operating EBITDA down 7% from last year and worse-than-expected Q3 sales results.,-6.921239942312241,CEMEX S A B DE C V,2.051280066370964,-3.3333359952743447,-0.5128197464312145,1.2077340856194496,2.6960817079791477,2.6960817079791477
2019-10-24,87204.0,"Cemex Q3 Operating EBITDA $681M, Down 7% Year Over Year, Sales $3.5B Miss $3.6B Estimate",-6.921239942312241,CEMEX S A B DE C V,2.051280066370964,-3.3333359952743447,-0.5128197464312145,1.2077340856194496,2.6960817079791477,2.6960817079791477
2019-10-30,14928.0,CyberArk Recieves Common Criteria Certification By The NIAP,2.6362542062997822,CYBERARK SOFTWARE LTD,-2.2799376398324966,10.986057179991748,10.21645348386555,0.1087284879758954,1.2293810254719872,0.4861572642552936
2019-10-07,14928.0,"Barclays Maintains Equal-Weight on CyberArk Software, Lowers Price Target to $119",0.7586222607642412,CYBERARK SOFTWARE LTD,-2.1877048537135124,-2.4244695761058255,-4.972061720881205,-0.02385186671745032,4.711227374754956,3.4297261680099833
2019-10-31,88284.0,"Community Health shares trading lower, continuing downside following a 16% decline yesterday on the heels of Q3 results. A Raymond James analyst today reiterated an Underperform rating on the stock and showed concern about the Q3 report.",-7.329842448234558,COMMUNITY HEALTH SYS INC NEW,-9.604517370462418,-19.77401284513579,-18.92655592073531,-16.59388691186905,-16.956521858904495,-14.541384893751863
2019-10-30,88284.0,Community Health Systems shares are trading lower after the company reported Q3 earnings results. NOTE: The company's Q3 EPS and sales results were better-than-expected.,-16.59388691186905,COMMUNITY HEALTH SYS INC NEW,-7.329842448234558,-23.56020612216535,-25.130891491810825,-0.43478221632540226,2.4608532182148535,7.0093386365303045
2019-10-29,88284.0,Community Health Systems shares are trading lower after the company reported Q3 earnings results.,-0.43478221632540226,COMMUNITY HEALTH SYS INC NEW,-16.59388691186905,-35.15283706212766,-36.681219844133786,2.9082801192998886,7.476627901351596,2.908279803817204
2019-10-29,88284.0,"Community Health Systems Q3 Adj. EPS $(0.29) Beats $(0.59) Estimate, Sales $3.246B Beat $3.14B Estimate",-0.43478221632540226,COMMUNITY HEALTH SYS INC NEW,-16.59388691186905,-35.15283706212766,-36.681219844133786,2.9082801192998886,7.476627901351596,2.908279803817204
2019-10-28,88284.0,"Community Health Systems reports Deal To Sell 3 Virginia Hospitals, No Terms Disclosed",2.908280119299889,COMMUNITY HEALTH SYS INC NEW,-0.43478221632540226,-32.391305611910056,-38.913043808619804,4.43924218416214,-3.0656686078600615e-07,0.22420938600626883
2019-10-07,88284.0,Community Health Systems shares are trading higher on seemingly no company-specifics news.,1.305488031357527,COMMUNITY HEALTH SYS INC NEW,-0.5154695361852646,4.896908555402635,10.309280450625756,0.2617798512801528,5.801106132925082,2.680962576999124
2019-10-31,90126.0,Cytokinetics Q3 EPS $(0.5) Down From $(0.4) YoY,-1.604734174907207,CYTOKINETICS INC,-3.9484981447458267,-28.969957906072796,-30.343347149526156,3.6777589470148087,3.859653919993633,4.409170997067946
2019-10-04,90126.0,Cytokinetics Highlights Presentation Of Added Analyses From FORTITUDE-ALS At NEALS Meeting,1.6421826556324959,CYTOKINETICS INC,-1.9557865336537361,-4.9319721422488305,-6.717686585523364,2.4800684303045273,1.0480338340023154,1.6695919633648693
2019-10-28,91609.0,Citizens Community Q1 EPS $0.11 Down From $0.12 YoY,0.3590660635381937,CITIZENS CMNTY BANCORP INC MD,-0.7155627943575382,-0.357781391500156,2.325574846158407,2.4839049205183983,2.201841630372603,2.201841630372603
2019-10-23,64936.0,"UPDATE: Dominion, Smithfield Report Investment Will Expand Align Renewable Nat Gas Joint Venture To Pursue New Projects Across Country, Including Arizona, California",-0.1207419438287616,DOMINION ENERGY INC,0.0,-1.1001010940864253,-2.1518359472806114,0.48532094806432724,0.8033057399821519,0.5341131914431196
2019-10-23,64936.0,"Dominion Energy, Smithfield Foods Report $500M Investment In Renewable Nat Gas Projects Across US Through 2028",-0.1207419438287616,DOMINION ENERGY INC,0.0,-1.1001010940864253,-2.1518359472806114,0.48532094806432724,0.8033057399821519,0.5341131914431196
2019-10-21,64936.0,Dominion Energy to Sell its 25% Interest in Cove Point for $2B,0.31644899863749737,DOMINION ENERGY INC,0.48532094806432724,-1.3224901319857874,0.7643835154734546,-0.26704734191298485,0.4400985327456919,0.9584743662756523
2019-10-17,64936.0,"Morgan Stanley Maintains Equal-Weight on Dominion Energy, Raises Price Target to $87",0.7090393453836441,DOMINION ENERGY INC,-0.26704734191298485,0.4127263489647426,0.2063678359952359,0.5161044653505087,0.6893220160160807,-0.12209821859727743
2019-10-14,64936.0,"JP Morgan Maintains Neutral on Dominion Energy, Raises Price Target to $86",-0.8058652281761169,DOMINION ENERGY INC,0.17232815735042095,1.4524868835954718,0.11078775590576129,0.14673849800601602,0.6884745482041765,1.4618437367606152
2019-10-31,28629.0,"Data I/O Q3 EPS $(0.1) Misses $(0.03) Estimate, Sales $3.808M Miss $5.2M Estimate",0.5509636364877224,DATA I O CORP,-4.383563995361328,1.37259830846026,10.958905962074228,-4.221631959080696,-3.199997025458945,-9.249997211367766
2019-10-29,91926.0,Delta Becomes First US Airline To Offer Door-To-Door Parcel Delivery,0.3806469263508916,DELTA AIR LINES INC,-0.10834484128281474,3.846148743303579,3.3224992461243996,1.0439555160701275,2.5655274958286567,2.527405261639193
2019-10-24,91926.0,Flying Freight: Delta Cargo Vice President Spotlights The Airline's Freight Operations,-0.03716866194736212,DELTA AIR LINES INC,1.5058515593409538,2.3982169657065455,7.1946436885383935,-0.8005492389202118,-0.673324408709719,0.7105693862918594
2019-10-23,91926.0,Delta Borrowing $1.5 Billion To Pay For LATAM Airlines Stake,-0.8005492389202118,DELTA AIR LINES INC,-0.037168661947362125,2.8061666893195225,7.006133317923835,0.12825154699385166,1.5233134998414277,2.398356007629543
2019-10-21,91926.0,Delta Air Has Signed Deal With Airbus To Acccelerate 3 Planned A330-900NEO Deliveries,1.393275056034327,DELTA AIR LINES INC,0.12825154699385166,1.8370632163958511,4.993519181898787,0.8619128726422787,1.2413083986592355,0.35421780391211577
2019-10-21,91926.0,Analysis: Delta-LATAM Joint Venture Has Strong Cargo Upside,1.393275056034327,DELTA AIR LINES INC,0.12825154699385166,1.8370632163958511,4.993519181898787,0.8619128726422787,1.2413083986592355,0.35421780391211577
2019-10-17,91926.0,Delta Tech Ops And Austrian Airlines Sign Multi-Year Exclusive Engine Maintenance Agreement,0.3761534113436937,DELTA AIR LINES INC,0.8619128726422787,1.5408513389906453,3.9760212629251557,-0.876214075833559,0.3396800818793677,0.41548138262630374
2019-10-17,91926.0,Alitalia Rescue Plan Talks Continue After Latest Deadline Expires,0.3761534113436937,DELTA AIR LINES INC,0.8619128726422787,1.5408513389906453,3.9760212629251557,-0.876214075833559,0.3396800818793677,0.41548138262630374
2019-10-17,91926.0,5 Honeymoon Disasters And How To Avoid Them,0.3761534113436937,DELTA AIR LINES INC,0.8619128726422787,1.5408513389906453,3.9760212629251557,-0.876214075833559,0.3396800818793677,0.41548138262630374
2019-10-15,91926.0,Delta Spokesperson Says Its A220 Fleet Is Flying Routinely,1.2266421690583231,DELTA AIR LINES INC,-0.876214075833559,1.8829271513793655,4.016117273596165,0.07554469048045576,-0.20715027821188725,-1.7247709713645976
2019-10-14,91926.0,"Stephens & Co. Downgrades Delta Air Lines to Equal-Weight, Lowers Price Target to $57",0.07554469048045576,DELTA AIR LINES INC,1.226642169058323,3.0005662792236265,4.892751795018668,-0.28248156886547804,-1.7989566456152462,-0.4699247458492706
2019-10-11,91926.0,"UPDATE: Raymond James Reiterates Outperform On Delta, Lowers Tgt To $64 As Firm Notes Co's Attractive Valuation, Strong Balance Sheet, Structural 'advantages that will allow it to retain its relative operational and financial leadership vs. legacy peers'",-0.282481568865478,DELTA AIR LINES INC,0.07554469048045576,1.6619471865829238,3.8874538942646586,-1.520770974457264,-0.18797416936647826,-0.4872603095090744
2019-10-11,91926.0,"Delta's Mixed Earnings: CEO, Analysts Speak Up",-0.282481568865478,DELTA AIR LINES INC,0.07554469048045576,1.6619471865829238,3.8874538942646586,-1.520770974457264,-0.18797416936647826,-0.4872603095090744
2019-10-11,91926.0,"UPDATE: Morgan Stanley On Delta Also Notes 'And with the return of the MAX, we see industry capacity negatively compounding unit revenues'",-0.282481568865478,DELTA AIR LINES INC,0.07554469048045576,1.6619471865829238,3.8874538942646586,-1.520770974457264,-0.18797416936647826,-0.4872603095090744
2019-10-11,91926.0,"UPDATE: Morgan Stanley Maintains Equal-Weight On Delta, Lowers Target To $57 As Firm Notes 'Despite in-line 3Q results, headwinds to TRASM and CASM are beginning to accelerate per 4Q guidance and preliminary 2020 commentary'",-0.282481568865478,DELTA AIR LINES INC,0.07554469048045576,1.6619471865829238,3.8874538942646586,-1.520770974457264,-0.18797416936647826,-0.4872603095090744
2019-10-11,91926.0,"Buckingham Maintains Neutral on Delta Air Lines, Lowers Price Target to $56",-0.282481568865478,DELTA AIR LINES INC,0.07554469048045576,1.6619471865829238,3.8874538942646586,-1.520770974457264,-0.18797416936647826,-0.4872603095090744
2019-10-11,91926.0,"Raymond James Maintains Outperform on Delta Air Lines, Lowers Price Target to $64",-0.282481568865478,DELTA AIR LINES INC,0.07554469048045576,1.6619471865829238,3.8874538942646586,-1.520770974457264,-0.18797416936647826,-0.4872603095090744
2019-10-10,91926.0,Virgin Atlantic And Delta Open Hi-Tech Export Facility At Heathrow,-1.520770974457264,DELTA AIR LINES INC,-0.28248156886547804,0.5084754353572363,2.0571616249020597,1.3533785939216614,1.049470710905065,0.20441703236753206
2019-10-10,91926.0,Delta Air Pilots Issue Press Release With Response To Q3 Earnings,-1.520770974457264,DELTA AIR LINES INC,-0.28248156886547804,0.5084754353572363,2.0571616249020597,1.3533785939216614,1.049470710905065,0.20441703236753206
2019-10-10,91926.0,Delta Posts Strong Income Gains Despite Slump In Cargo Revenue,-1.520770974457264,DELTA AIR LINES INC,-0.28248156886547804,0.5084754353572363,2.0571616249020597,1.3533785939216614,1.049470710905065,0.20441703236753206
2019-10-10,91926.0,From Delta Air Q3 Earnings Conference Call: Sees Retaining Market Share Which Was Gained Over Summer 2019,-1.520770974457264,DELTA AIR LINES INC,-0.28248156886547804,0.5084754353572363,2.0571616249020597,1.3533785939216614,1.049470710905065,0.20441703236753206
2019-10-10,91926.0,"From Delta Air Q3 Earnings Conference Call: Sees Sales Growth Over 2020 GDP, Sees Capacity Up 3-4 Points",-1.520770974457264,DELTA AIR LINES INC,-0.28248156886547804,0.5084754353572363,2.0571616249020597,1.3533785939216614,1.049470710905065,0.20441703236753206
2019-10-10,91926.0,Delta Air Lines shares are trading lower after the company reported worse-than-expected Q3 sales results. The company also issued Q4 EPS guidance below analyst estimates.,-1.520770974457264,DELTA AIR LINES INC,-0.28248156886547804,0.5084754353572363,2.0571616249020597,1.3533785939216614,1.049470710905065,0.20441703236753206
2019-10-10,91926.0,"Morgan Stanley Maintains Equal-Weight on Delta Air Lines, Lowers Price Target to $59",-1.520770974457264,DELTA AIR LINES INC,-0.28248156886547804,0.5084754353572363,2.0571616249020597,1.3533785939216614,1.049470710905065,0.20441703236753206
2019-10-10,91926.0,Delta Air Lines Reports Q3 Earnings Beat,-1.520770974457264,DELTA AIR LINES INC,-0.28248156886547804,0.5084754353572363,2.0571616249020597,1.3533785939216614,1.049470710905065,0.20441703236753206
2019-10-10,91926.0,"Delta Air Sees Q4 EPS $1.20-$1.50 vs $1.51 Estimate, System Capacity Up ~4.5% Year Over Year",-1.520770974457264,DELTA AIR LINES INC,-0.28248156886547804,0.5084754353572363,2.0571616249020597,1.3533785939216614,1.049470710905065,0.20441703236753206
2019-10-10,91926.0,"Delta Air Lines Q3 Adj. EPS $2.32 Beats $2.26 Estimate, Total Operating Sales $12.56B May Not Compare To $12.6B Estimate",-1.520770974457264,DELTA AIR LINES INC,-0.28248156886547804,0.5084754353572363,2.0571616249020597,1.3533785939216614,1.049470710905065,0.20441703236753206
2019-10-03,91926.0,Delta Air Lines shares are trading lower after Buckingham Research downgraded the stock from Buy to Neutral and lowered the price target from $74 to $58 per share.,-2.796681970357895,DELTA AIR LINES INC,1.8550056964159012,0.5110669319819516,1.0221410171465495,-4.66584786772728,-5.642361136909191,-6.743308702375939
2019-10-03,91926.0,"Credit Suisse Maintains Outperform on Delta Air Lines, Lowers Price Target to $71",-2.796681970357895,DELTA AIR LINES INC,1.8550056964159012,0.5110669319819516,1.0221410171465495,-4.66584786772728,-5.642361136909191,-6.743308702375939
2019-10-03,91926.0,"Buckingham Research Downgrades Delta Air Lines to Neutral, Lowers Price Target to $58",-2.796681970357895,DELTA AIR LINES INC,1.8550056964159012,0.5110669319819516,1.0221410171465495,-4.66584786772728,-5.642361136909191,-6.743308702375939
2019-10-03,91926.0,"'Fast Money Halftime Report' Traders Share Their Thoughts On Royal Dutch Shell, Delta And More",-2.796681970357895,DELTA AIR LINES INC,1.8550056964159012,0.5110669319819516,1.0221410171465495,-4.66584786772728,-5.642361136909191,-6.743308702375939
2019-10-03,91926.0,Delta Agrees to Raise Stake in Alitalia to 12%,-2.796681970357895,DELTA AIR LINES INC,1.8550056964159012,0.5110669319819516,1.0221410171465495,-4.66584786772728,-5.642361136909191,-6.743308702375939
2019-10-02,91926.0,Delta Projects Strong 3Q Despite Cargo Slump,-4.66584786772728,DELTA AIR LINES INC,-2.796681970357895,-0.7911688468436706,-2.1711136799220654,-1.024305820465088,-2.179136005495974,-3.011229158318862
2019-10-02,91926.0,Delta Sees Prelim. Q3 Adj. EPS $2.20-$2.30 vs $2.27 Est.,-4.66584786772728,DELTA AIR LINES INC,-2.796681970357895,-0.7911688468436706,-2.1711136799220654,-1.024305820465088,-2.179136005495974,-3.011229158318862
2019-10-02,91926.0,"Morgan Stanley Maintains Equal-Weight on Delta Air Lines, Lowers Price Target to $63",-4.66584786772728,DELTA AIR LINES INC,-2.796681970357895,-0.7911688468436706,-2.1711136799220654,-1.024305820465088,-2.179136005495974,-3.011229158318862
2019-10-31,92570.0,Dana shares are trading lower after the company reported worse-than-expected Q3 sales results.,-4.52941432595253,DANA INC,6.34627640247345,10.47443207516514,4.774124320207118,1.130282785743475,1.735493294974666,3.030302976168886
2019-10-30,92570.0,"Dana Sees FY19 Adj. EPS $2.85-$3.25 vs $3.06 Est., Sales $8.55B-$8.85B vs $8.78B Est.",1.130282785743475,DANA INC,-4.52941432595253,1.8823508035008096,0.5608519905655251,0.5984463728964329,1.8787846113817563,5.1282031828417285
2019-10-30,92570.0,"Dana Q3 Adj. EPS $0.74 Beats $0.73 Estimate, Sales $2.16B Miss $2.18B Estimate",1.130282785743475,DANA INC,-4.52941432595253,1.8823508035008096,0.5608519905655251,0.5984463728964329,1.8787846113817563,5.1282031828417285
2019-10-03,92570.0,"Dana, Valeo Report Collaboration To Supply Complete 48-Volt Electric Vehicle Systems, No Terms Disclosed",0.2191430889070034,DANA INC,-0.2915448974817991,-0.2915448747315308,11.66180297382633,-2.4928802624344826,-5.193906073471489,-3.7947996652036076
2019-10-31,89199.0,Deutsche Bank Approved Property Sale to Russian Businessman Despite Internal Objections,-1.49456700310111,DEUTSCHE BANK A G,1.9310327246785164,7.034486140726326,-0.551723239374724,-7.769422233104706,-8.571429196182967,-7.65369742349179
2019-10-30,89199.0,Deutsche Bank shares are trading lower ahead of its Q3 earnings announcement which is scheduled today during market hours.,-7.769422233104706,DEUTSCHE BANK A G,-1.4945670031011105,3.940217066061069,-1.0869550599851174,-0.8695673197507858,0.12547336514079355,1.0126571816907237
2019-10-25,89199.0,Deutsche Bank Shares Unaffected As Hearing Investors In Qatar Urging Bank's Chair To Leave,0.8860720321536064,DEUTSCHE BANK A G,1.0037691332399845,-7.277289144214471,-4.265993465913908,-1.1264040134847164,-0.12641919054459105,-2.227720824907131
2019-10-21,89199.0,Deutsche Bank Weighs Job Cuts Of At Least 10% In Rates Unit,2.020200155675411,DEUTSCHE BANK A G,-2.103961445391178,-0.37128406326467633,-5.198020901297317,0.25316430255770683,1.0204071675916193,1.7994840792906697
2019-10-14,89199.0,Deutsche Bank Did Not Flag 1M+ Suspect Transfers With Danske Bank Until Feb. 2019,1.20643638074398,DEUTSCHE BANK A G,3.0463578179478645,7.019863930344172,6.622516231043307,4.62832972407341,7.492794862616892,7.803467372863437
2019-10-10,89199.0,US Appeals Court Says Deutsche Bank Informed It Bank Does Not Have Pres Trump's Tax Returns,2.73775290697813,DEUTSCHE BANK A G,4.62832972407341,10.799438462518495,10.799438363212666,0.28901705518364906,-2.1156571925353806,-3.477051476542392
2019-10-04,15002.0,"DBV Technologies Shares Resume Trade, Up 12%",2.17889416962862,D B V TECHNOLOGIES S A,-7.74410292506218,-24.242422638768446,-15.03927816228754,2.5882383808493614,2.1077318594787675,1.3953473925793158
2019-10-04,15002.0,DBV Technologies To Resume Trade At 12:15 a.m. EDT,2.17889416962862,D B V TECHNOLOGIES S A,-7.74410292506218,-24.242422638768446,-15.03927816228754,2.5882383808493614,2.1077318594787675,1.3953473925793158
2019-10-04,15002.0,"DBV Technologies Announces FDA Acceptance Of BLA filing For Viaskin Peanut For The Treatment Of Peanut Allergy; Target Action Date Provided By FDA Is Aug. 5, 2020",2.17889416962862,D B V TECHNOLOGIES S A,-7.74410292506218,-24.242422638768446,-15.03927816228754,2.5882383808493614,2.1077318594787675,1.3953473925793158
2019-10-04,15002.0,"DBV Technologies Shares Halted, News Pending",2.17889416962862,D B V TECHNOLOGIES S A,-7.74410292506218,-24.242422638768446,-15.03927816228754,2.5882383808493614,2.1077318594787675,1.3953473925793158
2019-10-30,63132.0,"Ducommun Q3 EPS $0.7 Beats $0.62 Estimate, Sales $181.1M Beat $174.05M Estimate",0.712596345692873,DUCOMMUN INC DE,16.93396270275116,9.905653306325558,12.641501846262848,1.641719788312912,2.607847239404215,5.03991149850882
2019-10-15,63132.0,"Sidoti & Co. Maintains Neutral on Ducommun, Lowers Price Target to $42",-3.4759365022182456,DUCOMMUN INC DE,-0.5288317333906889,0.05036635114570309,6.018633669248485,-0.48379478976130486,1.7309613150844338,1.0314295968044673
2019-10-29,92716.0,"Stephens & Co. Initiates Coverage On Dime Community Bancshares with Equal-Weight Rating, Announces $23 Price Target",0.06150202243588865,DIME COMMUNITY BANCSHRS INC NEW,0.6453567184507847,3.47264044140021,2.642902820690196,1.7521945759654045,9.310926153682919,8.400001721560479
2019-10-24,92716.0,Dime Community Bancshares Q3 EPS $0.13 May Not Compare To $0.36 Estimate,-0.8333333767950535,DIME COMMUNITY BANCSHRS INC NEW,7.428568601608276,8.90756843595366,12.840335309613526,0.03334521024953574,0.23387802951650993,1.3856027627382028
2019-10-31,16851.0,DuPont Narrows FY19 Adj. EPS Guidance From $3.75-$3.85 To $3.77-$3.82 vs $3.80 Estimate,0.48789046704769123,DUPONT DE NEMOURS INC,5.659225583076477,8.648151541724868,6.205425733293457,-2.5987528264522552,-2.959017860035218,-1.8848200982341967
2019-10-31,16851.0,"DuPont de Nemours Q3 Adj. EPS $0.96 Beats $0.94 Estimate, Sales $5.426B Miss $5.44B Estimate",0.48789046704769123,DUPONT DE NEMOURS INC,5.659225583076477,8.648151541724868,6.205425733293457,-2.5987528264522552,-2.959017860035218,-1.8848200982341967
2019-10-16,16851.0,DuPont De Nemours shares are trading higher despite no company-specific news. This could potentially be a rebound after the stock dropped about 11% over the past month.,1.6015909612178798,DUPONT DE NEMOURS INC,-0.5704808048903942,0.04503646244768955,-1.5313081360346814,1.1728310026228428,0.6138641687441604,3.8327497226000817
2019-10-11,16851.0,"SunTrust Robinson Humphrey Maintains Hold on DuPont de Nemours, Lowers Price Target to $68",3.1992465257644653,DUPONT DE NEMOURS INC,-0.5524870939552784,0.5678254473857169,2.5936075244530787,-2.5767602026462555,-2.741834387714648,-5.337328084850823
2019-10-10,16851.0,DuPont Declares Q4 Dividend Of $0.30/Share,-2.576760202646255,DUPONT DE NEMOURS INC,3.1992465257644653,4.893892792088561,4.941404338635147,-0.16944025410339236,-2.8335825085951893,-4.900959543571492
2019-10-09,16851.0,"Citigroup Maintains Buy on DuPont de Nemours, Raises Price Target to $85",-0.16944025410339242,DUPONT DE NEMOURS INC,-2.5767602026462555,2.7773537827203043,2.8236410670613887,-2.6686640456318855,-4.7395499950230295,-4.697599069359915
2019-10-03,16851.0,"DuPont To Buy Evoqua Water's Membrane Unit, No Terms Disclosed",1.3087521307170389,DUPONT DE NEMOURS INC,0.04403813509270549,-7.3106330703939015,-2.774514823193408,-1.0448846034705639,-5.707474285452552,-4.284700633511063
2019-10-02,16851.0,DuPont De Nemours shares are trading lower after UBS lowered the price target from $91 to $87.,-1.044884603470564,DUPONT DE NEMOURS INC,1.308752130717039,-3.613920878048993,-0.9369384635397049,-4.711822792887688,-3.2740258217657803,-3.067049443195946
2019-10-02,16851.0,"UBS Maintains Buy on DuPont de Nemours, Lowers Price Target to $87",-1.044884603470564,DUPONT DE NEMOURS INC,1.308752130717039,-3.613920878048993,-0.9369384635397049,-4.711822792887688,-3.2740258217657803,-3.067049443195946
2019-10-01,16851.0,DuPont De Nemours shares are trading lower in symapthy with the broader market following weak PMI results.,-4.711822792887688,DUPONT DE NEMOURS INC,-1.0448846034705639,-4.459159535828183,-3.517291480054374,1.5088933520019054,1.7261043267904785,0.5640867391611293
2019-10-31,78664.0,3D Systems shares are trading higher after the company reported better-than-expected Q3 EPS and sales results.,8.457139879465103,3 D SYSTEMS CORP DEL,1.0537448339164257,1.47524078683956,-5.69019996772041,-0.11415786575525999,-2.015680818774279,1.3904970548441087
2019-10-30,78664.0,"3D Systems Q3 Adj. EPS $(0.04) Beats $(0.05) Estimate, Sales $155.3M Beat $151.11M Estimate",-0.11415786575525999,3 D SYSTEMS CORP DEL,8.457139879465103,10.285709596905136,4.8000005583847205,-1.903696171939373,1.5063745656537897,1.7421671374622472
2019-10-28,78664.0,3D Systems Wins Contract With America Makes And Department Of Defense To Help Reduce Part Corrosion,3.476247936487198,3 D SYSTEMS CORP DEL,-1.903696171939373,8.958557495894382,4.8152219415294795,0.23229336366057396,-0.23120814054030658,1.0538659606036171
2019-10-23,78664.0,3D Systems And Antleron Announce Collaboration To Accelerate 3D Printing Biomedical Breakthroughs,1.288052182644606,3 D SYSTEMS CORP DEL,-0.46242731623351574,1.156073971919036,11.560693980301174,2.644234150648117,3.2648064622182282,2.398079275821252
2019-10-18,78664.0,"3D Systems Says on Sept 20, Co Entered Into $2.2M Agreement of Settlement to Resolve 9 Related Previously Disclosed Stockholder Derivative Actions",-0.8393248543143272,3 D SYSTEMS CORP DEL,0.6045856513082981,4.353079106806734,15.961301204391965,2.4569999426603317,4.25000183863431,4.7738707035446915
2019-10-24,19350.0,'USDA Encourages Affected Producers to Contact Agents for Delayed Harvest' -USDA,-1.651428267359734,DEERE & CO,0.5810237489640713,1.1794775123167067,3.3583166215831017,-0.08563739829696715,0.5573758580605936,0.6209762076751391
2019-10-15,19350.0,'POTUS says he has an agreement in principal where Chinese buy up to $50B in US agriculture & financial services firms go into China w/o forced partnership. China's Ministry of Rural Affairs told us China has not agreed to such a number' -Tweet,2.1961800754070278,DEERE & CO,-0.9152003563940525,1.4538892473180187,0.8514834337473687,-1.181634608656168,0.6734145292462745,1.5021330724658055
2019-10-14,19350.0,"Deere To Acquire Unimil, No Terms Disclosed",-1.181634608656168,DEERE & CO,2.196180075407028,3.01900571487983,2.6164763721914674,1.8772311508655548,2.715859213511207,3.624898858700498
2019-10-11,19350.0,"Deere Sep. US, Canada Retail Sales For Rolling 3-Months: 4WD Tractors Inline With Industry, Combines Above Industry Average",1.8772311508655553,DEERE & CO,-1.181634608656168,1.7373508317793274,1.2635294246283069,0.8231751620769501,1.715464474340589,0.7505253566807424
2019-10-10,19350.0,'USDA lowers #corn and #soybean production yet again' -Tweet From Hoosier Ag Today,0.8231751620769501,DEERE & CO,1.8772311508655548,2.5864102157703517,2.5685324111804686,0.8850041776895523,-0.07205665292668861,-0.7513922726053779
2019-10-10,19350.0,"USDA Sees 2019/2020 Wheat End Stocks 1.043B Bushels, Soybean 460M Bushels, Corn 1.929B Bushels",0.8231751620769501,DEERE & CO,1.8772311508655548,2.5864102157703517,2.5685324111804686,0.8850041776895523,-0.07205665292668861,-0.7513922726053779
2019-10-09,19350.0,"Morgan Stanley Maintains Overweight on Deere, Raises Price Target to $180",0.8850041776895523,DEERE & CO,0.8231751620769501,2.7819534431585247,5.149316631890843,-0.9486651048064232,-1.6220413168767212,0.08493568163561172
2019-10-01,19350.0,Deere & Co To Layoff 163 Workers In US Indefinitely,-1.885222271084785,DEERE & CO,-1.3595166616141796,-0.32024092417939354,4.314199079018599,1.455550454556942,1.8274449017190664,2.579485593450981
2019-10-25,79686.0,"Wedbush Maintains Neutral on Deckers Outdoor, Raises Price Target to $154",-3.2944489270448676,DECKERS OUTDOOR CORP,-1.822640374302864,2.830056349564769,8.304611983271325,1.1212723329663277,-1.2719068302746162,-1.4589764296887076
2019-10-24,79686.0,Deckers Outdoor shares are trading higher after the company reported better-than-expected Q2 EPS and sales results. The company also issued FY20 EPS guidance above analyst estimates.,1.1212723329663281,DECKERS OUTDOOR CORP,-3.2944489270448685,-1.9997501240853865,3.8712943138527134,-2.366642653942108,-2.5516379522588784,-1.6697534645023437
2019-10-24,79686.0,"Deckers Outdoor Sees FY20 EPS $8.90-$9.05 Vs. $8.89 Estimate, Sales $2.115B-$2.140B Vs. $2.14B Estimate",1.1212723329663281,DECKERS OUTDOOR CORP,-3.2944489270448685,-1.9997501240853865,3.8712943138527134,-2.366642653942108,-2.5516379522588784,-1.6697534645023437
2019-10-24,79686.0,"Deckers Outdoor Corporation Q2 EPS $2.71 Beats $2.33 Estimate, Sales $542.2M Beat $528.96M Estimate",1.1212723329663281,DECKERS OUTDOOR CORP,-3.2944489270448685,-1.9997501240853865,3.8712943138527134,-2.366642653942108,-2.5516379522588784,-1.6697534645023437
2019-10-11,79686.0,"Stifel Nicolaus Upgrades Deckers Outdoor to Buy, Raises Price Target to $170",7.201006263494492,DECKERS OUTDOOR CORP,-0.44782087206840515,1.8367094562921071,-2.076840978096872,-0.20829206332564354,0.8914705608664253,-0.12508364962616758
2019-10-29,85726.0,Denny's Narrows FY19 Comps Growth Guidance From 1-3% To 1.5-2.5%,0.6523825693875551,DENNYS CORP,-3.842592239379883,-8.518518981632416,-10.18518843809807,-0.18605076475068927,0.7038930928866316,0.0932767768652587
2019-10-29,85726.0,"Denny's Q3 Adj. EPS $0.18 Beats $0.16 Estimate, Sales $124.3M Miss $126.63M Estimate",0.6523825693875551,DENNYS CORP,-3.842592239379883,-8.518518981632416,-10.18518843809807,-0.18605076475068927,0.7038930928866316,0.0932767768652587
2019-10-28,85726.0,Denny's And Beyond Meat To Launch Beyond Burder,-0.1860507647506893,DENNYS CORP,0.6523825693875551,-7.595522899666973,-8.713881629151244,0.8916026912629604,0.279848201334687,-0.7844950496932013
2019-10-24,76592.0,Morgan Stanley Assumes Diageo at Overweight,0.4471224267035723,DIAGEO PLC,-0.8717178367078304,1.3106616633695722,-1.0386353259506653,0.04970601876266301,0.09946147166599584,-0.3712219925299687
2019-10-02,76592.0,This Day In Market History: The Guinness IPO,-3.133412078022957,DIAGEO PLC,2.6788005605340004,4.094008016685469,2.9694194668955065,-0.07339186267927289,0.510541012118404,0.5971810970865743
2019-10-23,91343.0,An ETF For The End Of The European Malaise,0.4948821384459734,WISDOMTREE TRUST,-0.2547082956880331,0.3905578912846819,0.9254575849021895,-0.7788738235831261,0.061639518311196184,0.5318194864339931
2019-10-23,92121.0,"Wells Fargo Maintains Market Perform on Discover Financial, Raises Price Target to $86",-0.7763461209833622,DISCOVER FINANCIAL SERVICES,-0.9687019512057304,0.782420350327695,3.3035317825706567,0.8826442994177341,2.7995933684294316,2.4233220674101386
2019-10-23,92121.0,"Credit Suisse Maintains Outperform on Discover Financial, Raises Price Target to $99",-0.7763461209833622,DISCOVER FINANCIAL SERVICES,-0.9687019512057304,0.782420350327695,3.3035317825706567,0.8826442994177341,2.7995933684294316,2.4233220674101386
2019-10-23,92121.0,"JP Morgan Maintains Overweight on Discover Financial, Raises Price Target to $90",-0.7763461209833622,DISCOVER FINANCIAL SERVICES,-0.9687019512057304,0.782420350327695,3.3035317825706567,0.8826442994177341,2.7995933684294316,2.4233220674101386
2019-10-22,92121.0,Discover Financial Services shares are trading higher after the company reported better-than-expected Q3 EPS and sales results.,0.8826442994177341,DISCOVER FINANCIAL SERVICES,-0.7763461209833622,0.08625957191343847,2.4029536974792265,1.900177262723446,1.5271980415379582,2.3930816243614705
2019-10-22,92121.0,"Discover Financial Q3 EPS $2.36 Beats $2.29 Estimate, Sales $2.9B Beat $2.89B Estimate",0.8826442994177341,DISCOVER FINANCIAL SERVICES,-0.7763461209833622,0.08625957191343847,2.4029536974792265,1.900177262723446,1.5271980415379582,2.3930816243614705
2019-10-21,92121.0,Discover Announces a Series of Amazon Promotions for Cardholders,1.900177262723446,DISCOVER FINANCIAL SERVICES,0.8826442994177341,1.230728238601908,2.759822472678719,-0.36602411419153214,0.4837129579933874,-0.012659260863789878
2019-10-16,92121.0,3 Ways To Pay For That New Kitchen,-0.49398276023566723,DISCOVER FINANCIAL SERVICES,0.8528587408363819,2.494907247268663,3.2968482596207993,1.5434044413268566,2.0553210072925543,3.2026104273841893
2019-10-15,92121.0,"New School Year, New Decisions: 3 Questions To Ask Before Your Child Gets A Credit Card",1.543404441326857,DISCOVER FINANCIAL SERVICES,-0.49398276023566723,2.786579699738012,2.875242963371516,0.5041357129812241,1.6339869587650435,2.114526709315201
2019-10-03,92121.0,"Credit Cards For Kids: Pros, Cons And More",-0.3905681893229485,DISCOVER FINANCIAL SERVICES,1.8036821857094765,-0.013073083417192155,3.555092293587392,-2.698257938027382,-5.27808472615392,-5.766169057615988
2019-10-15,93096.0,"UPDATE: Morgan Stanley Maintains Overweight On Dollar General, Raises Target To $170 Notes 'Transition to self-distribution of Fresh products could drive as much as ~130 bps of EBIT margin expansion through 2022, which we think is not in Street numbers'",0.5334660410881041,DOLLAR GENERAL CORP NEW,0.10489181149750948,2.3014720179909354,-0.8946825291186511,-0.6409820169210434,0.4298544778569502,0.22381137025280218
2019-10-15,93096.0,"Morgan Stanley Maintains Overweight on Dollar General, Raises Price Target to $170",0.5334660410881041,DOLLAR GENERAL CORP NEW,0.10489181149750948,2.3014720179909354,-0.8946825291186511,-0.6409820169210434,0.4298544778569502,0.22381137025280218
2019-10-30,88963.0,"Donegal Group Q3 Adj. EPS $0.18 Beats $0.15 Estimate, Sales $189.82M Miss $196.32M Estimate",1.459346991032362,DONEGAL GROUP INC,1.8150676041841507,2.0917387033615453,3.12925375026214,0.3486763685941696,1.4094486919050686,1.6961182445634382
2019-10-28,92521.0,Digital Ally Shares Spike 9% Following Report Dept. Of Justice Will Allow Local Police Forces To Wear Body Cameras In Joint Operations,-2.419352531433105,DIGITAL ALLY INC NEW,2.4793364107608795,5.785118373633535,1.6198276553581525,-4.615380242466927,-3.8759652544401946,-6.060608918474442
2019-10-22,84373.0,"Quest Diagnostics Sees FY19 Adj. EPS $6.45-$6.50 vs $6.50 Est., Sales ~$7.72B vs $7.71B Est.",-1.495892461389303,QUEST DIAGNOSTICS INC,2.1538443863391876,0.208435857518241,0.0694786323426344,-0.37015865091234446,-2.339353121697585,-3.34530428117078
2019-10-22,84373.0,"Quest Diagnostics Q3 Adj. EPS $1.76 Beats $1.71 Estimate, Sales $1.96B Beat $1.94B Estimate",-1.495892461389303,QUEST DIAGNOSTICS INC,2.1538443863391876,0.208435857518241,0.0694786323426344,-0.37015865091234446,-2.339353121697585,-3.34530428117078
2019-10-21,84373.0,"UBS Maintains Neutral on Quest Diagnostics, Lowers Price Target to $102",-0.3701586509123445,QUEST DIAGNOSTICS INC,-1.4958924613893032,-1.8478679814638799,-1.1145868106707146,-1.9765106961131096,-2.986199305320558,-2.051325280677807
2019-10-29,86818.0,"Diamond Hill Inv Gr Q3 EPS $3.35 Down From $4.31 YoY, Sales $34.592M Down From $37.472M YoY; Declares $9/Share Special Dividend",1.708057895302773,DIAMOND HILL INVESTMENT GRP INC,1.9360512495040894,6.504836643756162,6.072161132658027,0.2167802071198821,-0.1786838188190365,-0.3122894972983681
2019-10-24,49680.0,Danaher shares are trading lower after the company cut its FY19 EPS guidance below analyst estimates.,-1.4517837204039101,DANAHER CORP,-0.4177714232355356,1.0114371462320193,-1.4218721560454783,0.9994127787649632,0.15915588717554385,0.31881922756533676
2019-10-24,49680.0,Danaher Cuts FY19 Adj. EPS Guidance From $4.75-$4.80 To $4.74-$4.77 vs $4.78 Estimate,-1.4517837204039101,DANAHER CORP,-0.4177714232355356,1.0114371462320193,-1.4218721560454783,0.9994127787649632,0.15915588717554385,0.31881922756533676
2019-10-24,49680.0,"Danaher Q3 Adj. EPS $1.16 Beats $1.15 Estimate, Sales $5.037B Beat $5.02B Estimate",-1.4517837204039101,DANAHER CORP,-0.4177714232355356,1.0114371462320193,-1.4218721560454783,0.9994127787649632,0.15915588717554385,0.31881922756533676
2019-10-14,49680.0,"Credit Suisse Reinstates Outperform on Danaher, Announces $151 Price Target",0.057671446120366454,DANAHER CORP,-0.8717627264559269,-0.4106680710726396,-1.8659915803658778,-0.028821913292631507,1.107874818104726,2.285803099798911
2019-10-29,90943.0,Euronav Sees Rising Constraints On Supertanker Capacity,0.3937035333365202,D H T HOLDINGS INC,4.052286967635155,-0.13072175113159057,-2.078969098529715,-1.8041281029582024,3.392130276626415,-0.910275355844703
2019-10-24,90943.0,"DHT Provides Inside Glimpse Of Crude-Tanker ""Frenzy""",-4.161250591278076,D H T HOLDINGS INC,5.291727930307388,4.884669584358647,-3.8233479926865876,3.9189182221889496,6.8055591193886045,6.954102811009322
2019-10-15,90943.0,DHT Holdings Option Alert: Nov 15 $8 Calls at the Ask: 3000 @ $0.25 vs 3322 OI; Earnings 10/31 After Close [est] Ref=$7.18,-6.258148699998856,D H T HOLDINGS INC,0.41724247857928276,2.920723836281569,6.397775072417855,2.677380107343197,5.212621593230149,6.973500676462363
2019-10-14,90943.0,"How ""Twilight Zone"" Tanker Rates Translate Into Cold, Hard Cash",2.677380107343197,D H T HOLDINGS INC,-6.258148699998856,-6.127773809281257,-0.6518929130088003,2.469133399426937,4.184096404317894,2.609884309700683
2019-10-29,85765.0,This Day In Market History: Black Tuesday,0.02215485292254016,SPDR DOW JONES IND AVG ETF TRUST,0.32118549570441246,1.454573239848278,2.3701457014783545,0.44880989007651806,1.0560439173870062,0.9581000067661716
2019-10-17,85765.0,UAE Royal Family Acquires Stake In CPI200 Crypto Price Index,0.1110849785618484,SPDR DOW JONES IND AVG ETF TRUST,-0.9494527243077755,-0.8236239168444848,0.10159785726120418,-0.05181505694054067,0.8287917058311001,0.7159841111732623
2019-10-17,85765.0,"Fed's Evans Says Unemployment Not So Low That High Inflation Is Urgent Threat, Says Fed Should Cautiously Probe For True Level Of Maximum Employment",0.1110849785618484,SPDR DOW JONES IND AVG ETF TRUST,-0.9494527243077755,-0.8236239168444848,0.10159785726120418,-0.05181505694054067,0.8287917058311001,0.7159841111732623
2019-10-10,85765.0,"Opening Statement on Final Rules to Tailor Enhanced Prudential Standards
and Resolution Plan Requirements for Large Domestic and Foreign Banks",0.5997863132506609,SPDR DOW JONES IND AVG ETF TRUST,1.188632007688284,2.026336709940235,1.1860233993168823,0.707242963835597,-0.4948242545314785,-0.8394229861520941
2019-10-10,85765.0,US Federal Reserve Unveils Final Rules Easing Capital And Liquidity Requirements For Domestic US Banks With Less Than $700 Billion In Assets,0.5997863132506609,SPDR DOW JONES IND AVG ETF TRUST,1.188632007688284,2.026336709940235,1.1860233993168823,0.707242963835597,-0.4948242545314785,-0.8394229861520941
2019-10-09,85765.0,"FOMC Minutes September 17-18, 2019: Full Statement",0.707242963835597,SPDR DOW JONES IND AVG ETF TRUST,0.5997863132506609,2.524387519540716,1.891677128165803,-1.1936253868043423,-1.5358040836676468,-0.16412471219835467
2019-10-30,76732.0,Dine Brands Cuts FY19 Adj. EPS Guidance From $6.80-$7.05 To $6.75-$7.00 vs $6.88 Est.,-0.05471332697197795,DINE BRANDS GLOBAL INC,0.10948656126856804,6.9111853728031525,8.170249540958796,1.9949780777096748,-0.6927494572602333,2.2660549830915144
2019-10-30,76732.0,"Dine Brands Global Q3 Adj. EPS $1.55 Beats $1.53 Estimate, Sales $186.86M Miss $227.13M Estimate",-0.05471332697197795,DINE BRANDS GLOBAL INC,0.10948656126856804,6.9111853728031525,8.170249540958796,1.9949780777096748,-0.6927494572602333,2.2660549830915144
2019-10-18,76732.0,"Barclays Maintains Overweight on Dine Brands Global, Lowers Price Target to $105",0.4288842901587486,DINE BRANDS GLOBAL INC,1.9562004134058952,1.4189371329105471,3.898611363103144,0.3331452840939164,-0.11056083725733412,2.2058788945058527
2019-10-25,81696.0,DISH Network shares are trading higher. This could potentially be a rebound after the stock dropped yesterday following Comcast reporting a loss in cable subscribers.,1.786227710545063,DISH NETWORK CORP,0.48907361924648285,0.28769353075523973,1.6110513747524813,-2.233033999800682,-2.761951713580335,-1.3290929952189723
2019-10-16,81696.0,UPDATE: Bernstein On Dish Also Notes 'A major equity or debt financing is one possible catalyst for underperformance. Would the FCC revoke a spectrum license? Would Big Tech be a benevolent strategic partner?',1.07620395720005,DISH NETWORK CORP,0.3741038031876087,0.5179865062157507,-1.0935283178618471,2.199767157435417,0.9395175033876102,3.7104056779800443
2019-10-16,81696.0,"UPDATE: Bernstein Initiates Dish With Underperform,$29 Tgt Notes 'Bulls think DISH's spectrum portfolio is an appreciating asset; we think FCC network buildout requirements mean that DISH's debt and capital requirements that are rising faster than its EV'",1.07620395720005,DISH NETWORK CORP,0.3741038031876087,0.5179865062157507,-1.0935283178618471,2.199767157435417,0.9395175033876102,3.7104056779800443
2019-10-16,81696.0,"Bernstein Initiates Coverage On DISH Network with Underperform Rating, Announces $29 Price Target",1.07620395720005,DISH NETWORK CORP,0.3741038031876087,0.5179865062157507,-1.0935283178618471,2.199767157435417,0.9395175033876102,3.7104056779800443
2019-10-11,81696.0,DISH Network shares are trading higher in sympathy with the overall market after President Trump made positive remarks on the U.S.-China trade talks. Trump is scheduled to meet with Chinese Vice Premier Liu He at the White House today.,2.745097503066063,DISH NETWORK CORP,-1.2331238016486168,2.0845538447010536,2.0551875994350155,1.4226713217794895,3.3354102592030976,-2.042795932410968e-07
2019-10-04,81696.0,"Citi Maintains Buy on DISH Network, Lowers Price Target to $40",0.3183733904734254,DISH NETWORK CORP,0.1964710419997573,2.946961656434377,5.092946503646512,0.15183491632342339,-2.1365019996337775,-3.1992959232023943
2019-10-04,81696.0,Sportradar Announces Partnership With DISH to Become the Company's Official Sports Data Provider,0.3183733904734254,DISH NETWORK CORP,0.1964710419997573,2.946961656434377,5.092946503646512,0.15183491632342339,-2.1365019996337775,-3.1992959232023943
2019-10-25,91215.0,Delek Logistics Partners Raises Quarterly Dividend From $0.79 To $0.88/Share,2.5177001953125,DELEK U S HOLDINGS INC NEW,1.560502965003252,2.8651801443152713,-0.5628069610949527,0.8196758106350899,-0.46985198060409683,0.4743090843025488
2019-10-15,91215.0,Delek US shares are trading higher. Not seeing any news to justify the price action.,6.903465837240219,DELEK U S HOLDINGS INC NEW,-2.9206864535808563,2.652737611047895,8.520901292640204,-2.4587903171777725,-1.9106499203792704,-0.6262488268542032
2019-10-25,89540.0,"Goldman Sachs Upgrades Dick's Sporting Goods to Buy, Raises Price Target to $45",1.102210581302643,DICKS SPORTING GOODS INC,-2.8741324320435524,-4.236865946588075,1.9078304345983899,-0.4240508656948805,-1.2614448377266552,-0.7212159501910786
2019-10-18,89540.0,"Bank of America Reiterates Neutral on Dick's Sporting Goods, Raises Price Target to $43",1.608376577496529,DICKS SPORTING GOODS INC,1.0301504284143448,1.4070386688947334,-2.8894416199110817,1.005671452730894,0.6164856178836997,2.566115580404005
2019-10-03,88287.0,Delta Apparel Shares Positive Q4 Preliminary Results,0.7659587543457748,DELTA APPAREL INC,-1.0979739017784595,0.38006830965728877,5.0675627434350945,-0.04253606603015214,-1.0526315480381743,1.9080683985749358
2019-10-03,88287.0,Delta Apparel Sees Prelim. Q4 Sales $104M-$106M vs $105.7M Estimate; FY19 Sales $428M-$430M vs $429.5M Est.,0.7659587543457748,DELTA APPAREL INC,-1.0979739017784595,0.38006830965728877,5.0675627434350945,-0.04253606603015214,-1.0526315480381743,1.9080683985749358
2019-10-15,10257.0,DLH Sees Prelim. FY19 Sales ~$159M,3.286381810903549,D L H HOLDINGS CORP,-0.7568164262920618,-0.22727783117988398,-5.681818132213479,0.0,0.0,-0.6992944981902838
2019-10-24,91326.0,A Dynamo Among Dividend ETFs,-0.08948165341280401,WISDOMTREE TRUST,0.41119614616036415,0.8424470785423299,2.8006252212195326,0.0996030168607831,0.08957959380810898,0.8162572405958413
2019-10-30,90373.0,"Wells Fargo Maintains Outperform on Digital Realty Trust, Raises Price Target to $140",-0.9035858325660229,DIGITAL REALTY TRUST INC,-1.8313907086849213,-5.1850758398141465,-10.26196302306942,-1.2775948271155357,-1.6789721984561412,-2.7986673649308957
2019-10-30,90373.0,William Blair Upgrades Digital Realty Trust to Outperform,-0.9035858325660229,DIGITAL REALTY TRUST INC,-1.8313907086849213,-5.1850758398141465,-10.26196302306942,-1.2775948271155357,-1.6789721984561412,-2.7986673649308957
2019-10-29,90373.0,Digital Realty Trust shares are trading lower after the company reported worse-than-expected Q3 EPS and sales results.,-1.2775948271155362,DIGITAL REALTY TRUST INC,-0.9035858325660229,-5.559380395501523,-11.095794939403635,-0.4065717104822397,-1.5407571717399149,-2.5489955647697182
2019-10-29,90373.0,"Digital Realty Trust Q3 EPS $0.24 Misses $0.29 Estimate, Sales $806.466M Miss $814.71M Estimate",-1.2775948271155362,DIGITAL REALTY TRUST INC,-0.9035858325660229,-5.559380395501523,-11.095794939403635,-0.4065717104822397,-1.5407571717399149,-2.5489955647697182
2019-10-29,90373.0,"Digital Realty, Interxion Announce Merger Agreement",-1.2775948271155362,DIGITAL REALTY TRUST INC,-0.9035858325660229,-5.559380395501523,-11.095794939403635,-0.4065717104822397,-1.5407571717399149,-2.5489955647697182
2019-10-08,90373.0,"KeyBanc Maintains Overweight on Digital Realty Trust, Raises Price Target to $135",0.5769573617726564,DIGITAL REALTY TRUST INC,1.2868245132267475,0.6123978857355272,4.503873975121042,-1.5429566614329815,-1.0721167780297747,0.46999128415887714
2019-10-01,90373.0,Digital Realty Prices Preferred 12M Share Preferred Stock Offering At $25/Share,-0.5777675192803143,DIGITAL REALTY TRUST INC,-1.084762066602707,-0.04648808806851923,0.5656251055985662,0.7450457196682692,0.995875513696376,1.6761960128693243
2019-10-22,81481.0,"Wells Fargo Maintains Outperform on Dollar Tree, Raises Price Target to $140",1.4996999874711041,DOLLAR TREE INC,-1.5282043255865574,-4.947653269249496,-4.356639346871982,-0.24790640454739332,-0.5793646508349126,-0.17963991264965395
2019-10-14,81481.0,"Credit Suisse Maintains Outperform on Dollar Tree, Raises Price Target to $125",-0.1475872821174562,DOLLAR TREE INC,1.2954317033290863,1.4519265099177892,-1.391061202513233,1.1236930266022682,1.9470790598034693,2.4093163326300626
2019-10-11,81481.0,UBS On Dollar Tree: DT Plus Supports Stock's Bull Case,1.123693026602268,DOLLAR TREE INC,-0.1475872821174562,1.553955127758888,-0.5556033492283619,0.8142365142703056,1.2713373765825597,1.5602710171215728
2019-10-09,81481.0,"Dollar Tree & Family Dollar To Hire More Than 25,000 Associates In Nationwide Hiring Event On October 16",0.4534090403467417,DOLLAR TREE INC,0.8142365142703056,3.460486549210273,3.221523496206169,0.28530643321573734,-2.8040572536639607,-0.3896518226728096
2019-10-07,81481.0,"Dollar Tree shares are trading higher after a company executive and director Bob Sasser sold 70,000 shares at an average price of $115.92. When an insider sells shares, the market may perceive it as a sign of weak confidence in the company's outlook.",-3.0805746093392368,DOLLAR TREE INC,0.28530643321573734,2.5499223526653347,4.038871861203797,2.4840598925948143,2.348101940586522,2.1854291886964416
2019-10-24,61743.0,"Deluxe Q3 EPS $1.71 Beats $1.59 Estimate, Sales $493.6M Miss $496.2M Estimate",0.4872141405940056,DELUXE CORP,4.02020551264286,4.707074547548973,5.979796026720585,0.8393037132918835,1.7348207422642314,1.8189277677937987
2019-10-15,61743.0,"Deluxe Reports Alight Solutions Has Selected Co. eChecks Payment Solution For Payroll Payment Disbursement, No Terms Disclosed",3.4028522670269012,DELUXE CORP,0.4670938942581415,3.715499045841142,13.439494980548883,0.021955031843390316,0.9977843871392444,0.8189440263701497
2019-10-03,61743.0,"Deluxe Reports New Deal With Ingram Micro To Bring Products, Marketing Solutions, No Terms Disclosed",-1.212124153971672,DELUXE CORP,-0.4162984900176525,-1.1831747087334366,5.214726105999046,-4.407202452421188,-6.02115341330931,-5.482815418358744
2019-10-14,14036.0,Bank of America Initiates Coverage On Physicians Realty Trust with Neutral Rating,-0.39885868318378936,PHYSICIANS REALTY TRUST,0.22883820347487926,3.604125185919682,3.4324965322797274,-0.2840974135324359,-0.22740714467666123,-0.22740714467666123
2019-10-18,25953.0,"Morgan Stanley Maintains Equal-Weight on Dover, Raises Price Target to $109",0.8285697549581528,DOVER CORP,1.2424150481820107,1.3989437578813213,4.314220231189303,5.802543833851814,5.626165487132395,5.703256501010023
2019-10-18,25953.0,"Citigroup Maintains Buy on Dover, Raises Price Target to $115",0.8285697549581528,DOVER CORP,1.2424150481820107,1.3989437578813213,4.314220231189303,5.802543833851814,5.626165487132395,5.703256501010023
2019-10-18,25953.0,"Baird Maintains Neutral on Dover, Raises Price Target to $110",0.8285697549581528,DOVER CORP,1.2424150481820107,1.3989437578813213,4.314220231189303,5.802543833851814,5.626165487132395,5.703256501010023
2019-10-18,25953.0,"Barclays Maintains Overweight on Dover, Raises Price Target to $116",0.8285697549581528,DOVER CORP,1.2424150481820107,1.3989437578813213,4.314220231189303,5.802543833851814,5.626165487132395,5.703256501010023
2019-10-17,25953.0,Dover shares are trading higher after the company reported better-than-expected Q3 EPS and sales results.,5.802543833851814,DOVER CORP,0.8285697549581528,1.7064543897547857,2.4758356493769673,-0.16670520417392254,-0.09384210364329348,-1.5817593087378068
2019-10-17,25953.0,"Dover Q3 Adj. EPS $1.6 Beats $1.51 Estimate, Sales $1.825B Beat $1.8B Estimate",5.802543833851814,DOVER CORP,0.8285697549581528,1.7064543897547857,2.4758356493769673,-0.16670520417392254,-0.09384210364329348,-1.5817593087378068
2019-10-10,25953.0,Dover Fueling Solutions Announces Collaboration With ChargePoint For Electric Vehicle Charging,1.6491765156388278,DOVER CORP,2.5705883279442787,6.805730225667261,8.628321297612796,1.511033158749342,-1.331363211941794,-1.7052660452850255
2019-10-10,25953.0,"JP Morgan Maintains Neutral on Dover, Raises Price Target to $93",1.6491765156388278,DOVER CORP,2.5705883279442787,6.805730225667261,8.628321297612796,1.511033158749342,-1.331363211941794,-1.7052660452850255
2019-10-25,18428.0,"Credit Suisse Maintains Outperform on Dow, Lowers Price Target to $54",2.041637897491455,DOW INC,1.4461163431406021,3.6252018578992518,10.915218322122877,4.742752015590668,5.659977841835673,4.987271680654826
2019-10-25,18428.0,"Barclays Maintains Equal-Weight on Dow, Lowers Price Target to $54",2.041637897491455,DOW INC,1.4461163431406021,3.6252018578992518,10.915218322122877,4.742752015590668,5.659977841835673,4.987271680654826
2019-10-24,18428.0,Now Expect To Deliver About $700M Of Savings This Year With $100M To Be Realized In H1 2020,4.742752015590668,DOW INC,2.041637897491455,2.061856460753919,12.795629366596772,0.8756938390433788,0.23344781415306493,-1.5221008795315294
2019-10-24,18428.0,From Dow Q3 Earnings Conference Call: Sees Q4 Sales $9.8B-$10.2B vs $10.95B Estimate,4.742752015590668,DOW INC,2.041637897491455,2.061856460753919,12.795629366596772,0.8756938390433788,0.23344781415306493,-1.5221008795315294
2019-10-24,18428.0,Dow shares are trading higher after the company reported better-than-expected Q3 operating EPS results.,4.742752015590668,DOW INC,2.041637897491455,2.061856460753919,12.795629366596772,0.8756938390433788,0.23344781415306493,-1.5221008795315294
2019-10-24,18428.0,"Dow Q3 Operating EPS $0.91 Beats $0.74 Estimate, Sales $10.764B Miss $10.77B Estimate",4.742752015590668,DOW INC,2.041637897491455,2.061856460753919,12.795629366596772,0.8756938390433788,0.23344781415306493,-1.5221008795315294
2019-10-11,18428.0,"SunTrust Robinson Humphrey Maintains Hold on Dow, Lowers Price Target to $46",4.919864237308502,DOW INC,-0.6577580235898495,1.7610821328322812,7.107995825766733,2.06771157681942,2.4401361793781717,-0.5534647340388554
2019-10-09,18428.0,"Citigroup Maintains Neutral on Dow, Lowers Price Target to $48",0.3648799378424883,DOW INC,2.06771157681942,7.066577492889459,7.316522012027082,-2.922292985022068,-3.286285104381559,-3.222253027574551
2019-10-02,18428.0,"UBS Maintains Buy on Dow, Lowers Price Target to $56",-2.262347005307674,DOW INC,0.8457624353468418,-2.0476340367507118,4.87424581016096,-3.5257089883089066,-2.336941880788501,-2.6677925053799956
2019-10-14,86144.0,Amdocs Earlier Reported It Will Provided VodafoneZiggo  With Amdocs Network Function Virtualization,-0.969696044921875,AMDOCS LTD,1.300487294793129,0.7037930255461733,-0.44369781645339224,0.9174288250505924,0.4872102502400111,1.1029430549475139
2019-10-30,90248.0,"Domino's Pizza Reports Certain Of Its Subsidiaries Intend To Complete Recapitalization Transaction, Including Issuance Of New Series Of Securitized Debt Under Existing Facility",2.933354116976261,DOMINOS PIZZA INC,0.26578118558973074,2.55445314495637,3.13768925870912,-2.330586686730385,-3.1536365221321416,-0.15933738333919756
2019-10-23,90248.0,CL King Initiates Coverage On Domino's Pizza with Neutral Rating,-1.135399099439383,DOMINOS PIZZA INC,2.968752384185791,5.820310118647143,8.52344035847552,0.5514187272638083,1.2671120450855833,0.9709456445121223
2019-10-16,90248.0,"Citigroup Maintains Neutral on Domino's Pizza, Lowers Price Target to $285",0.0899429025594145,DOMINOS PIZZA INC,0.19143830286338925,0.015624808563696746,5.836844339524672,1.3996823690831661,-0.7991050117373555,0.3768070996863271
2019-10-10,90248.0,Domino's 13G Filing From Capital World Shows New 10.8% Stake,2.651195414364338,DOMINOS PIZZA INC,1.1853845790028572,0.6594214034404855,3.465871829765943,-2.086947113275528,2.4689301788198836,2.5027867914508173
2019-10-09,90248.0,Bank Of America On Domino's Also Notes 'We also expect a substantial near-term addition of debt (we model $600mn) in a refinancing move that could be as much as $0.20 accretive to 2020 estimates and would be supportive of near-term technicals',-2.086947113275528,DOMINOS PIZZA INC,2.651195414364338,3.130667767707984,3.146781737117177,4.652982577681541,4.687560819941128,4.162724371579207
2019-10-09,90248.0,"Bank Of America Maintains Buy, $295 Target On Domino's As Firm Notes 'While DPZ's modest G&A belt-tightening could limit a big medium- term sales ramp, it also demonstrates the flex in the earnings model after years of heavy growth opex spending'",-2.086947113275528,DOMINOS PIZZA INC,2.651195414364338,3.130667767707984,3.146781737117177,4.652982577681541,4.687560819941128,4.162724371579207
2019-10-09,90248.0,"Morgan Stanley Maintains Overweight, $287 Target On Domino's Notes Co's 'Still seeing increased aggregator pressures on top line, but DPZ proved adept & flexible in managing costs and product pipeline, and sees growth in its insulated carryout business'",-2.086947113275528,DOMINOS PIZZA INC,2.651195414364338,3.130667767707984,3.146781737117177,4.652982577681541,4.687560819941128,4.162724371579207
2019-10-09,90248.0,"Despite Lackluster Quarter, Sell-Side Says Domino's Will Eventually Beat Back New Third-Party Delivery Competition",-2.086947113275528,DOMINOS PIZZA INC,2.651195414364338,3.130667767707984,3.146781737117177,4.652982577681541,4.687560819941128,4.162724371579207
2019-10-09,90248.0,"UPDATE: JP Morgan Maintains Overweight On Domino's, Raises Target To $275 As Firm Notes '3Q Better Than Feared, Guide More Realistic & Stock Still Well-Priced vs Peers'",-2.086947113275528,DOMINOS PIZZA INC,2.651195414364338,3.130667767707984,3.146781737117177,4.652982577681541,4.687560819941128,4.162724371579207
2019-10-09,90248.0,"UPDATE: Wells Fargo On Domino's Notes 'With the company lowering its domestic and international SSS outlook for the next 2-3 years..., a bit of the bear overhang was removed from the stock, in our view'",-2.086947113275528,DOMINOS PIZZA INC,2.651195414364338,3.130667767707984,3.146781737117177,4.652982577681541,4.687560819941128,4.162724371579207
2019-10-09,90248.0,"UPDATE: Wells Fargo Maintains Market Perform On Domino's, Raises Target To $271 'With Outlook Revision Removed, Eyes Shift To The Price Of Convenience'",-2.086947113275528,DOMINOS PIZZA INC,2.651195414364338,3.130667767707984,3.146781737117177,4.652982577681541,4.687560819941128,4.162724371579207
2019-10-09,90248.0,"Wells Fargo Maintains Market Perform on Domino's Pizza, Raises Price Target to $271",-2.086947113275528,DOMINOS PIZZA INC,2.651195414364338,3.130667767707984,3.146781737117177,4.652982577681541,4.687560819941128,4.162724371579207
2019-10-09,90248.0,"JP Morgan Maintains Overweight on Domino's Pizza, Raises Price Target to $275",-2.086947113275528,DOMINOS PIZZA INC,2.651195414364338,3.130667767707984,3.146781737117177,4.652982577681541,4.687560819941128,4.162724371579207
2019-10-09,90248.0,Argus Research Downgrades Domino's Pizza to Hold,-2.086947113275528,DOMINOS PIZZA INC,2.651195414364338,3.130667767707984,3.146781737117177,4.652982577681541,4.687560819941128,4.162724371579207
2019-10-08,90248.0,Domino's Pizza shares are trading higher despite reporting weak Q3 earnings results.,4.6529825776815406,DOMINOS PIZZA INC,-2.086947113275528,0.8876439984919715,2.154018762285914,0.03304085694253445,-0.4684608063973972,0.190281987345986
2019-10-08,90248.0,Domino's Pizza Expects To Be Near The Low End Of Prior Guidance Of 2%-4% Rise For Store Food Basket Pricing In US System In FY2019,4.6529825776815406,DOMINOS PIZZA INC,-2.086947113275528,0.8876439984919715,2.154018762285914,0.03304085694253445,-0.4684608063973972,0.190281987345986
2019-10-08,90248.0,Domino's Pizza Inc Exec Says Continues To Feel Some Pressure From Entry Of Many Non-pizza QSR Players Who Are Enabled By Third-party Aggregators; Carryout Business In The US Is Now Approaching 45% Of Our Total Orders,4.6529825776815406,DOMINOS PIZZA INC,-2.086947113275528,0.8876439984919715,2.154018762285914,0.03304085694253445,-0.4684608063973972,0.190281987345986
2019-10-08,90248.0,Domino's Pizza Sees FY19 G&A Expense Of $380M-$385M Compared To Prior Guidance Of $390M-$395M,4.6529825776815406,DOMINOS PIZZA INC,-2.086947113275528,0.8876439984919715,2.154018762285914,0.03304085694253445,-0.4684608063973972,0.190281987345986
2019-10-08,90248.0,"Stephens Maintains Overweight, $300 Target On Domino's As Firm Continues To Believe In Co's Long-Term Competitive Advantage, 'though we believe it will take a stabilizing 2-year trend for the market to re-rate DPZ to its prior valuation range'",4.6529825776815406,DOMINOS PIZZA INC,-2.086947113275528,0.8876439984919715,2.154018762285914,0.03304085694253445,-0.4684608063973972,0.190281987345986
2019-10-08,90248.0,Domino's Pizza Says Continues To Experience Pressure On Delivery Business Comp From Fortressing Strategy And Aggressive Competitive Activity,4.6529825776815406,DOMINOS PIZZA INC,-2.086947113275528,0.8876439984919715,2.154018762285914,0.03304085694253445,-0.4684608063973972,0.190281987345986
2019-10-08,90248.0,Domino's Pizza Trades Lower On Q3 Earnings Miss,4.6529825776815406,DOMINOS PIZZA INC,-2.086947113275528,0.8876439984919715,2.154018762285914,0.03304085694253445,-0.4684608063973972,0.190281987345986
2019-10-08,90248.0,Domino's Pizza Q3 Same Store Sales Up 2.4% YoY,4.6529825776815406,DOMINOS PIZZA INC,-2.086947113275528,0.8876439984919715,2.154018762285914,0.03304085694253445,-0.4684608063973972,0.190281987345986
2019-10-08,90248.0,"Domino's Pizza Q3 EPS $2.05 Misses $2.07 Estimate, Sales $820.81M Miss $824.62M Estimate",4.6529825776815406,DOMINOS PIZZA INC,-2.086947113275528,0.8876439984919715,2.154018762285914,0.03304085694253445,-0.4684608063973972,0.190281987345986
2019-10-07,90248.0,Domino's Pizza Q3 Earnings Outlook,0.033040856942534454,DOMINOS PIZZA INC,4.652982577681541,4.124516004368872,6.320953807397145,-0.5013360176235437,0.1571891937468095,-1.4810592817681933
2019-10-07,90248.0,US Supreme Court Declines To Hear Domino's Pizza Bid To Fend Off Claim That Its Website Is Covered By Federal Disability Law,0.033040856942534454,DOMINOS PIZZA INC,4.652982577681541,4.124516004368872,6.320953807397145,-0.5013360176235437,0.1571891937468095,-1.4810592817681933
2019-10-04,90248.0,"Wedbush Likes Domino's Pizza, Says Pressure From Third-Party Delivery Is 'Unsustainable'",-0.5013360176235437,DOMINOS PIZZA INC,0.03304085694253445,6.467601611077645,5.604424143318876,0.6618432700634003,-0.9846597179618222,-0.5069668879092992
2019-10-04,90248.0,UPDATE: Wedbush On Domino's Also Notes 'The health of DPZ's domestic system can withstand a near-term challenge as management executes an offensive strategy',-0.5013360176235437,DOMINOS PIZZA INC,0.03304085694253445,6.467601611077645,5.604424143318876,0.6618432700634003,-0.9846597179618222,-0.5069668879092992
2019-10-04,90248.0,"UPDATE: Wedbush Initiates Domino's With Outperform, Announces $280 Target As Firm Views Current Economics Of Third Party Delivery 'as unsustainable beyond the near-term from the point of view of both restaurants and third party marketplaces'",-0.5013360176235437,DOMINOS PIZZA INC,0.03304085694253445,6.467601611077645,5.604424143318876,0.6618432700634003,-0.9846597179618222,-0.5069668879092992
2019-10-04,90248.0,"Wedbush Initiates Coverage On Domino's Pizza with Outperform Rating, Announces $280 Price Target",-0.5013360176235437,DOMINOS PIZZA INC,0.03304085694253445,6.467601611077645,5.604424143318876,0.6618432700634003,-0.9846597179618222,-0.5069668879092992
2019-10-02,90248.0,"Wells Fargo Maintains Market Perform on Domino's Pizza, Lowers Price Target to $261",-1.6356773674488072,DOMINOS PIZZA INC,0.6618432700634003,2.663910095576294,5.8779760380072155,0.4824432544410229,2.2082664789708994,2.635094591050824
2019-10-18,81655.0,"Barclays Maintains Overweight on Darden Restaurants, Lowers Price Target to $126",1.2002909556031232,DARDEN RESTAURANTS INC,-0.2625561784952879,1.7383484367965885,1.5572668462394912,-0.7818187586963177,-1.0427069945416756,-1.186054890449073
2019-10-24,85424.0,"Dril-Quip Q3 EPS $(0.04) Down From $0.05 YoY, Sales $108M Up From $93.257M YoY",0.1035395194776356,DRIL QUIP INC,-9.143570810556412,-15.142738575274628,-7.15763201544688,0.541332783177495,2.8541003073063953,5.598078550752006
2019-10-08,85424.0,"Morgan Stanley Maintains Underweight on Dril-Quip, Lowers Price Target to $42",-1.99708566069603,DRIL QUIP INC,0.9127580560743809,7.726596228902638,1.952872752777557,0.020803831284865737,-0.5379725242370959,1.3707329060448359
2019-10-21,88626.0,DURECT Reports DUR-928 Phase 2a Study Results Selected For Late-Breaking Oral Presentation At 2019 The Liver Meeting,-0.5025120917707682,DURECT CORP,0.0,-5.0505061328863565,-3.0303063097274263,1.5306107699871063,6.417112456620178,7.567566564975126
2019-10-07,88626.0,DURECT Announces Completion of Enrollment in its Phase 2a Clinical Trial of DUR-928 in Psoriasis and 50% Enrollment in its Phase 1b DUR-928 Clinical Trial in NASH,-1.069517713040113,DURECT CORP,-1.6216199845075607,-2.702706843276359,7.027026270322856,2.185790240764618,3.888891972669173,10.650884560862007
2019-10-02,88626.0,Durect shares are trading higher after the company announced the FDA Advisory Committee plans to meet to review POSIMIR for the treatment of post-surgical pain.,6.508869677782059,DURECT CORP,1.6666717827320099,-1.6666650917322445,3.8888916467326506,-8.152172714471817,-14.646462585652698,-22.47706423873432
2019-10-02,88626.0,DURECT Announces FDA Advisory Committee Meeting To Review POSIMIR For The Treatment Of Post-Surgical Pain; Meeting Scheduled For Jan. 16,6.508869677782059,DURECT CORP,1.6666717827320099,-1.6666650917322445,3.8888916467326506,-8.152172714471817,-14.646462585652698,-22.47706423873432
2019-10-10,90630.0,Diana Shipping Reports Time Charter Contract With Al Ghurair Resources For m/v Polymnia At $14.5K/Day Minus 5% Commission Paid For 12-14 Months,0.0,DIANA SHIPPING INC,-1.7142841592431068,2.5714259160397823,12.85714414272443,1.7441842705011368,0.8645523612178074,1.744184189615683
2019-10-30,11674.0,DTE Energy Prices 2.4M Share Offering @$126/Share,0.3238831413909793,D T E ENERGY CO,0.25196827482432127,-2.4409436411613306,-3.448816795522369,0.7240579463541508,-1.2635599622749405,-1.951827294118691
2019-10-28,11674.0,DTE Reports Intent To Begin $300M Common Stock Offering Including 23M Equity Units,-1.9733298569917679,D T E ENERGY CO,0.7240579463541508,-0.4933185255900585,-3.954488536355605,-0.6970752961933613,-0.8583363469375715,-0.5969832894145433
2019-10-28,11674.0,DTE Energy Sees FY2020 EPS $6.47-6.75 vs $6.59 Est,-1.9733298569917679,D T E ENERGY CO,0.7240579463541508,-0.4933185255900585,-3.954488536355605,-0.6970752961933613,-0.8583363469375715,-0.5969832894145433
2019-10-28,11674.0,DTE Energy Raises FY2019 EPS Guidance from $6.02-6.38 to $6.06-6.40 vs $6.24 Est,-1.9733298569917679,D T E ENERGY CO,0.7240579463541508,-0.4933185255900585,-3.954488536355605,-0.6970752961933613,-0.8583363469375715,-0.5969832894145433
2019-10-28,11674.0,DTE Energy Q3 EPS $1.91 Misses $1.98 Estimate,-1.9733298569917679,D T E ENERGY CO,0.7240579463541508,-0.4933185255900585,-3.954488536355605,-0.6970752961933613,-0.8583363469375715,-0.5969832894145433
2019-10-21,11674.0,UPDATE: Bank Of America On DTE Energy Also Notes 'Our PO decreases to $136 from $137 on the updated GSP forecast and m-t-m of peer group electric and gas multiples',1.460656989365816,D T E ENERGY CO,-0.1702795852907002,-2.7244556233399164,-3.2043339046185393,-1.6527645289897919,-1.4853769923949711,-1.3097748650865881
2019-10-21,11674.0,"UPDATE: Bank Of America Upgrades DTE Energy To Neural, Lowers Target From $137 To $136 As Firm Notes 'Following recent share price pressure, we suspect shares have more balanced risk-reward, with M&A backdrop now reduced'",1.460656989365816,D T E ENERGY CO,-0.1702795852907002,-2.7244556233399164,-3.2043339046185393,-1.6527645289897919,-1.4853769923949711,-1.3097748650865881
2019-10-21,11674.0,Bank of America Upgrades DTE Energy to Neutral,1.460656989365816,D T E ENERGY CO,-0.1702795852907002,-2.7244556233399164,-3.2043339046185393,-1.6527645289897919,-1.4853769923949711,-1.3097748650865881
2019-10-18,11674.0,"DTE Energy Confirms Earlier Report of Acquisition of M5 Midstream for $2.25B in Cash, Plus $400M Milestone Payment",-1.6527645289897919,D T E ENERGY CO,1.4606569893658161,0.6832184246961859,-0.26699884457577205,0.1702005509287119,0.3487537420452602,1.0693896808597003
2019-10-18,11674.0,DTE Energy Near Deal to Acquire M5 Midstream for $2.5B,-1.6527645289897919,D T E ENERGY CO,1.4606569893658161,0.6832184246961859,-0.26699884457577205,0.1702005509287119,0.3487537420452602,1.0693896808597003
2019-10-08,11674.0,"JP Morgan Initiates Coverage On DTE Energy with Neutral Rating, Announces $144 Price Target",-1.713857613503933,D T E ENERGY CO,-0.24580741301178932,-0.8833875730412721,-0.9217983566106924,0.15879571437835693,1.408771425087063,0.9373538498768763
2019-10-07,11674.0,"Mizuho Upgrades DTE Energy to Buy, Raises Price Target to $137",0.15879571437835688,D T E ENERGY CO,-1.713857613503933,-3.2767055575215864,-2.4537563195930256,1.2479939498007298,0.7773237786511844,-0.7132644833879209
2019-10-17,27959.0,"Morgan Stanley Maintains Equal-Weight on Duke Energy, Raises Price Target to $96",0.04204868746455759,DUKE ENERGY CORP NEW,0.18913556123152375,0.9456777706161823,-0.9561795184478639,0.13683921424672008,4.112399309974535e-09,-0.8752776269083773
2019-10-14,27959.0,"JP Morgan Maintains Neutral on Duke Energy, Raises Price Target to $102",-0.8752776309847832,DUKE ENERGY CORP NEW,-0.13665221631526947,0.21024344843838527,-1.0827276405255826,-0.3323290962725878,-0.06247792479822101,-0.12487783556034415
2019-10-25,90029.0,Dynavax Technologies shares are trading higher in sympathy with the overall market on optimism around the U.S.-China trade deal.,5.0314515829086295,DYNAVAX TECHNOLOGIES CORP,2.3952072486281395,11.177643325552623,4.990020042690557,-1.851855032145977,-0.20920994184824293,11.709601699949568
2019-10-22,90029.0,Dynavax Technologies shares are trading higher. Not seeing any news to justify the price action.,11.943799257278439,DYNAVAX TECHNOLOGIES CORP,1.6736384481191635,2.719657166480949,12.133889121828512,4.656864330172539,0.7075521451171074,3.8929400955362015
2019-10-18,90029.0,Dynavax Technologies shares are trading higher after HC Wainwright & Co initiated coverage on the stock with a buy rating and a price target of $13 per share.,-3.7735816091299057,DYNAVAX TECHNOLOGIES CORP,4.656864330172539,22.794125210743154,36.51961455153252,3.1630080193281174,0.7125826187010853,3.6674720544130235
2019-10-18,90029.0,"HC Wainwright & Co. Initiates Coverage On Dynavax Technologies with Buy Rating, Announces $13 Price Target",-3.7735816091299057,DYNAVAX TECHNOLOGIES CORP,4.656864330172539,22.794125210743154,36.51961455153252,3.1630080193281174,0.7125826187010853,3.6674720544130235
2019-10-04,87137.0,"Morgan Stanley Maintains Equal-Weight on Devon Energy, Lowers Price Target to $27",-0.3087767632678151,DEVON ENERGY CORP NEW,-3.1415972858667374,-5.929203942887118,-12.389385136401964,2.9051264747977257,-2.0311121371841434,-5.777221301082747
2019-10-31,80912.0,"Dawson Geophysical Q3 EPS $0.09 Up From $(0.23) YoY, Sales $36.976M Down From $40.448M YoY",22.44898229837418,DAWSON GEOPHYSICAL CO NEW,6.666660308837891,6.249994206617027,8.74999122462059,1.5544088557362556,1.5544088557362556,1.5544088557362556
2019-10-31,75269.0,"Dynex Capital Q3 EPS $0.48 Beats $0.43 Estimate, Sales $13.246M Miss $17.96M Estimate",4.460242763161659,DYNEX CAPITAL INC,1.051980722695589,0.433166515163963,1.6707950542899752,0.454549677670002,1.3761469884870925,1.7763188157143617
2019-10-23,90664.0,"Stifel Initiates Coverage On DexCom with Buy Rating, Announces $190 Price Target",-2.935908734798431,DEXCOM INC,0.3482141764834523,6.336199852537261,4.547308461014632,-3.6585338413715363,-3.842721543006733,-3.689282339749156
2019-10-15,90664.0,DexCom shares are trading lower after the company's competitor Abbott announced a partnership to develop a glucose monitoring system with Tandem Diabetes.,-4.501181095838547,DEXCOM INC,0.5883466452360153,-1.3597448595636052,1.2224587559676259,3.109099715948105,3.703214887238282,4.080571159752044
2019-10-07,91342.0,Deep Value In The Land Of The Rising Sun,-0.22132918238639832,WISDOMTREE TRUST,-0.947774201631546,2.6214947153226476,4.980845469220707,1.0368004441261292,1.077898316637027,-0.8973096106500655
2019-10-22,10886.0,Dixie Group Reports $5.9M Buyback,3.734436258673668,DIXIE GROUP INC,43.19999814033508,56.00000497235147,55.2000056985225,-2.4291474372148514,-3.5999965877064555,-2.0325183522904244
2019-10-11,82637.0,"ENI Ceo Says Co Confirms Its Commitment To The Exploration Of The Cypriot EEZ And The Contractual Commitments With The Country, Says Co Planning A Joint Exploration Campaign In The First Half Of 2020 Together With Its Partner Total",1.0298985056579109,E N I SPA,-0.3617251291871071,0.8549826564684837,2.0716904572300354,1.0067152790725231,2.0684998404834065,1.0067151911413497
2019-10-30,75828.0,EA's Strong Quarter Overshadowed By 'Battlefield' Pushout,2.44677197188139,ELECTRONIC ARTS INC,-0.3308516228571534,2.0161258009236516,-0.7444181305736763,-2.388334833085537,-1.9727897877840128,-1.635756960034207
2019-10-30,75828.0,"Nomura Maintains Buy on Electronic Arts, Lowers Price Target to $110",2.44677197188139,ELECTRONIC ARTS INC,-0.3308516228571534,2.0161258009236516,-0.7444181305736763,-2.388334833085537,-1.9727897877840128,-1.635756960034207
2019-10-30,75828.0,"Credit Suisse Maintains Outperform on Electronic Arts, Raises Price Target to $118",2.44677197188139,ELECTRONIC ARTS INC,-0.3308516228571534,2.0161258009236516,-0.7444181305736763,-2.388334833085537,-1.9727897877840128,-1.635756960034207
2019-10-30,75828.0,"Baird Maintains Outperform on Electronic Arts, Lowers Price Target to $108",2.44677197188139,ELECTRONIC ARTS INC,-0.3308516228571534,2.0161258009236516,-0.7444181305736763,-2.388334833085537,-1.9727897877840128,-1.635756960034207
2019-10-30,75828.0,"UBS Maintains Buy on Electronic Arts, Lowers Price Target to $117",2.44677197188139,ELECTRONIC ARTS INC,-0.3308516228571534,2.0161258009236516,-0.7444181305736763,-2.388334833085537,-1.9727897877840128,-1.635756960034207
2019-10-29,75828.0,From EA Earnings Conference Call: Will Not Ship NBA Live Game In FY20,-2.388334833085537,ELECTRONIC ARTS INC,2.4467719718813896,4.077955984951487,2.0336807913187815,0.4257124848663807,0.7709917372728192,1.0552733978504758
2019-10-29,75828.0,Electronic Arts Q2 Adj. EPS $0.97 Beats $0.85 Estimate,-2.388334833085537,ELECTRONIC ARTS INC,2.4467719718813896,4.077955984951487,2.0336807913187815,0.4257124848663807,0.7709917372728192,1.0552733978504758
2019-10-29,75828.0,"EA Sees FY20 Sales ~$5.41B, GAAP EPS $9.57 Including $5.74 In Benefits Related To 1-Time Income Tax Benefits",-2.388334833085537,ELECTRONIC ARTS INC,2.4467719718813896,4.077955984951487,2.0336807913187815,0.4257124848663807,0.7709917372728192,1.0552733978504758
2019-10-29,75828.0,"Electronic Arts Q2 GAAP EPS $2.89 Does Not Compare To $0.85 Estimate, Net Sales $1.348B, Net Bookings $1.277B Beat $1.25B Estimate",-2.388334833085537,ELECTRONIC ARTS INC,2.4467719718813896,4.077955984951487,2.0336807913187815,0.4257124848663807,0.7709917372728192,1.0552733978504758
2019-10-29,75828.0,"NCAA Will Let College Athletes Profit Off Their Name, Likeness",-2.388334833085537,ELECTRONIC ARTS INC,2.4467719718813896,4.077955984951487,2.0336807913187815,0.4257124848663807,0.7709917372728192,1.0552733978504758
2019-10-24,75828.0,"Stifel Nicolaus Maintains Buy on Electronic Arts, Lowers Price Target to $114",0.2821066416800022,ELECTRONIC ARTS INC,0.34381558652967215,0.4375893073839121,1.302354631410263,1.4952237717807293,-0.1043716615969914,0.6096939137560708
2019-10-22,75828.0,"UPDATE: Barclays Downgrades EA To Equal Weight Notes 'After a string of disappointing results from the last Star Wars title, Battlefield V, and Anthem, we think investors will need to see a couple of successful title releases before EA's multiple reverts'",-1.5760302543640141,ELECTRONIC ARTS INC,1.4952237717807293,0.11664977477112703,4.199362686194297,0.7148116361349821,-0.9818153762500281,-0.42611062611500605
2019-10-22,75828.0,Barclays Downgrades Electronic Arts to Equal-Weight,-1.5760302543640141,ELECTRONIC ARTS INC,1.4952237717807293,0.11664977477112703,4.199362686194297,0.7148116361349821,-0.9818153762500281,-0.42611062611500605
2019-10-04,75828.0,Electronic Arts Says Implemented Fix Related To FIFA 20 Global Series Registration Page Issue,1.346199214458466,ELECTRONIC ARTS INC,-2.1336689591407776,-1.485198353030559,-0.5020429717375596,0.0954868330154568,-2.4909597833934316,-3.5575580660921036
2019-10-03,75828.0,Electronic Arts Says Aware Of Potential Issue Affecting Registration Page For FIFA 20 Global Series That Went Live On Thursday,0.0954868330154568,ELECTRONIC ARTS INC,1.3461992144584656,-1.9185897792080242,2.5651960624524017,-2.58397925645113,-3.649560049797018,-1.4842669225602179
2019-10-31,23297.0,"Raymond James Reiterates Outperform on Brinker International, Raises Price Target to $53",-4.490760713815689,BRINKER INTERNATIONAL INC,1.8222667276859283,4.589428286349473,-1.07986395825298,3.1929101794958115,6.547620321733794,4.46689491840655
2019-10-31,23297.0,"Stephens & Co. Maintains Overweight on Brinker International, Raises Price Target to $55",-4.490760713815689,BRINKER INTERNATIONAL INC,1.8222667276859283,4.589428286349473,-1.07986395825298,3.1929101794958115,6.547620321733794,4.46689491840655
2019-10-31,23297.0,"Piper Jaffray Upgrades Brinker International to Overweight, Raises Price Target to $54",-4.490760713815689,BRINKER INTERNATIONAL INC,1.8222667276859283,4.589428286349473,-1.07986395825298,3.1929101794958115,6.547620321733794,4.46689491840655
2019-10-30,23297.0,Hearing Piper Jaffray Upgrades Brinker Int'l. To Overweight,3.1929101794958106,BRINKER INTERNATIONAL INC,-4.490760713815689,0.17189104358494856,-4.383327908540647,3.250911459326744,1.2345661506151462,5.398451599910348
2019-10-30,23297.0,"Brinker International Q1 EPS $0.41 Down From $0.47 YoY, Sales $763.9M Up From $753.8M YoY",3.1929101794958106,BRINKER INTERNATIONAL INC,-4.490760713815689,0.17189104358494856,-4.383327908540647,3.250911459326744,1.2345661506151462,5.398451599910348
2019-10-18,23297.0,"Barclays Maintains Equal-Weight on Brinker International, Lowers Price Target to $43",-0.7160516455769539,BRINKER INTERNATIONAL INC,2.3377330973744392,10.793335590321451,12.559063437128092,1.8611712381243706,2.0408197938933226,1.1741224235432224
2019-10-24,86356.0,The Street Still Loves PayPal,-9.132657200098038,EBAY INC,0.617633992806077,-1.0387393803537703,-2.049409285276904,0.6676993798464537,-0.1528211361446541,0.9788795370634595
2019-10-24,86356.0,Street Debates Whether Investors Should Buy eBay's Stock After Mixed Quarter,-9.132657200098038,EBAY INC,0.617633992806077,-1.0387393803537703,-2.049409285276904,0.6676993798464537,-0.1528211361446541,0.9788795370634595
2019-10-24,86356.0,"UPDATE: Bank Of America On eBay Also Notes 'We can see a scenario where payments revs., advertising, & buybacks drive solid growth to $3+ in GAAP EPS by '21, but would expect a lower 12-15x multiple if GMV is declining & the B/S is levered'",-9.132657200098038,EBAY INC,0.617633992806077,-1.0387393803537703,-2.049409285276904,0.6676993798464537,-0.1528211361446541,0.9788795370634595
2019-10-24,86356.0,"UPDATE: Bank Of America Reiterates Neutral On eBay, Lowers Target To $42 Notes Co. 'is driving EPS growth from its balance sheet and has new payments opportunities ahead, but long-term growth outlook is less certain given recent trends'",-9.132657200098038,EBAY INC,0.617633992806077,-1.0387393803537703,-2.049409285276904,0.6676993798464537,-0.1528211361446541,0.9788795370634595
2019-10-24,86356.0,eBay Option Alert: Apr 17 $43 Calls at the Ask: 2000 @ $0.381 vs 37 OI; Ref=$35.99,-9.132657200098038,EBAY INC,0.617633992806077,-1.0387393803537703,-2.049409285276904,0.6676993798464537,-0.1528211361446541,0.9788795370634595
2019-10-24,86356.0,"UPDATE: UBS On eBay Also Notes 'our call that eBay stock could be range bound might prove to be wrong if eBay surprises (in either direction) on shareholder returns, realizing asset value and/or underlying operating trends'",-9.132657200098038,EBAY INC,0.617633992806077,-1.0387393803537703,-2.049409285276904,0.6676993798464537,-0.1528211361446541,0.9788795370634595
2019-10-24,86356.0,"UPDATE: UBS Maintains Neutral On eBay, Lowers Target To $42 Notes 'While rev & EPS in eBay's Q3'19 EPS report were ahead of Street, underlying unit economics (GMV growth) & mgmt commentary point to continued challenges in the eComm business'",-9.132657200098038,EBAY INC,0.617633992806077,-1.0387393803537703,-2.049409285276904,0.6676993798464537,-0.1528211361446541,0.9788795370634595
2019-10-24,86356.0,"UBS Earlier Maintained Neutral on eBay, Lowered Price Target to $40",-9.132657200098038,EBAY INC,0.617633992806077,-1.0387393803537703,-2.049409285276904,0.6676993798464537,-0.1528211361446541,0.9788795370634595
2019-10-24,86356.0,"Deutsche Bank Maintains Hold on eBay, Lowers Price Target to $38",-9.132657200098038,EBAY INC,0.617633992806077,-1.0387393803537703,-2.049409285276904,0.6676993798464537,-0.1528211361446541,0.9788795370634595
2019-10-24,86356.0,"Barclays Maintains Overweight on eBay, Lowers Price Target to $47",-9.132657200098038,EBAY INC,0.617633992806077,-1.0387393803537703,-2.049409285276904,0.6676993798464537,-0.1528211361446541,0.9788795370634595
2019-10-24,86356.0,"Morgan Stanley Maintains Equal-Weight on eBay, Lowers Price Target to $34",-9.132657200098038,EBAY INC,0.617633992806077,-1.0387393803537703,-2.049409285276904,0.6676993798464537,-0.1528211361446541,0.9788795370634595
2019-10-24,86356.0,"Bank of America Reiterates Neutral on eBay, Lowers Price Target to $42",-9.132657200098038,EBAY INC,0.617633992806077,-1.0387393803537703,-2.049409285276904,0.6676993798464537,-0.1528211361446541,0.9788795370634595
2019-10-24,86356.0,"Piper Jaffray Maintains Neutral on eBay, Lowers Price Target to $37",-9.132657200098038,EBAY INC,0.617633992806077,-1.0387393803537703,-2.049409285276904,0.6676993798464537,-0.1528211361446541,0.9788795370634595
2019-10-23,86356.0,From eBay Earnings Conference Call: Expects To Share Update On Possible Stubhub Sale Before Next Earnings Release,0.6676993798464537,EBAY INC,-9.132657200098038,-8.520408020356285,-9.438776987232156,-0.8150782436132431,0.3091161903311601,-0.38373384312344605
2019-10-23,86356.0,"eBay Sees Q4 Adj. EPS $0.73-$0.76 vs $0.76 Est., Sales $2.77B-$2.82B vs $2.85B Est.; Sees FY19 Adj. EPS $2.75-$2.78 vs $2.75 Est., Sales $10.75B-$10.80B vs $10.82B Est.",0.6676993798464537,EBAY INC,-9.132657200098038,-8.520408020356285,-9.438776987232156,-0.8150782436132431,0.3091161903311601,-0.38373384312344605
2019-10-23,86356.0,eBay Says 'Continues To Review The Role And Value Of StubHub And Classifieds In Its Portfolio To Determine The Best Path Forward And Anticipates Sharing An Update On The Stubhub Business Before The Next Earnings Release',0.6676993798464537,EBAY INC,-9.132657200098038,-8.520408020356285,-9.438776987232156,-0.8150782436132431,0.3091161903311601,-0.38373384312344605
2019-10-23,86356.0,"eBay Q3 Adj. EPS $0.67 Beats $0.64 Estimate, Sales $2.65B Beat $2.64B Estimate",0.6676993798464537,EBAY INC,-9.132657200098038,-8.520408020356285,-9.438776987232156,-0.8150782436132431,0.3091161903311601,-0.38373384312344605
2019-10-23,86356.0,"Benchmark Reiterates Buy on eBay, Lowers Price Target to $47",0.6676993798464537,EBAY INC,-9.132657200098038,-8.520408020356285,-9.438776987232156,-0.8150782436132431,0.3091161903311601,-0.38373384312344605
2019-10-15,86356.0,"Morgan Stanley Maintains Equal-Weight on eBay, Lowers Price Target to $35",1.355579867959023,EBAY INC,0.1028731931000948,0.15431460092620863,-7.124486305390931,-0.4928628448396921,1.133668043618985,1.3474297008453595
2019-10-11,86356.0,'eBay to exit Facebook's Libra cryptocurrency' -FT $,1.6345871612429619,EBAY INC,-0.4928628448396921,0.7003902528881056,-7.029828918903636,0.21136547438800335,1.6345139600550285,0.29085304938309964
2019-10-01,86356.0,"Deliverr Raises $23 Million, Expands Fast-Shipping Program",-1.1287804692983632,EBAY INC,-0.9600486606359482,-3.16554543144536,0.8822005592914239,1.5897853299975395,0.1412982005035479,-0.6625946051746157
2019-10-08,11481.0,Ebixcash Signs Multi-Year Agreements With International Travel Exchanges; Co Collected $25M Cumulative Advance,-3.055696375668049,EBIX INC,-0.07625515572726727,-1.8047765253673465,0.5846455055625199,0.4206928424537182,1.3993037100873407,2.1137395581538376
2019-10-22,93368.0,Eagle Bancorp Montana Q3 EPS $0.63 Up From $0.33 YoY,1.196586899459362,EAGLE BANCORP MONTANA INC,1.5512350015342236,7.601353228043317,7.955512208502946,1.152731105685234,1.152731105685234,1.916375933683656
2019-10-18,92802.0,Centrais Electricas Brasileiras shares are trading higher despite no company-specific news. The company has been in a downturn over the past month.,5.800464004278183,CENTRAIS ELETRICAS BRASILEIRAS S,1.0964954271912575,1.75438437856128,9.100876590876194,-1.2600190006196499,3.357310828084503,3.8554178791743166
2019-10-10,91571.0,Emergent BioSolutions Reports Received European Medicines Agency Prime Designation For Chikungunya Virus Virus-Like Particle Vaccine Candidate,0.709762005135417,EMERGENT BIOSOLUTIONS INC,0.15238444320857525,3.1809490769365345,3.1619047335737838,0.6759410724043846,-3.587939103323734,-3.712593978301182
2019-10-17,90590.0,Enterprise Bancorp Q3 EPS $0.76 Up From $0.68 YoY,1.862714439630508,ENTERPRISE BANCORP INC,-1.794787310063839,1.5915995819269169,0.9481843797417344,0.06903851754032075,1.9697483248870995,1.862265254551665
2019-10-22,92793.0,Ecopetrol Reports Received Regulatory Approvals To Form Joint Venture With OXY,2.191948145627975,ECOPETROL S A,3.01449541002512,5.3913060968156845,10.376817042116038,-0.41298880241811275,-1.51692091999448,-2.1449324630469557
2019-10-28,11404.0,"Bank of America Maintains Buy on Consolidated Edison, Raises Price Target to $101",-2.389630675315857,CONSOLIDATED EDISON INC,0.3622810821980238,-1.2844419971861365,-3.941153160430211,-1.0287423618137836,-0.4055466465968327,0.04288270721148901
2019-10-25,11404.0,"Mizuho Upgrades Consolidated Edison to Buy, Raises Price Target to $98",-1.028742361813784,CONSOLIDATED EDISON INC,-2.389630675315857,-2.357476397250313,-5.786542511009185,0.629673432558775,1.082763920150298,1.7371608300431385
2019-10-21,11404.0,"UPDATE: Wells Fargo Maintains Market Perform On Consolidated Edison, Raises Target To $95 'reflecting higher peer group multiples since our last update, partially offset by our lower EPS outlook'",1.30069125443697,CONSOLIDATED EDISON INC,0.6473872344940901,-1.7155846527325491,-2.9779909601417076,0.20809946581721306,0.7155455264207022,0.826537388376769
2019-10-21,11404.0,Evercore ISI Group Upgrades Consolidated Edison to In-Line,1.30069125443697,CONSOLIDATED EDISON INC,0.6473872344940901,-1.7155846527325491,-2.9779909601417076,0.20809946581721306,0.7155455264207022,0.826537388376769
2019-10-21,11404.0,"UBS Maintains Neutral on Consolidated Edison, Raises Price Target to $98",1.30069125443697,CONSOLIDATED EDISON INC,0.6473872344940901,-1.7155846527325491,-2.9779909601417076,0.20809946581721306,0.7155455264207022,0.826537388376769
2019-10-21,11404.0,"Wells Fargo Maintains Market Perform on Consolidated Edison, Raises Price Target to $95",1.30069125443697,CONSOLIDATED EDISON INC,0.6473872344940901,-1.7155846527325491,-2.9779909601417076,0.20809946581721306,0.7155455264207022,0.826537388376769
2019-10-21,11404.0,"KeyBanc Maintains Overweight on Consolidated Edison, Raises Price Target to $100",1.30069125443697,CONSOLIDATED EDISON INC,0.6473872344940901,-1.7155846527325491,-2.9779909601417076,0.20809946581721306,0.7155455264207022,0.826537388376769
2019-10-10,11404.0,'Two people were injured by a transformer explosion on W 47th Street in Midtown this afternoon.' -Tweet From Citizen New York,-0.3320453688502312,CONSOLIDATED EDISON INC,-0.8919955231249332,-1.8807092507966194,1.3326145354069174,0.38709742948412895,-0.5327082827883856,-0.8285519210514347
2019-10-24,84606.0,DA Davidson Upgrades Euronet Worldwide to Buy,2.8310716152191158,EURONET WORLDWIDE INC,-0.8315298706293106,-2.1242353407032954,2.41772550003001,-3.327319025993347,-5.139396347321301,-4.521128390056061
2019-10-28,89730.0,"Blackrock Investment Institute Says Emerging Market Debt Has Rallied Amid A Perceived Easing Of US-China Trade Tensions, Says Reiterates Emerging Market Views",0.5854800809174776,ISHARES TRUST,-0.5122263450175524,1.6298038688406402,0.9778770694894856,0.7075453642755747,0.7075453642755747,0.7313078217396685
2019-10-15,13025.0,A Safer Way To Consider Emerging Markets,0.2772960811853409,ISHARES INC,0.2765292767435312,0.5876255222026172,0.9851359828968009,-0.07792565738782287,0.9447181860504195,1.7098558324643687
2019-10-21,90591.0,Enterprise Finl Servs Q3 EPS $1.08 Beats $1 Estimate,0.7957511581480503,ENTERPRISE FINANCIAL SVCS CORP,4.617225751280785,6.076557360054835,8.133975113313685,-0.2165547339245677,0.48461537691140144,0.7776420233197578
2019-10-25,52476.0,"Credit Suisse Maintains Outperform on Equifax, Raises Price Target to $157",0.1525103114545345,EQUIFAX INC,-0.8774412795901299,0.5801326910766402,-2.857133726730998,-1.2054191902279854,-1.1770611917429452,-5.374195903268042
2019-10-23,52476.0,Equifax Q3 EPS $1.48 Beats $1.44 Estimate,0.028704002033919103,EQUIFAX INC,-1.2054191902279854,-3.128363901379394,-3.0063877567427455,-4.24712598323822,-3.6978097894228235,-5.02385508075176
2019-10-14,52476.0,"PreciseTarget Issues Press Release Highlighting Expanding Strategic Retail Data Partnership With Equifax, No Terms Disclosed",-0.41686296463012706,EQUIFAX INC,1.1372391134500504,1.5209604126024567,-4.6326655305212405,1.710125245153904,3.1608287313745986,5.776427546088736
2019-10-10,52476.0,"Morgan Stanley Maintains Equal-Weight on Equifax, Raises Price Target to $131",1.426311768591404,EQUIFAX INC,1.710125245153904,3.667587138848849,-2.6994505074399933,2.5354573503136635,1.2775913874661482,1.0721610450193264
2019-10-04,52476.0,6 Tips For Cancelling A Bank Account,1.1282002553343768,EQUIFAX INC,-0.20283889025449753,4.266878950751485,4.810199681531291,1.547390129417181,-1.2801071901583305,-2.96438353094175
2019-10-02,52476.0,"UPDATE: Bank Of America Maintains Underperform On Equifax, Raises Target To $130 As Firm Is Optimistic Over The Long-Term But Continues 'to believe the USIS growth rebuild will take time and see few short-term catalysts'",-2.784411609172821,EQUIFAX INC,1.547390129417181,3.7940829012149235,8.004757227455084,-1.706116460263729,-2.151293924215969,-3.449481433405399
2019-10-02,52476.0,"Bank of America Maintains Underperform on Equifax, Raises Price Target to $130",-2.784411609172821,EQUIFAX INC,1.547390129417181,3.7940829012149235,8.004757227455084,-1.706116460263729,-2.151293924215969,-3.449481433405399
2019-10-16,87318.0,"Eagle Bancorp Q3 EPS $1.07, Inline",0.0,EAGLE BANCORP INC,1.407795213162899,6.241201024070753,6.522765362396132,1.0191996581852436,0.495164132247794,2.0754992397317595
2019-10-31,85177.0,"8x8 Reported Yesterday Q2 EPS $(0.16) Beats $(0.17) Estimate, Sales $109.517M Beat $106.8M Estimate",-3.012050129473209,8X8 INC NEW,1.9668793305754662,1.811596144720884,5.538300820290742,2.627512812614441,1.168103294917855,1.014202695727362
2019-10-31,85177.0,Summit Insights Group Upgrades 8x8 to Buy,-3.012050129473209,8X8 INC NEW,1.9668793305754662,1.811596144720884,5.538300820290742,2.627512812614441,1.168103294917855,1.014202695727362
2019-10-24,85177.0,"B. Riley Upgrades 8x8 to Neutral, Announces $18.5 Price Target",4.044109955430031,8X8 INC NEW,-0.4543168004602194,-2.4734971852466647,-0.7067108201734951,2.310587279498577,2.255639411847321,1.115246887074095
2019-10-04,85177.0,8x8 shares are trading lower despite no company-specific news. The stock has dropped approximately 26% over the last month.,-1.435647998005152,8X8 INC NEW,1.3561047613620758,-1.7076854011077613,-5.424409588130974,1.5075434930622578,0.24814467704767917,-2.50964559741107
2019-10-01,90724.0,"Eagle Bulk Shipping Reports Took Delivery Of M/V Copenhagen Eagle, No Terms Disclosed",-0.571430753916502,EAGLE BULK SHIPPING INC,-0.919539388269186,0.9195394576645866,6.436786747997303,0.344033632427454,1.74418153192053,0.3440336313607295
2019-10-31,89648.0,"Eldorado Gold Q3 EPS $0.05 Beats $0.01 Estimate, Sales $172.3M Beat $112.41M Estimate",2.808308973908424,ELDORADO GOLD CORP NEW,6.769592314958572,-9.382422917257315,-6.057010619912506,3.409084677696228,3.802277879452931,0.7380008630639256
2019-10-30,85082.0,"SunTrust Robinson Humphrey Maintains Hold on EastGroup Properties, Raises Price Target to $125",0.6293992977589369,EASTGROUP PROPERTIES INC,-0.2606151159852743,-1.9136316375908846,-2.524199012048889,0.23282975889742374,0.5348449864766458,-0.23919274679061742
2019-10-23,85082.0,"EastGroup Properties Q3 EPS $1.28 Beats $0.54 Estimate, Sales $83.938M Beat $83.09M Estimate",0.8347693830728531,EASTGROUP PROPERTIES INC,3.504834696650505,3.907159100240487,1.9187588299763636,-0.49682860262691975,0.17192370535319412,0.49391578004338577
2019-10-07,85082.0,"Morgan Stanley Maintains Equal-Weight on EastGroup Properties, Raises Price Target to $120",0.586741091683507,EASTGROUP PROPERTIES INC,-0.8828651160001755,-0.02364707131706778,1.5450155415547728,0.4380051512271166,1.6195327921252112,2.162823721798257
2019-10-07,14456.0,Eagle Pharma Subsidiary Submits a New Drug Application for TREAKISYM,1.252753846347332,EAGLE PHARMACEUTICALS INC,-1.5549244359135628,1.5382011033478582,4.246776313471479,-0.050759356236085296,3.704355179964347,4.6969189321069305
2019-10-30,78841.0,VAALCO Provides Update on Drilling of Etame 9H Development Well and the Etame 9P Appraisal Wellbore,-1.485147140920162,VAALCO ENERGY INC,0.0,1.0050241887597622,-1.5075362107462187,-0.9803912602365017,-0.4926104058954994,-0.4926104058954994
2019-10-18,78841.0,"Canaccord Genuity Initiates Coverage On VAALCO Energy with Buy Rating, Announces $2.7 Price Target",5.025120824575424,VAALCO ENERGY INC,0.0,-2.8708107867610466,-3.827747750193222,-0.9950239211320877,-1.4851470962991553,-0.9950239201692024
2019-10-24,91498.0,eHealth shares are trading lower despite the company reporting better-than-expected Q3 EPS and sales results.,6.762154400348663,EHEALTH INC,-6.131045892834663,7.7067118986121175,17.06708645134347,-0.6124795880168676,-0.6124795880168676,0.5863667569568243
2019-10-24,91498.0,eHealth Sees FY19 Sales $365M-$385M vs $384.57M Est.,6.762154400348663,EHEALTH INC,-6.131045892834663,7.7067118986121175,17.06708645134347,-0.6124795880168676,-0.6124795880168676,0.5863667569568243
2019-10-24,91498.0,"eHealth Q3 Adj .EPS $(0.43) Beats $(0.63) Estimate, Sales $69.9M Beat $55.98M Estimate",6.762154400348663,EHEALTH INC,-6.131045892834663,7.7067118986121175,17.06708645134347,-0.6124795880168676,-0.6124795880168676,0.5863667569568243
2019-10-15,91498.0,UPDATE: Raymond James On eHealth Also Notes Co. 'is positioned as a leading marketplace with a technology platform that accommodates over 170 carriers and the option to get coverage entirely through an online experience',5.97759410738945,EHEALTH INC,-0.21318660583347082,7.319237552450186,18.15597951747192,-5.11789545416832,-2.5412813506219933,-5.219484577426925
2019-10-15,91498.0,"UPDATE: Raymond James Initiates eHealth With Outperform, $90 Tgt Notes Co. 'is a pure play in the ongoing structural shift within the Medicare market, where demand is continuing to grow for MA/Medicare Supplement (MS) plans among eligible beneficiaries'",5.97759410738945,EHEALTH INC,-0.21318660583347082,7.319237552450186,18.15597951747192,-5.11789545416832,-2.5412813506219933,-5.219484577426925
2019-10-15,91498.0,"Raymond James Initiates Coverage On eHealth with Outperform Rating, Announces $90 Price Target",5.97759410738945,EHEALTH INC,-0.21318660583347082,7.319237552450186,18.15597951747192,-5.11789545416832,-2.5412813506219933,-5.219484577426925
2019-10-23,91688.0,Employers Holdings Q3 Adj. EPS $0.88 Beats $0.64 Estimate,1.300505176186562,EMPLOYERS HOLDINGS INC,-5.731315910816193,-2.567627012665419,-1.4865752365981533,-0.11598060373216867,1.5566032694378507,1.6285164556728349
2019-10-31,92599.0,Israel's TPS News Reports Rocket Alert In Israel-Gaza Border Region,-0.1626433455385268,ISHARES INC,0.896176602691412,1.7796442878127872,2.693904444346762,-0.42640562169253826,0.3414688026747825,0.9206397785343157
2019-10-28,92599.0,Israel PM Netanyahu Reportedly Says Iran Has Begun Deploying Missiles In Yemen In ORder To Strike Israel,0.5772000178694725,ISHARES INC,0.7711627054959536,1.7037316894094712,2.3220944617352135,0.10833794949576259,0.59515006702755,0.7999974774216101
2019-10-02,92599.0,Shaykh Mazhar Air Base Near Baghdad Said to be Under Renovation by Iran's Revolutionary Guards Possibly for Missile and Armed Drone Attacks on Israel,-0.6529840640723705,ISHARES INC,1.2492973357439041,0.7831403137094961,2.2427758226003514,-1.1309529654681683,-0.21719095477042982,-0.621320913674317
2019-10-31,82642.0,Estée Lauder Earlier Announced Raising Dividend From $0.43 To $0.48/Share,-3.6218758672475806,LAUDER ESTEE COS INC,0.16642377013340592,0.4670613375717281,2.8077498645822985,1.4753740280866623,4.070861588301344,2.4598414946496616
2019-10-31,82642.0,The Estee Lauder Companies shares are trading lower after the company issued Q2 EPS guidance below analyst estimates.,-3.6218758672475806,LAUDER ESTEE COS INC,0.16642377013340592,0.4670613375717281,2.8077498645822985,1.4753740280866623,4.070861588301344,2.4598414946496616
2019-10-31,82642.0,"Estee Lauder Sees FY20 Sales Growth 7-8% YoY, Adj. EPS $5.85-$5.93 vs $5.97 Estimate",-3.6218758672475806,LAUDER ESTEE COS INC,0.16642377013340592,0.4670613375717281,2.8077498645822985,1.4753740280866623,4.070861588301344,2.4598414946496616
2019-10-31,82642.0,"Estee Lauder Sees Q2 Sales Growth 7-8% Year Over Year, Adj. EPS $1.83-$1.86 vs $1.94 Estimate",-3.6218758672475806,LAUDER ESTEE COS INC,0.16642377013340592,0.4670613375717281,2.8077498645822985,1.4753740280866623,4.070861588301344,2.4598414946496616
2019-10-31,82642.0,"The Estee Lauder Cos Q1 Adj. EPS $1.67 Beats $1.6 Estimate, Sales $3.895B Beat $3.85B Estimate",-3.6218758672475806,LAUDER ESTEE COS INC,0.16642377013340592,0.4670613375717281,2.8077498645822985,1.4753740280866623,4.070861588301344,2.4598414946496616
2019-10-29,82642.0,The Estee Lauder Companies shares are trading higher following sharp spike at around 1:00 p.m. ET. Not yet seeing any news to correlate with spike or justify price action.,2.557751163840294,LAUDER ESTEE COS INC,1.4753740280866623,-3.391791613337325,-1.3178669260567433,-1.5480030328035355,-0.991630080222039,-0.10219859433225897
2019-10-28,82642.0,"Piper Jaffray Downgrades Estee Lauder Cos to Neutral, Lowers Price Target to $204",-1.548003032803535,LAUDER ESTEE COS INC,2.557751163840294,-2.1323604365129367,0.8346281450855697,0.5651210434734821,1.4685374426208986,1.907076555268472
2019-10-17,82642.0,The Estee Lauder Companies shares are trading lower. Not seeing any news to justify the price action.,-2.614925988018513,LAUDER ESTEE COS INC,-1.156099233776331,-0.06925395739513229,-0.761850090052596,0.8634722791612148,-0.04667129678018744,-0.5726079345157453
2019-10-16,82642.0,"Berenberg Reinstates Buy on Estee Lauder Cos, Announces $230 Price Target",0.8634722791612148,LAUDER ESTEE COS INC,-2.6149259880185127,-3.5488281661519294,0.27498107849239783,-0.9023520164191723,-1.4237862144010904,0.7380431995408276
2019-10-18,12078.0,"Dougherty & Co. Initiates Coverage On Electromed with Buy Rating, Announces $12 Price Target",6.037149578332901,ELECTROMED INC,0.0,2.452558031043317,-1.3138638150506754,3.6918140947818756,2.053714314755073,3.3600005894002694
2019-10-24,78947.0,"Baird Maintains Neutral on Equity Lifestyle Props, Raises Price Target to $68",1.188911218196154,EQUITY LIFESTYLE PROPERTIES INC,-0.08703972562216222,1.4505366939585373,-2.132290712784879,0.3387271426618099,-1.1032111052868498,-1.3037831722838122
2019-10-21,78947.0,Equity Lifestyle Props Q3 Adj. FFO $0.56 Up From $0.51 YoY,-0.202809483744204,EQUITY LIFESTYLE PROPERTIES INC,-1.4370705001056194,-0.029026910973029008,0.26128656470081335,1.231846772134304,2.221235027622126,0.8841734724974737
2019-10-29,82694.0,EMCOR Raises FY19 EPS Guidance From $5.50-$5.75 To $5.65-$5.75 vs $5.71 Est.; Raises FY19 Sales Guidance From $8.8B-$8.9B To $9B vs $8.92B Est.,0.9138522669672966,EMCOR GROUP INC,2.760905399918556,2.517944456707455,-0.6736615705146609,1.0245481505990028,1.2982631583216886,1.4127485912065696
2019-10-29,82694.0,"EMCOR Group Q3 EPS $1.45 Beats $1.43 Estimate, Sales $2.29B Beat $2.18B Estimate",0.9138522669672966,EMCOR GROUP INC,2.760905399918556,2.517944456707455,-0.6736615705146609,1.0245481505990028,1.2982631583216886,1.4127485912065696
2019-10-04,82694.0,"EMCOR Reports Purchase Of Batchelor & Kimball In All-Cash Deal, No Terms Disclosed",1.4323480427265172,EMCOR GROUP INC,-0.7001262158155441,1.8986663258834913,6.290469512958197,0.14465133426710963,-2.625407654248324,-3.52995907450383
2019-10-28,80080.0,"Barclays Maintains Equal-Weight on Eastman Chemical, Lowers Price Target to $82",2.451498061418533,EASTMAN CHEMICAL CO,0.0,3.646830929817968,5.7965435361361894,1.6389016062021255,1.9513486658927492,2.7616802966149434
2019-10-25,80080.0,Eastman Chemical Co shares are trading lower after the company reported worse-than-expected Q3 EPS and sales results.,1.638901606202126,EASTMAN CHEMICAL CO,2.4514980614185333,3.5264845046187654,9.989516067915316,0.30740892980247736,1.1046741677344984,1.9424072764545386
2019-10-24,80080.0,Eastman Chemical Sees FY19 Adj. EPS $7.00-$7.20 vs $7.59 Est.,0.3074089298024774,EASTMAN CHEMICAL CO,1.6389016062021255,1.3191176211822198,10.53963443559931,0.794821884483099,1.6299876191560925,2.366949539204044
2019-10-24,80080.0,"Eastman Chemical Q3 Adj. EPS $1.94 Misses $1.98 Estimate, Sales $2.33B Miss $2.36B Estimate",0.3074089298024774,EASTMAN CHEMICAL CO,1.6389016062021255,1.3191176211822198,10.53963443559931,0.794821884483099,1.6299876191560925,2.366949539204044
2019-10-16,80080.0,"Wells Fargo Initiates Coverage On Eastman Chemical with Outperform Rating, Announces $85 Price Target",0.17828426789492371,EASTMAN CHEMICAL CO,-0.4517478868365288,2.42299318003949,5.681031659055336,0.8714860305190086,0.4269350782687198,4.4848793337679105
2019-10-11,80080.0,"SunTrust Robinson Humphrey Maintains Hold on Eastman Chemical, Lowers Price Target to $75",4.040693119168282,EASTMAN CHEMICAL CO,-0.440710224211216,0.6610600534782574,5.054397567958668,0.634466391056776,1.6754101518206665,-0.8805606648095932
2019-10-02,80080.0,"UBS Maintains Buy on Eastman Chemical, Lowers Price Target to $95",-2.217888087034225,EASTMAN CHEMICAL CO,1.0271059349179268,-1.0699001796876884,4.208280598116243,-2.898549847304821,-2.183106114724509,-1.0489917859225706
2019-10-15,22103.0,"Emerson Reports Confirmed Receipt Of Letter To Co.'s Board, Presentation From DE Shaw",0.7737007457762957,EMERSON ELECTRIC CO,-0.6053501274436712,3.6911263802336114,4.621286158737914,0.25357722770422697,3.320516373266047,5.64287981574596
2019-10-15,22103.0,The D. E. Shaw Group Sends Letter To Emerson Board of Directors,0.7737007457762957,EMERSON ELECTRIC CO,-0.6053501274436712,3.6911263802336114,4.621286158737914,0.25357722770422697,3.320516373266047,5.64287981574596
2019-10-09,22103.0,"UPDATE: Morgan Stanley On Emerson Electric Also Sees 'a path for rerating on margin benchmarking, lower cyclicality, and more aggressive leverage of EMR's world class installed base in process'; Firm Sees 'strong risk/reward in a soft macro'",0.7283076178282499,EMERSON ELECTRIC CO,2.2477272897958755,5.815782368857936,10.90851727865978,-2.0015472546219826,-3.1139784875626852,-1.9254684539317113
2019-10-09,22103.0,"UPDATE: Morgan Stanley Maintains Overweight On Emerson Electric, Lowers Target To $75 As Firm Notes 'The investor response to EMR's strategic review is that a SOTP has limited upside'",0.7283076178282499,EMERSON ELECTRIC CO,2.2477272897958755,5.815782368857936,10.90851727865978,-2.0015472546219826,-3.1139784875626852,-1.9254684539317113
2019-10-09,22103.0,"Morgan Stanley Maintains Overweight on Emerson Electric, Lowers Price Target to $75",0.7283076178282499,EMERSON ELECTRIC CO,2.2477272897958755,5.815782368857936,10.90851727865978,-2.0015472546219826,-3.1139784875626852,-1.9254684539317113
2019-10-01,22103.0,"Emerson Electric Announces Review Of Operational, Capital Allocation And Portfolio Intiateves",-2.408017590641975,EMERSON ELECTRIC CO,-2.6819923892617226,-3.203065461186483,3.8007712106433056,0.6927696987986565,4.159523574508639,3.7232418190050742
2019-10-25,14505.0,EnLink Midstream shares are trading lower on seemingly no company-specific news.,-3.7818659096956253,ENLINK MIDSTREAM LLC,-0.9216654114425182,0.15360602394136613,-12.442402298561394,1.4367802068591118,1.8759035373727029,4.129789317638721
2019-10-08,14505.0,"Baird Maintains Neutral on EnLink Midstream, Lowers Price Target to $9",-3.2722514122724533,ENLINK MIDSTREAM LLC,0.4059568513184786,-2.300407091698431,-6.224628638830598,-2.5510240346193314,-1.7994902666214174,-1.5463964286539178
2019-10-08,14505.0,"UBS Downgrades EnLink Midstream to Neutral, Lowers Price Target to $7",-3.2722514122724533,ENLINK MIDSTREAM LLC,0.4059568513184786,-2.300407091698431,-6.224628638830598,-2.5510240346193314,-1.7994902666214174,-1.5463964286539178
2019-10-31,13323.0,Enphase Energy shares are trading higher in sympathy with Universal Display after the company reported better-than-expected Q3 earnings and issued FY19 sales guidance above analyst estimates.,3.5714291036129,ENPHASE ENERGY INC,-3.0880101025104523,-7.3597543182335246,-2.2645418877956347,-25.526002049446106,-26.25786129382145,-23.584517094451527
2019-10-30,13323.0,Enphase Energy shares are trading lower despite the company reporting better-than-expected Q3 results.,-25.526002049446113,ENPHASE ENERGY INC,3.5714291036129,-2.9850715046587317,0.8795259812183875,-0.9827043861150742,2.606929946588332,8.530812212034512
2019-10-29,13323.0,Enphase Energy shares are trading lower after the company reported Q3 results.,-0.9827043861150742,ENPHASE ENERGY INC,-25.526002049446106,-26.20087320295088,-24.096860839946068,3.6252599209547043,9.60793418883834,8.717952737061285
2019-10-29,13323.0,"Enphase Energy Q3 EPS $0.3 Beats $0.25 Estimate, Sales $180.057M Beat $176.49M Estimate",-0.9827043861150742,ENPHASE ENERGY INC,-25.526002049446106,-26.20087320295088,-24.096860839946068,3.6252599209547043,9.60793418883834,8.717952737061285
2019-10-29,13323.0,Hearing Lakewood's Anthony Bozza Is Short Enphase Energy; Unconfirmed,-0.9827043861150742,ENPHASE ENERGY INC,-25.526002049446106,-26.20087320295088,-24.096860839946068,3.6252599209547043,9.60793418883834,8.717952737061285
2019-10-29,13323.0,Enphase Energy shares are trading higher in anticipation of the company's Q3 earnings scheduled for today after the market closes.,-0.9827043861150742,ENPHASE ENERGY INC,-25.526002049446106,-26.20087320295088,-24.096860839946068,3.6252599209547043,9.60793418883834,8.717952737061285
2019-10-25,13323.0,"UPDATE: J Capital Research Out With Bearish Report On Enphase, Alleges Fraudulent Reporting Practices",5.7733744382858285,ENPHASE ENERGY INC,3.6252599209547043,-23.29938577971731,-24.887978045044946,-0.8119680918753147,-2.108814903560141,-10.351488488045725
2019-10-25,13323.0,Traders Circulating Word Of Negative Commentary On Enphase Energy From J Capital Research,5.7733744382858285,ENPHASE ENERGY INC,3.6252599209547043,-23.29938577971731,-24.887978045044946,-0.8119680918753147,-2.108814903560141,-10.351488488045725
2019-10-21,13323.0,Enphase Energy Option Alert: Jan 17 $30 Calls at the Ask: 2000 @ $2.201 vs 3646 OI; Earnings 10/29 After Close Ref=$25.07,4.606058076024055,ENPHASE ENERGY INC,-8.420240879058838,-1.7381185007039779,-30.64889691832574,-1.3944238424301147,2.42085262059919,2.526928749952595
2019-10-15,13323.0,Enphase Energy Option Alert: Fri $25 Calls Sweep (31) near the Ask: 900 @ $0.35 vs 3263 OI; Earnings 11/5 After Close [est] Ref=$23.57,-2.464648894965649,ENPHASE ENERGY INC,0.10356887942180037,-1.7812773903470802,4.349631793653508,1.93574670702219,0.8968581774819517,2.1882770385741157
2019-10-15,13323.0,Enphase Energy Option Alert: Fri $25 Calls Sweep (2) near the Ask: 2000 @ $0.426 vs 3263 OI; Earnings 11/5 After Close [est] Ref=$23.91,-2.464648894965649,ENPHASE ENERGY INC,0.10356887942180037,-1.7812773903470802,4.349631793653508,1.93574670702219,0.8968581774819517,2.1882770385741157
2019-10-01,15400.0,"Energizer Holdings shares are trading lower following weak US PMI data. Weak economic indicators can lead to lower economic outlook, which weighs on companies across sectors.",-6.860949099063873,ENERGIZER HOLDINGS INC NEW,-1.3057373464107513,-4.237500081207757,-1.6013835740436688,-0.8869669400155544,-1.1791307097772097,1.6561767071981537
2019-10-30,92432.0,"Ensign Group Sees FY19 EPS $2.22-$2.30 vs $2.21 Est., Sales $2.27B-$2.30B vs $2.30B Est; Sees FY20 EPS $2.22-$2.30 vs $2.33 Est, Sales $2.30B-$2.35B vs $2.30B Est.",0.1195867895148695,ENSIGN GROUP INC,0.9316755458712578,0.16722328774962936,-3.702817311368234,0.11973911896348,2.777780431685195,1.801805917687327
2019-10-30,92432.0,"Ensign Group Q3 Adj. EPS $0.55 Up From $0.46 YoY, Sales $600.51M Up From $514.364M YoY",0.1195867895148695,ENSIGN GROUP INC,0.9316755458712578,0.16722328774962936,-3.702817311368234,0.11973911896348,2.777780431685195,1.801805917687327
2019-10-22,92432.0,"Stephens & Co. Reinstates Equal-Weight on Ensign Group, Announces $45 Price Target",-2.629087120294571,ENSIGN GROUP INC,0.6810965016484261,1.7027505706390222,3.2595478836373815,0.7396835368126631,3.277886734008306,4.221187244293723
2019-10-03,13825.0,"Enanta Pharma Highlights New Data From Co.'s Phase 2a Human Challenge Study Of EDP-938 For RSV Showed Highly Statistically Significant Reductions in Total Symptom Score, Mucus Weight and RSV Viral Load as Measured by RT-PCR Assay and by Plaque Assay",-1.1697721667587762,ENANTA PHARMACEUTICALS INC,-3.5028766840696335,-6.781832121017595,-2.6871402388366494,2.8785113245248795,5.292936746753241,4.943595902372722
2019-10-24,88439.0,"Entegris Q3 Adj. EPS $0.5 Beats $0.45 Estimate, Sales $394.147M Beat $392.09M Estimate",-0.1049963058903813,ENTEGRIS INC,0.8618874475359917,1.0680366376051298,0.28897280485018495,-0.8742755278944969,-2.8361546788204017,-2.227703169149753
2019-10-07,88439.0,Deutsche Bank Downgrades Entegris to Hold,-1.7429610714316373,ENTEGRIS INC,-2.6287658140063286,0.7052745322454257,4.744597716639398,1.6001706942915916,2.984423025996996,1.5784937225230555
2019-10-24,14960.0,"Enova Issued Q4 EPS Guidance Of $0.94 - $1.15 vs $0.88, Sales $329M - $344M vs $367.69M. FY19 Sales Guidance Of $1.158B - $1.173B vs 1.28B",-2.2115342319011693,ENOVA INTERNATIONAL INC,10.963616520166397,15.4867239523522,17.453290635543304,-0.9995287284255028,-1.3282764838896677,0.7263903616470335
2019-10-24,14960.0,"Enova International Q3 EPS $0.86 Beats $0.8 Estimate, Sales $329.513M Miss $335.33M Estimate",-2.2115342319011693,ENOVA INTERNATIONAL INC,10.963616520166397,15.4867239523522,17.453290635543304,-0.9995287284255028,-1.3282764838896677,0.7263903616470335
2019-10-10,14960.0,Enova Reports Pricing Of $200M Securitization,-0.2029376570135355,ENOVA INTERNATIONAL INC,1.0676110163331032,5.9989848488369635,3.406202641536016,-1.3019541278481483,-3.524235016826549,-4.459525509977702
2019-10-15,33209.0,"Enzo Biochem Q4 EPS $(0.11) Up From $(0.12) YoY, Sales $20.921M Beat $19.66M Estimate",1.506022736430168,ENZO BIOCHEM INC,-3.264091908931732,-4.154298806101641,-3.2640919147645997,-9.28962156176567,-4.597703594555136,-5.14285903507421
2019-10-17,75825.0,"Raymond James Maintains Outperform on EOG Resources, Lowers Price Target to $90",-2.0680604502558713,EOG RESOURCES INC,-3.4895826131105423,7.787935830411841,3.8041050835249557,-1.1299634352326393,0.40694801880500897,-1.12996345154307
2019-10-15,75825.0,"KeyBanc Maintains Overweight on EOG Resources, Lowers Price Target to $97",1.5544764697551732,EOG RESOURCES INC,-1.1299634352326393,0.8857199823326001,4.134013611836984,-1.5306823886930943,-1.0448428145728772,-0.5831665131183938
2019-10-04,75825.0,"Morgan Stanley Maintains Equal-Weight on EOG Resources, Lowers Price Target to $95",0.11293314164504412,EOG RESOURCES INC,-1.635640300810337,-2.3547634296472553,-8.753901004063469,1.4899617061018944,-1.0338160212093772,-4.554035011778401
2019-10-29,85604.0,"EPR Props Q3 EPS $1.46 Down From $1.58 YoY, Sales $184.86M Beat $160.35M Estimate",0.5620161537081003,E P R PROPERTIES,-1.111393328756094,-4.81269820171546,-7.735452448364399,0.19196509383618832,-0.8359671329511653,-1.534399672700859
2019-10-01,92952.0,iShares MSCI Peru ETF Down 3% On Slightly Higher-Than-Average Volume Following Earlier News The Nation's President Dissolved Its Congress,-3.080438636243343,ISHARES TRUST,-0.5591484252363443,0.1471431181742311,1.8834589529285628,0.1428250572644174,0.37217597672485336,1.358777712755166
2019-10-29,70703.0,Equity Commonwealth Q3 FFO $0.21 Up From $0.18 YoY,0.8251355960965157,EQUITY COMMONWEALTH,0.7239519618451595,-0.03147693245008076,-0.25180964167098585,-0.47378274612128735,-1.0985573421272044,-1.6234735039475923
2019-10-31,89617.0,"Stifel Nicolaus Maintains Buy on Equinix, Raises Price Target to $620",-0.7668506354093552,EQUINIX INC,-0.8010230958461761,-7.812559684465336,-3.8939279815881633,0.6413789000362158,0.7105898589221393,0.9580342623466631
2019-10-31,89617.0,"Wells Fargo Maintains Outperform on Equinix, Raises Price Target to $620",-0.7668506354093552,EQUINIX INC,-0.8010230958461761,-7.812559684465336,-3.8939279815881633,0.6413789000362158,0.7105898589221393,0.9580342623466631
2019-10-30,89617.0,Equinix Sees Q4 Sales Guidance $1.409B-$1.419B Vs. $1.43B Est.; FY19 Sales Guidance $5.554B-$5.564B Vs. $5.58B,0.6413789000362158,EQUINIX INC,-0.7668506354093552,-6.877226915191004,-5.327752799296026,0.06876988336443901,0.3146373447694639,0.742001694252048
2019-10-30,89617.0,"Equinix Q3 EPS $1.41 Misses $1.64 Estimate, Sales $1.397B Miss $1.41B Estimate",0.6413789000362158,EQUINIX INC,-0.7668506354093552,-6.877226915191004,-5.327752799296026,0.06876988336443901,0.3146373447694639,0.742001694252048
2019-10-18,89617.0,"Nomura Maintains Buy on Equinix, Raises Price Target to $625",0.7991652004420757,EQUINIX INC,0.16307879704982042,-1.8511100938986225,-2.4583167766164205,0.6955593824386597,0.033237561697729845,0.7647624649879115
2019-10-09,89617.0,"Credit Suisse Maintains Outperform On Equinix, Raises Price Target From $556 to $581",0.9657594375312328,EQUINIX INC,-0.48695439472794533,-1.2365191344260063,-1.4573920871898682,-1.3528255745768547,-2.0888891268884713,-1.0855405811965313
2019-10-04,89617.0,Equinix Reports Purchase Of 3 Data Centers From Axtel For $175M In Cash,1.024754531681538,EQUINIX INC,-0.7461577653884888,-2.585753954863379,-0.9008940321569403,2.534189261496067,1.081474856847664,-0.18203672551028172
2019-10-03,89617.0,"Stifel Maintains Buy on Equinix, Raises Price Target to $610",2.534189261496067,EQUINIX INC,1.0247545316815376,-0.6165849185717054,-0.6791094469646208,-1.4168097637593746,-2.649092957744148,-2.618704745552547
2019-10-31,24328.0,EQT shares are trading higher after the company reported better-than-expected Q3 EPS and sales results.,8.484850078821182,E Q T CORP,-1.6759715974330902,3.258851494076098,-3.743330728120331,-3.976729139685631,5.09553665536826,4.32033584612479
2019-10-31,24328.0,"EQT Q3 Adj. EPS $(0.06) Beats $(0.18) Estimate, Sales $951.576M Beat $874.87M Estimate",8.484850078821182,E Q T CORP,-1.6759715974330902,3.258851494076098,-3.743330728120331,-3.976729139685631,5.09553665536826,4.32033584612479
2019-10-29,24328.0,EQT Option Alert: Nov 15 $11 Calls Sweep (3) near the Ask: 3940 @ $0.49 vs 209 OI; Earnings 10/31 Before Open Ref=$10.375,9.447986632585526,E Q T CORP,-3.976729139685631,5.431614091603665,1.6328298039093303,-0.7376153487712145,1.7278601165851892,-2.0790000032354317
2019-10-29,24328.0,EQT shares are trading higher on no company-specific news but unusual option activity in the January $15 calls.,9.447986632585526,E Q T CORP,-3.976729139685631,5.431614091603665,1.6328298039093303,-0.7376153487712145,1.7278601165851892,-2.0790000032354317
2019-10-03,24328.0,Shares of several oil and gas companies are trading lower following a larger-than-expected build in US crude inventories. Crude futures also moved lower on weak US PMI numbers.,-3.872883692383766,E Q T CORP,2.2727200761437416,-2.6859526080664,2.7892510539243576,-1.2745109386742115,-5.357148598921535,-10.329473575973424
2019-10-17,33452.0,Ericsson shares are trading higher after the company reported Q3 sales results up from last year.,5.2264899015426645,ERICSSON,1.3245020061731339,-0.1103778075027595,-3.7527609587835076,1.7730452120304108,3.23740418645333,2.014219166910114
2019-10-24,82486.0,Erie Indemnity Q3 EPS $1.8 Beats $1.65 Estimate,-0.637262174859643,ERIE INDEMNITY CO,1.7705481499433517,1.008612455585789,-3.3985622343442268,-1.491575688123703,-3.098113304297989,-1.9544957387508166
2019-10-31,92753.0,"Energy Recovery Q3 EPS $0.09 Beats $0.03 Estimate, Sales $24.9M Beat $22.74M Estimate",-0.6403358187526463,ENERGY RECOVERY INC,2.792688086628914,1.7185804834513485,-5.477982736380205,-0.42507932521402836,-2.497396329113344,-4.8731014297656365
2019-10-24,92753.0,"Raymond James Initiates Coverage On Energy Recovery with Outperform Rating, Announces $12 Price Target",-2.724515646696091,ENERGY RECOVERY INC,2.1784234791994095,-3.423235806989644,-1.7634863860197525,0.10101242223754525,0.507101339480931,2.323174167597575
2019-10-31,88392.0,Embraer Says It Has Delivered Total Of 44 Aircraft In Q3,-1.3068155385553841,EMBRAER S A,2.2452468052506447,2.2452467925642594,-4.663220276509595,-0.789173599332571,-1.2345641190417034,-0.5087629309412534
2019-10-23,88392.0,From Boeing Q3 Earnings Conference Call: Sees Embraer Deal To Close In Early 2020,0.5685070063918829,EMBRAER S A,0.9044649079442024,-0.5087629152872419,0.3957019918689353,2.0893825218081474,3.348999200165248,4.082843416375881
2019-10-21,88392.0,Embraer Signs $1.4B Jet Deal With Flexjet,1.233837101608515,EMBRAER S A,2.0893825218081474,3.4242609261549317,3.9466065091516622,0.710064172744751,1.0688854208867227,1.6119430548341418
2019-10-21,88392.0,Embraer Reports $1.4B Order Of Praetor Business Jets To FlexJet,1.233837101608515,EMBRAER S A,2.0893825218081474,3.4242609261549317,3.9466065091516622,0.710064172744751,1.0688854208867227,1.6119430548341418
2019-10-09,88392.0,EC Investigating Boeing-Embraer Joint Venture,-0.18083596369251612,EMBRAER S A,-0.36231563426554203,1.6908254763787767,6.823678112471354,-1.7761945724487305,-4.928370010384953,-5.362238972901389
2019-10-04,88392.0,Boeing Shares Edge Lower; Hearing Co. Faces In-Depth EU Probe Into Its Embraer Deal,-0.456360075622797,EMBRAER S A,-3.2091766595840454,-3.3810895293832854,-2.4641849610899658,3.727817162871361,2.275386940454993,1.6231924297961164
2019-10-03,88392.0,"Boeing, Embraer Report Continue To Work Closely To Establish Strategic Partnership; Boeing Will Own 80% Of New Co., Named Boeing Brasil - Commercial",3.727817162871361,EMBRAER S A,-0.456360075622797,-5.875645420450182,-3.593845047002897,-1.4002321287989616,-2.028987778438074,-2.7058215755967674
2019-10-31,33532.0,"Escalade Q3 EPS $0.18 Down From $0.25 YoY, Sales $45.8M Up From $43.955M YoY",-2.218431979417801,ESCALADE INC,-1.4834212139248848,-2.6178027732121634,-4.88656564854667,-0.08524531731382012,2.1795989235503965,1.9130458155254937
2019-10-11,14406.0,"SunTrust Robinson Humphrey Maintains Hold on Element Solutions, Lowers Price Target to $10",4.710916057229042,ELEMENT SOLUTIONS INC,0.4089975729584694,5.112474591328264,9.40695400357332,-1.2684977613389492,-0.21366994455584987,-3.611965362008629
2019-10-03,84207.0,Elbit Systems Reports Its Elbit Systems Of America Subsidiary Wins $23M Order By US Marine Corps,0.5442207213491201,ELBIT SYSTEMS LTD,0.6212292239069939,0.10456277675743308,0.4182510565682751,-1.2820550240576267,-1.8632076931999642,-0.9737255933528033
2019-10-23,14196.0,Empire State Realty Trust Q3 FFO $0.24 Down From $0.25 YoY,0.909727904945612,EMPIRE STATE REALTY TRUST INC,0.9015264920890331,1.2482683952757867,1.8723959569403759,0.0,0.7757380604743958,0.9180799352707991
2019-10-09,14196.0,"Empire State Realty Trust Reports Signed Eighth Expansion Lease With LinkedIn At Empire State Building, No Terms Disclosed",0.0,EMPIRE STATE REALTY TRUST INC,-0.7982558570802212,1.4513774635593668,4.644414833418731,-0.21723886020481586,-0.6488835999220122,-0.5054198424219059
2019-10-29,80681.0,"Wells Fargo Maintains Outperform on Essex Property Trust, Raises Price Target to $350",-0.0525722571182996,ESSEX PROPERTY TRUST INC,1.3705812394618988,-1.5129059584127025,-4.390199353181767,-0.5229264963418245,-0.8857374555203079,-1.5075780583842735
2019-10-23,80681.0,Essex Property Trust Q3 Core FFO $3.35 Up From $3.15 YoY,-0.8006266318261623,ESSEX PROPERTY TRUST INC,-0.6273976992815733,-0.2101487729734841,-3.1643979698595004,-0.466114841401577,-0.09357004414157766,0.7089352210891464
2019-10-08,80681.0,"KeyBanc Maintains Overweight on Essex Property Trust, Raises Price Target to $342",-0.5643765442073345,ESSEX PROPERTY TRUST INC,0.4668758250772953,0.1922445842713616,1.0008845296932023,-0.251206592656672,0.4357873671495538,1.1168087387037895
2019-10-23,91959.0,ESSA Bancorp Q4 EPS $0.35 Up From $0.28 YoY,0.8610048331320286,E S S A BANCORP INC,0.4878044128417969,-0.9146318108407381,-0.12195400425104586,-0.5504596512764692,0.9310962832111302,0.37036706395454644
2019-10-16,17073.0,"SunTrust Robinson Humphrey Maintains Buy on Earthstone Energy, Lowers Price Target to $7",0.6060600280761719,EARTHSTONE ENERGY INC,4.819279909133911,17.469885203266244,18.37349893801501,-3.7900906056165695,-12.466844508074558,-8.333332351394018
2019-10-30,11762.0,"Wells Fargo Maintains Outperform on Eaton, Raises Price Target to $100",-0.7981104776263237,EATON CORP PLC,-0.48725144006311893,4.1850797691286745,3.705282086247097,1.9949527457356453,3.900953186370648,5.5905032491132545
2019-10-30,11762.0,"Credit Suisse Maintains Outperform on Eaton, Raises Price Target to $94",-0.7981104776263237,EATON CORP PLC,-0.48725144006311893,4.1850797691286745,3.705282086247097,1.9949527457356453,3.900953186370648,5.5905032491132545
2019-10-30,11762.0,"Baird Maintains Neutral on Eaton, Raises Price Target to $87",-0.7981104776263237,EATON CORP PLC,-0.48725144006311893,4.1850797691286745,3.705282086247097,1.9949527457356453,3.900953186370648,5.5905032491132545
2019-10-30,11762.0,"KeyBanc Maintains Overweight on Eaton, Raises Price Target to $100",-0.7981104776263237,EATON CORP PLC,-0.48725144006311893,4.1850797691286745,3.705282086247097,1.9949527457356453,3.900953186370648,5.5905032491132545
2019-10-29,11762.0,Eaton Sees FY19 Adj. EPS $5.67-$5.77 vs $5.81 Est.,1.9949527457356449,EATON CORP PLC,-0.7981104776263237,2.71894331244813,4.656821768043784,1.8687203526496887,3.525223951366474,3.0238570915051888
2019-10-29,11762.0,"Eaton Q3 Adj. EPS $1.52 Beats $1.51 Estimate, Sales $5.314B Miss $5.5B Estimate",1.9949527457356449,EATON CORP PLC,-0.7981104776263237,2.71894331244813,4.656821768043784,1.8687203526496887,3.525223951366474,3.0238570915051888
2019-10-16,11762.0,"Oppenheimer Upgrades Eaton to Outperform, Announces $95 Price Target",-1.278620306402445,EATON CORP PLC,0.41939555667340755,4.428276827337729,8.856544096825147,1.558251492679119,0.934122598385545,4.4783769222277
2019-10-15,11762.0,Eaton To Sell Lighting Business To Signify N.V. In All Cash Deal Worth $1.4B,1.5582514926791189,EATON CORP PLC,-1.2786203064024448,3.1660965084327586,8.32926946912429,-0.6145526189357042,2.8753207017935933,4.483784827994186
2019-10-10,11762.0,Eaton Option Alert: Oct 18 $80.5 Calls Sweep (2) near the Ask: 1000 @ $0.5 vs 22 OI; Earnings 10/29 Before Open Ref=$78.46,1.5635082498192792,EATON CORP PLC,3.5114530473947525,3.5750702209236707,7.188297233537377,1.4950811862945557,-1.1622013580367518,-2.433182466219297
2019-10-09,11762.0,Vertical Group Downgrades Eaton to Hold,1.495081186294556,EATON CORP PLC,1.5635082498192787,4.755136600295096,9.393984039811908,-2.618139237165451,-3.870398059294633,-2.829108194403418
2019-10-31,24010.0,UBS Downgrades Entergy to Neutral,-0.06580635090358555,ENTERGY CORP NEW,-1.4981887303292751,-4.80157111305719,-3.00929163416237,2.1169327199459076,2.9122882161850328,1.0725875950163388
2019-10-30,24010.0,Entergy Corporation Narrows FY19 Adj. EPS Guidance From $5.14-$5.45 To $5.25 vs $5.30 Est.,2.116932719945908,ENTERGY CORP NEW,-0.06580635090358555,-3.5208942465743687,-2.5507148348194897,0.7788673974573612,-1.0226953523894688,-1.8226795746026259
2019-10-30,24010.0,Entergy Q3 EPS $1.82 Misses $2.3 Estimate,2.116932719945908,ENTERGY CORP NEW,-0.06580635090358555,-3.5208942465743687,-2.5507148348194897,0.7788673974573612,-1.0226953523894688,-1.8226795746026259
2019-10-21,24010.0,"KeyBanc Maintains Overweight on Entergy, Raises Price Target to $128",0.736347958445549,ENTERGY CORP NEW,0.32768193632364273,-0.7561702846954899,-0.3612839411265445,0.7418168243020773,1.8183389877683087,2.2501067467666003
2019-10-14,24010.0,"JP Morgan Maintains Overweight on Entergy, Raises Price Target to $129",-0.5288771819323301,ENTERGY CORP NEW,-0.9090108796954155,2.0667146319080176,1.2949164652965806,-0.47542029060423374,-0.7030274614303278,-0.3315757434806499
2019-10-01,24010.0,"Citigroup Maintains Buy on Entergy, Raises Price Target to $134",-0.03408394404686987,ENTERGY CORP NEW,-0.7415638770908117,0.2557135478333805,-1.5086912730460145,-0.11914841597899795,-0.16163542011211618,0.4106805192480856
2019-10-23,91413.0,"Evercore Q3 EPS $1.26 Misses $1.63 Estimate, Sales $408.546M Miss $480.08M Estimate",-7.083117961883545,EVERCORE INC,1.3091491535305977,0.463652582461771,6.191191591343892,0.25406116619706154,2.5334505621996684,3.0018211057946553
2019-10-28,87657.0,Edwards Lifesciences shares are trading higher on continued strength following last week's earnings report and guidance.,3.8911480456590652,EDWARDS LIFESCIENCES CORP,0.6579769775271416,-0.7549847373832019,-1.0080557135823343,-0.28401375748217106,1.345596441712793,2.7556442475692
2019-10-24,87657.0,"Deutsche Bank Maintains Hold on Edwards Lifesciences, Raises Price Target to $236",1.634251698851585,EDWARDS LIFESCIENCES CORP,-0.28401375748217106,4.159750029572518,2.7484020826711975,1.3913261704146862,-0.893452766328573,-1.002380205784692
2019-10-24,87657.0,"Stifel Nicolaus Maintains Buy on Edwards Lifesciences, Raises Price Target to $250",1.634251698851585,EDWARDS LIFESCIENCES CORP,-0.28401375748217106,4.159750029572518,2.7484020826711975,1.3913261704146862,-0.893452766328573,-1.002380205784692
2019-10-24,87657.0,"Morgan Stanley Maintains Overweight on Edwards Lifesciences, Raises Price Target to $248",1.634251698851585,EDWARDS LIFESCIENCES CORP,-0.28401375748217106,4.159750029572518,2.7484020826711975,1.3913261704146862,-0.893452766328573,-1.002380205784692
2019-10-24,87657.0,"Bank of America Reiterates Buy on Edwards Lifesciences, Raises Price Target to $250",1.634251698851585,EDWARDS LIFESCIENCES CORP,-0.28401375748217106,4.159750029572518,2.7484020826711975,1.3913261704146862,-0.893452766328573,-1.002380205784692
2019-10-24,87657.0,"Wells Fargo Maintains Outperform on Edwards Lifesciences, Raises Price Target to $262",1.634251698851585,EDWARDS LIFESCIENCES CORP,-0.28401375748217106,4.159750029572518,2.7484020826711975,1.3913261704146862,-0.893452766328573,-1.002380205784692
2019-10-24,87657.0,"Raymond James Maintains Outperform on Edwards Lifesciences, Raises Price Target to $255",1.634251698851585,EDWARDS LIFESCIENCES CORP,-0.28401375748217106,4.159750029572518,2.7484020826711975,1.3913261704146862,-0.893452766328573,-1.002380205784692
2019-10-23,87657.0,Edwards Life Science Raised Its FY19 EPS Guidance From $5.20 - $5.40 to $5.50 - $5.65 vs $5.34 Estimate,1.391326170414686,EDWARDS LIFESCIENCES CORP,1.6342516988515854,6.199487847484031,4.4586590850990815,-2.2534264251589775,-2.360859125341863,-2.5065876188989478
2019-10-23,87657.0,Edwards Lifesciences Q3 Adj. EPS $1.41 vs $1.22 Estimate,1.391326170414686,EDWARDS LIFESCIENCES CORP,1.6342516988515854,6.199487847484031,4.4586590850990815,-2.2534264251589775,-2.360859125341863,-2.5065876188989478
2019-10-23,87657.0,"Edwards Lifesciences Q3 EPS $1.3 Beats $1.22 Estimate, Sales $1.1B Beat $1.04B Estimate",1.391326170414686,EDWARDS LIFESCIENCES CORP,1.6342516988515854,6.199487847484031,4.4586590850990815,-2.2534264251589775,-2.360859125341863,-2.5065876188989478
2019-10-16,87657.0,"UBS Maintains Neutral on Edwards Lifesciences, Raises Price Target to $230",-1.001622062176466,EDWARDS LIFESCIENCES CORP,0.6450502667576075,-0.5125049482531452,5.655210217246176,0.8914012461900711,0.6692811332221993,1.1234502445048866
2019-10-14,87657.0,"Credit Suisse Maintains Outperform on Edwards Lifesciences, Raises Price Target to $261",-0.22015762515366083,EDWARDS LIFESCIENCES CORP,0.8914012461900711,0.26477481444324713,4.62468349776779,0.4511496517807245,1.0230874903349285,4.164565419454824
2019-10-18,86719.0,"Wells Fargo Maintains Outperform on East West Bancorp, Lowers Price Target to $57",-0.1692040008492768,EAST WEST BANCORP INC,1.9128352403640747,5.4963694069519065,8.341082541630861,-5.114677920937538,-5.741627817267913,-2.8417162572166643
2019-10-18,86719.0,"Wedbush Maintains Outperform on East West Bancorp, Lowers Price Target to $51",-0.1692040008492768,EAST WEST BANCORP INC,1.9128352403640747,5.4963694069519065,8.341082541630861,-5.114677920937538,-5.741627817267913,-2.8417162572166643
2019-10-17,86719.0,"East West Bancorp Q3 EPS $1.17 Misses $1.2 Estimate, Sales $369.807M Miss $371.27M Estimate",-5.114677920937538,EAST WEST BANCORP INC,-0.16920400084927678,2.7314506951620077,4.4114076161615,-0.6607448682188988,2.3954828986373133,1.845356438835477
2019-10-03,86719.0,"SunTrust Robinson Humphrey Maintains Buy on East West Bancorp, Lowers Price Target to $54",0.1897576614283025,EAST WEST BANCORP INC,0.0,-2.059665454859827,-2.059665404936939,-1.1720580980181694,-4.8092143440010116,-4.937990328082542
2019-10-30,83211.0,Bank Of Canada Holds Interest Rates Unchanged,-0.06932567339390516,ISHARES INC,-0.173427804838866,1.630243921374852,2.4973961860372818,-0.17300774343311787,-0.2075387963501485,0.13884386898377343
2019-10-23,83211.0,CAN Wholesale Sales (MoM) for Aug (1.2)% vs 0.3% Est; Prior 1.4%,-0.06951844552531838,ISHARES INC,0.20869378931820393,0.2782606097405216,1.9130408577912483,-0.10416243458166718,0.6295918253140576,0.2788425215931811
2019-10-22,83211.0,"Canada's Trudeau Wins Re-Election, But Loses Majority In Parliament",-0.10416243458166721,ISHARES INC,-0.06951844552531838,0.2780671670947754,1.5988845678228447,0.7345193531364202,0.38340431944825504,0.8050386293148026
2019-10-21,83211.0,Pres Trump Says Health Secretary Azar Will Accelerate Effort To Import Drugs From Canada,0.7345193531364201,ISHARES INC,-0.10416243458166718,0.34722355805767435,1.527779715322919,-0.3485548309981823,0.07000507535175338,0.10504439427458934
2019-10-08,83211.0,CAN Building Permits (MoM) for Aug 6.1% vs 2.3% Est; Prior Revised from 3% to 3.2%,-0.9213332086801529,ISHARES INC,0.6437779404222965,2.1459242182522376,2.897000717401954,-0.24744290858507156,0.49857333695921824,0.49857333695921824
2019-10-08,83211.0,CAN Housing Starts for Sep 221.2K vs 217K Est; Prior 226.9K,-0.9213332086801529,ISHARES INC,0.6437779404222965,2.1459242182522376,2.897000717401954,-0.24744290858507156,0.49857333695921824,0.49857333695921824
2019-10-04,83211.0,CAN Ivey PMI for Sep 48.7 vs 60.6 Prior,0.7478667888790369,ISHARES INC,-0.24744290858507156,0.9190467750362252,1.060442680640672,0.0,-1.5772897750139236,-2.8373692825033547
2019-10-15,83213.0,Germany Won't Rule Out Huawei from its 5G Roll-out and Network Construction,1.243599690496922,ISHARES INC,0.5780341103672981,1.9147354376720882,2.9985546014353437,0.18321449169889092,2.898007047224138,3.521394609456774
2019-10-14,83213.0,German Security Rulebook Will Not Exclude Huawei from Supplying Equipment to Country's 5G Mobile Networks,0.1832144916988909,ISHARES INC,1.2435996904969215,3.6576444434433864,4.572055581753198,2.70982775837183,3.33207527298347,4.51934238321432
2019-10-16,83217.0,"Trump, In Joint Press Conference With Italian Pres, Says Could Solve US, Euro Trade Problem Instantly With Tariffs But That Would Be Too Harsh",0.4983958322554827,ISHARES INC,0.177120603621006,0.46050679774596315,1.9128619363165233,1.1159087531268597,0.9705264296389515,2.70566644247463
2019-10-07,83225.0,Trade Representative Robert Lighthizer Says Trade Deal With Japan Is About $55B Worth Of Trade,-0.634697824716568,ISHARES INC,-0.5855248775333166,0.9581279619890859,2.5195141680747435,1.1592679657042027,1.666965961628386,0.4071509294423681
2019-10-07,83225.0,US-Japan Trade Agreement To Focus Heavily On Agricultural Sectors,-0.634697824716568,ISHARES INC,-0.5855248775333166,0.9581279619890859,2.5195141680747435,1.1592679657042027,1.666965961628386,0.4071509294423681
2019-10-07,83225.0,Trump To Sign US-Japan Trade Agreement And US-Japan Digital Trade Agreement,-0.634697824716568,ISHARES INC,-0.5855248775333166,0.9581279619890859,2.5195141680747435,1.1592679657042027,1.666965961628386,0.4071509294423681
2019-10-07,83225.0,Trump To Sign US-Japan Trade Agreements At 3:30 p.m.,-0.634697824716568,ISHARES INC,-0.5855248775333166,0.9581279619890859,2.5195141680747435,1.1592679657042027,1.666965961628386,0.4071509294423681
2019-10-04,83225.0,Nikkei Survey Shows A Quarter Of Japanese Companies Want To Cut China Risk,1.159267965704203,ISHARES INC,-0.634697824716568,0.7581105253620102,1.145976227216794,0.5018798634409904,-0.7434979032438505,-1.1808282471184373
2019-10-23,83212.0,"AFP Reports Man Holed Up at Museum in Southern France, Threatening Messages in Arabic, According to Police",0.556829571723938,ISHARES INC,0.35830195993185043,2.1824106289142664,3.0293106705872486,-0.5213419441133738,-0.48891660835311823,-0.7477228111026024
2019-10-31,14907.0,UK Opposition Leader Corbyn Says Trump Is Working To Interfere In UK Election To Get His Friend Boris Johnson Elected,-0.580692058429122,ISHARES TRUST,0.46111750416457653,0.7992687797770737,0.09223051097042578,0.7079086732119322,0.36810660497226255,0.8009924272187829
2019-10-31,14907.0,Trump Says Under Some Brexit Circumstances The U.S. Would Be Precluded From Doing A Trade Deal With The UK,-0.580692058429122,ISHARES TRUST,0.46111750416457653,0.7992687797770737,0.09223051097042578,0.7079086732119322,0.36810660497226255,0.8009924272187829
2019-10-31,14907.0,"Ipsos MORI Survey Shows Tories 41%, Labour 24%",-0.580692058429122,ISHARES TRUST,0.46111750416457653,0.7992687797770737,0.09223051097042578,0.7079086732119322,0.36810660497226255,0.8009924272187829
2019-10-29,14907.0,Position Of Tellers Indicates UK Lawmakers Have Approved Bill On Early Election,-0.33741348888725037,ISHARES TRUST,0.7079086732119322,1.2003673422061656,0.5232321956659014,0.4312981851398945,0.24599635235833528,0.6172744994318968
2019-10-29,14907.0,Labour's Corbyn: No Deal Off the Table Has Now Been Met; Says Will Support an Election,-0.33741348888725037,ISHARES TRUST,0.7079086732119322,1.2003673422061656,0.5232321956659014,0.4312981851398945,0.24599635235833528,0.6172744994318968
2019-10-29,14907.0,EU Grants Another 3-Month Brexit Extension,-0.33741348888725037,ISHARES TRUST,0.7079086732119322,1.2003673422061656,0.5232321956659014,0.4312981851398945,0.24599635235833528,0.6172744994318968
2019-10-28,14907.0,"Prime Minister's Office At 10 Downing Confirms Will Not Try Again To Bring Brexit Bill, WAB Back",0.4312981851398945,ISHARES TRUST,-0.3374134888872504,0.6748503525944693,-4.8156334475635276e-08,-0.18450606148689985,0.18517764646350798,1.1214972986634653
2019-10-28,14907.0,UK Lawmakers Have Rejected Prime Minister Johnson's Request For Early Election,0.4312981851398945,ISHARES TRUST,-0.3374134888872504,0.6748503525944693,-4.8156334475635276e-08,-0.18450606148689985,0.18517764646350798,1.1214972986634653
2019-10-28,14907.0,"299 UK Lawmakers Vote In Favor Of Early Election, 70 Voted Against",0.4312981851398945,ISHARES TRUST,-0.3374134888872504,0.6748503525944693,-4.8156334475635276e-08,-0.18450606148689985,0.18517764646350798,1.1214972986634653
2019-10-28,14907.0,"UK Lawmakers Have Begun Voting On Whether To Hold An Early Election, Results Of Vote Due In 15 Mins.",0.4312981851398945,ISHARES TRUST,-0.3374134888872504,0.6748503525944693,-4.8156334475635276e-08,-0.18450606148689985,0.18517764646350798,1.1214972986634653
2019-10-28,14907.0,UK Prime Minister Johnson In Letter To Tusk Confirms Brexit Extension,0.4312981851398945,ISHARES TRUST,-0.3374134888872504,0.6748503525944693,-4.8156334475635276e-08,-0.18450606148689985,0.18517764646350798,1.1214972986634653
2019-10-28,14907.0,"Johnson's Spokesman Says PM's View Has Not Changed, UK Should Be Leaving EU on Oct. 31; Says Parliament Has Been Blocking Brexit for Three Years, Clear We Need a New Parliament",0.4312981851398945,ISHARES TRUST,-0.3374134888872504,0.6748503525944693,-4.8156334475635276e-08,-0.18450606148689985,0.18517764646350798,1.1214972986634653
2019-10-28,14907.0,EU Agrees Brexit Extension to January 31,0.4312981851398945,ISHARES TRUST,-0.3374134888872504,0.6748503525944693,-4.8156334475635276e-08,-0.18450606148689985,0.18517764646350798,1.1214972986634653
2019-10-25,14907.0,Senior EU Official Says Expects on Friday an EU Decision in Principle to Extend Brexit Deadline With No Date Yet,-0.1845060614868999,ISHARES TRUST,0.4312981851398945,0.6777609691472231,0.4312981367758484,0.37036705762147903,1.308417469691503,1.182330671444154
2019-10-24,14907.0,"UK's Corbyn Says Tomorrow, EU Will Decide On A Brexit Extension",0.370367057621479,ISHARES TRUST,-0.18450606148689985,0.03074512228473658,0.8302596382255389,0.9345890022814274,0.8089674648261047,1.2500047747062482
2019-10-24,14907.0,UK Prime Minister Johnson Has Won Vote On Gov't. Domestic Agenda,0.370367057621479,ISHARES TRUST,-0.18450606148689985,0.03074512228473658,0.8302596382255389,0.9345890022814274,0.8089674648261047,1.2500047747062482
2019-10-24,14907.0,"UK Prime Minister Johnson Says If I Win Majority In An Election, We Will Ratify Brexit Deal If Not Passed Earlier",0.370367057621479,ISHARES TRUST,-0.18450606148689985,0.03074512228473658,0.8302596382255389,0.9345890022814274,0.8089674648261047,1.2500047747062482
2019-10-24,14907.0,"Letter By UK Prime Minister Johnson To Labour Party Leader Corbyn Shows Johnson Sees Likely EU Will Offer Brexit Delay Until Jan. 31, But Sees Possibility EU Will Offer UK A Shorter Delay",0.370367057621479,ISHARES TRUST,-0.18450606148689985,0.03074512228473658,0.8302596382255389,0.9345890022814274,0.8089674648261047,1.2500047747062482
2019-10-24,14907.0,"UK Prime Minister Johnson Calling For Dec. 12, 2019 Election",0.370367057621479,ISHARES TRUST,-0.18450606148689985,0.03074512228473658,0.8302596382255389,0.9345890022814274,0.8089674648261047,1.2500047747062482
2019-10-24,14907.0,UK Prime Minister Boris Johnson Says Brexit Delay Could Go On For A Long Time,0.370367057621479,ISHARES TRUST,-0.18450606148689985,0.03074512228473658,0.8302596382255389,0.9345890022814274,0.8089674648261047,1.2500047747062482
2019-10-24,14907.0,UK Gov't. Will Table Motion For General Election On Monday,0.370367057621479,ISHARES TRUST,-0.18450606148689985,0.03074512228473658,0.8302596382255389,0.9345890022814274,0.8089674648261047,1.2500047747062482
2019-10-24,14907.0,'UK police confirm 39 Essex truck victims were all Chinese nationals as human trafficking probe begins' -South China Morning Post,0.370367057621479,ISHARES TRUST,-0.18450606148689985,0.03074512228473658,0.8302596382255389,0.9345890022814274,0.8089674648261047,1.2500047747062482
2019-10-24,14907.0,Fitch Says Domestic UK Tourism Could Also Benefit To Rise In Cost Of Traveling Abroad If Pound Depreciates As Result Of Brexit Uncertainty,0.370367057621479,ISHARES TRUST,-0.18450606148689985,0.03074512228473658,0.8302596382255389,0.9345890022814274,0.8089674648261047,1.2500047747062482
2019-10-24,14907.0,UK PM Johnson's Spokesman Says Awaiting Decision from EU on Parliament's Request for Brexit Delay; Says PM Wants to Get on With Delivering Brexit and His Domestic Agenda,0.370367057621479,ISHARES TRUST,-0.18450606148689985,0.03074512228473658,0.8302596382255389,0.9345890022814274,0.8089674648261047,1.2500047747062482
2019-10-23,14907.0,"EU Diplomats Say No Decision Expected On Wednesday On Length, Type Of Extension For Britain's Departure Date From EU; Ambassadors To Discuss Brexit Extension Again On Friday, EU Diplomats Say 3 Month Delay To End Of Jan. Most Likely",0.9345890022814274,ISHARES TRUST,0.37036705762147903,0.9876533326073522,1.3888793501986019,-0.12445836327970028,0.3124952264061731,0.28116262225692523
2019-10-23,14907.0,Spokesperson For UK Prime Minister Says UK Parliament Will Always Vote For Delay,0.9345890022814274,ISHARES TRUST,0.37036705762147903,0.9876533326073522,1.3888793501986019,-0.12445836327970028,0.3124952264061731,0.28116262225692523
2019-10-23,14907.0,"Spokesperson For UK Prime Minister Johnson Says Johnson Spoke With EC President Tusk And Told Him He Still Opposes Deal Extension, Wants To Leave By Oct. 31",0.9345890022814274,ISHARES TRUST,0.37036705762147903,0.9876533326073522,1.3888793501986019,-0.12445836327970028,0.3124952264061731,0.28116262225692523
2019-10-23,14907.0,UK Times Political Editor Says PM Johnson Meeting Labour's Corbyn to Discuss New Program Motion,0.9345890022814274,ISHARES TRUST,0.37036705762147903,0.9876533326073522,1.3888793501986019,-0.12445836327970028,0.3124952264061731,0.28116262225692523
2019-10-22,14907.0,"EU's Tusk Says Will Recommend The EU27 Accept UK Request For A Brexit Extension, Needs Written Procedure",-0.12445836327970031,ISHARES TRUST,0.9345890022814274,1.2149633303124574,2.4299146955554463,0.4374980926513672,0.40612644386150976,1.100970322895578
2019-10-22,14907.0,"EU Commission Takes Note Of Tonight's Brexit Vote, Expects UK Government To Inform It About Next Steps",-0.12445836327970031,ISHARES TRUST,0.9345890022814274,1.2149633303124574,2.4299146955554463,0.4374980926513672,0.40612644386150976,1.100970322895578
2019-10-22,14907.0,"'European Commission says President Tusk is consulting EU leaders on extending Brexit to January 31, 2020 after UK govt. loses fast-track vote' -CNBC Now Tweet",-0.12445836327970031,ISHARES TRUST,0.9345890022814274,1.2149633303124574,2.4299146955554463,0.4374980926513672,0.40612644386150976,1.100970322895578
2019-10-22,14907.0,UK Prime Minister Has Accelerated Plans For No-Deal Brexit,-0.12445836327970031,ISHARES TRUST,0.9345890022814274,1.2149633303124574,2.4299146955554463,0.4374980926513672,0.40612644386150976,1.100970322895578
2019-10-22,14907.0,UK Lawmakers Reject Timetable For Brexit Deal Legislation,-0.12445836327970031,ISHARES TRUST,0.9345890022814274,1.2149633303124574,2.4299146955554463,0.4374980926513672,0.40612644386150976,1.100970322895578
2019-10-22,14907.0,DUP MP's Will Vote Against Programme Motion,-0.12445836327970031,ISHARES TRUST,0.9345890022814274,1.2149633303124574,2.4299146955554463,0.4374980926513672,0.40612644386150976,1.100970322895578
2019-10-22,14907.0,329 UK Lawmakers Vote For Second Reading Of Brexit Deal Legislation,-0.12445836327970031,ISHARES TRUST,0.9345890022814274,1.2149633303124574,2.4299146955554463,0.4374980926513672,0.40612644386150976,1.100970322895578
2019-10-22,14907.0,"Tory MP Says They've Spotted Several Labour MP's In The ""Aye"" Voting Lobby As Division Gets Underway",-0.12445836327970031,ISHARES TRUST,0.9345890022814274,1.2149633303124574,2.4299146955554463,0.4374980926513672,0.40612644386150976,1.100970322895578
2019-10-22,14907.0,'PM will be calling EU leaders tonight making clear our policy remains that we leave on 31/10 and that no delays should  be offered.' -iTV Political Correspondent,-0.12445836327970031,ISHARES TRUST,0.9345890022814274,1.2149633303124574,2.4299146955554463,0.4374980926513672,0.40612644386150976,1.100970322895578
2019-10-22,14907.0,"'I'm Told That Boris Johnson Is Now Ready To Accept A Ten Day Brexit Delay Beyond ""Do Or Die"" Day On Oct 31 If He Loses Programme Motion Tonight. But Only If EU Says It's The Final, Final Extension. ""They Won't Do That - So In Practice We'll Pull The Bill'",-0.12445836327970031,ISHARES TRUST,0.9345890022814274,1.2149633303124574,2.4299146955554463,0.4374980926513672,0.40612644386150976,1.100970322895578
2019-10-22,14907.0,"UK Prime Minister Johnson Says If We Reject New Deal, The Alternative Is To Undo Brexit",-0.12445836327970031,ISHARES TRUST,0.9345890022814274,1.2149633303124574,2.4299146955554463,0.4374980926513672,0.40612644386150976,1.100970322895578
2019-10-22,14907.0,UK Prime Minister Johnson Says Will Deal A Trade Deal Before End Of 2020,-0.12445836327970031,ISHARES TRUST,0.9345890022814274,1.2149633303124574,2.4299146955554463,0.4374980926513672,0.40612644386150976,1.100970322895578
2019-10-22,14907.0,"Johnson's Spokesman Says Voting Down Programme Motion Would Have Serious Implications; Would Mean Legislation Will Drift on and on, Not in UK or EU Interest",-0.12445836327970031,ISHARES TRUST,0.9345890022814274,1.2149633303124574,2.4299146955554463,0.4374980926513672,0.40612644386150976,1.100970322895578
2019-10-22,14907.0,Spokesman for UK PM Johnson Says PMm Will Open the Brexit Debate on Tuesday,-0.12445836327970031,ISHARES TRUST,0.9345890022814274,1.2149633303124574,2.4299146955554463,0.4374980926513672,0.40612644386150976,1.100970322895578
2019-10-22,14907.0,UK Lawmaker Boles Proposes Amendment Requiring Government to Seek an Extension of the Transition to Dec 2022 Unless MP's Pass Resolution to the Contrary,-0.12445836327970031,ISHARES TRUST,0.9345890022814274,1.2149633303124574,2.4299146955554463,0.4374980926513672,0.40612644386150976,1.100970322895578
2019-10-21,14907.0,UK Parliament Will Hold First vote On Brexit Bill 7 p.m. Local Time Tuesday,0.4374980926513672,ISHARES TRUST,-0.12445836327970028,1.4312355141270716,2.1157445646350803,-0.031234996276907623,0.660582195737458,0.534087582588394
2019-10-21,14907.0,UK's Labour Party Leader Corbyn Says Will Continue To Work To Avoid A No-Deal Brexit,0.4374980926513672,ISHARES TRUST,-0.12445836327970028,1.4312355141270716,2.1157445646350803,-0.031234996276907623,0.660582195737458,0.534087582588394
2019-10-21,14907.0,"Spokesperson For UK Prime Minister Johnson Says Is Disappointed The UK House Of Commons Speaker Denied Chance To Deliver On Will Of British People, Says Will Go Ahead With Introduction Of Withdrawal Agreement Bill",0.4374980926513672,ISHARES TRUST,-0.12445836327970028,1.4312355141270716,2.1157445646350803,-0.031234996276907623,0.660582195737458,0.534087582588394
2019-10-21,14907.0,UK Speaker Says Application for Brexit Delay Is Not Persuasive As A Change Of Circumstance,0.4374980926513672,ISHARES TRUST,-0.12445836327970028,1.4312355141270716,2.1157445646350803,-0.031234996276907623,0.660582195737458,0.534087582588394
2019-10-21,14907.0,UK Speaker Says Motion Will Not Be Debated Monday,0.4374980926513672,ISHARES TRUST,-0.12445836327970028,1.4312355141270716,2.1157445646350803,-0.031234996276907623,0.660582195737458,0.534087582588394
2019-10-21,14907.0,"UK Speaker Says Monday's Motion Seeks Approval For Same Things As Saturday's Motion, Sees Motions The Same In Substance",0.4374980926513672,ISHARES TRUST,-0.12445836327970028,1.4312355141270716,2.1157445646350803,-0.031234996276907623,0.660582195737458,0.534087582588394
2019-10-21,14907.0,"UK House Of Commons Speaker Says Sees 2 Issues With New Brexit Deal: 1 Of Substance, 1 Of Circumstance",0.4374980926513672,ISHARES TRUST,-0.12445836327970028,1.4312355141270716,2.1157445646350803,-0.031234996276907623,0.660582195737458,0.534087582588394
2019-10-21,14907.0,UK PM Johnson Battles To Push Brexit Deal Through,0.4374980926513672,ISHARES TRUST,-0.12445836327970028,1.4312355141270716,2.1157445646350803,-0.031234996276907623,0.660582195737458,0.534087582588394
2019-10-21,14907.0,"UK Finance Minister Sends Letter To Treasury Committee, Shows He's In Agreement Withdrawal Deal Is Self Evidently In UK's Economic Interest",0.4374980926513672,ISHARES TRUST,-0.12445836327970028,1.4312355141270716,2.1157445646350803,-0.031234996276907623,0.660582195737458,0.534087582588394
2019-10-21,14907.0,US Secretary of Commerce Says the US Would Do a Trade Deal with the UK Shortly After Brexit,0.4374980926513672,ISHARES TRUST,-0.12445836327970028,1.4312355141270716,2.1157445646350803,-0.031234996276907623,0.660582195737458,0.534087582588394
2019-10-21,14907.0,UK PM Johnson's Spokesman Says No Certainty EU Will Agree to an Extension,0.4374980926513672,ISHARES TRUST,-0.12445836327970028,1.4312355141270716,2.1157445646350803,-0.031234996276907623,0.660582195737458,0.534087582588394
2019-10-21,14907.0,"Spokesman for UK PM Johnson Says the Meaningful Vote Will Go Ahead if the Speaker Agrees and if No Amendments Are Selected Which Would Render It Meaningless; Says We Have Just Concluded a Very Good Deal With the EU, That is the Deal We Are Focused on Getting Through",0.4374980926513672,ISHARES TRUST,-0.12445836327970028,1.4312355141270716,2.1157445646350803,-0.031234996276907623,0.660582195737458,0.534087582588394
2019-10-18,14907.0,Fitch Says Is Still Uncertain If UK Parliament Will Approve Brexit Deal Before End Of Oct.,-0.031234996276907616,ISHARES TRUST,0.4374980926513672,1.4374971505922485,2.125000914358788,0.6920333486050367,0.5654992125232905,2.007645583000839
2019-10-18,14907.0,Fitch Maintains Negative Outlook On UK,-0.031234996276907616,ISHARES TRUST,0.4374980926513672,1.4374971505922485,2.125000914358788,0.6920333486050367,0.5654992125232905,2.007645583000839
2019-10-18,14907.0,Bank of England's Carney Says Monetary Policy Would be Enacted in a Normal Time Frame in the Case of a No-Deal Brexit,-0.031234996276907616,ISHARES TRUST,0.4374980926513672,1.4374971505922485,2.125000914358788,0.6920333486050367,0.5654992125232905,2.007645583000839
2019-10-18,14907.0,Hearing A Controlled Explosion Has Taken Place Outside Of UK Treasury,-0.031234996276907616,ISHARES TRUST,0.4374980926513672,1.4374971505922485,2.125000914358788,0.6920333486050367,0.5654992125232905,2.007645583000839
2019-10-18,14907.0,Goldman Sachs Says Raises Its Probability on Brexit Deal to 65% From 60%,-0.031234996276907616,ISHARES TRUST,0.4374980926513672,1.4374971505922485,2.125000914358788,0.6920333486050367,0.5654992125232905,2.007645583000839
2019-10-17,14907.0,"Tusk Says European Union Summit Endorsed This Deal, Says We Are Waiting For Votes In EU And UK Parliaments",0.6920333486050367,ISHARES TRUST,-0.031234996276907623,1.5932588728162944,1.6244938444897716,-0.12566449586302042,1.306570331975565,0.47408825477108785
2019-10-17,14907.0,Senior UK Official Says Boris Johnson's Positions Is Now That Its A New Deal Or No Deal But No Delay,0.6920333486050367,ISHARES TRUST,-0.031234996276907623,1.5932588728162944,1.6244938444897716,-0.12566449586302042,1.306570331975565,0.47408825477108785
2019-10-17,14907.0,"IMF Managing Director Says If There Is A No-Deal Brexit, Could Cost Britain 3.5-5% Of GDP",0.6920333486050367,ISHARES TRUST,-0.031234996276907623,1.5932588728162944,1.6244938444897716,-0.12566449586302042,1.306570331975565,0.47408825477108785
2019-10-17,14907.0,UK Cabinet Office Minister Gove Says We Don't Contemplate Defeat on Brexit Deal in Parliament on Saturday,0.6920333486050367,ISHARES TRUST,-0.031234996276907623,1.5932588728162944,1.6244938444897716,-0.12566449586302042,1.306570331975565,0.47408825477108785
2019-10-17,14907.0,EUs Barnier Says I Trust in Possibility That Deal Be Ratified in Time by Oct. 31,0.6920333486050367,ISHARES TRUST,-0.031234996276907623,1.5932588728162944,1.6244938444897716,-0.12566449586302042,1.306570331975565,0.47408825477108785
2019-10-17,14907.0,UK Opposition Leader Corbyn Says We are Unhappy with Brexit Deal,0.6920333486050367,ISHARES TRUST,-0.031234996276907623,1.5932588728162944,1.6244938444897716,-0.12566449586302042,1.306570331975565,0.47408825477108785
2019-10-17,14907.0,Political Declaration Allows for Ambitious Free Trade Deal With Zero Tariffs and Quotas Between EU and UK,0.6920333486050367,ISHARES TRUST,-0.031234996276907623,1.5932588728162944,1.6244938444897716,-0.12566449586302042,1.306570331975565,0.47408825477108785
2019-10-17,14907.0,"EU's Juncker Says There is a Deal, We Have a Brexit Deal",0.6920333486050367,ISHARES TRUST,-0.031234996276907623,1.5932588728162944,1.6244938444897716,-0.12566449586302042,1.306570331975565,0.47408825477108785
2019-10-17,14907.0,UK Sun Political Editor Tom Newton Dunn Tweets: The DUP have NOT agreed to the UK-EU Deal.,0.6920333486050367,ISHARES TRUST,-0.031234996276907623,1.5932588728162944,1.6244938444897716,-0.12566449586302042,1.306570331975565,0.47408825477108785
2019-10-17,14907.0,"Senior EU Official Says if There is No Brexit Deal on Table Today, They Will Discuss Potential Extension",0.6920333486050367,ISHARES TRUST,-0.031234996276907623,1.5932588728162944,1.6244938444897716,-0.12566449586302042,1.306570331975565,0.47408825477108785
2019-10-16,14907.0,Boris Johnson Will Go To Brussels Early Thursday If He Can Have Some Useful Meetings,-0.1256644958630204,ISHARES TRUST,0.6920333486050367,1.9188442794312977,2.9254491415120265,1.4340369030833244,0.6005073751997658,3.579565218745384
2019-10-16,14907.0,UK Government Source Tells Reuters No Further Movement Expected Tonight On Brexit Deal,-0.1256644958630204,ISHARES TRUST,0.6920333486050367,1.9188442794312977,2.9254491415120265,1.4340369030833244,0.6005073751997658,3.579565218745384
2019-10-16,14907.0,'EU27 ambassadors have been told that all issues have been agreed except for VAT' -Tweet From BuzzFeed News Europe Editor,-0.1256644958630204,ISHARES TRUST,0.6920333486050367,1.9188442794312977,2.9254491415120265,1.4340369030833244,0.6005073751997658,3.579565218745384
2019-10-16,14907.0,"'Just as Barnier arrives to see ambassadors,  government source has just told me there will not be a deal tonight' -BBC Political Editor Laura Kuenssberg",-0.1256644958630204,ISHARES TRUST,0.6920333486050367,1.9188442794312977,2.9254491415120265,1.4340369030833244,0.6005073751997658,3.579565218745384
2019-10-16,14907.0,Macron Says Hopes Brexit Deal Can Be Agreed On In Next Few Hours,-0.1256644958630204,ISHARES TRUST,0.6920333486050367,1.9188442794312977,2.9254491415120265,1.4340369030833244,0.6005073751997658,3.579565218745384
2019-10-16,14907.0,UPDATE: Macron Says Hopes A Brexit Deal Could Be Signed Off Thurs.,-0.1256644958630204,ISHARES TRUST,0.6920333486050367,1.9188442794312977,2.9254491415120265,1.4340369030833244,0.6005073751997658,3.579565218745384
2019-10-16,14907.0,French Pres Macron Says Brexit Deal Is Being Finalized,-0.1256644958630204,ISHARES TRUST,0.6920333486050367,1.9188442794312977,2.9254491415120265,1.4340369030833244,0.6005073751997658,3.579565218745384
2019-10-16,14907.0,UK PM Johnson's Spokesman Says PM Told Cabinet There Is A Chance Of Securing A Good Deal But Said Said We Are Not There Yet On Brexit Deal; Told Cabinet There Remain Outstanding Issues,-0.1256644958630204,ISHARES TRUST,0.6920333486050367,1.9188442794312977,2.9254491415120265,1.4340369030833244,0.6005073751997658,3.579565218745384
2019-10-16,14907.0,Hearing European Council President Donald Tusk Says It Should Be Known In Seven To Eight Hours When Brexit Could Happen,-0.1256644958630204,ISHARES TRUST,0.6920333486050367,1.9188442794312977,2.9254491415120265,1.4340369030833244,0.6005073751997658,3.579565218745384
2019-10-16,14907.0,"Leader Of Northern Ireland's Democractic Unionist Party Arlene Foster Says Northern Ireland's DUP Has Said EU Sources Are Talking Nonsense, Talks Continue",-0.1256644958630204,ISHARES TRUST,0.6920333486050367,1.9188442794312977,2.9254491415120265,1.4340369030833244,0.6005073751997658,3.579565218745384
2019-10-16,14907.0,UPDATE: RTE Reporter Has 2 Senior EU Sources Have Indicated Main Stumbling Block To Brexit Deal Have Beren Removed,-0.1256644958630204,ISHARES TRUST,0.6920333486050367,1.9188442794312977,2.9254491415120265,1.4340369030833244,0.6005073751997658,3.579565218745384
2019-10-16,14907.0,Hearing Reporter For UK Publication RTE Says DUP Has Accepted Latest Brexit Proposals On Consent,-0.1256644958630204,ISHARES TRUST,0.6920333486050367,1.9188442794312977,2.9254491415120265,1.4340369030833244,0.6005073751997658,3.579565218745384
2019-10-16,14907.0,BBC Political Editor Says Sees No Imminent Breakthrough Following DUP Meeting,-0.1256644958630204,ISHARES TRUST,0.6920333486050367,1.9188442794312977,2.9254491415120265,1.4340369030833244,0.6005073751997658,3.579565218745384
2019-10-16,14907.0,"Spokesperson For UK Prime Minister Boris Johnson Says Overnight Talks Were Constructive, But Still Work To Do",-0.1256644958630204,ISHARES TRUST,0.6920333486050367,1.9188442794312977,2.9254491415120265,1.4340369030833244,0.6005073751997658,3.579565218745384
2019-10-16,14907.0,"EU Commissioner for Migration, Home Affairs and Citizenship Dmitris Avramopoulos Says Brexit Negotiator Michel Barnier Sees 'Still A Number Of Significant Issues [On Brexit Deal] To Resolve'",-0.1256644958630204,ISHARES TRUST,0.6920333486050367,1.9188442794312977,2.9254491415120265,1.4340369030833244,0.6005073751997658,3.579565218745384
2019-10-16,14907.0,Michel Barnier Has Told EU Commissioners He is Optimistic of Getting a Deal Done Today,-0.1256644958630204,ISHARES TRUST,0.6920333486050367,1.9188442794312977,2.9254491415120265,1.4340369030833244,0.6005073751997658,3.579565218745384
2019-10-16,14907.0,"UK Government Source Says Talks Between Britain, EU Are Starting Again Now, There is More Work Still to Do",-0.1256644958630204,ISHARES TRUST,0.6920333486050367,1.9188442794312977,2.9254491415120265,1.4340369030833244,0.6005073751997658,3.579565218745384
2019-10-15,14907.0,"UK Sun Reports Former Brexit Minister Paterson Says Emerging Brexit Deal is Absurd, Unacceptable",1.434036903083324,ISHARES TRUST,-0.12566449586302042,0.8482518071950107,2.0735210859135877,-0.8217453956604004,2.1151956297589036,3.598541433608715
2019-10-15,14907.0,Daily Telegraph's Christopher Hope Reports Boris Johnson To Address Mass Meeting Of 1922 Committee Of Conservative Backbenchers,1.434036903083324,ISHARES TRUST,-0.12566449586302042,0.8482518071950107,2.0735210859135877,-0.8217453956604004,2.1151956297589036,3.598541433608715
2019-10-15,14907.0,UPDATE: Guardian Article Suggests 'A draft treaty could now be published on Wednesday morning',1.434036903083324,ISHARES TRUST,-0.12566449586302042,0.8482518071950107,2.0735210859135877,-0.8217453956604004,2.1151956297589036,3.598541433608715
2019-10-15,14907.0,"Ireland Prime Minister Says Still Thinks Gap Between UK, EU Is Significant  But Situation May Have Changed In Last Couple Of Hours",1.434036903083324,ISHARES TRUST,-0.12566449586302042,0.8482518071950107,2.0735210859135877,-0.8217453956604004,2.1151956297589036,3.598541433608715
2019-10-15,14907.0,Ireland Prime Minister Says As Of Now Its Unclear If We Will Have A Brexit Deal In Time For EU Summit,1.434036903083324,ISHARES TRUST,-0.12566449586302042,0.8482518071950107,2.0735210859135877,-0.8217453956604004,2.1151956297589036,3.598541433608715
2019-10-15,14907.0,Spokesperson For UK Prime Minister Says Brexit Talks Continue But Still Is Work To Do,1.434036903083324,ISHARES TRUST,-0.12566449586302042,0.8482518071950107,2.0735210859135877,-0.8217453956604004,2.1151956297589036,3.598541433608715
2019-10-15,14907.0,"EU, UK Negotiators Closing In On Draft Brexit Deal",1.434036903083324,ISHARES TRUST,-0.12566449586302042,0.8482518071950107,2.0735210859135877,-0.8217453956604004,2.1151956297589036,3.598541433608715
2019-10-15,14907.0,"IMF Chief Economist Gopinath Says Fund Not Projecting Recession In Baseline Scenario Over Next Several Months, Sees No-Deal Brexit Cutting UK Growth By 3%",1.434036903083324,ISHARES TRUST,-0.12566449586302042,0.8482518071950107,2.0735210859135877,-0.8217453956604004,2.1151956297589036,3.598541433608715
2019-10-15,14907.0,"EU's Barnier Said He Saw Three Scenarios Ahead: Deal Tonight, Extension, 'Breakdown'",1.434036903083324,ISHARES TRUST,-0.12566449586302042,0.8482518071950107,2.0735210859135877,-0.8217453956604004,2.1151956297589036,3.598541433608715
2019-10-15,14907.0,EU's Michel Barnier Says Brexit Seal is Still Possible this Week,1.434036903083324,ISHARES TRUST,-0.12566449586302042,0.8482518071950107,2.0735210859135877,-0.8217453956604004,2.1151956297589036,3.598541433608715
2019-10-14,14907.0,'UK reviews all arms export licences to Turkey' -FT,-0.8217453956604004,ISHARES TRUST,1.4340369030833244,2.4219256064739403,3.8878245800065825,2.961275167763233,4.4569112926047705,4.87238747966332
2019-10-14,14907.0,Spokesperson For UK Prime Minister Johnson Says Will Not Resign If Parliament Rejects His Queen's Speech,-0.8217453956604004,ISHARES TRUST,1.4340369030833244,2.4219256064739403,3.8878245800065825,2.961275167763233,4.4569112926047705,4.87238747966332
2019-10-14,14907.0,Brexit Update: Queen Elizabeth II Says UK's Priority Is To Leave EU At End Of Month,-0.8217453956604004,ISHARES TRUST,1.4340369030833244,2.4219256064739403,3.8878245800065825,2.961275167763233,4.4569112926047705,4.87238747966332
2019-10-14,14907.0,Queen Elizabeth Says Government's Priority is to Secure the UKs Departure From the EU on October 31; Says Government Intends to Work Towards a New Partnership With the EU,-0.8217453956604004,ISHARES TRUST,1.4340369030833244,2.4219256064739403,3.8878245800065825,2.961275167763233,4.4569112926047705,4.87238747966332
2019-10-14,14907.0,Queen Elizabeth Delivers Queen's Speech at Opening of Parliament,-0.8217453956604004,ISHARES TRUST,1.4340369030833244,2.4219256064739403,3.8878245800065825,2.961275167763233,4.4569112926047705,4.87238747966332
2019-10-14,14907.0,UK PM Johnson's Spokesman Says Talks With EU Remain Constructive; Still a Lot of Work to Do,-0.8217453956604004,ISHARES TRUST,1.4340369030833244,2.4219256064739403,3.8878245800065825,2.961275167763233,4.4569112926047705,4.87238747966332
2019-10-11,14907.0,Morgan Stanley Sees 55% Chance of a Brexit Deal Now vs 35% Before Current Developments,2.9612751677632327,ISHARES TRUST,-0.8217453956604004,1.1378021931116589,2.5916552178092633,1.4526200480759144,1.856146700578587,0.5562829506219114
2019-10-11,14907.0,EU Brexit Negotiator Barnier Says Received Go Ahead From 27 Member States To Go Into 'Intense' Talks With Britain,2.9612751677632327,ISHARES TRUST,-0.8217453956604004,1.1378021931116589,2.5916552178092633,1.4526200480759144,1.856146700578587,0.5562829506219114
2019-10-10,14907.0,"Britain Proposing A 'Pared-Down Free Trade' Deal To End Brexit Stalemate, Get A Deal Done By Oct.",1.452620048075914,ISHARES TRUST,2.961275167763233,4.165306844392447,5.824929838087045,0.3977488726377487,-0.8835031535205817,-0.9807101768005921
2019-10-10,14907.0,"UK Minister Says Talks Between UK, Irish Prime Ministers Has Been 'Cordial, Constructive,' Says Has Been Good Progress",1.452620048075914,ISHARES TRUST,2.961275167763233,4.165306844392447,5.824929838087045,0.3977488726377487,-0.8835031535205817,-0.9807101768005921
2019-10-10,14907.0,"UK, Irish Prime Ministers Say See A Pathway To Possible Brexit Deal, Say Discussion Is Focused On Customs, Consent",1.452620048075914,ISHARES TRUST,2.961275167763233,4.165306844392447,5.824929838087045,0.3977488726377487,-0.8835031535205817,-0.9807101768005921
2019-10-09,14907.0,Hearing Meeting Between EU Negotiator Barnier And Britain's Barclay Has Been Delayed From Thurs. To Fri.,0.3977488726377487,ISHARES TRUST,1.4526200480759144,4.952129240339653,6.9659971684092215,-1.2761760503053665,-1.3729979655091928,-0.6258252009882503
2019-10-09,14907.0,"EU's Barnier Says Even Without A Brexit Deal, We Will Have To Rebuild Relationship With Britain",0.3977488726377487,ISHARES TRUST,1.4526200480759144,4.952129240339653,6.9659971684092215,-1.2761760503053665,-1.3729979655091928,-0.6258252009882503
2019-10-09,14907.0,EU's Brexit Negotiator Barnier Says We Are Not In A Position To Be Able To Find Deal With UK,0.3977488726377487,ISHARES TRUST,1.4526200480759144,4.952129240339653,6.9659971684092215,-1.2761760503053665,-1.3729979655091928,-0.6258252009882503
2019-10-09,14907.0,EC Pres Juncker Says Is Working On A Deal With Britain For Brexit,0.3977488726377487,ISHARES TRUST,1.4526200480759144,4.952129240339653,6.9659971684092215,-1.2761760503053665,-1.3729979655091928,-0.6258252009882503
2019-10-09,14907.0,UPDATE: Sassoli Says There Are 2 Alternatives To Brexit Deal: Extension Or No Deal,0.3977488726377487,ISHARES TRUST,1.4526200480759144,4.952129240339653,6.9659971684092215,-1.2761760503053665,-1.3729979655091928,-0.6258252009882503
2019-10-09,14907.0,UPDATE: Sassoli Says EU Parliament Will Not Accept Any Brexit Deal With Undermines Good Friday Deal Or A Single Market,0.3977488726377487,ISHARES TRUST,1.4526200480759144,4.952129240339653,6.9659971684092215,-1.2761760503053665,-1.3729979655091928,-0.6258252009882503
2019-10-09,14907.0,UPDATE: Sassoli Sees Orderly Brexit With Divorce Agreement 'By Far' The Best Outcome,0.3977488726377487,ISHARES TRUST,1.4526200480759144,4.952129240339653,6.9659971684092215,-1.2761760503053665,-1.3729979655091928,-0.6258252009882503
2019-10-09,14907.0,"European Parliament's Sassoli Says Doesn't See Much Progress In EU, UK Talks",0.3977488726377487,ISHARES TRUST,1.4526200480759144,4.952129240339653,6.9659971684092215,-1.2761760503053665,-1.3729979655091928,-0.6258252009882503
2019-10-09,14907.0,"Brexit Update: Scottish Court Delays Decision On Extension, EU Negotiator Says Deal 'Difficult But Possible'",0.3977488726377487,ISHARES TRUST,1.4526200480759144,4.952129240339653,6.9659971684092215,-1.2761760503053665,-1.3729979655091928,-0.6258252009882503
2019-10-09,14907.0,European Commission's Oettinger Says Brexit Proposal From UK Government Does Not Represent Satisfactory Solution,0.3977488726377487,ISHARES TRUST,1.4526200480759144,4.952129240339653,6.9659971684092215,-1.2761760503053665,-1.3729979655091928,-0.6258252009882503
2019-10-08,14907.0,"Sassoli Says European Parliament is Open to an Extension, if There is a Good Reason for It; Says No Deal Would Be Very Negative Outcome",-1.276176050305367,ISHARES TRUST,0.3977488726377487,5.502153901026774,6.397077828121889,-0.0980735057964921,0.6587577580549508,1.2255678125629776
2019-10-08,14907.0,EU Parliament President Sassoli Says There Has Been No Progress After Meeting With PM Johnson -,-1.276176050305367,ISHARES TRUST,0.3977488726377487,5.502153901026774,6.397077828121889,-0.0980735057964921,0.6587577580549508,1.2255678125629776
2019-10-08,14907.0,"EU Parliament Head Sassoli Says After Talks With PM Johnson There Are Only Two Options Left for Brexit, Extension or No Deal",-1.276176050305367,ISHARES TRUST,0.3977488726377487,5.502153901026774,6.397077828121889,-0.0980735057964921,0.6587577580549508,1.2255678125629776
2019-10-08,14907.0,Brexit Update: Germany's Merkel Informs British PM Johnson Deal 'Overwhelmingly Unlikely',-1.276176050305367,ISHARES TRUST,0.3977488726377487,5.502153901026774,6.397077828121889,-0.0980735057964921,0.6587577580549508,1.2255678125629776
2019-10-04,14907.0,"Spain's Acting Ag Minister Says US Tariffs On Ag, Food Sectors Are 'Unacceptable'",0.7575742434710264,ISHARES TRUST,-0.0980735057964921,3.4324917331866267,4.609348892516829,0.5631005857139826,-2.3166001175589757,-3.404389726545043
2019-10-04,14907.0,'Glasgow Airport partially evacuated amid 'concerns' over cargo' -Earlier Metro Article,0.7575742434710264,ISHARES TRUST,-0.0980735057964921,3.4324917331866267,4.609348892516829,0.5631005857139826,-2.3166001175589757,-3.404389726545043
2019-10-04,14907.0,"Hearing Court Docs Show UK Gov't. Will Send A Letter To EU Asking For Brexit Extension If No Deal By Oct. 19, 2019",0.7575742434710264,ISHARES TRUST,-0.0980735057964921,3.4324917331866267,4.609348892516829,0.5631005857139826,-2.3166001175589757,-3.404389726545043
2019-10-04,14907.0,Spokesperson For UK Prime Minister Johnson Says 'We Are Ready To Talk At Any Point Including Over The Weekend',0.7575742434710264,ISHARES TRUST,-0.0980735057964921,3.4324917331866267,4.609348892516829,0.5631005857139826,-2.3166001175589757,-3.404389726545043
2019-10-03,14907.0,"UK's Johnson Says Sees Momentum Behind Brexit Proposals, But Not Going To Pretend Its A Done Deal",0.5631005857139826,ISHARES TRUST,0.7575742434710264,1.2187052657708364,5.434774924011387,-2.863575890660286,-3.945274448730196,-3.822869951160668
2019-10-03,14907.0,Spokesperson For UK Prime Minister Johnson Says Is Disappointed By US Tariff List,0.5631005857139826,ISHARES TRUST,0.7575742434710264,1.2187052657708364,5.434774924011387,-2.863575890660286,-3.945274448730196,-3.822869951160668
2019-10-02,14907.0,US Trade Rep Says Expects To Enter Talks With EU To Resolve Dispute In A Way That Will Benefit American Workers,-2.863575890660286,ISHARES TRUST,0.5631005857139826,0.3312367287698681,5.2997692400097,-1.1135869659483433,-0.9875739912152515,-1.0191073318433608
2019-10-02,14907.0,US Trade Reps Section 301 Investigation - EU Large Civil Aircraft Final Product List,-2.863575890660286,ISHARES TRUST,0.5631005857139826,0.3312367287698681,5.2997692400097,-1.1135869659483433,-0.9875739912152515,-1.0191073318433608
2019-10-02,14907.0,"US Trade Rep Tariff List Includes Cheese, German Tools, Welding Machinery, Camera Lenses, Coffee",-2.863575890660286,ISHARES TRUST,0.5631005857139826,0.3312367287698681,5.2997692400097,-1.1135869659483433,-0.9875739912152515,-1.0191073318433608
2019-10-02,14907.0,"US Trade Rep Will Target Single-Malt Irish, Scotch Whiskies In EU Aircraft Tariff List, UK-Made Sweaters, Pullovers, Cashmere Items, Wool Clothing",-2.863575890660286,ISHARES TRUST,0.5631005857139826,0.3312367287698681,5.2997692400097,-1.1135869659483433,-0.9875739912152515,-1.0191073318433608
2019-10-02,14907.0,"'#BREAKING UK PM to suspend parliament from Oct 8-14, according to Downing St' -AFP news agency Tweets",-2.863575890660286,ISHARES TRUST,0.5631005857139826,0.3312367287698681,5.2997692400097,-1.1135869659483433,-0.9875739912152515,-1.0191073318433608
2019-10-02,14907.0,UK Official Highlights Latest Brexit Proposal Would Require EU To Adjust Custom Rules,-2.863575890660286,ISHARES TRUST,0.5631005857139826,0.3312367287698681,5.2997692400097,-1.1135869659483433,-0.9875739912152515,-1.0191073318433608
2019-10-02,14907.0,"EU Commission Head Juncker Says EU Wants A Brexit Deal, Will Remain United, Ready To Work To Make This Happen",-2.863575890660286,ISHARES TRUST,0.5631005857139826,0.3312367287698681,5.2997692400097,-1.1135869659483433,-0.9875739912152515,-1.0191073318433608
2019-10-02,14907.0,'Sky Sources say Parliament to be prorogued on Tuesday before Queen's speech is held on 14 October' -Sky News,-2.863575890660286,ISHARES TRUST,0.5631005857139826,0.3312367287698681,5.2997692400097,-1.1135869659483433,-0.9875739912152515,-1.0191073318433608
2019-10-02,14907.0,"UK Opposition Leader Says Doesn't See Prime Minister's New Proposals Getting Support, Calls Latest Deal 'Not Acceptable'",-2.863575890660286,ISHARES TRUST,0.5631005857139826,0.3312367287698681,5.2997692400097,-1.1135869659483433,-0.9875739912152515,-1.0191073318433608
2019-10-02,14907.0,UPDATE: 'PM's new Brexit offer calls for backstop to be abolished' -Sky News,-2.863575890660286,ISHARES TRUST,0.5631005857139826,0.3312367287698681,5.2997692400097,-1.1135869659483433,-0.9875739912152515,-1.0191073318433608
2019-10-02,14907.0,"Hearing UK's Brexit Proposal Has Removed Backstop, Shows UK Will Take Control Of Its Own Regulatory Affairs, Trade Policy",-2.863575890660286,ISHARES TRUST,0.5631005857139826,0.3312367287698681,5.2997692400097,-1.1135869659483433,-0.9875739912152515,-1.0191073318433608
2019-10-02,14907.0,"Germany's Merkel Says We Will Continue To Negotiate On Brexit, But Preparing For No-Deal Scenario",-2.863575890660286,ISHARES TRUST,0.5631005857139826,0.3312367287698681,5.2997692400097,-1.1135869659483433,-0.9875739912152515,-1.0191073318433608
2019-10-02,14907.0,UK PM Johnson Says Today in Brussels We Are Tabling What I Believe Are Constructive and Reasonable Proposals That Provide a Compromise for Both Sides,-2.863575890660286,ISHARES TRUST,0.5631005857139826,0.3312367287698681,5.2997692400097,-1.1135869659483433,-0.9875739912152515,-1.0191073318433608
2019-10-02,14907.0,European Commission Spokeswoman Says Juncker to Hold Call With PM Johnson at 1515 GMT; Says EU Wants a Deal,-2.863575890660286,ISHARES TRUST,0.5631005857139826,0.3312367287698681,5.2997692400097,-1.1135869659483433,-0.9875739912152515,-1.0191073318433608
2019-10-01,14907.0,"US Commerce Secretary Says Businesses Are Worried About Supply Chains, Logistics Implications Of Brexit",-1.1135869659483428,ISHARES TRUST,-2.863575890660286,-2.927927451205403,2.413127375345625,0.12743204133585095,0.09554359512711219,0.8988786508192126
2019-10-01,14907.0,"JP Morgan Cuts Its Probability For A No-Deal Brexit From 25% To 10%, Raises Chance Of Brexit Extension From 60% To 85%",-1.1135869659483428,ISHARES TRUST,-2.863575890660286,-2.927927451205403,2.413127375345625,0.12743204133585095,0.09554359512711219,0.8988786508192126
2019-10-01,14907.0,"UK's Interior Minister, In Recent Speech, Says UK Will Introduce An Australian-Style Points-Based Immigration System",-1.1135869659483428,ISHARES TRUST,-2.863575890660286,-2.927927451205403,2.413127375345625,0.12743204133585095,0.09554359512711219,0.8988786508192126
2019-10-01,14907.0,French Foreign Minister Says A No-Deal Brexit Is The Most Plausible Outcome Today,-1.1135869659483428,ISHARES TRUST,-2.863575890660286,-2.927927451205403,2.413127375345625,0.12743204133585095,0.09554359512711219,0.8988786508192126
2019-10-01,14907.0,UK Brexit Minister Says Any Deal Must Avoid Whole Of Part Of Northern Ireland Being Trapped In Position Where They Are A Rule Taker,-1.1135869659483428,ISHARES TRUST,-2.863575890660286,-2.927927451205403,2.413127375345625,0.12743204133585095,0.09554359512711219,0.8988786508192126
2019-10-01,14907.0,Finance Minister Javid Says Suggestion That Hedge Funds Have Inside Information About A No-deal Brexit Is 'Ridiculous',-1.1135869659483428,ISHARES TRUST,-2.863575890660286,-2.927927451205403,2.413127375345625,0.12743204133585095,0.09554359512711219,0.8988786508192126
2019-10-01,14907.0,UK Official Says Plans Will Not Include Proposals For Border Checks 5 To 10 Miles From The Border On The Island Of Ireland,-1.1135869659483428,ISHARES TRUST,-2.863575890660286,-2.927927451205403,2.413127375345625,0.12743204133585095,0.09554359512711219,0.8988786508192126
2019-10-23,83223.0,'Congressional Sources Confirm USMCA Meeting Between US Trade Rep Lighthizer & Democratic Working Group Happened This Morning' -Tweet From Fox Business Correspondent,0.2462516538798809,ISHARES INC,0.044663817971013486,0.22331908823027824,0.6922764122863967,-0.2901809522882104,0.7669667102734534,0.5175507789420664
2019-10-22,83223.0,"Harley Says Asean Markets Benefited From Reduced Pricing Enabled By Elimination Of Tariffs Due To Supplying These Markets From Thailand Plant, Strong Growth In Emerging Markets Was Partially Offset By Softness In India And Mexico",-0.2901809522882104,ISHARES INC,0.2462516538798809,0.6715985117487611,-0.1790866965936333,1.0602242313325405,0.8100824361578551,0.5160411980756674
2019-10-18,83223.0,US Supreme Court Agrees To Hear Trump Appeal Over Courts' Power To Review Rapid Deportation Cases,-0.247517554089427,ISHARES INC,1.0602242313325405,0.969989827568063,1.8271995128940954,-0.29167840257287025,0.45207264101982947,0.6112756772553629
2019-10-17,83223.0,"Mexican Deputy Foreign Minister Seade Says Key Step To USMCA Trade Deal Ratification Is Possible Between October And November, Needs Pelosi Support",-0.2916784025728703,ISHARES INC,-0.247517554089427,0.810082440704285,-0.2925230800662759,0.7459267508238554,0.9055955063348664,1.019947343621963
2019-10-17,83223.0,Mexico's Deputy Foreign Minister For North America Says We're Nearing Possible Solution On USMCA Trade Deal,-0.2916784025728703,ISHARES INC,-0.247517554089427,0.810082440704285,-0.2925230800662759,0.7459267508238554,0.9055955063348664,1.019947343621963
2019-10-16,83223.0,Mexican Billionaire Carlos Slim Says New North America Free Trade Agreement Will Be Very Important Because It Will Be Modernized,0.7459267508238554,ISHARES INC,-0.29167840257287025,0.47116694349185195,0.6955382374443708,0.15848656184971333,0.2719917336964306,1.724534321527904
2019-10-16,83223.0,Mexican Billionaire Carlos Slim Says Reduced Inflation Is Beneficial For Minimum Wage,0.7459267508238554,ISHARES INC,-0.29167840257287025,0.47116694349185195,0.6955382374443708,0.15848656184971333,0.2719917336964306,1.724534321527904
2019-10-11,83223.0,Mexican Pres Obrador Says Nation Is Not Importing Crude Oil,1.448602508753538,ISHARES INC,0.1133255660533905,0.47598119093399394,1.4505879876352878,2.041301690042019,2.3534948800497446,1.1395387754365993
2019-10-09,83223.0,"Trumka Says USMCA Pact Remains Far From Complete, Expresses Concern Mexico May Not Be Able To Ensure Labor Reforms",0.3059478709474206,ISHARES INC,2.041301690042019,4.575318677055029,5.068043009712553,-1.1860426515340805,-2.635191866732345,0.35427843509214796
2019-10-09,83223.0,Mexican Consumer Prices Rise 3% In Year Through September,0.3059478709474206,ISHARES INC,2.041301690042019,4.575318677055029,5.068043009712553,-1.1860426515340805,-2.635191866732345,0.35427843509214796
2019-10-07,83223.0,Mexican Finance Minister Herrera Says The US Economy Is Clearly Entering A Period Of Deceleration,-1.466543041169643,ISHARES INC,-1.1860426515340805,2.720925970383381,4.186044758550711,3.070380724966526,4.5019184088618935,3.0217155907370508
2019-10-01,83223.0,"Mexican Finance Minister Says Nation Is Designing Counter-Cyclical Measures To Boost Domestic Economy, Says Nation Could Eventually Require Another Tax Framework",-0.842698011547327,ISHARES INC,-1.4164360240101814,0.3068957205218048,4.438151605397644,0.44674924574792385,-0.3033774943762224,-0.6742550734725516
2019-10-31,88214.0,South Korean Joint Chiefs of Staff Says North Korea Fired Two Projectiles Toward the Sea of Japan -,-0.7745396345853807,ISHARES INC,1.968436874449253,4.378072334211058,2.39266905754818,0.15177091117948294,-0.2519340411036741,0.4057444535946253
2019-10-02,88214.0,"U.S. State Department Spokeswoman, In Response to N. Korea Missile Launch, Calls on N. Korea to Refrain from Provocations",-1.8201293423771863,ISHARES INC,1.3086172752082348,2.4354782389780283,5.688842238447256,-0.5324800033122301,1.1004881359647278,-0.8317067548768153
2019-10-31,88396.0,Bulls Bank On Brazil Again,-1.50176752358675,ISHARES INC,1.0986585170030594,-0.15694992624507575,-4.753360895246916,1.4791570603847504,0.332368075111078,1.3655711504062529
2019-10-15,88396.0,"IMF Chief Economist Calls Brazilian Growth 'Weak,' Notes Country Has Had Specific Factors Which Lead To Growth Impact",-0.7832941599190235,ISHARES INC,1.3397161848843098,4.904304332688825,6.746410661025193,-0.23679486475884914,2.331802176694797,2.4313153108079133
2019-10-10,88396.0,"Brazil's Embraer To Furlough Close To 15,000 Workers Between Jan. 6-20 To Prepare For Boeing's Takeover Of Commercial Jet Division",0.09724556002765894,ISHARES INC,2.5746937841176987,2.1131959313138715,7.189708466066103,1.3553455471992493,0.6361686976401382,-2.327237054602116
2019-10-09,88396.0,BRA CPI (MoM) for Sep (0.04)% vs 0.03% Est; Prior 0.11%,1.3553455471992488,ISHARES INC,0.09724556002765894,2.990516650772723,8.096274927457724,-0.7095598615705967,-3.6333383127646224,-1.504851747288538
2019-10-09,88396.0,BRA CPI (YoY) for Sep 2.89% vs 2.97% Est; Prior 3.43%,1.3553455471992488,ISHARES INC,0.09724556002765894,2.990516650772723,8.096274927457724,-0.7095598615705967,-3.6333383127646224,-1.504851747288538
2019-10-31,88159.0,Exelixis shares are trading lower despite reporting strong Q3 earnings beat.,-11.104714870452879,EXELIXIS INC,3.6245983093976974,-1.9417488282222783,7.831715996472055,2.597394399344921,0.8120613534854382,0.7536182435429195
2019-10-31,88159.0,"Exelixis Reported Yesterday Q3 EPS $0.34 Beats $0.19 Estimate, Sales $271.703M Beat $227.82M Estimate",-11.104714870452879,EXELIXIS INC,3.6245983093976974,-1.9417488282222783,7.831715996472055,2.597394399344921,0.8120613534854382,0.7536182435429195
2019-10-15,88159.0,"Guggenheim Maintains Buy on Exelixis, Lowers Price Target to $25",2.5030633434653278,EXELIXIS INC,-0.05956062232144177,-0.1786818668353729,0.8933865162344734,-0.8474654518067837,-0.9074502081482305,0.645158542344082
2019-10-08,88159.0,"BMO Capital Maintains Market Perform on Exelixis, Lowers Price Target to $19",-1.813319325447083,EXELIXIS INC,-1.4532229863107204,1.665162265362219,1.483505055505252,-1.2621083296835423,-6.216893371465204,-6.190745194885494
2019-10-04,88159.0,Exelixis shares are trading lower despite no company-specific news. The stock has dropped approximately 15% over the past month.,-5.018119141459465,EXELIXIS INC,-1.2621083296835423,-3.0231839274380223,-3.6102129423869367,0.02788154233712703,1.0992091319148356,1.4136274300856622
2019-10-10,91689.0,Endeavour Silver shares are trading lower on continued momentum after the company announced its Q3 output fell by 30%.,-9.663865715265274,ENDEAVOUR SILVER CORP,-2.325590141117573,4.651158199138039,11.62790668217859,-3.2520294189453125,0.8474670846950971,-2.0576110806541426
2019-10-30,91500.0,"Citigroup Maintains Sell on ExlService Holdings, Raises Price Target to $64",0.5319188814610243,EXLSERVICE HOLDINGS INC,-0.42900480329990387,-1.358497001499126,-1.2298021021698746,4.554334655404091,7.511593299354891,7.5947346375559555
2019-10-29,91500.0,ExlService Holdings Raises FY19 Adj. EPS Guidance From $2.68-$2.98 To $2.95-$3.05 vs $2.94 Est.; Narrows Sales Guidance From $976M-$996M To $980M-$990M vs $986.56M Est.,4.554334655404091,EXLSERVICE HOLDINGS INC,0.5319188814610243,-0.8194360400091361,-0.4744022379474022,2.828441932797432,2.9079616757856863,4.409914501487244
2019-10-29,91500.0,"ExlService Holdings Q3 Adj. EPS $0.84 Beats $0.75 Estimate, Sales $251.392M Beat $248.83M Estimate",4.554334655404091,EXLSERVICE HOLDINGS INC,0.5319188814610243,-0.8194360400091361,-0.4744022379474022,2.828441932797432,2.9079616757856863,4.409914501487244
2019-10-07,91500.0,"JP Morgan Maintains Neutral on ExlService Holdings, Lowers Price Target to $74",-0.1043059048242867,EXLSERVICE HOLDINGS INC,-2.341884933412075,-2.177802823401276,-2.0137208175918464,1.1606939136981964,1.451245796454148,1.3899352887887684
2019-10-31,80415.0,"Eagle Materials Earlier Reported Q2 Adj. EPS $1.77 Beats $1.6 Estimate, Sales $414.526M Beat $379.86M Estimate",-0.3164912341162562,EAGLE MATERIALS INC,3.689514845609665,2.0801418970436414,2.627547247882167,-0.8547943085432053,-2.407074437762158,-3.547371314651193
2019-10-02,87717.0,"Barclays Downgrades Expeditors International to Equal-Weight, Lowers Price Target to $72",-3.020362369716167,EXPEDITORS INTERNATIONAL WA INC,0.11274215066805482,-0.4227668891169434,4.875985219987444,-1.5076089650392532,-0.1637368112194615,0.42547019910463835
2019-10-29,90808.0,'Expedia For Mortgages': Simplist Uses Proprietary Technology To Simplify Home Lending Process,-0.6807172670960426,EXPEDIA GROUP INC,-0.5103878676891327,-1.5530365311946737,-30.251544658792508,0.7514948025345802,0.6927205248093093,-0.15906385320079153
2019-10-17,76261.0,"Exponent Q3 EPS $0.36 Beats $0.34 Estimate, Sales $101.5M Miss $102.49M Estimate",1.958526112139225,EXPONENT INC,-7.302267849445343,-7.923729347405029,-10.26836697489223,0.17311418196186423,-0.12943525270113776,-1.3916440796277851
2019-10-03,76261.0,"Sidoti & Co. Maintains Neutral on Exponent, Raises Price Target to $72",0.2177090384066105,EXPONENT INC,1.8971722573041916,1.448225745558429,2.5343950950473815,0.5545897409319878,-1.4306150569674325,-1.0626045691557673
2019-10-29,90305.0,"Extra Space Storage Q3 Adj. FFO $1.24 Up From $1.2 YoY, EPS $0.83",0.5889208987355232,EXTRA SPACE STORAGE INC,-1.667705923318863,-4.985365433277278,-7.327243684867202,-0.1425676397047937,-3.0116860720922123,-3.1206782480417528
2019-10-30,86822.0,Extreme Networks shares are trading lower after the company issued Q2 sales guidance below analyst estimates.,-9.048876166343689,EXTREME NETWORKS INC,-6.463328003883362,-3.4132184787371567,-3.267978767071922,3.6986298859119415,3.274219090649022,5.726261747729278
2019-10-30,86822.0,"Extreme Networks Sees Q2 Adj. EPS $0.12-$0.16 vs $0.13 Est., Sales $268M-$278M vs $282.99M Est.",-9.048876166343689,EXTREME NETWORKS INC,-6.463328003883362,-3.4132184787371567,-3.267978767071922,3.6986298859119415,3.274219090649022,5.726261747729278
2019-10-30,86822.0,"Extreme Networks Q1 Adj. EPS $0.08 Beats $0.03 Estimate, Sales $255.5M Beat $253.74M Estimate",-9.048876166343689,EXTREME NETWORKS INC,-6.463328003883362,-3.4132184787371567,-3.267978767071922,3.6986298859119415,3.274219090649022,5.726261747729278
2019-10-22,86822.0,Extreme Networks Unveils ExtremeCloud IQ Management Applicaiton,-2.822581119835377,EXTREME NETWORKS INC,-0.6915655452758074,4.702630176396538,-6.500688108235053,1.2244919314980507,0.8130073969926821,5.531913037895286
2019-10-08,76798.0,Jefferies Downgrades Ezcorp Following Recent Board Changes,-12.27787137031555,EZCORP INC,2.0257852971553802,8.747705438877995,4.051570603087207,1.3923020102083683,1.80921271975083,-1.1182135161318052
2019-10-08,76798.0,"UPDATE: Jefferies On Ezcorp Also Notes The 'history of controversial actions by the owner of 100% of the voting shares, who was just appointed as Executive Chairman of the Board, despite a history of non-alignment'",-12.27787137031555,EZCORP INC,2.0257852971553802,8.747705438877995,4.051570603087207,1.3923020102083683,1.80921271975083,-1.1182135161318052
2019-10-08,76798.0,"UPDATE: Jefferies Downgrades Ezcorp To Hold, Lowers Target From $13.50 To $6.50 'based on corporate governance actions which, in our minds, represents misalignment with non-voting shareholders'",-12.27787137031555,EZCORP INC,2.0257852971553802,8.747705438877995,4.051570603087207,1.3923020102083683,1.80921271975083,-1.1182135161318052
2019-10-08,76798.0,Jefferies Earlier Downgraded EZCORP to Hold,-12.27787137031555,EZCORP INC,2.0257852971553802,8.747705438877995,4.051570603087207,1.3923020102083683,1.80921271975083,-1.1182135161318052
2019-10-31,25785.0,"Ford Plans To Close An Engine Plant In Romeo, Michigan As Part Of Tentative Contract Agreement With UAW",0.5854823160916567,FORD MOTOR CO DEL,3.4924350678920746,3.49243503393053,2.328286334420837,-1.1574117466807365,-0.8130045872065228,-2.0642235829260835
2019-10-30,25785.0,"Stephen Ross, Dan Gilbert Back $300M University Of Michigan Academic Center In Detroit",-1.157411746680737,FORD MOTOR CO DEL,0.5854823160916567,4.449649880187545,3.161597748294742,0.34844004549086094,-0.917430282097953,0.4651158130200006
2019-10-29,25785.0,Ford Recalls 320K Vehicles In North America On Safety Concerns,0.3484400454908609,FORD MOTOR CO DEL,-1.1574117466807365,4.398149122312867,4.629624893827833,-1.2614748440682888,0.11627063407884108,-6.514661858918258
2019-10-29,25785.0,Ford Issues North America Recall For Select 2015-2017 Ford Transit Vehicles For Driveshaft Flexible Coupling Issue,0.3484400454908609,FORD MOTOR CO DEL,-1.1574117466807365,4.398149122312867,4.629624893827833,-1.2614748440682888,0.11627063407884108,-6.514661858918258
2019-10-28,25785.0,"Ford To Cut Production, Jobs At Its Largest Canadian Plant",-1.261474844068289,FORD MOTOR CO DEL,0.34844004549086094,4.529620723311423,5.458772033648662,1.395347435027361,-5.320301277089079,-3.858868989155495
2019-10-28,25785.0,Unifor Says Is Renewing Its Call For New Production Allocation At Oakville Assembly Plant Following Restructuring News By Ford,-1.261474844068289,FORD MOTOR CO DEL,0.34844004549086094,4.529620723311423,5.458772033648662,1.395347435027361,-5.320301277089079,-3.858868989155495
2019-10-28,25785.0,How The General Motors Strike Could Impact October Jobs Numbers,-1.261474844068289,FORD MOTOR CO DEL,0.34844004549086094,4.529620723311423,5.458772033648662,1.395347435027361,-5.320301277089079,-3.858868989155495
2019-10-24,25785.0,"Ford's Stock Falls, But Some Analysts Say Buy On The Dip",-6.623231619596481,FORD MOTOR CO DEL,1.395347435027361,-0.11628171119039132,3.372092259520487,1.5435540117323399,1.9933589246328598,0.7856848122404836
2019-10-24,25785.0,"UPDATE: Deutsche Bank Downgrades Ford To Hold, Lowers Tgt From $12 To $11 On 'ongoing near-term earnings outlook deterioration, from operational issues such as growing warranty and launch costs, and market pressures on its US pricing and China volumes'",-6.623231619596481,FORD MOTOR CO DEL,1.395347435027361,-0.11628171119039132,3.372092259520487,1.5435540117323399,1.9933589246328598,0.7856848122404836
2019-10-24,25785.0,How Large Ford Option Traders Are Reacting To Disappointing Earnings,-6.623231619596481,FORD MOTOR CO DEL,1.395347435027361,-0.11628171119039132,3.372092259520487,1.5435540117323399,1.9933589246328598,0.7856848122404836
2019-10-24,25785.0,Deutsche Bank Downgrades Ford Motor to Hold,-6.623231619596481,FORD MOTOR CO DEL,1.395347435027361,-0.11628171119039132,3.372092259520487,1.5435540117323399,1.9933589246328598,0.7856848122404836
2019-10-23,25785.0,Ford Falls After Q3 Sales Miss,1.54355401173234,FORD MOTOR CO DEL,-6.623231619596481,-7.274701946370776,-3.148750832623892,0.4429674707353115,-0.7463489010875901,1.2147584471457362
2019-10-23,25785.0,"Ford Motor Q3 EPS $0.34 Beats $0.26 Estimate, Sales $33.93B Miss $33.98B Estimate; Sees FY Adj. EPS $1.20-$1.32 vs $1.26 Est.",1.54355401173234,FORD MOTOR CO DEL,-6.623231619596481,-7.274701946370776,-3.148750832623892,0.4429674707353115,-0.7463489010875901,1.2147584471457362
2019-10-23,25785.0,Q3 Earnings Outlook For Ford Motor,1.54355401173234,FORD MOTOR CO DEL,-6.623231619596481,-7.274701946370776,-3.148750832623892,0.4429674707353115,-0.7463489010875901,1.2147584471457362
2019-10-18,25785.0,Chicago Police Dept. Has Ordered 200 Chicago-Built 2020 Ford Police Interceptor Utility Hybrid Vehicles,1.9758541136980061,FORD MOTOR CO DEL,-1.184071321040392,-4.576417263948118,-2.71609446495662,0.4410139285027981,0.4410139285027981,3.2879815410562063
2019-10-17,25785.0,"Sales, Cycle And Strike Expected To Impact Big 3 Auto Earnings",0.4410139285027981,FORD MOTOR CO DEL,1.9758541136980057,-4.030100016833249,-4.141695458761374,0.0,2.8344672173261642,3.302960961764767
2019-10-17,25785.0,Ford Launches North American Electric Vehicle Charging Network,0.4410139285027981,FORD MOTOR CO DEL,1.9758541136980057,-4.030100016833249,-4.141695458761374,0.0,2.8344672173261642,3.302960961764767
2019-10-17,25785.0,Ford Introduces North America's Largest Electric Vehicle Charging Network,0.4410139285027981,FORD MOTOR CO DEL,1.9758541136980057,-4.030100016833249,-4.141695458761374,0.0,2.8344672173261642,3.302960961764767
2019-10-15,25785.0,"Ford shares are trading higher in sympathy with the overall market after multiple companies reported earnings that topped expectations, bringing the whole market higher on positive sentiment.﻿",2.834467217326164,FORD MOTOR CO DEL,0.0,1.6611296295981015,-3.1585196510970137,0.4555804654955864,2.3201834603467475,3.037374600618481
2019-10-07,25785.0,Dearborn Ford Workers Ratify New Agreement,-0.6864927709102631,FORD MOTOR CO DEL,-1.612907089293003,1.6128962197440977,5.760361971465344,0.3444286296144128,1.509873630341474,-1.79775135755611
2019-10-02,25785.0,Ford Motor Company shares are trading lower after the company reported Q3 US vehicle sales fell 4.9% from last year.,-3.258426859974861,FORD MOTOR CO DEL,1.161444652825594,-0.5807112203872089,5.342625586638983,-2.838430553674698,-1.9823823331412305,-2.6258285051142027
2019-10-02,25785.0,"Ford Motor Reports Q3 Total US Vehicle Sales Of 580,251 Units, Down 4.9%",-3.258426859974861,FORD MOTOR CO DEL,1.161444652825594,-0.5807112203872089,5.342625586638983,-2.838430553674698,-1.9823823331412305,-2.6258285051142027
2019-10-01,25785.0,A Look At A Flurry Of Large Ford Option Trades,-2.838430553674698,FORD MOTOR CO DEL,-3.258426859974861,-4.044940290836974,1.910113179521189,0.8810563944280148,0.2188129007919537,-0.4347822595812678
2019-10-01,25785.0,"Ford shares are trading lower in sympathy with the overall market on weak manufacturing PMI data, adding fear to an economic slowdown. Buckingham Research maintained a Neutral on the stock and lowered the price target from $9 to $8.",-2.838430553674698,FORD MOTOR CO DEL,-3.258426859974861,-4.044940290836974,1.910113179521189,0.8810563944280148,0.2188129007919537,-0.4347822595812678
2019-10-01,25785.0,Buckingham Lowers Ford Price Target Ahead Of Q3 Report,-2.838430553674698,FORD MOTOR CO DEL,-3.258426859974861,-4.044940290836974,1.910113179521189,0.8810563944280148,0.2188129007919537,-0.4347822595812678
2019-10-01,25785.0,Ford Dilutes Indian Ownership Interest Via JV With India's Mahindra,-2.838430553674698,FORD MOTOR CO DEL,-3.258426859974861,-4.044940290836974,1.910113179521189,0.8810563944280148,0.2188129007919537,-0.4347822595812678
2019-10-01,25785.0,"Buckingham Research Maintains Neutral on Ford Motor, Lowers Price Target to $8",-2.838430553674698,FORD MOTOR CO DEL,-3.258426859974861,-4.044940290836974,1.910113179521189,0.8810563944280148,0.2188129007919537,-0.4347822595812678
2019-10-01,25785.0,"Buckingham Maintains Neutral on Ford Motor, Lowers Price Target to $8",-2.838430553674698,FORD MOTOR CO DEL,-3.258426859974861,-4.044940290836974,1.910113179521189,0.8810563944280148,0.2188129007919537,-0.4347822595812678
2019-10-01,25785.0,UPDATE: Ford-Mahindra Joint Venture To Have Capacity Of 1.2M Vehicles,-2.838430553674698,FORD MOTOR CO DEL,-3.258426859974861,-4.044940290836974,1.910113179521189,0.8810563944280148,0.2188129007919537,-0.4347822595812678
2019-10-01,25785.0,UPDATE: Ford Concluded That Material Impairment Charge Related To Fixed Assets In India Automotive Operations Is Required,-2.838430553674698,FORD MOTOR CO DEL,-3.258426859974861,-4.044940290836974,1.910113179521189,0.8810563944280148,0.2188129007919537,-0.4347822595812678
2019-10-01,25785.0,Mahindra And Ford Announce Joint Venture To 'Drive Profitable Growth' In India And Emerging Markets,-2.838430553674698,FORD MOTOR CO DEL,-3.258426859974861,-4.044940290836974,1.910113179521189,0.8810563944280148,0.2188129007919537,-0.4347822595812678
2019-10-24,93374.0,First American Financial Q3 EPS $1.65 Beats $1.43 Estimate,2.365591935813427,FIRST AMERICAN FINL CORP NEW,0.549450796097517,-0.16160681171860647,0.6625724320724169,0.16570388106629252,0.04965672667571752,0.9519032480777234
2019-10-01,93374.0,Fire & Flower Reports $11.1M In Q2 Revenue,-0.5083871074020863,FIRST AMERICAN FINL CORP NEW,-1.4818581752479076,-1.1923024286853656,1.1923025232524198,0.05086262826807797,-0.5896264998018208,-0.4218697426623508
2019-10-17,13641.0,"Raymond James Maintains Strong Buy on Diamondback Energy, Lowers Price Target to $120",0.7311525754630566,DIAMONDBACK ENERGY INC,-2.463112398982048,3.415043707946741,2.0466459230241263,-1.6619473695755005,-0.6253368848522234,-0.2510750325697808
2019-10-16,13641.0,"SunTrust Robinson Humphrey Maintains Buy on Diamondback Energy, Lowers Price Target to $125",-1.6619473695755,DIAMONDBACK ENERGY INC,0.7311525754630566,4.470817877242528,1.1386755025164508,1.0541295632719994,1.434716571323702,2.786522180275197
2019-10-15,13641.0,"KeyBanc Maintains Overweight on Diamondback Energy, Lowers Price Target to $125",1.054129563271999,DIAMONDBACK ENERGY INC,-1.6619473695755005,1.0018930895547618,3.630365315486883,0.3766169771552086,1.7143214478122948,2.949109368102487
2019-10-14,13641.0,"Morgan Stanley Maintains Overweight on Diamondback Energy, Lowers Price Target to $129",0.3766169771552086,DIAMONDBACK ENERGY INC,1.0541295632719994,-1.4472086015736574,3.1504931774175127,1.3326853513717651,2.562840299282798,3.489234949031461
2019-10-09,13641.0,"JP Morgan Maintains Overweight on Diamondback Energy, Lowers Price Target to $139",0.9032458998262882,DIAMONDBACK ENERGY INC,1.2139764614403248,2.305330614596901,6.879215625086377,-3.058657795190811,-5.385154147082416,-5.902898852910788
2019-10-04,13641.0,"Morgan Stanley Maintains Overweight on Diamondback Energy, Lowers Price Target to $131",-0.5472129676491022,DIAMONDBACK ENERGY INC,-2.3999011144042015,-2.0838198786101714,-4.0388635149565815,3.332526981830597,1.0470579593061302,-4.471142484560442
2019-10-03,13641.0,Diamondback Energy shares are trading higher on seemingly no company-specific news.,3.332526981830597,DIAMONDBACK ENERGY INC,-0.5472129676491022,-3.900336057737097,-2.153916277621948,-2.211761474609375,-7.551997124548393,-7.634176302915341
2019-10-30,85372.0,"Faro Technologies Q3 Adj. EPS $(0.01) Misses $0.03 Estimate, Sales $90.5M Miss $98.57M Estimate",-1.557898242026567,FARO TECHNOLOGIES INC,1.9674979150295258,6.565448131445506,3.999150296763476,0.4228346049785614,3.666522005461248,0.8492603101385221
2019-10-15,11618.0,"Buckingham Maintains Neutral on Fastenal, Raises Price Target to $33",1.058574486523867,FASTENAL CO,-0.5307224113494158,4.371515305236984,3.204853594165913,-2.517889067530632,14.200512043824776,15.579118471018937
2019-10-14,11618.0,"UPDATE: KeyBanc Maintains Sector Weight On Fastenal Notes 'Solid Quarter', But 'challenging sales trends against tough prior-year comparisons and deceleration in key macro data points makes Friday's move and resulting valuation hard to justify'",-2.517889067530632,FASTENAL CO,1.0585744865238667,3.853215864662274,4.58131719449828,17.15022474527359,18.564439531973488,18.73877082013462
2019-10-14,11618.0,UPDATE: Raymond James On Fastenal Also Notes 'the stock's historical correlation with the company's ROTNA now suggests limited further upside',-2.517889067530632,FASTENAL CO,1.0585744865238667,3.853215864662274,4.58131719449828,17.15022474527359,18.564439531973488,18.73877082013462
2019-10-14,11618.0,"UPDATE: Raymond James Downgrades Fastenal To Market Perform As Firm Notes 'broad demand continues to soften', 'we believe the valuation now implies bullish market assumptions for long-term organic growth rates for mature branches'",-2.517889067530632,FASTENAL CO,1.0585744865238667,3.853215864662274,4.58131719449828,17.15022474527359,18.564439531973488,18.73877082013462
2019-10-14,11618.0,Analysts Say Additional Fastenal Upside Is Limited Following Earnings Pop,-2.517889067530632,FASTENAL CO,1.0585744865238667,3.853215864662274,4.58131719449828,17.15022474527359,18.564439531973488,18.73877082013462
2019-10-14,11618.0,"Baird Maintains Neutral on Fastenal, Raises Price Target to $37",-2.517889067530632,FASTENAL CO,1.0585744865238667,3.853215864662274,4.58131719449828,17.15022474527359,18.564439531973488,18.73877082013462
2019-10-14,11618.0,"Morgan Stanley Maintains Equal-Weight on Fastenal, Raises Price Target to $31",-2.517889067530632,FASTENAL CO,1.0585744865238667,3.853215864662274,4.58131719449828,17.15022474527359,18.564439531973488,18.73877082013462
2019-10-11,11618.0,Fastenal Trades Higher On Q3 Earnings Beat,17.15022474527359,FASTENAL CO,-2.517889067530632,-1.4034075044481953,2.916896435538141,1.2071806006133556,1.3559906336629846,-0.032227548821006646
2019-10-11,11618.0,Fastenal shares are trading higher after the company reported better-than-expected Q3 EPS and sales results.,17.15022474527359,FASTENAL CO,-2.517889067530632,-1.4034075044481953,2.916896435538141,1.2071806006133556,1.3559906336629846,-0.032227548821006646
2019-10-11,11618.0,"Fastenal Q3 EPS $0.37 Beats $0.36 Estimate, Sales $1.379B Beat $1.37B Estimate",17.15022474527359,FASTENAL CO,-2.517889067530632,-1.4034075044481953,2.916896435538141,1.2071806006133556,1.3559906336629846,-0.032227548821006646
2019-10-10,11618.0,Fastenal's Q3 Earnings Preview,1.207180600613356,FASTENAL CO,17.15022474527359,16.11863330776826,20.56737547509342,0.14703505439683795,-1.2246247174154234,-3.555698640055327
2019-10-01,14245.0,"UPDATE: Stifel Initiates Fate Therapeutics With Buy, $27 Target As Firm Notes 'We think the next clinical catalyst for FT500 and FT516 will be positive events for the stock'",-6.374756991863251,FATE THERAPEUTICS INC,0.756531348451972,2.6134809496421108,1.4442918938822213,0.3878439776599407,-1.0197568931663126,-5.362584516437541
2019-10-01,14245.0,"Stifel Initiates Coverage On Fate Therapeutics with Buy Rating, Announces $27 Price Target",-6.374756991863251,FATE THERAPEUTICS INC,0.756531348451972,2.6134809496421108,1.4442918938822213,0.3878439776599407,-1.0197568931663126,-5.362584516437541
2019-10-24,90949.0,First Business Financial Q3 EPS $0.59 Down From $0.6 YoY,-0.6732676178216934,FIRST BUSINESS FINL SVCS INC,-2.8309373185038567,-3.0303039253647412,-0.8331814527786308,-0.7858576253056526,-1.1354773424397835,1.446366376584951
2019-10-21,91274.0,First Bancshares Q3 EPS $0.71 Up From $0.62 YoY,0.4047356080263853,FIRST BANCSHARES INC MS,1.7984552308917046,2.387598199068308,3.25581143701672,-0.031130207935348153,0.06230672772535861,0.12467923600749664
2019-10-10,91274.0,"DA Davidson Initiates Coverage On First Bancshares with Buy Rating, Announces $36 Price Target",0.5480337422341108,FIRST BANCSHARES INC MS,1.923694647848606,3.0137881175747117,3.975632340639823,-0.16092448495328426,-0.9262185140341828,-1.335878087068132
2019-10-22,11018.0,First BanCorp shares trading higher following a Q3 earnings beat.,3.0243942514061932,FIRST BANCORP P R,-0.47348663210868835,2.840901931498685,1.515150166411039,0.09765848517417908,0.19550790758775527,0.885828300210334
2019-10-22,11018.0,First BanCorp Q3 EPS $0.21 Beats $0.19 Estimate,3.0243942514061932,FIRST BANCORP P R,-0.47348663210868835,2.840901931498685,1.515150166411039,0.09765848517417908,0.19550790758775527,0.885828300210334
2019-10-21,11018.0,Firt BanCorp shares are trading higher after the company announced it plans to acquire Banco Santander Puerto Rico for $63 million premium in all-cash transaction.,0.09765848517417908,FIRST BANCORP P R,3.024394251406193,6.048779464038345,4.195125002641964,0.09775395737960935,0.7874008512925412,0.9861876435968586
2019-10-21,11018.0,First BanCorp Reports Purchase Of Banco Santander Puerto Rico For $63M Premium To BSPR's Core Tangible Common Equity In All-Cash Deal,0.09765848517417908,FIRST BANCORP P R,3.024394251406193,6.048779464038345,4.195125002641964,0.09775395737960935,0.7874008512925412,0.9861876435968586
2019-10-21,11018.0,First BanCorp. To Acquire Banco Santander Puerto Rico For $63M Premium In All-Cash Transaction,0.09765848517417908,FIRST BANCORP P R,3.024394251406193,6.048779464038345,4.195125002641964,0.09775395737960935,0.7874008512925412,0.9861876435968586
2019-10-18,86573.0,First Capital Q3 EPS $0.87 Up From $0.76 YoY,-0.7475702557712793,FIRST CAPITAL INC,-0.19231209298595786,-3.365388228385091,-5.208333174502034,7.103914767503738,4.958259147229294,7.1221678201947025
2019-10-22,88944.0,First Community Q3 EPS $0.57 Down From $0.62 YoY,-0.2145913429558277,FIRST COMMUNITY BANCSHARES INC,-0.21505283657461405,-0.4608225745472594,0.47579456108552964,0.9282154962420464,1.4934647110835142,1.5882850172052931
2019-10-25,89643.0,First Community Reports CFO Joe Sawyer To Retire; Shawn Jordan Named Replacement,-0.4158000461757183,FIRST COMMUNITY CORP SC,0.10438652243465185,0.18042092727668102,-2.0504726661179196,-1.8867967650294304,-1.8367378625457675,-3.073051008197658
2019-10-16,89643.0,First Community Q3 EPS $0.39 Up From $0.37 YoY,1.63157619535923,FIRST COMMUNITY CORP SC,0.46608056873083115,1.5536051884141644,-0.20714464965386759,-0.05260509788058698,-0.4192868174599851,-0.05260509470261798
2019-10-28,77699.0,FuelCell Energy shares are trading lower in sympathy with PG&E. The company supplies PG&E with some of its power plants.,-12.75316774845123,FUELCELL ENERGY INC,-10.409869253635406,-2.647801853107423,63.58360799521072,-1.5576308593153954,2.2322914143226846,2.260085494628039
2019-10-07,77699.0,Mid-Afternoon Market Update: Gold Down 1%; Aethlon Medical Shares Spike Higher,-12.1662549674511,FUELCELL ENERGY INC,1.942969486117363,-7.552493385641701,-1.598239812008595,-1.1159485206007957,14.786725343847706,13.107092147742328
2019-10-07,77699.0,FuelCell Energy shares are trading lower after the company filed for a common stock offering of up to 38 million shares.,-12.1662549674511,FUELCELL ENERGY INC,1.942969486117363,-7.552493385641701,-1.598239812008595,-1.1159485206007957,14.786725343847706,13.107092147742328
2019-10-03,77699.0,"FuelCell Energy Reports Deal With E.ON Solutions To Develop European Market, No Terms Disclosed",16.08214229345322,FUELCELL ENERGY INC,-1.1159485206007957,-17.80076392055976,-20.1959735708224,-1.4632643200457096,-3.32925806986869,-3.945366354211788
2019-10-03,77699.0,FuelCell Energy shares are trading higher after the company announced NRG Energy has extended a $40 million revolving construction and term financing facility to FuelCell Finance for the purpose of project development by the company and its subsidiaries.,16.08214229345322,FUELCELL ENERGY INC,-1.1159485206007957,-17.80076392055976,-20.1959735708224,-1.4632643200457096,-3.32925806986869,-3.945366354211788
2019-10-29,77643.0,First Commonwealth Finl Q3 Adj. EPS $0.3 Beats $0.28 Estimate,1.792114786803722,FIRST COMMONWEALTH FINANCIAL COR,2.464791387319565,2.8873227231221765,2.4594681766609616,0.8676781319081783,3.0280639046427416,2.422906991925866
2019-10-11,77643.0,"RBC Capital Initiates Coverage On First Commonwealth Finl with Outperform Rating, Announces $16 Price Target",3.061227314174175,FIRST COMMONWEALTH FINANCIAL COR,0.2284823451191187,2.0563556657400284,5.331300835961872,0.5524837877601385,3.402620407655377e-08,-2.000001784595984
2019-10-25,76856.0,"Wedbush Maintains Neutral on FirstCash, Lowers Price Target to $95",0.1529109431430697,FIRSTCASH HOLDINGS INC,1.3505595736205578,-0.8220840092759696,-5.390491809632925,-1.1395388282835484,-10.297533456254326,-10.476997357581663
2019-10-24,76856.0,JMP Securities Downgrades FirstCash to Market Perform,-1.139538828283548,FIRSTCASH HOLDINGS INC,0.15291094314306974,-0.7409988813970148,-4.0461007477777144,-9.263556450605392,-9.445088985655604,-8.011549847905442
2019-10-23,76856.0,FirstCash Sees FY19 Adj. EPS $3.85-$4.00 vs $3.90 Est.,-9.263556450605392,FIRSTCASH HOLDINGS INC,-1.1395388282835484,-0.1744204646275671,-5.1744149883868324,-0.20006573759019375,1.3798277227147437,1.9688024591083986
2019-10-23,76856.0,"FirstCash Q3 Adj. EPS $0.84, Inline, Sales $452.46M Miss $452.76M Estimate",-9.263556450605392,FIRSTCASH HOLDINGS INC,-1.1395388282835484,-0.1744204646275671,-5.1744149883868324,-0.20006573759019375,1.3798277227147437,1.9688024591083986
2019-10-25,83509.0,"Sidoti & Co. Maintains Buy on FTI Consulting, Raises Price Target to $150",-7.536529004573822,F T I CONSULTING INC,-0.535996537655592,1.0165404749029383,-1.6264691977413315,8.200808614492416,7.0918739401727215,4.1377482095153795
2019-10-24,83509.0,FTI Consulting Set to Join S&P MidCap 400; KKR Real Estate Finance Trust to Join S&P SmallCap 600,8.200808614492416,F T I CONSULTING INC,-7.536529004573822,-6.972567941239838,-9.365119597542403,-1.024885755032301,-3.755110943258533,-3.4458070715844946
2019-10-24,83509.0,FTI Raises FY19 Adj. EPS From $5-$5.50 To $5.75-$6 vs $5.41 Estimate,8.200808614492416,F T I CONSULTING INC,-7.536529004573822,-6.972567941239838,-9.365119597542403,-1.024885755032301,-3.755110943258533,-3.4458070715844946
2019-10-24,83509.0,"FTI Consulting Q3 EPS $1.63 Beats $0.97 Estimate, Sales $593.106M Beat $526.49M Estimate",8.200808614492416,F T I CONSULTING INC,-7.536529004573822,-6.972567941239838,-9.365119597542403,-1.024885755032301,-3.755110943258533,-3.4458070715844946
2019-10-10,83509.0,"UPDATE: Sidoti & Co. Maintains Buy On FTI Consulting, Raises Target To $134 As Firm Thinks 'global macroeconomic and political concerns will lead customers to transformative events such as M&A and restructuring activity'",2.216837927699089,F T I CONSULTING INC,0.893022958189249,1.7860389264036103,6.642975085172886,0.3364491742104292,-0.5373372716044544,-0.7396477901700726
2019-10-10,83509.0,"Sidoti & Co. Maintains Buy on FTI Consulting, Raises Price Target to $134",2.216837927699089,F T I CONSULTING INC,0.893022958189249,1.7860389264036103,6.642975085172886,0.3364491742104292,-0.5373372716044544,-0.7396477901700726
2019-10-29,10777.0,First Citizens BancShares Declares Quarterly Dividend Of $0.40/Share,0.6196781992912291,FIRST CITIZENS BANCSHARES INC NC,-0.20195143297314644,0.6678584035589186,3.1073243173860066,0.21978390868753195,0.8174439490425955,0.7683903405654613
2019-10-29,10777.0,"First Citizens BancShares Q3 EPS $11.27 Up From $9.8 YoY, Sales $336.425M Up From $307.362M YoY",0.6196781992912291,FIRST CITIZENS BANCSHARES INC NC,-0.20195143297314644,0.6678584035589186,3.1073243173860066,0.21978390868753195,0.8174439490425955,0.7683903405654613
2019-10-31,81774.0,Freeport-McMoRan shares are trading lower amid US crude oil stocks rising and weak Chinese factory data.,-3.060221299529076,FREEPORT MCMORAN INC,7.128317654132843,14.765792441955416,10.081474148059645,-0.9775115177035332,-1.0742153799371157,-0.09862153341076985
2019-10-24,81774.0,"Freeport-McMoRan shares trading lower, reverting back to where the stock was trading immediately after release of Q4 results yesterday. Seeing some unusual option activity in the May $10 puts and the Jun $12 calls today.",-5.330700427293777,FREEPORT MCMORAN INC,5.735142529010773,2.3983266832390937,17.51825106532161,2.0140966400504112,3.156827111272098,5.741129220276364
2019-10-24,81774.0,"BMO Capital Maintains Market Perform on Freeport-McMoRan, Raises Price Target to $12",-5.330700427293777,FREEPORT MCMORAN INC,5.735142529010773,2.3983266832390937,17.51825106532161,2.0140966400504112,3.156827111272098,5.741129220276364
2019-10-23,81774.0,"Freeport-McMoRan Q3 Adj. EPS $(0.01) Down From $0.35 YoY, Sales $3.308B Miss $3.55B Estimate",2.014096640050411,FREEPORT MCMORAN INC,-5.3307004272937775,-5.7021931620937494e-08,5.03455305894478,1.1201691813766956,3.6534485948314765,5.190685782757676
2019-10-18,81774.0,"Shares of copper miner Freeport-McMoRan are trading higher following Chinese economic data showing growth in property and infrastructure, despite lower-than-expected overall economic growth.",1.4830545522272591,FREEPORT MCMORAN INC,2.505216747522354,5.84551563054212,9.812114054587795,-0.6315833423286676,-0.8403452968925862,-0.6315833595300746
2019-10-16,81774.0,Freeport-McMoRan Option Alert: Jun 19 $13 Calls Sweep (17) near the Ask: 1300 @ $0.39 vs 228 OI; Earnings 10/23 Before Open Ref=$9.51,-0.21008884068578482,FREEPORT MCMORAN INC,-0.6315833423286676,6.631580011283966,6.6315799504805595,0.2105311257764697,-0.31413335278465127,6.806287497187724
2019-10-14,81774.0,Freeport-McMoRan shares are trading lower potentially after BMO Capital lowered 3Q'19E EBITDA from $752 million to $596 million.,-0.5235622171312571,FREEPORT MCMORAN INC,0.2105311257764697,3.3684177565921347,7.789471007537685,7.142858952283859,12.280701453686227,12.808459799633543
2019-10-10,81774.0,"UBS Upgrades Freeport-McMoRan On Sell-Off, Projects Rising Copper Prices",4.795319586992264,FREEPORT MCMORAN INC,7.142858952283859,5.908745883419497,7.591624261134333,0.47003477811813354,-2.3972606512129957,-3.1710049757489145
2019-10-10,81774.0,"JP Morgan Maintains Neutral on Freeport-McMoRan, Lowers Price Target to $12",4.795319586992264,FREEPORT MCMORAN INC,7.142858952283859,5.908745883419497,7.591624261134333,0.47003477811813354,-2.3972606512129957,-3.1710049757489145
2019-10-10,81774.0,Freeport-McMoRan shares are trading higher after UBS upgraded the stock from Neutral to Buy.,4.795319586992264,FREEPORT MCMORAN INC,7.142858952283859,5.908745883419497,7.591624261134333,0.47003477811813354,-2.3972606512129957,-3.1710049757489145
2019-10-10,81774.0,"UBS Upgrades Freeport-McMoRan to Buy, Lowers Price Target to $12",4.795319586992264,FREEPORT MCMORAN INC,7.142858952283859,5.908745883419497,7.591624261134333,0.47003477811813354,-2.3972606512129957,-3.1710049757489145
2019-10-01,81774.0,Freeport-McMoRan shares are trading lower in sympathy with the overall market on seemingly no company-specific news.,-4.179724305868149,FREEPORT MCMORAN INC,-3.2715395092964172,-7.1973809194343925,4.360341528087575,-0.829014740884304,-2.346943726056483,-4.965243319223756
2019-10-29,85449.0,"Fresh Del Monte Produce Q3 Adj. EPS $0.35 May Not Compare To $0.16 Estimate, Sales $1.07B, Same YoY",10.92819944024086,FRESH DEL MONTE PRODUCE INC,-0.12630538549274206,-2.336595453961454,-0.03157616555587994,3.217640519142151,1.7825311226291607,-0.48797949220052983
2019-10-10,83597.0,"Morgan Stanley Maintains Underweight on FactSet Research Systems, Lowers Price Target to $215",0.21168624516576529,FACTSET RESEARCH SYSTEMS INC,1.6029534861445427,4.282819891158995,4.883406869761142,2.8342152014374733,0.6181070547396139,-0.04978233090372486
2019-10-31,12885.0,"Fidus Inv Q3 EPS $0.35 Misses $0.36 Estimate, Sales $19.201M Miss $19.73M Estimate",-0.9402305819094181,FIDUS INVESTMENT CORP,1.7627134919166565,2.3728840154965347,4.474575369087486,1.4305179007351398,1.1548917716558416,1.6382301995497395
2019-10-23,12885.0,"National Securities Initiates Coverage On Fidus Inv with Neutral Rating, Announces $15 Price Target",0.8885858580470085,FIDUS INVESTMENT CORP,-0.20325668156147003,0.880759507151585,2.168019634028684,0.0,1.3860000297427177,1.2456768659034667
2019-10-11,12885.0,"UPDATE: Raymond James On Fidus Inv Also Believes The Co. 'can catch back up to dividend coverage, but uncertainty has increased as to when (we had previously projected 4Q20 - which we still project, but with lower confidence)'",-0.5494565702974796,FIDUS INVESTMENT CORP,-2.14088037610054,-0.34529866785512064,1.1740336162495923,0.9708761237561703,1.1111166640956682,0.3445911951188485
2019-10-11,12885.0,"UPDATE: Raymond James Downgrades Fidus Inv To Outperform, Lowers Target From $17 To $16 As Firm Notes Co's 'pre-released guidance for 3Q19 results is materially lower than we had projected (on an adjusted basis)'",-0.5494565702974796,FIDUS INVESTMENT CORP,-2.14088037610054,-0.34529866785512064,1.1740336162495923,0.9708761237561703,1.1111166640956682,0.3445911951188485
2019-10-11,12885.0,Fidus Investment Late Thursday Priced $55M Aggregate Principal Amount Of Its 5.375% Notes Due 2024,-0.5494565702974796,FIDUS INVESTMENT CORP,-2.14088037610054,-0.34529866785512064,1.1740336162495923,0.9708761237561703,1.1111166640956682,0.3445911951188485
2019-10-11,12885.0,Raymond James Downgrades Fidus Inv to Outperform,-0.5494565702974796,FIDUS INVESTMENT CORP,-2.14088037610054,-0.34529866785512064,1.1740336162495923,0.9708761237561703,1.1111166640956682,0.3445911951188485
2019-10-10,12885.0,"Fidus Investment Sees Q3 Net Investment Income Per Share Between $0.29-$0.31, Adj. Net Investment Income Per Share Between $0.34-$0.36",0.9708761237561703,FIDUS INVESTMENT CORP,-0.5494565702974796,-0.7554987467419005,1.1675762660640743,0.13889207039028406,-0.620262943811356,-0.34554383671223654
2019-10-29,60628.0,"Wells Fargo Bullish On FedEx, UPS",-0.24621174670755858,FEDEX CORP,-1.3733296655118465,4.328847296011884,2.031521220850574,0.1960892928764224,2.823752512595812,1.551479804749789
2019-10-29,60628.0,"Wells Fargo Initiates Coverage On FedEx with Outperform Rating, Announces $189 Price Target",-0.24621174670755858,FEDEX CORP,-1.3733296655118465,4.328847296011884,2.031521220850574,0.1960892928764224,2.823752512595812,1.551479804749789
2019-10-23,60628.0,"Peak Season For Air Cargo: Past Results, Present Challenges",0.8730458095669746,FEDEX CORP,-1.2373334728181362,-0.08975470628178606,4.609566865566528,1.7035067081451416,3.1485564645252984,2.6078353661117992
2019-10-18,60628.0,UPS' Entry Could Raise Interest In Flat-Rate Parcel Shipping,-0.5242158658802509,FEDEX CORP,1.4208455570042133,5.456602136853728,4.409312395417597,-0.0464331911643967,0.49345837016054883,2.6706623780470062
2019-10-15,60628.0,FedEx Freight Expands Last Mile Delivery Network,2.166513167321682,FEDEX CORP,0.5401423666626215,3.114162318166458,5.368089608134596,0.8520032279193401,3.834180832966827,5.40753947674486
2019-10-14,60628.0,FedEx Opens 3 New Facilities for its International Business,0.8520032279193401,FEDEX CORP,2.166513167321682,3.58359080427455,7.9166065055149115,2.956984005868435,4.5170508299476,5.1665538822390555
2019-10-11,60628.0,"Berenberg Maintains Hold on FedEx, Lowers Price Target to $155",2.956984005868435,FEDEX CORP,0.8520032279193401,3.0026182169876403,8.623061283631085,1.5152608044445515,2.146109754190828,-0.5137558132578435
2019-10-10,60628.0,Amazon Partner Inpax Lays Off About 600 After Amazon Ends Relationship,1.515260804444551,FEDEX CORP,2.956984005868435,6.6072412360261845,8.977081277024013,0.6214326247572899,-1.9987306357918233,-2.6223775856537457
2019-10-09,60628.0,"Bernstein Downgrades FedEx to Market Perform, Announces $153 Price Target",0.6214326247572899,FEDEX CORP,1.5152608044445515,8.27289353681051,12.014359439145817,-2.6039812713861465,-3.2237766108022092,-2.3428177664023386
2019-10-08,60628.0,Boeing Deliveries Plummet In Q3,-2.603981271386147,FEDEX CORP,0.6214326247572899,8.360435997494186,11.734955863129004,-0.6363661959767342,0.2681459759782401,0.9305282282922267
2019-10-08,60628.0,FedEx Announces Partnership To Facilitate Walgreens Customer Returns,-2.603981271386147,FEDEX CORP,0.6214326247572899,8.360435997494186,11.734955863129004,-0.6363661959767342,0.2681459759782401,0.9305282282922267
2019-10-07,60628.0,Michaels Craft Stores Now Function As UPS Drop Off And Pick Up Locations,-0.6363661959767342,FEDEX CORP,-2.6039812713861465,3.3007266927888024,7.002602035300387,0.9103050455451012,1.5769294703526837,0.9601812075746397
2019-10-04,60628.0,UPS To Invest $220 Million In Louisville Maintenance Hangar,0.9103050455451012,FEDEX CORP,-0.6363661959767342,1.7762191157967289,4.832170411528902,0.6606108509004116,0.04942623254089451,-2.6516455830321584
2019-10-03,60628.0,"Loss Of Parcel Select Business Could Hit USPS Hard, Consultancy Says",0.6606108509004116,FEDEX CORP,0.9103050455451012,-0.24698745281921397,6.343934726376488,-0.6071735639125109,-3.290518908968987,-2.883559476659958
2019-10-02,60628.0,ChemDirect Joins Blockchain Alliance,-0.6071735639125109,FEDEX CORP,0.6606108509004116,-1.0868011602731653,7.096182473591117,-2.699737437069416,-2.2902919600653826,-2.4249133600578454
2019-10-24,23026.0,Bank of America Downgrades FirstEnergy to Neutral,-0.24788046721369028,FIRSTENERGY CORP,-0.5798355676233768,0.062122091001581836,-2.4707921598114635,0.10338965803384781,-0.18556732760474093,0.06200656075694422
2019-10-21,23026.0,"KeyBanc Maintains Overweight on FirstEnergy, Raises Price Target to $56",0.2480341587215662,FIRSTENERGY CORP,-0.28865854255855083,-2.5360815825443583,-1.0309279041205377,0.5612148437649012,1.2133929800993482,1.638660961401306
2019-10-29,37568.0,"Franklin Electric Q3 Adj. EPS $0.73 Beats $0.71 Estimate, Sales $348.4M Miss $353.85M Estimate",6.232022866606712,FRANKLIN ELECTRIC INC,-0.48736543394625187,-1.1062723324429036,-2.4637082140003264,1.557941734790802,1.7362528989698145,3.451699404796882
2019-10-04,12751.0,Phoenix New Media Offers Update On Proposed Sale Of Investment In Yidian: 2 Shareholders Of Particle Notified Co. Of Intention To Exercise Co-Sale Rights Related To 16M Particle Shares For Total Price Of RMB240M,-3.8610003888607034,PHOENIX NEW MEDIA LTD,-1.76706463098526,-6.827312048565204,-9.638554332163496,0.7782094180583954,0.7782094180583954,1.1718739231695974
2019-10-25,13337.0,Forum Energy Technologies shares are trading higher after the company reported better-than-expected Q3 EPS results.,4.2372945696115485,FORUM ENERGY TECHNOLOGIES INC,8.130083233118057,0.8130078963974219,-3.2520287619767774,0.0,-4.838714748620987,-7.812502076699279
2019-10-25,13337.0,"Forum Energy Technologies Earlier Reported Q3 EPS $0.02 Beats $(0.05) Estimate, Sales $239.3M Miss $244.92M Estimate",4.2372945696115485,FORUM ENERGY TECHNOLOGIES INC,8.130083233118057,0.8130078963974219,-3.2520287619767774,0.0,-4.838714748620987,-7.812502076699279
2019-10-07,13337.0,"Morgan Stanley Maintains Equal-Weight on Forum Energy Technologies, Lowers Price Target to $3",0.0,FORUM ENERGY TECHNOLOGIES INC,-3.597119078040123,0.7194235603079413,-7.913670658567051,-2.797200158238411,-2.112674045229823,-3.472226995361538
2019-10-11,89545.0,Fiscal Stimulus May Not Cure What Ails Europe ETFs,2.034811675548553,SPDR INDEX SHARES FUNDS,-0.026245438493788242,1.8892710892513875,2.3353434250074745,1.0005380026996136,2.1887804960768698,1.0825377672433412
2019-10-17,35685.0,First Financial Bancorp Q3 EPS $0.51 Misses $0.54 Estimate,1.6270391643047328,FIRST FINANCIAL BANCORP OHIO,-4.5977044850587845,-3.9819424850826124,-3.776683220698651,-1.2157431803643703,-0.041702369261997774,0.08350125087925875
2019-10-23,79824.0,First Financial Bankshares Reports Has Begun National Search For Successor To CFO J. Bruce Hildebrand,0.22611082531511778,FIRST FINANCIAL BANKSHARES INC,-0.6768129300326109,-3.4404890418428202,-3.4968918833284457,0.3403367940336466,1.462581476072189,4.9228939396402716
2019-10-17,79824.0,First Finl Bankshares Q3 EPS $0.32 Down From $0.52 YoY,1.139775197952986,FIRST FINANCIAL BANKSHARES INC,3.4104321151971817,4.448398563647271,-1.304870545104031,0.18029259517788887,0.9079880020939068,0.5731481967508056
2019-10-23,15065.0,FibroGen Announces First Patient Dosed In LAPIS Phase 3 Clinical Trial Of Pamrevlumab For The Treatment Of Patients With Locally Advanced Pancreatic Cancer,-1.969196647405624,FIBROGEN INC,2.98738032579422,0.978617520771774,-1.3134230746907227,0.9429126046597958,2.087632375892068,-2.221668145662359
2019-10-17,36397.0,"Keefe, Bruyette & Woods Downgrades First Horizon National to Market Perform",-1.027616206556559,FIRST HORIZON CORP,0.9085032157599926,4.0233669483003665,3.6340065812915823,-3.591330721974373,-2.137021516430415,-2.2598905949395287
2019-10-16,36397.0,First Horizon National Q3 Sales $472.411M Beat $465.8M Estimate,-3.591330721974373,FIRST HORIZON CORP,-1.0276162065565586,3.0186335170029555,3.917794616170567,1.508483849465847,1.3810377604063895,2.3447394890628193
2019-10-16,36397.0,First Horizon National Q3 Adj. EPS $0.43 Beats $0.42 Estimate,-3.591330721974373,FIRST HORIZON CORP,-1.0276162065565586,3.0186335170029555,3.917794616170567,1.508483849465847,1.3810377604063895,2.3447394890628193
2019-10-02,36397.0,"Wells Fargo Maintains Outperform on First Horizon National, Raises Price Target to $19",-0.2509407931938767,FIRST HORIZON CORP,-0.3773551434278488,-2.2641488916398167,-2.0754711203322063,-1.6049455851316452,-2.1485655618640687,-2.388244690398078
2019-10-23,93304.0,First Interstate BancSys Q3 EPS $0.8 Beats $0.79 Estimate,0.5854800809174776,FIRST INTERSTATE BANCSYSTEM INC,-0.7450516801327467,-0.9080311601937785,0.7217638558477235,1.0650905780494213,1.8849938747503403,2.1531137619311247
2019-10-15,11533.0,"Baird Initiates Coverage On Fair Isaac with Outperform Rating, Announces $352 Price Target",0.9015641175210476,FAIR ISAAC CORP,-0.9158487431704998,-7.770369407972,-3.6761620030520636,0.4365843255072832,1.6595768361172825,0.8376951015661271
2019-10-23,89003.0,Fidelity National Info Option Alert: Dec 20 $130 Calls Sweep (2) near the Ask: 2931 @ $3.701 vs 2832 OI; Earnings 11/5 Before Open Ref=$125.8318,1.219705678522587,FIDELITY NATIONAL INFO SVCS INC,1.7642006278038025,3.9300665818172043,3.0873421519336475,-2.6313740760087967,-2.252005950053748,-3.899483896671041
2019-10-29,86965.0,Financial Institutions Q3 EPS $0.78 Beats $0.68 Estimate,0.5204939749091864,FINANCIAL INSTITUTIONS INC,2.524274028837681,3.6245981725503196,4.207123398507928,1.0187297128140926,1.251644079803782,0.3263719288395528
2019-10-25,34746.0,Fifth Third Bancorp shares are trading higher after UBS upgraded the stock from Neutral to Buy and raised the price target from $32 to $33.,3.050722554326057,FIFTH THIRD BANCORP,1.3425174169242382,1.7555946686453883,5.197935602327752,-0.2829852281138301,-0.3886880072585086,0.606709738901845
2019-10-25,34746.0,"UBS Upgrades Fifth Third Bancorp to Buy, Raises Price Target to $33",3.050722554326057,FIFTH THIRD BANCORP,1.3425174169242382,1.7555946686453883,5.197935602327752,-0.2829852281138301,-0.3886880072585086,0.606709738901845
2019-10-23,34746.0,"Bank of America Reiterates Buy on Fifth Third Bancorp, Raises Price Target to $31",-0.1060027512721717,FIFTH THIRD BANCORP,-0.2829852281138301,3.572692646668729,7.640607828586754,0.9992818348109722,3.549210719235485,4.5051672423186195
2019-10-23,34746.0,"Raymond James Maintains Outperform on Fifth Third Bancorp, Raises Price Target to $31",-0.1060027512721717,FIFTH THIRD BANCORP,-0.2829852281138301,3.572692646668729,7.640607828586754,0.9992818348109722,3.549210719235485,4.5051672423186195
2019-10-22,34746.0,Fifth Third Bancorp Q3 Adj. EPS $0.75 Beats $0.73 Estimate,0.9992818348109722,FIFTH THIRD BANCORP,-0.10600275127217174,4.699646519092937,7.2438205700888325,2.52470001578331,3.4711983529166934,3.147430484750169
2019-10-11,34746.0,Bank of America Upgrades Fifth Third Bancorp to Buy,2.559205703437328,FIFTH THIRD BANCORP,0.5214130040258169,1.7877077926893303,8.193664081037966,2.046383172273636,2.8683674167076623,-0.41841226627082895
2019-10-10,34746.0,"JP Morgan Maintains Neutral on Fifth Third Bancorp, Lowers Price Target to $30.5",2.046383172273636,FIFTH THIRD BANCORP,2.5592057034373283,3.4377372057716293,7.677617150583971,0.805500615388155,-2.415367759172249,-3.18867653352497
2019-10-09,34746.0,"Citigroup Maintains Neutral on Fifth Third Bancorp, Lowers Price Target to $27",0.805500615388155,FIFTH THIRD BANCORP,2.046383172273636,5.885792939775514,10.192943540903343,-3.1951315701007843,-3.9622611112784867,-2.4156407725844375
2019-10-03,34746.0,"Morgan Stanley Maintains Equal-Weight on Fifth Third Bancorp, Lowers Price Target to $31",0.5397046450525522,FIFTH THIRD BANCORP,1.610429771244526,0.3834371912977197,3.8343559600553467,-2.0022621378302574,-5.2593084494700015,-5.604072120327553
2019-10-28,13527.0,"Morgan Stanley Maintains Overweight on Five Below, Raises Price Target to $147",0.37847028579562897,FIVE BELOW INC,-2.3084083572030067,-2.0390959091237337,-4.378277882533965,0.08503448334522545,2.412595466799483,0.07730249481434637
2019-10-17,13527.0,"Guggenheim Maintains Buy on Five Below, Raises Price Target to $140",0.1730852760374546,FIVE BELOW INC,0.3906575497239828,-2.8172187340724575,-6.0100667871117235,0.7888414897024632,2.7210917313677863,2.097588276921436
2019-10-04,13527.0,William Blair Initiates Coverage On Five Below with Outperform Rating,2.2198941558599468,FIVE BELOW INC,-1.1487915180623531,2.4077407625102465,5.145966513740241,0.20148290786892176,-2.4786227135422556,-1.403645218920102
2019-10-24,85059.0,"Comfort Systems USA Q3 EPS $0.98 Beats $0.85 Estimate, Sales $706.918M Beat $701.37M Estimate",0.4909356590360403,COMFORT SYSTEMS USA INC,9.536953270435333,7.073062462269131,8.60237193640545,1.6048533841967583,3.1483936470971807,3.765220214230336
2019-10-25,76839.0,National Beverage Option Alert: Nov 15 $55 Calls Sweep (2) near the Ask: 1000 @ $0.7 vs 6342 OI; Earnings 12/5 After Close [est] Ref=$49.85,0.3015635535120964,NATIONAL BEVERAGE CORP,1.6235746443271637,-10.022048017919904,-17.759070547766886,-0.2706733299419284,0.9129655918774793,3.92812586201321
2019-10-11,76839.0,National Beverage Option Alert: Nov 15 $55 Calls Sweep (2) near the Ask: 1000 @ $1.125 vs 32 OI; Earnings 12/5 After Close [est] Ref=$49.31,2.185676991939545,NATIONAL BEVERAGE CORP,-1.9352225586771965,-1.7722527052929093,1.6296584160443217,2.979634143412113,4.799303457292914,1.887591314861603
2019-10-07,15456.0,Trader Toolkit: Analyst Ratings,-0.4565080162137747,FOOT LOCKER INC,-1.399956177920103,3.524014164722855,9.965032427649412,0.4101282451301813,0.5799851349473473,-0.6919611498351963
2019-10-25,80329.0,Flex shares are trading higher after the company reported better-than-expected Q2 EPS results.,11.74205243587494,FLEX LTD,1.0335907340049744,5.512492105176525,1.9810550302141738,1.3658570125699043,-0.6692131308069449,-0.3835087155051764
2019-10-24,80329.0,Flex shares are trading lower after the company reported worse-than-expected Q2 sales results. The company also issued Q3 sales guidance below analyst estimates.,1.3658570125699039,FLEX LTD,11.742052435874939,13.089505043397853,13.85947539356498,-2.0076485350728035,-1.7257938517287519,2.8084224494996812
2019-10-24,80329.0,"Flex Sees Q3 Adj. EPS $0.32-$0.36 vs $0.34 Estimate, Sales $6B-$6.3B vs $6.49B Est.",1.3658570125699039,FLEX LTD,11.742052435874939,13.089505043397853,13.85947539356498,-2.0076485350728035,-1.7257938517287519,2.8084224494996812
2019-10-24,80329.0,"Flex Q2 Adj. EPS $0.31 Beats $0.3 Estimate, Sales $6.088B Miss $6.29B Estimate",1.3658570125699039,FLEX LTD,11.742052435874939,13.089505043397853,13.85947539356498,-2.0076485350728035,-1.7257938517287519,2.8084224494996812
2019-10-21,80329.0,"Flex Ltd shares are trading higher amid renewed US-China trade optimism, as the company derives the majority of its revenue from Asia.",4.613841697573662,FLEX LTD,0.2876292681321502,12.464038070860584,16.58676353497528,-1.4822096563875675,-1.9665664383141879,-0.4990038475906511
2019-10-30,11006.0,First of Long Island Q3 EPS $0.44 Up From $0.39 YoY,-0.42123161256313324,FIRST LONG ISLAND CORP,-0.8460188284516335,1.4805431875487551,1.1844362411016718,0.29573170468211174,2.283501478649197,2.90420488183043
2019-10-31,79490.0,"Full House Resorts Q3 EPS $0.06 Up From $0.04 YoY, Sales $44.3M Up From $44.028M YoY",0.7229344919323921,FULL HOUSE RESORTS INC,12.903222441673279,18.548387767723916,20.16128929334604,1.7437953501939774,0.49795419655753737,-3.0629937408613195
2019-10-18,79490.0,"Full House Resorts Reports Entered Added Deals Allowing For Online, Mobile Sports Wagering Throughout Indiana, Colorado, No Terms Disclosed",5.022826045751572,FULL HOUSE RESORTS INC,1.304346602410078,10.434783364290535,21.739130179736698,-0.9049764834344387,0.9216580472612756,-1.35135016237381
2019-10-31,88853.0,Fluor shares are trading lower after the company reported worse-than-expected Q3 EPS and sales results. The company also suspended its FY19 guidance.,-16.83015078306198,FLUOR CORP NEW,15.394161641597748,17.008067757227117,12.97330921673665,-1.4750712551176548,-2.516356237711792,-2.3689481569554527
2019-10-31,88853.0,Fluor Suspends FY19 Guidance,-16.83015078306198,FLUOR CORP NEW,15.394161641597748,17.008067757227117,12.97330921673665,-1.4750712551176548,-2.516356237711792,-2.3689481569554527
2019-10-31,88853.0,"Fluor Q3 GAAP EPS $(5.29) Does Not Compare To $0.36 Estimate, Sales $3.94B May Not Compare To $4.67B Estimate",-16.83015078306198,FLUOR CORP NEW,15.394161641597748,17.008067757227117,12.97330921673665,-1.4750712551176548,-2.516356237711792,-2.3689481569554527
2019-10-31,88853.0,Fluor Awarded Three-Year Engineering Services Agreement by KPO in Kazakhstan,-16.83015078306198,FLUOR CORP NEW,15.394161641597748,17.008067757227117,12.97330921673665,-1.4750712551176548,-2.516356237711792,-2.3689481569554527
2019-10-02,88853.0,Floor & Decor Holdings Option Alert: Nov 15 $52.5 Calls at the Ask: 850 @ $2.101 vs 72 OI; Earnings 10/31 Before Open [est] Ref=$47.355,-2.19781044870615,FLUOR CORP NEW,1.3483241200447083,-0.7303323888717683,6.741577744377869,-4.8614658415317535,-1.939648168933683,-0.4920729268264812
2019-10-07,12449.0,"RBC Capital Initiates Coverage On Fleetcor Technologies with Sector Perform Rating, Announces $324 Price Target",-1.770676858723164,FLEETCOR TECHNOLOGIES INC,-1.6655504703521729,2.129378399861448,2.674027999440187,2.9932506382465363,3.7010510647235595,2.367328339471597
2019-10-01,12449.0,Raymond James Reinstates Market Perform on Fleetcor Technologies,-1.311112940311432,FLEETCOR TECHNOLOGIES INC,-1.2861226685345173,-1.120056095190991,4.557990698284398,-0.42361151427030563,-2.0225531275244624,-1.642833017663281
2019-10-31,87162.0,1-800-Flowers.com Reaffirms FY20 Sales Guidance 8-9% Year Over Year Growth,6.49738535284996,1 800 FLOWERS COM INC,-5.680227279663086,-6.732118016287025,-11.570831326528907,-1.3991132378578186,-2.5473029751878373,-1.7608200045289513
2019-10-31,87162.0,"1-800-Flowers.com Q1 EPS $(0.24) Misses $0.36 Estimate, Sales $187.263M Beat $180.85M Estimate",6.49738535284996,1 800 FLOWERS COM INC,-5.680227279663086,-6.732118016287025,-11.570831326528907,-1.3991132378578186,-2.5473029751878373,-1.7608200045289513
2019-10-28,36768.0,Flexsteel Industries Q1 Sales $100.348M Down From $113.487M YoY,-0.0665794184897095,FLEXSTEEL INDUSTRIES INC,7.928051054477692,20.253156941222695,18.587600681989215,1.4179610647261143,-1.119151503031568,-1.7015658851314286
2019-10-29,13578.0,GM Says China Auto Market Remains 'Volatile',-0.2632284769788384,ISHARES INC,0.6739929784089327,0.9932556789640223,1.2061020020722069,-0.6167405284941196,0.2639231986281354,0.29950382975616474
2019-10-31,19166.0,"Buckingham Maintains Buy on FMC, Raises Price Target to $105",0.5826083011925219,F M C CORP,3.8360677659511566,5.825138430822974,6.054645495227029,7.1369655430316925,8.2589582875644,8.323407585796637
2019-10-31,19166.0,"Wells Fargo Maintains Outperform on FMC, Raises Price Target to $107",0.5826083011925219,F M C CORP,3.8360677659511566,5.825138430822974,6.054645495227029,7.1369655430316925,8.2589582875644,8.323407585796637
2019-10-29,19166.0,"FMC Corporation Raises FY19 Adj. EPS Guidance To $5.80-$5.90 vs $5.80 Est., Raises Sales Guidance To $4.58B-$4.62B vs $4.55B Est.",1.047250814735889,F M C CORP,7.1369655430316925,14.097271324035908,15.828517478060643,0.05953253130428493,0.7674774025109077,1.8175208956749733
2019-10-29,19166.0,"FMC Q3 Adj. EPS $0.94 Beats $0.81 Estimate, Sales $1B Beat $976.02M Estimate",1.047250814735889,F M C CORP,7.1369655430316925,14.097271324035908,15.828517478060643,0.05953253130428493,0.7674774025109077,1.8175208956749733
2019-10-16,19166.0,Baird Upgrades FMC On Prospects Of Above-Market Revenue Growth For Several Years,0.8790892548859119,F M C CORP,0.7520650513470173,-1.480240879032757,8.59496846850012,0.7155900355428457,-0.8477600696564003,3.903907421139774
2019-10-16,19166.0,"UPDATE: Baird On FMC Also Notes 'While there are some near-term risks (higher costs, FX), we like FMC's product portfolio and market positioning, and think shares will move higher with execution'",0.8790892548859119,F M C CORP,0.7520650513470173,-1.480240879032757,8.59496846850012,0.7155900355428457,-0.8477600696564003,3.903907421139774
2019-10-16,19166.0,"UPDATE: Baird Upgrades FMC To Outperform, Raises Target To $95 As Firm Believes Co. 'is well positioned for top-line and adj. EBITDA growth in 2020+, driven by new product introductions, share gains in key markets, and operating leverage'",0.8790892548859119,F M C CORP,0.7520650513470173,-1.480240879032757,8.59496846850012,0.7155900355428457,-0.8477600696564003,3.903907421139774
2019-10-16,19166.0,"Wells Fargo Initiates Coverage On FMC with Outperform Rating, Announces $100 Price Target",0.8790892548859119,F M C CORP,0.7520650513470173,-1.480240879032757,8.59496846850012,0.7155900355428457,-0.8477600696564003,3.903907421139774
2019-10-16,19166.0,"Baird Upgrades FMC to Outperform, Raises Price Target to $95",0.8790892548859119,F M C CORP,0.7520650513470173,-1.480240879032757,8.59496846850012,0.7155900355428457,-0.8477600696564003,3.903907421139774
2019-10-23,13006.0,Farmers National Banc Q3 EPS $0.33 Up From $0.29 YoY,-1.1371242813765998,FARMERS NATIONAL BANC CORP,0.13532110024243593,0.8119072095581048,4.53315343162084,0.0,2.7491383254528046,3.6036001589649924
2019-10-23,83987.0,Redburn Downgrades Fresenius Medical Care to Neutral,1.6144068911671638,FRESENIUS MED CARE AG & CO KGAA,0.12221484212204814,10.082490690732882,14.45157204795855,-5.9287454932928085,-5.736023280210878,-5.625554901738761
2019-10-18,10629.0,"Wells Fargo Maintains Outperform on F N B, Raises Price Target to $14",-1.2355894781649108,F N B CORP PA,-0.3336110385134816,2.5020867234351263,2.001666241647393,0.9983351454138756,1.8456398873556878,4.295532621582243
2019-10-17,10629.0,F N B Q3 EPS $0.31 Beats $0.29 Estimate,0.9983351454138756,F N B CORP PA,-1.2355894781649113,6.907214800122574e-08,-0.6589778795673351,0.8389294147491455,3.264605769413098,3.442345825651838
2019-10-14,14080.0,This May Be A Better Way For Betting On Foreign Stocks,-0.3969639539718628,SCHWAB STRATEGIC TRUST,1.3043430633842945,2.5000018448464667,3.5144901646783966,1.7627600580453873,2.8200308233566007,3.6275217671572824
2019-10-29,90925.0,"Fidelity National Finl Q3 Adj. EPS $1.1 Beats $0.89 Estimate, Sales $2.2B Beat $2.17B Estimate",0.6012034136801958,FIDELITY NATIONAL FINL INC NEW,1.3280178420245647,2.4347021715528383,3.7848585008455116,-1.3617372140288353,-2.3483404772673078,-2.0501606264931693
2019-10-29,90925.0,Fidelity National Financial Raises Quarterly Dividend From $0.31 To $0.33/Share,0.6012034136801958,FIDELITY NATIONAL FINL INC NEW,1.3280178420245647,2.4347021715528383,3.7848585008455116,-1.3617372140288353,-2.3483404772673078,-2.0501606264931693
2019-10-18,90925.0,Fidelity National Finl Option Alert: Nov 15 $47 Calls at the Ask: 1387 @ $0.451 vs 43 OI; Earnings 10/29 After Close Ref=$45.29,0.7537134923040867,FIDELITY NATIONAL FINL INC NEW,0.6600643042474985,0.1760132467295339,2.1342076416809075,0.849544070661068,0.7369402242208833,0.714444475372944
2019-10-09,90925.0,"Keefe, Bruyette & Woods Downgrades Fidelity National Finl to Market Perform",0.520723033696413,FIDELITY NATIONAL FINL INC NEW,-0.45045213773846626,0.7432387752862368,3.2657587805558608,-2.32198815792799,-1.2740355220155486,-0.045260147244596816
2019-10-23,87067.0,First Bancorp Q3 EPS $0.58 Up From $0.55 YoY,-0.2483139280229807,FIRST BANCORP INC ME,-0.14225075719878078,0.8712622282498472,3.3783741419612268,-0.2476988360285759,1.4028824281480778,1.3664188515021047
2019-10-24,92040.0,Amicus Highlights Presentation Of Additional Interim Clinical Data For CLN6 Batten Disease Gene Therapy At 48th Annual Meeting Of The Child Neurology Society,-0.71683949790895,AMICUS THERAPEUTICS INC,4.211786016821861,1.4440421107905443,7.340549154825404,-0.8293802849948406,1.0869585042341257,3.0153832294621985
2019-10-10,92040.0,"Amicus Therapeutics Sees Prelim. Q3 Sales ~$48M vs $45.4M Estimate; Raises Lower End, Narrows FY19 Galafold Sales From $160M-$180M To $170M-$180M",1.8716558814048772,AMICUS THERAPEUTICS INC,3.0839912593364716,7.349086729004539,9.055125009689412,-2.604164183139801,-2.9831389600305847,-4.71337437161905
2019-10-04,92040.0,"Amicus Therapeutics shares are trading lower. NOTE: the stock saw increased volatility after the company announced ""positive"" data in Pompe Disease Phase 1/2 study of AT-GAA on October 2nd.",-9.97706800699234,AMICUS THERAPEUTICS INC,-1.783437840640545,0.06369563063692851,3.5031856474503797,6.601466238498688,8.592783884245915,8.728176539791587
2019-10-03,92040.0,Amicus Therapeutics shares are trading higher in seemingly no company-specific news.,6.601466238498688,AMICUS THERAPEUTICS INC,-9.97706800699234,-12.61468287482539,-6.192660130880679,1.8680021166801453,1.9950103655561602,1.4259234114816444
2019-10-02,92040.0,Amicus Therapeutics shares are trading lower after the company reported data from its Phase 1/2 clinical study of AT-GAA for Pompe disease.,1.8680021166801448,AMICUS THERAPEUTICS INC,6.601466238498688,-8.557460339071731,-0.24450462950172946,0.12467923806980252,-0.4339720972363459,-2.666669947676048
2019-10-17,37381.0,"Dominion Aesthetic Technologies, Inc. Announces Alliance With Forward Industries' Intelligent Product Solutions To Design Body Contouring Aesthetic Device",8.816124498844147,FORWARD INDUSTRIES INC NY,-2.7777859941124916,-4.629636309361218,-3.703711353514305,0.2525250194594264,-2.6960758675447116,-2.6960758675447116
2019-10-30,89753.0,"FormFactor Issued Q4 Sales Guidance $145M - $155M vs $138.56M Estimates, Non-GAAP EPSOf $0.22 - $0.30 vs $0.21 Estimate",-0.8329491131007671,FORMFACTOR INC,1.8665404990315437,4.12972577425732,5.856272382647076,-1.0077843442559242,1.5984961013737475,2.174945519773508
2019-10-30,89753.0,"FormFactor Q3 EPS $0.22 Beats $0.21 Estimate, Sales $140.604M Beat $140.54M Estimate",-0.8329491131007671,FORMFACTOR INC,1.8665404990315437,4.12972577425732,5.856272382647076,-1.0077843442559242,1.5984961013737475,2.174945519773508
2019-10-09,89753.0,"FormFactor Reports Purchase Of FRT, No Terms Disclosed",1.160393934696913,FORMFACTOR INC,2.1667150780558586,3.670656620738111,4.15498606925726,-3.2917700707912445,-4.670603685839303,-0.05154777217084572
2019-10-01,89753.0,"B. Riley Maintains Buy on FormFactor, Raises Price Target to $25",0.1340821501798928,FORMFACTOR INC,1.3390465639531612,3.8564503409123096,11.087303902395519,0.892862118780613,-1.7391300727817915,-3.4438065753318647
2019-10-24,84210.0,"Forrester Research Q3 EPS $0.34 Beats $0.29 Estimate, Sales $108.6M Beat $107.6M Estimate",-0.1426918781362474,FORRESTER RESEARCH INC,-0.8288107812404633,-1.4575653644309572,3.743919486152536,2.2170424461364746,-0.17093320361205588,0.8345350555143405
2019-10-28,18421.0,TEGNA and FOX Renew Station Affiliation Agreements for 6 Markets,1.608827523887157,FOX CORP,-0.49673966132104397,-0.9624324381399152,6.240304776246819,0.3164568915963173,-2.790554522578792,-3.265180594734929
2019-10-18,18421.0,"Analysts Remain Bullish On WWE, Cheer Early Ratings For 'Smackdown' On Fox",0.11114591034129259,FOX CORP,1.7922300845384598,0.5551185096698497,1.0626517442033911,-0.3007735125720501,0.1590306575993461,1.5478863223819417
2019-10-30,18420.0,"This Day In Market History: Disney Buys Star Wars, Indiana Jones Franchises",-2.314245700836182,FOX CORP,-0.12469112407416105,3.179540511122525,6.795500085386896,-0.4546878393739462,1.3267519193067345,1.6718294652201982
2019-10-16,18420.0,This Day In Market History: Disney's Predecessor Cartoon Studio Kicks Off,0.9148233570158482,FOX CORP,-0.03126048541162163,3.9074770595590502,0.28134435420588133,0.9875800460577011,0.7628788298153166,3.8663180491978366
2019-10-15,18420.0,"'Shari Redstone Explores Plan to Launch Fox News Competitor ' -Hollywood Reporter, Citing Sources",0.9875800460577011,FOX CORP,0.9148233570158482,5.520504591261033,3.596212406944499,-0.2225038129836321,2.8505861828031165,3.8372472473484187
2019-10-15,18420.0,Credible Stockholders Overwhelmingly Vote in Favour of Merger with Fox Corporation,0.9875800460577011,FOX CORP,0.9148233570158482,5.520504591261033,3.596212406944499,-0.2225038129836321,2.8505861828031165,3.8372472473484187
2019-10-11,18420.0,Fox shares are trading higher in sympathy with the overall market after President Trump made positive remarks on the U.S.-China trade talks as traders grew more optimistic over the possibility of a limited trade deal.,3.079942986369133,FOX CORP,-0.2225038129836321,2.3839797101406157,3.019710000195741,0.9593149647116661,1.5471639963577477,-0.2614377243957966
2019-10-30,14097.0,"Fox Factory Holding Issued Q4 EPS Guidance Of $0.57 - $0.62 vs $0.6 Estimate, Sales $175M - $181M - 179.88M Estimate; FY19 EPS Guidance $2.64 - $2.69 vs $2.62 Estimate, Sales $740M - $746M vs $739.52M Estimate",-0.497672613710165,FOX FACTORY HOLDING CORP,-4.7514863312244415,-0.2969657072230958,-1.7192849450343717,1.2598473578691483,3.0779128002899725,2.3559430257776848
2019-10-30,14097.0,"Fox Factory Holding Q3 EPS $0.83 Beats $0.79 Estimate, Sales $211.317M Beat $205.9M Estimate",-0.497672613710165,FOX FACTORY HOLDING CORP,-4.7514863312244415,-0.2969657072230958,-1.7192849450343717,1.2598473578691483,3.0779128002899725,2.3559430257776848
2019-10-23,80683.0,"First Industrial Realty Q3 FFO $0.44 Beats $0.2 Estimate, Sales $106.59M Beat $106.48M Estimate",0.29702705796808,FIRST INDUSTRIAL REALTY TR INC,1.949656754732132,4.146101398092794,3.084896207436616,-0.14828857965767384,0.3477476723876105,0.5976137611197974
2019-10-29,14310.0,First Bank Q3 Adj. EPS $0.18 Misses $0.2 Estimate,-1.5682663768529888,FIRST BANK,-1.4058071188628674,2.4367406826186544,2.4362192747229727,0.6499506998807192,-0.09216801106632921,-1.0948894481262794
2019-10-23,14310.0,First Bank Announces 1M Share Buyback,2.429908700287342,FIRST BANK,-1.0036464780569077,-4.014594714680375,-0.5474490497165418,-0.557624688372016,0.5639047307954392,0.4694853694827916
2019-10-28,12166.0,"Republic First Bancorp Q3 EPS $(0.03) Misses $0.01 Estimate, Sales $32.8M Beat $27.49M Estimate",-3.124991431832314,REPUBLIC FIRST BANCORP INC,-0.9925607591867447,2.7295197642829727,1.4888321226602885,-0.2398136304691434,-0.7159954580583383,-0.23981363353973162
2019-10-25,75605.0,"Raymond James Maintains Outperform on First Merchants, Raises Price Target to $43",3.2657302916049957,FIRST MERCHANTS CORP,1.0711603797972202,3.1114542818260427,5.483299070286973,-2.239955961704254,-1.632117208906636,-0.7320228363648984
2019-10-24,75605.0,First Merchants Q3 EPS $0.71 Misses $0.78 Estimate,-2.239955961704254,FIRST MERCHANTS CORP,3.2657302916049957,4.161174408657908,9.112454386849954,0.6217660382390022,1.5424840896641312,2.9965555416073153
2019-10-25,89139.0,"Frontline Highlights News Made By Clean Marine Where FMSI, Clean Marine Entered Term Sheet; Combined Entity Will Operate Under Name Clean Marine",-1.715913787484169,FRONTLINE PLC,0.3879724536091089,2.327834895461378,-6.304563833060062,-2.5998204946517944,-0.19029922659323795,-0.5687242560555195
2019-10-18,89139.0,"Evercore ISI Group Upgrades Frontline to Outperform, Announces $14 Price Target",-1.476013287901878,FRONTLINE PLC,-1.2172294780611992,-3.4644182031539517,-1.2172292435503218,2.554403617978096,0.7434936731302022,-7.429546541650788
2019-10-15,89139.0,Frontline Option Alert: Nov 15 $9 Puts at the Ask: 5000 @ $0.3 vs 1277 OI; Earnings 11/15 Before Open [est] Ref=$10.60,-8.112722635269165,FRONTLINE PLC,-1.7658041790127754,-2.3234199751938966,-1.858734051305988,2.4496912956237793,4.647010459031686,4.553573489711127
2019-10-15,89139.0,"Frontline shares are trading lower as a potential sell-off after the stock increased roughly 25% since October 3, 2019.",-8.112722635269165,FRONTLINE PLC,-1.7658041790127754,-2.3234199751938966,-1.858734051305988,2.4496912956237793,4.647010459031686,4.553573489711127
2019-10-22,15067.0,JP Morgan Upgrades Freshpet to Overweight,-0.3019885625690222,FRESHPET INC,1.4943414367735386,3.0896583680759093,3.9378044937149914,0.161318841855973,-0.7592429346029217,2.539222754559467
2019-10-24,13528.0,FS Bancorp Q3 EPS $1.58 Up From $1.07 YoY,-1.333819702267647,F S BANCORP INC,1.148146204650402,6.388888940028092,9.455121727563265,1.8232550472021103,2.4906330231483587,5.2297661833417886
2019-10-28,91611.0,"JMP Securities Upgrades First Solar to Market Outperform, Announces $70 Price Target",1.1014087125658991,FIRST SOLAR INC,0.09391291532665491,-0.33809216119857766,-1.4275020133378336,-5.779208242893219,-4.739505939532851,-6.332268205154845
2019-10-24,91611.0,"First Solar Reaffirms FY19 Guidance: sales $3.5B-$3.7B, EPS $2.25-$2.75",1.103474386036396,FIRST SOLAR INC,-5.779208242893219,-7.335835421058212,-5.832882903698689,-1.672007143497467,-1.8814365800852273,0.10865185333102101
2019-10-24,91611.0,"First Solar Q3 GAAP EPS $0.29, Sales $546.806M Down From $676.22M YoY",1.103474386036396,FIRST SOLAR INC,-5.779208242893219,-7.335835421058212,-5.832882903698689,-1.672007143497467,-1.8814365800852273,0.10865185333102101
2019-10-23,91611.0,First Solar Announces DE Shaw Is The Acquirer Of Its Cove Mountain And Cove Mountain 2 Projects,-1.672007143497467,FIRST SOLAR INC,1.103474386036396,-6.204776166627068,-3.4732237628425033,-0.21299065556377172,1.810938009715235,1.7556583029260997
2019-10-18,91611.0,First Solar Option Alert: Oct 25 $58 Calls Sweep (2) near the Ask: 1670 @ $1.15 vs 44 OI; Earnings 10/24 After Close Ref=$56.205,-0.05429643206298351,FIRST SOLAR INC,2.028248645365238,-4.636003647243858,-4.780875061297052,0.43628737330436707,-1.1274177696919407,-2.1950816464961
2019-10-18,91611.0,First Solar Option Alert: Oct 25 $58 Calls at the Ask: 850 @ $1.15 vs 44 OI; Earnings 10/24 After Close Ref=$56.12,-0.05429643206298351,FIRST SOLAR INC,2.028248645365238,-4.636003647243858,-4.780875061297052,0.43628737330436707,-1.1274177696919407,-2.1950816464961
2019-10-07,91611.0,PreMarket Prep Recap: A Buy-The-Dip Opportunity?,-3.970327228307724,FIRST SOLAR INC,0.0,-0.8251359246379986,-1.088481277384723,3.751968592405319,6.099632966280666,5.3926790836491545
2019-10-15,12982.0,"Fortuna Reports Q3 Production: Gold 11,436 Ounces Down 9% YoY, Silver 1.94M Ounces Down 13% YoY",-2.893888019025326,FORTUNA SILVER MINES INC,1.9867530092597008,0.6622509718566816,2.6490040744980403,0.9740251116454601,-2.8125047420798244,-2.5078420490141307
2019-10-29,90755.0,"Franklin Street Props Q2 FFO $0.22 Down From $0.24 YoY, Sales $66.813M Beat $64.2M Estimate",-0.57937647216022,FRANKLIN STREET PROPERTIES CORP,0.23310557007789612,2.097905688098156,-0.23309452814358478,1.172337494790554,0.34883409540125143,-0.9055241065114572
2019-10-31,47706.0,"Federal Signal Q3 Adj. EPS $0.47 Beats $0.42 Estimate, Sales $308.8M Miss $309.06M Estimate; raises FY19 Adj. EPS Guidance From $1.64-$1.72 To $1.70-$1.76 vs $1.70 Est.",-4.5601736754179,FEDERAL SIGNAL CORP,0.8323072455823421,1.3871784764772466,1.0429266420126426,-0.029406827525235713,-2.6074492144494643,-0.05879623264256617
2019-10-29,37402.0,CORRECTION: L.B. Foster Sees FY19 Sales $660M-$675M; Sees Q4 Sales $155M-$170M,-0.0991102890111506,FOSTER L B CO,-9.1269850730896,-4.960317653788227,-5.00992198758512,2.4885715916752815,3.1170189261938264,0.648384361876464
2019-10-29,37402.0,"L.B. Foster Q3 EPS $0.29 Misses $0.44 Estimate, Sales $154.276M Miss $178.16M Estimate",-0.0991102890111506,FOSTER L B CO,-9.1269850730896,-4.960317653788227,-5.00992198758512,2.4885715916752815,3.1170189261938264,0.648384361876464
2019-10-29,37402.0,"L.B. Foster Sees FY19 Sales $660M-$675M, EBITDA To Exceed Q3 EBITDA Of $8.6M; Sees Q4 Sales $155M-$170M",-0.0991102890111506,FOSTER L B CO,-9.1269850730896,-4.960317653788227,-5.00992198758512,2.4885715916752815,3.1170189261938264,0.648384361876464
2019-10-29,37402.0,"L.B. Foster Q3 EPS $0.29, Sales $154.276M Miss $178.16M Estimate",-0.0991102890111506,FOSTER L B CO,-9.1269850730896,-4.960317653788227,-5.00992198758512,2.4885715916752815,3.1170189261938264,0.648384361876464
2019-10-23,16538.0,"TechnipFMC Q3 EPS $0.12 Does Not Compare To $0.50 Estimate, Sales $3.34B Miss $3.52B Estimate",-0.2977443393319845,TECHNIPFMC PLC,-11.774744838476181,-15.827649058816318,-12.414674829784511,1.118280552327633,2.6637581284749468,2.2173922620333464
2019-10-23,16538.0,"JP Morgan Maintains Overweight on TechnipFMC, Raises Price Target to $35",-0.2977443393319845,TECHNIPFMC PLC,-11.774744838476181,-15.827649058816318,-12.414674829784511,1.118280552327633,2.6637581284749468,2.2173922620333464
2019-10-18,16538.0,TechnipFMC Awarded Significant Integrated EPCI Contract for Woodside's Pyxis Field in Australia,-0.4347842652350664,TECHNIPFMC PLC,1.5283859334886074,-6.7248866247003765,-10.436678822548418,-0.26018850039690733,-0.9900970583740953,-1.1177997702707887
2019-10-15,16538.0,TechnipFMC Awarded Significant Subsea Contract for PetroVietnam Gas' Nam Con Son 2 Phase 2 Gas Pipeline Development in Vietnam,-0.1289797364734113,TECHNIPFMC PLC,-0.7318126503378153,1.2053408681002464,-12.742140216488629,-0.8947554044425488,1.4834212272931024,2.829351722881368
2019-10-11,16538.0,"Morgan Stanley Maintains Overweight on TechnipFMC, Lowers Price Target to $33",2.3996476083993907,TECHNIPFMC PLC,-0.8947554044425488,-2.428631078133614,-8.990195016297264,1.326256524771452,2.550334207606886,0.39421876494434294
2019-10-31,93132.0,CORRECTION: Fortinet Sees Q4 Adj. EPS $0.69-$0.71 vs $0.64 Estimate,-1.2829885818064208,FORTINET INC,10.507601499557495,15.461011376656542,22.75625973340425,2.315792813897133,2.8763606076446013,2.6590447970615827
2019-10-31,93132.0,"Fortinet Sees FY19 Adj. EPS $2.39-$2.41 vs $2.24 Estimate, Sales $2.135B-$2.15B vs $2.11B Est.",-1.2829885818064208,FORTINET INC,10.507601499557495,15.461011376656542,22.75625973340425,2.315792813897133,2.8763606076446013,2.6590447970615827
2019-10-31,93132.0,"Fortinet Sees Q4 Adj. EPS $0.69-$0.71 vs $0.64 Estimate, Sales $595M-$610M vs $584.7M Est.",-1.2829885818064208,FORTINET INC,10.507601499557495,15.461011376656542,22.75625973340425,2.315792813897133,2.8763606076446013,2.6590447970615827
2019-10-31,93132.0,"Fortinet Q3 Adj. EPS $0.67 Beats $0.56 Estimate, Sales $547.5M Beat $532.45M Estimate",-1.2829885818064208,FORTINET INC,10.507601499557495,15.461011376656542,22.75625973340425,2.315792813897133,2.8763606076446013,2.6590447970615827
2019-10-22,88197.0,Fulton Financial Q3 EPS $0.37 Beats $0.35 Estimate,0.47961585223674774,FULTON FINANCIAL CORP PA,0.4176592919975519,3.2816182775664116,4.773265007871541,1.8004275858402252,3.345730592561025,4.642413548903868
2019-10-15,88197.0,Fulton Financial Corporation Approves $100 Million Stock Repurchase Program,1.017810683697462,FULTON FINANCIAL CORP PA,0.3778303973376751,5.541562260599919,9.005033458172917,-0.6635042373090982,0.7692299888887533,1.9455264494635083
2019-10-04,88197.0,"Fulton Financial 8-K Shows Co. Received Letter From Dept. Of Justice Indicated Completion Of Review Of Possible Discriminatory Lending by Fulton Under Fair Housing Act, Determined Circumstances Do Not Require Enforcement Action",1.082458347082138,FULTON FINANCIAL CORP PA,-0.72440798394382,-0.3149618124456799,3.2125997731078826,-0.5698015447705984,-0.6641397544416838,-2.935725374666276
2019-10-02,75041.0,Cedar Fair Shares Expected To Open For Trade At 12:02:44 p.m. EDT,2.611684612929821,CEDAR FAIR L P,2.227056212723255,-3.3154714165323895,-2.227062641347133,-0.2741601085290313,-0.2228716937408226,0.8840390602514514
2019-10-02,75041.0,UPDATE: Cedar Fair Shares Up 10%,2.611684612929821,CEDAR FAIR L P,2.227056212723255,-3.3154714165323895,-2.227062641347133,-0.2741601085290313,-0.2228716937408226,0.8840390602514514
2019-10-21,77889.0,First United Q3 Adj. EPS $0.43 Up From $0.39 YoY,1.033590734004974,FIRST UNITED CORP,-0.9803902357816696,0.3836323970923594,1.4066575024725747,-0.6843449547886848,0.08620064751030387,-0.08606049218173872
2019-10-25,79841.0,Forward Air Steady Against Easier Comps,7.433467358350754,FORWARD AIR CORP,1.1959054507315159,-1.5375772569689583,0.5267692522490597,-0.5476127378642559,0.6620482474225753,2.540776272221046
2019-10-24,79841.0,"Forward Air Q3 EPS $0.78 Beats $0.77 Estimate, Sales $361.7M Beat $354.91M Estimate",-0.5476127378642559,FORWARD AIR CORP,7.433467358350754,5.79688159375884,8.855921219030272,1.2163217179477215,3.1053945461811283,3.2998090258701263
2019-10-04,79841.0,"Transplace's McGuigan, Schneider's Rourke, Forward Air's Campbell Highlight Back-To-Back Discussions At FreightWaves LIVE Chicago",0.43738936074078083,FORWARD AIR CORP,0.08064393186941743,0.39515956433056054,2.645160313590611,-0.032389405532740057,-0.9626219417836146,-3.12304081781849
2019-10-28,91292.0,Trump Says We Are Looking To Be Ahead Of Schedule To Sign Phase One Of US-china Trade Deal,0.2736477646976709,INVESCO CURRENCYSHARES AUS DLR T,0.3436493454501033,0.6019525015956262,0.19264671896501717,0.037967925891280174,-0.4871639918674009,-0.5543257915892275
2019-10-17,91292.0,"White House Adviser Kudlow Says Phase 1 Of US-China Trade Includes Lowering Of Nontariff Barriers On Agriculture, Not Just Purchases",0.9908284060657024,INVESCO CURRENCYSHARES AUS DLR T,0.3660858143121004,-0.13164026032520537,0.9664607279081805,0.1332799787633121,-0.19187787172212367,-0.4710033682109094
2019-10-10,91292.0,"US Chamber Of Commerce Official Says, In US, China Trade Talks, There's A Possibility Of Currency Deal In Exchange For Delay In Tariff Hikes",0.5352372769266367,INVESCO CURRENCYSHARES AUS DLR T,0.47323228791356087,0.9908283855515565,0.8578837961602082,-0.04458133189473301,-0.06477270420947034,-0.6352493471292409
2019-10-09,91292.0,Trump Says He Thinks China Wants To Make A Trade Deal More Than He Does,-0.04458133189473301,INVESCO CURRENCYSHARES AUS DLR T,0.5352372769266367,0.5352372565050167,1.9327912502797417,-0.020200377912260592,-0.5909314603501192,-0.1928170280324104
2019-10-09,91292.0,Chinese Officials Say Beijing Has Cut Expectations For Progress From US Trade Talks This Week,-0.04458133189473301,INVESCO CURRENCYSHARES AUS DLR T,0.5352372769266367,0.5352372565050167,1.9327912502797417,-0.020200377912260592,-0.5909314603501192,-0.1928170280324104
2019-10-15,92261.0,"Genpact Reports Purcahse Of Rightpoint, No Terms Disclosed",1.4941013418138032,GENPACT LTD,-0.4390547052025795,-2.2985520850882457,0.23243837010642476,-0.702750263735652,0.553513174287068,1.4088320374112229
2019-10-17,87952.0,Glacier Bancorp Q3 EPS $0.57 Misses $0.59 Estimate,1.162218675017357,GLACIER BANCORP INC NEW,3.397700935602188,3.2265943070040493,3.4465897597161232,-0.19743789453059435,0.5469850694630685,0.5219962290305968
2019-10-03,87952.0,"SunTrust Robinson Humphrey Maintains Buy on Glacier Bancorp, Lowers Price Target to $41",0.1011912943795323,GLACIER BANCORP INC NEW,1.6426624730229378,1.1783057412040332,4.130930136956712,-0.6534358486533165,-2.2985673378013494,-2.2139777202696
2019-10-25,80719.0,Record Quarterly Revenue Boosts Greenbrier's Profits,-2.182053029537201,GREENBRIER COMPANIES INC,-3.250473365187645,-2.89993576545855,-0.6692130635028826,-2.6698946952819824,0.9122394101951592,4.155852551099581
2019-10-25,80719.0,"Greenbrier Sees FY20 Deliveries 26K-28K Units, EPS $2.60-$3 vs $3.41 Estimate, Sales ~$3.5B vs $2.99B Est.",-2.182053029537201,GREENBRIER COMPANIES INC,-3.250473365187645,-2.89993576545855,-0.6692130635028826,-2.6698946952819824,0.9122394101951592,4.155852551099581
2019-10-25,80719.0,"Greenbrier Companies Q4 EPS $1.31 Misses $1.38 Estimate, Sales $914.2M Miss $959.94M Estimate",-2.182053029537201,GREENBRIER COMPANIES INC,-3.250473365187645,-2.89993576545855,-0.6692130635028826,-2.6698946952819824,0.9122394101951592,4.155852551099581
2019-10-23,87069.0,Greene County Bancorp Q1 EPS $0.57 Up From $0.51 YoY,-0.3597067436203361,GREENE COUNTY BANCORP INC,-3.8628216832876205,0.7220172730152408,-1.4079470179975018,-0.7142884191125631,0.6881514521359211,-0.1436814531245112
2019-10-29,14490.0,"New Media, Gannett Name Board Of Directors For Combined Co.",-0.6403358187526463,GANNETT CO INC,-2.36305333673954,-8.347731095961276,-20.112388508572444,2.9670273885130882,4.226920144473456,3.5359081171855378
2019-10-23,14490.0,New Media Announces European Commission Regulatory Clearance For Merger with Gannett,1.685399748384953,GANNETT CO INC,-0.6629880517721176,0.4419883928060697,-10.209897197082773,-0.4474268760532141,0.11247779358471988,1.136357134810262
2019-10-24,12052.0,"Credit Suisse Maintains Neutral on General Dynamics, Lowers Price Target to $193",0.6395486649125813,GENERAL DYNAMICS CORP,-0.646937033161521,1.2194451843694054,4.7403669321744335,-3.513457253575325,-1.0772294748612299,-0.4987644615105702
2019-10-23,12052.0,General Dynamics shares are trading lower after the company reported its Q3 earnings results.,-3.513457253575325,GENERAL DYNAMICS CORP,0.6395486649125814,2.696478486406284,4.615124416481642,2.5249404832720757,3.1244696993524057,1.7651111496559402
2019-10-23,12052.0,"General Dynamics Q3 EPS $3.14 Beats $3.06 Estimate, Sales $9.76B Inline",-3.513457253575325,GENERAL DYNAMICS CORP,0.6395486649125814,2.696478486406284,4.615124416481642,2.5249404832720757,3.1244696993524057,1.7651111496559402
2019-10-10,12052.0,"Morgan Stanley Maintains Underweight on General Dynamics, Lowers Price Target to $172",0.3727756906300783,GENERAL DYNAMICS CORP,1.6639325767755508,0.03961293129559618,-1.1432474629570422,0.31161645893007517,0.19807928680712905,0.23211257594160095
2019-10-04,12052.0,"UPDATE: Exela, General Dynamics Contracts For VA Program Have Maximum Potential Value $900M Over 5 Years",1.006401237100363,GENERAL DYNAMICS CORP,0.0339660095050931,2.2797654328564843,-0.6810764381111611,0.26948065496981144,-2.143137868318845,-4.295950910847591
2019-10-04,12052.0,"Exela, General Dynamics Report Co.'s Selected By US Dept. Of Veterans Affairs To Provide Services Under VA's New $2B Veterans Intake, Conversion, Communication Services Program",1.006401237100363,GENERAL DYNAMICS CORP,0.0339660095050931,2.2797654328564843,-0.6810764381111611,0.26948065496981144,-2.143137868318845,-4.295950910847591
2019-10-30,11664.0,"Deutsche Bank Maintains Hold on Green Dot, Raises Price Target to $34",15.10092914104462,GREEN DOT CORP,-2.731870114803314,-0.8094427899913992,-14.40135070991393,-1.0752714239060879,2.1816784488939422,4.971472013077416
2019-10-29,11664.0,Green Dot shares are trading higher after the company announced it has entered into an agreement with Walmart and will continue to serve as the issuing bank and program manager for the Walmart MoneyCard program for an additional period of 7 years.,-1.075271423906088,GREEN DOT CORP,15.100929141044617,13.81987348900724,0.6987590021715784,3.2923515886068344,6.112469070190363,2.4793429745362694
2019-10-29,11664.0,"Walmart, Green Dot Report Extension Of Relationship, Form Fintech Accelerator, No Terms Disclosed",-1.075271423906088,GREEN DOT CORP,15.100929141044617,13.81987348900724,0.6987590021715784,3.2923515886068344,6.112469070190363,2.4793429745362694
2019-10-31,90899.0,"Genetic Technologies Reports issue of 928,397,236 Ordinary Shares in the Company on October 28 2019",0.9693036787211895,GENETIC TECHNOLOGIES LTD,1.4999985694885254,-3.500002552410708,-7.999998367269113,1.0612241923809052,0.5482235354624443,-10.3710406571902
2019-10-29,90899.0,Genetic Technologies Says Now in a Position to Comply With Its Nasdaq Listing,-0.5076137371361256,GENETIC TECHNOLOGIES LTD,1.0612241923809052,2.928570994045465,-2.5306123672659497,-10.85972860455513,-8.796298456412144,-11.261261044361358
2019-10-11,90899.0,Genetic Technologies Releases Non-Renounceable Rights Issue Document,0.5434777121990919,GENETIC TECHNOLOGIES LTD,-6.48648664355278,23.78377971895247,19.459459289594626,-7.537687569856644,2.222226049412024,-1.604277417035993
2019-10-04,90899.0,Genetic Technologies to Issue Up to 1.13B Fully Paid Ordinary Shares @ A$0.004/New Ordinary Share,-2.52525620162487,GENETIC TECHNOLOGIES LTD,-3.1088054180145264,-4.14507476102558,18.652849507578683,-2.9411736875772476,-0.9999990125789893,4.21052850041268
2019-10-04,80774.0,The GEO Group Option Alert: Jan 17 $15 Puts at the Bid: 1200 @ $1.351 vs 3160 OI; Earnings 11/6 Before Open [est] Ref=$15.76,2.0578758791089062,GEO GROUP INC NEW,-1.1342174373567104,-3.528667213850556,-2.5204767268472983,-2.6908595114946365,-4.71813423835129,-10.32295237693729
2019-10-10,83756.0,Geron Reports First Patient Dosed In IMerge Phase 3 Trial In Lower Risk Myelodysplastic Syndromes,2.127666026353836,GERON CORP,6.249993667006493,3.472218827317519,3.4722187328119825,0.0,-1.3986000791192055,-1.3986000791192055
2019-10-07,12579.0,Trump Says Ethanol Deal Will Total 16 Billion Gallons,-1.6501635313034062,GEVO INC,-2.0134208723902702,-4.362419838982168,-6.375840555274026,2.364862523972988,3.0612214513688674,-1.1619593065503864e-07
2019-10-04,12579.0,EPA Official Says Increases To Biofuel Mandates To Be Informed By Waived Amounts From Last Three Compliance Years,2.364862523972988,GEVO INC,-1.6501635313034058,-5.940596309020352,-6.270628820063462,0.6802714429795742,-2.3102289026325606,-11.641787745038567
2019-10-04,12579.0,"'New White House Ethanol Plan Revealed, More Details Expected' -Michigan Ag Today",2.364862523972988,GEVO INC,-1.6501635313034058,-5.940596309020352,-6.270628820063462,0.6802714429795742,-2.3102289026325606,-11.641787745038567
2019-10-03,12579.0,Trump Administration Expected To Announce Details On US Biofuels Deal By Friday,0.6802714429795742,GEVO INC,2.364862523972988,-4.391895751159192,-4.391895562888504,-2.9702942818403244,-12.238802112285486,-14.534883837809664
2019-10-01,12579.0,"White House Is Close To Finalizing Biofuel Deal, Hopes To Get It Signed By The End Of The Week",-9.552237391471863,GEVO INC,-2.9702942818403244,-3.630359778703429,-7.590759828931892,-2.6162834838032722,-1.1799469385706862,-2.332366228128302
2019-10-23,39571.0,"Graco CEO Says 'Given the sharp decline in Asia Pacific and slowing in our Industrial and Process businesses in the Americas, we are lowering our full-year 2019 worldwide outlook to flat revenue on a constant currency organic basis'",0.06420971476472914,GRACO INC,-1.4331511221826077,-1.925136954022022,-0.4278091122395744,0.30055686365813017,1.0380612412277834,1.5633931035952786
2019-10-23,39571.0,"Graco Q3 Adj. EPS $0.45 Misses $0.51 Estimate, Sales $400.6M Miss $418.89M Estimate",0.06420971476472914,GRACO INC,-1.4331511221826077,-1.925136954022022,-0.4278091122395744,0.30055686365813017,1.0380612412277834,1.5633931035952786
2019-10-30,53225.0,"Graham Holdings Q3 Adj. EPS $7.94 Down From $13.19 YoY, Sales $738.82M Up From $674.766M YoY",-2.388529852032661,GRAHAM HOLDINGS CO,0.11447366559877992,0.07155086657100185,-0.47380996277082144,-0.8204224519431591,-0.8723050983925895,-0.6629338802657259
2019-10-09,90164.0,"Buckingham Maintains Neutral on Greenhill & Co, Lowers Price Target to $15",-0.8208929561078548,GREENHILL & CO INC,2.18209158629179,11.963883467692526,19.864561839354987,0.6761773023754358,2.6819879415729497,4.7693483414033455
2019-10-30,60468.0,Graham Sees FY20 Sales $100M-$105M vs $101.5M Est.,8.576998859643936,GRAHAM CORP,1.7055617645382881,1.211842977913835,2.8267773341972946,-0.6295358762145042,2.089552614260093,1.6848372145841672
2019-10-30,60468.0,"Graham Q2 EPS $0.12 Beats $0.05 Estimate, Sales $21.643M Beat $20.63M Estimate",8.576998859643936,GRAHAM CORP,1.7055617645382881,1.211842977913835,2.8267773341972946,-0.6295358762145042,2.089552614260093,1.6848372145841672
2019-10-28,86372.0,CGI Wins a EUR 40M IT Services Contract,0.1663219649344683,C G I INC,-1.1623498052358627,-0.43428784163782597,2.3630073295353826,0.038405746454373,0.4498214927969979,0.6697633489841204
2019-10-08,86372.0,Desjardins Upgrades CGI to Buy,0.666147004812956,C G I INC,0.9601633064448833,1.8814025555544678,0.7395869793553667,-0.7776128593832254,0.40655415113872717,-0.06526963468039826
2019-10-21,84737.0,"Gulf Island Fabrication Reports Pres, CEO Kirk Meche To Retire; Co. To Leave Search For Replacement",0.3590660635381937,GULF ISLAND FABRICATION INC,-0.5366763565689325,-3.935603954172351,-2.5044781628675628,3.3395234495401382,-1.5901001014732352,1.0889283973079422
2019-10-31,87608.0,"GigaMedia Q3 EPS $(0.02) Up From $(0.1) YoY, Sales $1.91M Up From $1.662M YoY",0.0,GIGAMEDIA LTD,-2.4291474372148514,0.6072821497499215,1.331319721131763e-07,0.0,0.3412399673834443,1.6293670221620093
2019-10-31,86121.0,"Gildan Activewear Q3 EPS $0.53 Misses $0.56 Estimate, Sales $739.7M Miss $790.67M Estimate",-0.9313145652413368,GILDAN ACTIVEWEAR INC,1.3317670673131943,4.700347975703134,7.616495780965571,-0.3865495789796114,-1.6412225236498545,-0.7701150153431424
2019-10-21,86121.0,Edward Jones Downgrades Gildan Activewear to Hold,2.739723399281502,GILDAN ACTIVEWEAR INC,2.9629601165652275,-2.96296008165875,-0.7407434767718657,-25.7207453250885,-25.510198387623262,-25.362107979000847
2019-10-18,86121.0,Gildan Plummets After Issuing Lower Guidance; Bank Of America Turns Bearish,-25.7207453250885,GILDAN ACTIVEWEAR INC,2.7397233992815018,-1.1796093455911927,-1.5601210958984923,0.28345321770757437,0.48282302731395,2.729391622438526
2019-10-18,86121.0,Gildan Activewear shares are trading lower after the company announced its preliminary Q3 and FY19 EPS below analyst estimates. Stifel Nicolaus downgraded the stock from Buy to Hold and lowered the price target from $44 to $30 per share.,-25.7207453250885,GILDAN ACTIVEWEAR INC,2.7397233992815018,-1.1796093455911927,-1.5601210958984923,0.28345321770757437,0.48282302731395,2.729391622438526
2019-10-18,86121.0,"TD Securities Maintains Buy on Gildan Activewear, Lowers Price Target to $38",-25.7207453250885,GILDAN ACTIVEWEAR INC,2.7397233992815018,-1.1796093455911927,-1.5601210958984923,0.28345321770757437,0.48282302731395,2.729391622438526
2019-10-18,86121.0,"Stifel Nicolaus Downgrades Gildan Activewear to Hold, Lowers Price Target to $30",-25.7207453250885,GILDAN ACTIVEWEAR INC,2.7397233992815018,-1.1796093455911927,-1.5601210958984923,0.28345321770757437,0.48282302731395,2.729391622438526
2019-10-17,86121.0,Gildan Activewear Sees Prelim. Q3 Adj. EPS ~$0.53 vs $0.57 Est.; Cuts FY19 Adj. EPS Guidance From $1.95-$2.00 To $1.65-$1.70 vs $1.97 Est.,0.2834532177075744,GILDAN ACTIVEWEAR INC,-25.7207453250885,-25.32504314481988,-27.840586946165445,0.19880628678947687,2.4390249101424732,1.4084445053087036
2019-10-28,77274.0,Gilead Sciences Option Alert: Jan 17 $65 Calls Sweep (22) near the Ask: 12532 @ $1.638 vs 31930 OI; Ref=$63.015,0.6475044880062342,GILEAD SCIENCES INC,-0.4393516108393669,2.3222964346775843,1.4278988318598307,-4.06060665845871,-4.896368485775482,-3.8566671207386993
2019-10-28,77274.0,Gilead and Glympse Bio Announce the Companies Enter Strategic Collaboration for Use of Biomarker Technology in NASH Clinical Development,0.6475044880062342,GILEAD SCIENCES INC,-0.4393516108393669,2.3222964346775843,1.4278988318598307,-4.06060665845871,-4.896368485775482,-3.8566671207386993
2019-10-25,77274.0,Gilead Falls On Uninspiring Q3 Print: 3 Analyst Takes,-4.06060665845871,GILEAD SCIENCES INC,0.6475044880062342,2.1162412335415937,3.2533127217203583,-0.871135201305151,0.21257121878390794,1.211472069140962
2019-10-25,77274.0,"UPDATE: Raymond James On Gilead Notes 'therefore filgotinib and M&A will need to be the main growth drivers going forward';'both can be and while the base business doesn't look like a major growth business to us anymore on net, it is still stable', Huge",-4.06060665845871,GILEAD SCIENCES INC,0.6475044880062342,2.1162412335415937,3.2533127217203583,-0.871135201305151,0.21257121878390794,1.211472069140962
2019-10-25,77274.0,"UPDATE: Raymond James Maintains Strong Buy On Gilead, Lowers Target To $81 Notes 'our investment thesis is admittedly drifting'; Doesn't 'think Biktarvy + PrEP + Yescarta are enough anymore to drive growth in the face of continued pressure on HCV'",-4.06060665845871,GILEAD SCIENCES INC,0.6475044880062342,2.1162412335415937,3.2533127217203583,-0.871135201305151,0.21257121878390794,1.211472069140962
2019-10-25,77274.0,"Oppenheimer Maintains Outperform on Gilead Sciences, Lowers Price Target to $80",-4.06060665845871,GILEAD SCIENCES INC,0.6475044880062342,2.1162412335415937,3.2533127217203583,-0.871135201305151,0.21257121878390794,1.211472069140962
2019-10-25,77274.0,"BMO Capital Maintains Outperform on Gilead Sciences, Lowers Price Target to $81",-4.06060665845871,GILEAD SCIENCES INC,0.6475044880062342,2.1162412335415937,3.2533127217203583,-0.871135201305151,0.21257121878390794,1.211472069140962
2019-10-25,77274.0,"Raymond James Maintains Strong Buy on Gilead Sciences, Lowers Price Target to $81",-4.06060665845871,GILEAD SCIENCES INC,0.6475044880062342,2.1162412335415937,3.2533127217203583,-0.871135201305151,0.21257121878390794,1.211472069140962
2019-10-25,77274.0,"Maxim Downgrades Gilead To Hold, Lowers Price Target To $66",-4.06060665845871,GILEAD SCIENCES INC,0.6475044880062342,2.1162412335415937,3.2533127217203583,-0.871135201305151,0.21257121878390794,1.211472069140962
2019-10-24,77274.0,"Gilead Narrows FY19 Sales Guidance From $21.6B-$22.1B To $21.8B-$22.1B vs $22.32B Estimate, Reaffirms EPS At $3.90-$4",-0.871135201305151,GILEAD SCIENCES INC,-4.06060665845871,-3.4696985307617334,-3.090910597246743,1.0932299308478832,2.1009090285411425,2.5727901702211398
2019-10-24,77274.0,"Gilead Sciences Q3 Adj. EPS $1.75 Beats $1.74 Estimate, Sales $5.604B Miss $5.61B Estimate",-0.871135201305151,GILEAD SCIENCES INC,-4.06060665845871,-3.4696985307617334,-3.090910597246743,1.0932299308478832,2.1009090285411425,2.5727901702211398
2019-10-17,77274.0,"Bank of America Reinstates Neutral on Gilead Sciences, Announces $70 Price Target",-0.18361916299909348,GILEAD SCIENCES INC,-0.49057132564485073,1.180433280308013,-2.3302227266371878,0.07656266679987311,1.302118019987697,2.1253270456353057
2019-10-15,77274.0,"Gilead Sciences Appoints Andrew Dickinson As CEO Effective November 1, 2019",1.224617753177881,GILEAD SCIENCES INC,0.07656266679987311,0.8575766304945054,-2.8330815881269844,0.8126276545226574,1.9759782766717304,4.081966221635658
2019-10-10,77274.0,"Gilead, Galapagos Report Efficacy, Safety Results Of Filgotinib Through 52 Weeks In FINCH 1, 3 Studies In RA",2.06518042832613,GILEAD SCIENCES INC,1.1539731174707413,3.114140245470054,4.331333873631071,0.4700938705354929,-1.1956002180864234,-0.9271128948779128
2019-10-10,77274.0,"Gilead To Report Q3 Earnings On Thurs., Oct. 24, 2019 After Market Close",2.06518042832613,GILEAD SCIENCES INC,1.1539731174707413,3.114140245470054,4.331333873631071,0.4700938705354929,-1.1956002180864234,-0.9271128948779128
2019-10-10,77274.0,Gilead Sciences Option Alert: Fri $62.5 Calls Sweep (91) near the Ask: 983 @ $0.391 vs 359 OI; Earnings 10/24 After Close Ref=$62.4786,2.06518042832613,GILEAD SCIENCES INC,1.1539731174707413,3.114140245470054,4.331333873631071,0.4700938705354929,-1.1956002180864234,-0.9271128948779128
2019-10-08,77274.0,Gilead  Submits NDA for Filgotinib for the Treatment of Adults With Rheumatoid Arthritis in Japan,-1.657900400459766,GILEAD SCIENCES INC,0.4700938705354929,5.851847247173025,6.759607952111502,0.2717362018302083,0.8034710188068228,1.801364260248639
2019-10-04,77274.0,Gilead Highlights New Data From HIV Clinical Development Program At IDWeek,0.5302938167005777,GILEAD SCIENCES INC,0.2717362018302083,2.285806144173397,3.756397544745127,0.9899393655359745,-1.5659627323150849,-1.8144548541905503
2019-10-03,77274.0,Gilead Receives FDA Approval For Descovy In HIV Pre-Exposure Prophylaxis,0.9899393655359745,GILEAD SCIENCES INC,0.5302938167005777,1.6551483648627796,4.820832251685236,-2.5308482348918915,-2.7769045484579813,-2.0349801994677397
2019-10-29,17144.0,From Earlier: General Mills Venture Capital Arm 301 Inc Is Selling STake In Beyond MEat,0.9199981577694416,GENERAL MILLS INC,0.49544195644557476,2.23939973713263,3.7653618798008326,-1.0096977464854717,-2.171787472228437,-2.30558866119952
2019-10-17,17144.0,"RBC Capital Initiates Coverage On General Mills with Sector Perform Rating, Announces $57 Price Target",0.5887892562896013,GENERAL MILLS INC,-0.7741689216345549,-3.4931995580133712,-3.9652539172600143,-1.7907090485095978,-2.5180464674832925,-3.127869478328371
2019-10-30,90448.0,"Gold Was Relatively Quiet As S&P 500 Futures Were Plunging To Session Low, Gold Now Ticking Very Slightly Higher, Up ~$1.50/Oz. To ~$1,495.50/Oz. Over Last Few Mins.",0.5490226671099663,SPDR GOLD TRUST,0.9998499415814877,-0.4042031824673331,-2.155728648093558,-0.2773033222183585,-1.1349221648585095,-0.9044010235778055
2019-10-21,90448.0,A Holiday Catalyst For Gold ETFs,-0.47701364383101463,SPDR GOLD TRUST,0.293299718759954,0.608059336821487,1.6882472176883212,-0.10667369933798909,0.03561218194427784,0.608843290186023
2019-10-29,89618.0,Citigroup Downgrades Golar LNG to Neutral,-2.470741979777813,GOLAR L N G LTD,-2.133331261575222,-2.1999994150244784,-12.399997456851464,0.19543799571692944,0.720364469363366,-1.9132664415389744
2019-10-10,89618.0,Golar LNG shares are trading higher despite no company-specific news. This could potentially be a rebound after the stocked dropped approximately 31% over the past 3 months.,8.738606423139572,GOLAR L N G LTD,2.061489224433899,1.4814391935402682e-07,6.708595897584524,3.6220476031303406,-0.7541506824567223,-1.4970046119293756
2019-10-01,89618.0,COSCO Blacklisting Sparks LNG Collateral Damage,-1.539644412696362,GOLAR L N G LTD,-4.026585817337036,-0.7036758616309924,8.483190643143491,-2.0362025126814842,-0.6120881813297174,-2.1837346426768267
2019-10-01,89618.0,Golar LNG Reports CFO Brian Tienzo To Step Down Effective Immediately,-1.539644412696362,GOLAR L N G LTD,-4.026585817337036,-0.7036758616309924,8.483190643143491,-2.0362025126814842,-0.6120881813297174,-2.1837346426768267
2019-10-21,14785.0,"KeyBanc Upgrades Globant to Overweight, Announces $114 Price Target",-1.421558018773794,GLOBANT S A,-5.456999689340591,-4.51291461999932,-2.2305232783050077,-2.2395500913262367,-2.454109327243592,-3.7503669525200345
2019-10-30,14643.0,"GasLog Partners Q3 EPS $0.43 Misses $0.5 Estimate, Sales $96.485M Beat $95.26M Estimate",-0.5997043568640947,GASLOG PARTNERS LP,-0.4022118169814348,-1.910503600354363,-10.425954642311119,-1.670762337744236,-1.3313630997189296,-1.4771010942318363
2019-10-29,57154.0,"P.H. Glatfelter Q3 EPS $0.19 Beats $0.18 Estimate, Sales $232.52M Miss $244.65M Estimate",10.36895737051964,GLATFELTER CORP,1.0951039381325245,8.126800140651103,4.783861254356125,1.5503923408687115,3.0144170264030157,1.3539654828109038
2019-10-08,13543.0,"Wells Fargo Maintains Market Perform on Globus Medical, Raises Price Target to $53",-1.393313612788916,GLOBUS MEDICAL INC,0.5450150463730097,1.0698401653936873,0.7266867637147012,-0.8486215025186539,0.35956905977392317,1.1475810115431306
2019-10-31,93246.0,"Generac Shares Up 3.5%; Earlier Reported Q3 Beat, Raised Lower End Of FY19 Sales Growth Guidance From 5-9% To 8-9%",4.219276830554008,GENERAC HOLDINGS INC,-4.949263483285904,-4.027748282357269,-3.158006795697632,1.334063708782196,-0.6219857950386154,2.1607310393623846
2019-10-31,93246.0,"Generac Hldgs Q3 EPS $1.43 Beats $1.33 Estimate, Sales $601.135M Beat $582.82M Estimate",4.219276830554008,GENERAC HOLDINGS INC,-4.949263483285904,-4.027748282357269,-3.158006795697632,1.334063708782196,-0.6219857950386154,2.1607310393623846
2019-10-24,93246.0,Generac Reports Was Lead Investor In $4.3M Series B Funding Round For Sofdesk,0.6799694616347551,GENERAC HOLDINGS INC,0.4317973740398884,6.930914832196233,2.6240067467335537,3.03204245865345,3.6510640190883903,2.7252916151919493
2019-10-21,38659.0,"B. Riley Maintains Buy on Gentex, Raises Price Target to $35",-1.7349332571029659,GENTEX CORP,0.6916656158864498,1.9293800406652073,5.314892730716392,1.3229422271251678,1.3413117372341077,3.652208540325441
2019-10-18,38659.0,Gentex shares are trading lower after the company cut its CY19 sales guidance from $1.87B - $1.90B to $1.84B - $1.87B.,1.322942227125168,GENTEX CORP,-1.7349332571029663,-0.8942943554464122,2.0211073486934295,0.018129665113519877,2.298853805467882,4.765525416138483
2019-10-18,38659.0,UPDATE: Gentex Cuts CY19 Sales Guidance From $1.87B-$1.9B To $1.84B-$1.87B,1.322942227125168,GENTEX CORP,-1.7349332571029663,-0.8942943554464122,2.0211073486934295,0.018129665113519877,2.298853805467882,4.765525416138483
2019-10-18,38659.0,Gentex Cuts CY19 Sales Guidance,1.322942227125168,GENTEX CORP,-1.7349332571029663,-0.8942943554464122,2.0211073486934295,0.018129665113519877,2.298853805467882,4.765525416138483
2019-10-18,38659.0,"Gentex Q3 EPS $0.44 Beats $0.42 Estimate, Sales $477.761M Beat $476.06M Estimate",1.322942227125168,GENTEX CORP,-1.7349332571029663,-0.8942943554464122,2.0211073486934295,0.018129665113519877,2.298853805467882,4.765525416138483
2019-10-16,38659.0,"Guggenheim Initiates Coverage On Gentex with Buy Rating, Announces $29 Price Target",2.280310727655888,GENTEX CORP,0.018129665113519877,1.3231890374720834,2.555743521243725,2.4112407118082047,2.004533893413707,3.8906018741175163
2019-10-29,90162.0,Genworth Financial Q3 EPS $0.24 Misses $0.3 Estimate,0.9456255473196507,GENWORTH FINANCIAL INC,2.5761155411601067,-6.323184568966978,-5.620603543770097,-0.4705877974629402,0.9546530000451137,5.486278856272997
2019-10-22,90162.0,Genworth Financial shares are trading lower after the company received feedback from the Canadian regulators regarding the sale of Genworth MI Canada stake to Brookfield. NOTE : The Canadian regulators were focused on national security matters.,-8.139538019895554,GENWORTH FINANCIAL INC,1.518991868942976,8.101264079639403,1.265821630497399,-0.23201280273497105,-1.3761454607846613,-2.2727251015499217
2019-10-22,90162.0,Genworth Offers Update On Sale Of Genworth MI Canada Stake To Brookfield,-8.139538019895554,GENWORTH FINANCIAL INC,1.518991868942976,8.101264079639403,1.265821630497399,-0.23201280273497105,-1.3761454607846613,-2.2727251015499217
2019-10-23,13956.0,"Gogo Shares Spike Over $6 Level On Uptick In Volume, Stock Now Up 2.7% For Session; Co. Reports Its AVANCE Platform Achieved 175K+ Business Aviation Flights",3.8983054459095,GOGO INC,0.8156560361385345,0.4893922615984092,2.7732477223182173,2.076122537255287,0.5967660202209402,-2.1558890029359734
2019-10-15,13956.0,Gogo Reports Partnership With Japan Airlines' Japan Transocean Air For Bringing AR To All JTA Flights,2.014654502272606,GOGO INC,1.8850989639759064,5.92459447675826,15.619387197438982,-1.7985595390200615,1.0175730202247157,3.3112618650427805
2019-10-17,71298.0,Barrick Gold Corporation Says Prelim. Q3 Results Show 2019 Targets ' Well Within Range',0.885475892573595,BARRICK GOLD CORP,0.5851397290825844,0.4681094896801685,1.5798737728923706,1.6806764528155327,-0.9356716018186217,-0.3529380326426912
2019-10-04,71298.0,Barrick Gold shares are trading higher after National Bank Financial initiated coverage on the company's stock with an Outperform rating.﻿,2.838932536542416,BARRICK GOLD CORP,-0.7323896512389183,-4.225352094406087,-3.1549265393028825,-0.6332792341709137,0.2322933477375999,-0.4039221048789621
2019-10-29,14542.0,PreMarket Prep: Buy The Dip Still Working,-2.122480981051922,ALPHABET INC,-0.10533303720876575,2.3292863119016793,2.8654745615568356,1.9658055156469345,2.3005741730730556,2.4516924576307275
2019-10-29,14542.0,"UBS Maintains Buy on Alphabet, Raises Price Target to $1,460",-2.122480981051922,ALPHABET INC,-0.10533303720876575,2.3292863119016793,2.8654745615568356,1.9658055156469345,2.3005741730730556,2.4516924576307275
2019-10-29,14542.0,"Deutsche Bank Maintains Buy on Alphabet, Lowers Price Target to $1,550",-2.122480981051922,ALPHABET INC,-0.10533303720876575,2.3292863119016793,2.8654745615568356,1.9658055156469345,2.3005741730730556,2.4516924576307275
2019-10-29,14542.0,"Raymond James Maintains Outperform on Alphabet, Raises Price Target to $1,475",-2.122480981051922,ALPHABET INC,-0.10533303720876575,2.3292863119016793,2.8654745615568356,1.9658055156469345,2.3005741730730556,2.4516924576307275
2019-10-28,14542.0,'Validation Of The City And Region's Exciting Momentum': Dan Gilbert's Rocket Mortgage Brings Forbes' Under 30 Summit To Detroit,1.965805515646935,ALPHABET INC,-2.122480981051922,0.10620123368769718,0.7123986599360865,0.32831463031470776,0.4765194954589269,1.7967456303667806
2019-10-23,14542.0,"Credit Suisse Maintains Outperform on Alphabet, Raises Price Target to $1.7K",1.313964836299419,ALPHABET INC,0.14771987916901708,0.1715497766388463,2.5946522470369437,-0.2688260283321142,-0.2159745531303714,-0.8195789687352351
2019-10-23,14542.0,Google's Antitrust Probe Meeting Reportedly To Take Place Next Month,1.313964836299419,ALPHABET INC,0.14771987916901708,0.1715497766388463,2.5946522470369437,-0.2688260283321142,-0.2159745531303714,-0.8195789687352351
2019-10-22,14542.0,"KeyBanc Notes 'Despite signs of softness from large ad agencies, we believe ad spending across the major internet platforms remained healthy in 3Q'; Firm Maintains Overweight, $1,516 Target On Alphabet; Maintains Overweight, $240 Target On Facebook",-0.2688260283321142,ALPHABET INC,1.3139648362994194,1.5947815857699554,3.961214926853729,0.05299393669702113,-0.5522374985374001,0.20182767238419164
2019-10-18,14542.0,Today's Pickup: Logistics Solutions Boost CBD Pet Products Market,-0.6049108691513538,ALPHABET INC,0.05299393669702113,1.576890563890343,2.2681836336516215,0.7582525257021189,0.8093206513381856,2.9519966174316847
2019-10-02,14542.0,Alphabet shares are trading lower in sympathy with the overall market amid fears of a recession.,-2.362457104027271,ALPHABET INC,0.9518668986856937,2.182508971199959,5.695079283684734,-1.140280906111002,-1.6317161045717232,-2.923339022173388
2019-10-31,90319.0,Facebook Perseveres Against Pressures With Yet Another Strong And Better Than-Expected Quarter,-0.1507021836005151,ALPHABET INC,1.0684739798307419,3.824268387085916,3.9998389779963617,0.003166356691508554,-2.1939851789486986,-0.28475023035554603
2019-10-29,90319.0,"BMO Capital Maintains Market Perform on Alphabet, Raises Price Target to $1,250",-2.197081968188286,ALPHABET INC,0.003166356691508554,2.4415707477247084,2.8992690786581177,1.9520629197359085,2.372310291723445,2.4927821453197163
2019-10-29,90319.0,"Barclays Maintains Overweight on Alphabet, Raises Price Target to $1,400",-2.197081968188286,ALPHABET INC,0.003166356691508554,2.4415707477247084,2.8992690786581177,1.9520629197359085,2.372310291723445,2.4927821453197163
2019-10-29,90319.0,"Canaccord Genuity Maintains Buy on Alphabet, Raises Price Target to $1,450",-2.197081968188286,ALPHABET INC,0.003166356691508554,2.4415707477247084,2.8992690786581177,1.9520629197359085,2.372310291723445,2.4927821453197163
2019-10-29,90319.0,"KeyBanc Maintains Overweight on Alphabet, Raises Price Target to $1.546K",-2.197081968188286,ALPHABET INC,0.003166356691508554,2.4415707477247084,2.8992690786581177,1.9520629197359085,2.372310291723445,2.4927821453197163
2019-10-28,90319.0,Q3 Earnings Outlook For Alphabet,1.952062919735909,ALPHABET INC,-2.197081968188286,0.04887615074831153,0.7215044720459529,0.4122009500861168,0.5303661447336294,1.8611100524804414
2019-10-25,90319.0,"BMO Capital Maintains Market Perform on Alphabet, Raises Price Target to $1,245",0.4122009500861168,ALPHABET INC,1.9520629197359085,0.6288025800389452,3.5355492761392604,0.11768011609092355,1.4429612026077843,1.1918503367356559
2019-10-23,90319.0,Google Bows To EU Pressure Over Android Remedy,1.323723327368498,ALPHABET INC,0.11768011609092355,0.2441056955592158,2.6541991157542633,-0.24753897450864315,-0.2579602233664158,-0.9259336859966716
2019-10-22,90319.0,"KeyBanc Notes 'Conversations with advertisers remained quite positive around Facebook and Google, with signs of continued growth in demand across the platforms aided by rapidly expanding use of publisher automation tools'",-0.2475389745086432,ALPHABET INC,1.3237233273684978,1.5678443067286274,4.047695082416292,-0.010447109525557607,-0.6800781700159408,0.10297900597526777
2019-10-17,90319.0,"Google Snubs WeWork, Signs Toronto Lease With Co-Working Rival",0.7884190417826176,ALPHABET INC,-0.669701024889946,0.5036666527603151,0.4789271634632053,0.0611805880907923,2.0718181317752604,2.24478202207794
2019-10-17,90319.0,"Google Says Adding Ability For People To Report Crashes, Speed Traps & Traffic Slowdowns On Google Maps From Their iPhone; Feature Is Expanding To iOS",0.7884190417826176,ALPHABET INC,-0.669701024889946,0.5036666527603151,0.4789271634632053,0.0611805880907923,2.0718181317752604,2.24478202207794
2019-10-23,12049.0,Gold Resource Corp Raises Qtr. Dividend From $0.02 To $0.04/Share,1.827680692076683,GOLD RESOURCE CORP,3.8461562246084213,7.948716152308166,12.564096035158245,-1.0335907340049744,-0.5194799875827938,2.406414891287434
2019-10-25,46674.0,"Goldman Sachs Downgrades Genuine Parts to Sell, Lowers Price Target to $93",-1.4800584875047211,GENUINE PARTS CO,1.121843233704567,2.146129015097964,3.5508725337018765,-0.18226670799776912,0.7162960690011211,2.1500121603063027
2019-10-17,46674.0,Genuine Parts shares are trading higher after the company reported better-than-expected Q3 EPS results.,1.227869559079409,GENUINE PARTS CO,2.4461722001433372,5.1753792318322,3.689478884739139,-0.21441604476422071,0.9398922136221177,0.8773803733089114
2019-10-17,46674.0,Genuine Parts Sees FY19 Adj. EPS $5.60-$5.68 vs $5.69 Est.,1.227869559079409,GENUINE PARTS CO,2.4461722001433372,5.1753792318322,3.689478884739139,-0.21441604476422071,0.9398922136221177,0.8773803733089114
2019-10-17,46674.0,"Genuine Parts Q3 EPS $1.5 Beats $1.47 Estimate, Sales $5.02B Miss $5.03B Estimate",1.227869559079409,GENUINE PARTS CO,2.4461722001433372,5.1753792318322,3.689478884739139,-0.21441604476422071,0.9398922136221177,0.8773803733089114
2019-10-08,46674.0,Raymond James Initiates Coverage On Genuine Parts with Market Perform Rating,-2.104926854372025,GENUINE PARTS CO,0.7347383070737123,5.823878160699603,11.626141743187679,-1.4592468738555908,-0.08455063896055659,0.19075913790700394
2019-10-24,85427.0,Group 1 Automotive shares are trading higher after the company reported better-than-expected Q3 EPS and sales results.,11.83299645781517,GROUP 1 AUTOMOTIVE INC,-2.885713055729866,-5.295235712563229,-5.409523933756577,2.690581977367401,-0.708543005640494,1.63455514647608
2019-10-24,85427.0,"Group 1 Automotive Q3 Adj. EPS $3.02 Beats $2.72 Estimate, Sales $3.118B Beat $2.95B Estimate",11.83299645781517,GROUP 1 AUTOMOTIVE INC,-2.885713055729866,-5.295235712563229,-5.409523933756577,2.690581977367401,-0.708543005640494,1.63455514647608
2019-10-15,85427.0,"Morgan Stanley Maintains Overweight on Group 1 Automotive, Raises Price Target to $105",2.006844058632851,GROUP 1 AUTOMOTIVE INC,1.5761274844408035,2.202102698482089,15.492958186658878,-1.3498364016413689,1.9056465420017377,4.653930503932169
2019-10-23,89810.0,"Deutsche Bank Earlier Maintained Buy on Graphic Packaging Holding, Raised Price Target to $17",1.955672726035118,GRAPHIC PACKAGING HOLDING CO,-1.4066512696444988,-0.7672625864004745,2.9411767577726566,3.0913980677723885,4.567144306056781,4.853041893227039
2019-10-22,89810.0,Graphic Packaging Holding shares are trading higher after the company reported better-than-expected Q3 EPS and sales results.,3.091398067772388,GRAPHIC PACKAGING HOLDING CO,1.955672726035118,1.434160931687134,4.237285748022623,1.4314930886030197,1.708817475049229,2.268040681891148
2019-10-22,89810.0,"Graphic Packaging Holding Q3 Adj. EPS $0.20 Beats $0.19 Estimate, Sales $1.58B Beat $1.57B Estimate",3.091398067772388,GRAPHIC PACKAGING HOLDING CO,1.955672726035118,1.434160931687134,4.237285748022623,1.4314930886030197,1.708817475049229,2.268040681891148
2019-10-31,88873.0,Global Payments shares are trading higher after the company reported better-than-expected Q3 EPS and sales results.,2.198863960802555,GLOBAL PAYMENTS INC,1.8737519159913063,-0.11229886720757198,4.917843681502454,1.433821301907301,2.0591839694436898,2.6031964018808695
2019-10-31,88873.0,"Global Payments Earlier Reported Q3 EPS $1.70 Beat $1.67 Estimate, Sales $1.306B Beat $1.16B Estimate",2.198863960802555,GLOBAL PAYMENTS INC,1.8737519159913063,-0.11229886720757198,4.917843681502454,1.433821301907301,2.0591839694436898,2.6031964018808695
2019-10-31,88873.0,Global Payments Reports Strategic Partnership With Desjardins Group In Canada,2.198863960802555,GLOBAL PAYMENTS INC,1.8737519159913063,-0.11229886720757198,4.917843681502454,1.433821301907301,2.0591839694436898,2.6031964018808695
2019-10-30,88873.0,JP Morgan Reinstates Overweight on Global Payments,1.433821301907301,GLOBAL PAYMENTS INC,2.198863960802555,0.9182095519082223,4.856837530263358,0.6165228318423033,1.1528453576574282,1.2155739471228166
2019-10-22,88873.0,Global Payments shares are reading lower on seemingly no company-specific news.,-3.8549743592739114,GLOBAL PAYMENTS INC,0.7348671089857817,5.202083287804582,7.348670976907679,0.7618817035108805,-1.1578040848694626,-2.075619431478515
2019-10-15,88873.0,"UBS Initiates Coverage On Global Payments with Buy Rating, Announces $193 Price Target",0.4386506974697113,GLOBAL PAYMENTS INC,-0.05458955420181155,-5.901974942974475,-1.0069173073287585,0.7488345261663198,1.8617351280775463,1.8933534648642558
2019-10-08,91161.0,"Stephens & Co. Initiates Coverage On Green Plains with Equal-Weight Rating, Announces $12 Price Target",-5.178731307387352,GREEN PLAINS INC,-2.078300155699253,6.428225743039961,10.778151501397781,-0.4562061280012131,-5.931166668915466e-09,4.202479117888802
2019-10-28,14694.0,GoPro shares are trading higher following reports indicating Alphabet has made an offer to acquire Fitbit. The report may have boosted investor confidence in acquisitions of smaller tech and electronics companies by larger tech companies.,2.272731065750122,GOPRO INC,2.2222140803933144,10.123452319946423,10.617279068475206,2.8571464121341705,2.061853642096567,5.039789414495255
2019-10-28,14694.0,GoPro Shares Spike Following Reports Indicating Alphabet Has Made Offer To Acquire Fitbit,2.272731065750122,GOPRO INC,2.2222140803933144,10.123452319946423,10.617279068475206,2.8571464121341705,2.061853642096567,5.039789414495255
2019-10-24,14694.0,GoPro Announces Available Of Its GoPro MAX,-0.7732012774795294,GOPRO INC,2.8571464121341705,8.051946630192663,15.45455252434329,2.917775511741638,6.301370441679577,7.47923086895208
2019-10-15,14694.0,"GoPro To Report Q3 Earnings Thurs., Nov. 7, 2019 After Market Close",0.5494500044733286,GOPRO INC,0.27322378009557724,3.0054618120841425,13.114748093694262,-2.6737941429018974,7.69230749498615,3.8516404926696612
2019-10-11,14694.0,GoPro Says Has Begun Fulfilling Pre-Orders For HERO8 Black,10.650884360075,GOPRO INC,-2.6737941429018974,-3.4759386536291514,5.882354134397616,-3.5663336515426636,-1.7441842988829448,-8.648647007997923
2019-10-03,14694.0,"Wedbush Maintains Neutral, $5.50 Target On GoPro As Firm Expects 'more volatility in shares of GPRO before yearend, depending on holiday sell-through of its new product lineup'",-19.00584548711777,GOPRO INC,-4.452471062541008,-18.652227774491216,-8.543928543438007,-2.840910851955414,-1.0607489633289613,2.0895523778922342
2019-10-03,14694.0,"GoPro Crashes 20% After Production Delay, Analysts Remain Cautious",-19.00584548711777,GOPRO INC,-4.452471062541008,-18.652227774491216,-8.543928543438007,-2.840910851955414,-1.0607489633289613,2.0895523778922342
2019-10-03,14694.0,GoPro Option Alert: Jan 17 $6 Puts Sweep (2) near the Bid: 3350 @ $2.041 vs 7692 OI; Earnings 10/31 After Close [est] Ref=$4.0701,-19.00584548711777,GOPRO INC,-4.452471062541008,-18.652227774491216,-8.543928543438007,-2.840910851955414,-1.0607489633289613,2.0895523778922342
2019-10-03,14694.0,"Morgan Stanley Maintains Underweight on GoPro, Lowers Price Target to $4.5",-19.00584548711777,GOPRO INC,-4.452471062541008,-18.652227774491216,-8.543928543438007,-2.840910851955414,-1.0607489633289613,2.0895523778922342
2019-10-03,14694.0,GoPro shares are trading lower after the company cut H2'19 EPS and sales guidance. The company also issued FY19 EPS and sales guidance below analyst estimates and issued Q3 EPS guidance below analyst estimates.,-19.00584548711777,GOPRO INC,-4.452471062541008,-18.652227774491216,-8.543928543438007,-2.840910851955414,-1.0607489633289613,2.0895523778922342
2019-10-02,14694.0,"GoPro Cites 'late stage production delay, HERO8 Black shipments will shift from the third quarter to the fourth quarter of 2019, resulting in a significant revenue shift between the quarters'",-2.8409108519554143,GOPRO INC,-19.005845487117767,-31.67641258081225,-28.460038870262807,1.8322134390473366,5.074628913343293,12.82052160324676
2019-10-02,14694.0,"GoPro Says Expects To Increase Cash Sharply During Q4 And To End Of Year With Cash, Cash Equivalents ~$200M",-2.8409108519554143,GOPRO INC,-19.005845487117767,-31.67641258081225,-28.460038870262807,1.8322134390473366,5.074628913343293,12.82052160324676
2019-10-02,14694.0,"GoPro Sees Prelim. Q3 Sales $123M-$127M vs $308.2M Estimate, Adj. Loss $65M-$75M",-2.8409108519554143,GOPRO INC,-19.005845487117767,-31.67641258081225,-28.460038870262807,1.8322134390473366,5.074628913343293,12.82052160324676
2019-10-02,14694.0,"GoPro Sees Prelim. FY19 Adj. EPS $0.30-$0.35 vs $0.39 Estimate, Sales $1.215B-$1.25B vs $1.26B Est.",-2.8409108519554143,GOPRO INC,-19.005845487117767,-31.67641258081225,-28.460038870262807,1.8322134390473366,5.074628913343293,12.82052160324676
2019-10-02,14694.0,"UPDATE: GoPro Cuts Prelim. H2'19 Guidance: Adj. EPS From $0.37-$0.49 To $0.33-$0.39, Sales Growth From 9-12% To 6-9%, Or $680M-$715M",-2.8409108519554143,GOPRO INC,-19.005845487117767,-31.67641258081225,-28.460038870262807,1.8322134390473366,5.074628913343293,12.82052160324676
2019-10-02,14694.0,GoPro Cuts H2'19 Guidance,-2.8409108519554143,GOPRO INC,-19.005845487117767,-31.67641258081225,-28.460038870262807,1.8322134390473366,5.074628913343293,12.82052160324676
2019-10-18,59010.0,UPDATE: Credit Suisse On The Gap Also Notes 'and we have low confidence that the company will be able to achieve the offsets to dis-synergy costs laid out in its recent presentation',-3.9271514862775803,GAP INC,2.843610569834709,2.6658812516150876,0.35545816036151034,0.11396273039281368,1.4434180285195275,3.1708689406153345
2019-10-18,59010.0,"UPDATE Credit Suisse Downgrades The Gap To Underperform, Lowers Target To $14 As Firm Believes 'We believe the pending spinoff of Old Navy will ultimately prove to have been destructive to equity value'",-3.9271514862775803,GAP INC,2.843610569834709,2.6658812516150876,0.35545816036151034,0.11396273039281368,1.4434180285195275,3.1708689406153345
2019-10-18,59010.0,Gap shares are trading lower after Credit Suisse downgraded the company's stock from Neutral to Underperform and lowered the price target from $20 to $14.,-3.9271514862775803,GAP INC,2.843610569834709,2.6658812516150876,0.35545816036151034,0.11396273039281368,1.4434180285195275,3.1708689406153345
2019-10-18,59010.0,"Credit Suisse Downgrades Gap to Underperform, Lowers Price Target to $14",-3.9271514862775803,GAP INC,2.843610569834709,2.6658812516150876,0.35545816036151034,0.11396273039281368,1.4434180285195275,3.1708689406153345
2019-10-03,59010.0,Gap Option Alert: Dec 20 $17 Puts at the Ask: 4000 @ $2.03 vs 1341 OI; Earnings 11/19 After Close [est] Ref=$16.15,0.3647383768111467,GAP INC,-1.6959460452198982,2.3745359828725388,8.031267679331133,-3.5756081342697144,-5.241934532350701,-4.249124283282235
2019-10-08,14281.0,3 Real Estate ETFs Entering The All-Time High Club,-0.6100374273955822,FLEXSHARES TRUST,0.21267947740852833,0.9690045327487296,2.2542595679061472,0.10304530151188374,0.5983421135026923,1.4924401912645768
2019-10-21,92089.0,"Green Brick Partners Reports Its The Providence Group Of Georgia Subsidiary Purchased 115-Acre Tract Of Land In Peachtree Corners, Georgia, No Terms Disclosed",0.0934600830078125,GREEN BRICK PARTNERS INC,-0.09337281808257103,-4.855279794886503,-6.442573068645219,-0.09337281808257103,1.421797272272718,3.4816214150343194
2019-10-25,53604.0,Gorman-Rupp Raises Qtr. Dividend From $0.135 To $0.145/Share,0.63977618701756,GORMAN RUPP CO,2.1835293620824814,3.344386541905142,0.995026437956481,0.0,0.6157325115054846,1.2676078074232322
2019-10-25,53604.0,"Gorman-Rupp Company (The) Q3 Adj. EPS $0.33 Down From $0.45 YoY, Sales $99.298M Down From $102.893M YoY",0.63977618701756,GORMAN RUPP CO,2.1835293620824814,3.344386541905142,0.995026437956481,0.0,0.6157325115054846,1.2676078074232322
2019-10-10,13122.0,3 ETFs Up At Least 30% This Year,1.7640557140111919,GLOBAL X FUNDS,2.6002246886491776,4.0086767191712225,6.717235836182733,1.7957335337996483,0.44296757534625364,1.4541401251506603
2019-10-29,12886.0,Grifols shares are trading higher on seemingly no company-specific news.,2.174945548176765,GRIFOLS S A,-0.09255186305381358,-0.5090264192543548,-1.1105959074073857,0.6663464475423098,1.244615798706361,2.223291847661568
2019-10-28,12886.0,Santander Upgrades Grifols to Buy,0.6663464475423098,GRIFOLS S A,2.1749455481767654,4.53901175839424,1.1347505800981095,0.5744415801018476,1.5466394232660496,1.0581977397258857
2019-10-31,88837.0,Garmin CEO: Nearly Every Business Segment Is Growing,-2.69849356263876,GARMIN LTD,0.7573323789983988,1.2906658195983578,3.2000001643322395,9.600722044706345,9.925838079856696,10.455112983985337
2019-10-31,88837.0,Garmin shares trading lower following a nearly 10% rally yesterday on the heels of better-than-expected Q3 results and raised FY19 guidance.,-2.69849356263876,GARMIN LTD,0.7573323789983988,1.2906658195983578,3.2000001643322395,9.600722044706345,9.925838079856696,10.455112983985337
2019-10-31,88837.0,"Morgan Stanley Maintains Equal-Weight on Garmin, Raises Price Target to $85",-2.69849356263876,GARMIN LTD,0.7573323789983988,1.2906658195983578,3.2000001643322395,9.600722044706345,9.925838079856696,10.455112983985337
2019-10-30,88837.0,Garmin shares are trading higher after the company reported better-than-expected Q3 EPS and sales results. The company also raised its FY19 EPS guidance above analyst estimates.,9.600722044706345,GARMIN LTD,-2.6984935626387596,-3.2485700906404014,-0.47742494622456944,0.29663676396012306,0.7795486410486108,1.7594678236934724
2019-10-30,88837.0,"Garmin Raises FY19 Guidance: EPS From ~$3.90 To ~$4.15 vs $3.93 Estimate, Sales From ~$3.6B To ~$3.65B vs $3.61B Est.",9.600722044706345,GARMIN LTD,-2.6984935626387596,-3.2485700906404014,-0.47742494622456944,0.29663676396012306,0.7795486410486108,1.7594678236934724
2019-10-30,88837.0,"Garmin Q3 Adj. EPS $1.27 Beats $0.96 Estimate, Sales $934.383M Beat $866.86M Estimate",9.600722044706345,GARMIN LTD,-2.6984935626387596,-3.2485700906404014,-0.47742494622456944,0.29663676396012306,0.7795486410486108,1.7594678236934724
2019-10-23,88837.0,A Closer Look At Insider Sales By Garmin's Chairman,-0.9723158553242683,GARMIN LTD,-0.20792458672076464,11.297215039493036,7.681647000004332,0.4135086201131344,-0.0457362805536321,-0.08000883677349302
2019-10-22,91612.0,Globalstar's Globalstar Europe Satellite Services Unit Reports Orbsat's Global Telesat Communications Surpassed Sale Of 15K SPOT Device Milestone,6.450743228197098,GLOBALSTAR INC,-1.090263295918703,-2.0030424988460416,-3.6511170781238333,3.6363668739795685,6.465519639909578,5.345461818275066
2019-10-17,75906.0,Great Southern Bancorp Late Wednesday Reported Prelim Q3 EPS $1.38,3.3043503761291495,GREAT SOUTHERN BANCORP INC,1.6666630282998085,0.9427568247174944,1.7171659771999526,0.5420552100986242,1.5901087048529217,1.6619494009299185
2019-10-24,91901.0,"GSI Technology Q2 EPS $(0.08) Beats $(0.09) Estimate, Sales $11.74M Miss $12.1M Estimate",-3.2765399664640427,G S I TECHNOLOGY INC,4.33603897690773,5.962060167512728,5.691057755935547,-0.5215118639171124,-1.5483856008565056,0.6596331437101366
2019-10-30,75064.0,GlaxoSmithKline PLC shares are trading higher after the company reported better-than-expected Q3 sales results.,2.354786358773708,G S K PLC,0.3505693515762687,-2.804554799592518,-2.1472383219435676,0.42792484164237976,1.757189623439026,1.2948653544990085
2019-10-30,75064.0,"GlaxoSmithKline Q3 Adj. EPS 38.6 Pence, Pharma Sales £4.5B, Consumer Sales £2.5B, Vaccines Sales £2.3B, Shingrix Sales £535M",2.354786358773708,G S K PLC,0.3505693515762687,-2.804554799592518,-2.1472383219435676,0.42792484164237976,1.757189623439026,1.2948653544990085
2019-10-29,75064.0,GlaxoSmithKline Says Intravenous Benlysta Is First Biologic Treatment To Be Approved For Children With Lupus In Europe,0.42792484164237976,G S K PLC,2.3547863587737083,-0.7176490348568487,-0.15698520055423826,1.3236007653176785,0.8632464667806872,2.6115116507426928
2019-10-24,75064.0,Zai Lab Highlights Recent FDA Approval Of Partner GSK's Zejula For Late-Line Treatment For Women With Recurrent Ovarian Cancer,1.733302511274815,G S K PLC,-0.45434064231812954,4.043613831124571,0.43161893446843624,1.7638757824897766,1.5727746460973746,1.7399522430656456
2019-10-23,75064.0,GlaxoSmithKline Reports FDA Approval Of Added Indication For Zejula For Late-Line Treatment For Women With Recurrent Ovarian Cancer,1.763875782489777,G S K PLC,1.7333025112748146,5.477233548768012,2.519066732798625,-0.1877887756563723,-0.023508872122046665,0.1177283638459592
2019-10-21,75064.0,Bavarian Nordic Announces Acquisition of Two Established Commercial Vaccines from GlaxoSmithKline for ~€796M,0.1645889831706882,G S K PLC,-0.1877887756563723,4.225359489962832,5.704226397870094,0.14127044705674052,0.5912961526168603,0.6150894834835441
2019-10-16,75064.0,New Street Upgrades GlaxoSmithKline to Hold,0.02365346881560981,G S K PLC,0.4493908490985632,2.341536666353128,7.947021646967345,0.2371408510953188,0.2133716346865322,0.04733837292942855
2019-10-11,75064.0,Cantor Fitzgerald Upgrades GlaxoSmithKline to Buy,-0.1656797481700778,G S K PLC,-0.023712983238510787,0.8297735446557652,3.8880971820909105,0.40398803539574146,0.8834740520965223,0.1184816446532233
2019-10-08,75064.0,GlaxoSmithKline Announces 5-Yr Collaboration With Lyell Immunopharma To Develop New Technologies To Improve Cell Therapies For Cancer Patients,-0.7582930848002434,G S K PLC,0.47755674459040165,0.9312306472675003,1.5281742914200924,0.5001168698072433,1.8094088540675735,2.4520566862159754
2019-10-10,91453.0,Global Ship Lease 13G Shows B. Riley Has A 11.90% Passive Stake,-2.4691391736269,GLOBAL SHIP LEASE INC,-2.78481338173151,-5.56962063363351,-6.329113497255879,3.1847193837165833,4.516133847963033,3.5805651647869308
2019-10-11,92619.0,National Bank Financial Initiates Coverage On Gran Tierra Energy with Sector Perform Rating,1.7699098214507099,GRAN TIERRA ENERGY INC,3.4782681614160538,-10.434782829941625,-1.7391284375752214,0.8928562514483929,6.603778741821964,1.8018000575023896
2019-10-03,92619.0,Gran Tierra Energy Appoints Tony Berthelet As COO,-2.564100176095963,GRAN TIERRA ENERGY INC,-0.8771921508014202,-0.8771921509292513,-8.771931618140217,0.0,-6.400003284215927,-8.593751115119153
2019-10-17,91402.0,Chart Industries shares are trading lower after the company reported worse-than-expected Q3 sales results.,0.7821783423423767,CHART INDUSTRIES INC,-1.9908895716071129,-0.4892879338751155,-1.0798034047694305,-0.5916133988648653,-0.7258614199378011,0.8574858224497328
2019-10-17,91402.0,"Chart Industries Q3 EPS $0.77, Inline, Sales $357.8M Miss $381.04M Estimate",0.7821783423423767,CHART INDUSTRIES INC,-1.9908895716071129,-0.4892879338751155,-1.0798034047694305,-0.5916133988648653,-0.7258614199378011,0.8574858224497328
2019-10-08,91402.0,"Morgan Stanley Maintains Overweight on Chart Industries, Lowers Price Target to $90",-2.833937108516693,CHART INDUSTRIES INC,1.6183529049158096,5.210742124293533,5.5486375223053885,-1.4643292874097824,-0.22413975213659842,-1.732043575958342
2019-10-23,62367.0,Getty Realty Q3 AFFO $0.43,0.272975885309279,GETTY REALTY CORP NEW,-1.2704233638942242,1.814877391958425,9.390626054539553e-08,-0.06062581669539213,0.4876557239628543,0.8873957142772504
2019-10-23,62367.0,Getty Realty Raises Qtr. Dividend From $0.35 to $0.37/Share,0.272975885309279,GETTY REALTY CORP NEW,-1.2704233638942242,1.814877391958425,9.390626054539553e-08,-0.06062581669539213,0.4876557239628543,0.8873957142772504
2019-10-29,76135.0,Granite Awarded $25M Airport Taxiway Project In Southern California,-7.695295661687851,GRANITE CONSTRUCTION INC,1.8526338040828705,14.736842015712813,15.410525875663428,-1.9809540361166,-30.271006119939447,-31.258350020651726
2019-10-29,76135.0,Granite Construction Incorporated Announces Proposed Offering Of $200 Million Of Convertible Senior Notes Due 2024,-7.695295661687851,GRANITE CONSTRUCTION INC,1.8526338040828705,14.736842015712813,15.410525875663428,-1.9809540361166,-30.271006119939447,-31.258350020651726
2019-10-28,76135.0,"DA Davidson Downgrades Granite Construction to Neutral, Lowers Price Target to $30",-1.9809540361166,GRANITE CONSTRUCTION INC,-7.695295661687851,4.041977889598036,6.956863563460791,-28.861790895462036,-29.869088906785347,-28.590855781994982
2019-10-25,76135.0,"Granite Construction Q3 Adj. EPS $0.58 Down From $1.43 YoY, Sales $1.088B Miss $1.17B Estimate",-28.861790895462043,GRANITE CONSTRUCTION INC,-1.9809540361166,-3.885715956959024,6.476193636843486,-1.415973249822855,0.3808573716958863,1.6248969296483562
2019-10-22,76135.0,Granite Wins $15M Airfield Improvement Project In North Carolina,1.2393195182085042,GRANITE CONSTRUCTION INC,1.8226386979222298,-35.391726591342874,-25.870507410029287,2.8611959889531136,4.010316661949798,4.519285081126023
2019-10-24,52695.0,"Morgan Stanley Maintains Underweight on W.W. Grainger, Raises Price Target to $281",0.8865666575729847,GRAINGER W W INC,0.6757415365427732,-2.02087347101626,2.2080581167309488,-2.1116580814123154,-1.3700348123743322,0.7610990743758705
2019-10-24,52695.0,"Baird Maintains Neutral on W.W. Grainger, Raises Price Target to $340",0.8865666575729847,GRAINGER W W INC,0.6757415365427732,-2.02087347101626,2.2080581167309488,-2.1116580814123154,-1.3700348123743322,0.7610990743758705
2019-10-24,52695.0,"Buckingham Maintains Neutral on W.W. Grainger, Raises Price Target to $329",0.8865666575729847,GRAINGER W W INC,0.6757415365427732,-2.02087347101626,2.2080581167309488,-2.1116580814123154,-1.3700348123743322,0.7610990743758705
2019-10-23,52695.0,W. W. Grainger shares are trading lower after the company reported worse-than-expected Q3 EPS and sales results.,-2.111658081412315,GRAINGER W W INC,0.8865666575729847,-0.6593258584453809,2.822944346053058,0.7576216477900743,2.9347285892097563,2.716097898814973
2019-10-23,52695.0,"Grainger Reaffirms FY19 Guidance: EPS $17.10-$18.70 vs $17.54 Estimate, Sales Growth 2-5% Year Over Year",-2.111658081412315,GRAINGER W W INC,0.8865666575729847,-0.6593258584453809,2.822944346053058,0.7576216477900743,2.9347285892097563,2.716097898814973
2019-10-23,52695.0,"W.W. Grainger Q3 Adj. EPS $4.26 Misses $4.4 Estimate, Sales $2.947B Miss $2.95B Estimate",-2.111658081412315,GRAINGER W W INC,0.8865666575729847,-0.6593258584453809,2.822944346053058,0.7576216477900743,2.9347285892097563,2.716097898814973
2019-10-10,52695.0,"JP Morgan Maintains Neutral on W.W. Grainger, Raises Price Target to $301",1.662030816078186,GRAINGER W W INC,5.711621046066284,7.630494071482152,9.178760933434438,0.6378637626767159,-1.7233660299388553,-2.479310895149256
2019-10-08,52695.0,"Buckingham Maintains Neutral on W.W. Grainger, Raises Price Target to $325",-2.346263825893402,GRAINGER W W INC,0.6378637626767159,8.912432563279559,13.108185873593726,-0.7692010141909122,0.09698940050737459,0.6233054292559048
2019-10-30,93098.0,"Hyatt Hotels Q3 EPS $0.37 Beats $0.29 Estimate, Adj. EBITDA $163M",0.3015781054273248,HYATT HOTELS CORP,2.1456876769661903,6.888070213159825,3.5670364750196804,-0.2188533078879118,-0.8022898472620388,0.5374854129600815
2019-10-18,93098.0,"Wells Fargo Maintains Market Perform on Hyatt Hotels, Lowers Price Target to $76",0.1000996679067612,HYATT HOTELS CORP,1.900002546608448,5.057144110972001,7.614288168454797,-0.0571686658076942,-0.8788132458044884,-0.5687495197669645
2019-10-23,81666.0,"Deutsche Bank Earlier Maintained Sell on Hawaiian Holdings, Raised Price Target to $28",-7.10255354642868,HAWAIIAN HOLDINGS INC,-1.6434408724308014,1.1432643302784928,9.431937719785344,2.2395651787519455,6.01688630802415,3.5395146075160033
2019-10-22,81666.0,Hawaiian Holdings shares are trading lower after the company reported Q3 earnings results.,2.239565178751945,HAWAIIAN HOLDINGS INC,-7.10255354642868,-6.770657183716688,0.13276119680343257,3.694578632712364,1.2714739411217924,-0.2369722586750611
2019-10-22,81666.0,"Hawaiian Holdings Q3 EPS $1.7 Beats $1.65 Estimate, Sales $755.151M Beat $753.69M Estimate",2.239565178751945,HAWAIIAN HOLDINGS INC,-7.10255354642868,-6.770657183716688,0.13276119680343257,3.694578632712364,1.2714739411217924,-0.2369722586750611
2019-10-10,81666.0,"Morgan Stanley Maintains Underweight on Hawaiian Holdings, Raises Price Target to $23",0.8002885617315769,HAWAIIAN HOLDINGS INC,-0.6856681313365698,5.016244515056734,-0.6495790446322536,1.8336689099669456,9.04403352808072,6.964976791297373
2019-10-08,81666.0,"Bank of America Maintains Underperform on Hawaiian Holdings, Raises Price Target to $25",7.080531120300293,HAWAIIAN HOLDINGS INC,1.8336689099669456,5.575103333994558,11.613255192969007,-1.9066212698817253,-1.2534336133104618,-3.520857626470575
2019-10-07,81666.0,Hawaiian Holdings Reports Total September Traffic Up 3%,-1.9066212698817249,HAWAIIAN HOLDINGS INC,7.080531120300293,12.455380902119018,16.89805825399373,0.6658835336565971,-1.6456119439315686,-3.4197662243951266
2019-10-30,15037.0,"'It's A Strange Time': A Q&A With Censys, An Ann Arbor-Based Internet Security Company",2.100081369280815,E T F MANAGERS TRUST,-0.7618060801178217,1.2442810064325016,4.215337210415693,0.3642971394583583,0.5736668362203767,0.8629654802127629
2019-10-30,15037.0,Another Cybersecurity ETF Arrives,2.100081369280815,E T F MANAGERS TRUST,-0.7618060801178217,1.2442810064325016,4.215337210415693,0.3642971394583583,0.5736668362203767,0.8629654802127629
2019-10-22,88865.0,Hanmi Financial Q3 EPS $0.4 Misses $0.47 Estimate,1.549978274852037,HANMI FINANCIAL CORP,-3.4736834466457367,0.1578985320976889,6.129828602877807,1.7400745302438736,1.850834131318413,2.7457442528282305
2019-10-03,80167.0,"Hain Celestial Shares Unaffected Amid Report 'Buyout firm PAI Partners bakes bid for Hain Daniels Group, the food company behind Mary Berry-branded desserts, Linda McCartney, Robertson's marmalade, Sun-Pat and Gale's honey'",0.951682310551405,HAIN CELESTIAL GROUP INC,0.0966906372923404,-2.248006626193344,8.387723648007995,-2.2423632442951202,-4.586731495756046,-4.8746568991670625
2019-10-30,23819.0,Halliburton shares are trading lower. Not seeing any news to justify the price action.,-4.612358659505844,HALLIBURTON CO,-0.9773689322173595,5.96707698895238,6.069959941233183,0.3940883092582226,-0.4882831035108559,2.3606194264166103
2019-10-23,23819.0,UPDATE: Argus Downgrades Haliburton To Hold As Firm Expects Co.'to face pressure from rising crude oil inventories and moderating global demand' to face pressure from rising crude oil',1.5577862970530991,HALLIBURTON CO,-1.4844099059700966,-3.8099881043720196,1.9297439611225764,1.4788322150707245,7.976121783849743,7.509450711454502
2019-10-23,23819.0,Argus Research Downgrades Halliburton to Hold,1.5577862970530991,HALLIBURTON CO,-1.4844099059700966,-3.8099881043720196,1.9297439611225764,1.4788322150707245,7.976121783849743,7.509450711454502
2019-10-22,23819.0,"Cowen & Co. Maintains Outperform on Halliburton, Lowers Price Target to $27",1.478832215070724,HALLIBURTON CO,1.5577862970530987,2.4120581526539286,5.778892443722605,6.402605772018433,5.942735410674316,7.1584774918092675
2019-10-22,23819.0,"Stifel Maintains Buy on Halliburton, Lowers Price Target to $26",1.478832215070724,HALLIBURTON CO,1.5577862970530987,2.4120581526539286,5.778892443722605,6.402605772018433,5.942735410674316,7.1584774918092675
2019-10-22,23819.0,"RBC Capital Maintains Outperform on Halliburton, Lowers Price Target to $23",1.478832215070724,HALLIBURTON CO,1.5577862970530987,2.4120581526539286,5.778892443722605,6.402605772018433,5.942735410674316,7.1584774918092675
2019-10-21,23819.0,"Halliburton Co shares are trading higher after the company reported Q3 earnings. From the conference call, the company said it sees more international sales and margin growth opportunities in FY20.",6.402605772018433,HALLIBURTON CO,1.4788322150707245,3.518605936828223,7.445175896697109,-0.4321984015405178,0.7103883540318545,-1.44385266034055
2019-10-21,23819.0,"From Halliburton Q3 Earnings Conference Call: Further Improvement In Receivables, Draw Down On Inventory In Q4 Will Allow Co. To Generate ~$1B Of Free Cash Flow For FY19",6.402605772018433,HALLIBURTON CO,1.4788322150707245,3.518605936828223,7.445175896697109,-0.4321984015405178,0.7103883540318545,-1.44385266034055
2019-10-21,23819.0,From Halliburton Q3 Earnings Conference Call: Will Keep Cutting Costs In North American Operations,6.402605772018433,HALLIBURTON CO,1.4788322150707245,3.518605936828223,7.445175896697109,-0.4321984015405178,0.7103883540318545,-1.44385266034055
2019-10-21,23819.0,"From Halliburton Q3 Earnings Conference Call: Sees More Int'l. Sales, Margin Growth Opportunities During FY20 From Mature Fields, Shallow Water Markets",6.402605772018433,HALLIBURTON CO,1.4788322150707245,3.518605936828223,7.445175896697109,-0.4321984015405178,0.7103883540318545,-1.44385266034055
2019-10-21,23819.0,"Halliburton Q3 EPS $0.34, Inline, Sales $5.55B Miss $5.83B Estimate",6.402605772018433,HALLIBURTON CO,1.4788322150707245,3.518605936828223,7.445175896697109,-0.4321984015405178,0.7103883540318545,-1.44385266034055
2019-10-18,23819.0,Halliburton shares are trading higher after Citigroup maintained its Buy rating on the stock.,-0.4321984015405178,HALLIBURTON CO,6.402605772018433,11.123164267461272,9.007052375931291,1.1475464329123497,-1.0160455916058742,-1.3326225873952602
2019-10-18,23819.0,"Citigroup Maintains Buy on Halliburton, Lowers Price Target to $25",-0.4321984015405178,HALLIBURTON CO,6.402605772018433,11.123164267461272,9.007052375931291,1.1475464329123497,-1.0160455916058742,-1.3326225873952602
2019-10-14,23819.0,Borderlands: Halliburton Lays Off 650 Workers; DHL Expands El Paso Freight Operations,-1.002641301602125,HALLIBURTON CO,-0.31982657965272665,4.530918588887278,8.208949696176937,2.8214890509843826,3.721950058520296,3.8356205456846704
2019-10-09,23819.0,"Halliburton Cutting 650 Oilfield Services Jobs Across Colorado, Wyoming, New Mexico, Dakota, Says Cutting 650 Oilfield Services Jobs Across Colorado, Wyoming, New Mexico, Dakotas",0.1095915446057916,HALLIBURTON CO,0.8757517673075199,0.16419687554025675,10.618492166512183,-0.5991318263113499,-1.6172466412321507,-2.092271465803497
2019-10-08,23819.0,"Morgan Stanley Maintains Overweight on Halliburton, Lowers Price Target to $30",-0.5991318263113499,HALLIBURTON CO,0.10959154460579157,2.4657575254046993,9.041093468488114,-1.0242514312267303,-1.502139434922345,1.0456825467473285
2019-10-30,52978.0,"Leading The Way? Analysts Not Yet Ready To Buy Mattel Despite Earnings Beat, Stock Surge",0.6589634343981743,HASBRO INC,-1.3092993758618832,-3.7940587517537816,-4.666261630682911,2.0695364102721214,2.739295048938706,2.579030383655123
2019-10-29,52978.0,"Hasbro's Wizards Of The Coast Subsidiary Acquires Digital Game Development Studio Tuque Games, Terms Not Disclosed",2.069536410272121,HASBRO INC,0.6589634343981743,-2.2106856764719574,-3.6296968405655328,0.656178779900074,0.49916360091524226,-2.776662162852772
2019-10-28,52978.0,"KeyBanc Maintains Overweight on Hasbro, Lowers Price Target to $110",0.656178779900074,HASBRO INC,2.0695364102721214,1.8033141277110865,-0.47865867584537813,-0.1559915952384472,-3.4104622134119245,-4.009192910738824
2019-10-24,52978.0,Hasbro shares are trading lower on seemingly no company-specific news.,-3.2595552504062653,HASBRO INC,-0.1559915952384472,1.9030717628414573,-0.2960476931359368,-0.6198711693286896,-17.27696464809123,-18.497865638657906
2019-10-23,52978.0,Hasbro CEO Defends Company After Post-Earnings Sell-Off,-0.6198711693286896,HASBRO INC,-3.2595552504062653,-0.11066471975264003,-3.900524787021553,-16.760990023612976,-17.989506231965755,-18.27763874830182
2019-10-23,52978.0,"SunTrust Robinson Humphrey Maintains Hold on Hasbro, Lowers Price Target to $102",-0.6198711693286896,HASBRO INC,-3.2595552504062653,-0.11066471975264003,-3.900524787021553,-16.760990023612976,-17.989506231965755,-18.27763874830182
2019-10-23,52978.0,"BMO Capital Maintains Market Perform on Hasbro, Lowers Price Target to $90",-0.6198711693286896,HASBRO INC,-3.2595552504062653,-0.11066471975264003,-3.900524787021553,-16.760990023612976,-17.989506231965755,-18.27763874830182
2019-10-22,52978.0,From Hasbro Q3 Earnings Conference Call: Some Of Our Games Were Tariffed As Part Of List 3 Tariffs,-16.76099002361298,HASBRO INC,-0.6198711693286896,-1.3797214847063977,-3.559905855940748,-1.4758899807929993,-1.8220408016854983,-1.500118239718895
2019-10-22,52978.0,From Hasbro Q3 Earnings Conference Call: Co. On Track To Achieve Target To Source 50% For US Out Of China By Year End 2020,-16.76099002361298,HASBRO INC,-0.6198711693286896,-1.3797214847063977,-3.559905855940748,-1.4758899807929993,-1.8220408016854983,-1.500118239718895
2019-10-22,52978.0,"Hasbro Shares Fall On Q3 Earnings, Sales Miss",-16.76099002361298,HASBRO INC,-0.6198711693286896,-1.3797214847063977,-3.559905855940748,-1.4758899807929993,-1.8220408016854983,-1.500118239718895
2019-10-22,52978.0,Hasbro shares are trading lower after the company reported worse-than-expected Q3 EPS and sales results.,-16.76099002361298,HASBRO INC,-0.6198711693286896,-1.3797214847063977,-3.559905855940748,-1.4758899807929993,-1.8220408016854983,-1.500118239718895
2019-10-22,52978.0,"Hasbro Q3 Adj. EPS $1.84 Misses $2.21 Estimate, Sales $1.58B Miss $1.72B Estimate",-16.76099002361298,HASBRO INC,-0.6198711693286896,-1.3797214847063977,-3.559905855940748,-1.4758899807929993,-1.8220408016854983,-1.500118239718895
2019-10-17,52978.0,Entertainment One Shareholders Vote To Approve Acquisition By Hasbro,0.3278969787061214,HASBRO INC,-0.3513361560180783,-21.431485583099185,-19.936270370747124,0.024597227456979454,0.9015685249466721,0.5771266812141462
2019-10-08,52978.0,"UBS Maintains Neutral on Hasbro, Raises Price Target to $117",-0.8244102820754051,HASBRO INC,1.2597491033375263,4.516236700824039,-14.285718230385536,-0.490522850304842,0.9090953915313005,2.037989896392367
2019-10-01,52978.0,"Stifel Nicolaus Maintains Hold on Hasbro, Raises Price Target to $111",-1.339627522975206,HASBRO INC,-1.528608798980713,-0.35012464003228994,4.150299603299978,-0.1094068749807775,1.0988082367968,-0.1009974907143163
2019-10-30,13843.0,Hannon Armstrong Q3 EPS $0.38 Beats $0.35 Estimate,1.016601920127869,HANNON ARMSTRONG SUST INFRA CAP,0.1677327905781567,-0.8386447382340179,-4.226770376016232,0.5108978599309921,1.2349935232511822,-0.706591810117041
2019-10-25,42906.0,"Raymond James Maintains Outperform on Huntington Bancshares, Raises Price Target to $16",1.082022581249475,HUNTINGTON BANCSHARES INC,0.6906103808432817,-0.9668467198653774,3.453038651146989,-1.0020763613283634,-0.7276541018931271,-0.2437314996195039
2019-10-25,42906.0,Bank of America Downgrades Huntington Bancshares to Neutral,1.082022581249475,HUNTINGTON BANCSHARES INC,0.6906103808432817,-0.9668467198653774,3.453038651146989,-1.0020763613283634,-0.7276541018931271,-0.2437314996195039
2019-10-24,42906.0,Huntington Bancshares Q3 EPS $0.34 Beats $0.33 Estimate,-1.002076361328363,HUNTINGTON BANCSHARES INC,1.0820225812494755,-1.361254491544528,4.572423890341137,0.2772000152617693,0.7660209768405979,1.9732254939352156
2019-10-17,42906.0,"Huntington Appoints Zachary J. Wasserman As SVP And CFO Effective November 04, 2019",-0.1408415846526623,HUNTINGTON BANCSHARES INC,0.07051674765534699,1.0225635333789285,-0.3526106501926307,-0.3159008454531431,1.2116897889231426,1.5010724733677927
2019-10-29,92810.0,"Home Bancorp Q2 EPS $0.71 Misses $0.76 Estimate, Sales $21.875M Beat $21.58M Estimate",-0.35796314477920527,HOME BANCORP INC,1.898891106247902,0.9751021439618812,-0.23153372076127887,0.12800623662769794,0.30776847573970034,-0.025558084853227747
2019-10-31,91416.0,Hanesbrands shares are trading lower after the company narrowed its Q4 sales guidance on the lower end of analyst estimates.,-5.115412548184395,HANESBRANDS INC,1.775144599378109,5.128203248432084,1.2112473239094923,-0.12460156576707959,0.12492477422385573,0.8810594169859076
2019-10-31,91416.0,"Hanesbrands Sees Q4 Adj. EPS $0.48-$0.54 vs $0.49 Est., Sales $1.719B-$1.769B vs $1.75B Est.; Narrows FY19 Adj. EPS Guidance From $1.72-$1.80 To $1.740-$1.80 vs $1.75 Est., Narrows Sales Guidance From $6.885B-$6.985B To $6.935B-$6.985B vs $6.96B Est.",-5.115412548184395,HANESBRANDS INC,1.775144599378109,5.128203248432084,1.2112473239094923,-0.12460156576707959,0.12492477422385573,0.8810594169859076
2019-10-31,91416.0,"Hanesbrands Q3 Adj. EPS $0.54, Inline, Sales $1.87B Beat $1.86B Estimate",-5.115412548184395,HANESBRANDS INC,1.775144599378109,5.128203248432084,1.2112473239094923,-0.12460156576707959,0.12492477422385573,0.8810594169859076
2019-10-18,91416.0,HanesBrands shares are trading lower after Credit Suisse lowered the company's Q3 and Q4 EPS and sales growth estimates. Credit Suisse also lowered the company's FY20 EPS and sales growth estimates.,-3.8510140031576157,HANESBRANDS INC,2.757715620100498,4.333557469955385,1.6414967990276308,2.2595247253775597,2.457956701293895,3.3942588473568236
2019-10-23,11565.0,Horizon Bancorp Q3 EPS $0.46 Up From $0.32 YoY,0.1694846199825406,HORIZON BANCORP INC,2.7072733268141747,3.722503533231203,6.486179730944297,-0.05645579658448696,1.20069175016293,1.6657146138237655
2019-10-30,12622.0,"Baird Maintains Outperform on HCA Healthcare, Raises Price Target to $160",-0.1629759324714541,H C A HEALTHCARE INC,-0.912674143910408,0.07419369769514628,-0.28196546193384187,6.4002543687820435,6.905843986043747,7.992004480377268
2019-10-30,12622.0,"UBS Maintains Buy on HCA Healthcare, Raises Price Target to $168",-0.1629759324714541,H C A HEALTHCARE INC,-0.912674143910408,0.07419369769514628,-0.28196546193384187,6.4002543687820435,6.905843986043747,7.992004480377268
2019-10-29,12622.0,HCA Healthcare shares are trading higher after the company reported better-than-expected Q3 EPS and sales results.,6.4002543687820435,H C A HEALTHCARE INC,-0.16297593247145414,-0.48152388541424784,0.11111481812295931,0.4751770757138729,1.4960021675119561,1.2934153371684687
2019-10-29,12622.0,"HCA Healthcare Sees FY19 EPS $10.30-$10.65 vs $10.37 Est., Sales $50B-$51.5B vs $50.96B Est.",6.4002543687820435,H C A HEALTHCARE INC,-0.16297593247145414,-0.48152388541424784,0.11111481812295931,0.4751770757138729,1.4960021675119561,1.2934153371684687
2019-10-29,12622.0,"HCA Healthcare Q3 Adj. EPS $2.23 Beats $2.13 Estimate, Sales $12.69B Beat $12.5B Estimate",6.4002543687820435,H C A HEALTHCARE INC,-0.16297593247145414,-0.48152388541424784,0.11111481812295931,0.4751770757138729,1.4960021675119561,1.2934153371684687
2019-10-31,16653.0,"Warrior Met Coal shares trading lower following Q3 results: adjusted EPS $0.79 vs $0.89 estimate, sales $287.5 million. The company also reaffirmed FY19 guidance.",-10.80586388707161,WARRIOR MET COAL INC,4.363451898097992,-0.770018566033337,-6.570835786469209,-4.960833117365837,-4.336398642834716,-2.018845948857395
2019-10-16,92588.0,"Heritage-Crystal Clean Q3 Adj. EPS $0.28 Misses $0.31 Estimate, Sales $104.84M Beat $104.06M Estimate",0.6097555160522461,HERITAGE CRYSTAL CLEAN INC,2.272728830575943,-1.515150008874111,1.818180195884822,0.5749314557760954,1.9425019476220218,1.7054284750256166
2019-10-23,41292.0,"Benchmark Reiterates Buy on Healthcare Services Group, Lowers Price Target to $34",-8.213866502046585,HEALTHCARE SERVICES GROUP INC,-0.5065463948994875,3.756856749838322,6.036303399740772,2.828681655228138,2.0359731668996295,4.198623341321883
2019-10-22,41292.0,"Healthcare Services Group Q3 EPS $0.25 Misses $0.28 Estimate, Sales $455.606M Beat $451.31M Estimate; Raises Qtr. Dividend From $0.1988 To $0.20/Share",2.828681655228138,HEALTHCARE SERVICES GROUP INC,-8.213866502046585,-4.106933221924713,-0.8523799525948283,-0.7709021214395761,1.332256393879483,2.2403305594137723
2019-10-08,66181.0,"Raymond James Assumes Home Depot at Outperform, Announces $250 Price Target",-0.03087559307459742,HOME DEPOT INC,1.0014577768743038,3.9484701022565183,4.645519457678371,-0.5220844876021147,-0.030859309948794156,0.5276003069374591
2019-10-21,89056.0,HDFC Bank shares are trading higher. Not seeing any company-specific news to justify price action.,2.698442153632641,H D F C BANK LTD,0.2900497755035758,2.52516560491185,5.169764134943966,-1.0918562300503254,-0.4535184287506322,0.07014014839870075
2019-10-04,89056.0,"Top 10 Most Oversold Stocks Via Benzinga Pro's Screener Tool For Fri., October 04, 2019",-4.165216535329819,H D F C BANK LTD,1.0684536769986153,1.4849685864030349,3.3502324801482963,2.0364753901958466,0.34831197942031267,0.9991230035053089
2019-10-24,13328.0,Turtle Beach 13G From Morgan Stanley Shows 5% Stake,-0.7985816337168217,TURTLE BEACH CORP,1.4311255887150764,-2.68336489623231,-10.554564505477925,0.9856685996055603,-3.6752081348740084,-3.1786930450552697
2019-10-24,91080.0,"H&E Equipment Services Q3 EPS $0.79 Beats $0.68 Estimate, Sales $352.997M Beat $341.41M Estimate",4.513999819755554,H & E EQUIPMENT SERVICES INC,9.678441286087036,6.998736731008415,17.559904404496685,0.09894685354083776,1.6069619519730516,2.98609124711795
2019-10-09,41452.0,"UPDATE: Bank Of America Reiterates Buy On Helen Of Troy, Raises Target To $175 'based on an unchanged 19x target P/E on our higher CY20e EPS, a premium to HELE's historical multiple but still well below large-cap HPC average'",-3.111262992024422,HELEN OF TROY LTD,3.024243377149105,5.481011495830934,4.593100513103976,-2.895547077059746,-3.3749962206146455,-2.834513588602683
2019-10-09,41452.0,"Bank of America Maintains Buy on Helen Of Troy, Raises Price Target to $175",-3.111262992024422,HELEN OF TROY LTD,3.024243377149105,5.481011495830934,4.593100513103976,-2.895547077059746,-3.3749962206146455,-2.834513588602683
2019-10-08,41452.0,Helen Of Troy Trades Lower Despite Q2 Earnings Beat,-2.8955470770597462,HELEN OF TROY LTD,-3.1112629920244217,-0.16818227048196466,1.849935726394647,-0.4937457852065563,0.0628534393839697,2.6300533112330493
2019-10-08,41452.0,Helen Of Troy Sees FY20 Adj. EPS $8.50-$8.75 vs $8.53 Est.,-2.8955470770597462,HELEN OF TROY LTD,-3.1112629920244217,-0.16818227048196466,1.849935726394647,-0.4937457852065563,0.0628534393839697,2.6300533112330493
2019-10-08,41452.0,"Helen Of Troy Q2 Adj. EPS $2.24 Beats $1.96 Estimate, Sales $414M Beat $391.85M Estimate",-2.8955470770597462,HELEN OF TROY LTD,-3.1112629920244217,-0.16818227048196466,1.849935726394647,-0.4937457852065563,0.0628534393839697,2.6300533112330493
2019-10-07,41452.0,"DA Davidson Maintains Buy on Helen Of Troy, Raises Price Target to $184",-0.4937457852065563,HELEN OF TROY LTD,-2.895547077059746,-3.4294369672069336,0.35173516570701224,0.559361046180129,3.139299254192207,1.5808555054765305
2019-10-30,90253.0,Holly Energy Partners Q3 EPS $0.78 May Not Compare To $0.44 Estimate,2.293166518211365,HOLLY ENERGY PARTNERS L P,0.43956213630735874,1.5384632568978152,0.5274762434642755,-0.7142850663512945,-2.155740337673029,-2.685925353206997
2019-10-17,90253.0,"Holly Energy Partners Says Expects To Hold 2019, 2020 Qtr. Distribution At $0.6725/Unit",-2.027652226388454,HOLLY ENERGY PARTNERS L P,8.795855939388275,10.677330744033252,10.658751786456232,-1.1389520950615406,-1.1389520950615406,-2.340227520561977
2019-10-17,90253.0,"UBS Maintains Neutral on Holly Energy Partners, Lowers Price Target to $22",-2.027652226388454,HOLLY ENERGY PARTNERS L P,8.795855939388275,10.677330744033252,10.658751786456232,-1.1389520950615406,-1.1389520950615406,-2.340227520561977
2019-10-28,12487.0,Home Federal Bancorp Q1 EPS $0.68 Up From $0.63 YoY,-2.074076421558857,HOME FEDERAL BANCORP INC LA,1.361575722694397,-0.18153569013791282,11.195161480188709,2.1798402070999146,2.2727271888466793,1.1235954109075186
2019-10-24,85731.0,"Heritage Financial Q3 EPS $0.48 Beats $0.47 Estimate, Sales $58.701M Miss $59.18M Estimate",-2.56040059030056,HERITAGE FINANCIAL CORP WA,1.1102857999503613,1.8874915419208271,7.564712017073982,0.28933065477758646,1.3966761081007917e-08,1.6123071454823945
2019-10-21,12373.0,Howard Hughes Corporation Announces Transformation Plan And Leadership Changes Following Conclusion Of Strategic Review Process; Co. To Sell $2B In Non-Core Assets. Reduce Overhead Expenses By $45M-$50M per Annum And Grow MPC Assets,1.9455289468169208,HOWARD HUGHES CORP,-15.859173238277435,-12.213745383563534,-13.46783524088966,0.4146372899413109,0.1590685893491539,0.5910998011102508
2019-10-01,92597.0,"DA Davidson Reiterates Buy, $43 Target On Hillenbrand As Firm Notes 'Near-record PEG backlog, strong forward looking large polyolefin project funnel and healthy parts demand should drive L/MSD organic growth for this segment through FY20'",-3.011653013527393,HILLENBRAND INC,-2.6377325877547264,-5.943240877253575,0.20033212693635338,-1.2472059577703476,0.5208328319558975,0.0972407616421922
2019-10-22,82775.0,The Hartford Financial Services shares are trading lower. Not seeing any news to justify the price action.,-3.781791031360626,HARTFORD FINANCIAL SVCS GRP INC,0.6434764247387648,-1.199997569362854,5.026086011602704,1.2881327420473099,1.927336239400046,1.4600963958766977
2019-10-17,82775.0,Evercore ISI Group Upgrades Hartford Financial Servs to Outperform,-0.458404840901494,HARTFORD FINANCIAL SVCS GRP INC,0.631074421107769,-1.9443958418334906,-2.6436962570293376,-0.9917635470628738,-0.4563066524284842,0.4433869917294775
2019-10-22,80688.0,Highwoods Properties Q3 FFO $0.83 Down From $0.86 YoY; Narrows FY19 FFO Guidance From $3.32-$3.38 To $3.31-$3.33,-0.13538216007873421,HIGHWOODS PROPERTIES INC,0.5422541406005621,3.999097467511703,5.219162779625108,0.6129408720880747,0.43054296784348356,1.1410314985411452
2019-10-11,32651.0,"B. Riley Maintains Neutral on Hecla Mining, Lowers Price Target to $1.8",-4.020102694630623,HECLA MINING CO,-1.570679247379303,4.18848417197526,9.947641284883545,1.0152274742722511,-0.9950238804377509,3.108811805152878
2019-10-07,32651.0,Hecla Mining Q3 Silver Production Up 31% YoY,0.5208328366279602,HECLA MINING CO,4.1450802236795425,-2.590671112610554,1.5544092261887243,1.5873000025749207,-0.5181343217548928,4.347821633339866
2019-10-28,81621.0,Harmonic shares are trading higher after the company reported better-than-expected Q3 EPS and sales results. The company also issued Q4 sales guidance above analyst estimates.,3.9246469736099243,HARMONIC INC,17.52266436815262,20.09063426568085,20.543809675344725,-0.15674339374527335,-1.5455936138534687,-2.896342330779156
2019-10-28,81621.0,"Harmonic Sees Q4 Adj. EPS $0.03-$0.11 vs $0.04 Est., Sales $108M-$118M vs $105.76M Estl Sees FY19 Adj. EPS $0.20-$0.29 vs $0.17 Est., Sales $389M-$399M vs $385.59M Est.",3.9246469736099243,HARMONIC INC,17.52266436815262,20.09063426568085,20.543809675344725,-0.15674339374527335,-1.5455936138534687,-2.896342330779156
2019-10-28,81621.0,"Harmonic Q3 Adj. EPS $0.25 Beats $0.21 Estimate, Sales $115.7M Beat $114.84M Estimate",3.9246469736099243,HARMONIC INC,17.52266436815262,20.09063426568085,20.543809675344725,-0.15674339374527335,-1.5455936138534687,-2.896342330779156
2019-10-24,14338.0,"Deutsche Bank Maintains Hold on Hilton Worldwide Holdings, Lowers Price Target to $93",1.190359238535166,HILTON WORLDWIDE HOLDINGS INC,0.8048691786825657,0.05158952525161631,2.2391874573866932,5.554935708642006,3.6584018030038523,5.068562999826409
2019-10-24,14338.0,"Barclays Maintains Equal-Weight on Hilton Worldwide Holdings, Raises Price Target to $100",1.190359238535166,HILTON WORLDWIDE HOLDINGS INC,0.8048691786825657,0.05158952525161631,2.2391874573866932,5.554935708642006,3.6584018030038523,5.068562999826409
2019-10-24,14338.0,"Nomura Maintains Buy on Hilton Worldwide Holdings, Lowers Price Target to $115",1.190359238535166,HILTON WORLDWIDE HOLDINGS INC,0.8048691786825657,0.05158952525161631,2.2391874573866932,5.554935708642006,3.6584018030038523,5.068562999826409
2019-10-23,14338.0,Hilton Worldwide shares are trading higher after the company reported better-than-expected Q3 EPS and sales results.,5.554935708642006,HILTON WORLDWIDE HOLDINGS INC,1.1903592385351658,1.61846411339579,3.967842946081923,-1.7967268824577332,-0.46077685098318,-1.594353080836719
2019-10-23,14338.0,"Hilton Worldwide Holdings Sees Q4 Adj. EPS $0.91-$0.96 vs $0.99 Est., Sees FY19 Adj. EPS $3.81-$3.86 vs $3.87 Est.",5.554935708642006,HILTON WORLDWIDE HOLDINGS INC,1.1903592385351658,1.61846411339579,3.967842946081923,-1.7967268824577332,-0.46077685098318,-1.594353080836719
2019-10-23,14338.0,"Hilton Worldwide Holdings Q3 Adj. EPS $1.05 Beats $1.02 Estimate, Sales $2.4B Beat $2.38B Estimate",5.554935708642006,HILTON WORLDWIDE HOLDINGS INC,1.1903592385351658,1.61846411339579,3.967842946081923,-1.7967268824577332,-0.46077685098318,-1.594353080836719
2019-10-18,14338.0,"Wells Fargo Maintains Market Perform on Hilton Worldwide Holdings, Lowers Price Target to $95",-1.138823665678501,HILTON WORLDWIDE HOLDINGS INC,1.3603925704956055,7.174987271626776,5.660994019656984,0.0,0.5891263950616121,0.7319984347799124
2019-10-17,14338.0,"BMO Capital Initiates Coverage On Hilton Worldwide Holdings with Outperform Rating, Announces $104 Price Target",0.0,HILTON WORLDWIDE HOLDINGS INC,-1.1388236656785011,5.108467493846014,5.162692453225337,0.5891263950616121,0.7319984347799124,-1.31649726710521
2019-10-11,14338.0,Hilton Worldwide shares are trading higher in sympathy with the overall market after President Trump made positive remarks on the U.S.-China trade talks. Trump is scheduled to meet with Chinese Vice Premier Liu He at the White House today.,2.053519524633884,HILTON WORLDWIDE HOLDINGS INC,-2.0336097106337547,-2.440328350347909,4.559565672755506,0.05464814603328705,0.937162208152098,0.6043989448913045
2019-10-23,59555.0,'Honda Launches e:Technology Brand: Announces Accelerated EV Strategy',0.2629590220749378,HONDA MOTOR LTD,0.5245387088507414,2.7351049260673443,3.6717852058101075,-0.3742458065971732,-0.2622693755561678,-0.6716358484511131
2019-10-21,59555.0,CLSA Downgrades Honda Motor Co to Outperform,0.11239707237109539,HONDA MOTOR LTD,-0.3742458065971732,1.8338314322546845,3.592817961559125,-0.4104429390281439,-0.4847097849451809,-0.3360722681387207
2019-10-08,59555.0,Honda Subsidiary Acquires Startup Drivemode For Undisclosed Amount,-1.6028141602873798,HONDA MOTOR LTD,1.787845604121685,6.396506046886885,5.760829238151777,-1.4258220791816711,-0.5829756400316133,-0.505636626675332
2019-10-08,59555.0,Honda Acquires Drivemode; Terms Not Disclosed,-1.6028141602873798,HONDA MOTOR LTD,1.787845604121685,6.396506046886885,5.760829238151777,-1.4258220791816711,-0.5829756400316133,-0.505636626675332
2019-10-24,77120.0,Horace Mann Announces New Organizational Structure,-1.241129357367754,HORACE MANN EDUCATORS CORP NEW,-0.9201073087751865,-2.2441649772291905,-2.648115354370839,-0.04430761619005352,-1.0526306172032762,0.5347545609368565
2019-10-23,42439.0,HNI Corp Narrows FY19 EPS From $2.50-$2.70 To $2.50-$2.60,0.052288779988884926,H N I CORP,0.7577761076390743,1.2281191954457205,3.370788832574223,1.2172508053481579,2.9332619747705957,3.378378362700052
2019-10-23,42439.0,"HNI Q3 EPS $1.08 Beats $1.07 Estimate, Sales $625.4M Miss $640.3M Estimate",0.052288779988884926,H N I CORP,0.7577761076390743,1.2281191954457205,3.370788832574223,1.2172508053481579,2.9332619747705957,3.378378362700052
2019-10-23,70033.0,Leaks on Harley-Davidson Electric Bicycles Reveal New Details,-1.198800001293421,HARLEY DAVIDSON INC,-2.047526091337204,1.4408485151670813,-2.578363080487367,7.982736825942993,9.488654974688115,9.100817331101396
2019-10-22,70033.0,Harley-Davidson Says Q4 Motorcycle Operating Margin As A Percent Of Revenue To Be A Loss Of Approximately 5.5%,7.982736825942993,HARLEY DAVIDSON INC,-1.1988000012934208,1.098897706000157,-1.473526869152364,1.394591573625803,1.0354252337210434,1.4223206753046336
2019-10-22,70033.0,Harley-Davidson shares are trading higher after the company reported better-than-expected Q3 EPS and sales results. The company also showed international retail sales up 2.7%.,7.982736825942993,HARLEY DAVIDSON INC,-1.1988000012934208,1.098897706000157,-1.473526869152364,1.394591573625803,1.0354252337210434,1.4223206753046336
2019-10-22,70033.0,Harley-Davidson Trades Higher On Q3 Earnings Beat,7.982736825942993,HARLEY DAVIDSON INC,-1.1988000012934208,1.098897706000157,-1.473526869152364,1.394591573625803,1.0354252337210434,1.4223206753046336
2019-10-22,70033.0,"Harley-Davidson International Retail Sales Up 2.7%, US Retail Sales Down 3.6%",7.982736825942993,HARLEY DAVIDSON INC,-1.1988000012934208,1.098897706000157,-1.473526869152364,1.394591573625803,1.0354252337210434,1.4223206753046336
2019-10-22,70033.0,"Harley-Davidson Q3 Adj. EPS $0.70, GAAP EPS $0.55 vs $0.51 Estimate, Sales $1.97B Beat $1.04B Estimate",7.982736825942993,HARLEY DAVIDSON INC,-1.1988000012934208,1.098897706000157,-1.473526869152364,1.394591573625803,1.0354252337210434,1.4223206753046336
2019-10-18,70033.0,"Watching Harley-Davidson Shares As Hearing Co. Issued Statement Suggesting Has Resumed Livewire Production, Deliveries",-0.3542263293638825,HARLEY DAVIDSON INC,1.394591573625803,7.711237746610244,7.547175385251204,0.38293048273772,0.7411486577385551,4.231757196485009
2019-10-14,70033.0,Harley-Davidson Pauses Production Of Electric Motorcycle,0.3133920719847083,HARLEY DAVIDSON INC,3.4649282693862915,5.310999112048265,14.598123878171808,3.846151754260063,5.53217154325174,5.8185119655218775
2019-10-14,70033.0,Harley-Davidson Spokesperson Says Does Not Have A Timeline As To When Production Of Electric Motorcycle Will Resume,0.3133920719847083,HARLEY DAVIDSON INC,3.4649282693862915,5.310999112048265,14.598123878171808,3.846151754260063,5.53217154325174,5.8185119655218775
2019-10-14,70033.0,UPDATE: Harley-Davidson Warns Quality Issues Were Found Related To Charging,0.3133920719847083,HARLEY DAVIDSON INC,3.4649282693862915,5.310999112048265,14.598123878171808,3.846151754260063,5.53217154325174,5.8185119655218775
2019-10-14,70033.0,UPDATE: Harley-Davidson Says Customers Shouldn't Use At-Home Charging Of Its Electric Motorcycles,0.3133920719847083,HARLEY DAVIDSON INC,3.4649282693862915,5.310999112048265,14.598123878171808,3.846151754260063,5.53217154325174,5.8185119655218775
2019-10-14,70033.0,Harley-Davidson Shares Fall As Hearing Co. Has Stopped Production Of Its Electric Motorcycle,0.3133920719847083,HARLEY DAVIDSON INC,3.4649282693862915,5.310999112048265,14.598123878171808,3.846151754260063,5.53217154325174,5.8185119655218775
2019-10-09,70033.0,"Wedbush Maintains Neutral on Harley-Davidson, Lowers Price Target to $33",0.2713299822062254,HARLEY DAVIDSON INC,1.6235746443271637,9.921837710055282,18.941681490601027,-2.7557972818613052,-6.2199629268169465,-5.4177405028525865
2019-10-18,91356.0,"Citigroup Maintains Buy on Home BancShares, Lowers Price Target to $21",-0.1607753802090883,HOME BANCSHARES INC,2.5228193029761314,-0.3757364908612004,0.9661852687729011,-0.7974461652338505,-1.0079603685422711,-2.7090196752510565e-08
2019-10-11,65285.0,"Buckingham Maintains Neutral on Hovnanian Enterprises, Raises Price Target to $24",6.864988803863525,HOVNANIAN ENTERPRISES INC,6.638111919164658,15.03212001659282,21.970016977028205,0.32139436807483435,-3.190072332199745,9.74385052085518
2019-10-07,32707.0,"Morgan Stanley Maintains Underweight on Helmerich & Payne, Lowers Price Target to $45",-2.793003618717194,HELMERICH & PAYNE INC,-1.664883829653263,1.6380147790567845,3.195484616026767,-1.339171826839447,-0.46765465411453544,-2.270406562598426
2019-10-30,93419.0,Hudson Pacific Properties Raises FY19 FFO Guidance To $2.00-$2.06,2.489267289638519,HUDSON PACIFIC PROPERTIES INC,0.2791693899780512,-0.8654421289122083,-2.791736473252826,1.7171133309602737,1.9842436402198071,1.7763558791084488
2019-10-30,93419.0,"Hudson Pacific Properties Q3 FFO $0.51 Up From $0.47 YoY, Sales $208.218M Beat $195.56M Estimate",2.489267289638519,HUDSON PACIFIC PROPERTIES INC,0.2791693899780512,-0.8654421289122083,-2.791736473252826,1.7171133309602737,1.9842436402198071,1.7763558791084488
2019-10-21,93419.0,"Hudson Pacific Properties Reports Moody's Upgraded Rating To Baa2, Set Stable Outlook",1.340484898537397,HUDSON PACIFIC PROPERTIES INC,-0.5878916941583157,0.999412555112067,5.967074540280537,-0.23774688597768545,0.4788980565610057,1.3893055663779075
2019-10-07,14803.0,"Goldman Sachs Initiates Coverage On HealthEquity with Neutral Rating, Announces $56 Price Target",-1.246791891753674,HEALTHEQUITY INC,-2.5436297059059143,-0.6498373456591433,3.8061623144196366,0.018342447583563626,3.2954577024556064,-1.8711784881810578
2019-10-31,14625.0,Heritage Insurance shares are trading higher after the company reported better-than-expected Q3 EPS and sales results.,-2.915455959737301,HERITAGE INSURANCE HOLDINGS INC,15.390391647815704,10.660661113804615,7.357360864060891,0.5865097045898438,1.4792884513797233,0.7342171640654982
2019-10-31,14625.0,"Heritage Insurance Hldgs Q3 EPS $0.28 May Not Compare To $0.14 Estimate, Sales $131.699M Beat $121.87M Estimate",-2.915455959737301,HERITAGE INSURANCE HOLDINGS INC,15.390391647815704,10.660661113804615,7.357360864060891,0.5865097045898438,1.4792884513797233,0.7342171640654982
2019-10-28,11636.0,Heron Therapeutics Announces FDA Acceptance Of New Drug Application Resubmission For HTX-011 For Management Of Postoperative Pain,5.855627730488777,HERON THERAPEUTICS INC,0.42918529361486435,2.7181764977644907,-1.8121086038435874,2.6956895366311073,2.962576337743994,6.591339433644583
2019-10-22,11636.0,Heron Announces FDA Approval of Supplemental New Drug Application To Expand CINVANTI Label For Single-Dose Regimen For Patients Receiving Moderately Emetogenic Chemotherapy,-2.389715425670147,HERON THERAPEUTICS INC,3.524351492524147,13.317193812017747,14.178102365138944,3.2258130609989166,2.3655941579688644,6.666669286393412
2019-10-04,11636.0,Heron Therapeutics Late Thursday Priced 8.571M Shares At $17.50/Share,-10.04389226436615,HERON THERAPEUTICS INC,4.8220444470644,2.7267531084520513,5.884039058804835,3.889487311244011,10.27904546631122,4.675674533882623
2019-10-03,11636.0,"Heron Therapeutics Reports Offering Of Common Stock, No Size Disclosed",3.889487311244011,HERON THERAPEUTICS INC,-10.04389226436615,-8.5979810714109,-3.9504230779868865,6.150341406464577,0.7567533953491079,-4.897964164229974
2019-10-03,11636.0,"JMP Securities Reiterates Market Outperform on Heron Therapeutics, Lowers Price Target to $32",3.889487311244011,HERON THERAPEUTICS INC,-10.04389226436615,-8.5979810714109,-3.9504230779868865,6.150341406464577,0.7567533953491079,-4.897964164229974
2019-10-02,11636.0,Heron Announces Topline Results From Phase 3b Clinical Study Of HTX-011 In Total Knee Arthroplasty,6.150341406464577,HERON THERAPEUTICS INC,3.889487311244011,-1.9313235669845108,-4.238192105014937,-5.081083998084068,-10.408167721655314,-6.843505896176339
2019-10-01,11636.0,Heron Therapeutics Resubmits New Drug Application To FDA For HTX-011 For The Management Of Postoperative Pain,-5.081083998084068,HERON THERAPEUTICS INC,6.150341406464577,3.9863370179129998,1.5945371031938826,-5.6122466921806335,-1.8567657241857827,-3.4446754772892385
2019-10-29,12355.0,Horizon Tech Finance Q3 EPS $0.42 Up From $0.30 YoY,-0.08210368105210364,HORIZON TECHNOLOGY FINANCE CORP,1.8077261745929718,2.300737376790707,3.6154444347569425,0.41220271959900856,0.6611563673440068,0.8278177310746315
2019-10-29,12355.0,Janney Capital Initiates Coverage On Horizon Tech Finance with Neutral Rating,-0.08210368105210364,HORIZON TECHNOLOGY FINANCE CORP,1.8077261745929718,2.300737376790707,3.6154444347569425,0.41220271959900856,0.6611563673440068,0.8278177310746315
2019-10-09,12355.0,Horizon Technology Offers Q3 Portfolio Update: Originated $46.6M In New Loans,-0.1692005433142185,HORIZON TECHNOLOGY FINANCE CORP,0.08474770002067089,1.6101659324959883,3.2281244987730107,-0.16892278799787164,-0.16892278799787164,0.254450669162809
2019-10-28,87033.0,HSBC shares are trading lower after the company reported worse-than-expected Q3 financial results.,-3.6184217780828485,H S B C HOLDINGS PLC,-0.3150405129417777,1.1289059946099522,-0.9976399802135272,0.15205619856715202,0.4065036805155575,0.7906181724257166
2019-10-28,87033.0,HSBC Reports 18% Drop in Earnings,-3.6184217780828485,H S B C HOLDINGS PLC,-0.3150405129417777,1.1289059946099522,-0.9976399802135272,0.15205619856715202,0.4065036805155575,0.7906181724257166
2019-10-28,87033.0,Markets Across Asia Pacific Rise Amid US-China Good News,-3.6184217780828485,H S B C HOLDINGS PLC,-0.3150405129417777,1.1289059946099522,-0.9976399802135272,0.15205619856715202,0.4065036805155575,0.7906181724257166
2019-10-15,87033.0,HSBC Hires Lazard For Sale Of Its French Retail Unit,0.9414141997694969,H S B C HOLDINGS PLC,0.1554439775645733,1.5803125369287851,-1.6321172721883381,0.10471444111317396,3.6314366778344542,4.950334650845556
2019-10-31,82581.0,Henry Schein Earlier Announced Adding $400M To Buyback,-0.342356925830245,SCHEIN HENRY INC,1.1424465104937553,9.83462309763219,8.939843865567543,-0.5069703795015812,1.094656005739414,0.8835329084159849
2019-10-21,82581.0,"Henry Schein Announces it was Dismissed as a Defendant from Summit Country, Ohio's Opioid Litigation; Henry Schein to Donate $1M Toward Opioid Addiction and Pay $250K of Summit County's Legal Fees",0.1432895194739103,SCHEIN HENRY INC,-0.6518280599266291,-1.2400676164292856,4.499208010272415,-1.1644341051578522,0.576462135041611,1.5685660280416291
2019-10-16,82581.0,Henry Schein Reports US FTC Judge Dismissed Claims Against Co.,0.9864175692200661,SCHEIN HENRY INC,1.761406660079956,1.2810235720472907,0.5604459607901457,0.7822678424417973,-1.7476937364156453,-0.8656634165112087
2019-10-16,82581.0,'Administrative Law Judge Partially Rules in Favor of FTC's Complaint that Dental Products Distributors Conspired Not to Provide Discounts to Buying Groups' -FTC,0.9864175692200661,SCHEIN HENRY INC,1.761406660079956,1.2810235720472907,0.5604459607901457,0.7822678424417973,-1.7476937364156453,-0.8656634165112087
2019-10-29,86827.0,"Credit Suisse Maintains Neutral on Heidrick & Struggles Intl, Lowers Price Target to $31",0.970875471830368,HEIDRICK & STRUGGLES INTL INC,2.4928802624344826,8.475780403425581,8.086357951659107,0.3608819330111146,0.6514669168116605,-0.7494681880181875
2019-10-28,86827.0,Heidrick & Struggles Sees Q4 Sales $170M-$180M vs $180.5M Estimate,0.3608819330111146,HEIDRICK & STRUGGLES INTL INC,0.970875471830368,6.076952834413762,7.69022992454631,0.2895400859415531,-1.1063574767810835,1.1313850255688873
2019-10-28,86827.0,"Heidrick & Struggles Intl Q3 Adj. EPS $0.7 Beats $0.68 Estimate, Sales $186.518M Beat $179.1M Estimate",0.3608819330111146,HEIDRICK & STRUGGLES INTL INC,0.970875471830368,6.076952834413762,7.69022992454631,0.2895400859415531,-1.1063574767810835,1.1313850255688873
2019-10-21,88167.0,HealthStream shares are trading lower after the company reported Q3 earnings results.,0.7263017352670431,HEALTHSTREAM INC,5.578744783997536,6.3757124854718406,4.440227825364751,-1.245752815157175,-0.342857678314501,-0.01911352203293193
2019-10-21,88167.0,"Healthstream Narrows FY19 Sales Guidance From $251M-$258M To $252M-$256M vs $255.5M Estimate, Raises Adj. Operating Income Guidance From $13.2M-$15.2M To $14.7M-$16.2M",0.7263017352670431,HEALTHSTREAM INC,5.578744783997536,6.3757124854718406,4.440227825364751,-1.245752815157175,-0.342857678314501,-0.01911352203293193
2019-10-21,88167.0,"HealthStream Q3 EPS $0.11, Same YoY, Adj. EBITDA $11.5M, Sales $62.5M Up From $59.925M YoY",0.7263017352670431,HEALTHSTREAM INC,5.578744783997536,6.3757124854718406,4.440227825364751,-1.245752815157175,-0.342857678314501,-0.01911352203293193
2019-10-25,16600.0,Hershey's Earnings: Sweet Treat Or Sour Candy?,-2.090590819716454,HERSHEY CO,-1.5072247013449669,-0.16746247076645515,-1.6328216153899566,-2.230987511575222,-2.2570983905768727,-4.694626017703884
2019-10-25,16600.0,"BMO Capital Maintains Market Perform on Hershey, Raises Price Target to $138",-2.090590819716454,HERSHEY CO,-1.5072247013449669,-0.16746247076645515,-1.6328216153899566,-2.230987511575222,-2.2570983905768727,-4.694626017703884
2019-10-24,16600.0,The Hershey Company shares are trading lower after the company issued FY9 EPS guidance below analyst estimates,-2.230987511575222,HERSHEY CO,-2.0905908197164536,0.3415998758607319,-3.450152607351975,-0.02670670219231397,-2.519856182878333,-2.195074473322256
2019-10-24,16600.0,From Hershey Earnings Conference Call: No Longer Sees Tailwind In 2020 As Cocoa Prices Higher vs Last 2 Years,-2.230987511575222,HERSHEY CO,-2.0905908197164536,0.3415998758607319,-3.450152607351975,-0.02670670219231397,-2.519856182878333,-2.195074473322256
2019-10-24,16600.0,Hershey Sees FY19 Adj. EPS $5.68-$5.74 vs $5.76 Estimate,-2.230987511575222,HERSHEY CO,-2.0905908197164536,0.3415998758607319,-3.450152607351975,-0.02670670219231397,-2.519856182878333,-2.195074473322256
2019-10-24,16600.0,"Hershey Q3 Adj. EPS $1.61 Beats $1.6 Estimate, Sales $2.134B Beat $2.12B Estimate",-2.230987511575222,HERSHEY CO,-2.0905908197164536,0.3415998758607319,-3.450152607351975,-0.02670670219231397,-2.519856182878333,-2.195074473322256
2019-10-17,16600.0,"RBC Capital Initiates Coverage On Hershey with Sector Perform Rating, Announces $158 Price Target",0.7919203490018845,HERSHEY CO,0.2226226730272174,-4.164211869587908,-3.8368369363042443,-0.6621178239583969,-2.4778001787997717,-2.4338412044612068
2019-10-14,16600.0,Hershey Announces Michele Buck Chairman of the Board,0.04507586418185383,HERSHEY CO,-1.8277844414114952,-1.1584521640830014,-9.158199683975688,-0.6334008183330297,-0.7413585109700915,-0.6206816165534979
2019-10-24,86563.0,"Deutsche Bank Maintains Hold on Hersha Hospitality, Lowers Price Target to $15",0.0706230872310698,HERSHA HOSPITALITY TRUST,-0.705718994140625,-2.611149535898283,0.6351456256400434,1.5781942754983902,1.0706611477855787,4.8112482032883985
2019-10-18,86563.0,"Wells Fargo Maintains Underperform on Hersha Hospitality, Lowers Price Target to $12.5",0.07407576777040958,HERSHA HOSPITALITY TRUST,3.7009622901678085,4.145073876140581,4.663213324055504,-3.017241880297661,-3.4334731897001314,-2.4566484100316366
2019-10-29,13534.0,HomeTrust Bancshares Q1 EPS $0.49 Up From $0.41 YoY,0.9153309278190136,HOMETRUST BANCSHARES INC,0.9826161898672581,2.0408198840786262,0.6424796389507215,-0.34207585267722607,-0.37994067330693326,-0.37994067330693326
2019-10-16,13534.0,HomeTrust Bancshares Reports 889.1K Share Buyback,0.8313503116369247,HOMETRUST BANCSHARES INC,1.845313049852848,3.3372611510829486,4.907734745882353,0.7578800898045301,7.079492547745758e-09,1.0400009413069178
2019-10-24,86302.0,Heritage Commerce Q3 EPS $0.26 Down From $0.28 YoY,-1.713794469833374,HERITAGE COMMERCE CORP,-0.34873548429459333,4.795119457936159,8.975738066487637,-0.42662275955080986,0.7772034531344785,1.4782615707797042
2019-10-30,90731.0,Hercules Capital Q3 EPS $0.39 Beats $0.34 Estimate,0.7278048433363438,HERCULES CAPITAL INC,2.095375396311283,4.190750820247691,3.9345974505073267,0.21881642751395702,0.6593417980253813,0.6593417980253813
2019-10-31,90037.0,"Hilltop Holdings Q3 EPS $0.86 Beats $0.48 Estimate, Sales $113.211M Beat $107.33M Estimate",-1.517701148986816,HILLTOP HOLDINGS INC,4.666096344590187,7.833903432411993,6.934926952790099,-2.185569889843464,-0.21035396976217813,0.721868717655938
2019-10-17,93306.0,"Huazhu Group Limited shares are trading higher. The company early Wednesday said it expects Q3 net revenue to rise 10%-55% YoY, inline with guidance. Not seeing any company-specific news from this session.",4.96494397521019,H WORLD GROUP LTD,-1.196439377963543,3.4223696683517213,5.342243034993466,0.49897851422429085,-0.029192214806161854,-3.1126159463101155
2019-10-16,93306.0,Daiwa Capital Downgrades Huazhu Group to Sell,0.49897851422429074,H WORLD GROUP LTD,4.96494397521019,3.7091021312413597,9.637847873016824,-0.525548355653882,-3.5936628550142236,0.6796677813412089
2019-10-28,89736.0,"Heartland Financial Q3 EPS $0.94 Beats $0.92 Estimate, Sales $140.721M Beat $138.55M Estimate",1.826087199151516,HEARTLAND FINANCIAL USA INC,1.7292940989136696,2.9675477750320756,1.6865946063308046,1.2323974631726742,0.19603606658369355,0.3271571087368752
2019-10-28,89736.0,Heartland Financial Q3 EPS $0.94 Beats $0.92 Estimate,1.826087199151516,HEARTLAND FINANCIAL USA INC,1.7292940989136696,2.9675477750320756,1.6865946063308046,1.2323974631726742,0.19603606658369355,0.3271571087368752
2019-10-24,16086.0,"Hertz shares trading lower on no company-specific news. Shares had rallied 20% since the beginning of October, closing down just 2 days over the last 14 trading sessions.",-4.676755890250206,HERTZ GLOBAL HOLDINGS INC NEW,0.43290345929563046,-2.5252485939496583,17.893221511910152,-0.06873009260743856,3.2670458624380228,5.976674137454641
2019-10-31,83272.0,Hub Group Sees No Peak Season Coming,-5.489062890410423,HUB GROUP INC,1.8777307122945786,8.05677433107066,9.279476423237787,-2.357449010014534,-2.5341956722290893,-3.0800017969283666
2019-10-30,83272.0,"Hub Group Sees FY19 Adj. EPS $0.81-$0.85 vs $0.98 Est., Sees FY19 Adj. EPS $3.36-$3.40 vs $3.35 Est.",-2.357449010014534,HUB GROUP INC,-5.489062890410423,1.3206759673336066,1.8984774428872475,-0.18101397436112165,-0.7399978591177359,1.4720940669481708
2019-10-30,83272.0,"Hub Group Q3 Adj. EPS $0.97 Beats $0.8 Estimate, Sales $913.28M Miss $957.49M Estimate",-2.357449010014534,HUB GROUP INC,-5.489062890410423,1.3206759673336066,1.8984774428872475,-0.18101397436112165,-0.7399978591177359,1.4720940669481708
2019-10-22,83272.0,M&A Bankers Are Looking For Amazon-Proof Logistics Businesses,1.925832033157349,HUB GROUP INC,-0.7638212293386459,-0.24120394204426576,-0.020096796208668444,-0.7725091651082039,0.7846398988632375,0.5355348612064548
2019-10-04,83272.0,"JP Morgan Upgrades Hub Group to Overweight, Raises Price Target to $60",3.304348886013031,HUB GROUP INC,0.18939425935968757,-0.5681827222560387,3.5143060751239297,0.2178615890443325,1.9051851952848642,-1.075268866516499
2019-10-18,48653.0,"UPDATE: Mizuho On Humana Also Notes Co's 'potential market share gains in Medicaid, diversification into healthcare services'; Notes 'Medicare Advantage accounts for roughly 24% of HUM's total medical membership, versus the peer group average of 8%'",1.316991169005632,HUMANA INC,-0.7294530048966408,-0.40448503994355844,2.3992263983873885,3.6786887794733047,3.2027129753196215,8.143939446486769
2019-10-18,48653.0,"UPDATE: Mizuho Initiates Humana With Buy, $316 Tgt As Firm Thinks Co's 'long-term earnings visibility is high given the underlying market growth, its leading market position in Medicare, growth and margin expansion potential in Medicare Advantage'",1.316991169005632,HUMANA INC,-0.7294530048966408,-0.40448503994355844,2.3992263983873885,3.6786887794733047,3.2027129753196215,8.143939446486769
2019-10-18,48653.0,"Mizuho Initiates Coverage On Humana with Buy Rating, Announces $316 Price Target",1.316991169005632,HUMANA INC,-0.7294530048966408,-0.40448503994355844,2.3992263983873885,3.6786887794733047,3.2027129753196215,8.143939446486769
2019-10-17,48653.0,Humana shares are trading higher. Not seeing any news to justify the price action.,3.6786887794733047,HUMANA INC,1.3169911690056324,0.3887864355923698,3.047289750814919,-0.4590874072164297,4.306816299067173,3.421462043677681
2019-10-14,48653.0,Humana Reports Will Provide Medicare Advantage Plans To Florida's State Retirees,-0.848798081278801,HUMANA INC,4.787884280085564,8.768937156696467,9.609846676870148,1.9567359238862991,4.909380091002413,5.170443489883669
2019-10-10,48653.0,Humana shares are trading higher after the company announced it has expanded its existing partnership with Accolade that includes a $20 million strategic investment from Humana.,2.895977534353733,HUMANA INC,1.9567359238862991,9.324145733640998,9.749183183080623,0.24884657468646765,-0.5641758477932357,-0.8826035221240813
2019-10-10,48653.0,"Humana Reports Expanded Partnership with Accolade, Includes $20M Strategic Investment From Humana",2.895977534353733,HUMANA INC,1.9567359238862991,9.324145733640998,9.749183183080623,0.24884657468646765,-0.5641758477932357,-0.8826035221240813
2019-10-02,48653.0,Humana To Expand Health Plan Choices For Medicare Beneficiaries In New Jersey; Will Offer Coverage In Total Of 13 Counties,0.43635531328618526,HUMANA INC,-0.7554142735898495,-0.661475027292191,7.781122146851827,-0.5045540165156126,-1.2461630894067044,-3.408935215322817
2019-10-25,90558.0,Huntsman shares are trading lower after the company reported worse-than-expected Q3 EPS and sales results.,-0.9361673146486282,HUNTSMAN CORP,-2.4484604597091675,-1.8470804196923818,0.8591015141711011,0.8583723567426205,0.7286758152162065,1.0752687778067038
2019-10-25,90558.0,"Huntsman Q3 Adj. EPS $0.41 Misses $0.44 Estimate, Sales $1.687B Miss $1.8B Estimate",-0.9361673146486282,HUNTSMAN CORP,-2.4484604597091675,-1.8470804196923818,0.8591015141711011,0.8583723567426205,0.7286758152162065,1.0752687778067038
2019-10-16,90558.0,"Wells Fargo Initiates Coverage On Huntsman with Outperform Rating, Announces $28 Price Target",-0.9130395017564297,HUNTSMAN CORP,0.04387152730487287,2.2378162243448907,-1.1847321289606971,1.3215824961662292,-1.7933392809903914,4.261108719643691
2019-10-09,90558.0,"Citigroup Maintains Neutral on Huntsman, Raises Price Target to $23",0.6520787253975868,HUNTSMAN CORP,2.0823638886213303,5.460436328758478,7.820447083188364,-2.0082179456949234,-2.9823763846420603,-3.3753377524323502
2019-10-02,90558.0,"UBS Maintains Buy on Huntsman, Raises Price Target to $28",-1.959032192826271,HUNTSMAN CORP,0.908259954303503,-1.8619431100585726,3.4968230006974466,-3.4393858164548874,-1.9642111339820412,-2.390270064598621
2019-10-30,90409.0,"Benchmark Maintains Buy on Huron Consulting Group, Raises Price Target to $70",10.08277535438538,HURON CONSULTING GROUP INC,-0.5263926461338997,1.8348642858025732,-0.46623177726909937,-0.4122011363506317,1.2403649353880386,1.6492821023661008
2019-10-29,90409.0,Huron Sees FY19 Sales $850M-$865M,-0.4122011363506317,HURON CONSULTING GROUP INC,10.082775354385376,11.341057026326794,9.867548208980548,1.6594061627984047,2.0700158676458136,2.9536609986377638
2019-10-29,90409.0,"Huron Consulting Group Q3 EPS $0.79 Beats $0.65 Estimate, Sales $242.925M Beat $211.58M Estimate",-0.4122011363506317,HURON CONSULTING GROUP INC,10.082775354385376,11.341057026326794,9.867548208980548,1.6594061627984047,2.0700158676458136,2.9536609986377638
2019-10-30,41217.0,Haverty Furniture Companies shares are trading lower after the company reported worse-than-expected Q3 EPS and sales results.,0.9425107389688492,HAVERTY FURNITURE COS INC,-15.312795341014862,-9.66386465642085,-7.236224833849492,0.6164018996059895,2.0682942813081917,1.9212277923146726
2019-10-30,41217.0,"Haverty Furniture Cos Q3 EPS $0.31 Misses $0.39 Estimate, Sales $209.32M Miss $212.06M Estimate",0.9425107389688492,HAVERTY FURNITURE COS INC,-15.312795341014862,-9.66386465642085,-7.236224833849492,0.6164018996059895,2.0682942813081917,1.9212277923146726
2019-10-30,88341.0,Hawthorn Bancshares Q3 EPS $0.61 vs $0.49 YoY,-0.0851808290462941,HAWTHORN BANCSHARES INC,2.3017942905426025,1.7902817554659833,4.219956342777276,-0.5927234888076782,-0.17007191529161414,-1.3445365668720566
2019-10-30,41241.0,"Hawkins Q2 EPS $0.87 Up From $0.69 YoY, Sales $140.043M Down From $145.324M YoY",0.4623962566256523,HAWKINS INC,3.561049699783325,7.3158929065311185,4.1908906187674955,1.8339570611715317,3.1116729683349664,3.501257715226802
2019-10-23,61567.0,"Credit Suisse Maintains Neutral on Hexcel, Lowers Price Target to $78",-1.9050071015954022,HEXCEL CORP NEW,0.4045790992677212,0.7822006993482233,4.553225119781379,1.1102115735411644,-0.761456982681763,-1.4728946653251862
2019-10-21,61567.0,Hexcel Corporation shares are trading lower after the company reported worse-than-expected Q3 sales results. The company also cut FY19 sales guidance below analyst estimates and reaffirmed EPS guidance below analyst estimates.,-1.851117238402367,HEXCEL CORP NEW,1.1102115735411644,-0.8293240986324113,1.0053965989407443,-0.716896541416645,0.23687372724248146,-0.7815532671134329
2019-10-21,61567.0,Hexcel Corporation Cuts FY19 Sales Guidance From $2.375B-$2.475B To $2.34B-$2.40B vs $2.43B Est.; Reaffirms Adj. EPS Guidance Of $3.43-$3.53 vs $3.54 Est.,-1.851117238402367,HEXCEL CORP NEW,1.1102115735411644,-0.8293240986324113,1.0053965989407443,-0.716896541416645,0.23687372724248146,-0.7815532671134329
2019-10-21,61567.0,"Hexcel Q3 Adj. EPS $0.9 Beats $0.88 Estimate, Sales $572.5M Miss $599.42M Estimate",-1.851117238402367,HEXCEL CORP NEW,1.1102115735411644,-0.8293240986324113,1.0053965989407443,-0.716896541416645,0.23687372724248146,-0.7815532671134329
2019-10-21,61567.0,Hexcel Q3 Earnings Preview,-1.851117238402367,HEXCEL CORP NEW,1.1102115735411644,-0.8293240986324113,1.0053965989407443,-0.716896541416645,0.23687372724248146,-0.7815532671134329
2019-10-16,61567.0,"Wells Fargo Initiates Coverage On Hexcel with Market Perform Rating, Announces $85 Price Target",-1.0160203091800208,HEXCEL CORP NEW,0.9606571868062019,-2.4213663398491514,-1.6581055849450133,-0.8139598183333874,-1.0185675129079197,-0.6342292249758352
2019-10-29,13577.0,"Hyster-Yale Materials Q3 EPS $0.76 Misses $0.8 Estimate, Sales $760M Miss $857.9M Estimate",0.4403590690344572,HYSTER YALE MATERIALS HANDLG INC,-1.5249699354171753,8.215786067050622,10.75104718390103,1.3191082514822483,2.895983580604944,0.8106508188001627
2019-10-31,12919.0,"Horizon Therapeutics Reports Data From Phase 2, Phase 3 Trial Of Teprotumumab For Treatment Of Active Thyroid Eye Disease vs Placebo",-0.7552328053861855,HORIZON THERAPEUTICS PLC,2.127290889620781,2.5596672312415025,3.1131084238880335,-0.17135415691882372,0.06869993270510744,2.462183829444431
2019-10-24,12919.0,Horizon Therapeutics To Present New Combined Data From Phase 2 And Phase 3 Teprotumumab Clinical Trials At  American Thyroid Association Annual Meeting,1.9128618761897092,HORIZON THERAPEUTICS PLC,-1.1817870661616325,0.486615967364723,3.058738948064854,2.5054415687918663,1.9133529330375154,3.0291968022686744
2019-10-17,12919.0,Horizon Therapeutics Initiates PROTECT Trial Evaluating KRYSTEXXA To Improve Management Of Uncontrolled Gout For Adults With Kidney Transplant,-0.41958335787057877,HORIZON THERAPEUTICS PLC,-3.7921346724033356,1.0182615083472513,1.5098324988011003,1.43642732873559,4.838708567099936,5.691060543764426
2019-10-30,86128.0,Longbow Research Downgrades MarineMax to Neutral,-15.46900570392609,MARINEMAX INC,0.25957145262509584,9.474374021605225,5.905255452397418,0.38546088617295027,4.171425910879001,5.072041143677941
2019-10-29,86128.0,MarineMax Sees FY20 EPS $1.58-$1.68 vs $1.64 Est.,0.3854608861729503,MARINEMAX INC,-15.469005703926086,-7.789358488589615,-8.88644502532162,3.771427646279335,4.668584689588751,5.950994733869797
2019-10-29,86128.0,"MarineMax Q4 EPS $0.38 Down From $0.45 YoY, Sales $308.1M Down From $308.591M YoY",0.3854608861729503,MARINEMAX INC,-15.469005703926086,-7.789358488589615,-8.88644502532162,3.771427646279335,4.668584689588751,5.950994733869797
2019-10-24,82179.0,Integra Lifesciences shares are trading lower after the company narrowed its FY19 sales guidance to the lower end of analyst estimates.,-7.352208346128464,INTEGRA LIFESCIENCES HLDNGS CORP,-0.3932103980332613,3.7712252644681588,3.6103670395706278,0.2656480995938182,-2.2499181815379465,-3.3605413558024377
2019-10-24,82179.0,Integra Reaffirms FY19 Adj. EPS Guidance $2.70-$2.75,-7.352208346128464,INTEGRA LIFESCIENCES HLDNGS CORP,-0.3932103980332613,3.7712252644681588,3.6103670395706278,0.2656480995938182,-2.2499181815379465,-3.3605413558024377
2019-10-24,82179.0,"Integra Lifesciences Q3 Adj. EPS $0.68 Beats $0.65 Estimate, Sales $379.095M Beat $376.69M Estimate",-7.352208346128464,INTEGRA LIFESCIENCES HLDNGS CORP,-0.3932103980332613,3.7712252644681588,3.6103670395706278,0.2656480995938182,-2.2499181815379465,-3.3605413558024377
2019-10-08,82179.0,"Wells Fargo Maintains Market Perform on Integra Lifesciences, Lowers Price Target to $65",-2.638654969632626,INTEGRA LIFESCIENCES HLDNGS CORP,0.8458447642624378,6.7667843427261065,3.970307544751317,-0.9983335621654987,0.1346379648519802,1.5531658861583253
2019-10-25,88893.0,Dept. Of Justice Says 2 Charities Will Pay $6M To Resolve Claims They Enabled Drugmakers To Pay Kickbacks,-0.1418588333763182,ISHARES TRUST,1.3353572227060795,4.034475155754591,4.517477515995583,0.09465966722927988,0.41784881398740925,2.085340782478462
2019-10-24,88912.0,Independent Bank Q3 EPS $0.55 Beats $0.51 Estimate,1.039319764822721,INDEPENDENT BANK CORP MICH,1.7889069393277168,0.6708389910444534,2.2235563104218814,0.8659918792545795,2.596195883937824,4.043247154322027
2019-10-25,12527.0,IBio shares are trading lower after the company announced the pricing of an underwritten public offering with expected total gross proceeds of approximately $5 million.,-43.25858056545258,IBIO INC,-9.52380746603012,-21.428565446846015,-27.19047571867851,-22.067806124687195,-35.69070614716865,-25.980001303468192
2019-10-25,12527.0,iBio Prices $5M Offering,-43.25858056545258,IBIO INC,-9.52380746603012,-21.428565446846015,-27.19047571867851,-22.067806124687195,-35.69070614716865,-25.980001303468192
2019-10-22,12527.0,iBio shares are trading lower after the company reported a notice of noncompliance notice from NYSE American.,15.10000228881836,IBIO INC,-17.480452358722687,-70.44309335752072,-70.46046983247169,-3.938521444797516,0.6643870900937765,20.452900075584758
2019-10-22,12527.0,iBio Reported Notice Of Noncompliance Notice From NYSE American,15.10000228881836,IBIO INC,-17.480452358722687,-70.44309335752072,-70.46046983247169,-3.938521444797516,0.6643870900937765,20.452900075584758
2019-10-15,92043.0,Interactive Brokers shares are trading lower after the company reported worse-than-expected Q3 EPS and sales results.,0.8503352291882038,INTERACTIVE BROKERS GROUP INC,-2.8246209025382996,-3.204048212035271,1.3279955494345907,-1.8363883718848228,-0.5707048937115822,3.498350098165215
2019-10-15,92043.0,"Interactive Brokers Group Q3 EPS $0.45 Misses $0.52 Estimate, Sales $466M Miss $492.65M Estimate",0.8503352291882038,INTERACTIVE BROKERS GROUP INC,-2.8246209025382996,-3.204048212035271,1.3279955494345907,-1.8363883718848228,-0.5707048937115822,3.498350098165215
2019-10-15,92043.0,Interactive Brokers Group' Q3 Earnings Outlook,0.8503352291882038,INTERACTIVE BROKERS GROUP INC,-2.8246209025382996,-3.204048212035271,1.3279955494345907,-1.8363883718848228,-0.5707048937115822,3.498350098165215
2019-10-02,92043.0,"Compass Point Upgrades Interactive Brokers Group to Buy, Announces $56 Price Target",-2.90435329079628,INTERACTIVE BROKERS GROUP INC,-0.8772876113653183,-3.9213602464714947,-2.5473031156683645,-9.408697485923767,-8.746952701254907,-5.416418110649102
2019-10-01,92043.0,"Interactive Brokers Reports Sep. Daily Average Revenue Trades 842K, Up 4% Year Over Year",-9.408697485923767,INTERACTIVE BROKERS GROUP INC,-2.90435329079628,-6.773405057956305,-2.6272630431410926,0.730472756549716,4.406912434727772,3.962882912263521
2019-10-29,12490.0,"IBM Says Co, Samsung Electronics Announce New Joint Platform Leveraging Ibm Cloud And AI Capabilities, And Samsung's Mobile Offerings; Platform Will Help Clients Track Worker's Vitals, Including Heart Rate And Physical Activity",-1.5812266618013378,INTERNATIONAL BUSINESS MACHS COR,1.0685941204428673,3.0413927354678405,2.514781776519226,0.39131627418100834,1.417165516539498,1.183209021435272
2019-10-21,12490.0,UBS Downgrades IBM On Expectations Of Continued Transactional Business Pressures,-1.12610524520278,INTERNATIONAL BUSINESS MACHS COR,1.0408846661448479,2.5569462743228577,3.8391885653903612,-0.12661863584071398,-5.643518710864548,-6.230771954754855
2019-10-21,12490.0,"UPDATE: UBS Downgrades IBM To Neutral, Lowers Target To $140 Because Firm Believes 'it will be difficult for the company to achieve sustainable mid-single digit revenue growth'",-1.12610524520278,INTERNATIONAL BUSINESS MACHS COR,1.0408846661448479,2.5569462743228577,3.8391885653903612,-0.12661863584071398,-5.643518710864548,-6.230771954754855
2019-10-21,12490.0,"UBS Downgrades IBM to Neutral, Lowers Price Target to $140",-1.12610524520278,INTERNATIONAL BUSINESS MACHS COR,1.0408846661448479,2.5569462743228577,3.8391885653903612,-0.12661863584071398,-5.643518710864548,-6.230771954754855
2019-10-18,12490.0,Global Container Terminals Joins IBM-Maersk Blockchain Group,-0.126618635840714,INTERNATIONAL BUSINESS MACHS COR,-1.1261052452027798,1.0067911113611716,1.0739074576259444,-5.523894354701042,-6.111892113332107,-5.477329891029181
2019-10-17,12490.0,"IBM 8-K Shows Speech Execs Gave During Q3 Earnings Conference Call, Text Included Q4 Guidance: Total Sales Increase Between $3.5B-$3.7B",-5.523894354701042,INTERNATIONAL BUSINESS MACHS COR,-0.12661863584071398,-0.1415068953883103,-0.3947554998797176,-0.6223772186785936,0.04928702697239995,-0.45530536611124717
2019-10-17,12490.0,Wall Street Reacts To IBM's Weak Quarter,-5.523894354701042,INTERNATIONAL BUSINESS MACHS COR,-0.12661863584071398,-0.1415068953883103,-0.3947554998797176,-0.6223772186785936,0.04928702697239995,-0.45530536611124717
2019-10-17,12490.0,"UPDATE: Wedbush Maintains Neutral On IBM, Lowers Target To $155 As Firm Notes 'The bottom line, IBM's massive $34B acquisition of Red Had is yet to provide a positive catalyst/trigger for IBM's overall top line growth'",-5.523894354701042,INTERNATIONAL BUSINESS MACHS COR,-0.12661863584071398,-0.1415068953883103,-0.3947554998797176,-0.6223772186785936,0.04928702697239995,-0.45530536611124717
2019-10-17,12490.0,"UPDATE: Nomura Maintains Buy On IBM, Lowers Target To $170 As Firm Notes Co's 'GTS outsourcing unit fared materially worse in 3Q, which drags our 4Q and 2020 estimates lower. These negatives are partially balanced by a RHT acceleration'",-5.523894354701042,INTERNATIONAL BUSINESS MACHS COR,-0.12661863584071398,-0.1415068953883103,-0.3947554998797176,-0.6223772186785936,0.04928702697239995,-0.45530536611124717
2019-10-17,12490.0,"Wells Fargo Maintains Market Perform on IBM, Lowers Price Target to $140",-5.523894354701042,INTERNATIONAL BUSINESS MACHS COR,-0.12661863584071398,-0.1415068953883103,-0.3947554998797176,-0.6223772186785936,0.04928702697239995,-0.45530536611124717
2019-10-17,12490.0,IBM Stock Slides After Revenue Miss,-5.523894354701042,INTERNATIONAL BUSINESS MACHS COR,-0.12661863584071398,-0.1415068953883103,-0.3947554998797176,-0.6223772186785936,0.04928702697239995,-0.45530536611124717
2019-10-17,12490.0,"BMO Capital Maintains Market Perform on IBM, Lowers Price Target to $152",-5.523894354701042,INTERNATIONAL BUSINESS MACHS COR,-0.12661863584071398,-0.1415068953883103,-0.3947554998797176,-0.6223772186785936,0.04928702697239995,-0.45530536611124717
2019-10-17,12490.0,"Wedbush Maintains Neutral on IBM, Lowers Price Target to $155",-5.523894354701042,INTERNATIONAL BUSINESS MACHS COR,-0.12661863584071398,-0.1415068953883103,-0.3947554998797176,-0.6223772186785936,0.04928702697239995,-0.45530536611124717
2019-10-17,12490.0,"Nomura Maintains Buy on IBM, Lowers Price Target to $170",-5.523894354701042,INTERNATIONAL BUSINESS MACHS COR,-0.12661863584071398,-0.1415068953883103,-0.3947554998797176,-0.6223772186785936,0.04928702697239995,-0.45530536611124717
2019-10-17,12490.0,IBM shares are trading lower after the company reported worse-than-expected Q3 sales results. The company reaffirmed FY19 EPS guidance below analyst estimates.,-5.523894354701042,INTERNATIONAL BUSINESS MACHS COR,-0.12661863584071398,-0.1415068953883103,-0.3947554998797176,-0.6223772186785936,0.04928702697239995,-0.45530536611124717
2019-10-16,12490.0,IBM Shares Fall After Q3 Sales Miss,-0.6223772186785936,INTERNATIONAL BUSINESS MACHS COR,-5.523894354701042,-5.439445392414877,-4.827246986413947,0.6758707109838724,0.1681181818315114,1.32501600152386
2019-10-16,12490.0,International Business Machines Corporation shares are trading lower after the company reported worse-than-expected Q3 sales results. The company reaffirmed FY19 EPS guidance below analyst estimates.,-0.6223772186785936,INTERNATIONAL BUSINESS MACHS COR,-5.523894354701042,-5.439445392414877,-4.827246986413947,0.6758707109838724,0.1681181818315114,1.32501600152386
2019-10-16,12490.0,"IBM Reaffirms FY19 Guidance: Adj. EPS At Least $12.80 vs $12.81 Estimate, Free Cash Flow ~$12B",-0.6223772186785936,INTERNATIONAL BUSINESS MACHS COR,-5.523894354701042,-5.439445392414877,-4.827246986413947,0.6758707109838724,0.1681181818315114,1.32501600152386
2019-10-16,12490.0,"IBM Q3 Adj. EPS $2.68 Beats $2.67 Estimate, Sales $18.03B Miss $18.22B Estimate",-0.6223772186785936,INTERNATIONAL BUSINESS MACHS COR,-5.523894354701042,-5.439445392414877,-4.827246986413947,0.6758707109838724,0.1681181818315114,1.32501600152386
2019-10-07,12490.0,"Greening The Supply Chain: More Carrot, Less Stick",-1.1958925053477292,INTERNATIONAL BUSINESS MACHS COR,-2.0526571199297905,0.5379349877934425,-6.157982159961318,0.6830032449215651,0.917498089215818,-0.4663776754557203
2019-10-22,87662.0,ICICI Bank shares are trading higher on seemingly no company-specific news.,2.866506017744541,I C I C I BANK LTD,1.2738840654492378,5.971337412530686,4.378974719347006,0.3286767518147826,0.6595211999934181,0.5766037176581085
2019-10-21,87662.0,ICICI Bank Option Alert: Nov 15 $12 Calls Sweep (37) near the Ask: 1460 @ $0.531 vs 1878 OI; Earnings 11/1 Before Open [est] Ref=$12.205,0.3286767518147826,I C I C I BANK LTD,2.866506017744541,7.534808243050106,8.35380436282842,0.32976060174405575,0.24711475708647512,0.9958496567219477
2019-10-21,13877.0,Independent Bank Gr Q3 Adj. EPS $1.35 Beats $1.34 Estimate,1.8648898229002948,INDEPENDENT BANK GROUP INC,-1.9615154713392258,2.0736048953557518,4.385926917994598,1.683434471487999,1.9794304083975867,1.6834344604987006
2019-10-03,13877.0,"SunTrust Robinson Humphrey Maintains Hold on Independent Bank Gr, Lowers Price Target to $60",-0.8453384041786194,INDEPENDENT BANK GROUP INC,0.736293476074934,-2.3251322086361714,0.1356321325766352,-0.5540712736546993,-1.0644389826673706,-1.2895890327991433
2019-10-01,13877.0,"Great Western Bancorp Reports Purchase Of Trust Assets Of Independent Bank, No Terms Disclosed",-0.513211265206337,INDEPENDENT BANK GROUP INC,-0.5540712736546993,-3.7065315417795897,-1.260985453805441,-0.227572419680655,0.4486885247912964,-1.0159941661264438
2019-10-30,88779.0,"icad Q3 EPS $(0.1) Down From $(0.06) YoY, Sales $7.857M Up From $6.192M YoY",-7.2678327560424805,ICAD INC,-0.4354097880423069,2.7576203254243703,-0.5805513803936013,-0.5354747176170349,-2.236843036680236,-3.631649790862268
2019-10-30,88779.0,"icad Q3 Adj. EPS $(0.10) Down From $(0.06) YoY, Sales $7.857M Up From $6.192M YoY",-7.2678327560424805,ICAD INC,-0.4354097880423069,2.7576203254243703,-0.5805513803936013,-0.5354747176170349,-2.236843036680236,-3.631649790862268
2019-10-31,14852.0,"Independence Contract Q3 Adj. EPS $(0.10), Inline, Sales $45.073M Beat $44.57M Estimate",6.868397444486618,INDEPENDENCE CONTRACT DRILLING,3.1011225655674934,5.29213568162874,-1.9325835758775223,-6.416457891464233,-3.8448267194723384,8.155842934355274
2019-10-14,14852.0,Independence Contract Sees Q3 EPS $(0.11)-(0.10) vs $(0.08) Est,14.15373086929321,INDEPENDENCE CONTRACT DRILLING,-1.2409626506268978,-9.992445012406614,-6.539331235931678,-8.909335732460022,-18.81999945748216,-10.791210488103008
2019-10-07,14852.0,"Morgan Stanley Maintains Equal-Weight on Independence Contract, Lowers Price Target to $2",2.752290852367878,INDEPENDENCE CONTRACT DRILLING,-18.74999850988388,-17.25892977096616,-25.526785716279086,-1.8017999827861786,1.2902574564321867e-07,-3.539819518442955
2019-10-31,90993.0,"Intercontinental Exchange Q3 Adj. EPS $1.06 Beats $0.96 Estimate, Sales $1.663B Beat $1.32B Estimate",1.2234378606081011,INTERCONTINENTALEXCHANGE GRP INC,-1.473705843091011,-3.901611864856791,-1.2192552268913581,2.0032860338687897,1.7248927696773553,1.3266650378035871
2019-10-04,90993.0,"Wells Fargo Maintains Market Perform on Intercontinental Exchange, Raises Price Target to $95",2.900932170450687,INTERCONTINENTALEXCHANGE GRP INC,0.3829793771728873,-0.06382715121333593,0.4255335568583707,1.0173594579100609,-1.061413843390624,-0.9970719265520067
2019-10-30,14919.0,"ICL Updates 5-Year Supply Deal With Indian Potash, Updates Price By $10 Less/Tonne For All Shipments From Oct. 2019 To Mar. 2020",-1.548676379024982,I C L GROUP LTD,-0.674151349812746,4.269664399750961,6.516853532357936,-1.739128865301609,-1.9522809670136643,-1.3100425149918826
2019-10-23,86072.0,ICON Raises FY19 Adj. EPS Guidance From $6.75-$6.95 To $6.81-$6.95 vs $6.88 Est.; Narrows Sales Guidance From $2.76B-$2.84B To $2.79B-$2.83B vs $2.81B Est.,0.1861224882304668,ICON PLC NEW,4.487316310405731,7.202574117197669,7.002503488058132,0.1505640335381031,-1.619834401999698,-1.6544570968203942
2019-10-23,86072.0,"Icon Q3 Adj. EPS $1.74, Inline, Sales $710.4M Beat $709.52M Estimate",0.1861224882304668,ICON PLC NEW,4.487316310405731,7.202574117197669,7.002503488058132,0.1505640335381031,-1.619834401999698,-1.6544570968203942
2019-10-18,86072.0,"UBS Maintains Neutral on Icon, Lowers Price Target to $158",-0.03519275924190879,ICON PLC NEW,-1.7677368596196175,4.8735814810995315,5.859562096333892,-0.07035746821202338,0.7232938443541004,0.9954450269612947
2019-10-21,13643.0,"Raymond James Maintains Strong Buy on Intercept Pharmaceuticals, Lowers Price Target to $147",4.241589456796646,INTERCEPT PHARMACEUTICALS INC,1.3563293032348156,9.789177985846331,12.103787500195118,1.0246793739497662,0.5563291575835905,1.276264107691949
2019-10-31,21928.0,Idacorp Earlier Reported Q3 EPS $1.78 Misses $1.92 Estimate,-1.184464991092682,IDACORP INC,0.38096639327704906,-3.484279353554165,-2.483777673723153,1.0859530419111252,1.9756559113481398,0.9173512863707378
2019-10-31,21928.0,Idacorp Q3 EPS $1.78 Misses $1.92 Estimate,-1.184464991092682,IDACORP INC,0.38096639327704906,-3.484279353554165,-2.483777673723153,1.0859530419111252,1.9756559113481398,0.9173512863707378
2019-10-18,87439.0,"B. Riley Initiates Coverage On Intellicheck with Buy Rating, Announces $8 Price Target",4.674797132611275,INTELLICHECK INC,2.524274028837681,-1.3592266827331834,8.737860082234983,-1.4027995988726616,1.443302459650453,1.2345666198883665
2019-10-10,88988.0,"IDT Q4 EPS $0.15 Down From $0.4 YoY, Sales $356.1M Down From $392.6M YoY",-1.116633042693138,I D T CORP,0.25094079319387674,-7.9046378936050266,-12.421578154455737,-6.060600280761719,-4.275530224166957,-11.135604040688118
2019-10-31,76709.0,IDEXX Cuts FY19 EPS Guidance From $4.82-$4.92 To $4.72-$4.78 vs $4.87 Estimate; FY20 EPS $5.30-$5.46 vs $5.56 Est.,4.075225070118904,I D E X X LABORATORIES INC,-2.856045216321945,-7.673413043609534,-9.70142226567452,1.1001627892255783,2.788826785755072,2.072383399204125
2019-10-31,76709.0,"IDEXX Laboratories Q3 EPS $1.24 Beats $1.14 Estimate, Sales $605.303M Beat $597.07M Estimate",4.075225070118904,I D E X X LABORATORIES INC,-2.856045216321945,-7.673413043609534,-9.70142226567452,1.1001627892255783,2.788826785755072,2.072383399204125
2019-10-24,76709.0,IDEXX Laboratories Appoints Jay Mazelsky PResident And CEO,0.14929044991731638,I D E X X LABORATORIES INC,-0.014898829977028072,6.21623542274512,-1.9341750406148384,-1.074436493217945,-3.9264243011190803,-5.268180404770117
2019-10-31,75591.0,"Wells Fargo Maintains Outperform on IDEX, Lowers Price Target to $190",-0.4544333554804325,IDEX CORP,2.2567957639694214,3.1183733624515098,3.992803135577039,-3.72195802628994,-1.9578283339900304,-1.5624973736444336
2019-10-29,75591.0,"IDEX Q3 EPS $1.52 Beats $1.46 Estimate, Sales $624.246M Miss $640.69M Estimate",1.8323281779885288,IDEX CORP,-3.72195802628994,-1.0722243895383454,-0.4806500922353796,0.4032254219055176,0.9693966717405633,0.2390268755430469
2019-10-29,40272.0,"International Flavors & Fragrances Says on Oct 4 Frutarom Investor Filed Shareholder Motion Requesting Discovery Relating to $20M Bonus to Ori Yehudai, Former Ceo of Frutarom Industries",1.6973132267594342,INTERNATIONAL FLAVORS & FRAG INC,0.8917584083974361,10.005729137413088,6.815015651452905,0.19173338077962399,0.4009718208928259,0.14164790468249588
2019-10-16,40272.0,"Wells Fargo Initiates Coverage On Intl Flavors & Fragrances with Market Perform Rating, Announces $125 Price Target",-0.01677852269494906,INTERNATIONAL FLAVORS & FRAG INC,0.24336462374776602,0.7217127566708781,3.4911008471909533,0.7183287758380175,0.8717721020745639,2.7679564040831828
2019-10-09,40272.0,"Citigroup Maintains Neutral on Intl Flavors & Fragrances, Lowers Price Target to $126",0.8587414398789406,INTERNATIONAL FLAVORS & FRAG INC,0.7558668497949839,3.52737204016067,4.274542290820604,-3.6148637533187866,-4.2215683496033325,-3.2225198497507157
2019-10-02,40272.0,"UBS Maintains Buy on Intl Flavors & Fragrances, Lowers Price Target to $163",-3.8069434463977805,INTERNATIONAL FLAVORS & FRAG INC,0.7949399761855602,-1.6155221512135887,1.854864412282553,-0.8721164427697659,0.6704786061021206,1.5191983790473929
2019-10-03,91201.0,India Globalization Capital Granted Patent Titled 'Method And Composition For Treating CNS Disorders (With THC/CBD),5.413040891289711,I G C PHARMA INC,-1.102286484092474,-10.290780686280732,3.1140450471229153,-3.9465393871068954,-5.320571546350084,-11.538456578000078
2019-10-22,15331.0,"Suntrust On SGMS/IGT Brazlian Instant Lottery Contract Also Notes 'While we see a solid long-term opportunity, we think it will likely take some time for Brazil to ramp (minimally ~2-3 years, if not longer)'",2.469129860401154,INTERNATIONAL GAME TECH PLC,-4.110559448599815,-4.535785932019632,1.2756931932738302,4.87433597445488,2.7612001248460194,-4.108629484606285
2019-10-22,15331.0,"SunTrust On SGMS/IGT Brazilian Instant Lottery Contract Notes 'We see today's win as a potentially meaningful long-term opportunity for both companies, with SGMS management noting it could eventually be among their largest contracts'",2.469129860401154,INTERNATIONAL GAME TECH PLC,-4.110559448599815,-4.535785932019632,1.2756931932738302,4.87433597445488,2.7612001248460194,-4.108629484606285
2019-10-22,15331.0,"International Game Tech Spikes To High On News, 'IGT-Scientific Games consortium won LOTEX concession in historic auction'",2.469129860401154,INTERNATIONAL GAME TECH PLC,-4.110559448599815,-4.535785932019632,1.2756931932738302,4.87433597445488,2.7612001248460194,-4.108629484606285
2019-10-21,15331.0,International Game Technology shares are trading higher. Not seeing any news to justify the price action.,4.87433597445488,INTERNATIONAL GAME TECH PLC,2.4691298604011536,-2.396520412794778,2.541753204528474,-2.0149217918515205,-8.565456339336652,-6.414822516992357
2019-10-17,15331.0,International Game Technology shares are trading lower as a potential sell-off after the stock increased roughly 11% since Tuesday.,-6.685236841440201,INTERNATIONAL GAME TECH PLC,-2.0149217918515205,-0.6716360667894716,-1.194028992512175,2.3521021008491516,2.4251011589232263,1.5558649088668552
2019-10-15,15331.0,IGT And Pearl River Resort Launch CrystalBetting Terminal,0.07132150349207222,INTERNATIONAL GAME TECH PLC,2.3521021008491516,0.5702062277151532,-3.991443038164688,-0.8486554957926273,3.316144158290335,3.1640933768561474
2019-10-11,15331.0,International Game Technology shares are trading higher in sympathy with the overall market after President Trump made positive remarks on the U.S.-China trade talks as traders grew more optimistic over the possibility of a limited trade deal.,4.200446978211403,INTERNATIONAL GAME TECH PLC,-0.8486554957926273,-7.142858359937854,-5.869871951025807,-0.14717039884999394,6.169065258632145e-09,-3.002144949114771
2019-10-07,15331.0,IGT Signs Five-Year Facilities Management And Product Sale Contract with Oregon Lottery,0.6474831141531466,INTERNATIONAL GAME TECH PLC,-3.002144955098629,0.214443754822069,-1.572546881834902,-1.067619677633047,-1.2784112190693309,1.5691137278395217e-08
2019-10-07,15331.0,International Game Technology Launches a New Video Poker Machine,0.6474831141531466,INTERNATIONAL GAME TECH PLC,-3.002144955098629,0.214443754822069,-1.572546881834902,-1.067619677633047,-1.2784112190693309,1.5691137278395217e-08
2019-10-24,89060.0,iShares Expanded Tech-Software Sector ETF Option Alert: Nov 15 $210 Calls Sweep (25) near the Ask: 1000 @ $4.8 vs 762 OI; Ref=$210.66,2.401861734688282,ISHARES TRUST,0.43119960464537144,1.8385163525588055,3.3595581901703087,0.40925522334873676,-1.5948032766478715,-0.9135098372838435
2019-10-17,87725.0,"Insteel Industries Q4 EPS $(0.09) May Not Compare To $0.18 Estimate, Sales $113.4M Miss $126.88M Estimate",-6.549997627735138,INSTEEL INDUSTRIES INC,4.333865270018578,1.9261567260199675,2.033168235318361,-0.8428363129496574,0.7556656156683328,-0.842836152824622
2019-10-28,88446.0,Illumina shares are trading higher potentially on a rebound after the stock fell approximately 9% following Q3 earnings.,4.617390036582947,ILLUMINA INC,-0.7465595845133066,-0.12497687822542458,-2.9796742437600665,-7.879551500082016,-7.021971757259637,-5.956956294248316
2019-10-25,88446.0,"Canaccord Genuity Maintains Hold on Illumina, Raises Price Target to $310",-7.879551500082016,ILLUMINA INC,4.617390036582947,3.3753087806651427,0.9461877976207456,0.9309330955147743,2.0870449907062882,0.5321395929049899
2019-10-25,88446.0,"Piper Jaffray Maintains Overweight on Illumina, Lowers Price Target to $341",-7.879551500082016,ILLUMINA INC,4.617390036582947,3.3753087806651427,0.9461877976207456,0.9309330955147743,2.0870449907062882,0.5321395929049899
2019-10-25,88446.0,﻿Illumina shares are trading lower despite the company reporting better-than-expected Q3 EPS and sales results and the company also issued FY19 EPS guidance above analyst estimates.,-7.879551500082016,ILLUMINA INC,4.617390036582947,3.3753087806651427,0.9461877976207456,0.9309330955147743,2.0870449907062882,0.5321395929049899
2019-10-25,88446.0,"Guggenheim Initiates Coverage On Illumina with Buy Rating, Announces $350 Price Target",-7.879551500082016,ILLUMINA INC,4.617390036582947,3.3753087806651427,0.9461877976207456,0.9309330955147743,2.0870449907062882,0.5321395929049899
2019-10-24,88446.0,Illumina shares are trading lower despite the company reporting better-than-expected Q3 EPS and sales results and the company also issued FY19 EPS guidance above analyst estimates,0.9309330955147743,ILLUMINA INC,-7.879551500082016,-6.332808329339191,-6.418383283605178,1.1454485356807709,-0.3951152440376249,1.017965966854928
2019-10-24,88446.0,Illumina Sees FY19 Adj. EPS $6.40-$6.45 vs $6.04 Est.,0.9309330955147743,ILLUMINA INC,-7.879551500082016,-6.332808329339191,-6.418383283605178,1.1454485356807709,-0.3951152440376249,1.017965966854928
2019-10-24,88446.0,"Illumina Q3 Adj. EPS $1.93 Beats $1.4 Estimate, Sales $907M Beat $870.84M Estimate",0.9309330955147743,ILLUMINA INC,-7.879551500082016,-6.332808329339191,-6.418383283605178,1.1454485356807709,-0.3951152440376249,1.017965966854928
2019-10-02,88446.0,Illumina Shares Unaffected Amid Headline GMI Has Again Sued Co. For Patent Infringement,-2.611303515732288,ILLUMINA INC,3.0212601646780968,3.0073821760024044,7.416144666466162,-2.695421874523163,-1.7458875268929308,-0.8905865372668464
2019-10-31,80635.0,IMAX Sees FY19 Global Box Office Up In Low Double Digit Range,1.7635883763432498,IMAX CORP,1.3114696368575096,1.5456670349770718,-1.7798644020257215,-1.4560890384018421,-2.099863529195911,-1.8249942777889383
2019-10-31,80635.0,"Imax Q3 Adj. EPS $0.21 Beats $0.2 Estimate, Sales $86.4M Miss $86.88M Estimate",1.7635883763432498,IMAX CORP,1.3114696368575096,1.5456670349770718,-1.7798644020257215,-1.4560890384018421,-2.099863529195911,-1.8249942777889383
2019-10-15,33099.0,CiBC Upgrades Imperial Oil to Neutral,0.9884669445455074,IMPERIAL OIL LTD,-0.28547998517751694,3.3849913327508308,3.2218555048403763,-0.8979563601315022,1.717636497592956,2.102607171905224
2019-10-07,33099.0,"AltaCorp Capital Upgrades Imperial Oil to Sector Perform, Announces $40 Price Target",-0.16051732236519461,IMPERIAL OIL LTD,-3.1350433826446533,-2.411569460287477,1.3263662663605569,0.8090646006166935,-0.4792365160977252,-2.8838649935105765
2019-10-09,16348.0,ChipMOS Technologies Reports Q3 Sales Increase,-0.7239364087581636,CHIPMOS TECHNOLOGIES INC,-0.3402999369427562,-2.5279558050692374,-0.3403000239638354,-0.3846150357276201,-0.5758197691110745,-0.9086587171272753
2019-10-09,16348.0,ChipMOS Prelim. Q3 Sales $173.9 Up From $161.2M YoY,-0.7239364087581636,CHIPMOS TECHNOLOGIES INC,-0.3402999369427562,-2.5279558050692374,-0.3403000239638354,-0.3846150357276201,-0.5758197691110745,-0.9086587171272753
2019-10-23,13797.0,First Internet Q3 EPS $0.63 Beats $0.61 Estimate,0.22035802248865372,FIRST INTERNET BANCORP,-1.715036854147911,0.4397554221198696,1.5391397574101573,0.04409271932672709,1.2494453321010068,1.9775305219284833
2019-10-29,79906.0,Incyte shares are trading higher after the company reported better-than-expected Q3 EPS and sales results.,4.370145127177238,INCYTE CORP,0.3719318425282836,0.9358113961034142,3.34733178324802,2.9787201434373856,3.0451620820221237,2.2535239162841947
2019-10-29,79906.0,Incyte Raises FY19 Jakafi Net Product Revenues,4.370145127177238,INCYTE CORP,0.3719318425282836,0.9358113961034142,3.34733178324802,2.9787201434373856,3.0451620820221237,2.2535239162841947
2019-10-29,79906.0,"Incyte Q3 Adj. EPS $0.82 Beats $0.65 Estimate, Sales $551.581M Beat $534.88M Estimate",4.370145127177238,INCYTE CORP,0.3719318425282836,0.9358113961034142,3.34733178324802,2.9787201434373856,3.0451620820221237,2.2535239162841947
2019-10-16,79906.0,Incyte Reports REACH2 Trial Of Jakai Met Primary Endpoint,-0.5094165913760662,INCYTE CORP,-0.8832596242427826,-0.025607170858543693,7.091654805717296,1.3684450648725033,3.152908259299192,3.62940487979988
2019-10-03,79906.0,"Mizuho Initiates Coverage On Incyte with Buy Rating, Announces $95 Price Target",2.519162558019161,INCYTE CORP,-0.013347365893423557,1.188567625518866,3.4054528875616885,-1.243913173675537,-1.603128631901396,0.3021165231040124
2019-10-03,17657.0,Commerce Secretary Ross Says U.S. Renegotiating Grant of Special Trade Privilege to India,1.0723109357059,ISHARES TRUST,-0.6668724119663239,-0.6971910976654727,2.0309128288154454,-0.42708786204457283,-2.7703316073985462,-2.4506865594087435
2019-10-18,10252.0,Independent Bank shares are trading higher after the company reported better-than-expected Q3 earnings results.,5.5094242095947275,INDEPENDENT BANK CORP MA,1.7613941803574562,2.3110536505973833,3.9100527921629435,2.099320665001869,3.294766331605148,4.3603932696342
2019-10-17,10252.0,Independent Bank Q3 EPS $1.5 Beats $1.4 Estimate,2.0993206650018688,INDEPENDENT BANK CORP MA,5.509424209594727,7.947803609514836,8.185051994834879,1.1708654463291168,2.214581438843388,1.962130062323575
2019-10-30,88434.0,"Infinity Pharmaceuticals Q3 EPS $(0.2) Misses $(0.1) Estimate, Sales $343K Down From $22M YoY",-3.7735816091299057,INFINITY PHARMACEUTICALS INC,1.9607825204730034,3.921565013020012,-6.862744974262592,-1.8518609926104546,-1.8518609926104546,-0.934589608559766
2019-10-29,92095.0,"Infinera Reports Gtd Deployed Co. Solutions To Increase Capacity Across Terrestrial Network In Chile, No Terms Disclosed",-0.7326000370085239,INFINERA CORP,0.0,9.409589453008227,-0.5535095336611007,0.5524900741875172,0.36764671152111905,-0.7272720265895094
2019-10-01,92095.0,"UPDATE: MKM On Infinera Also Notes Co 'has a strong technology product roadmap including 200G, 600G, 800G platforms and XR pluggable Optics'; Firm Thinks Co. 'could be an attractive acquisition target for an Optical components or Data Networking company'",-3.119258768856525,INFINERA CORP,0.37878749426454306,0.4734776411626118,3.4090875145251998,-2.6785731315612793,-0.18315425384853867,-1.0889366259624667
2019-10-01,92095.0,"UPDATE: MKM Maintains Buy On Infinera, Raises Target To $7 As Firm Believes Co. Is 'seeing the strongest order trends in our coverage universe', 'Management appears to be highly committed to delivering non-GAAP EPS profitability and positive FCF by 4Q19'",-3.119258768856525,INFINERA CORP,0.37878749426454306,0.4734776411626118,3.4090875145251998,-2.6785731315612793,-0.18315425384853867,-1.0889366259624667
2019-10-01,92095.0,"MKM Partners Maintains Buy on Infinera, Raises Price Target to $7",-3.119258768856525,INFINERA CORP,0.37878749426454306,0.4734776411626118,3.4090875145251998,-2.6785731315612793,-0.18315425384853867,-1.0889366259624667
2019-10-31,86776.0,Infosys shares are trading higher in sympathy with CDW after the company reported Q3 earnings results up from last year.,2.897000685334206,INFOSYS LTD,-0.7299238350242376,4.48384041926011,2.919705149160623,0.10740360012277961,1.7467232736796179,1.3043466151918315
2019-10-24,86776.0,"Infosys Faces SEC Probe, Class-Action Lawsuit In US After Whistleblower Complaint",-1.216810382902622,INFOSYS LTD,3.0235106125473976,7.390815516806271,12.206048309521877,0.3329603932797909,-1.4764969108911896,-13.407439253337083
2019-10-22,86776.0,"Infosys shares are trading lower after the company reported it is investigating whistleblower claims which accused two top executives of ""unethical practices"" to boost short-term profit.",-1.8034525215625758,INFOSYS LTD,0.3329603932797909,3.329635780117779,7.880133312877691,-12.109742313623428,-12.275733374010489,-12.358494006646692
2019-10-21,86776.0,Infosys shares are trading lower after a whistle blower alleged the company is engaging in unethical practices to strengthen financial reports.,-12.10974231362343,INFOSYS LTD,-1.8034525215625763,-0.16866403977957578,6.370510623429992,-0.18886172911152244,-0.2830253313295561,-0.9372106742910891
2019-10-14,86776.0,"Infosys Continues To Face Margin Pressure, BMO Says",-3.190523013472557,INFOSYS LTD,0.4708115942776203,-12.523539821453689,-12.671081153047014,-1.878354512155056,-1.7025052372384497,-1.348917461813104
2019-10-14,86776.0,Infosys shares are trading lower after Baird maintained a Neutral on the stock and lowered the price target from $13 to $12.,-3.190523013472557,INFOSYS LTD,0.4708115942776203,-12.523539821453689,-12.671081153047014,-1.878354512155056,-1.7025052372384497,-1.348917461813104
2019-10-14,86776.0,"Baird Maintains Neutral on Infosys, Lowers Price Target to $12",-3.190523013472557,INFOSYS LTD,0.4708115942776203,-12.523539821453689,-12.671081153047014,-1.878354512155056,-1.7025052372384497,-1.348917461813104
2019-10-11,86776.0,"Infosys Reports Q2 Profit 38.29B Rupees vs 38.79B Rupees In Same Qtr. Last Year, Sales 196.66B Rupees vs 182.97B Rupees Year Over Year",-1.878354512155056,INFOSYS LTD,-3.190523013472557,-3.6463132383040886,-15.088148777608145,0.17921557882800698,0.5395721277498655,-0.9743104839435524
2019-10-07,86776.0,Infosys Wins a Contract from Volvo for Digital Transformation Services,0.6238831672817469,INFOSYS LTD,-1.505757961422205,-5.9344559692100285,-17.71479183417306,0.5376381799578667,1.2635409979122825,1.6304375387610426
2019-10-02,86776.0,"SAP, Infosys Collaborate to Accelerate Enterprise Digital Transformation for Clients",0.36231849808245903,INFOSYS LTD,0.7220209576189518,0.7220209713527437,-4.332125882714244,-2.902374044060707,-1.5165037934141257,-0.8086266859369529
2019-10-31,85645.0,Ingredion Incorporated Sees FY19 Adj. EPS $6.45-$6.65 vs $6.62 Est.,-0.1895155059173703,INGREDION INC,4.037977755069733,6.822783907793983,5.468353826002681,-2.7043601498007774,-1.7136436836156954,-1.1242991460096552
2019-10-31,85645.0,"Ingredion Q3 Adj. EPS $1.82 Beats $1.69 Estimate, Sales $2.457B Beat $1.46B Estimate",-0.1895155059173703,INGREDION INC,4.037977755069733,6.822783907793983,5.468353826002681,-2.7043601498007774,-1.7136436836156954,-1.1242991460096552
2019-10-16,85645.0,Ingredion Late Tuesday Issued A Statement On Malware,-1.405844651162624,INGREDION INC,1.1006941087543964,-0.41275072034110405,-1.000619641711209,1.1097249574959278,0.7704673721383504,2.8408343731255448
2019-10-08,85645.0,"Stephens & Co. Initiates Coverage On Ingredion with Overweight Rating, Announces $97 Price Target",-0.3318796399980783,INGREDION INC,0.07684113224968314,3.855013361122883,2.6255063998313233,-0.4574340768158436,0.19183258317594376,-0.31810662442628423
2019-10-22,78975.0,Evercore ISI Group Downgrades Intuit to In-Line,-3.382917493581772,INTUIT INC,1.0421187616884708,2.0368643266968522,-0.06710534120163425,-0.1028647180646658,-1.6245775718314426,-2.5821964663860775
2019-10-03,78975.0,"Intuit Reaffirms Prelim. Q1, FY20 Guidance",0.9790698997676373,INTUIT INC,1.5551316551864147,1.9266483993480854,1.5456571180682,-1.4566688798367977,-2.0643717604645007,-1.0410693169334073
2019-10-09,85502.0,"Imperial Capital Maintains Outperform on Identiv, Lowers Price Target to $9",3.191491588950157,IDETIVE INC,-1.4432926662266254,-1.4432926768463528,-8.65979548121455,-3.4907612949609756,-4.858304429720761,-6.000003723196857
2019-10-31,21573.0,"International Paper Q3 Adj. EPS $1.09 Beats $0.99 Estimate, Sales $5.568B Miss $5.59B Estimate",2.415002882480621,INTERNATIONAL PAPER CO,0.6410228554159403,4.052198830367693,5.362861553637255,-0.09369197068735957,-1.2731463946071941,-0.8139499814013629
2019-10-24,21573.0,International Paper shares are trading lower despite no company-specific news. This could potentially be profit taking after the stock rallied approximately over the past 12 trading sessions.,-2.765616029500961,INTERNATIONAL PAPER CO,1.919889636337757,3.5316466795405788,7.726954855349311,1.2365813367068768,2.625356229910869,2.6739258983867975
2019-10-17,21573.0,"Citigroup Maintains Neutral on International Paper, Lowers Price Target to $43",-0.047745186020620174,INTERNATIONAL PAPER CO,0.9314530529081821,0.7642695335992267,4.3229075127459105,1.1347205378115177,1.8477955408199964,0.7940279675525019
2019-10-16,21573.0,International Paper Option Alert: Fri $42.5 Calls Sweep (27) near the Ask: 680 @ $0.455 vs 1724 OI; Earnings 10/31 Before Open Ref=$42.37,1.1347205378115182,INTERNATIONAL PAPER CO,-0.04774518602062017,3.580806843210338,1.8142805367523218,0.7050743792206049,-0.3368700367661237,2.9579881481485826
2019-10-16,21573.0,International Paper Option Alert: Fri $42.5 Calls Sweep (3) near the Bid: 1530 @ $0.43 vs 1724 OI; Earnings 10/31 Before Open Ref=$42.4,1.1347205378115182,INTERNATIONAL PAPER CO,-0.04774518602062017,3.580806843210338,1.8142805367523218,0.7050743792206049,-0.3368700367661237,2.9579881481485826
2019-10-11,21573.0,Shares of several packaging companies are trading higher in sympathy with the overall market after President Trump made positive remarks on US-China trade talks. Trump is scheduled to meet with Chinese Vice Premier Liu He at the White House today.,3.3059950917959213,INTERNATIONAL PAPER CO,-1.0346493683755398,1.684304466828901,3.4648666621298396,2.340366691350937,4.683838730071099,2.837425016001549
2019-10-08,21573.0,International Paper Raises Quarterly Dividend From $0.50 To $0.5125/Share,-1.7638001590967178,INTERNATIONAL PAPER CO,2.2898804396390915,7.780374272733592,11.527453146089538,-0.15314286574721336,-0.5086489475887968,-0.8616324479415294
2019-10-08,21573.0,"Wells Fargo Maintains Market Perform on International Paper, Lowers Price Target to $42",-1.7638001590967178,INTERNATIONAL PAPER CO,2.2898804396390915,7.780374272733592,11.527453146089538,-0.15314286574721336,-0.5086489475887968,-0.8616324479415294
2019-10-03,21573.0,International Paper Option Alert: Oct 18 $40 Calls Sweep (39) near the Ask: 724 @ $0.801 vs 4493 OI; Earnings 10/31 Before Open Ref=$39.4761,-0.354788126423955,INTERNATIONAL PAPER CO,-0.35605134908109903,2.31434353593023,6.485247401443872,-1.645064540207386,-5.6432343313891025,-5.280846713334486
2019-10-01,21573.0,"International Paper Co shares are trading lower in sympathy with the overall market on weak manufacturing PMI data, adding fear to an economic slowdown. During a slowdown, there will likely be less demand for packaging and paper.",-4.065042361617088,INTERNATIONAL PAPER CO,-1.645064540207386,-4.212359620176375,3.2402773083940017,0.38406108506023884,1.210067816590521,1.1121834979501921
2019-10-28,11884.0,"Inter Parfums Q3 Adj. EPS $0.00, Sales $100.3M Down From $113.5M YoY",0.7516745943576096,INTERMEDIATE PARFUMS INC,0.6794592831283808,3.9701617158762303,1.4921432050607475,0.9758759289979935,2.6029464851184736,3.5729177413437174
2019-10-07,53065.0,IPG Launches Kinesso Marketing Intelligence Engine,1.247003488242626,INTERPUBLIC GROUP COS INC,-3.9791572839021683,-3.6475623707202587,-1.4685047921559113,1.7073189839720726,1.6081867752877121,-2.0206779573782585
2019-10-30,91668.0,"Citigroup Maintains Buy on IPG Photonics, Lowers Price Target to $168.1",7.320209592580795,I P G PHOTONICS CORP,0.5390844773501158,11.215930025002208,4.687039601909149,-13.474243879318237,-13.014615039203026,-10.531997684935511
2019-10-29,91668.0,"IPG Photonics Q3 EPS $1.07 Misses $1.21 Estimate, Sales $329.1M Miss $336.93M Estimate",-13.47424387931824,I P G PHOTONICS CORP,7.320209592580795,23.021301823924013,13.218157946603327,0.5312046501785517,3.400428180343229,5.0390780646017985
2019-10-14,91668.0,IPG Photonics shares are trading lower after Needham downgraded the stock from Buy to Hold.,-7.800891995429993,I P G PHOTONICS CORP,5.135561898350716,9.043065069123625,14.696969513890279,4.6552687883377075,7.02706364402681,9.052271527405487
2019-10-14,91668.0,Needham Downgrades IPG Photonics to Hold,-7.800891995429993,I P G PHOTONICS CORP,5.135561898350716,9.043065069123625,14.696969513890279,4.6552687883377075,7.02706364402681,9.052271527405487
2019-10-29,14222.0,"Uber, Lyft Will Have Homes In This New Travel Tech ETF",-1.103182323276997,RENAISSANCE CAPITAL GREENWICH FD,1.6259761527180672,0.13312371641143184,0.30250029740162,2.7892543002963066,4.33414801459675,6.0014224357515245
2019-10-07,14222.0,Jim Cramer Tweets: Bigger threat to the U.S. markets than China: the IPO market. We are flooded with supply. Just say NO to the next IPO,0.3159008454531431,RENAISSANCE CAPITAL GREENWICH FD,-2.16935221105814,-0.24492561054835216,-0.5598317312994983,0.7425710093230009,3.2246354125603727,2.151310122487704
2019-10-30,16692.0,"Morgan Stanley Maintains Overweight on Ingersoll-Rand, Raises Price Target to $142",-2.7559049427509312,INGERSOLL RAND INC,-0.8720045909285545,1.930859075486091,3.9551552552894886,2.1658439189195633,0.7014319483523934,2.3558652999554397
2019-10-30,16692.0,"Deutsche Bank Downgrades Ingersoll-Rand to Hold, Lowers Price Target to $135",-2.7559049427509312,INGERSOLL RAND INC,-0.8720045909285545,1.930859075486091,3.9551552552894886,2.1658439189195633,0.7014319483523934,2.3558652999554397
2019-10-30,16692.0,"KeyBanc Maintains Overweight on Ingersoll-Rand, Raises Price Target to $140",-2.7559049427509312,INGERSOLL RAND INC,-0.8720045909285545,1.930859075486091,3.9551552552894886,2.1658439189195633,0.7014319483523934,2.3558652999554397
2019-10-29,16692.0,Ingersoll-Rand shares are trading higher after the company reported better-than-expected Q3 EPS and sales.,2.165843918919563,INGERSOLL RAND INC,-2.755904942750931,-1.1508210493477056,1.8473668884560368,-1.4333674684166908,0.18599306162114804,-0.7371059206632058
2019-10-29,16692.0,"Ingersoll-Rand Q3 Adj. EPS $1.99 Beats $1.91 Estimate, Sales $4.34B Beat $4.29B Estimate",2.165843918919563,INGERSOLL RAND INC,-2.755904942750931,-1.1508210493477056,1.8473668884560368,-1.4333674684166908,0.18599306162114804,-0.7371059206632058
2019-10-10,16692.0,"JP Morgan Maintains Overweight on Ingersoll-Rand, Lowers Price Target to $129",2.9271835461258893,INGERSOLL RAND INC,5.119092017412186,5.439035697830152,14.681832047353115,1.1847452260553837,-0.8705106559800502,-3.1537895947087002
2019-10-07,16692.0,Stephens & Co. Downgrades Ingersoll-Rand to Equal-Weight,-2.303329668939114,INGERSOLL RAND INC,-2.031191438436508,5.440696559200875,12.840047240013309,1.4013632200658321,4.05604137549469,4.286769584967076
2019-10-24,90971.0,"UPDATE: Bank Of America On iRobot Also Notes 'However, IRBT's earnings are also sensitive to price and we have concerns there could be further price adjustments in the US and elsewhere over the coming quarters'",-2.9759535565972333,IROBOT CORP,4.558827728033066,0.9663924857985062,3.4663896232570712,-9.198588877916336,-11.984212692658435,-14.959260599937052
2019-10-24,90971.0,"UPDATE: Bank Of America Downgrades iRobot To Neutral, Lowers Tgt From $70 To $50 Firm Continues 'to see potential catalysts from the US-China trade situation, exemption from tariffs,' 'the patent lawsuit against Shark and/or improvement in volume trends'",-2.9759535565972333,IROBOT CORP,4.558827728033066,0.9663924857985062,3.4663896232570712,-9.198588877916336,-11.984212692658435,-14.959260599937052
2019-10-24,90971.0,"Canaccord Genuity Maintains Hold on iRobot, Lowers Price Target to $45",-2.9759535565972333,IROBOT CORP,4.558827728033066,0.9663924857985062,3.4663896232570712,-9.198588877916336,-11.984212692658435,-14.959260599937052
2019-10-24,90971.0,"Citi Maintains Neutral on iRobot, Lowers Price Target to $55",-2.9759535565972333,IROBOT CORP,4.558827728033066,0.9663924857985062,3.4663896232570712,-9.198588877916336,-11.984212692658435,-14.959260599937052
2019-10-24,90971.0,Bank of America Downgrades iRobot to Neutral,-2.9759535565972333,IROBOT CORP,4.558827728033066,0.9663924857985062,3.4663896232570712,-9.198588877916336,-11.984212692658435,-14.959260599937052
2019-10-23,90971.0,iRobot Option Alert: Nov 15 $55 Calls at the Ask: 1000 @ $0.451 vs 768 OI; Ref=$48.36,-9.198588877916336,IROBOT CORP,-2.975953556597233,-0.2038367376672512,0.8153233264662108,-3.0678199604153633,-6.344253520768994,-6.780538803585312
2019-10-23,90971.0,"Analysts: iRobot Will Struggle Due To Trade Issues, Increasing Competition",-9.198588877916336,IROBOT CORP,-2.975953556597233,-0.2038367376672512,0.8153233264662108,-3.0678199604153633,-6.344253520768994,-6.780538803585312
2019-10-23,90971.0,"Piper Jaffray Reiterates Neutral on iRobot, Lowers Price Target to $51",-9.198588877916336,IROBOT CORP,-2.975953556597233,-0.2038367376672512,0.8153233264662108,-3.0678199604153633,-6.344253520768994,-6.780538803585312
2019-10-23,90971.0,"JP Morgan Maintains Neutral on iRobot, Lowers Price Target to $40",-9.198588877916336,IROBOT CORP,-2.975953556597233,-0.2038367376672512,0.8153233264662108,-3.0678199604153633,-6.344253520768994,-6.780538803585312
2019-10-23,90971.0,IRobot shares are trading lower after the company narrowed its FY19 revenue guidance from $1.2 - $1.25 billion to $1.2 - $1.21 billion and its operating income guidance from $75 - $100 million to $75 - $80 million,-9.198588877916336,IROBOT CORP,-2.975953556597233,-0.2038367376672512,0.8153233264662108,-3.0678199604153633,-6.344253520768994,-6.780538803585312
2019-10-22,90971.0,IRobot shares are trading lower after the company narrowed FY19 revenue guidance from $1.2 - $1.25 billion to $1.2 - $1.21 billion. The company also rolled back its pricing to pre-tariff levels.,-3.067819960415363,IROBOT CORP,-9.198588877916336,-9.124561321181757,-6.385336263990071,-3.380129858851433,-3.830223194870652,-2.7225087455619246
2019-10-22,90971.0,iRobot Q3 Adj. EPS $1.50 vs $1.34 In Same Qtr. Last Year,-3.067819960415363,IROBOT CORP,-9.198588877916336,-9.124561321181757,-6.385336263990071,-3.380129858851433,-3.830223194870652,-2.7225087455619246
2019-10-22,90971.0,"iRobot Shares Resume Trade, Up 10%",-3.067819960415363,IROBOT CORP,-9.198588877916336,-9.124561321181757,-6.385336263990071,-3.380129858851433,-3.830223194870652,-2.7225087455619246
2019-10-22,90971.0,iRobot Shares To Resume Trade At 4:20p.m. EDT,-3.067819960415363,IROBOT CORP,-9.198588877916336,-9.124561321181757,-6.385336263990071,-3.380129858851433,-3.830223194870652,-2.7225087455619246
2019-10-22,90971.0,"iRobot Sees FY19 EPS $2.60-$2.80 vs $2.58 Est., Sales $1.2B-$1.21B vs $1.2B Est.",-3.067819960415363,IROBOT CORP,-9.198588877916336,-9.124561321181757,-6.385336263990071,-3.380129858851433,-3.830223194870652,-2.7225087455619246
2019-10-22,90971.0,"iRobot Q3 EPS $1.24 Does Not Compare To $0.52 Estimate, Sales $289.4M Beat $259.38M Estimate",-3.067819960415363,IROBOT CORP,-9.198588877916336,-9.124561321181757,-6.385336263990071,-3.380129858851433,-3.830223194870652,-2.7225087455619246
2019-10-22,90971.0,iRobot Shares Halted News Pending,-3.067819960415363,IROBOT CORP,-9.198588877916336,-9.124561321181757,-6.385336263990071,-3.380129858851433,-3.830223194870652,-2.7225087455619246
2019-10-16,90971.0,SharkNinja Sues iRobot For Judgment That It Does Not Infringe iRobot Patents,-0.813573133200407,IROBOT CORP,1.1518321931362152,-14.380450199576,-14.554974296694567,3.586157411336899,1.6540534020053288,4.561086656130708
2019-10-16,90971.0,"JP Morgan Maintains Neutral on iRobot, Lowers Price Target to $69",-0.813573133200407,IROBOT CORP,1.1518321931362152,-14.380450199576,-14.554974296694567,3.586157411336899,1.6540534020053288,4.561086656130708
2019-10-15,90971.0,iRobot Files For A Preliminary Injunction Against SharkNinja For Patent Infringement,3.586157411336899,IROBOT CORP,-0.813573133200407,-6.473951123622301,-15.007792804625797,-1.8652144819498062,0.9411771506518951,0.45028803109949944
2019-10-09,90971.0,UPDATE: Raymond James Downgrades iRobot To Underperform As Firm Thinks 'Street models aren't reflecting the beginning of a meaningful commoditization cycle across the RVC category',-3.3089477568864822,IROBOT CORP,-0.48631206154823303,3.206049535084232,-11.635445021258285,-2.3137131705880165,-3.8190997442771435,-3.1213130845471837
2019-10-09,90971.0,IRobot shares are trading lower after Raymond James downgraded the company's stock from Market Perform to Underperform.,-3.3089477568864822,IROBOT CORP,-0.48631206154823303,3.206049535084232,-11.635445021258285,-2.3137131705880165,-3.8190997442771435,-3.1213130845471837
2019-10-09,90971.0,Raymond James Downgrades iRobot to Underperform,-3.3089477568864822,IROBOT CORP,-0.48631206154823303,3.206049535084232,-11.635445021258285,-2.3137131705880165,-3.8190997442771435,-3.1213130845471837
2019-10-29,92596.0,"Iridium Raises FY19 Guidance: Total Service Sales From ~$440M To $445M-$450M, OEBITDA Narrowed From $325M-$335M To $330M",2.034304849803448,IRIDIUM COMMUNICATIONS INC,-1.6028141602873802,-1.4073520428392383,-4.7302544965927895,2.326529286801815,3.1262863656042583,3.9386351404379294
2019-10-29,92596.0,"Iridium Communications Q3 EPS $(0.14) Misses $(0.13) Estimate, Sales $144.785M Beat $142.05M Estimate",2.034304849803448,IRIDIUM COMMUNICATIONS INC,-1.6028141602873802,-1.4073520428392383,-4.7302544965927895,2.326529286801815,3.1262863656042583,3.9386351404379294
2019-10-09,92596.0,Iridium Communications shares are trading higher after Sidoti & Co upgraded the stock from Neutral to Buy and announced a price target of $26 per share.,7.4291326105594635,IRIDIUM COMMUNICATIONS INC,1.9563253968954086,8.166515455717583,9.736129811511418,-0.04885309608653188,-0.34097223982059166,-0.7759541895567934
2019-10-09,92596.0,"Sidoti & Co. Upgrades Iridium Communications to Buy, Announces $26 Price Target",7.4291326105594635,IRIDIUM COMMUNICATIONS INC,1.9563253968954086,8.166515455717583,9.736129811511418,-0.04885309608653188,-0.34097223982059166,-0.7759541895567934
2019-10-01,92596.0,US Department of Defense Awards Iridium 5-Year Gateway Evolution Contract Worth Up To $76M,0.3289459273219109,IRIDIUM COMMUNICATIONS INC,-3.09133417904377,-4.1686243451652505,11.241215681317573,-1.2070576660335064,-3.7104058836061826,-3.7104058836061826
2019-10-28,83145.0,IRIDEX Names Robert Gunst Chair; Ruediger Naumann-Etienee To Leave As Lead Independent Director,-2.150535583496094,IRIDEX CORP,0.5494500044733286,3.296699785934387,10.989005853263523,2.0016439259052277,2.1978000667952635,2.046414145648945
2019-10-30,14807.0,iRadimed Sees Q4 Adj. EPS $0.19-$0.21 vs $0.23 Estimate; FY19 Adj. EPS $0.75-$0.77 vs $0.72 Est.,5.6808631867170325,IRADIMED CORP,-0.19762543961405754,-9.802369849584302,-7.154148161193763,0.251262029632926,-0.12515136742379251,1.4406786666633753
2019-10-30,14807.0,"iRadimed Q3 Adj. EPS $0.23 Beats $0.15 Estimate, Sales $9.963M Beat $9.78M Estimate",5.6808631867170325,IRADIMED CORP,-0.19762543961405754,-9.802369849584302,-7.154148161193763,0.251262029632926,-0.12515136742379251,1.4406786666633753
2019-10-08,14807.0,IRADIMED Resolves FDA Warning Letter Related To Its Infusion Pump System,-1.5652967616915698,IRADIMED CORP,-1.090412400662899,-1.0904125002088705,7.360285964061486,0.4492380190640688,2.3809543938786204,4.583730081414861
2019-10-30,12920.0,IF Bancorp Q1 EPS $0.33 Up From $0.25 YoY,0.0,I F BANCORP INC,5.5288538336753845,3.3653884937781875,8.413462252983894,-0.09606367675587535,-2.8037400907432897,-2.712815403238622
2019-10-30,14071.0,"Independence Realty Trust Q3 Adj. FFO $0.19, Same YoY, EPS $0.05",1.3861388899385931,INDEPENDENCE REALTY TRUST INC,0.2604164183139801,-5.5989559756404965,-5.7942666901660385,0.5308554973453283,0.9999974599652184,0.7313807126246186
2019-10-21,14071.0,JMP Securities Downgrades Independence Realty Trust to Market Perform,0.26613415684551,INDEPENDENCE REALTY TRUST INC,-0.4644969943910837,4.224385286022425e-08,-1.1280694211103337,0.06657306803390384,0.8724840244515697,1.5540509332759411
2019-10-31,93264.0,Ironwood Pharmaceuticals shares are trading higher after the company reported better-than-expected Q3 EPS and sales results.,6.468713283538818,IRONWOOD PHARMACEUTICALS INC,3.286851942539215,8.466139266211204,15.537852994617495,-2.2797856479883194,0.42598469254913063,3.0601169271522233
2019-10-31,93264.0,"Ironwood Pharmaceuticals Earlier Reported Q3 Adj. EPS $0.4 Beats $0.1 Estimate, Sales $131.167M Beat $96.38M Estimate",6.468713283538818,IRONWOOD PHARMACEUTICALS INC,3.286851942539215,8.466139266211204,15.537852994617495,-2.2797856479883194,0.42598469254913063,3.0601169271522233
2019-10-31,75754.0,"Issuer Direct Q3 EPS $0.11, Same YoY, Sales $4.019M Up From $3.255M YoY",-0.1901184092275798,ISSUER DIRECT CORP,2.380952425301075,2.952385083615061,-1.0485692777573719,0.0,1.0566821321845055,-0.5417225216719168
2019-10-31,79698.0,Gartner shares are trading higher after the company reported better-than-expected Q3 EPS and sales results.,5.05216047167778,GARTNER INC,1.3045135885477066,3.8421587213181008,2.907577715580323,1.075044833123684,0.39013831146135214,0.4313920450442321
2019-10-31,79698.0,"Gartner Reaffirms FY19 Adj. EPS $3.39-$3.64 vs $3.53 Estimate, Sales $4.22B-$4.26B vs $4.24B Est.",5.05216047167778,GARTNER INC,1.3045135885477066,3.8421587213181008,2.907577715580323,1.075044833123684,0.39013831146135214,0.4313920450442321
2019-10-31,79698.0,"Gartner Q3 Adj. EPS $0.7 Beats $0.43 Estimate, Sales $1.001B Beat $991.95M Estimate",5.05216047167778,GARTNER INC,1.3045135885477066,3.8421587213181008,2.907577715580323,1.075044833123684,0.39013831146135214,0.4313920450442321
2019-10-02,14432.0,Intra-Cellular Therapies shares are trading higher on a potential rebound after the stock dropped more than 10% yesterday.,8.264461159706116,INTRA CELLULAR THERAPIES INC,2.1628446877002716,-0.4452968259752166,6.870222169787277,-2.8112391009926796,-3.1999968784761967,-6.140916506684391
2019-10-21,79839.0,"Canaccord Genuity Maintains Buy on Itron, Raises Price Target to $87",-0.8669748902320862,ITRON INC,1.5141574665904045,0.6526563297539312,1.031198197401606,1.1121267452836037,1.912167861690861,2.8890935249590743
2019-10-01,79839.0,"Raymond James Maintains Outperform on Itron, Raises Price Target to $82",-3.326120972633362,ITRON INC,1.230765413492918,-0.39160663852004785,5.048951997137485,1.3011873699724674,0.13538914519855005,-1.883786525140374
2019-10-28,56573.0,"Morgan Stanley Maintains Underweight on Illinois Tool Works, Raises Price Target to $142",-1.0884087532758708,ILLINOIS TOOL WORKS INC,1.4652172103524208,3.27174129035368,3.1187493242927466,7.294068485498428,6.298330679100772,6.331226092665476
2019-10-28,56573.0,"Credit Suisse Maintains Neutral on Illinois Tool Works, Raises Price Target to $152",-1.0884087532758708,ILLINOIS TOOL WORKS INC,1.4652172103524208,3.27174129035368,3.1187493242927466,7.294068485498428,6.298330679100772,6.331226092665476
2019-10-28,56573.0,"UBS Maintains Neutral on Illinois Tool Works, Raises Price Target to $168",-1.0884087532758708,ILLINOIS TOOL WORKS INC,1.4652172103524208,3.27174129035368,3.1187493242927466,7.294068485498428,6.298330679100772,6.331226092665476
2019-10-28,56573.0,"Wells Fargo Maintains Outperform on Illinois Tool Works, Raises Price Target to $190",-1.0884087532758708,ILLINOIS TOOL WORKS INC,1.4652172103524208,3.27174129035368,3.1187493242927466,7.294068485498428,6.298330679100772,6.331226092665476
2019-10-25,56573.0,Illinois Tool Works shares are trading higher after the company reported better-than-expected Q3 EPS results and reaffirmed its FY19 GAAP EPS $7.55 - $7.85.,7.294068485498428,ILLINOIS TOOL WORKS INC,-1.0884087532758713,0.5703949736616476,2.6773795820814072,-0.928045529872179,-0.8973864132695186,0.40127861421230815
2019-10-25,56573.0,ITW Reaffirms FY19 GAAP EPS $7.55-$7.85,7.294068485498428,ILLINOIS TOOL WORKS INC,-1.0884087532758713,0.5703949736616476,2.6773795820814072,-0.928045529872179,-0.8973864132695186,0.40127861421230815
2019-10-25,56573.0,"Illinois Tool Works Q3 EPS $2.04 May Not Compare To $1.94 Estimate, Sales $3.479B Miss $3.54B Estimate",7.294068485498428,ILLINOIS TOOL WORKS INC,-1.0884087532758713,0.5703949736616476,2.6773795820814072,-0.928045529872179,-0.8973864132695186,0.40127861421230815
2019-10-16,56573.0,"Morgan Stanley Maintains Underweight on Illinois Tool Works, Lowers Price Target to $136",-0.006425990432035178,ILLINOIS TOOL WORKS INC,0.7704238872975111,3.768625148061955,9.277100819573114,1.1887759901583195,0.8024367283183897,3.9159510962201827
2019-10-15,56573.0,"Citigroup Maintains Neutral on Illinois Tool Works, Lowers Price Target to $155",1.188775990158319,ILLINOIS TOOL WORKS INC,-0.006425990432035178,3.7298564206435625,10.695247731620427,-0.38180050905793905,2.695135976669105,3.8801539054761136
2019-10-28,82587.0,"Intevac Q3 EPS $(0.02) Beats $(0.07) Estimate, Sales $26.3M Beat $25.07M Estimate",0.9157544001936913,INTEVAC INC,3.44826802611351,4.355712384823351,13.248629686744383,3.213611990213394,6.019416214279061,5.405409581104714
2019-10-24,19583.0,"Deutsche Bank Maintains Hold on Invesco, Raises Price Target to $18",-1.9675934687256809,INVESCO LTD,0.6493429653346539,-0.7083873620500669,7.319951347714881,7.797878980636597,6.996911148735574,8.747642268474841
2019-10-24,19583.0,"Barclays Maintains Equal-Weight on Invesco, Raises Price Target to $17",-1.9675934687256809,INVESCO LTD,0.6493429653346539,-0.7083873620500669,7.319951347714881,7.797878980636597,6.996911148735574,8.747642268474841
2019-10-24,19583.0,"BMO Capital Maintains Market Perform on Invesco, Lowers Price Target to $17",-1.9675934687256809,INVESCO LTD,0.6493429653346539,-0.7083873620500669,7.319951347714881,7.797878980636597,6.996911148735574,8.747642268474841
2019-10-24,19583.0,"Wells Fargo Maintains Market Perform on Invesco, Raises Price Target to $18",-1.9675934687256809,INVESCO LTD,0.6493429653346539,-0.7083873620500669,7.319951347714881,7.797878980636597,6.996911148735574,8.747642268474841
2019-10-23,19583.0,Invesco shares are trading higher after the company reported better-than-expected Q3 EPS results.,7.797878980636597,INVESCO LTD,-1.9675934687256813,-2.314823536348165,4.3981493917961245,-0.74302745051682,0.8810593462686311,2.5591846473552504
2019-10-23,19583.0,"Invesco Q3 EPS $0.7 Beats $0.57 Estimate, Sales $1.23B Inline",7.797878980636597,INVESCO LTD,-1.9675934687256813,-2.314823536348165,4.3981493917961245,-0.74302745051682,0.8810593462686311,2.5591846473552504
2019-10-21,19583.0,"Morgan Stanley Maintains Equal-Weight on Invesco, Lowers Price Target to $19",1.636244542896748,INVESCO LTD,-0.74302745051682,7.368424804798357,10.092886608744678,1.6634691506624222,1.5335510058051227,0.6333146391570565
2019-10-08,19583.0,"Morgan Stanley Maintains Equal-Weight on Invesco, Lowers Price Target to $20",-2.225044183433056,INVESCO LTD,0.06502099568024278,2.6657986332871086,4.22627140584535,-1.0069276206195354,-0.2536519516005753,0.12730429177723046
2019-10-08,19583.0,"BMO Capital Initiates Coverage On Invesco with Market Perform Rating, Announces $18 Price Target",-2.225044183433056,INVESCO LTD,0.06502099568024278,2.6657986332871086,4.22627140584535,-1.0069276206195354,-0.2536519516005753,0.12730429177723046
2019-10-18,77453.0,"SunTrust Robinson Humphrey Maintains Buy on Jack In The Box, Lowers Price Target to $106",-0.5327763501554729,JACK IN THE BOX INC,-1.222630962729454,-1.793200925953753,-4.145316209943351,-0.3002334153279662,-1.449611067553358,-2.857786843546206
2019-10-14,92096.0,"Bernstein Earlier Reinstated Market Perform on Jazz Pharmaceuticals, Announced $150 Price Target",-0.8595235645771027,JAZZ PHARMACEUTICALS PLC,0.339992786757648,2.906925796164339,5.635356707861439,0.601898180320859,-0.20183788946115389,0.07589507498630965
2019-10-10,92096.0,Jazz Pharmaceuticals Announces First Patient Enrolled In Phase 2 Clinical Trial Evaluating Defibrotide For The Prevention Of CAR-T Associated Neurotoxicity,-0.7989273406565189,JAZZ PHARMACEUTICALS PLC,0.601898180320859,2.687350154175139,4.68802887305817,0.27829466853290796,-5.318889277684091,-5.51449746684961
2019-10-07,92096.0,Jazz Pharmaceuticals CFO Matthew Young To Resign,-0.20659684669226408,JAZZ PHARMACEUTICALS PLC,-5.581650510430336,-6.32215552136719,-3.599010094927113,-0.35629814956337214,1.198132699484744,-0.6395113950074305
2019-10-30,42877.0,JB Hunt Adjustments For Q3 Earnings: EPS $1.10,-1.100752130150795,HUNT J B TRANSPORT SERVICES INC,-0.11894595809280872,1.886152360062776,-0.7891394479019986,1.9008487462997437,1.9357620430945133,2.807532811564606
2019-10-30,42877.0,JB Hunt Offers Arbitration Update,-1.100752130150795,HUNT J B TRANSPORT SERVICES INC,-0.11894595809280872,1.886152360062776,-0.7891394479019986,1.9008487462997437,1.9357620430945133,2.807532811564606
2019-10-23,42877.0,Railroads Face Major Challenges To Jump-Start Their Intermodal Business,-0.41758809238672256,HUNT J B TRANSPORT SERVICES INC,-0.9328166954219341,0.7274271510725683,2.6272998955130467,1.6987338662147522,1.5227500299581198,0.99844728949261
2019-10-21,42877.0,FreightWaves Announces 2020 FreightTech 100,-0.17304427456110721,HUNT J B TRANSPORT SERVICES INC,1.6987338662147522,1.2220521320472688,4.576188910339618,-0.5164386704564095,-0.06052716884452636,3.5663114090779935
2019-10-17,42877.0,Key Freight Market Indicators Drag Down Carrier Pricing Power This Week,0.45827822759747516,HUNT J B TRANSPORT SERVICES INC,-0.5164386704564095,-0.36150635404198495,1.1878098070964738,3.6290351301431656,5.539331722983243,4.802902784741492
2019-10-16,42877.0,JB Hunt Sees Some Cost Headwinds From Digital Transformation,3.6290351301431665,HUNT J B TRANSPORT SERVICES INC,0.45827822759747505,1.037610871508421,1.772585885782818,1.8433989956974983,1.1327594174008304,3.7367509034357704
2019-10-16,42877.0,JB Hunt shares are trading higher after the company reported better-than-expected Q3 sales despite missing on EPS.,3.6290351301431665,HUNT J B TRANSPORT SERVICES INC,0.45827822759747505,1.037610871508421,1.772585885782818,1.8433989956974983,1.1327594174008304,3.7367509034357704
2019-10-16,42877.0,"UBS Maintains Neutral on JB Hunt Transport Servs, Raises Price Target to $114",3.6290351301431665,HUNT J B TRANSPORT SERVICES INC,0.45827822759747505,1.037610871508421,1.772585885782818,1.8433989956974983,1.1327594174008304,3.7367509034357704
2019-10-16,42877.0,"Morgan Stanley Maintains Equal-Weight on JB Hunt Transport Servs, Lowers Price Target to $86",3.6290351301431665,HUNT J B TRANSPORT SERVICES INC,0.45827822759747505,1.037610871508421,1.772585885782818,1.8433989956974983,1.1327594174008304,3.7367509034357704
2019-10-15,42877.0,"JB Hunt Transport Servs Q3 EPS $1.40  Misses $1.45 Estimate, Sales $2.4B Beat $2.35B Estimate",1.8433989956974979,HUNT J B TRANSPORT SERVICES INC,3.6290351301431656,5.143367447086256,6.639788524201462,-0.6977767683565617,1.8590816159015588,3.348111934568232
2019-10-15,42877.0,Q3 Earnings Outlook For JB Hunt Transport,1.8433989956974979,HUNT J B TRANSPORT SERVICES INC,3.6290351301431656,5.143367447086256,6.639788524201462,-0.6977767683565617,1.8590816159015588,3.348111934568232
2019-10-14,42877.0,Cass Says Data Continues To Point Toward Economic Contraction,-0.6977767683565617,HUNT J B TRANSPORT SERVICES INC,1.8433989956974983,5.2929325231470425,6.579667049941285,2.5748249143362045,4.074318349838846,4.118505297921016
2019-10-08,42877.0,"Today's Pickup: JB Hunt, Schneider Lead SmartWay Excellence Award Winners",-1.9655905663967128,HUNT J B TRANSPORT SERVICES INC,0.04245711024850607,5.2979174719401945,10.713776281651711,-0.43286168947815895,-0.6159203735525587,1.3404576584268302
2019-10-08,42877.0,Susquehanna Downgrades JB Hunt Transport Servs to Neutral,-1.9655905663967128,HUNT J B TRANSPORT SERVICES INC,0.04245711024850607,5.2979174719401945,10.713776281651711,-0.43286168947815895,-0.6159203735525587,1.3404576584268302
2019-10-16,79094.0,Jabil Inc Names Kathleen A. Walters To Its Board Of Directors,-1.233216654509306,JABIL INC,1.0266340337693691,0.693673713819809,4.0787941225101765,2.3849671706557274,2.962762669802288,4.705891836480203
2019-10-16,79094.0,"JP Morgan Maintains Overweight on Jabil, Raises Price Target to $38",-1.233216654509306,JABIL INC,1.0266340337693691,0.693673713819809,4.0787941225101765,2.3849671706557274,2.962762669802288,4.705891836480203
2019-10-04,79094.0,Apple's Stock Higher On Reports Of 'Much Busier' iPhone 11 Demand,2.481953054666519,JABIL INC,0.2816172782331705,-0.19712668447251502,1.943121526173286,0.05775471217930317,-0.8867207128630983,-3.1311123438346744
2019-10-04,79094.0,"Bank of America Reiterates Neutral on Jabil, Raises Price Target to $37",2.481953054666519,JABIL INC,0.2816172782331705,-0.19712668447251502,1.943121526173286,0.05775471217930317,-0.8867207128630983,-3.1311123438346744
2019-10-28,89353.0,JetBlue Airways shares are trading higher after JP Morgan upgraded the stock from Neutral to Overweight.,2.505326829850674,JETBLUE AIRWAYS CORP,1.2480488047003746,1.0920488947855578,2.756113903358104,1.790558360517025,-0.6355877097042884,-0.21276080691269295
2019-10-22,89353.0,JetBlue Airways shares are trading higher after the company reported better-than-expected Q3 EPS and sales results.,7.305929064750671,JETBLUE AIRWAYS CORP,0.4255315288901329,3.5638302914914988,4.361710813383812,3.301895037293434,1.9197202616586528,3.2106042151989422
2019-10-22,89353.0,From JetBlue Q3 Earnings Conference Call: Mgmt. Has Made No Changes To 2020 Aircraft Delivery Schedule,7.305929064750671,JETBLUE AIRWAYS CORP,0.4255315288901329,3.5638302914914988,4.361710813383812,3.301895037293434,1.9197202616586528,3.2106042151989422
2019-10-22,89353.0,"JetBlue Airways Q3 EPS $0.59 Beats $0.52 Estimate, Sales $2.09B Beat $2.07B Estimate",7.305929064750671,JETBLUE AIRWAYS CORP,0.4255315288901329,3.5638302914914988,4.361710813383812,3.301895037293434,1.9197202616586528,3.2106042151989422
2019-10-21,89353.0,"Stifel Nicolaus Upgrades JetBlue Airways to Buy, Raises Price Target to $24",3.301895037293434,JETBLUE AIRWAYS CORP,7.305929064750671,9.760268549656725,10.958904349266918,-1.3379955664277077,-0.0883728435587261,-1.021308057523962
2019-10-21,89353.0,JetBlue Shares Up 2.6% From Session Lows; Hearing Stifel Upgraded Stock To Buy,3.301895037293434,JETBLUE AIRWAYS CORP,7.305929064750671,9.760268549656725,10.958904349266918,-1.3379955664277077,-0.0883728435587261,-1.021308057523962
2019-10-10,89353.0,"Morgan Stanley Maintains Equal-Weight on JetBlue Airways, Lowers Price Target to $19",0.8957874961197376,JETBLUE AIRWAYS CORP,-0.2663514344021678,1.7460791600952597,9.085527244626856,1.208829041570425,0.8127647492351286,2.353302088360154
2019-10-10,89353.0,"JetBlue Air Reports Sep. Traffic: RPMs Up 3.4% Year Over Year, ASMs Up 2.5%, Load Factor Up 0.6 Points",0.8957874961197376,JETBLUE AIRWAYS CORP,-0.2663514344021678,1.7460791600952597,9.085527244626856,1.208829041570425,0.8127647492351286,2.353302088360154
2019-10-07,89353.0,"Buckingham Upgrades JetBlue Airways to Buy, Raises Price Target to $22",1.5281173400580879,JETBLUE AIRWAYS CORP,-0.3913337364792824,1.8061362668355896,5.478626284059929,2.1223479881882668,1.48883227875225,-1.0284335593647276
2019-10-02,89353.0,"Morgan Stanley Maintains Equal-Weight on JetBlue Airways, Lowers Price Target to $20",-2.480337768793106,JETBLUE AIRWAYS CORP,-0.6203497294336557,3.8771710882204324,5.303967238910556,-1.3134287670254707,-1.6071343253624248,-2.4203059845230968
2019-10-29,77165.0,John B. Sanfilippo & Son Declares $2/Share Special Dividend,10.250859707593921,SANFILIPPO JOHN B & SON,2.9619500041007996,0.8140464886734922,-1.6771273994635294,-0.6232475861907005,-2.7038397358554844,-3.1420192183971962
2019-10-28,77165.0,"John B Sanfilippo & Son Q1 EPS $1.12 Beats $0.91 Estimate, Sales $217.846M Beat $211.5M Estimate",-0.6232475861907005,SANFILIPPO JOHN B & SON,10.250859707593918,11.310551836187477,7.947662075577822,-2.0936407148838043,-2.5345682677556436,-2.8094020913709383
2019-10-28,92729.0,John Bean Technologies Sees FY19 Adj. EPS $4.80-$4.90 vs $4.83 Est.,2.913074940443039,JOHN BEAN TECHNOLOGIES CORP,-1.04769729077816,0.9649876128924761,0.6249428841176741,0.2845518756657839,-1.5274279549144065,-0.22647720510694525
2019-10-28,92729.0,"John Bean Technologies Q3 Adj. EPS $1.28 Beats $1.08 Estimate, Sales $489.4M Miss $508.2M Estimate",2.913074940443039,JOHN BEAN TECHNOLOGIES CORP,-1.04769729077816,0.9649876128924761,0.6249428841176741,0.2845518756657839,-1.5274279549144065,-0.22647720510694525
2019-10-10,92729.0,"JP Morgan Maintains Underweight on John Bean Technologies, Raises Price Target to $96",0.1231302507221699,JOHN BEAN TECHNOLOGIES CORP,4.037707298994064,8.423858514508598,8.044679680630807,2.2129004821181297,1.499690128551845,0.5882956587435206
2019-10-21,45356.0,Johnson Controls Intl Option Alert: Jan 17 $45 Calls at the Ask: 10202 @ $0.72 vs 1868 OI; Earnings 11/7 Before Open [est] Ref=$42.62,1.2903247959911819,JOHNSON CONTROLS INTL PLC,0.7077123038470745,0.6605303234155979,4.883226620626235,-1.7144277691841125,-0.35714654313676597,-0.8293893355661552
2019-10-10,45356.0,"JP Morgan Maintains Neutral on Johnson Controls Intl, Raises Price Target to $41",0.4567366559058428,JOHNSON CONTROLS INTL PLC,2.2254135459661484,1.8904066457646307,1.2203836676999202,0.7020021788775921,-1.5151590795908443,-1.97926528360437
2019-10-22,14655.0,Vertical Group Earlier Initiated Coverage On JD.com with Buy Rating,-2.449243329465389,J D COM INC,1.618763618171215,4.988438021994002,8.952755524097157,3.675243631005287,0.9433993259167162,-0.6722120117551134
2019-10-21,14655.0,JD.com Option Alert: Nov 29 $27.5 Puts at the Bid: 3500 @ $0.531 vs 2 OI; Earnings 11/18 Before Open [est] Ref=$30.75,3.675243631005287,J D COM INC,-2.4492433294653893,2.2558776324873575,6.735411721299855,-2.635001577436924,-4.193340175050464,-3.4516119031284043
2019-10-11,14655.0,"86 Research Upgrades JD.com to Buy, Raises Price Target to $41",3.9538107812404633,J D COM INC,0.40390724316239357,0.7404956266726659,4.880514570267924,0.7047243416309357,3.0652736220232013,-0.9358767964774195
2019-10-09,14655.0,JD.Com shares are trading higher in sympathy with the overall market on renewed optimism in the upcoming U.S.-China trade talks.,2.344030328094959,J D COM INC,0.7047243416309357,10.077521735794948,8.386191530024778,-3.8821518421173096,-4.3463270622613015,-3.7152767369019846
2019-10-07,14655.0,JD.com Option Alert: Nov 8 $30.5 Calls at the Ask: 1000 @ $0.72 vs 1 OI; Earnings 11/18 Before Open [est] Ref=$28.815,-0.48292302526533604,J D COM INC,-3.8821518421173096,3.396878627225486,7.5563268727621535,0.6597240921109915,3.314327643567805,2.837883078097647
2019-10-07,14655.0,JD.com Option Alert: Nov 15 $32 Calls Sweep (43) near the Ask: 900 @ $0.49 vs 16367 OI; Earnings 11/18 Before Open [est] Ref=$28.78,-0.48292302526533604,J D COM INC,-3.8821518421173096,3.396878627225486,7.5563268727621535,0.6597240921109915,3.314327643567805,2.837883078097647
2019-10-02,14655.0,JD.com Option Alert: Fri $28 Puts at the Bid: 3000 @ $0.31 vs 17062 OI; Earnings 11/18 Before Open [est] Ref=$28.125,-0.46116020530462276,J D COM INC,2.637205272912979,1.1404123994365634,11.332859442662402,-0.07089170976541936,1.329981455215612,-4.6991189842435555
2019-10-03,10026.0,J&J Snack Foods Corp. Acquires ICEE Distributor In Louisiana; Terms Not Disclosed,1.196410041302443,J & J SNACK FOODS CORP,1.457089651376009,-0.4511331258602813,1.3741218384875298,0.6549439858645201,-0.7447878690185594,-0.43363982173355575
2019-10-10,93380.0,Dubai Receives Lowest Ever Tariff Bid For Solar PV for 900mw Solar Project,2.732596546411514,JINKOSOLAR HOLDING CO LTD,-0.5066493060439825,-2.4699196626112085,-3.3565529493614132,-4.057431593537331,-1.78913560716214,-4.057431551763835
2019-10-28,85246.0,Dubai Housing Needs Fixing to Avoid Credit Crunch,1.278290059417486,JONES LANG LASALLE INC,0.07424447103403509,1.862847146527713,9.503240325447138,1.1757361702620983,1.0150433787411428,1.5973245818128756
2019-10-31,22111.0,"J&J Shares Unaffected As Hearing Co. Has Recalled Surgical Tool After Death Of Patient, Serious Injuries",-0.6022305693477392,JOHNSON & JOHNSON,-0.6361681036651134,-0.46198165797768365,-0.8179237901358438,2.8775284066796303,2.833258916992931,3.4982391877786956
2019-10-30,22111.0,Johnson & Johnson Says Independent Labs Found No Asbestos In Recalled Powder,2.87752840667963,JOHNSON & JOHNSON,-0.6022305693477392,-1.415228566787774,-1.1818669575147878,-0.04303125315345824,0.6033492354573067,1.2740430250033574
2019-10-30,22111.0,J&J's Janssen Announces Health Canada Approval Of Darzalex In Combination With Lenalidomide And Dexamethasone For Newly Diagnosed Patients With Multiple Myeloma Who Are Transplant Ineligible,2.87752840667963,JOHNSON & JOHNSON,-0.6022305693477392,-1.415228566787774,-1.1818669575147878,-0.04303125315345824,0.6033492354573067,1.2740430250033574
2019-10-30,22111.0,"J&J's Own Expert, Working for FDA, Found Asbestos in Baby Powder",2.87752840667963,JOHNSON & JOHNSON,-0.6022305693477392,-1.415228566787774,-1.1818669575147878,-0.04303125315345824,0.6033492354573067,1.2740430250033574
2019-10-29,22111.0,Johnson & Johnson Shares Resume Trade,-0.04303125315345824,JOHNSON & JOHNSON,2.8775284066796303,1.0033682641585218,1.7236100643946317,0.6466587539762259,1.3176412757098133,-0.5542734638493529
2019-10-29,22111.0,UPDATE: Lab Undertook Probe And Determined That Portable Air Conditioner In Use In Auxiliary Room Was Contaminated With Asbestos,-0.04303125315345824,JOHNSON & JOHNSON,2.8775284066796303,1.0033682641585218,1.7236100643946317,0.6466587539762259,1.3176412757098133,-0.5542734638493529
2019-10-29,22111.0,"UPDATE: Additional 48 New Tests Of Samples From Single Lot Of Oct. 18 Recalled J&J Baby Powder Confirm It Does Not Contain Asbestos; Following Recall, Co. Contracted 2 3rd-party Laboratories To Expedite Large Number Of Tests Of Recalled Lot Of Baby Powder",-0.04303125315345824,JOHNSON & JOHNSON,2.8775284066796303,1.0033682641585218,1.7236100643946317,0.6466587539762259,1.3176412757098133,-0.5542734638493529
2019-10-29,22111.0,Johnson & Johnson Says 15 New Tests From Same Bottle Of Co.'s Baby Powder Previously Tested By FDA Find No Asbestos; Over 60 New Tests Of Recalled Lot Conducted By Two Third Party Laboratories Find No Asbestos,-0.04303125315345824,JOHNSON & JOHNSON,2.8775284066796303,1.0033682641585218,1.7236100643946317,0.6466587539762259,1.3176412757098133,-0.5542734638493529
2019-10-29,22111.0,"Johnson & Johnson Shares Halted, News Pending",-0.04303125315345824,JOHNSON & JOHNSON,2.8775284066796303,1.0033682641585218,1.7236100643946317,0.6466587539762259,1.3176412757098133,-0.5542734638493529
2019-10-25,22111.0,"J&J Says All Product Returned To Company, Whether From Recalled Lot Or Not, Will Be Removed From Marketplace Permanently",0.6666714325547218,JOHNSON & JOHNSON,0.6466587539762259,2.2204835903758102,3.6229011597473715,-1.847570389509201,-1.3157870803116922,-0.40618981908840945
2019-10-24,22111.0,"Credit Suisse Maintains Outperform on Johnson & Johnson, Raises Price Target to $163",-1.847570389509201,JOHNSON & JOHNSON,0.6666714325547218,3.5607789965754977,3.0823471927525325,0.5417933221906424,1.4685123701377423,1.7227854208593518
2019-10-23,22111.0,"J&J Confirms Deal In Principle To Settle Opioid Litigation As Publicly Announced, Outlined By Committee Of State Attorneys General",0.5417933221906424,JOHNSON & JOHNSON,-1.847570389509201,2.263281450804566,0.8160222783782034,0.9217252023518085,1.174628042374537,-5.118602915251591
2019-10-23,22111.0,"J&J Medical Devices Unit Auris Health Reports Results From BENEFIT Study Showing Safety, Feasibility Of Monarch Platform",0.5417933221906424,JOHNSON & JOHNSON,-1.847570389509201,2.263281450804566,0.8160222783782034,0.9217252023518085,1.174628042374537,-5.118602915251591
2019-10-21,22111.0,How Much Litigation Risk Is Priced Into Johnson & Johnson?,0.2505930606275797,JOHNSON & JOHNSON,0.9217252023518085,0.9060993319073951,1.726286059122284,-6.220167130231857,-5.526375368630876,-3.869316403383327
2019-10-21,22111.0,"J&J's Actelion Pharma Reports Safety, Tolerability Findings From Trial Of Opsumit, Tadalafil Combo Therapy Consistent vs Previous Trials, Was Well Tolerated",0.2505930606275797,JOHNSON & JOHNSON,0.9217252023518085,0.9060993319073951,1.726286059122284,-6.220167130231857,-5.526375368630876,-3.869316403383327
2019-10-18,22111.0,"FDA Alerts Consumers Of Voluntary Recall Of Johnson & Johnson's Baby Powder; Says That Testing Has Found That A Sample For One Lot Of The Product Contains Chrysotile Fibers, A Type Of Asbestos",-6.220167130231857,JOHNSON & JOHNSON,0.2505930606275797,0.5090126855171517,2.740798819047807,0.73980912566185,2.506776409074152,4.169214229696783
2019-10-18,22111.0,From J&J Conference Call To Discuss Powder Recall: Probe Into Asbestos Contamination Of Talc Could Take Up To 30 Days Or More,-6.220167130231857,JOHNSON & JOHNSON,0.2505930606275797,0.5090126855171517,2.740798819047807,0.73980912566185,2.506776409074152,4.169214229696783
2019-10-18,22111.0,Johnson & Johnson Voluntarily Recalls A Batch Of Baby Powder,-6.220167130231857,JOHNSON & JOHNSON,0.2505930606275797,0.5090126855171517,2.740798819047807,0.73980912566185,2.506776409074152,4.169214229696783
2019-10-18,22111.0,Johnson & Johnson shares are trading lower after the company recalled 1 lot of baby powder due to trace levels of asbestos.,-6.220167130231857,JOHNSON & JOHNSON,0.2505930606275797,0.5090126855171517,2.740798819047807,0.73980912566185,2.506776409074152,4.169214229696783
2019-10-18,22111.0,UPDATE: J&J Reports Its Consumer Unit's Recall Of Baby Powder Related To 'test indicating the presence of sub-trace levels of chrysotile asbestos contamination',-6.220167130231857,JOHNSON & JOHNSON,0.2505930606275797,0.5090126855171517,2.740798819047807,0.73980912566185,2.506776409074152,4.169214229696783
2019-10-18,22111.0,J&J's Consumer Unit To Voluntarily Recall1 Lot Of Johnson's Baby Powder,-6.220167130231857,JOHNSON & JOHNSON,0.2505930606275797,0.5090126855171517,2.740798819047807,0.73980912566185,2.506776409074152,4.169214229696783
2019-10-18,22111.0,European Medicines Agency Reports Positive Opinion From CHMP For J&J's Combo Treatment In Adults With Treatment-Resistant Major Depressive Disorder,-6.220167130231857,JOHNSON & JOHNSON,0.2505930606275797,0.5090126855171517,2.740798819047807,0.73980912566185,2.506776409074152,4.169214229696783
2019-10-17,22111.0,J&J's Janssen Presents Four-Year TREMFYA Data Showing Maintained Rates Of Skin Clearance In Adult Patients With Moderate To Severe Plaque Psoriasis,0.73980912566185,JOHNSON & JOHNSON,-6.220167130231857,-6.367040079711939,-3.0329773089983747,1.7539910972118378,3.4042203710721086,2.923929221036392
2019-10-17,22111.0,"Ohio AG Yost Says Multi-State Settlement Requires Johnson & Johnson, Ethicon Inc To Pay About $117M For 'Deceptive Marketing Of Transvaginal Surgical Mesh Devices'",0.73980912566185,JOHNSON & JOHNSON,-6.220167130231857,-6.367040079711939,-3.0329773089983747,1.7539910972118378,3.4042203710721086,2.923929221036392
2019-10-17,22111.0,Ohio AG Dave Yost Announces $117M Multi-State Settlement With Johnson & Johnson,0.73980912566185,JOHNSON & JOHNSON,-6.220167130231857,-6.367040079711939,-3.0329773089983747,1.7539910972118378,3.4042203710721086,2.923929221036392
2019-10-16,22111.0,"Analysts, Investors Like Johnson & Johnson's Improvement, But Lawsuits Loom",1.7539910972118382,JOHNSON & JOHNSON,0.73980912566185,-3.89879753692427,-1.7237568475773624,1.6217833384871483,1.1497712386601577,2.928869418190616
2019-10-16,22111.0,"Credit Suisse Maintains Outperform on Johnson & Johnson, Raises Price Target to $158",1.7539910972118382,JOHNSON & JOHNSON,0.73980912566185,-3.89879753692427,-1.7237568475773624,1.6217833384871483,1.1497712386601577,2.928869418190616
2019-10-16,22111.0,"Wells Fargo Maintains Outperform on Johnson & Johnson, Lowers Price Target to $155",1.7539910972118382,JOHNSON & JOHNSON,0.73980912566185,-3.89879753692427,-1.7237568475773624,1.6217833384871483,1.1497712386601577,2.928869418190616
2019-10-16,22111.0,Johnson & Johnson shares are trading higher after it was reported the company has offered $4 billion to settle opioid claims. Atlantic Equities analysts also upgraded the company's stock from Underweight to Neutral.,1.7539910972118382,JOHNSON & JOHNSON,0.73980912566185,-3.89879753692427,-1.7237568475773624,1.6217833384871483,1.1497712386601577,2.928869418190616
2019-10-16,22111.0,Atlantic Equities Upgrades Johnson & Johnson to Neutral,1.7539910972118382,JOHNSON & JOHNSON,0.73980912566185,-3.89879753692427,-1.7237568475773624,1.6217833384871483,1.1497712386601577,2.928869418190616
2019-10-16,22111.0,J&J Makes $4B Offer to Settle Opioid Claims,1.7539910972118382,JOHNSON & JOHNSON,0.73980912566185,-3.89879753692427,-1.7237568475773624,1.6217833384871483,1.1497712386601577,2.928869418190616
2019-10-15,22111.0,UPDATE: J&J Also In Talks To Contribute Added Money For Opioid Litigation,1.6217833384871478,JOHNSON & JOHNSON,1.7539910972118378,-2.7401384365311365,-2.7970429920460504,-0.4644792526960373,1.2862262762598498,1.1608109590321103
2019-10-15,22111.0,Missouri Appeals Court Overturns Talc Case In Which Jury Had Awarded $110M To Virginia Woman,1.6217833384871478,JOHNSON & JOHNSON,1.7539910972118378,-2.7401384365311365,-2.7970429920460504,-0.4644792526960373,1.2862262762598498,1.1608109590321103
2019-10-15,22111.0,Relmada Shares Hit 4-Year High As Depression Drug Aces Midstage Trial,1.6217833384871478,JOHNSON & JOHNSON,1.7539910972118378,-2.7401384365311365,-2.7970429920460504,-0.4644792526960373,1.2862262762598498,1.1608109590321103
2019-10-15,22111.0,"Johnson & Johnson Trades Higher On Q3 Beat-And-Raise, Despite Legal Entanglements",1.6217833384871478,JOHNSON & JOHNSON,1.7539910972118378,-2.7401384365311365,-2.7970429920460504,-0.4644792526960373,1.2862262762598498,1.1608109590321103
2019-10-15,22111.0,Johnson & Johnson shares are trading higher after the company reported better-than-expected Q3 EPS and sales results. The company also raised its FY19 EPS guidance.,1.6217833384871478,JOHNSON & JOHNSON,1.7539910972118378,-2.7401384365311365,-2.7970429920460504,-0.4644792526960373,1.2862262762598498,1.1608109590321103
2019-10-15,22111.0,Johnson & Johnson Raises FY19 Adj. Operational EPS Guidance From $8.73-$8.83 To $8.84-$8.89,1.6217833384871478,JOHNSON & JOHNSON,1.7539910972118378,-2.7401384365311365,-2.7970429920460504,-0.4644792526960373,1.2862262762598498,1.1608109590321103
2019-10-15,22111.0,"Johnson & Johnson Q3 Adj. EPS $2.12 Beats $2 Estimate, Sales $20.73B Beat $20.09B Estimate",1.6217833384871478,JOHNSON & JOHNSON,1.7539910972118378,-2.7401384365311365,-2.7970429920460504,-0.4644792526960373,1.2862262762598498,1.1608109590321103
2019-10-14,22111.0,"Raymond James Maintains Outperform on Johnson & Johnson, Lowers Price Target to $145",-0.4644792526960373,JOHNSON & JOHNSON,1.6217833384871483,-2.0654813468868216,-1.1780973276642515,1.7588751390576363,1.632874575353216,-0.3868284731462279
2019-10-14,22111.0,Congo to Begin Using J&J Ebola Vaccine in November,-0.4644792526960373,JOHNSON & JOHNSON,1.6217833384871483,-2.0654813468868216,-1.1780973276642515,1.7588751390576363,1.632874575353216,-0.3868284731462279
2019-10-11,22111.0,Bernstein Upgrades Johnson & Johnson to Outperform,1.7588751390576358,JOHNSON & JOHNSON,-0.4644792526960373,-2.764033451862058,-2.2690900472468356,-0.1238226774148643,-2.108615694966831,-3.0790072712008176
2019-10-09,22111.0,Johnson & Johnson Hit With $8B Verdict In Risperdal Lawsuit,-1.987253688275814,JOHNSON & JOHNSON,-0.1238226774148643,4.604547893241251,0.5262283564688053,-0.9912941604852676,-1.3616693698941251,0.49545995054738334
2019-10-09,22111.0,Jury Says J&J Must Pay $8B In Case Over Male Breast Growth Linked To Risperdal,-1.987253688275814,JOHNSON & JOHNSON,-0.1238226774148643,4.604547893241251,0.5262283564688053,-0.9912941604852676,-1.3616693698941251,0.49545995054738334
2019-10-03,22111.0,J&J's Janssen Reports FDA Breakthrough Therapy Designation Granted For Niraparib For Treatment Of Metastatic Castration-Resistant Prostate Cancer,-0.6136345211416483,JOHNSON & JOHNSON,1.8827663734555244,-1.6236030906989662,3.796017577782451,1.5462685376405716,2.0250386999560055,2.64385209027469
2019-10-02,22111.0,J&J's Janssen Submits Supplemental New Drug Application To FDA For SPRAVATO CIII Nasal Spray For The Rapid Reduction Of Depressive Symptoms In Adults With Major Depressive Disorder Who Have Active Suicidal Ideation With Intent,1.546268537640572,JOHNSON & JOHNSON,-0.6136345211416483,-2.1060597249142554,2.401513639633013,0.4714798182249069,1.0808703938020914,0.8847491951446296
2019-10-02,22111.0,Johnson & Johnson shares are trading higher after the company reached a settlement agreement with two Ohio counties ahead of upcoming opioid trial. The company will pay a total of $20.4 million in relation to the settlement.,1.546268537640572,JOHNSON & JOHNSON,-0.6136345211416483,-2.1060597249142554,2.401513639633013,0.4714798182249069,1.0808703938020914,0.8847491951446296
2019-10-02,22111.0,UPDATE: JNJ To Pay $5M Of Ohio Counties' Legal Fees And Will Direct $5.4M To Opiod-Related Charitable Programs,1.546268537640572,JOHNSON & JOHNSON,-0.6136345211416483,-2.1060597249142554,2.401513639633013,0.4714798182249069,1.0808703938020914,0.8847491951446296
2019-10-02,22111.0,Johnson & Johnson Reaches Settlement Agreement with Two Ohio Counties Ahead of Upcoming Opioid Trial; JNJ to Pay $10M to Cuyahoga and Summit Counties,1.546268537640572,JOHNSON & JOHNSON,-0.6136345211416483,-2.1060597249142554,2.401513639633013,0.4714798182249069,1.0808703938020914,0.8847491951446296
2019-10-25,86979.0,"Nomura Maintains Buy on Juniper Networks, Lowers Price Target to $30",2.937573753297329,JUNIPER NETWORKS INC,-0.3170825308188796,-2.933015433132413,3.725725733322016,-1.8028801307082176,-1.0096930397673454,1.0721658091558783
2019-10-24,86979.0,"Juniper Networks Sees Q4 Adj. EPS $0.54-$0.60 vs $0.57 Estimate, Sales $1.185B +/- $30M vs $1.22B Est.",-1.802880130708218,JUNIPER NETWORKS INC,2.937573753297329,1.2647876910378386,5.0591588421601275,0.8077498525381088,2.927831227322142,4.4351442261802765
2019-10-24,86979.0,"Juniper Networks Q3 Adj. EPS $0.48 Beats $0.46 Estimate, Sales $1.133B Miss $1.14B Estimate",-1.802880130708218,JUNIPER NETWORKS INC,2.937573753297329,1.2647876910378386,5.0591588421601275,0.8077498525381088,2.927831227322142,4.4351442261802765
2019-10-24,86979.0,Juniper Reports $1B Buyback,-1.802880130708218,JUNIPER NETWORKS INC,2.937573753297329,1.2647876910378386,5.0591588421601275,0.8077498525381088,2.927831227322142,4.4351442261802765
2019-10-22,86979.0,JP Morgan Upgrades Juniper Networks to Neutral,2.103093639016151,JUNIPER NETWORKS INC,0.8077498525381088,-0.6462029014098314,2.3424877418654066,1.464436762034893,1.0837858594708427,3.05992052681312
2019-10-30,76123.0,"St. Joe Q3 EPS $0.1 Up From $0.09 YoY, Sales $32.8M Up From $23.7M YoY",0.8709844201803207,ST JOE CO,0.1079252571798861,-0.9174315726922178,-3.8855973037992264,0.4373970441520214,3.260258001250871,3.4929624985797103
2019-10-09,15133.0,Mixed Reaction As Investors Dump James River Group Stock After Cancellation Of Uber Insurance Policies,-22.599096596241,JAMES RIVER GROUP HLDS LTD,1.0295653715729713,-2.111930519877503,-7.1013792254195796,-2.1982459351420403,-3.1274778824687655,-0.9512269362563441
2019-10-09,15133.0,James River Group Holdings shares are trading lower after the company announced the early cancellation of insurance policies issued to its largest customer scheduled for Q3. The stock was also downgraded from a couple firms and lowered their price target.,-22.599096596241,JAMES RIVER GROUP HLDS LTD,1.0295653715729713,-2.111930519877503,-7.1013792254195796,-2.1982459351420403,-3.1274778824687655,-0.9512269362563441
2019-10-09,15133.0,"SunTrust Robinson Humphrey Downgrades James River Group Hldgs to Hold, Lowers Price Target to $40",-22.599096596241,JAMES RIVER GROUP HLDS LTD,1.0295653715729713,-2.111930519877503,-7.1013792254195796,-2.1982459351420403,-3.1274778824687655,-0.9512269362563441
2019-10-09,15133.0,"B. Riley Downgrades James River Group Hldgs to Sell, Lowers Price Target to $40",-22.599096596241,JAMES RIVER GROUP HLDS LTD,1.0295653715729713,-2.111930519877503,-7.1013792254195796,-2.1982459351420403,-3.1274778824687655,-0.9512269362563441
2019-10-30,57817.0,Nordstrom shares are trading lower after UBS downgraded the stock from Neutral to Sell.,-5.119917914271355,NORDSTROM INC,1.9596775993704796,4.3169568614235265,5.595005095862615,-2.4447957053780556,-0.3223179132218146,2.2877669169817816
2019-10-30,57817.0,UBS Downgrades Nordstrom to Sell,-5.119917914271355,NORDSTROM INC,1.9596775993704796,4.3169568614235265,5.595005095862615,-2.4447957053780556,-0.3223179132218146,2.2877669169817816
2019-10-28,57817.0,"UPDATE: Nordstrom Filing Shows Co-Pres Presented Co.'s Independent Board Members With Proposals Involving Co. That, If Consummated, Would Have Resulted In Certain Members Of Nordstrom Family Raising Stake",2.175668440759182,NORDSTROM INC,-2.4447957053780556,-3.259731015638101,-1.6035767810208212,2.618524804711342,1.5825320888431582,0.812345677547488
2019-10-28,57817.0,"Nordstrom 8-K Shows Ken Worzel Named COO; Co. Board Has Held Talks With Co.'s Co-Pres, Pete, Erik Nordstrom, About Succession Planning",2.175668440759182,NORDSTROM INC,-2.4447957053780556,-3.259731015638101,-1.6035767810208212,2.618524804711342,1.5825320888431582,0.812345677547488
2019-10-28,57817.0,Nordstrom Enters New York City As Barneys Is Sold,2.175668440759182,NORDSTROM INC,-2.4447957053780556,-3.259731015638101,-1.6035767810208212,2.618524804711342,1.5825320888431582,0.812345677547488
2019-10-24,57817.0,"320,000 Sq. Ft. Nordstrom Opens Today in Manhattan",-1.009557209908962,NORDSTROM INC,2.618524804711342,-1.0474016202281278,2.3428948539884864,-0.7581878453493118,2.6323227644922564,5.986117785223377
2019-10-23,57817.0,"Wedbush Maintains Neutral on Nordstrom, Raises Price Target to $36",-0.7581878453493118,NORDSTROM INC,-1.0095572099089622,-3.9290652984161567,0.21827550901758475,3.416413441300392,6.795830793640589,5.393833593523523
2019-10-31,26825.0,Hearing Burger King Discontinues Morningstar Veggie Burger In US,-0.5479058716446161,KELLOGG CO,0.2361113205552101,0.3148130856327258,0.81851766175145,1.6064930707216263,4.618407636718813,4.910497269273373
2019-10-30,26825.0,Edward Jones Upgrades Kellogg to Buy,1.6064930707216258,KELLOGG CO,-0.5479058716446161,0.8296846587018125,0.8296847047240652,2.964293397963047,3.251764822009995,1.96237292811261
2019-10-29,26825.0,Kellogg shares are trading higher after the company reported better-than-expected Q3 EPS and sales results.,2.964293397963047,KELLOGG CO,1.6064930707216263,1.033881946137294,1.7496458409868687,0.27919525746256113,-0.9730756525254236,-1.8485736621917104
2019-10-29,26825.0,Kellogg Sees Gross Margin Decreasing YoY In 2019,2.964293397963047,KELLOGG CO,1.6064930707216263,1.033881946137294,1.7496458409868687,0.27919525746256113,-0.9730756525254236,-1.8485736621917104
2019-10-29,26825.0,Kellogg Trades Higher On Q3 Earnings Beat,2.964293397963047,KELLOGG CO,1.6064930707216263,1.033881946137294,1.7496458409868687,0.27919525746256113,-0.9730756525254236,-1.8485736621917104
2019-10-29,26825.0,Kellogg Reaffirms Guidance,2.964293397963047,KELLOGG CO,1.6064930707216263,1.033881946137294,1.7496458409868687,0.27919525746256113,-0.9730756525254236,-1.8485736621917104
2019-10-29,26825.0,"Kellogg Q3 Adj. EPS $1.03 Beats $0.91 Estimate, Sales $3.37B Beat $3.35B Estimate",2.964293397963047,KELLOGG CO,1.6064930707216263,1.033881946137294,1.7496458409868687,0.27919525746256113,-0.9730756525254236,-1.8485736621917104
2019-10-24,26825.0,'Kellogg settles US legal suit linked to 'false health claims' on cereals' -Earlier One News Page Article,-0.8841009810566902,KELLOGG CO,-1.248784363269806,3.0327587565066594,3.3571193635605345,0.20940278191119432,-0.46400145962817163,0.4359064852655914
2019-10-24,26825.0,Evercore ISI Group Initiates Coverage On Kellogg with In-Line Rating,-0.8841009810566902,KELLOGG CO,-1.248784363269806,3.0327587565066594,3.3571193635605345,0.20940278191119432,-0.46400145962817163,0.4359064852655914
2019-10-17,26825.0,"RBC Capital Initiates Coverage On Kellogg with Sector Perform Rating, Announces $65 Price Target",1.434856094419956,KELLOGG CO,-0.43401457369327545,-0.8841009672809763,2.121845139724088,-0.9688332676887512,-1.6989862814965728,-1.2876214437333333
2019-10-29,78077.0,"Kadant Q3 Adj. EPS $1.41 Beats $1.27 Estimate, Sales $174M Beat $172.89M Estimate",1.37907350435853,KADANT INC,0.022489346156362444,9.308607804224046,10.241709710240897,1.8456138670444489,1.4921931662317256,0.838979143967844
2019-10-23,91403.0,"Kaiser Aluminum Q3 EPS $1.82 Misses $1.9 Estimate, Sales $375M Miss $393.94M Estimate",-0.4563400521874428,KAISER ALUMINUM CORP,3.259982168674469,11.376485473096597,13.784790242095934,0.47890893183648586,0.4686694645334333,-0.030412392778178532
2019-10-22,93174.0,Treaders Circulate Dealreporter Reports Indicating KAR Auction Services Has Nominated A Jana Partners Rep To Board,0.6299206521362066,O P E N L A N E INC,-0.782468169927597,3.7558724832208013,-0.27386442071370976,2.3780740797519684,4.440789206817897,6.276150630037547
2019-10-17,70092.0,"Wedbush Maintains Neutral On KB Home, Raises Price Target To $37",1.260859612375498,K B HOME,0.9407863020896912,1.8262309780874286,-1.2451597050011864,2.705032005906105,4.785664034690007,5.218161946587085
2019-10-31,91579.0,"KeyBanc Maintains Overweight on KBR, Raises Price Target to $34",-3.8251392543315887,K B R INC,3.9062514901161194,3.6576731528354722,6.17897682995221,12.098008394241333,12.485593406712914,15.776985588169534
2019-10-31,91579.0,KBR Wins $45M Contract to Continue to Boost Global Army Readiness,-3.8251392543315887,K B R INC,3.9062514901161194,3.6576731528354722,6.17897682995221,12.098008394241333,12.485593406712914,15.776985588169534
2019-10-30,91579.0,KBR shares are trading higher after the company reported better-than-expected Q3 EPS and sales results.,12.09800839424133,K B R INC,-3.8251392543315887,0.10245521467584506,2.5614758094136825,0.34575548488646746,3.2819291320408395,4.941749462959066
2019-10-30,91579.0,"KBR Earlier Reported Q3 EPS $0.45 Beats $0.43 Estimate, Sales $1.425B Beat $1.42B Estimate",12.09800839424133,K B R INC,-3.8251392543315887,0.10245521467584506,2.5614758094136825,0.34575548488646746,3.2819291320408395,4.941749462959066
2019-10-25,59045.0,Kirby Has Third Quarter Earnings Beat As Floodwaters Recede,-0.5029391963034868,KIRBY CORP,-0.49315933138132095,-0.4191888369044161,2.453455508614999,-1.0679670609533787,-1.2716520004635856,0.45593980824207847
2019-10-25,59045.0,"Kirby Q3 EPS $0.8 Beats $0.72 Estimate, Sales $666.809M Miss $724.17M Estimate",-0.5029391963034868,KIRBY CORP,-0.49315933138132095,-0.4191888369044161,2.453455508614999,-1.0679670609533787,-1.2716520004635856,0.45593980824207847
2019-10-18,64995.0,"Wedbush Maintains Neutral on KeyCorp, Raises Price Target to $20",1.4848670922219749,KEYCORP NEW,2.0258789882063866,2.419810336439432,2.9262827941770597,-1.0175256989896297,-1.5185626668305585,-0.4548034350303376
2019-10-17,64995.0,KeyCorp Q3 EPS $0.38 May Not Compare To $0.46 Estimate,-1.01752569898963,KEYCORP NEW,1.4848670922219753,3.8263853398002867,2.6270650126394512,-0.5061875563114882,0.5685069684639554,1.6666719129113883
2019-10-03,64995.0,"Morgan Stanley Maintains Overweight on KeyCorp, Lowers Price Target to $20.5",0.3519142279401422,KEYCORP NEW,0.9351246990263462,0.4675622572587912,2.337811663069145,-1.8987338989973068,-4.428256322034663,-4.53528200259875
2019-10-03,64995.0,"UBS Maintains Buy on KeyCorp, Raises Price Target to $22",0.3519142279401422,KEYCORP NEW,0.9351246990263462,0.4675622572587912,2.337811663069145,-1.8987338989973068,-4.428256322034663,-4.53528200259875
2019-10-21,14939.0,Keysight Technologies shares are trading higher. Strength is potentially related to overall US market momentum amid US-China trade optimism. The company has exposure to both the US and China and a potential trade deal could be a positive catalyst.,4.793404042720795,KEYSIGHT TECHNOLOGIES INC,-0.456444825977087,-0.5244255517488305,1.2916400633915526,1.2572147883474827,2.793185410795096,0.5423091216877118
2019-10-18,14939.0,"Susquehanna Initiates Coverage On Keysight Technologies with Positive Rating, Announces $115 Price Target",1.2572147883474831,KEYSIGHT TECHNOLOGIES INC,4.793404042720795,3.073474794722575,3.7044567079502544,1.5168999321758747,-0.7060293611216628,1.633847290455126
2019-10-15,14939.0,"Keysight Technologies, Integrated Device Technologies Report Collaboration On Component Characterization Of 5G mmWave Beamforming Integrated Circuits, No Terms Disclosed",2.35651433467865,KEYSIGHT TECHNOLOGIES INC,-2.189713530242443,4.8807901659865705,6.814688870398045,0.5052667111158371,1.111938015624614,0.9195674515519059
2019-10-09,14939.0,Keysight Technologies shares are trading higher as optimism around upcoming U.S. and China trade talks increases.,3.489392250776291,KEYSIGHT TECHNOLOGIES INC,-0.1902550458908081,1.0358266834633145,9.322481099417024,-4.978693276643753,-5.34272457723225,-4.232139928703626
2019-10-31,90636.0,Kentucky First Federal Q1 EPS $0.03 Up From $0.02 YoY,0.5390838254243134,KENTUCKY FIRST FEDERAL BANCORP,-0.8508340455591679,-1.6754500855510224,0.04063994339595922,1.1434254236519337,1.1434254236519337,2.6823049463337023
2019-10-24,77129.0,"Kimco Realty Q3 FFO $0.37 Up From $0.36 YoY, Sales $282.871M Miss $283.22M Estimate",-0.4703686572611332,KIMCO REALTY CORP,-0.047260060091502964,1.8903572920283551,-1.275994796290747,-0.6077567115426064,0.1413127211181031,1.6252397692329668
2019-10-23,77129.0,"Capital One Financial Downgrades Kimco Realty to Equal-Weight, Announces $21 Price Target",-0.6077567115426065,KIMCO REALTY CORP,-0.4703686572611332,2.2577588208764876,0.6114729151520004,0.753649789839983,2.2466506508912687,3.8853775072863472
2019-10-31,14973.0,"Kelso Technologies Earlier Reported Q3 EPS $0.02 Up From $0.01 YoY, Sales $5.6M Up From $3.49M YoY",-2.2675437852740292,KELSO TECHNOLOGIES INC,-1.2572910636663437,6.273491520448182,4.990280521249768,-0.0633021118119359,-1.312665821078074,1.1402930670053602
2019-10-29,11990.0,"KKR & Co Q3 EPS $0.43 Beats $0.42 Estimate, Sales $790.5M Miss $933.64M Estimate",-0.2090640133246779,K K R & CO INC,0.6284927017986774,2.513970797100007,3.16547761622199,1.9538229331374168,2.8305300336753714,0.3496517029903945
2019-10-14,11990.0,"KKR Acquires a Majority Stake in Hyperoptic, Terms Not Disclosed",-0.6463881582021713,K K R & CO INC,2.5258392095565796,6.352858056125665,9.835444773712343,0.4967487882822752,0.266868832618683,2.334624318019518
2019-10-08,11990.0,UPDATE: BMO Capital On KKR Also Thinks 'investors are overly-concerned about recession risk and consequent risks for KKR's larger balance sheet',-2.132518962025642,K K R & CO INC,2.062251977622509,4.241245597413412,6.887153663345491,1.468319445848465,2.258566641167503,3.4673014350748987
2019-10-08,11990.0,"UPDATE: BMO Capital Initiates KKR With Outperform, $40 Tgt Notes 'The market under-appreciates the reliability of KKR's P-Fees, consensus has yet to consider fully FRE growth acceleration, the market fails to value appropriately meaningful excess capital'",-2.132518962025642,K K R & CO INC,2.062251977622509,4.241245597413412,6.887153663345491,1.468319445848465,2.258566641167503,3.4673014350748987
2019-10-08,11990.0,"BMO Capital Initiates Coverage On KKR & Co with Outperform Rating, Announces $40 Price Target",-2.132518962025642,K K R & CO INC,2.062251977622509,4.241245597413412,6.887153663345491,1.468319445848465,2.258566641167503,3.4673014350748987
2019-10-31,46886.0,KLA Corp shares are trading lower despite beating Q1 EPS and sales estimates.,-2.26642768830061,K L A CORP,1.9995296373963356,1.721488211069544,4.472321942582069,1.5738829970359802,-1.0413045077723226,1.7771004142911107
2019-10-31,46886.0,"Wells Fargo Maintains Market Perform on KLA, Raises Price Target to $175",-2.26642768830061,K L A CORP,1.9995296373963356,1.721488211069544,4.472321942582069,1.5738829970359802,-1.0413045077723226,1.7771004142911107
2019-10-31,46886.0,"Bank of America Maintains Buy on KLA, Raises Price Target to $190",-2.26642768830061,K L A CORP,1.9995296373963356,1.721488211069544,4.472321942582069,1.5738829970359802,-1.0413045077723226,1.7771004142911107
2019-10-31,46886.0,"UBS Maintains Buy on KLA, Raises Price Target to $192",-2.26642768830061,K L A CORP,1.9995296373963356,1.721488211069544,4.472321942582069,1.5738829970359802,-1.0413045077723226,1.7771004142911107
2019-10-31,46886.0,"KeyBanc Maintains Overweight on KLA, Raises Price Target to $204",-2.26642768830061,K L A CORP,1.9995296373963356,1.721488211069544,4.472321942582069,1.5738829970359802,-1.0413045077723226,1.7771004142911107
2019-10-30,46886.0,"KLA Q1 Adj. EPS $2.48 Beats $2.2 Estimate, Sales $1.41B Beat $1.35B Estimate",1.5738829970359798,K L A CORP,-2.2664276883006096,-0.25439556444923905,1.9599902242278588,-2.5746652856469154,0.20006857201773087,0.9126427611843901
2019-10-24,46886.0,KLA shares are trading higher on seemingly no company-specific news,6.313006579875946,K L A CORP,0.7111513987183571,0.1777811428312237,1.9023298353160856,-2.518121711909771,-3.21951136844858,-0.6074275970635479
2019-10-23,17750.0,Kimberly-Clark shares are trading higher after Deutsche Bank upgraded the stock from Sell to Hold and raised the price target from $123 to $124.,3.795013204216957,KIMBERLY CLARK CORP,0.6701982114464045,-0.46168368295539386,-1.9137627759016507,-7.047918438911438,-5.7134503647090495,-4.601084525809796
2019-10-23,17750.0,"Morgan Stanley Maintains Equal-Weight on Kimberly-Clark, Lowers Price Target to $139",3.795013204216957,KIMBERLY CLARK CORP,0.6701982114464045,-0.46168368295539386,-1.9137627759016507,-7.047918438911438,-5.7134503647090495,-4.601084525809796
2019-10-23,17750.0,"Deutsche Bank Upgrades Kimberly-Clark to Hold, Raises Price Target to $124",3.795013204216957,KIMBERLY CLARK CORP,0.6701982114464045,-0.46168368295539386,-1.9137627759016507,-7.047918438911438,-5.7134503647090495,-4.601084525809796
2019-10-22,17750.0,Kimberly-Clark shares are trading lower after the company reported worse-than-expected Q3 sales results.,-7.047918438911438,KIMBERLY CLARK CORP,3.795013204216957,2.7515824819221546,0.7651802536794872,1.4356516301631927,2.632360536749867,3.333337441276907
2019-10-22,17750.0,Kimberly-Clark Sees FY19 Adj. EPS $6.75-$6.90 vs $6.81 Est.,-7.047918438911438,KIMBERLY CLARK CORP,3.795013204216957,2.7515824819221546,0.7651802536794872,1.4356516301631927,2.632360536749867,3.333337441276907
2019-10-22,17750.0,"Kimberly-Clark Q3 Adj. EPS $1.84 Beats $1.8 Estimate, Sales $4.6B Miss $4.65B Estimate",-7.047918438911438,KIMBERLY CLARK CORP,3.795013204216957,2.7515824819221546,0.7651802536794872,1.4356516301631927,2.632360536749867,3.333337441276907
2019-10-15,17750.0,"Wells Fargo Maintains Market Perform on Kimberly-Clark, Raises Price Target to $132",-0.910444837063551,KIMBERLY CLARK CORP,0.6200058851391077,-3.353993222875684,-0.6946986309190328,-1.8382610753178596,-2.0233471061776864,-1.6381506617508035
2019-10-08,17750.0,"Morgan Stanley Maintains Equal-Weight on Kimberly-Clark, Raises Price Target to $149",-2.176086604595184,KIMBERLY CLARK CORP,0.17504594288766384,-2.3630702036708917,-5.637806212063645,-1.0169507935643196,0.3149173661492588,0.26469025049935535
2019-10-29,13930.0,Kamada and Kedrion Biopharma Highlights Publication Of Results From Registration Study Of KEDRAB In Human Vaccines & Immunotherapeutics Medical Journal,-3.6121681332588205,KAMADA LTD,0.9861876256763935,4.930966262859915,8.34516727248673,2.019050531089306,2.734381731262858,1.3097133378933368
2019-10-25,12558.0,"Goldman Sachs Downgrades Kinder Morgan to Neutral, Announces $21 Price Target",-0.09784959256649017,KINDER MORGAN INC,-1.1753171682357788,1.6466695707231471,-0.6837628355996772,0.1960829133167863,0.5905553059630364,1.3888922494438738
2019-10-17,12558.0,"UPDATE: Suntrust Maintains Buy On Kinder Morgan, Lowers Target To $22 As Firm 'anticipates after the 2020 dividend hike, priorities for capital quickly shift to opportunistic buybacks and a generally smaller annual opportunity set for capex projects'",0.2497464418411255,KINDER MORGAN INC,-0.24912424851208925,1.8435517259874912,0.7959632946223705,-0.7928634993731976,-0.5958239449792235,-1.0380578142704544
2019-10-17,12558.0,"SunTrust Robinson Humphrey Maintains Buy on Kinder Morgan, Lowers Price Target to $22",0.2497464418411255,KINDER MORGAN INC,-0.24912424851208925,1.8435517259874912,0.7959632946223705,-0.7928634993731976,-0.5958239449792235,-1.0380578142704544
2019-10-16,12558.0,"Kinder Morgan Q3 EPS $0.22 Misses $0.24 Estimate, Sales $3.21B Miss $3.45B Estimate",-0.7928634993731976,KINDER MORGAN INC,0.2497464418411255,1.8980976142513484,1.1488487880165321,0.1986142946407199,-0.24715390802122483,-0.29644003944249153
2019-10-04,12558.0,Kinder Morgan Reports Commercial In Service Of First Unit At Elba Island Facility,0.6869543809443712,KINDER MORGAN INC,-1.072130724787712,-1.4132598713878952,-2.4366472170953,1.0411457158625126,0.4435596458142399,-1.115970039778258
2019-10-02,12558.0,TD Securities Initiates Coverage On Kinder Morgan with Buy Rating,-0.5914284382015467,KINDER MORGAN INC,1.0411457158625126,0.04957967686454179,-0.743676915161795,-1.5526427887380123,-1.8384090597015068,-1.1208553934277443
2019-10-22,44134.0,"BMO Capital Maintains Market Perform on Kennametal, Lowers Price Target to $25",3.6912765353918084,KENNAMETAL INC,1.456313207745552,7.0873806721902355,8.543693555808197,-2.963203750550747,-0.10057215383542095,1.1884498175943836
2019-10-21,44134.0,Kennametal shares are trading lower after the company issued Q1 and FY20 preliminary EPS and sales guidance below analyst estimates.,-2.963203750550747,KENNAMETAL INC,3.6912765353918076,9.966447507619636,15.738263467956415,2.950047515332699,4.278432232524065,3.7149559493611095
2019-10-21,44134.0,"Kennametal Lowers FY2020 EPS Guidance from $2.80-3.20 to $1.70-2.10 vs $2.81 Est, Sees Organic Sales Down 9% to 5%",-2.963203750550747,KENNAMETAL INC,3.6912765353918076,9.966447507619636,15.738263467956415,2.950047515332699,4.278432232524065,3.7149559493611095
2019-10-21,44134.0,Kennametal Sees Q1 EPS $0.17 vs $0.49 Est; Sees Sales $518M vs $545.66M Est,-2.963203750550747,KENNAMETAL INC,3.6912765353918076,9.966447507619636,15.738263467956415,2.950047515332699,4.278432232524065,3.7149559493611095
2019-10-15,44134.0,"Wells Fargo Maintains Market Perform on Kennametal, Lowers Price Target to $32",1.2307712808251379,KENNAMETAL INC,-0.5403574556112289,4.356632852218878,11.75278467913554,-0.4424750339239836,3.0292377788689873,3.6498961504936256
2019-10-24,89508.0,"CarMax Reports Treasurer Enrique Mayor-Mora Named CFO; Former CFO, Tom Reedy, To Transition To Role Of Exec VP Of Finance",0.5178119987249374,CARMAX INC,-0.36796266213059425,-2.050046725660859,-1.0828494734133831,0.47780522145330906,-1.4476144112296252,0.37123307081099455
2019-10-15,89508.0,"CarMax shares are trading higher in sympathy with the overall market after multiple companies reported earnings that topped expectations, bringing the whole market higher on positive sentiment.﻿",2.654669992625713,CARMAX INC,0.021644961088895798,1.9043521171468791,3.170309899581758,-0.5523031111806631,2.9973629144354863,3.960739333462504
2019-10-02,89508.0,CarMax shares are trading lower amid recession fears causing demand concerns in multiple different sectors.,-3.4840498119592667,CARMAX INC,-1.109809521585703,1.1682244161228539,7.990658929952565,0.7840937003493309,1.3831721963915466,2.674236272812136
2019-10-11,92589.0,Kandi Technologies Reports Change Of Independent Accounting Firm To Marcum Bernstein & Pinchuk,3.289475664496422,KANDI TECHNOLOGIES GROUP INC,4.883227497339249,11.25264808238946,14.225054568657324,-1.2987000867724419,-0.6535993350150093,-3.594081997121523
2019-10-02,92589.0,Kandi To Launch Hainan Manufactured Pure EV Model K23 In American Market,0.0,KANDI TECHNOLOGIES GROUP INC,0.4444440361112356,2.666663988315543,12.888886814208632,-3.4334734082221985,-4.862579849056814,-10.714285189612005
2019-10-21,13867.0,"BTIG Initiates Coverage On KNOT Offshore Partners with Buy Rating, Announces $24 Price Target",0.7161192130297422,KNOT OFFSHORE PARTNERS LP,0.45708557590842247,0.7110176802768153,1.1630370260159895,0.6175961345434189,0.8251668494463571,0.46248795771559603
2019-10-23,11308.0,"UPDATE:UBS On Coca-Cola Notes Co's 'navigating aggressive US price increases, digesting a transformational deal (Costa), completing a global refranchising','demonstrating strong innovation capabilities while reinvigorating growth in high-margin sparkling'",1.4670398086309429,COCA COLA CO,-0.05490260082297027,-1.2811142085847105,-3.3674967922321275,-0.7007211446762085,-1.697700524219381,0.11154027258424293
2019-10-23,11308.0,"UPDATE: UBS Upgrades Coca-Cola To Buy, Raises Target To $63 As Firm Believes 'a sustainable fundamental inflection will drive 3 years of above-algorithm earnings growth and cash flow generation'",1.4670398086309429,COCA COLA CO,-0.05490260082297027,-1.2811142085847105,-3.3674967922321275,-0.7007211446762085,-1.697700524219381,0.11154027258424293
2019-10-23,11308.0,"UBS Upgrades Coca-Cola to Buy, Raises Price Target to $63",1.4670398086309429,COCA COLA CO,-0.05490260082297027,-1.2811142085847105,-3.3674967922321275,-0.7007211446762085,-1.697700524219381,0.11154027258424293
2019-10-21,11308.0,Big Growth Comes In Small Package For Coca-Cola,-1.004014723002911,COCA COLA CO,-0.7007211446762085,-1.2170383019209585,-2.0099580127209027,1.8404867500066757,2.4116602087892236,2.3733890555051262
2019-10-21,11308.0,"BMO Capital Maintains Market Perform on Coca-Cola, Raises Price Target to $55",-1.004014723002911,COCA COLA CO,-0.7007211446762085,-1.2170383019209585,-2.0099580127209027,1.8404867500066757,2.4116602087892236,2.3733890555051262
2019-10-18,11308.0,From Coca-Cola Q3 Earnings Conference Call: Sees 2 Point Headwind To Its Sales Growth,1.8404867500066762,COCA COLA CO,-1.0040147230029106,-1.8802461340489574,-1.60642088571894,0.5608510691672564,0.5232715617381256,0.9193277481176043
2019-10-18,11308.0,From Coca-Cola Q3 Earnings Conference Call: Performance In Water Category Has Not Been As Strong As Mgmt. Would Have Liked,1.8404867500066762,COCA COLA CO,-1.0040147230029106,-1.8802461340489574,-1.60642088571894,0.5608510691672564,0.5232715617381256,0.9193277481176043
2019-10-18,11308.0,Coca-Cola shares are trading higher after the company reported better-than-expected Q3 sales results.,1.8404867500066762,COCA COLA CO,-1.0040147230029106,-1.8802461340489574,-1.60642088571894,0.5608510691672564,0.5232715617381256,0.9193277481176043
2019-10-18,11308.0,Coca-Cola Trades Higher On Q3 Sales Beat,1.8404867500066762,COCA COLA CO,-1.0040147230029106,-1.8802461340489574,-1.60642088571894,0.5608510691672564,0.5232715617381256,0.9193277481176043
2019-10-18,11308.0,"Coca-Cola Sees FY19 Organic Sales Growth At Least 5%, Operating Income Up 12-13%, Earnings Down 1% To Up 1%; Sees FY20 Sales Up 1-2%, Operating Income Growth 2-3%",1.8404867500066762,COCA COLA CO,-1.0040147230029106,-1.8802461340489574,-1.60642088571894,0.5608510691672564,0.5232715617381256,0.9193277481176043
2019-10-18,11308.0,"Coca-Cola Q3 EPS $0.56, Inline, Sales $9.5B Beat $9.48B Estimate",1.8404867500066762,COCA COLA CO,-1.0040147230029106,-1.8802461340489574,-1.60642088571894,0.5608510691672564,0.5232715617381256,0.9193277481176043
2019-10-10,11308.0,Empty Miles And Tight Profit Margins: What Is LoadSmart Doing To Help?,-0.3158126957714558,COCA COLA CO,-0.6708919536322355,0.24226809859573262,1.770407586196865,0.46659200452268124,-0.0742474272544924,-1.3017951587620757
2019-10-07,11308.0,Your Cannabis Brand's Survival Depends On A Proper Supply Chain,-1.2284598313272,COCA COLA CO,-0.5383276380598545,-1.0581022850031707,0.6682765681872649,1.3001499697566032,2.7505633059952794,-0.20128213795529426
2019-10-03,11308.0,Coca-Cola Option Alert: Nov 15 $50 Calls at the Ask: 2000 @ $4.05 vs 23522 OI; Earnings 10/18 Before Open Ref=$53.448,1.4317978173494341,COCA COLA CO,1.3001499697566032,-0.33432452621151576,-0.0928663892885706,-2.8728265315294266,-2.498157382180566,-2.2647754670339637
2019-10-02,11308.0,Coca-Cola Co shares are trading lower in sympathy with the overall market amid global recession concerns.,-2.872826531529427,COCA COLA CO,1.431797817349434,1.4129614472770502,0.7724185820826346,0.3857511095702648,0.626035992587437,0.47803299074387073
2019-10-29,12788.0,Kosmos Energy shares are trading higher on seemingly no company-specific news.,4.173623025417328,KOSMOS ENERGY LTD DE,-1.923075132071972,9.935903821377101,19.871799504843167,1.8707424402236938,3.2758547007020855,2.7444227781294073
2019-10-29,16678.0,The Kroger Co shares are trading lower. Credit Suisse lowered its FY19 and FY20 estimates from $2.21 and $2.44 to $2.20 and $2.40 respectively.,-2.76352446526289,KROGER CO,0.4466123413294554,12.992289324230487,9.622415297931553,0.19778178539127111,1.604491061044544,1.4011224815835055
2019-10-28,16678.0,"Kroger Shares Unaffected Following Co. Press Release Highlighting Women In California, Colorado, Idaho, New Mexico, Oregon, Utah, Washington Can Obtain Contraceptives From A Kroger Health Pharmacy",0.19778178539127111,KROGER CO,-2.76352446526289,-1.342282352304458,5.053299176899739,1.4039325527846813,1.2009654053715568,1.730383519573353
2019-10-23,16678.0,Kroger Option Alert: Nov 8 $25 Calls at the Ask: 5000 @ $0.57 vs 971 OI; Earnings 12/5 Before Open [est] Ref=$24.945,0.5231354385614395,KROGER CO,-0.20015707705169916,-0.9607675902322477,8.08647114451806,3.0692648142576218,3.801168860362325,1.7191980518980188
2019-10-22,16678.0,Kroger shares are trading higher on seemingly no company-specific news.,3.069264814257622,KROGER CO,0.5231354385614395,-0.8853166752156305,11.991949745135177,0.7101089227944613,-1.3098635803724612,-1.6319853075453805
2019-10-16,16678.0,Tosca To Acquire Reusable Packaging Provider Polymer Logistics,0.8227098733186722,KROGER CO,-0.3263970836997032,1.9175818746222317,0.9383907792224644,0.8713655173778534,0.2474205239803684,1.9714736185217685
2019-10-10,16678.0,Kroger shares are trading lower after Jefferies downgraded the company's stock from Buy to Hold and lowered the price target from $29 to $26.,-2.812884375452995,KROGER CO,1.7197979614138603,2.474832842818131,4.572148311514224,0.28618809301406145,-1.247984929338919,-1.0488108529180473
2019-10-10,16678.0,"A Peek Into The Markets: US Stock Futures Down Ahead Of Consumer Price Index, Fed Speakers",-2.812884375452995,KROGER CO,1.7197979614138603,2.474832842818131,4.572148311514224,0.28618809301406145,-1.247984929338919,-1.0488108529180473
2019-10-10,16678.0,"Jefferies Downgrades Kroger to Hold, Lowers Price Target to $26",-2.812884375452995,KROGER CO,1.7197979614138603,2.474832842818131,4.572148311514224,0.28618809301406145,-1.247984929338919,-1.0488108529180473
2019-10-03,16678.0,Kroger Shares Quiet As Traders Circulate Speculation From Dealreporter Co. Is An Activist Target,-1.836323738098145,KROGER CO,0.81334188580513,-3.050020339956372,-0.6506704022241294,-2.110202796757221,-2.831657918944208,-2.680654710885977
2019-10-10,84392.0,"Deutsche Bank Earlier Maintained Hold on Kilroy Realty, Lowered Price Target to $86",-0.2974309492856264,KILROY REALTY CORP,1.2840439565479755,1.4656354245380365,6.290529869766659,0.32433834858238697,-0.41210517730055907,-0.7062088110123543
2019-10-30,90600.0,Kearny Financial Q1 EPS $0.13 Up From $0.12 YoY,-0.2898548031225801,KEARNY FINANCIAL CORP NEW,1.9622055813670158,3.5610446799324125,2.325578998123534,0.4366843029856682,1.6949189244807483,1.6949189244807483
2019-10-23,77606.0,Evercore ISI Group Downgrades Kohl's to In-Line,0.6044573150575161,KOHLS CORP,-1.7649242654442787,-3.0792330490732933,2.1216691936793763,3.3378861844539642,4.624506318232968,3.6819373290754243
2019-10-21,77606.0,UPDATE: UBS On Kohl's Also Notes The UBS Evidence Lab Data 'shows not enough consumers think Kohl's offers terrific value'; Firm Thinks Co's 'value perception problem is fixable' And Thinks The Answer Is To Drive More People Into Co's Loyalty Program,1.245061401277781,KOHLS CORP,3.3378861844539642,4.84091259012791,5.58266733982189,-0.9009065106511116,-0.8232104242712035,-1.6520938089970238
2019-10-21,77606.0,"UPDATE: UBS Maintains Neutral On Kohl's, Raises Target To $49 As Firm Notes Co. 'has a three part plan to distinguish itself from its peers: 1) sell great brands; 2) offer terrific value; and 3) serve as a source of discovery for consumers'",1.245061401277781,KOHLS CORP,3.3378861844539642,4.84091259012791,5.58266733982189,-0.9009065106511116,-0.8232104242712035,-1.6520938089970238
2019-10-21,77606.0,"UBS Maintains Neutral on Kohl's, Raises Price Target to $49",1.245061401277781,KOHLS CORP,3.3378861844539642,4.84091259012791,5.58266733982189,-0.9009065106511116,-0.8232104242712035,-1.6520938089970238
2019-10-10,77606.0,Koh'ls Reports CFO Bruce Besanko To Step Down; Jill Timm Named Replacement,2.813194505870342,KOHLS CORP,1.2992123141884804,0.5118151968157569,2.992126868851841,2.0867733284831047,2.171214279469802,4.726578102042289
2019-10-11,86869.0,"New Street Upgrades KT to Buy, Announces $14.1 Price Target",1.7969435080885892,K T CORP,-0.8826158940792084,0.6178260691596993,0.2647813598182003,-0.08976865792647004,0.5420092306954949,9.787082255741097e-09
2019-10-29,47619.0,"Key Tronic Sees Q2 EPS $0.13-$0.18, Sales $117M-$122M",-2.702703885734081,KEY TRONICS CORP,-1.6339853405952454,1.7336616103576175,1.6339854677130061,3.199346736073494,3.2840691191605043,5.008350697795683
2019-10-29,47619.0,"Key Tronic Q1 EPS $0.14 Down From $0.15 YoY, Sales $105.3M Down From $127.472M YoY",-2.702703885734081,KEY TRONICS CORP,-1.6339853405952454,1.7336616103576175,1.6339854677130061,3.199346736073494,3.2840691191605043,5.008350697795683
2019-10-25,87430.0,Kratos Wins $5.1M In C5ISR Program Production Awards,-2.031486108899117,KRATOS DEFENSE & SECUR SOLS INC,0.20735617727041245,0.5961627041265016,2.540175335816497,2.981169894337654,3.2511843818353148,1.7045450596818945
2019-10-23,87430.0,Kratos Awarded Multi-Million Dollar Applied Research Contract To Develop Virtual Prototyping Holodeck (VPH) For US Army; Terms Not Disclosed,0.2621979219838977,KRATOS DEFENSE & SECUR SOLS INC,2.981169894337654,-0.86297538789466,-2.9550232745214844,-1.4979385770857334,-0.4437535535071424,-0.05241214494232649
2019-10-11,87430.0,"Kratos Wins $3.3M Sole-Source Contract For Production Of Jet Drone Target Aircraft, Related Systems",-0.6598046980798243,KRATOS DEFENSE & SECUR SOLS INC,-1.0626931674778461,1.7800266624903527,2.4973498920965786,2.377738803625107,2.8501608653329624,3.2425030927550447
2019-10-08,87430.0,"Kratos Receives $3.6M Sole-Source Contract For Tactical Jet Drone Capability Expansion, Mission System Integration And Test Work",0.3814697265625,KRATOS DEFENSE & SECUR SOLS INC,0.46144998632371426,3.0401709544845446,3.528771167751721,0.4104008898139,1.2693130896843652,3.380283774351578
2019-10-03,87430.0,"Kratos Wins Prime Contract Award To Deliver Up To 33 Oriole Rocket Motors To US Gov't. Customer, No Terms Disclosed",2.084511704742908,KRATOS DEFENSE & SECUR SOLS INC,0.855401623994112,4.552973698629148,5.298008186599001,3.801167383790016,-4.544228898234803,-3.3750725551475735
2019-10-02,87430.0,Kratos Receives $5M Sole-Source Contract For Tactical Jet Drone Mission System Integration And Test Work,3.801167383790016,KRATOS DEFENSE & SECUR SOLS INC,2.0845117047429085,4.253516360389242,9.746476449784591,-8.039790391921997,-6.913448200832328,-6.403941332681251
2019-10-01,87430.0,"Kratos Receives $17.6M Sole-Source Contract Award For New Tactical Jet Drone System Research, Development And Initial Production",-8.039790391921997,KRATOS DEFENSE & SECUR SOLS INC,3.801167383790016,7.719296342494109,10.994147102273711,1.2248147279024124,1.7788661707193842,0.5135098226642487
2019-10-30,83390.0,"KVH Industries Sees Q4 EPS Guidance $(0.06)-$0.02 Vs. $(0.02) Est., Sales $41M-$45M Vs. $43.24M Est.; FY19 EPS Guidance $(0.50)-$(0.41) Vs. $(0.67) Est., Sales $156.3M-$160.3M Vs. $158.56M Est.",-1.754388958215714,K V H INDUSTRIES INC,1.3888923451304436,-0.7936499712766887,3.670633928507505,0.39138905704021454,3.531789879458569,4.693877720328921
2019-10-30,83390.0,"KVH Industries Q3 EPS $(0.06) Down From $0.04 YoY, Sales $39.311M Down From $39.312M YoY",-1.754388958215714,K V H INDUSTRIES INC,1.3888923451304436,-0.7936499712766887,3.670633928507505,0.39138905704021454,3.531789879458569,4.693877720328921
2019-10-15,83390.0,KVH Receives $4M Fiber Optic Gyro Order From Kongsberg Defence & Aerospace,0.3009000327438116,K V H INDUSTRIES INC,1.1999988928437233,-0.10000223926891483,2.600002214011221,1.6309872269630432,0.40281942863980014,0.6054533807136053
2019-10-07,83390.0,KVH Reports 1M Share Buyback,-0.8080800995230675,K V H INDUSTRIES INC,1.2219947762787342,1.5275008592197548,4.073325885201506,4.9840860068798065,0.9174231645265873,-0.9009022493463914
2019-10-30,92502.0,"Kennedy-Wilson Holdings Q3 GAAP EPS $0.15, Adj. Net Income $73.9M, Sales $143M Miss $163.3M Estimate",0.7426827680319548,KENNEDY WILSON HOLDINGS INC,-0.21682237274944782,0.13009839868751705,-2.254980677662788,1.4178099110722542,2.370298570544982,2.278821461505154
2019-10-18,92502.0,Kennedy Wilson Reports $300M Perpetual Preferred Equity Investment From Eldridge Industries,1.4292081817984579,KENNEDY WILSON HOLDINGS INC,2.377811260521412,-1.541164750272972,2.553949068580774,2.3776795715093613,2.2841480414518056,3.037274982584681
2019-10-11,14098.0,"Jon Najarian Sees Unusual Options Activity In SmileDirectClub, Amarin",1.775568164885044,KRANESHARES TRUST,-0.41870269924402237,0.27913219641722,4.303322628755923,1.5873011201620102,2.949068754089579,0.9801573043179745
2019-10-21,64929.0,"Sidoti & Co. Maintains Neutral on Quaker Chemical, Lowers Price Target to $156",-8.143731206655502,QUAKER CHEMICAL CORP,1.3129415921866894,5.224689600126053,8.459664740096873,-1.39757189899683,0.21805884186534286,-0.1326436602690384
2019-10-18,64929.0,Quaker Houghton Cuts FY19 Adj. EBITDA Guidance From Year-Over-Year Growth To Down ~2-4%,-1.39757189899683,QUAKER CHEMICAL CORP,-8.143731206655502,-4.861374735455226,-2.262836791928158,1.6385303810238838,1.2828570889066304,3.5008277185923253
2019-10-28,26710.0,Loews shares are trading lower after the company reported worse-than-expected Q3 EPS results.,-3.098042868077755,LOEWS CORP,-0.06070170202292502,0.7689217010701466,2.225824277486277,0.3147125244140625,-0.19569173181626098,0.21615370794296762
2019-10-28,26710.0,"Loews Q3 EPS $0.74 Misses $0.75 Estimate, Sales $3.675B Up From $3.608B YoY",-3.098042868077755,LOEWS CORP,-0.06070170202292502,0.7689217010701466,2.225824277486277,0.3147125244140625,-0.19569173181626098,0.21615370794296762
2019-10-24,84319.0,"Guggenheim Maintains Buy on Lithia Motors, Raises Price Target to $171",0.9420916438102722,LITHIA MOTORS INC,1.1277500540018082,2.0675369184452563,1.769400554284295,17.28821098804474,12.679699417012502,17.22525209751511
2019-10-23,84319.0,Lithia Motors shares are trading higher after the company reported better-than-expected Q3 EPS and sales results.,17.28821098804474,LITHIA MOTORS INC,0.9420916438102722,3.1076217801147443,2.9963927925546585,-3.9292197674512863,-0.05367878834475759,1.6616000522924557
