custom_id,company_name,headline,prompt_type,headline type,confidence,magnitude,explanation,input_tokens,output_tokens,headline type num,date,permno,ret,ret_fd1,ret_fd5,ret_fd10,ret_ld1,ret_ld2,ret_ld3
3225,AGILENT TECHNOLOGIES INC,"UBS Downgrades Agilent Technologies to Neutral, Announces $82 Price Target",5,decrease,0.8,0.6,,162,35,0.0,2019-10-18,87432.0,-0.4671629518270493,1.2203347869217396,1.0996374628384764,3.2184543760302997,-0.4649906884878874,-1.0957119742549204,-0.3458394673612197
3233,APPLIED OPTOELECTRONICS INC,Applied Optoelectronics Files for Up to $250M Mixed Shelf,5,uncertain,0.6,0.4,,164,35,1.0,2019-10-25,14145.0,0.7113790139555931,2.522704377770424,-3.430879590155822,9.78809494074502,-2.9585815966129303,-4.466019601499571,-9.225092083019836
3241,APPLIED OPTOELECTRONICS INC,"JP Morgan Downgrades Applied Optoelectronics to Underweight, Announces $11 Price Target",5,decrease,0.85,0.7,,169,25,0.0,2019-10-22,14145.0,-4.981549456715584,-1.5533965080976486,-4.466019554628842,9.999996858615456,-0.0921680068131536,1.7840426956039268,1.1970260338500793e-07
3249,AAON INC,"AAON Q3 EPS $0.26 Down From $0.27 YoY, Sales $113.5M Up From $112.937M YoY",5,decrease,0.7,0.4,,171,35,0.0,2019-10-31,76868.0,-2.013693191111088,0.9247858077287674,1.787913992992629,3.69913530468311,-0.0603718683123588,0.6893758116940596,3.804347253381279
3257,AAON INC,"AAON Earlier Reported Q3 EPS $0.26 Down From $0.27 YoY, Sales $113.5M Up From $112.937M YoY",5,uncertain,0.6,0.2,,174,35,1.0,2019-10-31,76868.0,-2.013693191111088,0.9247858077287674,1.787913992992629,3.69913530468311,-0.0603718683123588,0.6893758116940596,3.804347253381279
3265,ADVANCE AUTO PARTS INC,Raymond James Reinstates Market Perform on Advance Auto Parts,5,uncertain,0.5,0.2,,156,35,1.0,2019-10-08,89217.0,-2.489418350160122,0.0518381595611572,3.4989916031757717,7.548755057486778,-1.0441403836011889,-0.9946179900868768,-2.878008186163783
3273,ALLIANCEBERNSTEIN HOLDING L P,"AllianceBernstein Holding Q3 Adj. EPS $0.63, Inline, Sales $877.867M Beat $731.85M Estimate",5,increase,0.8,0.6,,183,35,2.0,2019-10-24,75278.0,3.8707390427589425,-1.5042752958834171,0.3760706455117057,3.285662134164302,1.1494241654872894,-0.6000709151245842,0.2848999415894893
3281,ALLIANCEBERNSTEIN HOLDING L P,"Citigroup Maintains Buy on AllianceBernstein Holding, Lowers Price Target to $33",5,uncertain,0.6,0.3,,172,35,1.0,2019-10-15,75278.0,-0.5324800033122301,-0.856530200690031,-0.6423993739963496,5.817270254806783,-1.1232000775635242,-2.0855070863029512,-1.400068728405046
3289,ABBVIE INC,Abbvie's RINVOQ Meets Primary And All Ranked Secondary Endpoints In Phase 3 Study In Psoriatic Arthritis,5,increase,0.85,0.7,,165,35,2.0,2019-10-31,13721.0,-0.1380876288749278,2.7655523270368576,3.0923934138636033,10.157125971336068,1.5165061689913273,1.697946855690846,4.089905704222163
3297,ABBVIE INC,Allergan Reports Shareholders Have Approved Deal By AbbVie,5,increase,0.8,0.6,,152,35,2.0,2019-10-14,13721.0,0.1765651046298444,1.003250852227211,4.799350348777054,6.195769365369652,0.3357963403686881,1.909951241970265,1.5911853782220042
3305,ABBVIE INC,AbbVie shares trading lower with the broader stock market following concerning ISM manufacturing data. Not seeing any company-specific news to justify the move lower.,5,decrease,0.8,0.4,,168,35,0.0,2019-10-01,13721.0,-3.2884281128644943,-1.50212487205863,0.4096618949668063,3.2126718809009303,1.1623283848166466,2.282861647604051,5.03537952198887
3313,AMERISOURCEBERGEN CORP,AmerisourceBergen shares are trading lower in sympathy with McKesson after the company reported a drop in Q2 operating margins.,5,decrease,0.8,0.6,,174,35,0.0,2019-10-30,81540.0,-3.398226946592331,-0.5474679637700319,-1.3278966880515997,0.2795549732092617,1.6935614868998528,2.3847922123622523,3.3612460091926755
3321,AMBEV SA,Ambev SA shares are trading lower after the company reported worse-than-expected Q3 earnings results.,5,decrease,0.85,0.6,,159,25,0.0,2019-10-25,85254.0,-6.342498958110809,-1.354400534182787,-2.2573342785767947,-6.997741814614134,2.3809554055333138,3.0501059775705386,3.2751113710677737
3329,AMBEV SA,"Ambev shares are trading higher, potentially on continued strength in the overall Brazilian market on pension reform outlook.",5,increase,0.8,0.6,,160,35,2.0,2019-10-24,85254.0,2.380955405533314,-6.342498958110809,-8.879494410006517,-9.936570851869009,0.6535889115184546,0.8733616149533496,2.2123873127640747
3337,AMBEV SA,Ambev SA shares are trading lower on seemingly no company-specific news. The stock has traded roughly 33% of the average 100 day volume.,5,decrease,0.7,0.4,,169,35,0.0,2019-10-07,85254.0,-3.578948974609375,-0.8733616210520267,-0.4366808329821836,1.3624479322515981e-08,4.856507107615471,4.625551360510904,1.7130601831191417
3345,AMBEV SA,Ambev shares are trading higher. Not seeing any news to justify the price action.,5,uncertain,0.5,0.3,,156,35,1.0,2019-10-04,85254.0,4.856507107615471,-3.578948974609375,-4.210522316589971,-4.842105693693599,-0.2202588599175214,-2.9978558424325397,-1.9480450683154624
3353,ASBURY AUTOMOTIVE GROUP INC,"JP Morgan Maintains Neutral on Asbury Automotive Group, Lowers Price Target to $99",5,decrease,0.8,0.6,,166,35,0.0,2019-10-23,89327.0,2.79387105256319,3.9762478321790695,4.147375450064383,8.486007948464259,-8.812987059354782,-6.465350681958181,-4.439827989237532
3361,ASBURY AUTOMOTIVE GROUP INC,"Asbury Automotive Group Q3 EPS $2.33 Beats $2.32 Estimate, Sales $1.84B Inline",5,uncertain,0.6,0.3,,173,35,1.0,2019-10-22,89327.0,-8.812987059354782,2.7938710525631905,8.133278673445933,12.88286087360506,2.5745293125510216,4.795813492611933,5.715714000059613
3369,ACADIA PHARMACEUTICALS,ACADIA Pharma Reports Initiation Of Phase 3 Study Of Trofinetide in Rett Syndrome,5,increase,0.8,0.6,,170,35,2.0,2019-10-30,90177.0,1.869382336735725,-1.4866420067846775,-4.785127996756078,7.804879510607754,0.2609651070088148,1.6353931266369637,2.7473795928736555
3377,ACADIA PHARMACEUTICALS,"Oppenheimer Initiates Coverage On ACADIA Pharmaceuticals with Perform Rating, Announces $44 Price Target",5,uncertain,0.6,0.3,,170,35,1.0,2019-10-24,90177.0,-1.6264058649539952,1.094093732535839,3.1120807045612597,0.1701913590179238,-1.6466641798615456,-3.3071235002325894,4.6558216773803895
3385,ACADIA PHARMACEUTICALS,ACADIA Pharmaceuticals Highlights Presentation Of Additional Positive Data From The Phase 2 CLARITY Study With Pimavanserin In Adjunctive Major Depressive Disorder At 2019 Psych Congress,5,increase,0.8,0.6,,188,35,2.0,2019-10-07,90177.0,1.415096782147884,0.9560695849359035,2.0155007130316926,11.731268673927818,-0.3655336564406752,2.0320809748427537,5.385254987962651
3393,ACADIA PHARMACEUTICALS,ACADIA Pharmaceuticals Announces Late-Breaking Oral Presentation Of The Phase 3 HARMONY Study Of Pimavanserin In Dementia-Related Psychosis At The Clinical Trials on Alzheimer's Disease (CTAD) 2019 Meeting Dec 4th,5,increase,0.8,0.6,,201,35,2.0,2019-10-03,90177.0,2.4064108729362492,-0.3655336564406752,5.69190698164006,4.386423925708316,3.286391869187355,3.917754382192906,1.6857063524679194
3401,ACADIA PHARMACEUTICALS,ACADIA Pharmaceuticals shares are trading higher after RBC Capital initiated coverage on the company's stock with an Outperform rating and a $60 price target.,5,increase,0.85,0.7,,178,24,2.0,2019-10-01,90177.0,0.6112736649811268,3.286391869187355,7.8983726078721395,10.908591304698302,-2.1478986367583275,-3.975447881803018,-8.212184436556559
3409,ACADIA PHARMACEUTICALS,"RBC Capital Initiates Coverage On ACADIA Pharmaceuticals with Outperform Rating, Announces $60 Price Target",5,increase,0.85,0.7,,171,35,2.0,2019-10-01,90177.0,0.6112736649811268,3.286391869187355,7.8983726078721395,10.908591304698302,-2.1478986367583275,-3.975447881803018,-8.212184436556559
3417,A C C O BRANDS CORP,ACCO Brands shares are trading lower after the company reported worse-than-expected Q3 EPS and sales results.,5,decrease,0.85,0.7,,169,30,0.0,2019-10-29,90825.0,0.0,-11.243782192468643,-5.870648501045094,-6.865677120239577,0.199406361207366,0.199406361207366,-0.396431717740564
3425,A C C O BRANDS CORP,ACCO Brands Reaffirms FY19 Adj. EPS Guidance Of $1.15-$1.20 vs $1.19 Est.,5,uncertain,0.6,0.3,,175,35,1.0,2019-10-29,90825.0,0.0,-11.243782192468643,-5.870648501045094,-6.865677120239577,0.199406361207366,0.199406361207366,-0.396431717740564
3433,A C C O BRANDS CORP,"ACCO Brands Q3 Adj. EPS $0.32 Misses $0.33 Estimate, Sales $505.7M Miss $512.91M Estimate",5,decrease,0.75,0.4,,181,35,0.0,2019-10-29,90825.0,0.0,-11.243782192468643,-5.870648501045094,-6.865677120239577,0.199406361207366,0.199406361207366,-0.396431717740564
3441,A C C O BRANDS CORP,ACCO Brands Raises Quarterly Dividend From $0.060 To $0.065/Share,5,increase,0.75,0.3,,166,35,2.0,2019-10-29,90825.0,0.0,-11.243782192468643,-5.870648501045094,-6.865677120239577,0.199406361207366,0.199406361207366,-0.396431717740564
3449,ARCH CAPITAL GROUP LTD NEW,Arch Capital shares are trading higher after MKM Partners maintained a Buy rating on the stock and raised the price target from $45 to $50 following better-than-expected Q3 EPS and sales results.,5,increase,0.85,0.7,,181,35,2.0,2019-10-30,82276.0,2.388495206832886,-0.5950964521616697,-1.642462807005585,-3.403943115414254,0.8108058944344521,0.5637243560922656,-0.8697768157501784
3457,ARCH CAPITAL GROUP LTD NEW,"MKM Partners Maintains Buy on Arch Capital Group, Raises Price Target to $50",5,increase,0.8,0.6,,159,35,2.0,2019-10-30,82276.0,2.388495206832886,-0.5950964521616697,-1.642462807005585,-3.403943115414254,0.8108058944344521,0.5637243560922656,-0.8697768157501784
3465,ARCH CAPITAL GROUP LTD NEW,"Arch Capital Group Q3 EPS $0.63 Beats $0.62 Estimate, Sales $1.438B Beat $1.28B Estimate",5,increase,0.85,0.7,,172,35,2.0,2019-10-29,82276.0,0.8108058944344521,2.3884952068328857,-1.1942429012205658,-1.2429887437821474,-0.2450942993164062,-1.6670660404644266,-1.6670660404644266
3473,ARCH CAPITAL GROUP LTD NEW,Arch Capital Group Sees Q3 Catastrophe Losses $65M-$75M,5,decrease,0.8,0.6,,160,35,0.0,2019-10-07,82276.0,-0.5494494456797838,-2.065819315612316,-0.0960867170838986,2.3060271272939525,1.799615100026131,2.4724656208236384,1.0378960076978585
3481,AXCELIS TECHNOLOGIES INC,"Axcelis Technologies Q3 EPS $0.02 Beats $(0.01) Estimate, Sales $69.5M Miss $70.9M Estimate",5,uncertain,0.6,0.3,,178,35,1.0,2019-10-31,88417.0,-2.393071912229061,8.868026733398438,13.249863970853816,15.597285909041902,-1.6032049432396889,-4.61389396491283,0.2040764150383678
3489,A E C O M,"UPDATE: KeyBanc Maintains Overweight On Aecom, Raises Target To $48 'on greater conviction on our OW thesis, in terms of the FCF/share upside potential from capital allocation optionality as well as the case for DCS/CS (remain-co) multiple expansion'",5,increase,0.85,0.7,,199,35,2.0,2019-10-15,91975.0,1.518983487039804,1.1221964843571186,2.0947635603627335,1.9950201507140888,6.297094374895096,7.278654118684558,7.923502101753543
3497,A E C O M,"Citigroup Maintains Buy on AECOM, Raises Price Target to $47",5,increase,0.85,0.6,,158,35,2.0,2019-10-15,91975.0,1.518983487039804,1.1221964843571186,2.0947635603627335,1.9950201507140888,6.297094374895096,7.278654118684558,7.923502101753543
3505,A E C O M,"KeyBanc Maintains Overweight on AECOM, Raises Price Target to $48",5,increase,0.8,0.6,,160,35,2.0,2019-10-15,91975.0,1.518983487039804,1.1221964843571186,2.0947635603627335,1.9950201507140888,6.297094374895096,7.278654118684558,7.923502101753543
3513,A E C O M,AECOM shares are trading higher after the company announced it would sell its management service business for $2.41 billion to American Security and Lindsay Goldberg.,5,increase,0.85,0.7,,171,35,2.0,2019-10-14,91975.0,6.297094374895096,1.5189834870398045,3.873414653189155,2.6835477955322373,0.9234116412699224,1.5300584991743138,2.36914777630437
3521,A E C O M,Aecom Sells Management Services Business For $2.4B,5,increase,0.8,0.6,,155,35,2.0,2019-10-14,91975.0,6.297094374895096,1.5189834870398045,3.873414653189155,2.6835477955322373,0.9234116412699224,1.5300584991743138,2.36914777630437
3529,A E C O M,AECOM Narrows FY2019 EPS Guidance from $2.60-2.90 to $2.75 vs $2.77 Est,5,uncertain,0.6,0.3,,171,35,1.0,2019-10-14,91975.0,6.297094374895096,1.5189834870398045,3.873414653189155,2.6835477955322373,0.9234116412699224,1.5300584991743138,2.36914777630437
3537,A E C O M,AECOM to Sell its Management Services Business for $2.41B to American Security and Lindsay Goldberg,5,increase,0.8,0.6,,162,35,2.0,2019-10-14,91975.0,6.297094374895096,1.5189834870398045,3.873414653189155,2.6835477955322373,0.9234116412699224,1.5300584991743138,2.36914777630437
3545,A E C O M,Aecom Nears $2.4B Deal to Sell Management Services Unit,5,increase,0.8,0.6,,157,35,2.0,2019-10-14,91975.0,6.297094374895096,1.5189834870398045,3.873414653189155,2.6835477955322373,0.9234116412699224,1.5300584991743138,2.36914777630437
3553,ACCENTURE PLC IRELAND,"Accenture Interactive Acquires U.K. Digital Ventures Consultancy Bow & Arrow, Terms Not Disclosed",5,increase,0.8,0.6,,165,35,2.0,2019-10-31,89071.0,-0.6217191927134991,1.5100868418812752,1.9792892994812572,5.840794968768237,0.9632027707993984,2.0287673587272126,1.9172963520259323
3561,ACCENTURE PLC IRELAND,"Accenture Reports Purchase Of Happen, No Terms Disclosed",5,increase,0.7,0.4,,158,35,2.0,2019-10-17,89071.0,-0.2840831875801086,0.5590241868048906,-0.5590158395325062,-0.333258934280356,0.1978648826479911,1.008090163898756,1.2975109542504804
3569,ACCENTURE PLC IRELAND,Accenture Federal Services Awarded $66M Contract From US Air Force,5,increase,0.8,0.4,,160,35,2.0,2019-10-15,89071.0,0.8086252957582474,0.1978648826479911,-1.8697899171281065,-0.7527199591743416,0.2865322865545749,0.9084470352740626,0.6292740198845514
3577,ACCENTURE PLC IRELAND,"Accenture Reports Purchase Of Sutter Mills, No Terms Disclosed",5,uncertain,0.6,0.3,,159,35,1.0,2019-10-11,89071.0,0.6201378535479307,0.2865322865545749,1.574410643638613,-0.6028012918767534,-0.2766597084701061,0.8946240123482108,-1.5952013933283604
3585,ACCENTURE PLC IRELAND,"Accenture Interactive To Acquire Sutter Mills, No Terms Disclosed",5,increase,0.75,0.4,,159,35,2.0,2019-10-11,89071.0,0.6201378535479307,0.2865322865545749,1.574410643638613,-0.6028012918767534,-0.2766597084701061,0.8946240123482108,-1.5952013933283604
3593,ACCENTURE PLC IRELAND,Accenture Selected by TenneT to Integrate Business Processes on SAP S/4HANA Platform,5,increase,0.8,0.6,,166,35,2.0,2019-10-08,89071.0,-2.467748336493969,1.1745331808924675,2.6344693357654325,0.7154203766273293,-1.4923022128641603,0.5381840979649333,1.060314441364274
3601,ACCENTURE PLC IRELAND,Accenture To Acquire Nytec,5,increase,0.8,0.6,,152,35,2.0,2019-10-03,89071.0,0.519335363060236,2.061246335506439,-1.0656024155928143,0.5531042227134408,-2.515551634132862,-3.899141990245047,-3.412058992142264
3609,A C N B CORP,ACNB Q3 EPS $0.89 Up From $0.86 YoY,5,increase,0.7,0.3,,161,35,2.0,2019-10-30,12480.0,2.128888666629791,-0.3098608693107962,-0.2816858110710529,-1.4084507128645174,0.3174510551616549,0.8998477395019577,0.7536183028331145
3617,ACORDA THERAPEUTICS INC,Acorda Therapeutics shares are trading lower im sympathy with the weakness in the overall market.,5,decrease,0.8,0.4,,168,35,0.0,2019-10-31,91086.0,-9.836068749427795,21.212123334407806,46.06061369369483,10.90909491430434,2.2346414625644684,-7.575756510557197,-7.106598354160642
3625,ACORDA THERAPEUTICS INC,Acorda Therapeutics shares are trading lower after JP Morgan downgraded the stock from Neutral to Underweight,5,decrease,0.85,0.7,,172,25,0.0,2019-10-24,91086.0,-26.062843203544624,-1.4999985694885254,-17.500001147527477,20.50000462121255,11.77685260772705,13.65545318678385,9.959344412914016
3633,ACORDA THERAPEUTICS INC,JP Morgan Downgrades Acorda Therapeutics to Underweight,5,decrease,0.85,0.7,,163,35,0.0,2019-10-24,91086.0,-26.062843203544624,-1.4999985694885254,-17.500001147527477,20.50000462121255,11.77685260772705,13.65545318678385,9.959344412914016
3641,ACORDA THERAPEUTICS INC,"Acorda Therapeutics Announces Corporate Restructuring; Co. To Reduce Headcount By 25%, Expects Annualized Cost Savings ~$21M",5,increase,0.75,0.6,,180,35,2.0,2019-10-23,91086.0,11.776852607727047,-26.062843203544617,-32.347500089466884,-7.948239206453589,1.6806704923510551,-1.6260148254410467,-6.201544971373208
3649,ACORDA THERAPEUTICS INC,Acorda Therapuetics shares are trading higher. Not seeing any news to justify the price action.,5,uncertain,0.5,0.3,,170,35,1.0,2019-10-23,91086.0,11.776852607727047,-26.062843203544617,-32.347500089466884,-7.948239206453589,1.6806704923510551,-1.6260148254410467,-6.201544971373208
3657,ACORDA THERAPEUTICS INC,Supreme Court Declines To Hear Acorda Therapeutics' Appeal In Patent Dispute Over Multiple Sclerosis Drug Ampyra,5,decrease,0.85,0.7,,176,35,0.0,2019-10-07,91086.0,3.42465415596962,-4.801324009895325,-20.529797487623156,-21.1920487975802,2.998237684369087,5.989109039352236,7.749078826583022
3665,ACORDA THERAPEUTICS INC,"Acorda's Inbrija Now Available In US Without Need For Medical Exception For ~66% Of Commercial, ~25% Of Medicare Plan Patients",5,increase,0.8,0.6,,180,35,2.0,2019-10-04,91086.0,2.9982376843690868,3.42465415596962,-17.4657524649955,-15.75342563881258,2.903808280825615,4.61254604838246,-1.2195068730389114
3673,ACME UNITED CORP,"Acme United Q3 EPS $0.3 Beats $0.28 Estimate, Sales $36.995M Beat $36.76M Estimate",5,increase,0.8,0.6,,172,35,2.0,2019-10-18,60038.0,3.176170215010643,4.872832074761391,1.2438751847728469,4.824741478008243,-0.7835877127945423,-2.2444116709046336,-2.6311042680136065
3681,ADOBE INC,"Barclays Maintains Overweight on Adobe, Lowers Price Target to $325",5,decrease,0.7,0.4,,157,35,0.0,2019-10-28,75510.0,0.1365396310575305,0.036855021608062,2.2664432134439805,6.9725383368737015,0.474600913003087,3.6966184676106906,3.787971495989151
3689,ADOBE INC,"BMO Capital Maintains Outperform on Adobe, Lowers Price Target to $300",5,decrease,0.7,0.4,,157,35,0.0,2019-10-21,75510.0,0.4971404559910297,-2.1548494696617126,1.690154981894065,3.994904598221894,-1.381667423993349,-2.6329383649435933,-4.964395559764922
3697,ADOBE INC,Citi Steps To Sidelines On Adobe,5,decrease,0.8,0.6,,148,35,0.0,2019-10-16,75510.0,-2.394502982497215,-1.2688015587627888,-4.17308569999324,2.0938726571141597,0.5796010605990887,0.3952732883510723,1.6037542561496476
3705,ADOBE INC,Adobe shares are trading lower after Citigroup downgraded the company's stock from Buy to Neutral.,5,decrease,0.85,0.6,,158,35,0.0,2019-10-16,75510.0,-2.394502982497215,-1.2688015587627888,-4.17308569999324,2.0938726571141597,0.5796010605990887,0.3952732883510723,1.6037542561496476
3713,ADOBE INC,Citigroup Downgrades Adobe to Neutral,5,decrease,0.8,0.6,,148,35,0.0,2019-10-16,75510.0,-2.394502982497215,-1.2688015587627888,-4.17308569999324,2.0938726571141597,0.5796010605990887,0.3952732883510723,1.6037542561496476
3721,ADOBE INC,"Cleveland Research Initiates Coverage On Adobe with Neutral Rating, Announces $283 Price Target",5,uncertain,0.6,0.3,,157,35,1.0,2019-10-15,75510.0,0.5796010605990887,-2.3945029824972153,-6.549990151993946,-2.84190636150492,-0.1832655631005764,1.01825139963867,1.27976443038349
3729,ADOBE INC,Box And Adobe Announce Cloud Collaboration,5,increase,0.8,0.6,,147,35,2.0,2019-10-03,75510.0,2.152550034224987,1.674007996916771,0.9471429325989656,-1.1600599835893677,-2.2184694185853004,-3.4714918800426986,-3.920157284960158
3737,ADOBE INC,New Microsoft OS For Dual Displays Includes Microsoft Office,5,uncertain,0.6,0.3,,149,35,1.0,2019-10-02,75510.0,-2.2184694185853,2.152550034224987,2.8538158073080133,2.2650598525405963,-1.2814510613679886,-1.7402957964111732,-3.9110694628348264
3745,ADOBE INC,Microsoft Event Shows Demonstration Of Adobe Fresco; Adobe Shares Appear Unaffected,5,uncertain,0.4,0.2,,156,35,1.0,2019-10-02,75510.0,-2.2184694185853,2.152550034224987,2.8538158073080133,2.2650598525405963,-1.2814510613679886,-1.7402957964111732,-3.9110694628348264
3753,AGREE REALTY CORP,"SunTrust Robinson Humphrey Maintains Buy on Agree Realty, Raises Price Target to $83",5,increase,0.8,0.6,,162,35,2.0,2019-10-30,80412.0,0.5864343140274286,-0.1647717086598277,-4.119138065768901,-6.00760177693429,0.8615221828222275,1.069452130676973,0.913416992638294
3761,AGREE REALTY CORP,Agree Realty Q3 Adj. FFO $0.77 Up From $0.72 YoY,5,increase,0.85,0.6,,164,35,2.0,2019-10-21,80412.0,1.4088212512433531,0.2726651728153229,0.9737730660708044,0.3505637624525271,1.02420412003994,1.9736755361931868,2.386083392912286
3769,AGREE REALTY CORP,"Berenberg Initiates Coverage On Agree Realty with Buy Rating, Announces $82 Price Target",5,increase,0.85,0.6,,162,35,2.0,2019-10-01,80412.0,0.4237833898514509,0.2586474874988198,0.9256743272398892,0.9801269758047848,0.591309554874897,-0.624913794498394,0.7881325790685345
3777,ANALOG DEVICES INC,"Raymond James Upgrades Analog Devices to Outperform, Announces $120 Price Target",5,increase,0.85,0.7,,158,35,2.0,2019-10-30,60871.0,0.1758305123075843,-1.496538333594799,3.4919156621384673,5.4688203986685835,-0.70752939209342,1.1513579920667372,2.601593128764179
3785,ANALOG DEVICES INC,"Analog Devices Reports Purchase Of Test Motors, No Terms Disclosed",5,uncertain,0.4,0.2,,154,35,1.0,2019-10-29,60871.0,-0.70752939209342,0.1758305123075842,4.98796916196016,4.8121456442389965,1.8721332773566248,3.3327023696740454,3.0880005112506215
3793,ANALOG DEVICES INC,"Analog Devices shares are trading lower after Texas Instruments reported weak Q3 results and issued soft Q4 guidance, which is moving the semiconductor sector lower today.",5,decrease,0.85,0.6,,171,25,0.0,2019-10-23,60871.0,-4.78895902633667,-0.2368096960708499,2.538600298434579,6.119161741993184,-0.2070050919428467,1.2787668025763033,0.799997557493537
3801,ANALOG DEVICES INC,"Daiwa Capital Initiates Coverage On Analog Devices with Outperform Rating, Announces $121 Price Target",5,increase,0.8,0.6,,162,35,2.0,2019-10-22,60871.0,-0.2070050919428468,-4.78895902633667,-2.5432898887033817,2.317820757909006,1.4888538978993893,1.0090915202656925,0.4702092052328632
3809,ANALOG DEVICES INC,"KeyBanc Upgrades Analog Devices to Overweight, Announces $130 Price Target",5,increase,0.85,0.7,,158,35,2.0,2019-10-01,60871.0,-1.7452828586101528,-0.7378370966762304,-3.324832952769685,3.1973058376707053,0.6213998887687922,-1.2462400999352252,-0.8430927742196337
3817,ARCHER DANIELS MIDLAND CO,Archer-Daniels Midland shares are trading higher after the company reported better-than-expected Q3 EPS and sales results.,5,increase,0.85,0.6,,172,33,2.0,2019-10-31,10516.0,3.7256408482789993,0.9276864118874072,3.56803034599813,1.760223179185827,-2.360875904560089,-1.8644079362405863,-1.1704451869120611
3825,ARCHER DANIELS MIDLAND CO,Archer Daniels Midland Says Continue To See Strength In Soybean Meal Demand Outside China,5,increase,0.8,0.6,,164,35,2.0,2019-10-31,10516.0,3.7256408482789993,0.9276864118874072,3.56803034599813,1.760223179185827,-2.360875904560089,-1.8644079362405863,-1.1704451869120611
3833,ARCHER DANIELS MIDLAND CO,"Archer-Daniels Midland Earlier Reported Q3 Adj. EPS $0.77 Beats $0.72 Estimate, Sales $16.726B Beat $16.09B Estimate",5,increase,0.85,0.6,,186,35,2.0,2019-10-31,10516.0,3.7256408482789993,0.9276864118874072,3.56803034599813,1.760223179185827,-2.360875904560089,-1.8644079362405863,-1.1704451869120611
3841,ARCHER DANIELS MIDLAND CO,Archer-Daniels Midland Announced Partnership With Concern Worldwide To Fight Hunger In Ethiopia And Kenya,5,increase,0.7,0.3,,167,35,2.0,2019-10-16,10516.0,-1.562115177512169,0.3778279758989811,2.5944552695034373,2.090674988337682,0.3233857452869415,-0.3212982214602755,1.4080999014807194
3849,ARCHER DANIELS MIDLAND CO,"Stephens & Co. Initiates Coverage On Archer-Daniels Midland with Overweight Rating, Announces $50 Price Target",5,increase,0.8,0.6,,172,35,2.0,2019-10-08,10516.0,-3.46907302737236,1.380205061286688,5.026042205792214,5.62499925312312,-1.4126387424767015,0.6324309998021027,0.1510511751886323
3857,ARCHER DANIELS MIDLAND CO,ADM Milling Announces Flour Recall After FDA Confirmed E. Coli Strain,5,decrease,0.8,0.6,,163,35,0.0,2019-10-03,10516.0,-0.478354562073946,2.0743731409311295,0.6071381579835,0.8095109629340902,-1.5125231817364693,-3.287067220044504,-2.979964503838961
3865,ADMA BIOLOGICS INC,ADMA Biologics Announces the First Commercial Sales of ASCENIV,5,increase,0.85,0.7,,158,35,2.0,2019-10-21,15056.0,6.47321343421936,0.2096483949571848,-0.2096385362804209,7.966459004863924,1.3574647717177868,3.225803246503478,7.434051392703811
3873,ADMA BIOLOGICS INC,ADMA Biologics Announces Data Presented at IDWeek 2019,5,uncertain,0.6,0.3,,158,35,1.0,2019-10-07,15056.0,-1.207722630351782,-3.1784869730472565,-4.4009795944319645,16.625911681663432,-0.6002423819154501,-6.334846403493533,-6.966291300768567
3881,ADAMIS PHARMACEUTICALS CORP,"Seeing Bearish Blog Post On Adamis Pharmaceuticals, Citing 'history of the company coming up short and disappointing shareholders'",5,decrease,0.8,0.6,,177,35,0.0,2019-10-29,82163.0,-5.241939797997475,0.1418421510607004,7.801419100610252,30.312054754365224,0.5405416246503592,0.5405416246503592,3.333331659294969
3889,ADAMIS PHARMACEUTICALS CORP,Adamis Pharmaceuticals 8K Filing Showing Notice Of Delisting,5,decrease,0.9,0.8,,166,35,0.0,2019-10-16,82163.0,11.32811829447746,-1.4210479333996773,26.315795094938775,23.85964473737092,-2.7355631813406944,-5.167619995273465,-5.185184460256142
3897,ADAMIS PHARMACEUTICALS CORP,Adamis Pharmaceuticals Announces Commercial Partnership With Emerge Health For SYMJEPI® In Australia And New Zealand,5,increase,0.75,0.4,,175,35,2.0,2019-10-01,82163.0,-4.002843052148819,-2.661541849374771,-3.1494924909500677,-24.293947414093353,-5.941253900527954,-6.873758752868319,-5.207209846867977
3905,AUTOMATIC DATA PROCESSING INC,Automatic Data Processing shares are trading lower after the company reported worse-than-expected Q1 sales results.,5,decrease,0.85,0.6,,163,35,0.0,2019-10-30,44644.0,0.8106565102934837,-1.1696607805788517,-2.735297177325391,2.942431959191283,0.2154148882254958,0.5371666392524066,0.1784228825553624
3913,AUTOMATIC DATA PROCESSING INC,Automatic Data Processing Sees FY20 Adj. EPS Growth 12%-14%,5,increase,0.85,0.6,,159,35,2.0,2019-10-30,44644.0,0.8106565102934837,-1.1696607805788517,-2.735297177325391,2.942431959191283,0.2154148882254958,0.5371666392524066,0.1784228825553624
3921,AUTOMATIC DATA PROCESSING INC,"Automatic Data Processing Q1 Adj. EPS $1.34 Beats $1.33 Estimate, Sales $3.5B Miss $3.52B Estimate",5,uncertain,0.6,0.3,,176,35,1.0,2019-10-30,44644.0,0.8106565102934837,-1.1696607805788517,-2.735297177325391,2.942431959191283,0.2154148882254958,0.5371666392524066,0.1784228825553624
3929,A D T INC,ADT shares are trading higher after the company announced it will acquire I-View Now to help reduce false alarms and optimize priority response from emergency services.,5,increase,0.8,0.6,,168,35,2.0,2019-10-18,17223.0,5.278172343969345,-2.1680260077118874,4.3360391876533955,7.317072477188913,-1.2676010839641094,4.005941777826605,6.3732940867098575
3937,A D T INC,"ADT Reports Purchase Of I-View Now, No Terms Disclosed",5,increase,0.75,0.6,,153,35,2.0,2019-10-17,17223.0,-1.267601083964109,5.278172343969345,8.273893206612048,10.41368782018488,5.341248586773872,7.738994752038719,7.902735578310804
3945,A D T INC,ADT and Lyft Partner to Increase Ride Security,5,increase,0.75,0.6,,148,35,2.0,2019-10-14,17223.0,0.151979166548699,2.276170253753662,9.559933948959864,17.905915374853066,2.6521073654294014,5.111816092676658,6.300482519789985
3953,A D T INC,ADT shares are trading higher after the company announced it signed a definitive agreement to sell its Canadian operations for roughly $700 million in cash. The company also announced a special dividend of $0.70 per share.,5,increase,0.85,0.7,,181,35,2.0,2019-10-01,17223.0,2.232852764427662,-0.3120122011750936,-3.432134187331559,5.148204915749166,1.7857164144515991,2.955662054529573,-4.420731265338551
3961,A D T INC,ADT Announces Planned Special Dividend Of $0.70/Share,5,increase,0.8,0.6,,152,35,2.0,2019-10-01,17223.0,2.232852764427662,-0.3120122011750936,-3.432134187331559,5.148204915749166,1.7857164144515991,2.955662054529573,-4.420731265338551
3969,ADTRAN HOLDINGS INC,"UPDATE: MKM On Adtran Also Notes 'More importantly, 2020 should mark the real start of the 5G wireless access cycle, and Adtran's copper, and even fiber, Access products may get lower capex priority for a couple of years'",5,decrease,0.8,0.6,,195,35,0.0,2019-10-10,80791.0,-19.248391687870033,2.610664442181587,11.350737499547137,3.1782036919445256,-1.266971416771412,-3.4513304480859985,-5.047867268328455
3977,ADTRAN HOLDINGS INC,"UPDATE: MKM Downgrades Adtran To Neutral As Firm Notes 'Now, with another big downtick at another 10% customer, we think many investors may stay on the sidelines for longer'",5,decrease,0.85,0.7,,183,34,0.0,2019-10-10,80791.0,-19.248391687870033,2.610664442181587,11.350737499547137,3.1782036919445256,-1.266971416771412,-3.4513304480859985,-5.047867268328455
3985,ADTRAN HOLDINGS INC,"ADTRAN Sees Q3 EPS 0.06 Inline, Sales $114M",5,uncertain,0.5,0.3,,159,35,1.0,2019-10-10,80791.0,-19.248391687870033,2.610664442181587,11.350737499547137,3.1782036919445256,-1.266971416771412,-3.4513304480859985,-5.047867268328455
3993,ADTRAN HOLDINGS INC,Adtran shares are trading lower after MKM Partners downgraded the stock from But to Neutral.,5,decrease,0.8,0.6,,161,35,0.0,2019-10-10,80791.0,-19.248391687870033,2.610664442181587,11.350737499547137,3.1782036919445256,-1.266971416771412,-3.4513304480859985,-5.047867268328455
4001,ADTRAN HOLDINGS INC,MKM Partners Downgrades Adtran to Neutral,5,decrease,0.8,0.6,,152,35,0.0,2019-10-10,80791.0,-19.248391687870033,2.610664442181587,11.350737499547137,3.1782036919445256,-1.266971416771412,-3.4513304480859985,-5.047867268328455
4009,AMEREN CORP,UBS Upgrades Ameren to Buy,5,increase,0.85,0.6,,150,35,2.0,2019-10-29,24985.0,0.8438911288976669,1.4382824301719666,-1.9874532584075233,-2.981179842729964,-0.979240145534277,-2.1293090683242477,-1.5831835833108432
4017,AMEREN CORP,"SunTrust Robinson Humphrey Maintains Hold on Ameren, Lowers Price Target to $81",5,decrease,0.8,0.6,,161,35,0.0,2019-10-16,24985.0,-0.1055433065630496,0.1056548207998275,1.769672884154927,2.456419070840332,-0.6422832142561674,-1.6223230859981674,-1.3662920297764614
4025,AMEREN CORP,Ameren Corporation Increases Qtr. Dividend From $0.475 to $0.495/Share,5,increase,0.8,0.3,,163,35,2.0,2019-10-11,24985.0,0.2602532040327787,-0.9863751940429212,-0.5580795179096709,-0.5970236316503619,-0.6335633341223001,-0.7362434805357809,-2.6475853408306382
4033,AEGON N V,Aegon Reports Exercise Of Right To Redeem $1B Perpetual Capital Securities With Coupon Of 6.375% Issued In 2005,5,increase,0.75,0.4,,174,35,2.0,2019-10-24,85172.0,-0.8948537521064281,-0.4514668602496385,-2.483062375739953,4.514679204733496,1.5909021720290184,2.7586181337510007,2.995383257417883
4041,AEHR TEST SYSTEMS,Aehr Sees FY20 Sales $27M-$31M vs $29M Estimate,5,,,,,160,35,,2019-10-03,85272.0,0.0,-1.7857126891613009,-9.14685993613773e-08,9.523815000674809,-3.873664140701294,-6.14525234741119,5.660371336054837
4049,AEHR TEST SYSTEMS,"Aehr Test Systems Q1 Adj. EPS $(0.01) Beats $(0.02) Estimate, Sales $5.533M Miss $5.58M Estimate",5,uncertain,0.6,0.2,,177,35,1.0,2019-10-03,85272.0,0.0,-1.7857126891613009,-9.14685993613773e-08,9.523815000674809,-3.873664140701294,-6.14525234741119,5.660371336054837
4057,ADVANCED ENERGY INDUSTRIES INC,Advanced Energy Industries shares are trading lower on seemingly no company-specific news.,5,decrease,0.7,0.3,,157,35,0.0,2019-10-24,82547.0,10.27824431657791,2.814972959458828,1.441812809464338,9.663579024446722,-3.1175443902611732,-1.1044483297193095,-0.6581391846814832
4065,ADVANCED ENERGY INDUSTRIES INC,"Cowen & Co. Downgrades Advanced Energy Indus to Market Perform, Lowers Price Target to $57",5,decrease,0.85,0.7,,167,35,0.0,2019-10-11,82547.0,-0.2039243467152119,0.3343794960528612,-1.2075080241433889,11.276239355120964,-0.2404310507699847,1.2577401581721714,-2.8633174416528906
4073,AGNICO EAGLE MINES LTD,Agnico Eagle Mines shares are trading higher after the company reported better-than-expected Q3 EPS results.,5,increase,0.85,0.7,,171,35,2.0,2019-10-24,78223.0,6.395569443702698,2.10215263068676,6.792911159162651,1.4593468471035598,2.036963403224945,2.0177252667532564,-0.1476592686692091
4081,AGNICO EAGLE MINES LTD,"Agnico Eagle Mines Q3 EPS $0.32 Beats $0.29 Estimate, Sales $682.959M Miss $706.48M Estimate",5,uncertain,0.6,0.3,,182,35,1.0,2019-10-23,78223.0,2.036963403224945,6.395569443702698,10.591503801714186,10.036969401876885,-0.0188540856470353,-2.1410110601400967,-1.06363057207981
4089,AGNICO EAGLE MINES LTD,Agnico Eagle Mines shares are trading higher in anticipation of the release of the company's Q3 earnings after the close today.,5,increase,0.7,0.5,,174,35,2.0,2019-10-23,78223.0,2.036963403224945,6.395569443702698,10.591503801714186,10.036969401876885,-0.0188540856470353,-2.1410110601400967,-1.06363057207981
4097,AGNICO EAGLE MINES LTD,Mike Khouw Sees Unusual Activity In Agnico Eagle Mines,5,uncertain,0.6,0.3,,163,35,1.0,2019-10-01,78223.0,-0.9513190016150476,0.7721277885138988,3.5216624296959376,-2.372878201618356,-3.3879995346069336,-7.457275253362727,-8.249186293070354
4105,AERCAP HOLDINGS N V,AerCap Provides a Q3 Update,5,,,,,153,35,,2019-10-14,91602.0,-0.0921644910704344,0.9594104252755642,4.409592986149935,8.24722769780919,1.5917573124170303,2.474502027622938,4.4474419605276205
4113,A E S CORP,The AES Corporation shares are trading lower in sympathy with the broader market on continued fears of a recession amid a weak ADP jobs report. There is also uncertainty in the market over the upcoming U.S.-China meeting next week.,5,decrease,0.8,0.6,,186,35,0.0,2019-10-02,76712.0,-3.325122967362404,0.6369451060891151,-1.019107466443614,2.7388493428844196,-0.6119974423199892,-0.4291827071406517,0.1233073928574635
4121,A E S CORP,AES Accelerates Prepayment Of $443 Million In Recourse Debt,5,increase,0.8,0.6,,155,35,2.0,2019-10-01,76712.0,-0.6119974423199892,-3.325122967362404,-4.495071275129014,-1.3546756618158629,0.1839404460042715,0.7398325917161941,1.364759955328232
4129,AETERNA ZENTARIS INC,Aeterna Zentaris Announces Appointment of New President and Chief Executive Officer,5,uncertain,0.6,0.3,,162,35,1.0,2019-10-04,88240.0,-0.4000008106231688,-1.124499086290598,-9.39758814576902,7.429724509593183,0.0,-1.9607825204730032,-2.9126186791843423
4137,AMERICAN FINANCIAL GROUP INC NEW,"American Financial Group Q3 Core EPS $2.25 Beats $2.02 Estimate, Sales $1.442B Beat $1.31B Estimate",5,increase,0.85,0.7,,179,35,2.0,2019-10-29,60687.0,0.8684615604579449,0.0773862819187343,3.202087202123294,6.723417729635095,0.2641662023961544,0.1172359785069021,-1.0333168879836707
4145,AFLAC INC,"Sharecare Reports Received Strategic Investment From Aflac's Corporate Ventures Unit, No Terms Disclosed",5,increase,0.75,0.4,,157,35,2.0,2019-10-29,57904.0,0.1308232313022017,-0.4106032196432352,-1.1944814483874189,0.7278824849994425,0.46939542517066,1.8074522967711504,1.9820794338253125
4153,AFLAC INC,"Aflac Q3 Adj. EPS $1.16, Adj. EPS Ex Forex Impact $1.14 Beats $1.07 Estimate, Sales $5.54B Miss $5.59B Estimate",5,uncertain,0.6,0.3,,181,35,1.0,2019-10-24,57904.0,0.1715268706902862,1.3318054378032684,1.1415495889815164,3.025114480699198,0.0953892653342336,-0.8128550134600787,-0.4553175509077078
4161,AFLAC INC,"UBS Maintains Neutral on Aflac, Raises Price Target to $53",5,increase,0.7,0.3,,154,35,2.0,2019-10-10,57904.0,1.106795482337475,0.7105798460543156,1.113888656644857,0.9410440905802008,0.9012521244585514,-0.8662189899599326,-1.151628611268507
4169,FIRST MAJESTIC SILVER CORP,First Majestic Silver shares are trading higher after the company reported its Q3 production results.,5,increase,0.8,0.6,,167,35,2.0,2019-10-16,12447.0,8.269861340522766,4.221106320619583,0.9045241763451672,4.221106549752185,-2.648305147886276,-0.3253870785022372,-5.74359418142758
4177,FIRST MAJESTIC SILVER CORP,"First Majestic Silver Reports Q3 Production: 6.6M Silver Equivalent Oz., 35.791K Oz. Of Gold, 1.9M Lbs. Of Lead, 1M Lbs. Of Zinc",5,uncertain,0.6,0.3,,197,35,1.0,2019-10-15,12447.0,-2.648305147886276,8.269861340522766,7.616983595882187,12.187169774165586,2.3861095309257507,-3.179491675253665,-2.378495439455286
4185,A G C O CORP,"Morgan Stanley Maintains Underweight on AGCO, Raises Price Target to $74",5,decrease,0.8,0.6,,160,35,0.0,2019-10-30,77520.0,0.1051134313456713,0.6562540773302317,2.651262119206943,3.8325215814045466,-1.155843399465084,-0.95002054358726,0.7279024824652369
4193,A G C O CORP,"AGCO Sees FY19 Adj. EPS ~$5.10 vs $5.08 Est., Sees Net Sales Declining Modestly",5,uncertain,0.6,0.3,,172,35,1.0,2019-10-29,77520.0,-1.155843399465084,0.1051134313456714,4.270135303677347,3.7183049805107338,0.2082296647131443,1.9057736407658732,0.4959505529213981
4201,A G C O CORP,"AGCO Q3 Adj. EPS $0.82 Beats $0.78 Estimate, Sales $2.109B Miss $2.21B Estimate",5,uncertain,0.6,0.3,,175,35,1.0,2019-10-29,77520.0,-1.155843399465084,0.1051134313456714,4.270135303677347,3.7183049805107338,0.2082296647131443,1.9057736407658732,0.4959505529213981
4209,A G C O CORP,"Citigroup Maintains Neutral on AGCO, Lowers Price Target to $79",5,decrease,0.8,0.6,,160,35,0.0,2019-10-15,77520.0,0.5743276327848433,-1.1284864507615566,4.065258661266435,3.4806220297780355,-0.9749509394168854,1.386385667474288,3.24720500454947
4217,A G C O CORP,"UBS Maintains Neutral on AGCO, Lowers Price Target to $79",5,decrease,0.8,0.6,,160,35,0.0,2019-10-08,77520.0,-2.611107379198074,1.0125485248863697,4.891614466407845,9.155729908445664,-2.2933945059776306,-0.4975133123321207,0.1530123495763202
4225,AGIOS PHARMACEUTICALS INC,"Agios Pharmaceuticals Earlier Reported Q3 EPS $(1.81) Misses $(1.8) Estimate, Sales $26.024M Miss $32.99M Estimate",5,decrease,0.85,0.7,,186,35,0.0,2019-10-31,14044.0,-4.8703379929065695,11.8351049721241,12.267289396678873,13.730050951031192,-0.908802915364504,-3.656303655226567,-3.656303655226567
4233,A G N C INVESTMENT CORP,AGNC Investment Q3 EPS $0.42 Misses $0.49 Estimate,5,decrease,0.8,0.6,,165,35,0.0,2019-10-30,92680.0,-0.060060538817197,3.458736091852188,3.822822072975951,5.582524878679163,-0.0300274259643629,0.6650465315956033,0.3012002044292972
4241,A G N C INVESTMENT CORP,"RBC Capital Initiates Coverage On AGNC Investment with Sector Perform Rating, Announces $16 Price Target",5,uncertain,0.6,0.3,,168,35,1.0,2019-10-03,92680.0,0.4426219034940004,0.9757676161825656,1.1016634489372068,2.8643369248204875,0.0316202436806634,-1.709139586843755,-1.2796558323015517
4249,AGILE THERAPEUTICS INC,Agile Therapeutics Rallies After FDA Panel Backs Contraceptive Patch,5,increase,0.85,0.7,,164,35,2.0,2019-10-31,14645.0,223.7992763519287,12.49999776482582,69.16665441394707,98.3333311116164,,,
4257,AGILE THERAPEUTICS INC,"Agile Therapeutics Shares Resume Trade, Up 264%",5,increase,0.9,0.8,,159,35,2.0,2019-10-31,14645.0,223.7992763519287,12.49999776482582,69.16665441394707,98.3333311116164,,,
4265,AGILE THERAPEUTICS INC,Agile Therapeutics Shares To Resume Trade At 7:10 a.m. EDT,5,uncertain,0.5,0.3,,165,35,1.0,2019-10-31,14645.0,223.7992763519287,12.49999776482582,69.16665441394707,98.3333311116164,,,
4273,AGILE THERAPEUTICS INC,"Agile Therapeutics Announces Favorable Outcome of FDA Advisory Committee Meeting for its Investigational Transdermal Contraceptive Patch, Twirla® (AG200-15)",5,increase,0.85,0.7,,182,35,2.0,2019-10-31,14645.0,223.7992763519287,12.49999776482582,69.16665441394707,98.3333311116164,,,
4281,AGILE THERAPEUTICS INC,Agile Therapeutics shares are trading lower ahead of the company's Wednesday meeting with the FDA to discuss its twirla marketing application. Briefing documents have caused investor concerns over the probability of the application being successful.,5,decrease,0.8,0.6,,189,35,0.0,2019-10-29,14645.0,-17.918053269386288,,,,-59.32432413101196,-60.39473567691871,-62.058824674653046
4289,AGILE THERAPEUTICS INC,Agile Therapeutics Q3 EPS $(0.08) Up From $(0.11) YoY,5,increase,0.75,0.4,,169,35,2.0,2019-10-28,14645.0,-59.32432413101196,-17.91805326938629,,,-2.631576545536518,-6.722692334476776,-6.722692334476776
4297,AGILYSYS INC,Agilysys Raises FY20 Sales Growth Guidance To ~14% Year Over Year,5,increase,0.85,0.6,,159,35,2.0,2019-10-24,63125.0,3.525117039680481,0.1956992084160447,-1.4089970389937756,-8.101760474318699,-4.783949628472328,-6.691872824630218,-5.549172781095713
4305,AGILYSYS INC,"Agilysys Q2 EPS $(0.13) Misses $(0.04) Estimate, Sales $40.722M Beat $38.04M Estimate",5,uncertain,0.6,0.3,,176,35,1.0,2019-10-24,63125.0,3.525117039680481,0.1956992084160447,-1.4089970389937756,-8.101760474318699,-4.783949628472328,-6.691872824630218,-5.549172781095713
4313,ARMADA HOFFLER PROPERTIES INC,Amanda Hoffler Properties Narrows FY19 FFO Guidance From $1.15-$1.19 To $1.16-$1.18,5,uncertain,0.6,0.2,,177,35,1.0,2019-10-31,13887.0,0.2675186609849334,0.1600890420377254,-6.296693309465795,-5.122727293950835,1.7973851412534714,2.242887499423496,2.579589698711948
4321,ARMADA HOFFLER PROPERTIES INC,"Armada Hoffler Properties Q3 EPS $0.3 Up From $0.24 YoY, Sales $42.22M Beat $38.91M Estimate",5,increase,0.85,0.6,,182,35,2.0,2019-10-31,13887.0,0.2675186609849334,0.1600890420377254,-6.296693309465795,-5.122727293950835,1.7973851412534714,2.242887499423496,2.579589698711948
4329,ASHFORD HOSPITALITY TRUST INC,"Ashford Hospitality Trust Q3 FFO $0.28 Down From $0.3 YoY, EPS $(0.42)",5,decrease,0.75,0.4,,176,35,0.0,2019-10-29,89803.0,0.0,6.923079490661621,16.153849121821985,5.000004138738823,-6.251630932092667,-10.70070929559247,-11.30205072395174
4337,ASHFORD HOSPITALITY TRUST INC,Ashford Trust Reports New Franchise Deal For The Hilton Alexandria Old Town,5,increase,0.75,0.4,,163,35,2.0,2019-10-03,89803.0,-1.5723254531621929,0.6389770191162825,-11.50160108059054,-6.7092658976109725,0.3154570935294032,-3.9274888254811846,-8.092484854581217
4345,AMERICAN INTERNATIONAL GROUP INC,"SEc Investigating AIG Subsidiary Valic, Probing Valic's Sales And Disclosure Practices For Teachers' Retirement Products",5,decrease,0.8,0.6,,168,35,0.0,2019-10-29,66800.0,-0.8563287556171417,0.9788908995687962,5.20154128751793,6.353169891390498,-0.4734848625957966,-0.6616300260394614,-1.1288848252258177
4353,AMERICAN INTERNATIONAL GROUP INC,"AIG Reports Proposals To Launch New Syndicate At Lloyd's Serving US High Net Worth Market Which Will Start Writing Business Effective Jan. 1, 2020",5,increase,0.8,0.6,,175,35,2.0,2019-10-23,66800.0,-0.1690461067482829,-0.4703668877482414,-1.0159941619334978,4.459075987506433,-2.401462011039257,-1.3526023715446422,-1.516832498675058
4361,AMERICAN INTERNATIONAL GROUP INC,Evercore ISI Group Initiates Coverage On American International Gr with In-Line Rating,5,uncertain,0.6,0.2,,158,35,1.0,2019-10-17,66800.0,-0.5152719561010599,-0.1664819661527872,-2.145763593054218,-2.034780314948592,-0.6217998452484608,0.2398101113429529,-0.1470011539430271
4369,AMERICAN INTERNATIONAL GROUP INC,"Barclays Maintains Overweight on American International Gr, Raises Price Target to $67",5,increase,0.85,0.6,,160,35,2.0,2019-10-02,66800.0,-1.655320450663567,-0.4862579517066479,-0.80418994208179,1.6270783962815782,-2.38779503852129,-3.187323583963131,-2.7022228327444053
4377,ALBANY INTERNATIONAL CORP NEW,Albany Raises FY19 Adj. EPS Guidance From $3.05-$3.35 To $3.75-$3.95,5,increase,0.85,0.7,,173,24,2.0,2019-10-29,11731.0,0.3064476419240236,0.7210024632513523,5.193694243223623,5.34033369110789,2.577647566795349,1.746073311659968,3.1874581543155367
4385,ALBANY INTERNATIONAL CORP NEW,"Albany International Q3 Adj. EPS $1.17 Beats $0.79 Estimate, Sales $271.133M Beat $268.63M Estimate",5,increase,0.85,0.6,,178,35,2.0,2019-10-29,11731.0,0.3064476419240236,0.7210024632513523,5.193694243223623,5.34033369110789,2.577647566795349,1.746073311659968,3.1874581543155367
4393,ALBANY INTERNATIONAL CORP NEW,"Baird Downgrades Albany International to Neutral, Lowers Price Target to $80",5,decrease,0.8,0.6,,163,35,0.0,2019-10-22,11731.0,-7.118881493806839,-1.4705886133015156,1.981560447007036,7.27817088109286,-1.4262894168496132,-4.330014968897677,-2.5493537817204537
4401,ASHFORD INC,"Ashford Q3 EPS $1.58 Beats $1.33 Estimate, Sales $56.889M Beat $47.69M Estimate",5,increase,0.85,0.7,,169,35,2.0,2019-10-30,15028.0,-3.074868582189083,9.931033849716188,-0.5057498191916143,0.0919563920728672,9.731049835681915,6.099295295205565,2.7943225841462693
4409,ASHFORD INC,Ashford Reports Shareholders Approved Deal With Remington,5,increase,0.75,0.6,,150,35,2.0,2019-10-24,15028.0,-1.710937358438969,-3.1149808317422867,9.528172068617623,-2.9317422918575087,-0.4928342998027801,-1.4522637023430485,-1.1130900066920637
4417,A A R CORP,"AAR Reports Expansion Of Its Component Repair Services Deal With BAE Systems, No Terms Disclosed",5,increase,0.8,0.6,,161,35,2.0,2019-10-09,54594.0,1.633662916719913,-0.4870939068496227,-0.1948413023789563,-0.3653226278547361,-1.774859055876732,-2.179171268229907,1.057098546667401
4425,APPLIED INDUSTRIAL TECHS INC,Applied Industrial Technologies Reaffirms FY20 Adj. EPS Guidance Of $4.20-$4.50 vs $4.73 Est.,5,decrease,0.8,0.6,,173,35,0.0,2019-10-30,29612.0,6.055332347750664,-1.8211659044027328,2.608695854376708,3.5767025716253453,0.7715280633419752,1.537107368541779,1.9152364687280656
4433,APPLIED INDUSTRIAL TECHS INC,"Applied Industrial Tech Q1 Adj. EPS $1.02 Beats $1 Estimate, Sales $856.4M Beat $838.79M Estimate",5,increase,0.85,0.6,,176,35,2.0,2019-10-30,29612.0,6.055332347750664,-1.8211659044027328,2.608695854376708,3.5767025716253453,0.7715280633419752,1.537107368541779,1.9152364687280656
4441,APARTMENT INVESTMENT & MGMT CO,Apartment Inv & Mgmt Raises FY19 AFFO Guidance From  $2.15-$2.23 To $2.18-$2.22,5,uncertain,0.6,0.2,,180,35,1.0,2019-10-31,80711.0,0.5128252785652876,0.6377523299306631,-3.498545782836693,-1.220847953016457,1.148571539670229,1.0549688808483282,0.5710029971894404
4449,APARTMENT INVESTMENT & MGMT CO,Apartment Inv & Mgmt Q3 FFO $0.64 Up From $0.63 YoY,5,increase,0.7,0.3,,171,35,2.0,2019-10-31,80711.0,0.5128252785652876,0.6377523299306631,-3.498545782836693,-1.220847953016457,1.148571539670229,1.0549688808483282,0.5710029971894404
4457,ASSURANT INC,"UBS Maintains Buy on Assurant, Raises Price Target to $154",5,increase,0.8,0.6,,155,35,2.0,2019-10-10,90038.0,0.5929470062255859,0.1911724219098687,0.318624763669062,0.6531780093576245,1.2001324445009232,-0.4467115706046076,-1.569522762839648
4465,ASSURANT INC,"SunTrust Robinson Humphrey Maintains Buy on Assurant, Raises Price Target to $145",5,increase,0.85,0.7,,158,35,2.0,2019-10-03,90038.0,1.368514448404312,2.497982233762741,1.4874728768412335,1.810837097448803,-1.437685824930668,-3.0122404902905964,-2.741693209029994
4473,GALLAGHER ARTHUR J & CO,"Morgan Stanley Maintains Equal-Weight on Arthur J. Gallagher, Raises Price Target to $96",5,uncertain,0.6,0.3,,171,35,1.0,2019-10-25,38093.0,-1.929615251719952,0.279485760256648,2.314141754855914,1.9005083647242849,1.1758153326809406,1.7060646455901995,0.9742026439378604
4481,GALLAGHER ARTHUR J & CO,CORRECTION: Arthur J. Gallagher Q3 Adj. EPS $0.80,5,decrease,0.7,0.4,,169,35,0.0,2019-10-24,38093.0,1.175815332680941,-1.9296152517199516,0.0109661723315612,-0.1754148204149097,0.5240870174020529,-0.19926964569561,0.6700150443323949
4489,GALLAGHER ARTHUR J & CO,"Arthur J. Gallagher Q3 EPS $0.80 Beats $0.79 Estimate, Sales $1.196B May Not Compare To $1.42B Estimate",5,uncertain,0.6,0.3,,186,35,1.0,2019-10-24,38093.0,1.175815332680941,-1.9296152517199516,0.0109661723315612,-0.1754148204149097,0.5240870174020529,-0.19926964569561,0.6700150443323949
4497,GALLAGHER ARTHUR J & CO,"Arthur J. Gallagher Acquires Swedish Broker Proinova, Terms Not Disclosed",5,increase,0.75,0.4,,168,35,2.0,2019-10-14,38093.0,0.2386895706877111,0.3741855034604668,2.42657820205352,1.7122060898637326,0.5830594804137945,0.7558447760623421,1.4061793251018084
4505,GALLAGHER ARTHUR J & CO,"Arthur J. Gallagher Reports Purchase Of The Doyle Group, No Terms Disclosed",5,increase,0.75,0.4,,167,35,2.0,2019-10-10,38093.0,0.1717836945317686,0.5830594804137945,2.012120856260924,4.275749190075273,0.6454559043049812,-1.400178305534694,-1.9096798559615769
4513,GALLAGHER ARTHUR J & CO,"Arthur J. Gallagher Reports Purchase Of Horseshoe Insurance Services Holdings, No Terms Disclosed",5,uncertain,0.6,0.3,,169,35,1.0,2019-10-03,38093.0,0.9035083465278148,2.192625403404236,0.4132712411594186,2.4337076142566305,-1.8307942897081375,-3.617280081411267,-2.792473435372289
4521,GALLAGHER ARTHUR J & CO,"Arthur J. Gallagher & Co. Acquires Anthony Hodges Consulting Limited, Terms Not Disclosed",5,increase,0.75,0.4,,171,35,2.0,2019-10-02,38093.0,-1.830794289708138,0.9035083465278148,1.1467598868121431,2.8726927386979018,-1.8198026344180107,-0.979613860279327,-2.07127003344979
4529,AKAMAI TECHNOLOGIES INC,"Craig-Hallum Maintains Buy on Akamai Technologies, Raises Price Target to $110",5,increase,0.8,0.6,,164,35,2.0,2019-10-29,87299.0,-1.776937767863274,-0.5688929464668036,-0.1137768753535772,-3.606779133441329,0.3701647045090794,-0.1116303369707694,-0.8202148487384764
4537,AKAMAI TECHNOLOGIES INC,"DA Davidson Maintains Buy on Akamai Technologies, Raises Price Target to $105",5,increase,0.8,0.6,,162,35,2.0,2019-10-29,87299.0,-1.776937767863274,-0.5688929464668036,-0.1137768753535772,-3.606779133441329,0.3701647045090794,-0.1116303369707694,-0.8202148487384764
4545,AKAMAI TECHNOLOGIES INC,"Credit Suisse Maintains Neutral on Akamai Technologies, Raises Price Target to $85",5,increase,0.7,0.3,,162,35,2.0,2019-10-29,87299.0,-1.776937767863274,-0.5688929464668036,-0.1137768753535772,-3.606779133441329,0.3701647045090794,-0.1116303369707694,-0.8202148487384764
4553,AKAMAI TECHNOLOGIES INC,"Morgan Stanley Maintains Overweight on Akamai Technologies, Raises Price Target to $103",5,increase,0.85,0.7,,163,35,2.0,2019-10-29,87299.0,-1.776937767863274,-0.5688929464668036,-0.1137768753535772,-3.606779133441329,0.3701647045090794,-0.1116303369707694,-0.8202148487384764
4561,AKAMAI TECHNOLOGIES INC,"Akamai Technologies Q3 Adj. EPS $1.1 Beats $1 Estimate, Sales $709.912M Beat $701.27M Estimate",5,increase,0.85,0.6,,177,35,2.0,2019-10-28,87299.0,0.3701647045090795,-1.7769377678632736,-2.201610621200867,-4.7943683122891105,-0.4800181835889816,-1.1859894389453784,0.0673534555929222
4569,AKAMAI TECHNOLOGIES INC,Akamai Technologies Q3 Earnings Preview,5,uncertain,0.5,0.3,,154,35,1.0,2019-10-28,87299.0,0.3701647045090795,-1.7769377678632736,-2.201610621200867,-4.7943683122891105,-0.4800181835889816,-1.1859894389453784,0.0673534555929222
4577,AKAMAI TECHNOLOGIES INC,"B. Riley Maintains Buy on Akamai Technologies, Raises Price Target to $111",5,increase,0.8,0.6,,163,35,2.0,2019-10-25,87299.0,-0.4800181835889816,0.3701647045090794,-1.8508149477889813,-5.182280036721143,-0.7093763910233974,0.5500117958136874,-2.51387260554351
4585,AKAMAI TECHNOLOGIES INC,"Akamai Issues Press Release Highlighting Traffic On Its Global Content Delivery Network Reached A New Peak Last Week, 106 Terabits Per Second",5,increase,0.8,0.6,,176,35,2.0,2019-10-21,87299.0,0.415252149105072,-3.047124855220318,-2.6226966980536948,-4.766565750188345,0.1861241529695689,0.637855279972821,0.1970877818010308
4593,AKAMAI TECHNOLOGIES INC,Tech Data Forms Partnership With Akamai Technologies To Provide 'Defense-in-Depth Capabilities',5,increase,0.8,0.6,,163,35,2.0,2019-10-09,87299.0,1.621867157518864,-0.2678547520190477,1.484377118403768,0.6919674236353535,-2.2830599918961525,-3.01397570993599,-3.0033039009116247
4601,AKAMAI TECHNOLOGIES INC,Akamai Technologies Accelerates Development Of Solution To Protect Websites From Magecart And Credit Card Skimming With Planned Acquisition Of ChameleonX,5,increase,0.85,0.7,,173,35,2.0,2019-10-09,87299.0,1.621867157518864,-0.2678547520190477,1.484377118403768,0.6919674236353535,-2.2830599918961525,-3.01397570993599,-3.0033039009116247
4609,ACADIA REALTY TRUST,"Acadia Realty Trust Q3 EPS $0.12 Beats $0.09 Estimate, FFO $0.34",5,increase,0.8,0.6,,168,35,2.0,2019-10-23,79235.0,-0.579414004459977,-1.9540613517165184,-2.8796713399227847,-3.8052814484911712,-0.1701232977211475,2.158777306355653,2.4083788120289107
4617,AIR LEASE CORP,"Air Lease Reports Lease Placement Of 6 New Airbus A321neo Aircraft With China Air, No Terms Disclosed",5,increase,0.8,0.6,,164,35,2.0,2019-10-24,12641.0,0.2946533728390932,0.994347222149372,-0.6101704589010604,5.3107310636510086,1.2855774722993374,1.6589801499389931,3.6897761117091754
4625,AIR LEASE CORP,Air Lease Sold 5 Aircraft In Oct. For Proceeds Of $184M,5,increase,0.75,0.4,,158,35,2.0,2019-10-08,12641.0,-1.0126620531082149,1.176478061825037,7.212275769764243,11.406657545173694,-1.324004027992487,-0.1516718870624656,0.3811982178863804
4633,ALBEMARLE CORP,Bank of America Downgrades Albemarle to Underperform,5,decrease,0.85,0.7,,158,35,0.0,2019-10-28,80191.0,0.2358885481953621,-1.113904733210802,6.212731758290535,6.259807571934384,-8.43772068619728,-5.7367313246398215,-4.791137430991377
4641,ALBEMARLE CORP,"Wells Fargo Maintains Market Perform on Albemarle, Lowers Price Target to $65",5,decrease,0.85,0.7,,165,35,0.0,2019-10-25,80191.0,-8.43772068619728,0.2358885481953621,1.41531340323251,6.903605869623397,2.9498931020498276,3.982626123480726,3.2867328238119997
4649,ALBEMARLE CORP,Albemarle shares are trading lower after the company cut its FY19 EPS and sales guidance. The company also issued Q3 sales guidance below analyst estimates.,5,decrease,0.85,0.7,,176,35,0.0,2019-10-25,80191.0,-8.43772068619728,0.2358885481953621,1.41531340323251,6.903605869623397,2.9498931020498276,3.982626123480726,3.2867328238119997
4657,ALBEMARLE CORP,Albemarle Sees Prelim. Adj. Q3 EPS $1.53 vs $1.62 Est.,5,decrease,0.8,0.6,,169,35,0.0,2019-10-24,80191.0,2.949893102049828,-8.43772068619728,-12.541390388074126,2.7933799893111733,1.0031414218246937,0.3271880247882164,0.4915862478116484
4665,ALBEMARLE CORP,"Albemarle Cuts Prelim. FY19 Adj. EPS From $6.25-$6.65 To $6.00-$6.20 vs $6.27 Est., Cuts Prelim. Sales Guidance From $3.65B-$3.85B To $3.6B-$3.7B vs $3.63B Est.",5,decrease,0.8,0.6,,218,35,0.0,2019-10-24,80191.0,2.949893102049828,-8.43772068619728,-12.541390388074126,2.7933799893111733,1.0031414218246937,0.3271880247882164,0.4915862478116484
4673,ALBEMARLE CORP,"Wells Fargo Initiates Coverage On Albemarle with Market Perform Rating, Announces $75 Price Target",5,decrease,0.7,0.4,,166,35,0.0,2019-10-16,80191.0,-0.4272887948900461,0.9470248594880104,-0.1775713946842394,-7.265468308000034,0.4588590934872627,-1.5092161870316367,3.681643083592978
4681,ALBEMARLE CORP,"Citigroup Maintains Neutral on Albemarle, Lowers Price Target to $73",5,decrease,0.8,0.6,,163,35,0.0,2019-10-09,80191.0,-0.1569894608110189,2.9245292767882347,6.257866796106648,6.069183220075081,-3.014615550637245,-3.950541166299693,-5.250635660835079
4689,ALBEMARLE CORP,"Buckingham Maintains Neutral on Albemarle, Lowers Price Target to $75",5,decrease,0.8,0.6,,163,35,0.0,2019-10-03,80191.0,0.9914430789649488,-1.3535677455365658,-2.6327594127777743,1.4725535310829985,-2.547208219766617,-4.243379102716438,-2.3040795789851742
4697,ALBEMARLE CORP,"UBS Maintains Buy on Albemarle, Lowers Price Target to $105",5,decrease,0.7,0.4,,163,35,0.0,2019-10-02,80191.0,-2.5472082197666173,0.9914430789649488,-4.461470898969111,1.5172029911330045,-1.7405051738023758,0.2494835051310984,1.6669072505467897
4705,ALDEYRA THERAPEUTICS INC,"Aldeyra Therapeutics Shares Resume Trade, Up 13%",5,increase,0.8,0.6,,165,35,2.0,2019-10-31,14647.0,-1.0619458742439751,5.008939653635025,3.0411462149872115,7.692304320940724,-1.909724436700344,-3.91156492704533,-3.25342559212104
4713,ALDEYRA THERAPEUTICS INC,Aldeyra Therapeutics Reports Expanded Results From Co.'s Allergen Chamber Clinical Methods Trial; Says Will Initiate Phase 3 INVIGORATE Trial In Patients With Allergic Conjunctivitis,5,increase,0.8,0.6,,193,35,2.0,2019-10-31,14647.0,-1.0619458742439751,5.008939653635025,3.0411462149872115,7.692304320940724,-1.909724436700344,-3.91156492704533,-3.25342559212104
4721,ALDEYRA THERAPEUTICS INC,Aldeyra Therapeutics Shares Halted News Pending,5,uncertain,0.5,0.5,,163,35,1.0,2019-10-31,14647.0,-1.0619458742439751,5.008939653635025,3.0411462149872115,7.692304320940724,-1.909724436700344,-3.91156492704533,-3.25342559212104
4729,ALDEYRA THERAPEUTICS INC,"Cantor Fitzgerald Assumes Aldeyra Therapeutics at Overweight, Announces $33 Price Target",5,increase,0.85,0.7,,171,24,2.0,2019-10-22,14647.0,2.054792456328869,-0.5033592227846384,-3.355701465897909,2.0134210230267735,3.180217370390892,-1.6835003548987704,1.7421668629205245
4737,ALDEYRA THERAPEUTICS INC,"4 Stocks To Watch For October 14, 2019",5,uncertain,0.5,0.3,,164,35,1.0,2019-10-14,14647.0,-0.3868468105792998,9.9029079079628,13.398059281820585,14.174757607282883,-1.5238081105053425,-0.1930454267521697,-2.268428870951933
4745,ALAMO GROUP INC,"Alamo Group Q3 EPS $1.54 Down From $1.75 YoY, Sales $271.829M Up From $257.572M YoY",5,uncertain,0.6,0.3,,176,35,1.0,2019-10-30,78950.0,1.5338916331529622,-17.48112142086029,-14.467398909383425,-14.621556944971104,3.27325239777565,5.116815802713726,4.013024247617092
4753,ALAMO GROUP INC,"Sidoti & Co. Maintains Buy on Alamo Group, Raises Price Target to $150",5,increase,0.8,0.6,,161,35,2.0,2019-10-25,78950.0,-1.050061825662851,1.7851315438747406,-9.822305853527368,-11.599209123710152,-0.0488204270368441,-0.2436078394747354,1.3948454283689404
4761,ALIGN TECHNOLOGY INC,Align Technology shares are trading higher in sympathy with the overall market from progression in U.S.-China trade talks and positive sentiment from strong earnings reports.,5,increase,0.8,0.6,,168,35,2.0,2019-10-28,88860.0,2.89259310811758,2.276174910366535,3.334394665165785,3.2665155299224313,-2.441173791885376,11.898852815695449,13.941946650768289
4769,ALIGN TECHNOLOGY INC,Align Technology shares are trading lower potentially on profit-taking as the stock rose approximately 13% on better-than-expected Q3 EPS and sales results.,5,decrease,0.8,0.4,,169,35,0.0,2019-10-25,88860.0,-2.441173791885376,2.8925931081175804,5.612623677771267,6.79596038273198,14.698851108551024,16.79306842797066,18.772619143288715
4777,ALIGN TECHNOLOGY INC,"Align Technology Announced Q4 EPS $1.35 - $1.42 vs $1.35 Estimate, Sales $640 Million - $650 Million vs $639.29 Million Estimate",5,increase,0.8,0.6,,178,35,2.0,2019-10-23,88860.0,1.825839839875698,14.698851108551024,16.188508923482516,17.774714383946133,1.6949214041233065,-0.1309138832408019,-0.149584848980655
4785,ALIGN TECHNOLOGY INC,"Align Tech Q3 EPS $1.28 Beats $1.14 Estimate, Sales $607.3M Beat $593.83M Estimate",5,increase,0.85,0.7,,169,35,2.0,2019-10-23,88860.0,1.825839839875698,14.698851108551024,16.188508923482516,17.774714383946133,1.6949214041233065,-0.1309138832408019,-0.149584848980655
4793,ALIGN TECHNOLOGY INC,"Align Technology shares are trading higher potentially after competitor SmileDirectClub now has a mandatory bone imaging requirement for orthodontic patients, under Assembly Bill AB1519.",5,increase,0.8,0.6,,170,35,2.0,2019-10-14,88860.0,2.493000589311123,1.9985407590866089,2.383621632206556,22.06678331747942,3.0849283561110497,5.787218732524768,8.605534653994585
4801,ALIGN TECHNOLOGY INC,Align Technologies shares are trading higher as optimism around upcoming U.S. and China trade talks increases.﻿,5,increase,0.8,0.6,,159,35,2.0,2019-10-09,88860.0,2.66413651406765,2.621421404182911,11.81226676409639,14.951637050955725,-0.1138103427365422,1.4923766544882255,-0.2543709699323937
4809,ALIGN TECHNOLOGY INC,"Barclays Maintains Overweight on Align Tech, Lowers Price Target to $272",5,decrease,0.7,0.4,,158,35,0.0,2019-10-07,88860.0,1.608017086982727,-0.1138103427365422,11.186385485016848,13.836648221506277,-1.721062883734703,1.0236418306423856,-0.3894716369159279
4817,ALLEGIANT TRAVEL CO,Allegiant Announces Aircraft Base In Nashville,5,increase,0.8,0.6,,154,35,2.0,2019-10-29,91659.0,-1.77452340722084,-0.0834720907732844,-0.3279293232402613,0.2921568449158807,2.7500346302986145,10.603701343897164,11.81323554921585
4825,ALLEGIANT TRAVEL CO,"Buckingham Maintains Buy on Allegiant Travel, Raises Price Target to $206",5,increase,0.85,0.7,,162,35,2.0,2019-10-25,91659.0,7.643468677997589,2.7500346302986145,0.956800911177691,1.287769155412244,1.0935747995972631,0.8821839594816083,0.9349512691047224
4833,ALLEGIANT TRAVEL CO,Allegiant Travel shares are traidng higher after the company reported better-than-expected Q3 EPS and sales results.,5,increase,0.85,0.7,,170,33,2.0,2019-10-24,91659.0,1.093574799597263,7.643468677997589,8.388389784109386,8.900109708683356,-0.2091041300445795,-0.1569076282117776,0.4671097092088017
4841,ALLEGIANT TRAVEL CO,Allegiant Travel Reports Is In Talks With Potential Buyers For Teesnap,5,uncertain,0.6,0.3,,161,35,1.0,2019-10-24,91659.0,1.093574799597263,7.643468677997589,8.388389784109386,8.900109708683356,-0.2091041300445795,-0.1569076282117776,0.4671097092088017
4849,ALLEGIANT TRAVEL CO,"Allegiant Travel Q3 EPS $2.7 Beats $2.18 Estimate, Sales $436.5M Beat $429.64M Estimate",5,increase,0.85,0.7,,177,35,2.0,2019-10-24,91659.0,1.093574799597263,7.643468677997589,8.388389784109386,8.900109708683356,-0.2091041300445795,-0.1569076282117776,0.4671097092088017
4857,ALLEGIANT TRAVEL CO,"Morgan Stanley Maintains Equal-Weight on Allegiant Travel, Raises Price Target to $164",5,increase,0.7,0.4,,164,35,2.0,2019-10-10,91659.0,0.5047785583883524,0.4620654974132776,2.069240097956615,3.3817739026851035,0.541347311809659,-0.0941362407417711,0.6571378490670465
4865,ALLEGIANT TRAVEL CO,"Allegiant Late Tuesday Reported September Passenger Traffic Down 0.8 % YoY,  Revenue Passenger Miles Down 5.1% YoY, Available Seat Miles Down 5.6% YoY",5,decrease,0.8,0.6,,189,35,0.0,2019-10-09,91659.0,0.541347311809659,0.5047785583883524,1.7027855118752375,2.7796505728486576,-0.6320619024336338,0.1151670833475781,0.667572003490724
4873,ALLEGIANT TRAVEL CO,"Morgan Stanley Maintains Equal-Weight on Allegiant Travel, Raises Price Target to $152",5,increase,0.7,0.4,,164,35,2.0,2019-10-02,91659.0,-0.5465520545840263,-1.6151756048202517,-0.4222269468454054,1.273368945751696,0.2472237683832645,0.6777576665621732,0.3679442499359364
4881,ALIMERA SCIENCES INC,"HC Wainwright & Co. Maintains Buy on Alimera Sciences, Lowers Price Target to $1",5,decrease,0.8,0.6,,167,35,0.0,2019-10-31,93339.0,-21.058495342731483,5.857449769973755,-3.1404328781020396,7.621738610611928,4.878761246800423,-0.2777823070669982,-2.1265028115107443
4889,ALIMERA SCIENCES INC,"Alimera Sciences Q3 EPS $(0.04), Inline, Sales $12.85M Beat $12.79M Estimate",5,,,,,171,35,,2019-10-29,93339.0,-4.9166709184646615,4.878761246800423,-14.665493612041736,-32.807476924928295,-1.85387022793293,-2.7027001786188443,-2.7027001786188443
4897,ALIMERA SCIENCES INC,Alimera Sciences Reports Equity Purchase Deal For Up To $20M With Lincoln Park Capital,5,increase,0.75,0.4,,162,35,2.0,2019-10-25,93339.0,-0.864863395690918,-1.85387022793293,-18.211558293531947,-34.56925026936539,0.0,2.777775004506111,2.4930756958705835
4905,ALIMERA SCIENCES INC,Alimera Reports Marketing Authorization for ILUVIEN In Portugal For Treatment Of Non-Infectious Posterior Uveitis,5,increase,0.8,0.6,,169,35,2.0,2019-10-03,93339.0,-0.5681812763214111,-5.478858947753906,-6.651428539196869,-17.90857319334552,-10.20408421754837,-22.302663616610864,-16.824194905555466
4913,ALIMERA SCIENCES INC,Alimera Sees Prelim. Q3 Sales Exceeding $12.8M,5,increase,0.8,0.6,,163,35,2.0,2019-10-02,93339.0,-10.20408421754837,-0.5681812763214111,-9.090907046258431,-17.43181873552776,-13.473418354988098,-7.372396205686704,-10.795558594016333
4921,ALIMERA SCIENCES INC,Alimera Sciences To Present ILUVIEN Clinical Data At American Academy Of Ophthalmology Annual Meeting Oct. 12-15,5,increase,0.7,0.5,,171,35,2.0,2019-10-01,93339.0,-13.473418354988102,-10.20408421754837,-18.36734745266755,-18.36734752180177,7.05103799700737,3.0948405796938694,1.070851703661746
4929,ALASKA AIRGROUP INC,"JP Morgan Downgrades Alaska Air Group to Neutral, Lowers Price Target to $76",5,decrease,0.85,0.6,,162,35,0.0,2019-10-28,28804.0,-2.081874944269657,-0.4566205665469169,0.7848108102631812,2.611303975330004,4.086674749851227,3.8601015616865464,3.439799478670369
4937,ALASKA AIRGROUP INC,Alaska Air Soars In Q3,5,increase,0.85,0.7,,152,35,2.0,2019-10-25,28804.0,4.086674749851227,-2.081874944269657,-1.9840690314965823,-0.5588955498299075,-0.2176774200052023,-0.6214775068331013,-0.40556020767607
4945,ALASKA AIRGROUP INC,"Raymond James Maintains Strong Buy on Alaska Air Group, Raises Price Target to $80",5,increase,0.85,0.7,,162,35,2.0,2019-10-25,28804.0,4.086674749851227,-2.081874944269657,-1.9840690314965823,-0.5588955498299075,-0.2176774200052023,-0.6214775068331013,-0.40556020767607
4953,ALASKA AIRGROUP INC,"Alaska Air Group Q3 Adj. EPS $2.63 Beats $2.5 Estimate, Sales $2.39B Beat $2.38B Estimate",5,increase,0.8,0.6,,177,35,2.0,2019-10-24,28804.0,-0.2176774200052023,4.086674749851227,0.9744011183833612,3.155901928122695,-0.4046809859573841,-0.1882926582714605,3.096959107598596
4961,ALASKA AIRGROUP INC,"Buckingham Maintains Buy on Alaska Air Group, Raises Price Target to $88",5,increase,0.8,0.6,,160,35,2.0,2019-10-21,28804.0,3.291449323296547,0.2172675682231784,1.5063745184047406,2.3030075187314036,-0.2090280875563621,0.0149551165820049,-0.7277669513878204
4969,ALASKA AIRGROUP INC,"Alaska Air Narrows Q3 Revenue Per ASM Growth Guidance From 3-5% To ~4.4%, Cost Per ASM Ex Items From ~5% To ~3.4%",5,increase,0.8,0.6,,182,35,2.0,2019-10-10,28804.0,1.2010553851723669,1.849575527012348,3.2367542485701506,5.980279048584225,1.4719853177666664,0.2345240183462493,0.9447367937054584
4977,ALASKA AIRGROUP INC,"Alaska Air Sep. Traffic Up 6.4% Year Over Year, ASMs Up 3.5%, Load Factor Up 2.2 Points",5,,,,,176,35,,2019-10-10,28804.0,1.2010553851723669,1.849575527012348,3.2367542485701506,5.980279048584225,1.4719853177666664,0.2345240183462493,0.9447367937054584
4985,ALASKA AIRGROUP INC,"Morgan Stanley Maintains Overweight on Alaska Air Group, Raises Price Target to $76",5,increase,0.85,0.7,,161,35,2.0,2019-10-10,28804.0,1.2010553851723669,1.849575527012348,3.2367542485701506,5.980279048584225,1.4719853177666664,0.2345240183462493,0.9447367937054584
4993,ALASKA AIRGROUP INC,"Morgan Stanley Maintains Overweight on Alaska Air Group, Lowers Price Target to $74",5,uncertain,0.6,0.3,,162,35,1.0,2019-10-02,28804.0,-3.4334037452936172,-0.6696459837257862,2.216198021844118,6.5529344782175425,0.0616134377196431,1.1997454935087637,0.5885043668542256
5001,ALKERMES PLC,Alkermes shares are trading higher on continued strength after the company on Wednesday reported strong Q3 results.,5,increase,0.85,0.7,,163,35,2.0,2019-10-24,76736.0,4.5856773853302,-0.102566450368613,0.1538496473153738,1.025644770580092,1.0569089092314243,1.2764835270302033,2.727277394500449
5009,ALKERMES PLC,Alkermes PLC shares are trading higher after the company reported better-than-expected Q3 EPS and sales results.,5,increase,0.85,0.7,,165,24,2.0,2019-10-23,76736.0,1.056908909231424,4.5856773853302,7.106456685348084,5.6583549162085855,0.217278185300529,1.6528988500621455,4.060920661310274
5017,ALKERMES PLC,Alkermes Sees $150M In Cost Savings From Restructuring,5,increase,0.8,0.6,,158,35,2.0,2019-10-23,76736.0,1.056908909231424,4.5856773853302,7.106456685348084,5.6583549162085855,0.217278185300529,1.6528988500621455,4.060920661310274
5025,ALKERMES PLC,"Alkermes Sees FY19Adj. EPS $0.44-$0.57, Sakes $1.14B-$1.19B",5,decrease,0.7,0.4,,174,35,0.0,2019-10-23,76736.0,1.056908909231424,4.5856773853302,7.106456685348084,5.6583549162085855,0.217278185300529,1.6528988500621455,4.060920661310274
5033,ALKERMES PLC,"Alkermes Q3 Adj. EPS $(0.04) Beats $(0.21) Estimate, Sales $255.2M Beat $251.16M Estimate",5,increase,0.8,0.6,,177,35,2.0,2019-10-23,76736.0,1.056908909231424,4.5856773853302,7.106456685348084,5.6583549162085855,0.217278185300529,1.6528988500621455,4.060920661310274
5041,ALKERMES PLC,Alkermes to Collaborate with Fred Hutchinson Cancer Research Center on Immuno-Oncology Drug Candidate ALKS 4230,5,increase,0.8,0.6,,168,35,2.0,2019-10-21,76736.0,1.432508137077093,0.217278185300529,6.192283718488323,9.6686622174629,2.368866838514805,-0.411526886848057,-1.3854989040886778
5049,ALKERMES PLC,Alkermes shares are trading lower despite no company-specific news. The stock has dropped approximately 26% over the last month.,5,uncertain,0.6,0.3,,168,35,1.0,2019-10-10,76736.0,-5.104272440075874,4.222090914845467,2.544815560089053,12.78194912231456,0.885934941470623,-0.4915355067713012,-1.4602512745039098
5057,ALLSTATE CORP,"Wells Fargo Maintains Market Perform on Allstate, Raises Price Target to $105",5,increase,0.7,0.3,,157,35,2.0,2019-10-31,79323.0,1.400668174028397,-0.4886268172413111,1.2215777175490494,4.115772299406628,-3.0216265469789505,-1.547843902439916,-2.1353981907019315
5065,ALLSTATE CORP,Allstate Q3 Adj. EPS $2.84 Beats $2.58 Estimate,5,increase,0.85,0.7,,157,35,2.0,2019-10-30,79323.0,-3.021626546978951,1.4006681740283966,1.905669359282558,5.354933598066403,1.51970237493515,0.913841225339107,-0.0369490184476184
5073,ALLSTATE CORP,Evercore ISI Group Initiates Coverage On Allstate with In-Line Rating,5,uncertain,0.6,0.2,,155,35,1.0,2019-10-17,79323.0,0.2325797686353325,0.6218728609383106,0.4826473957536992,-1.2251715422310403,-0.5366908852010965,-0.6837341610412495,-0.4076739076465663
5081,ALLSTATE CORP,"UBS Maintains Neutral on Allstate, Raises Price Target to $112",5,uncertain,0.6,0.3,,155,35,1.0,2019-10-09,79323.0,0.6326706148684025,0.5348594393581152,0.8632806122501613,1.5107446782474332,-1.4517007395625114,-2.360314992506818,0.2366303255770141
5089,ALLEGION PLC,"Imperial Capital Maintains In-Line on Allegion, Raises Price Target to $116",5,increase,0.75,0.4,,157,35,2.0,2019-10-28,14297.0,1.755932159721851,0.0953872804529964,2.4366958412083584,0.2948353091800637,-0.2903412096202373,8.584841543452914,7.6769615991169715
5097,ALLEGION PLC,"Credit Suisse Maintains Neutral on Allegion, Raises Price Target to $114",5,uncertain,0.6,0.3,,155,35,1.0,2019-10-25,14297.0,-0.2903412096202374,1.7559321597218511,4.288362040036131,2.047118903303935,8.901026099920273,7.990502530438803,8.216704981225643
5105,ALLEGION PLC,"Morgan Stanley Maintains Equal-Weight on Allegion, Raises Price Target to $105",5,uncertain,0.6,0.3,,157,35,1.0,2019-10-25,14297.0,-0.2903412096202374,1.7559321597218511,4.288362040036131,2.047118903303935,8.901026099920273,7.990502530438803,8.216704981225643
5113,ALLEGION PLC,"Wells Fargo Maintains Outperform on Allegion, Raises Price Target to $125",5,increase,0.8,0.6,,157,35,2.0,2019-10-25,14297.0,-0.2903412096202374,1.7559321597218511,4.288362040036131,2.047118903303935,8.901026099920273,7.990502530438803,8.216704981225643
5121,ALLOT LTD,Allot Names Ziv Leitman as New CFO,5,uncertain,0.6,0.3,,148,35,1.0,2019-10-24,91604.0,-1.335112284868956,0.1353211002424359,5.5480424069243695,17.18538511845127,1.2162118218839169,-0.5312143781197265,-0.2663177444475528
5129,ALLY FINANCIAL INC,"Citigroup Maintains Buy on Ally Financial, Lowers Price Target to $38",5,uncertain,0.6,0.3,,160,35,1.0,2019-10-17,14558.0,-0.3264723345637321,-0.7861112244427204,0.0327554537058238,0.8843709947834677,-4.341040924191475,-2.2654786307446884,-2.2030669097116373
5137,ALLY FINANCIAL INC,"Ally Financial Q3 Adj. EPS $1.01 Beats $0.98 Estimate, Sales $1.6B Beat $1.57B Estimate",5,increase,0.85,0.6,,176,35,2.0,2019-10-16,14558.0,-4.341040924191475,-0.3264723345637321,0.5876601715737229,1.893568227795628,2.1697521209716797,2.23499611028124,3.6917141723360247
5145,ALLY FINANCIAL INC,"JP Morgan Downgrades Ally Financial to Neutral, Lowers Price Target to $33",5,decrease,0.85,0.6,,161,35,0.0,2019-10-08,14558.0,-4.106969013810158,1.0956172831356523,6.30809957862748,2.4236371865509643,-1.2264132499694824,-0.3489867463851714,-0.1271889551216154
5153,ALLY FINANCIAL INC,Ally Cuts Ally Invest Commissions To $0,5,increase,0.8,0.6,,154,35,2.0,2019-10-04,14558.0,0.8883209899067879,-1.2264132499694824,-1.5094324023099404,-4.748422374452577,0.2225745469331741,-2.92577991920272,-4.945716032943881
5161,ALNYLAM PHARMACEUTICALS INC,"Alnylam Pharmaceuticals Q3 EPS $(1.5) Up From $(1.56) YoY, Sales $70.061M Up From $2.069M YoY",5,increase,0.85,0.7,,189,35,2.0,2019-10-31,90178.0,-0.6073092576116322,4.922762885689735,5.5337828980911885,4.288680349757512,-1.0544221848249435,-3.183939274137093,-2.218491272033285
5169,ALNYLAM PHARMACEUTICALS INC,Alnylam Reports Filing For Marketing Authorization Of ONPATTRO For Treatment Of Hereditary ATTR Amyloidosis With Polyneuropathy In Brazil,5,increase,0.8,0.6,,182,35,2.0,2019-10-10,90178.0,0.8311680518090725,1.7130369320511818,5.461099844509998,14.502836704000387,2.000267803668976,0.0259763395562773,-0.0259629982810039
5177,ASTRONOVA INC,AstroNova Highlights Introduction Of TrojanLabel T5 System,5,increase,0.75,0.6,,153,35,2.0,2019-10-30,15537.0,0.1275478512980044,1.0191073641180992,4.777076356547871,2.547774663486413,-1.1349265463650229,0.5128199758848595,0.7712074296959415
5185,ALLISON TRANSMISSION HLDGS INC,Allison Transmission Announced FY19 Sales Guidance Of $2.650B - $2.7B Vs $2.68B Estimate,5,uncertain,0.6,0.3,,178,35,1.0,2019-10-30,13284.0,-0.9367733262479304,-6.275517493486404,-3.4601347614438227,-4.147862465646157,0.2561424858868122,0.8372678803298728,2.4427542210949893
5193,ALLISON TRANSMISSION HLDGS INC,"Allison Transmission Q4 EPS $1.23 Up From $1.17 YoY, Sales $669M Up From $647M YoY",5,increase,0.8,0.6,,180,35,2.0,2019-10-30,13284.0,-0.9367733262479304,-6.275517493486404,-3.4601347614438227,-4.147862465646157,0.2561424858868122,0.8372678803298728,2.4427542210949893
5201,ALTAIR ENGINEERING INC,"Altair Reports Purchase Of Polliwog, No Terms Disclosed",5,uncertain,0.6,0.3,,157,35,1.0,2019-10-10,17034.0,1.062575541436672,0.9345784783363342,2.978962026947296,2.6869104251834752,1.1041563004255297,1.8466828066721064e-08,-0.1473599511204404
5209,ALTAIR ENGINEERING INC,"Altair Engineering Says Pursuant to Stock Purchase Agreement, Company Has Acquired 97% of Outstanding Capital Stock of Polliwog Co",5,increase,0.8,0.6,,171,35,2.0,2019-10-10,17034.0,1.062575541436672,0.9345784783363342,2.978962026947296,2.6869104251834752,1.1041563004255297,1.8466828066721064e-08,-0.1473599511204404
5217,AUTOLIV INC,"Buckingham Maintains Neutral on Autoliv, Raises Price Target to $75",5,uncertain,0.6,0.3,,156,35,1.0,2019-10-28,84656.0,-0.7188940420746803,-2.172317355871201,1.5341186104344429,4.2341638600363,-0.3521137870848179,-1.2988596239071226,0.526702992547623
5225,AUTOLIV INC,"Autoliv Q3 Operating Income $154M, Sales $2.028B Miss $2.08B Estimate",5,decrease,0.8,0.6,,164,35,0.0,2019-10-25,84656.0,-0.3521137870848179,-0.7188940420746803,-3.228952860913248,5.166318674517378,-0.950091239064932,0.8819221491108031,1.1296637529987883
5233,AUTOLIV INC,Evercore ISI Group Upgrades Autoliv to In-Line,5,increase,0.7,0.4,,153,35,2.0,2019-10-17,84656.0,-1.079273968935013,0.7649870123714209,3.285681998229806,-2.3827459292758424,0.875981617718935,2.2450587873538375,1.7546066214031653
5241,AUTOLIV INC,"Deutsche Bank Upgrades Autoliv to Hold, Raises Price Target to $78",5,increase,0.8,0.6,,157,35,2.0,2019-10-04,84656.0,1.775780506432056,-0.3906289581209421,3.151039290036217,4.6223898340256975,0.6401649676263332,-0.7888489017904621,-4.335697613823653
5249,ALEXANDERS INC,Alexander's Q3 Adj. FFO $4.92 Up From $4.52 YoY,5,increase,0.85,0.6,,162,35,2.0,2019-10-28,49330.0,-1.90495103597641,3.913729265332222,1.414039174400772,-1.8955064740104224,-2.471462264657021,-2.7213202004937265,-3.943558771522304
5257,ANTERO MIDSTREAM CORP,Antero Midstream shares are trading higher after the company reported better-than-expected Q3 EPS results.,5,increase,0.85,0.6,,166,35,2.0,2019-10-30,16738.0,-3.485257923603058,-6.284718960523605,-0.4638925276774785,-18.071888445841857,1.634875871241093,0.4037714568938089,1.9125665726351215
5265,ANTERO MIDSTREAM CORP,Antero Midstream Q3 ADj. EPS $0.39 Beats $0.21 Estimate,5,increase,0.85,0.7,,166,35,2.0,2019-10-29,16738.0,1.6348758712410931,-3.485257923603058,-1.1240082404277207,-18.5396628978445,-1.2113011442124844,0.2732238309080426,-3.03830912283094
5273,APPLIED MATERIALS INC,Applied Materials shares are trading higher after Craig-Hallum upgraded the company's stock from Hold to Buy.,5,increase,0.8,0.6,,161,35,2.0,2019-10-24,14702.0,8.98476392030716,1.1803187429904938,-1.470857750190524,1.5798056191629106,-2.7895359322428703,-4.008359916883341,-2.2252351347161414
5281,APPLIED MATERIALS INC,Craig-Hallum Upgrades Applied Materials to Buy,5,increase,0.85,0.6,,152,35,2.0,2019-10-24,14702.0,8.98476392030716,1.1803187429904938,-1.470857750190524,1.5798056191629106,-2.7895359322428703,-4.008359916883341,-2.2252351347161414
5289,APPLIED MATERIALS INC,"Deutsche Bank Earlier Maintained Hold on Applied Materials, Raised Price Target to $52",5,increase,0.7,0.4,,159,35,2.0,2019-10-10,14702.0,0.3343787742778659,1.4506992883980274,2.2152539885346823,7.95922694926281,3.102816268801689,0.3751206426645392,-0.0786181804703467
5297,APPLIED MATERIALS INC,Applied Materials Option Alert: Oct 25 $50 Calls Sweep (21) above Ask!: 569 @ $1.204 vs 214 OI; Earnings 11/14 After Close [est] Ref=$49.1033,5,increase,0.75,0.6,,189,35,2.0,2019-10-08,14702.0,-2.64560729265213,3.102816268801689,7.30074694202012,5.414719203314511,-0.4520431160926819,2.0346538361518007,2.405989657015861
5305,AMBARELLA INC,Ambarella Says Does Not Expect Entity List Rule To Have A Significant Impact On Current Financial Results And Confirms Guidance Provided,5,increase,0.8,0.4,,167,35,2.0,2019-10-15,13634.0,3.090839274227619,-2.010973170399666,-1.73674731200274,-3.3455243514943556,-1.0074572637677193,1.2982060002190154,2.274480118432365
5313,AMBARELLA INC,"Stifel Initiates Coverage On Ambarella with Hold Rating, Announces $61 Price Target",5,uncertain,0.6,0.3,,161,35,1.0,2019-10-04,13634.0,0.8506974205374718,-1.4976741746068,-7.729388097229828,-7.626097767300466,1.2658181600272655,-3.242063565210762,-8.331345394399204
5321,A M C ENTERTAINMENT HOLDINGS INC,AMC Entertainment Holdings shares are trading higher on seemingly no company-specific news.,5,increase,0.7,0.5,,163,35,2.0,2019-10-22,14328.0,5.8568324893713,1.127045601606369,0.5122968737256706,0.2049129168191221,-1.495720073580742,-1.2847953696697,-1.2847953696697
5329,A M C ENTERTAINMENT HOLDINGS INC,"Top 10 Most Oversold Stocks Via Benzinga Pro's Screener Tool For Mon., October 14, 2019",5,uncertain,0.6,0.4,,175,35,1.0,2019-10-14,14328.0,-2.9284212738275532,2.458103559911251,3.016764830694063,10.726257464280753,0.6550264079123735,-1.8104374725835148,-6.205490075757913
5337,A M C ENTERTAINMENT HOLDINGS INC,AMC Entertainment Holdings shares are trading lower on a continued downward momentum after the stock could not break the $10 resistance level.,5,decrease,0.8,0.6,,173,35,0.0,2019-10-09,14328.0,-4.476089403033257,-2.4494195356965065,-0.5324834513836918,5.111815963000721,0.5112493876367807,0.1018353308750441,-1.0070531862767629
5345,A M C ENTERTAINMENT HOLDINGS INC,"Imperial Capital Maintains Outperform on AMC Entertainment Hldgs, Lowers Price Target to $21",5,decrease,0.7,0.4,,171,35,0.0,2019-10-07,14328.0,-0.4073315765708685,0.5112493876367807,-8.486707079096867,-5.725966242849023,-1.107760425657034,-3.913899906852203,-7.532958723140526
5353,A M C NETWORKS INC,"AMC Networks Q3 Adj. EPS $2.33 Beats $1.66 Estimate, Sales $718.597M Miss $738.22M Estimate",5,uncertain,0.6,0.3,,175,35,1.0,2019-10-31,12880.0,-0.6841488182544708,-1.0792133398354051,-4.707231544649781,-9.024111407820724,-2.468862570822239,-6.303420608878973,-6.183147480562612
5361,A M C NETWORKS INC,"Bank Of America Downgrades AMC, Citing Limited Catalysts",5,decrease,0.85,0.7,,157,25,0.0,2019-10-30,12880.0,-2.468862570822239,-0.6841488182544708,-7.251996570571373,-10.513106300513398,-3.931624442338943,-3.808306770171233,-0.838114541528101
5369,A M C NETWORKS INC,Bank of America Downgrades AMC Networks to Neutral,5,decrease,0.8,0.6,,154,35,0.0,2019-10-30,12880.0,-2.468862570822239,-0.6841488182544708,-7.251996570571373,-10.513106300513398,-3.931624442338943,-3.808306770171233,-0.838114541528101
5377,A M C NETWORKS INC,"Imperial Capital Downgrades AMC Networks to Underperform, Lowers Price Target to $41",5,decrease,0.85,0.7,,163,35,0.0,2019-10-29,12880.0,-3.9316244423389426,-2.468862570822239,-9.096975753671463,-9.853203926244946,0.1283644814975559,3.2201126362900734,-1.825044953414123
5385,A M C NETWORKS INC,Evercore ISI Group Downgrades AMC Networks to Underperform,5,decrease,0.85,0.7,,157,35,0.0,2019-10-14,12880.0,-2.396693825721741,0.0211649472475983,0.7197293259023407,-0.9314191335150324,1.8947400152683256,2.3255862367058233,3.1433187017116504
5393,AMETEK INC NEW,"AMETEK Sees Q4 Adj. EPS $1.01-$1.03 vs $1.03 Est., Raises FY19 Adj. EPS Guidance From $4.04-$4.14 To $4.12-$4.14 vs $4.10 Est.",5,increase,0.8,0.6,,198,35,2.0,2019-10-31,85257.0,0.3723622532561421,2.78231892734766,4.964533851396591,5.837423116151985,-0.3492302726954222,1.0066327398387642,1.5006652807662446
5401,AMETEK INC NEW,"AMETEK Earlier Reported Q3 EPS $0.96 Misses $1.01 Estimate, Sales $1.277B Miss $1.28B Estimate",5,decrease,0.8,0.3,,176,35,0.0,2019-10-31,85257.0,0.3723622532561421,2.78231892734766,4.964533851396591,5.837423116151985,-0.3492302726954222,1.0066327398387642,1.5006652807662446
5409,AMETEK INC NEW,Bank of America Downgrades AMETEK to Neutral,5,decrease,0.8,0.4,,153,35,0.0,2019-10-11,85257.0,0.6367313209921122,-0.1694740960374474,-0.1807747128567793,1.638229372311173,1.1733540333807468,2.291223000171594,-0.0568215737230648
5417,AMEDISYS INC,"Amedisys Sees FY19 EPS $4.32-$4.39 Vs $4.15 Est., Sales $1.94B-$1.98B Vs. $1.97B Est.",5,,,,,185,35,,2019-10-29,80795.0,1.646187528967857,-3.136460483074188,7.511358524082201,12.267323486959048,0.4865223541855812,0.4940517092981711,0.2988374154833328
5425,AMEDISYS INC,"Amedisys Q3 EPS $1.03 Beats $0.89 Estimate, Sales $494.631M Beat $494.16M Estimate",5,increase,0.85,0.6,,173,35,2.0,2019-10-29,80795.0,1.646187528967857,-3.136460483074188,7.511358524082201,12.267323486959048,0.4865223541855812,0.4940517092981711,0.2988374154833328
5433,AMEDISYS INC,"Amedisys Reports Chair Donald Washburn To Retire; Pres, CEO Paul Kusserow Named Replacement",5,uncertain,0.6,0.3,,164,35,1.0,2019-10-23,80795.0,-0.6973716430366039,-0.1942545757628977,-1.24767534892416,8.785950202352932,0.597050366923213,-0.3474797929742701,0.1114037190218297
5441,AMEDISYS INC,"Stephens & Co. Reinstates Equal-Weight on Amedisys, Announces $145 Price Target",5,uncertain,0.6,0.3,,164,35,1.0,2019-10-22,80795.0,0.597050366923213,-0.6973716430366039,1.2389743665977226,8.843396697376527,-0.9389243088662624,-0.4827643018657124,1.2620905398469828
5449,AMERICAN HOMES 4 RENT,American Homes 4 Rent Earlier Reported Bryan Smith As COO,5,uncertain,0.6,0.3,,158,35,1.0,2019-10-15,14061.0,-0.7668741047382355,-0.5023151636123657,-0.5409558947914506,1.854719777998004,-0.0766301061958074,-0.6476193427440324,-0.3439058239878445
5457,AMERICAN HOMES 4 RENT,"Morgan Stanley Maintains Equal-Weight on American Homes 4 Rent, Raises Price Target to $29",5,increase,0.7,0.4,,166,35,2.0,2019-10-09,14061.0,0.4221051931381225,0.3056932473555207,-1.6048913992951608,-1.0317174406388574,0.4626018926501274,0.0767993602444949,0.5013465504169812
5465,AMKOR TECHNOLOGY INC,Amkor Technology shares are trading lower in sympathy with weakness in the overall market.,5,decrease,0.8,0.6,,159,25,0.0,2019-10-31,86047.0,-8.602941781282425,4.263875633478165,2.654866538166756,3.6202718747334384,-8.847182989120483,22.74368548075731,25.577103886868247
5473,AMERICAN NATIONAL BANKSHARES INC,American National Q3 EPS $0.78 Up From $0.66 YoY,5,increase,0.85,0.6,,163,35,2.0,2019-10-17,86814.0,-0.1676846295595169,-0.9798496030271052,0.4479277737436282,1.3437834976584018,0.2802647883072495,1.3023757261090063,1.445983362255876
5481,AMERICAN NATIONAL BANKSHARES INC,"American National Bankshares Announces William W Traynham To Step Down, Jeffrey W. Farrar To Succeed As CFO",5,uncertain,0.6,0.2,,170,35,1.0,2019-10-16,86814.0,0.2802647883072495,-0.1676846295595169,1.9005039073660248,0.7546126655961549,1.0192543268203735,1.1624606061915177,2.176409470812035
5489,ALLIED MOTION TECHNOLOGIES INC,"Allied Motion Q3 EPS $0.49 Beats $0.4 Estimate, Sales $96.63M Beat $92.14M Estimate",5,increase,0.85,0.7,,178,35,2.0,2019-10-31,41188.0,-1.9170930609107024,19.57210749387741,20.443734700557027,14.658908871100351,1.0471143759787085,2.0084521811708944,3.7634346310346345
5497,AMERIPRISE FINANCIAL INC,Ameriprise Financial shares are trading higher after the company reported better-than-expected Q3 EPS results.,5,increase,0.85,0.7,,170,33,2.0,2019-10-24,90880.0,4.293582960963249,-0.1203020336106419,0.8420734077831948,6.0888664533520265,0.7160437293350697,-0.5751918383245735,1.0352121207760412
5505,AMERIPRISE FINANCIAL INC,Ameriprise Financial Q3 EPS $4.12 Beats $4.09 Estimate,5,increase,0.7,0.3,,167,35,2.0,2019-10-23,90880.0,0.7160437293350698,4.293582960963249,5.945492839549149,10.73505882506378,-1.282055489718914,0.3168992542029514,1.3951109748401969
5513,AMPIO PHARMACEUTICALS INC,"Ampio Pharma Offers Update On Continued Progress Of AP-013 Phase 3 Trial, Manufacturing Facility",5,increase,0.7,0.5,,169,35,2.0,2019-10-10,12789.0,-3.274005651473999,2.2262578830122948,0.454339849878882,1.3857333896503787,-0.7631954737007618,-3.273112122640398,-0.0878169952913898
5521,AMERICAN TOWER CORP NEW,"American Tower Earlier Reported Q3 EPS $2 May Not Compare To $0.95 Estimate, Sales $1.954B Beat $1.87B Estimate",5,increase,0.8,0.6,,179,35,2.0,2019-10-31,86111.0,0.3866674145683646,-1.1738800443708897,-5.681401123995911,-2.8796767555567926,0.499630719423294,3.0794807043303063,0.2630763274259484
5529,AMERICAN TOWER CORP NEW,American Tower shares are trading higher despite no company-specific news.,5,increase,0.7,0.3,,157,35,2.0,2019-10-29,86111.0,2.56702434271574,0.499630719423294,-4.695600170686188,-4.3532586333909995,-2.732264809310436,-5.692039764373158,-6.756041120583333
5537,A M T D IDEA GROUP,Analyst: $0 Commissions Makes E*TRADE A Buyout Target,5,uncertain,0.6,0.3,,160,35,1.0,2019-10-28,18887.0,-0.2484528813511133,-0.3735956968739629,4.607719773282315,4.856791566569818,0.625002384185791,-3.823174453029443,-3.5928165275071144
5545,A M T D IDEA GROUP,"Morgan Stanley Maintains Equal-Weight on TD Ameritrade Holding, Raises Price Target to $38",5,increase,0.7,0.4,,164,35,2.0,2019-10-25,18887.0,0.625002384185791,-0.2484528813511133,-0.6211203636722229,5.590059719376761,-4.420548304915428,-4.191621179385708,-4.191621179385708
5553,A M T D IDEA GROUP,"UBS Maintains Neutral on TD Ameritrade Holding, Raises Price Target to $39",5,uncertain,0.6,0.3,,162,35,1.0,2019-10-23,18887.0,0.2395150018855928,-4.420548304915428,-4.420548306712712,-0.8363165655042915,0.0,4.375004768371582,1.8292753725518196
5561,A M T D IDEA GROUP,"Deutsche Bank Earlier Maintained Hold on TD Ameritrade Holding, Raised Price Target to $39",5,uncertain,0.6,0.3,,164,35,1.0,2019-10-23,18887.0,0.2395150018855928,-4.420548304915428,-4.420548306712712,-0.8363165655042915,0.0,4.375004768371582,1.8292753725518196
5569,A M T D IDEA GROUP,TD Ameritrade Sees FY20 Sales $4.9B-$5.3B vs $4.95B Est.,5,uncertain,0.6,0.3,,170,35,1.0,2019-10-21,18887.0,4.375004768371582,0.0,-3.8323429526739727,0.5987931965980131,-2.4390220642089844,-5.882353036099275,-8.36196551028392
5577,A M T D IDEA GROUP,"TD Ameritrade Holding Corporation Q4 Adj. EPS $1.05 Beats $0.97 Estimate, Net Sales $1.558B Beat $1.47B Estimate",5,increase,0.8,0.6,,180,35,2.0,2019-10-21,18887.0,4.375004768371582,0.0,-3.8323429526739727,0.5987931965980131,-2.4390220642089844,-5.882353036099275,-8.36196551028392
5585,A M T D IDEA GROUP,TD Ameritrade Says Move To Zero Commissions Expected To Have 15-16% Adverse Impact On Net Revenues,5,decrease,0.85,0.7,,169,35,0.0,2019-10-21,18887.0,4.375004768371582,0.0,-3.8323429526739727,0.5987931965980131,-2.4390220642089844,-5.882353036099275,-8.36196551028392
5593,A M T D IDEA GROUP,TD Ameritrade Holding Option Alert: Nov 22 $40 Calls Sweep (24) near the Ask: 549 @ $0.551 vs 194 OI; Earnings 10/21 After Close Ref=$36.36,5,increase,0.75,0.6,,191,35,2.0,2019-10-15,18887.0,2.705876901745796,-2.6345882564783096,-4.352797131716846,-8.361965546356975,-2.857142873108387,0.2358546049705534,1.3110806455630453
5601,A M T D IDEA GROUP,"Citi Downgrades TD Ameritrade Holding to Sell, Lowers Price Target to $27",5,decrease,0.8,0.6,,164,35,0.0,2019-10-14,18887.0,-2.857142873108387,2.705876901745796,-1.7647015621380269,-5.529415098859669,3.1839679926633835,4.290818328749335,7.891496859879621
5609,A M T D IDEA GROUP,The Value Of Perspective In Day Trading And In All Things,5,uncertain,0.4,0.2,,155,35,1.0,2019-10-11,18887.0,3.1839679926633826,-2.857142873108387,-8.571428742501707,-7.999998026800914,1.0726960375905037,4.562267723170876,5.9999944170387565
5617,A M T D IDEA GROUP,Fidelity Will Now Be Commission-Free,5,decrease,0.7,0.5,,151,35,0.0,2019-10-10,18887.0,1.072696037590504,3.1839679926633835,-3.3018839104141384,-5.66037233287614,3.452536463737488,4.875004400412664,3.452536500590875
5625,A M T D IDEA GROUP,"UBS Upgrades E-Trade, Downgrades TD Ameritrade After Commission-Free Shake-Up",5,decrease,0.7,0.5,,164,35,0.0,2019-10-07,18887.0,-1.356345973908901,1.3749957084655762,6.2500002851398895,4.375004870336374,-7.840915024280548,-9.182537760547238,-9.888892730108578
5633,A M T D IDEA GROUP,"UBS Downgrades TD Ameritrade Holding to Neutral, Lowers Price Target to $33",5,decrease,0.8,0.6,,164,35,0.0,2019-10-07,18887.0,-1.356345973908901,1.3749957084655762,6.2500002851398895,4.375004870336374,-7.840915024280548,-9.182537760547238,-9.888892730108578
5641,A M T D IDEA GROUP,TD Ameritrade Shares Up ~0.8% On Uptick In Volume Over Last Few Mins. As Hearing RBC Issued Positive Comments On Name,5,increase,0.7,0.4,,175,35,2.0,2019-10-04,18887.0,-7.840915024280548,-1.3563459739089012,7.891496898314343,-1.3563458775431303,-1.4557682909071443,-2.222220095140482,-2.222220095140482
5649,A M T D IDEA GROUP,Webull's CEO Gives Tips To The Newest Members of The Zero Commission Club,5,uncertain,0.4,0.2,,160,35,1.0,2019-10-04,18887.0,-7.840915024280548,-1.3563459739089012,7.891496898314343,-1.3563458775431303,-1.4557682909071443,-2.222220095140482,-2.222220095140482
5657,A M T D IDEA GROUP,"Wells Fargo Downgrades TD Ameritrade Holding to Underperform, Lowers Price Target to $30",5,decrease,0.8,0.6,,166,35,0.0,2019-10-03,18887.0,-1.455768290907145,-7.840915024280548,-3.636370802135591,-6.818185970111001,-0.7777743972837925,-0.7777743972837925,-0.4459304486705062
5665,A M T D IDEA GROUP,"PreMarket Prep Recap: Rough Start To The Quarter, Brokerage Wars, Timing is Everything",5,uncertain,0.5,0.3,,162,35,1.0,2019-10-02,18887.0,-0.7777743972837925,-1.4557682909071443,-6.047031727819785,-4.815232611329867,0.0,0.3344451775774359,0.4464281481698195
5673,A M T D IDEA GROUP,Ameritrade Holding Option Alert: Oct 25 $38 Calls Sweep (2) near the Ask: 1550 @ $0.451 vs 4469 OI; Earnings 10/21 After Close Ref=$33.58,5,increase,0.75,0.6,,192,35,2.0,2019-10-02,18887.0,-0.7777743972837925,-1.4557682909071443,-6.047031727819785,-4.815232611329867,0.0,0.3344451775774359,0.4464281481698195
5681,A M T D IDEA GROUP,"Bank of America Earlier Downgraded TD Ameritrade Holding to Underperform, Lowered Price Target to $39",5,decrease,0.8,0.6,,168,35,0.0,2019-10-02,18887.0,-0.7777743972837925,-1.4557682909071443,-6.047031727819785,-4.815232611329867,0.0,0.3344451775774359,0.4464281481698195
5689,A M T D IDEA GROUP,"Deutsche Bank Maintains Hold on TD Ameritrade Holding, Lowers Price Target to $34",5,decrease,0.7,0.4,,164,35,0.0,2019-10-02,18887.0,-0.7777743972837925,-1.4557682909071443,-6.047031727819785,-4.815232611329867,0.0,0.3344451775774359,0.4464281481698195
5697,A M T D IDEA GROUP,"UBS Maintains Buy on TD Ameritrade Holding, Lowers Price Target to $40",5,decrease,0.7,0.4,,163,35,0.0,2019-10-02,18887.0,-0.7777743972837925,-1.4557682909071443,-6.047031727819785,-4.815232611329867,0.0,0.3344451775774359,0.4464281481698195
5705,A M T D IDEA GROUP,Shares of several retail brokerage companies are trading lower after TD Ameritrade joined Schwab in eliminating commissions for mobile and web trades.,5,decrease,0.8,0.6,,169,35,0.0,2019-10-02,18887.0,-0.7777743972837925,-1.4557682909071443,-6.047031727819785,-4.815232611329867,0.0,0.3344451775774359,0.4464281481698195
5713,A M T D IDEA GROUP,"Barclays Downgrades TD Ameritrade Holding to Underweight, Lowers Price Target to $31",5,decrease,0.8,0.6,,166,25,0.0,2019-10-02,18887.0,-0.7777743972837925,-1.4557682909071443,-6.047031727819785,-4.815232611329867,0.0,0.3344451775774359,0.4464281481698195
5721,A M T D IDEA GROUP,"TD Ameritrade Joins The Party, Cuts Commissions On Stocks, ETFs And Options Trades",5,decrease,0.8,0.6,,163,35,0.0,2019-10-01,18887.0,0.0,-0.7777743972837925,-9.888892698007869,-3.000004882030527,0.3344451775774359,0.4464281481698195,0.5586613634236626
5729,A M T D IDEA GROUP,"TD Ameritrade Spokesperson Responds To Schwab No-Commission News, Says 'We're committed to delivering the best experiences for our clients...we will remain competitive'",5,decrease,0.7,0.5,,178,35,0.0,2019-10-01,18887.0,0.0,-0.7777743972837925,-9.888892698007869,-3.000004882030527,0.3344451775774359,0.4464281481698195,0.5586613634236626
5737,A M T D IDEA GROUP,"Benzinga Pro's Top 10 Most-Searched Tickers For Morning of Tuesday, October 01, 2019",5,uncertain,0.5,0.3,,169,35,1.0,2019-10-01,18887.0,0.0,-0.7777743972837925,-9.888892698007869,-3.000004882030527,0.3344451775774359,0.4464281481698195,0.5586613634236626
5745,A M T D IDEA GROUP,"Credit Suisse Maintains Neutral on TD Ameritrade Holding, Lowers Price Target to $53",5,decrease,0.7,0.4,,163,35,0.0,2019-10-01,18887.0,0.0,-0.7777743972837925,-9.888892698007869,-3.000004882030527,0.3344451775774359,0.4464281481698195,0.5586613634236626
5753,AMERICA MOVIL S A B DE C V NEW,America Movil shares are trading higher after the company reported better-than-expected Q3 sales results.,5,increase,0.85,0.7,,173,35,2.0,2019-10-16,88885.0,3.8258571177721015,1.0800513438880444,3.3036877899778494,2.5412936058971214,-0.5901649128645658,-1.4944801313317102,-0.3287323923210627
5761,AUTONATION INC DEL,"AutoNation Q3 EPS $1.11 Misses $1.12 Estimate, Sales $5.46B Beat $5.38B Estimate",5,uncertain,0.6,0.3,,172,35,1.0,2019-10-29,76282.0,-2.162584848701954,1.7564697191119194,3.5524039379505323,2.7037749181830995,1.8485790118575096,1.8285494529610036,2.270935017282416
5769,AUTONATION INC DEL,Q3 Earnings Outlook For AutoNation,5,uncertain,0.6,0.3,,149,35,1.0,2019-10-28,76282.0,1.84857901185751,-2.162584848701954,1.5640037360408865,0.2510083916242633,-0.0196660170331597,0.4146901307044537,3.1440146413833636
5777,AUTONATION INC DEL,"Morgan Stanley Maintains Underweight on AutoNation, Raises Price Target to $42",5,decrease,0.8,0.6,,158,35,0.0,2019-10-15,76282.0,2.239112928509712,0.8840639144182205,-0.9443464517353006,1.8083135215524848,0.3504473017528653,0.8911923395527266,2.2259584468331983
5785,ARISTA NETWORKS INC,Arista Sees Q4 Sales Guidance $540M-$560M Vs. $686.18M,5,decrease,0.85,0.7,,163,35,0.0,2019-10-31,14714.0,-0.6902980152517557,-24.23437088727951,-20.497199840897217,-22.083659601479177,0.1260357559658587,-1.0566451057747672,0.7816351555474998
5793,ARISTA NETWORKS INC,"Arista Networks Q3 EPS $2.69 Beats $2.41 Estimate, Sales $654.4M Beat $653.25M Estimate",5,increase,0.85,0.6,,172,35,2.0,2019-10-31,14714.0,-0.6902980152517557,-24.23437088727951,-20.497199840897217,-22.083659601479177,0.1260357559658587,-1.0566451057747672,0.7816351555474998
5801,ARISTA NETWORKS INC,"UPDATE: Nomura Downgrades Arista Networks To Neutral, Lowers Target To $230 As Firm Notes Co's 'Recovery Elusive' As Co. 'faces difficult comps in 1H20 and possible webscale share loss in 2H20'",5,decrease,0.85,0.7,,194,35,0.0,2019-10-03,14714.0,-1.747473143041134,1.885535754263401,1.5066438081908329,7.653560908719448,-0.8769282139837742,-4.432444437128414,-5.95188926767396
5809,ARISTA NETWORKS INC,"Arista Networks shares are trading lower after Nomura analysts downgraded the stock form Buy to Neutral, citing a 'difficult' comps outlook in the first half of 2020 and possible webscale share loss in the second half.",5,decrease,0.85,0.7,,189,25,0.0,2019-10-03,14714.0,-1.747473143041134,1.885535754263401,1.5066438081908329,7.653560908719448,-0.8769282139837742,-4.432444437128414,-5.95188926767396
5817,ARISTA NETWORKS INC,"Nomura Downgrades Arista Networks to Neutral, Lowers Price Target to $230",5,decrease,0.8,0.6,,160,35,0.0,2019-10-03,14714.0,-1.747473143041134,1.885535754263401,1.5066438081908329,7.653560908719448,-0.8769282139837742,-4.432444437128414,-5.95188926767396
5825,ANGI INC,Analysts: Match Spinoff Should Be Good For IAC,5,uncertain,0.6,0.3,,151,35,1.0,2019-10-15,16921.0,-0.0735851994249969,1.1782021261751652,-1.1782020146645975,1.0309304062437796,-1.8063584342598915,0.443462084582924,4.251310414815634e-09
5833,VANECK E T F TRUST,Fallen Angels: A Better Way To High Yield?,5,increase,0.75,0.6,,156,35,2.0,2019-10-29,13348.0,-0.1700654393061996,0.1362828188575804,0.1418729912283867,-0.063474198437452,-0.0340028171194717,0.0680750785921668,0.1021408872119877
5841,AON PLC NEW,"Aon Q3 Adj. EPS $1.45 Beats $1.43 Estimate, Sales $2.379B Miss $2.45B Estimate",5,uncertain,0.6,0.3,,171,35,1.0,2019-10-25,61735.0,-1.405875664204359,-0.4558709915727377,4.053082448081624,3.3730323738874635,-0.0522388727404177,-1.0753809207150744,-1.8920178617238492
5849,SMITH A O CORP,A.O. Smith shares are trading lower after the company reported worse-than-expected Q3 sales results. The company also issued its FY19 EPS guidance below analyst estimates.,5,decrease,0.85,0.7,,177,25,0.0,2019-10-29,65402.0,-4.128527641296387,2.8234846889972687,5.905328357067585,6.231881402279282,0.5482647102326155,0.8444625354165458,0.983284201231216
5857,SMITH A O CORP,A.O. Smith Sees FY19 EPS $2.25-$2.28 vs $2.35 Est.,5,decrease,0.85,0.6,,167,35,0.0,2019-10-29,65402.0,-4.128527641296387,2.8234846889972687,5.905328357067585,6.231881402279282,0.5482647102326155,0.8444625354165458,0.983284201231216
5865,SMITH A O CORP,"A.O. Smith Q3 EPS $0.53, Inline, Sales $728.2M Miss $753.26M Estimate",5,decrease,0.75,0.4,,171,35,0.0,2019-10-29,65402.0,-4.128527641296387,2.8234846889972687,5.905328357067585,6.231881402279282,0.5482647102326155,0.8444625354165458,0.983284201231216
5873,SMITH A O CORP,A.O. Smith Late Thursday Increased Qtr. Dividend From $0.22 to $0.24/Share,5,increase,0.8,0.3,,167,35,2.0,2019-10-11,65402.0,3.560642153024673,-0.5417839623987675,6.292970611226312,6.417999433003185,1.9357701763510704,2.43147319492798,2.681141354134331
5881,AMPCO PITTSBURGH CORP,UPDATE: Ampco Purchase For $8M In Cash To Be Paid For Equity Of ASW,5,uncertain,0.6,0.3,,169,35,1.0,2019-10-03,18075.0,-0.7653053849935532,1.0282766073942184,3.598974498885154,-3.084835893234062,-2.7271147817373276,6.521739297333329,3.1578981273676643
5889,AMPCO PITTSBURGH CORP,"Ampco Pittsburgh 8-K Shows Ampco UES Sub, ASW Steel Entered Share Purchase Deal With Valbruna Canada",5,increase,0.75,0.6,,176,35,2.0,2019-10-03,18075.0,-0.7653053849935532,1.0282766073942184,3.598974498885154,-3.084835893234062,-2.7271147817373276,6.521739297333329,3.1578981273676643
5897,AMPHENOL CORP NEW,"Amphenol Earlier Reported Q3 EPS $0.95 Beats $0.87 Estimate, Sales $2.101B Beat $1.98B Estimate",5,increase,0.9,0.7,,179,35,2.0,2019-10-31,84769.0,-0.4860125482082367,2.44193859398365,2.192760809701677,0.7674640295355362,-0.1584508339874446,-0.3656514749249995,0.5886424931320633
5905,AMPHENOL CORP NEW,"Wells Fargo Maintains Outperform on Amphenol, Raises Price Target to $112",5,increase,0.85,0.6,,164,35,2.0,2019-10-24,84769.0,0.1968742813915013,-1.532564591616392,-1.4343245484911504,0.7269849546273077,2.522959001362324,1.1751744244361315,2.6161578954079223
5913,AMPHENOL CORP NEW,Amphenol shares are trading higher after the company reported better-than-expected Q3 EPS and sales results. The company also raised its FY19 EPS and sales guidance above analyst estimates.,5,increase,0.9,0.7,,182,35,2.0,2019-10-23,84769.0,2.522959001362324,0.1968742813915014,-0.757945244033631,1.2796566924777375,-1.314617320895195,0.0909053883670685,0.4562012898295275
5921,AMPHENOL CORP NEW,"UPDATE: Amphenol Raises FY19 Guidance: Adj. EPS From $3.56-$3.60 To $3.65-$3.67 vs $3.58 Estimate, Sales From $7.92B-$8B To $8.035B-$8.075B vs $7.96B Est.",5,increase,0.85,0.7,,212,35,2.0,2019-10-23,84769.0,2.522959001362324,0.1968742813915014,-0.757945244033631,1.2796566924777375,-1.314617320895195,0.0909053883670685,0.4562012898295275
5929,AMPHENOL CORP NEW,"Amphenol Sees Q3 Adj. EPS $0.89-$0.91 vs $0.91 Estimate, Sales $1.96B-$2B vs $2.01B",5,decrease,0.75,0.4,,186,35,0.0,2019-10-23,84769.0,2.522959001362324,0.1968742813915014,-0.757945244033631,1.2796566924777375,-1.314617320895195,0.0909053883670685,0.4562012898295275
5937,AMPHENOL CORP NEW,Amphenol Raises FY19 Guidance,5,increase,0.85,0.7,,153,35,2.0,2019-10-23,84769.0,2.522959001362324,0.1968742813915014,-0.757945244033631,1.2796566924777375,-1.314617320895195,0.0909053883670685,0.4562012898295275
5945,AMPHENOL CORP NEW,"Amphenol Q3 Adj. EPS $0.95 Beats $0.87 Estimate, Sales $2.101B Beat $1.98B Estimate",5,increase,0.85,0.7,,178,35,2.0,2019-10-23,84769.0,2.522959001362324,0.1968742813915014,-0.757945244033631,1.2796566924777375,-1.314617320895195,0.0909053883670685,0.4562012898295275
5953,AMPHENOL CORP NEW,"JP Morgan Initiates Coverage On Amphenol with Neutral Rating, Announces $104 Price Target",5,uncertain,0.6,0.3,,164,35,1.0,2019-10-22,84769.0,-1.314617320895195,2.522959001362324,1.907364178003612,5.368864320600908,1.4242460951209068,1.7944082118857674,1.650136541205249
5961,APOLLO GLOBAL MANAGEMENT INC NEW,Apollo Global Mgmt Q3 EPS $0.52 Misses $0.57 Estimate,5,decrease,0.8,0.6,,164,30,0.0,2019-10-31,12591.0,0.3902435302734375,5.077745765447617,3.425655592192789,6.17104207771797,-0.5337244365364313,-0.6060606030424798,-0.5095828403000047
5969,APOLLO GLOBAL MANAGEMENT INC NEW,"Citigroup Maintains Buy on Apollo Global Management, Raises Price Target to $53",5,increase,0.8,0.6,,162,35,2.0,2019-10-29,12591.0,-0.0727243139408528,-0.5337244365364313,6.040751591383353,4.0756920092794635,0.0970660417806357,0.2186592668496079,-0.0726714538161088
5977,APOLLO GLOBAL MANAGEMENT INC NEW,"Apollo to Acquire 7.5M Shares of Athene for $46.20/Share, 28M Athene Shares to be Acquired for a 7% Equity Stake in Apollo",5,increase,0.85,0.7,,185,35,2.0,2019-10-28,12591.0,0.0970660417806357,-0.0727243139408528,5.98788178467804,2.860606789720088,0.1214753137901425,-0.1695728978968191,3.490706738765348
5985,APOLLO GLOBAL MANAGEMENT INC NEW,Apollo Global Said to Offer $5B to Acquire Tech Data,5,uncertain,0.6,0.3,,158,35,1.0,2019-10-16,12591.0,0.1269016065634787,1.4702104032039642,4.638778207452443,3.929022139616945,1.8877770751714704,1.7561990875551103,1.207298278326152
5993,APOLLO GLOBAL MANAGEMENT INC NEW,Hilton Grand Vacations Shares Spike ~5.7% As Hearing Apollo To Bid $40/Share For Co.,5,increase,0.8,0.6,,169,35,2.0,2019-10-14,12591.0,-0.1291401102207601,1.8877770751714704,3.361787208082445,6.671843756199536,-0.5394273903220892,0.0775461296200319,2.298554220692406
6001,APOLLO GLOBAL MANAGEMENT INC NEW,"UPDATE: BMO On Apollo Global Management Also Thinks 'shares will continue to benefit from technical support associated with improved liquidity, broadened shareholder engagement, and index inclusions'",5,increase,0.85,0.7,,180,35,2.0,2019-10-08,12591.0,-0.3685264382511377,2.219287119805813,4.095120496498272,5.204759035310547,1.0641168802976608,3.009763011766453,6.384773628265239
6009,APOLLO GLOBAL MANAGEMENT INC NEW,"UPDATE: BMO Initiates Apollo Global Management With Outperform, $52 Target As Firm Notes 'The market under-appreciates APO's prospects for accelerating FRE growth via excess capital deployment by Athene and Athora'",5,increase,0.85,0.7,,189,35,2.0,2019-10-08,12591.0,-0.3685264382511377,2.219287119805813,4.095120496498272,5.204759035310547,1.0641168802976608,3.009763011766453,6.384773628265239
6017,APOLLO GLOBAL MANAGEMENT INC NEW,"BMO Capital Initiates Coverage On Apollo Global Management with Outperform Rating, Announces $52 Price Target",5,increase,0.85,0.6,,166,35,2.0,2019-10-08,12591.0,-0.3685264382511377,2.219287119805813,4.095120496498272,5.204759035310547,1.0641168802976608,3.009763011766453,6.384773628265239
6025,APOLLO GLOBAL MANAGEMENT INC NEW,"Apollo Global management shares are trading higher as a potential rebound from the $35 support level yesterday, the stock has continued today on seemingly no company-specific news.",5,increase,0.7,0.5,,176,35,2.0,2019-10-03,12591.0,3.276398777961731,1.925160177052021,5.558566144732335,8.541208341749783,-3.6947213113307953,-5.579060303649408,-8.153296956073309
6033,ANTERO RESOURCES CORP,Antero Resources shares are trading higher after the company raised its full year production guidance to the top end of the range.,5,increase,0.85,0.7,,169,35,2.0,2019-10-30,14179.0,-4.9295730888843545,-7.407408952713013,2.2222203674462593,-12.222227604863246,9.23077017068863,4.79704363038429,14.97975257926658
6041,ANTERO RESOURCES CORP,Antero Resources shares are trading higher after the company reported Q3 earnings results.,5,increase,0.85,0.7,,161,35,2.0,2019-10-29,14179.0,9.23077017068863,-4.929573088884354,-2.816898698647463,-10.915491245125184,-4.059045389294624,5.263152863972631,1.5624986753208114
6049,ANTERO RESOURCES CORP,Antero Resources Q3 EPS $(0.49) vs $(0.29) Estimate,5,decrease,0.85,0.7,,164,35,0.0,2019-10-29,14179.0,9.23077017068863,-4.929573088884354,-2.816898698647463,-10.915491245125184,-4.059045389294624,5.263152863972631,1.5624986753208114
6057,ANTERO RESOURCES CORP,Antero Resources shares are trading higher after in anticipation of the company's Q3 earnings scheduled for today after the close.,5,increase,0.75,0.6,,168,35,2.0,2019-10-29,14179.0,9.23077017068863,-4.929573088884354,-2.816898698647463,-10.915491245125184,-4.059045389294624,5.263152863972631,1.5624986753208114
6065,ANTERO RESOURCES CORP,Antero Resources shares are trading higher on seemingly no company-specific news.,5,increase,0.7,0.5,,159,35,2.0,2019-10-25,14179.0,9.716599434614182,-4.059045389294624,-1.4760128596762234,5.535050386989693,-3.5156216472387314,-3.1372518731073273,-3.891046901620987
6073,ANTERO RESOURCES CORP,"Mitsubishi UFJ Downgrades Antero Resources to Neutral, Lowers Price Target to $3",5,decrease,0.85,0.7,,167,35,0.0,2019-10-08,14179.0,-7.865169644355774,0.0,7.723579158927296,3.6585328056500943,-7.93103501200676,-6.315783826477695,-4.301071421546698
6081,ANTERO RESOURCES CORP,Antero Resources shares are trading higher after Morgan Stanley downgraded the stock from Equal-Weight to Underweight and lowered the price target from $3.25 to $1.50 per share.,5,decrease,0.9,0.8,,185,25,0.0,2019-10-07,14179.0,-7.93103501200676,-7.865169644355774,4.494377506605063,-3.7453236940297785,1.754392683506012,3.9426571059351545,0.3460203705067277
6089,ANTERO RESOURCES CORP,"UPDATE: Morgan Stanley Downgrades Antero Resources To Underweight, Lowers Target To $1.50 As Firm Notes Co. 'could face increasing exposure to spot gas prices as its hedges begin to roll off, while outsized NGL volumes present significant downside risk'",5,decrease,0.85,0.7,,201,25,0.0,2019-10-04,14179.0,1.754392683506012,-7.93103501200676,-5.862071566967875,-12.068970293153992,2.1505355834960938,-1.3840899403525952,-5.629141764106516
6097,ANTERO RESOURCES CORP,"Morgan Stanley Downgrades Antero Resources to Underweight, Lowers Price Target to $1.5",5,decrease,0.9,0.8,,167,35,0.0,2019-10-04,14179.0,1.754392683506012,-7.93103501200676,-5.862071566967875,-12.068970293153992,2.1505355834960938,-1.3840899403525952,-5.629141764106516
6105,ANTERO RESOURCES CORP,JP Morgan Reinstates Underweight on Antero Resources,5,decrease,0.85,0.7,,157,35,0.0,2019-10-03,14179.0,2.150535583496094,1.754392683506012,-13.333329483208034,-1.7543845844933847,-3.460212424397469,-7.615894819507463,-14.939025007475982
6113,ACCURAY INC DE,Accuray Reaffirms FY20 Sales $410M-$420M,5,uncertain,0.6,0.3,,157,35,1.0,2019-10-29,91814.0,0.0,-4.844294115900993,2.768163396654044,-7.2664368970911,3.956839442253113,5.090912972812589,5.8608090401440105
6121,ACCURAY INC DE,"Accuray Q1 EPS $(0.11) Misses $(0.09) Estimate, Sales $89.6M Miss $92.15M Estimate",5,decrease,0.8,0.6,,175,35,0.0,2019-10-29,91814.0,0.0,-4.844294115900993,2.768163396654044,-7.2664368970911,3.956839442253113,5.090912972812589,5.8608090401440105
6129,ARCBEST CORP,"ArcBest Q3 EPS $0.62 Misses $0.87 Estimate, Sales $787.6M Miss $797.1M Estimate",5,decrease,0.85,0.6,,172,35,0.0,2019-10-31,77595.0,-2.167291752994061,2.2499188780784607,8.238148702493442,2.9981888868520823,-3.4651830792427063,-3.8423916467039687,-3.9049753175562696
6137,ARES CAPITAL CORP,Ares Capital Q3 EPS $0.48 Beats $0.46 Estimate,5,increase,0.8,0.4,,158,35,2.0,2019-10-30,90401.0,0.0,-1.2412382289767263,0.7015604679468046,0.7015604621527505,0.3248585620895028,0.8161127949215308,0.5425956593142933
6145,ARES CAPITAL CORP,UPDATE: Raymond James Downgrades Ares Capital To Market Perform 'primarily as a function of valuation rather than fundamental concerns regarding the company'; As Firm Notes 'We see no immediate catalysts for material NAV appreciation',5,decrease,0.8,0.4,,184,35,0.0,2019-10-22,90401.0,-0.4280359484255314,-0.8060264401137829,-0.4298759864936663,-0.1612073251759938,0.7275679148733616,0.9179269605777084,1.6866234181057704
6153,ARES CAPITAL CORP,Raymond James Downgrades Ares Capital to Market Perform,5,decrease,0.8,0.6,,154,35,0.0,2019-10-22,90401.0,-0.4280359484255314,-0.8060264401137829,-0.4298759864936663,-0.1612073251759938,0.7275679148733616,0.9179269605777084,1.6866234181057704
6161,ARCOS DORADOS HOLDINGS INC,Bank of America Upgrades Arcos Dorados Holdings to Buy,5,increase,0.85,0.7,,160,35,2.0,2019-10-21,12684.0,6.8245165050029755,0.7822678424417973,-2.216428606580212,-3.780964186978353,2.571426145732403,6.056127716999593,7.004467744357967
6169,ALEXANDRIA REAL EST EQUITIES INC,"Alexandria Real Estate Q3 FFO $1.75 Up From $1.66 YoY, EPS $(0.44), Sales $390.5M Up From $341.823M YoY",5,increase,0.75,0.6,,193,35,2.0,2019-10-28,84767.0,0.3981073386967182,-1.6175774857401848,-1.0574067313101954,-2.360271789503366,-0.5717539694160223,0.3296800682004885,0.706376922336438
6177,ARES MANAGEMENT CORP,"Ares Management Earlier Reported Q3 EPS $0.34 Misses $0.37 Estimate, Sales $466.49M Beat $308.81M Estimate",5,uncertain,0.6,0.3,,176,35,1.0,2019-10-31,14617.0,-0.5381764378398657,6.087254360318184,8.725065308479717,7.237062380086101,0.2022226573899388,1.467577841243073,5.238936481514367
6185,ARES MANAGEMENT CORP,BMO Capital Initiates Coverage On Ares Management with Market Perform Rating,5,uncertain,0.6,0.2,,156,35,1.0,2019-10-08,14617.0,-0.4988456144928932,1.0412666946649551,3.1237926527192927,7.828764797112742,-1.362606417387724,-1.5489227916413717,-0.648113194528277
6193,ARES MANAGEMENT CORP,"Ares Mgmt. Reports Strategic Joint Venture With Fidante Partners In Australia, No Terms Disclosed",5,increase,0.75,0.6,,162,35,2.0,2019-10-03,14617.0,0.9149819612503052,-0.1888902042992413,-1.5111433043547562,2.644505945598641,-0.6815611850470304,-2.1633716639203437,-5.477479175020028
6201,GLOBAL X FUNDS,Politics Still Problematic For The Argentina ETF,5,decrease,0.8,0.6,,148,35,0.0,2019-10-25,12621.0,0.2673772862181067,-2.222222276031971,-2.6222229633160676,-3.022223750899733,0.6278085056692362,0.5827031205831057,-0.7957572807226421
6209,APOLLO COMMERCIAL RL EST FIN INC,"Apollo Commercial Real Q3 EPS $0.47, Inline",5,uncertain,0.6,0.2,,162,35,1.0,2019-10-23,93014.0,0.1055889646522701,-2.6898646727204323,-4.377636971679388,-4.113917873548589,-0.8895869366824627,-0.4729382176548835,-0.5252120302216667
6217,APOLLO COMMERCIAL RL EST FIN INC,"JP Morgan Downgrades Apollo Commercial Real to Neutral, Announces $18.5 Price Target",5,decrease,0.8,0.6,,168,35,0.0,2019-10-22,93014.0,-0.8895869366824627,0.10558896465227,-4.118271761885762,-3.8014847629840864,0.4203884396702051,0.3676454321989375,0.897571659959695
6225,ALLIANCE RESOURCE PARTNERS,Alliance Resource Partners LP shares are trading lower after the company reported worse-than-expected Q3 EPS and sales results.,5,decrease,0.85,0.7,,166,25,0.0,2019-10-28,87198.0,-8.05860385298729,-7.091636210680008,0.7968082369252505,-0.5558732030821023,-1.1585865169763565,-3.601696620082817,-3.053979509586613
6233,ALLIANCE RESOURCE PARTNERS,"Alliance Resource Q3 EPS $0.42 Misses $0.47 Estimate, Sales $464.726M Miss $518.27M Estimate",5,decrease,0.85,0.6,,174,35,0.0,2019-10-28,87198.0,-8.05860385298729,-7.091636210680008,0.7968082369252505,-0.5558732030821023,-1.1585865169763565,-3.601696620082817,-3.053979509586613
6241,ARAMARK,UAW Reached Tentative Agreement With Aramark For The 850 Members On Strike Who Work At GM Plants,5,increase,0.75,0.4,,161,35,2.0,2019-10-17,14329.0,0.9356454946100712,0.7461040746420622,1.0400159944757847,-1.0626300209185868,-0.5447155330330133,-0.2276832252635197,-0.7923895926380875
6249,ARAMARK,"Morgan Stanley Maintains Equal-Weight on Aramark, Raises Price Target to $43",5,increase,0.7,0.4,,156,35,2.0,2019-10-10,14329.0,1.52047136798501,1.7741857096552849,1.912437742470141,2.9723433953520395,0.1640105270780623,-2.7082354975313083,0.0936569090075334
6257,ARAMARK,Aramark shares are trading higher after the company announced John Zillmer as the CEO.,5,increase,0.8,0.6,,156,35,2.0,2019-10-07,14329.0,2.879886515438557,-2.867542952299118,-0.0455177670261153,1.0696431312021917,1.0648385621607304,1.088755219169757,0.070287693370119
6265,ARAMARK,Aramark Announces John Zillmer CEO,5,increase,0.75,0.4,,147,35,2.0,2019-10-07,14329.0,2.879886515438557,-2.867542952299118,-0.0455177670261153,1.0696431312021917,1.0648385621607304,1.088755219169757,0.070287693370119
6273,ARAMARK,"Aramark Reports Expansion Of Relationship With Dickies To Provide Added Premium Apparel Options To More Workers, No Terms Disclosed",5,increase,0.75,0.4,,162,35,2.0,2019-10-03,14329.0,0.023664666514378,1.0648385621607304,2.6975938895581697,4.661621435710761,-1.0074983350932598,-3.0518627012042776,-1.789866164363041
6281,ARROW FINANCIAL CORP,Arrow Financial Reports $5M Buyback,5,increase,0.8,0.6,,154,35,2.0,2019-10-30,15070.0,0.285313231870532,-0.0853558827657252,3.1578855162726516,3.2147857240224287,0.7763095665723085,2.0972832897501403,0.9504550203498496
6289,ARROW FINANCIAL CORP,Arrow Financial Q3 EPS $0.67 Up From $0.64 YoY,5,increase,0.75,0.4,,163,35,2.0,2019-10-22,15070.0,-0.1183809246867894,1.303699612617493,3.851849534094276,7.229625522262628,1.777108944952488,1.6240629934836548,2.7989110333202616
6297,ARMOUR RESIDENTIAL REIT INC,Ladenburg Thalmann Upgrades ARMOUR Residential REIT to Buy,5,increase,0.8,0.6,,163,35,2.0,2019-10-24,92477.0,-1.8669761717319489,-1.12961083650589,-0.5350782003529675,0.4756238083353681,0.468932744115591,1.001768300725936,1.7210623270036418
6305,ARROW ELECTRONICS INC,"Arrow Electronics Sees Q4 Sales $7.125B-$7.525B vs $7.4B Estimate, Adj. EPS $2.10-$2.26 vs $2.10 Est.",5,uncertain,0.6,0.3,,186,35,1.0,2019-10-31,29209.0,1.381076592952013,2.270437777042389,3.165996620864719,0.9207912614786372,-0.1149622723460197,0.7342518542712062,1.334713999242676
6313,ARROW ELECTRONICS INC,"Arrow Electronics Q3Adj. EPS $1.86 Beats $1.67 Estimate, Sales $7.08B Beat $7.04B Estimate",5,increase,0.85,0.6,,175,35,2.0,2019-10-31,29209.0,1.381076592952013,2.270437777042389,3.165996620864719,0.9207912614786372,-0.1149622723460197,0.7342518542712062,1.334713999242676
6321,ARROWHEAD PHARMACEUTICALS INC,Arrowhead Pharmaceuticals shares are trading lower after Baird downgraded the company's stock from Outperform to Neutral and announced a $39 price target.,5,decrease,0.85,0.7,,180,25,0.0,2019-10-24,80069.0,-7.011355459690094,4.556550830602646,8.624899161736788,7.404392503446466,1.731887273490429,8.630141504028987,10.292074528016592
6329,ARROWHEAD PHARMACEUTICALS INC,"Baird Downgrades Arrowhead Pharmaceuticals to Neutral, Announces $39 Price Target",5,decrease,0.8,0.6,,168,35,0.0,2019-10-24,80069.0,-7.011355459690094,4.556550830602646,8.624899161736788,7.404392503446466,1.731887273490429,8.630141504028987,10.292074528016592
6337,ARROWHEAD PHARMACEUTICALS INC,Arrowhead Pharmaceuticals shares are trading higher after Chardan Capital maintained a Buy rating on the stock and raised the price target from $32 to $45.,5,increase,0.85,0.7,,181,35,2.0,2019-10-22,80069.0,6.7808181047439575,1.731887273490429,2.37332404137387,1.9371418732995416,1.529900450259447,-0.2732200131509987,5.766449550854591
6345,ARROWHEAD PHARMACEUTICALS INC,"Chardan Capital Maintains Buy on Arrowhead Pharmaceuticals, Raises Price Target to $45",5,increase,0.8,0.6,,169,35,2.0,2019-10-22,80069.0,6.7808181047439575,1.731887273490429,2.37332404137387,1.9371418732995416,1.529900450259447,-0.2732200131509987,5.766449550854591
6353,ARROWHEAD PHARMACEUTICALS INC,Arrowhead Pharmaceuticals shares are trading higher after the company discussed its developement strategy for its emerging pipiline of RNAi at its R&D conference.,5,increase,0.8,0.6,,180,35,2.0,2019-10-18,80069.0,-1.775950193405151,1.529900450259447,7.232262896060382,15.38247216262285,6.056216359138489,6.565721907553179,10.976346320214247
6361,ARROWHEAD PHARMACEUTICALS INC,"Baird Initiates Coverage On Arrowhead Pharmaceuticals with Outperform Rating, Announces $39 Price Target",5,increase,0.8,0.6,,171,35,2.0,2019-10-03,80069.0,3.4578148275613776,2.2727282717823982,6.951871110510832,22.32619757343235,2.7718575671315193,2.6259750826732375,7.270033518401675
6369,ASSOCIATED BANC CORP,Associated Banc-Corp Raises Qtr. Dividend From $0.17 To $0.18/Share,5,increase,0.7,0.3,,165,35,2.0,2019-10-29,15318.0,0.0977061921730637,-0.1464162371121347,4.050756211491802,5.8565192640581465,1.1863557621836662,0.8871285614295621,-0.8716721526579763
6377,ASSOCIATED BANC CORP,Associated Banc Receives Regulatory Approval To Acquire First Staunton Bancshares.,5,increase,0.8,0.6,,158,35,2.0,2019-10-14,15318.0,0.5050524603575468,2.763824909925461,3.919601542430451,2.8643202086619635,1.6427088528871536,3.1249918316142766,4.430380631927244
6385,ARDMORE SHIPPING CORP,"Stifel Nicolaus Downgrades Ardmore Shipping to Hold, Raises Price Target to $9.5",5,decrease,0.8,0.6,,165,35,0.0,2019-10-17,14092.0,-6.322439014911652,0.3374547930434346,-2.1372386791362885,-10.12374030592854,3.94304096698761,2.9284109255407476,8.830269241119137
6393,ASGN INC,ASGN's ECS Unit Wins $45M Contract To Lead IT Modernization Efforts For US Mint ITSPO,5,increase,0.8,0.6,,160,35,2.0,2019-10-24,77917.0,5.6271992623806,1.1733021587133408,0.8244814343641549,6.579993053742728,-1.7281094565987587,-2.926352340924665,-2.4346432913765037
6401,ASGN INC,"Bank of America Reiterates Buy on ASGN, Lowers Price Target to $72",5,uncertain,0.6,0.3,,156,35,1.0,2019-10-24,77917.0,5.6271992623806,1.1733021587133408,0.8244814343641549,6.579993053742728,-1.7281094565987587,-2.926352340924665,-2.4346432913765037
6409,ASGN INC,"ASGN Q3 Adj. EPS $1.31 Beats $1.23 Estimate, Sales $1B Beat $998.25M Estimate",5,,,,,167,35,,2019-10-23,77917.0,-1.7281094565987591,5.6271992623806,8.792497206648164,12.728184027788704,-1.2193139642477036,-0.7189582197624556,-0.8323847380076854
6417,ASHLAND INC 2022,"Wells Fargo Initiates Coverage On Ashland Global Holdings with Outperform Rating, Announces $90 Price Target",5,increase,0.85,0.7,,167,35,2.0,2019-10-16,24272.0,0.1290469430387019,-0.4381961189210415,-1.5208051949302304,0.6959671795952804,0.7410292513668537,0.9378679787573896,3.0041132202407006
6425,ASHLAND INC 2022,"Monness Crespi Hardt Upgrades Ashland Global Holdings to Buy, Announces $88 Price Target",5,increase,0.85,0.7,,166,35,2.0,2019-10-14,24272.0,0.1953908242285252,0.7410292513668537,0.1690130453379401,0.9750389705138084,2.047046646475792,2.619969406837952,1.0530411923526106
6433,ASSEMBLY BIOSCIENCES INC,Assembly Biosciences Announces Thomas Russo CFO,5,uncertain,0.5,0.2,,154,35,1.0,2019-10-28,12497.0,3.496040403842926,-2.8043312951922417,7.839391316781485,-7.711919604898787,6.311357766389847,7.3654390187577246,7.670454179630148
6441,ASSEMBLY BIOSCIENCES INC,Assembly Biosciences Shares Up 17% Today; Co Announced Wednesday Safety and Antiviral Activity of Core Inhibitor Candidates In the Treatment of Chronic Hep B to be Featured in a Late Breaking Session at AASLD,5,increase,0.85,0.7,,192,35,2.0,2019-10-17,12497.0,21.9819113612175,-2.965828776359558,-8.059316384851723,6.4474530552287135,36.72042787075043,41.12097391008322,45.98163073565744
6449,ASSEMBLY BIOSCIENCES INC,"Mizuho Initiates Coverage On Assembly Biosciences with Buy Rating, Announces $20 Price Target",5,increase,0.8,0.6,,166,35,2.0,2019-10-16,12497.0,36.72042787075043,21.9819113612175,11.049938725217023,20.487609293209076,3.218645602464676,6.773825249919607,9.79929076601498
6457,ASSEMBLY BIOSCIENCES INC,Assembly Biosciences Option Alert: Nov 15 $15 Calls Sweep (2) near the Ask: 782 @ $0.3 vs 2872 OI; Earnings 11/7 Before Open [est] Ref=$9.29,5,uncertain,0.6,0.4,,196,35,1.0,2019-10-15,12497.0,3.218645602464676,36.72042787075043,51.39784427336511,63.97849008839971,3.4443192183971405,6.3754422712490655,7.775126980185809
6465,A S M L HOLDING N V,ASML Holding shares are trading lower after the company reported Q3 earnings.,5,decrease,0.8,0.6,,162,35,0.0,2019-10-16,81472.0,-4.885253310203552,-0.2790139056742191,1.253586821486219,4.393442372284384,2.255004458129406,2.900003320571898,6.381964698140741
6473,A S M L HOLDING N V,ASML Sees Q4 Net Sales EUR 3.9B,5,increase,0.8,0.6,,162,35,2.0,2019-10-16,81472.0,-4.885253310203552,-0.2790139056742191,1.253586821486219,4.393442372284384,2.255004458129406,2.900003320571898,6.381964698140741
6481,A S M L HOLDING N V,"ASML Earlier Reported Q3 Net Sales EUR 3.0B, Net Income EUR 627M, Net Bookings EUR 5.1B",5,increase,0.8,0.6,,180,35,2.0,2019-10-16,81472.0,-4.885253310203552,-0.2790139056742191,1.253586821486219,4.393442372284384,2.255004458129406,2.900003320571898,6.381964698140741
6489,A S M L HOLDING N V,ASML shares are trading higher after RBC Capital maintained its Outperform rating on the stock and raised the price target from $245 to $270 per share.,5,increase,0.85,0.7,,178,35,2.0,2019-10-15,81472.0,2.255004458129406,-4.885253310203552,-4.578760039495943,-1.098901819383402,0.6307748612016439,4.035949401088956,6.241121574093644
6497,A S M L HOLDING N V,"RBC Capital Maintains Outperform on ASML Holding, Raises Price Target to $270",5,increase,0.85,0.7,,166,35,2.0,2019-10-14,81472.0,0.6307748612016438,2.255004458129406,-0.4624757169450211,1.8613343951633832,3.383830189704895,5.575179879743808,7.402510736754886
6505,ALTISOURCE PORTFOLIO SLTNS S A,"Altisource Portfolio Q3 Adj. EPS $0.25 Does Not Compare To $(1.34) Estimate, Sales $133.781M Does Not Compare To $17.3M Estimate",5,increase,0.9,0.8,,196,35,2.0,2019-10-24,92981.0,-8.599826693534851,-8.936167508363724,-15.839245141607638,-14.089832080385955,0.8718345314264297,-0.0431975455181254,2.2084805567056165
6513,GRUPO AEROPORTUARIO DEL SUR S A,"ASUR Reports Q3 Sales Up 11.5% YoY, EPS Up 33.1% YoY",5,increase,0.85,0.7,,180,35,2.0,2019-10-23,88593.0,1.034782640635967,2.51335222274065,4.637137963666471,6.672956855324386,-0.9495029225945472,-1.024184521889493,-0.9245871772498248
6521,GRUPO AEROPORTUARIO DEL SUR S A,ASUR Reports Total September Traffic Up 5.5% YoY,5,increase,0.75,0.4,,170,35,2.0,2019-10-04,88593.0,1.438900176435709,-1.110395137220621,1.0333764947921376,2.150186615841343,1.775887981057167,-0.0585609425641675,0.7147516384713226
6529,AMERISERV FINANCIAL INC,AmeriServ Financial Q3 EPS $0.1 Down From $0.13 YoY,5,decrease,0.8,0.3,,167,35,0.0,2019-10-15,92807.0,-0.2398136304691434,-0.2403786638751626,-0.4807687824507356,-0.721147545157308,0.4819272551685571,1.2135969277908163,1.2135969277908163
6537,ASTEC INDUSTRIES INC,"Astec Industries Q3 Adj. EPS $0.17 Misses $0.24 Estimate, Sales $255.8M Miss $259.55M Estimate",5,decrease,0.8,0.6,,175,35,0.0,2019-10-29,10382.0,1.748034916818142,3.5545047372579575,12.055698434792571,15.052351427161504,1.716742478311062,5.601528414456514,4.175823852110594
6545,ASURE SOFTWARE INC,Asure Software shares are trading higher after the company announced it will sell its Workspace Management business to FM:Systems in an asset and equity transaction valued at $120 million.,5,increase,0.85,0.7,,173,35,2.0,2019-10-08,77505.0,23.00884872674942,-1.558754313737154,4.196635846661412,1.079138648672706,0.2958576893433928,5.443240773748714,7.961783074563677
6553,ALPHATEC HOLDINGS INC,"Alphatec Holdings Q3 EPS $(0.26) Misses $(0.22) Estimate, Sales $29.201M Beat $26.37M Estimate",5,uncertain,0.6,0.3,,181,35,1.0,2019-10-30,91348.0,3.685096651315689,11.147011816501616,10.500808885085087,12.60096463364011,2.9310274869203568,3.645825575273598,3.4662012137289366
6561,A10 NETWORKS INC,A10 Networks 8-K Shows Workforce Reduction Of ~5% Of Co. Workforce,5,uncertain,0.6,0.3,,159,35,1.0,2019-10-30,14495.0,13.622292876243591,1.2261535972356796,-1.3624030461785508,-3.9509531092705608,-0.6153840105980635,-1.972687570327536,-1.3740480858876136
6569,A10 NETWORKS INC,"A10 Sees Q4 EPS Guidance $0.04-$0.08 Vs. $0.09 Est., Sales $55M-$59M Vs. $54M Est.",5,decrease,0.8,0.6,,179,35,0.0,2019-10-29,14495.0,-0.6153840105980635,13.622292876243591,10.21671587263333,11.145507620687578,-1.3657079078257084,-0.7633616810175714,0.3086416373480505
6577,A10 NETWORKS INC,"A10 Networks Q3 EPS $0.02 Misses $0.04 Estimate, Sales $52.8M Beat $51M Estimate",5,uncertain,0.6,0.3,,171,35,1.0,2019-10-29,14495.0,-0.6153840105980635,13.622292876243591,10.21671587263333,11.145507620687578,-1.3657079078257084,-0.7633616810175714,0.3086416373480505
6585,A T I INC,Allegheny Technologies shares are trading higher after the company reported better-than-expected Q3 EPS and sales results.,5,increase,0.85,0.7,,162,33,2.0,2019-10-31,43123.0,9.541188180446625,5.8543529361486435,13.231797535171452,10.566393466256365,-3.9559289813041687,-5.749385941691854,-3.033368817743465
6593,A T I INC,"Allegheny Technologies Q3 Adj. EPS $0.33 Beats $0.32 Estimate, Sales $1.02B Beat $1.01B Estimate",5,increase,0.8,0.4,,173,35,2.0,2019-10-31,43123.0,9.541188180446625,5.8543529361486435,13.231797535171452,10.566393466256365,-3.9559289813041687,-5.749385941691854,-3.033368817743465
6601,A T I INC,Longbow Research Downgrades Allegheny Technologies to Underperform,5,decrease,0.85,0.6,,153,25,0.0,2019-10-15,43123.0,-0.9671216830611228,-1.8554646521806717,-3.564450883722059,-2.4902353334609995,-3.001873381435871,2.2749801554280635,7.764458992496426
6609,A T I INC,"KeyBanc Maintains Overweight on Allegheny Technologies, Lowers Price Target to $28",5,decrease,0.7,0.4,,160,35,0.0,2019-10-14,43123.0,-3.001873381435871,-0.9671216830611228,-2.5628659075701,-1.5957440780973495,5.440160259604454,11.099526093189272,10.926120774748904
6617,A T I INC,Allegheny Technologies shares are trading higher after Goldman Sachs upgraded the company's stock from Neutral to Buy and announced a $25 price target.,5,increase,0.85,0.7,,166,35,2.0,2019-10-10,43123.0,5.367372184991837,5.440160259604454,1.3353138450211022,-4.896141391213316,-0.1560810604132712,-2.8846137648005143,-5.607473527763185
6625,A T I INC,"Goldman Sachs Upgrades Allegheny Technologies to Buy, Announces $25 Price Target",5,increase,0.85,0.7,,157,33,2.0,2019-10-10,43123.0,5.367372184991837,5.440160259604454,1.3353138450211022,-4.896141391213316,-0.1560810604132712,-2.8846137648005143,-5.607473527763185
6633,AMES NATL CORP,Ames National Q3 EPS $0.44 Down From $0.48 YoY,5,decrease,0.75,0.3,,162,35,0.0,2019-10-18,90470.0,0.0,1.81818176060915,-0.981819793738381,0.8664259550683839,0.145669758785516,0.3283478686057162,0.2917575524516547
6641,A T N INTERNATIONAL INC,"Raymond James Maintains Outperform on ATN International, Raises Price Target to $67",5,increase,0.8,0.6,,160,35,2.0,2019-10-25,77090.0,-2.578563243150711,2.2663339972496033,-3.374691424933729,-5.343258205183565,8.859647810459137,10.428903290073134,8.859647825778904
6649,A T N INTERNATIONAL INC,"ATN International Q3 EPS $0.09 Down From $1.06 YoY, Sales $115.6M Miss $115.76M Estimate",5,decrease,0.85,0.7,,174,35,0.0,2019-10-23,77090.0,1.441540103405714,8.859647810459137,4.736843385955236,2.807014827816401,-1.4210550114512444,-1.6797950154594732,-1.490186272678684
6657,ACTINIUM PHARMACEUTICALS INC,Actinium Pharmaceuticals shares are trading higher. Not seeing any news to justify the price action.,5,uncertain,0.5,0.3,,169,35,1.0,2019-10-31,14497.0,5.141177028417587,5.010015144944191,8.216434038529474,0.2003978114785809,-0.2941226121038198,-4.698796790874837,-32.680851137650514
6665,ACTINIUM PHARMACEUTICALS INC,Actinium Pharmaceuticals shares are trading lower after the company reported results from the pivotal Iomab-B Phase 3 SIERRA trial.,5,decrease,0.8,0.6,,177,35,0.0,2019-10-28,14497.0,-29.361701011657708,-4.417667537927628,12.89156907234128,0.4417624204573034,13.93386423587799,62.21812834604003,67.85714324745369
6673,ACTINIUM PHARMACEUTICALS INC,Actinium Announces 'Positive' Interim Results from Iomab-B Pivotal Phase 3 SIERRA Trial,5,increase,0.85,0.7,,174,35,2.0,2019-10-28,14497.0,-29.361701011657708,-4.417667537927628,12.89156907234128,0.4417624204573034,13.93386423587799,62.21812834604003,67.85714324745369
6681,ATARA BIOTHERAPEUTICS INC,Atara Biotherapeutics Chief Science Officer Reportedly Has Left Co.,5,decrease,0.8,0.6,,161,35,0.0,2019-10-25,14991.0,-3.075712360441685,0.0813688267953693,-1.3832396102517852,9.031729457497327,-1.2461047619581225,-2.4615361242334655,2.175668611026782
6689,ATRICURE INC,AtriCure Raises FY19 Sales Guidance From $224M-$228M To $227M-$229M vs $227.45M Est.,5,increase,0.8,0.4,,170,35,2.0,2019-10-30,90856.0,-0.8038042113184929,-2.062613144516945,3.9042339743342818,3.6095749802993904,1.257862150669098,2.9334361650669827,4.385970828470587
6697,ATRICURE INC,"AtriCure Q3 EPS $(0.25) Beats $(0.27) Estimate, Sales $56.6M Beat $55.23M Estimate",5,increase,0.8,0.6,,173,35,2.0,2019-10-30,90856.0,-0.8038042113184929,-2.062613144516945,3.9042339743342818,3.6095749802993904,1.257862150669098,2.9334361650669827,4.385970828470587
6705,ASTRONICS CORP,"Astronics Reports Purchase Of Mass Transit Test Solution Provider Diagnosys Test Systems For $7M In Cash, Potential $13M Earn Out Over 3 Years",5,increase,0.75,0.6,,176,35,2.0,2019-10-04,15457.0,3.738975152373314,-0.7480425294488668,0.5100292616802893,0.0680055681956837,0.1766824978403747,-2.711046767924852,-3.5057821996064886
6713,AIR TRANSPORT SERVICES GROUP INC,Atlas Air Loses Money From Q3 Operations,5,increase,0.7,0.4,,153,35,2.0,2019-10-30,90716.0,-3.04877869784832,1.1611019261181357,5.007256024834983,17.876147072529847,-0.7910659536719322,-1.2048202985490808,1.2345690809923535
6721,AIR TRANSPORT SERVICES GROUP INC,Atlas Air Pilots Authorized To Form Own Local,5,decrease,0.7,0.4,,153,35,0.0,2019-10-07,90716.0,-2.43055447936058,-2.1352317184209824,0.7625807123447181,4.37214340558969,1.459481567144394,-1.369866434807121,-3.540668869458141
6729,ATENTO S A,Atento Names Gustavo Tasner COO,5,uncertain,0.6,0.3,,147,35,1.0,2019-10-31,14986.0,2.04081442207098,1.6666650772094729,-1.6666654280955706,-7.000001550672286,-0.3389827208593488,-6.928790874383138e-10,-1.6722392297643496
6737,ACTIVISION BLIZZARD INC,"Piper's Olson Notes Like Activision-Blizzard As Co. Has A 'Really Strong' 2020 Lineup, Says Co. Should Be Fastest-Growing Video Game Publisher Of 2020",5,increase,0.85,0.7,,185,35,2.0,2019-10-31,79678.0,0.2863788278773427,-0.3747975919395685,-2.64144116461964,-5.943241217219242,3.4629609435796738,2.4010218418235363,1.1038737354567507
6745,ACTIVISION BLIZZARD INC,Activision-Blizzard shares are trading higher after the company announced 'Call Of Duty: Modern Warfare' delivered $600 million in worldwide sales during its first three days of release.,5,increase,0.9,0.7,,178,35,2.0,2019-10-30,79678.0,3.4629609435796738,0.2863788278773427,0.877038990622192,-6.336132333783839,-1.0263954289257526,-2.2801272905860315,-2.5974001503344946
6753,ACTIVISION BLIZZARD INC,Activision-Blizzard's 'Call Of Duty: Modern Warfare' Has $600M Opening Weekend,5,increase,0.9,0.7,,163,35,2.0,2019-10-30,79678.0,3.4629609435796738,0.2863788278773427,0.877038990622192,-6.336132333783839,-1.0263954289257526,-2.2801272905860315,-2.5974001503344946
6761,ACTIVISION BLIZZARD INC,Activision-Blizzard Shares Spike 3% Higher As Co. Highlights 'Call Of Duty: Modern Warfare' Delivered $600M Sell Through In First 3 Days,5,increase,0.85,0.6,,177,35,2.0,2019-10-30,79678.0,3.4629609435796738,0.2863788278773427,0.877038990622192,-6.336132333783839,-1.0263954289257526,-2.2801272905860315,-2.5974001503344946
6769,ACTIVISION BLIZZARD INC,How The Hong Kong Protests Are Landing Companies In Hot Water,5,decrease,0.8,0.6,,156,35,0.0,2019-10-28,79678.0,-1.2667335569858549,-1.0263954289257526,2.1077669906244267,-3.73900445100086,-0.324675883166492,0.8394144259046055,1.3572961686354912
6777,ACTIVISION BLIZZARD INC,"Najarian Brothers Highlight Unusual Options Activity In Activision Blizzard, Cronos Group",5,uncertain,0.6,0.3,,160,35,1.0,2019-10-24,79678.0,1.167882140725851,-0.324675883166492,1.0642138621931974,-1.6053378854619882,0.5135707557201385,-1.2790472688812615,0.4767112800700746
6785,ACTIVISION BLIZZARD INC,Activision-Blizzard Shares Rebound ~0.9% From Session Low Near $54.60 Following Unusual Option Activity For This Week's $55 Calls,5,increase,0.7,0.4,,176,35,2.0,2019-10-24,79678.0,1.167882140725851,-0.324675883166492,1.0642138621931974,-1.6053378854619882,0.5135707557201385,-1.2790472688812615,0.4767112800700746
6793,ACTIVISION BLIZZARD INC,Activision Blizzard Option Alert: Fri $55 Calls Sweep (57) near the Ask: 509 @ $0.541 vs 2285 OI; Earnings 11/7 After Close Ref=$54.97,5,increase,0.75,0.6,,188,35,2.0,2019-10-24,79678.0,1.167882140725851,-0.324675883166492,1.0642138621931974,-1.6053378854619882,0.5135707557201385,-1.2790472688812615,0.4767112800700746
6801,ACTIVISION BLIZZARD INC,Group Of Members Of Congress Pen Letter To Blizzard CEO Condemning Co.'s Decision To Ban Professional Hearthstone Player For Voicing Support For Hong Kong Protests,5,decrease,0.8,0.6,,176,35,0.0,2019-10-18,79678.0,-1.888827607035637,1.778506487607956,1.3201272892295002,2.346899127279789,0.0,0.0539934844709932,1.0543570955808823
6809,ACTIVISION BLIZZARD INC,Activision Blizzard shares are trading lower despite high anticipation of the new Modern Warfare release and strength in its Call of Duty Mobile title. The company confirmed 'Modern Warfare' will have free maps and no loot boxes.,5,decrease,0.7,0.4,,185,35,0.0,2019-10-18,79678.0,-1.888827607035637,1.778506487607956,1.3201272892295002,2.346899127279789,0.0,0.0539934844709932,1.0543570955808823
6817,ACTIVISION BLIZZARD INC,"Citi Maintains Neutral on Activision Blizzard, Raises Price Target to $55",5,uncertain,0.6,0.3,,160,35,1.0,2019-10-15,79678.0,0.999823771417141,0.0539934844709932,-1.871851881146902,-2.8077777495122302,0.3465863410383463,2.4585579379561295,2.9571365278256545
6825,ACTIVISION BLIZZARD INC,"Morgan Stanley Maintains Overweight on Activision Blizzard, Raises Price Target to $60",5,increase,0.8,0.6,,161,35,2.0,2019-10-15,79678.0,0.999823771417141,0.0539934844709932,-1.871851881146902,-2.8077777495122302,0.3465863410383463,2.4585579379561295,2.9571365278256545
6833,ACTIVISION BLIZZARD INC,"Blizzard Games Reduces Penalty For Pro-Hong Kong Outburst, But Says Players Need To Stick To Game Talk",5,uncertain,0.5,0.3,,168,35,1.0,2019-10-14,79678.0,0.3465863410383463,0.999823771417141,0.9089256867199637,-0.8180275762070477,2.1046770736575127,2.6015336265800437,1.2747065770326138
6841,ACTIVISION BLIZZARD INC,Activision Blizzard Option Alert: Nov 1 $56.5 Calls at the Ask: 1875 @ $1.101 vs 516 OI; Earnings 11/7 After Close Ref=$54.93,5,increase,0.75,0.6,,188,35,2.0,2019-10-14,79678.0,0.3465863410383463,0.999823771417141,0.9089256867199637,-0.8180275762070477,2.1046770736575127,2.6015336265800437,1.2747065770326138
6849,ACTIVISION BLIZZARD INC,Activision Blizzard Option Alert: Jan 17 $57.5 Calls Sweep (38) near the Ask: 600 @ $3.201 vs 2547 OI; Earnings 11/7 After Close Ref=$55.255,5,increase,0.75,0.6,,192,35,2.0,2019-10-11,79678.0,2.104677073657513,0.3465863410383463,-0.5107603417550455,0.8026242608204059,0.4866148810833692,-0.8128623687102654,-3.104134933446401
6857,ACTIVISION BLIZZARD INC,"UPDATE: Suntrust Also Continues To Prefer Activision Given Co's Visibility And Catalysts 'relative to risks (we are watchful of Hong Kong protest-related backlash against Blizzard, which is fluid, hard to handicap)'",5,uncertain,0.6,0.3,,188,35,1.0,2019-10-11,79678.0,2.104677073657513,0.3465863410383463,-0.5107603417550455,0.8026242608204059,0.4866148810833692,-0.8128623687102654,-3.104134933446401
6865,ACTIVISION BLIZZARD INC,"UPDATE: Suntrust Maintains Buy On Activision, Raises Target To $59 'on recent execution (WoW Classic, CoD Mobile) into this multi-year pipeline'",5,increase,0.85,0.7,,178,35,2.0,2019-10-11,79678.0,2.104677073657513,0.3465863410383463,-0.5107603417550455,0.8026242608204059,0.4866148810833692,-0.8128623687102654,-3.104134933446401
6873,ACTIVISION BLIZZARD INC,"SunTrust Robinson Humphrey Maintains Buy on Activision Blizzard, Raises Price Target to $59",5,increase,0.8,0.6,,163,35,2.0,2019-10-11,79678.0,2.104677073657513,0.3465863410383463,-0.5107603417550455,0.8026242608204059,0.4866148810833692,-0.8128623687102654,-3.104134933446401
6881,ACTIVISION BLIZZARD INC,"Blizzard Games Caught Up In Free Speech Question Over Hong Kong Protests, Bans Gamer Over Remarks",5,decrease,0.8,0.6,,165,35,0.0,2019-10-08,79678.0,-2.310050092637539,-1.2931844219565392,2.6417888921747235,0.720486635953721,-0.0541103538125753,2.4782692333318312,6.047846592429473
6889,ACTIVISION BLIZZARD INC,Activiion Blizzard shares are trading higher on seemingly no company-specific news.,5,uncertain,0.5,0.3,,158,35,1.0,2019-10-03,79678.0,3.4832529723644257,2.533750608563423,-0.702794521131267,2.811171739830165,-1.2287363409996033,-1.266058597612163,-0.152879482859769
6897,ACTIVISION BLIZZARD INC,Activision Blizzard shares are trading lower after Bernstein downgraded the stock from Market Perform to Underperform.,5,decrease,0.85,0.6,,164,34,0.0,2019-10-02,79678.0,-1.2287363409996028,3.4832529723644257,2.2583738757529392,6.392344935380456,-0.0377865537302568,1.0892407551392091,-2.4345253158293167
6905,ACTIVISION BLIZZARD INC,Bernstein Downgrades Activision Blizzard to Underperform,5,decrease,0.85,0.6,,155,35,0.0,2019-10-02,79678.0,-1.2287363409996028,3.4832529723644257,2.2583738757529392,6.392344935380456,-0.0377865537302568,1.0892407551392091,-2.4345253158293167
6913,ACTIVISION BLIZZARD INC,Activision Blizzard Announces Call Of Duty Mobile,5,increase,0.8,0.6,,152,35,2.0,2019-10-01,79678.0,-0.0377865537302568,-1.2287363409996033,2.32514085551494,5.028355060538092,1.1274533346295357,-2.397644749420569,-3.6767391038962094
6921,ANGLOGOLD ASHANTI LTD,Anglogold Ashanti shares are trading higher as a potential rebound after the stock fell roughly 7% on Friday.,5,increase,0.7,0.5,,169,35,2.0,2019-10-14,86341.0,3.370785713195801,-3.3102769404649734,0.1482248849692835,2.075099226082777,-7.291670888662338,-8.031944352599286,-7.46691855124898
6929,AUBURN NATIONAL BANCORP,"Auburn National Bancorp Q3 EPS $0.62 Up From $0.54 YoY, Sales $7.558M Up From $7.213M YoY",5,,,,,185,35,,2019-10-22,82251.0,-3.961578011512755,1.1600819416344166,-1.993081972412758,1.2541995639190118,-0.3378412686288357,2.0996765470535195,1.958521694770865
6937,GOLDEN MINERALS CO,Golden Minerals Enters Into Option Agreement To Sell Its Santa Maria Project To Magellan Gold For $1M In Cash,5,increase,0.75,0.4,,167,35,2.0,2019-10-17,93285.0,0.401606597006321,-0.5333291366696358,-2.533330035556458,-1.777774970252477,2.7981646358966827,-1.66740019343653,-2.6075672850754517
6945,AURINIA PHARMACEUTICALS INC,Aurinia Announces Initiation Of Patient Dosing In Phase 2/3 AUDREY Clinical Trial For Dry Eye Syndrome,5,increase,0.75,0.6,,179,35,2.0,2019-10-31,14924.0,1.249998714774847,5.55555485188961,10.493821589580476,5.76131070663064,-1.6393426805734634,1.479919152264331,-1.4373652699259054
6953,AURINIA PHARMACEUTICALS INC,Aurinia Pharmaceuticals Option Alert: Jan 17 $12 Calls at the Ask: 500 @ $0.801 vs 1876 OI; Earnings 11/7 After Close [est] Ref=$5.07,5,uncertain,0.6,0.4,,200,35,1.0,2019-10-16,14924.0,6.209849193692207,-3.4274209290742874,-1.6129016229922133,-3.2258032015600624,20.36082297563553,13.763703837772413,11.190482866159556
6961,AURINIA PHARMACEUTICALS INC,"Aurinia Pharmaceuticals shares are trading higher in sympathy with the overall market after multiple companies reported earnings that topped expectations, bringing the whole market higher on positive sentiment.",5,increase,0.7,0.4,,185,35,2.0,2019-10-15,14924.0,20.360822975635532,6.209849193692207,7.280517175227597,4.496788938934682,-5.481118336319923,-7.619040716705894,-17.270787754881123
6969,AURINIA PHARMACEUTICALS INC,Aurinia Pharmaceuticals Option Alert: Dec 20 $5 Calls Sweep (25) near the Ask: 720 @ $1.8 vs 592 OI; Earnings 11/7 After Close [est] Ref=$4.34,5,increase,0.75,0.6,,203,35,2.0,2019-10-11,14924.0,-2.261899784207344,-5.481118336319923,14.738124339863656,18.63580633715298,-10.44776663184166,-13.043481087352138,-14.46028652502427
6977,AVISTA CORP,"KeyBanc Maintains Underweight on Avista, Raises Price Target to $41",5,uncertain,0.6,0.3,,157,35,1.0,2019-10-21,24969.0,0.2708355663344264,-0.6440917495638132,-0.9972980174455026,-0.644091722372353,0.0,1.3299579732120037,1.6949136306619872
6985,AEROVIRONMENT INC,AeroVironment Wins $5.25M Puma 3 AE Contract For US Border Patrol,5,increase,0.8,0.3,,162,35,2.0,2019-10-22,91733.0,-1.190275046974421,0.6808648817241192,2.7409213553676315,4.0502790583990755,0.2247598022222519,-1.1088326522517788,-2.011491944962307
6993,AEROVIRONMENT INC,"Piper Jaffray Upgrades AeroVironment On Valuation, Growth Opportunities",5,increase,0.85,0.6,,159,35,2.0,2019-10-16,91733.0,3.6803338676691064,-0.9127805009484292,-2.5185965159405743,0.6085203139960083,-0.1749448478221893,1.206101959481054,3.915500848243147
7001,AEROVIRONMENT INC,UPDATE: Piper Jaffray On AeroVironment Also Believes 'the HAPSMobile joint venture with SoftBank is providing some near-term visibility and a significant long-term opportunity for the company',5,increase,0.8,0.6,,182,35,2.0,2019-10-16,91733.0,3.6803338676691064,-0.9127805009484292,-2.5185965159405743,0.6085203139960083,-0.1749448478221893,1.206101959481054,3.915500848243147
7009,AEROVIRONMENT INC,"UPDATE: Piper Jaffray Upgrades AeroVironment To Overweight, Raises Tgt To $76 As Firm Continues To Believe Co. 'will benefit as U.S. defense budgets shift more toward unmanned aircraft and international defense sales should grow even faster than domestic'",5,increase,0.85,0.7,,197,35,2.0,2019-10-16,91733.0,3.6803338676691064,-0.9127805009484292,-2.5185965159405743,0.6085203139960083,-0.1749448478221893,1.206101959481054,3.915500848243147
7017,AEROVIRONMENT INC,"Piper Jaffray Upgrades AeroVironment to Overweight, Raises Price Target to $76",5,increase,0.85,0.7,,163,24,2.0,2019-10-16,91733.0,3.6803338676691064,-0.9127805009484292,-2.5185965159405743,0.6085203139960083,-0.1749448478221893,1.206101959481054,3.915500848243147
7025,AVALONBAY COMMUNITIES INC,"AvalonBay Communities Q3 Core FFO $2.28, Same YoY, EPS $1.39",5,uncertain,0.6,0.3,,173,35,1.0,2019-10-28,80381.0,-1.102957036346197,-0.7742328569293022,-1.2673394043069663,-3.0001426592285108,-0.3768624272197485,-0.9569787996191904,-1.0909246559495878
7033,AMERICAN VANGUARD CORP,American Vanguard Sees Prelim. Q3 Sales $123M vs $140.4M Est.,5,decrease,0.8,0.6,,168,35,0.0,2019-10-15,11144.0,1.72642283141613,-12.597906589508057,-12.924278602950478,-8.681460861630164,-1.1810981668531897,2.309783543056998,2.3793363120923727
7041,BROADCOM INC,Broadcom shares are traidng higher in sympathy with Intel after the company reported better-than-expected Q3 EPS and sales results.,5,increase,0.8,0.6,,166,35,2.0,2019-10-25,93002.0,2.660199627280235,0.59691546484828,2.3359288010038615,8.13953338780211,0.7098994683474302,-1.7915514521313236,-2.5071690076230335
7049,BROADCOM INC,"'The EU's powerful anti-trust authority on Wednesday ordered US chipmaker Broadcom to immediately halt uncompetitive sales practices, using an unprecedented weapon against US big tech.' -France's RFI",5,decrease,0.8,0.6,,179,35,0.0,2019-10-16,93002.0,-0.6337821483612062,0.3293059067800641,-2.8286200052084487,0.6100870825353377,3.0746301636099815,3.3498285143045203,5.782471863889382
7057,BROADCOM INC,EU Antitrust Head Vestager to Hold News Conference Expected to Focus  on Broadcom,5,uncertain,0.5,0.3,,157,35,1.0,2019-10-16,93002.0,-0.6337821483612062,0.3293059067800641,-2.8286200052084487,0.6100870825353377,3.0746301636099815,3.3498285143045203,5.782471863889382
7065,BROADCOM INC,"UPDATE: EU Antitrust Order Will Mean Broadcom Will Have To Scrap Exclusivity Clauses With TV, Modem Makers While EU Probe Continues",5,decrease,0.8,0.6,,169,35,0.0,2019-10-04,93002.0,2.550741657614708,-1.901007816195488,-0.1847668104955513,1.883245530892497,1.6143908724188805,-0.1528154661730729,-0.5940575060687014
7073,BROADCOM INC,"Hearing EU Antitrust Regulator Will, In Oct., Give Broadcom Interim Order To Stop Anti-Competitive Practices",5,decrease,0.85,0.6,,163,35,0.0,2019-10-04,93002.0,2.550741657614708,-1.901007816195488,-0.1847668104955513,1.883245530892497,1.6143908724188805,-0.1528154661730729,-0.5940575060687014
7081,AVID TECHNOLOGY INC,"Avid Technology Cuts CY19 Adj. EPS Guidance From $0.60-$0.72 To $0.50-$0.60 vs $0.62 Est., Cuts Sales Guidance From $420M-$430M To $405M-$415M vs $422.33M Est.",5,decrease,0.85,0.7,,201,35,0.0,2019-10-31,78955.0,1.122758816927671,-7.475945353507996,0.8882301834943984,8.068099153810259,-0.149480253458023,-3.047896162987762,1.2121200698385737
7089,AVID TECHNOLOGY INC,Avid Technology Sees Prelim. Q3 Sales $101M-$109M vs $103.34M Est.,5,uncertain,0.6,0.3,,166,35,1.0,2019-10-31,78955.0,1.122758816927671,-7.475945353507996,0.8882301834943984,8.068099153810259,-0.149480253458023,-3.047896162987762,1.2121200698385737
7097,AVNET INC,"Wells Fargo Maintains Market Perform on Avnet, Lowers Price Target to $41",5,decrease,0.8,0.6,,156,35,0.0,2019-10-25,27684.0,-2.996540069580078,1.7615584656596184,2.246620101023366,7.097275248417101,-1.247244607657194,-2.393033337751982,-2.722229099883633
7105,AVNET INC,Avnet shares are trading lower after the company reported worse-than-expected Q1 EPS results. SunTrust Robinson Humphrey also downgraded the stock from Hold to Sell.,5,decrease,0.85,0.7,,172,25,0.0,2019-10-25,27684.0,-2.996540069580078,1.7615584656596184,2.246620101023366,7.097275248417101,-1.247244607657194,-2.393033337751982,-2.722229099883633
7113,AVNET INC,"Raymond James Maintains Strong Buy on Avnet, Lowers Price Target to $45",5,decrease,0.7,0.4,,156,35,0.0,2019-10-25,27684.0,-2.996540069580078,1.7615584656596184,2.246620101023366,7.097275248417101,-1.247244607657194,-2.393033337751982,-2.722229099883633
7121,AVNET INC,SunTrust Robinson Humphrey Downgrades Avnet to Sell,5,decrease,0.85,0.6,,150,35,0.0,2019-10-25,27684.0,-2.996540069580078,1.7615584656596184,2.246620101023366,7.097275248417101,-1.247244607657194,-2.393033337751982,-2.722229099883633
7129,AVNET INC,Avnet shares are trading lower after the company reported worse-than-expected Q1 EPS results.,5,decrease,0.85,0.7,,156,25,0.0,2019-10-24,27684.0,-1.247244607657194,-2.996540069580078,-2.030707544645227,3.665179490597059,-1.160260010510683,-1.4936135061410227,-1.0885359682392348
7137,AVNET INC,"Avnet, Inc. Q1 EPS $0.60 Misses $0.65 Estimate, Sales $4.63B Beat $4.55B Estimate",5,uncertain,0.6,0.3,,171,35,1.0,2019-10-24,27684.0,-1.247244607657194,-2.996540069580078,-2.030707544645227,3.665179490597059,-1.160260010510683,-1.4936135061410227,-1.0885359682392348
7145,AVNET INC,Avnet shares are trading lower after Texas Instruments ended its distribution relationship with the company. Texas Instruments products made up approximately 10% of the company's sales in FY19.,5,decrease,0.85,0.7,,171,35,0.0,2019-10-04,27684.0,-8.936318010091782,0.3885168116539716,1.1154272058422563,3.6220069388763543,1.1544677428901196,0.2287858208420035,-1.517363675661032
7153,AVERY DENNISON CORP,"Baird Maintains Outperform on Avery Dennison, Raises Price Target to $140",5,increase,0.8,0.6,,163,35,2.0,2019-10-24,44601.0,0.0475642620585858,0.4754406865686178,1.3153754194934475,5.126784024458342,6.51017427444458,6.447257144281915,7.913423210656689
7161,AVERY DENNISON CORP,"Citigroup Downgrades Avery Dennison to Neutral, Raises Price Target to $136",5,decrease,0.8,0.6,,163,35,0.0,2019-10-24,44601.0,0.0475642620585858,0.4754406865686178,1.3153754194934475,5.126784024458342,6.51017427444458,6.447257144281915,7.913423210656689
7169,AVERY DENNISON CORP,Avery Dennison Narrows FY19 Adj. EPS Guidance From $6.50-$6.65 To $6.50-$6.60 vs $6.52 Est.,5,decrease,0.7,0.3,,182,35,0.0,2019-10-23,44601.0,6.51017427444458,0.0475642620585858,2.275245956384153,4.661491202518442,-0.0590714742429554,1.3174787721184078,2.6701359629189847
7177,AVERY DENNISON CORP,"Avery Dennison Q3 Adj. EPS $1.66 Up From $1.45 YoY, Sales $1.76B, Same YoY",5,increase,0.7,0.4,,178,35,2.0,2019-10-23,44601.0,6.51017427444458,0.0475642620585858,2.275245956384153,4.661491202518442,-0.0590714742429554,1.3174787721184078,2.6701359629189847
7185,AVERY DENNISON CORP,"Citigroup Maintains Buy on Avery Dennison, Lowers Price Target to $132",5,decrease,0.7,0.4,,163,35,0.0,2019-10-17,44601.0,1.113250851631165,1.335067953914404,9.406154231988584,10.845255892169224,0.4048574715852737,1.0451729473478275,0.6262671017326582
7193,ARMSTRONG WORLD INDS INC NEW,KeyBanc Downgrades Armstrong World Indus to Sector Weight,5,decrease,0.8,0.6,,161,35,0.0,2019-10-29,91516.0,-4.403936117887497,-0.9963495656847954,-2.15341179982248,4.2767519771910845,-4.722876474261284,-3.17334107127265,-0.3775154063366148
7201,ARMSTRONG WORLD INDS INC NEW,Armstrong World Indus ; Lowers FY2019 Sales Guidance from $1.043571B-1.07283B to $1.04B-1.05B,5,decrease,0.8,0.4,,185,35,0.0,2019-10-28,91516.0,-4.722876474261284,-4.403936117887497,-4.403936039421685,-1.3008775928975536,1.6263457015156746,4.5607601354072935,3.6512596171005103
7209,ARMSTRONG WORLD INDS INC NEW,"Armstrong World Indus Q3 EPS $1.38 Beats $1.3 Estimate, Sales $277.1M Miss $290.65M Estimate",5,uncertain,0.6,0.3,,180,35,1.0,2019-10-28,91516.0,-4.722876474261284,-4.403936117887497,-4.403936039421685,-1.3008775928975536,1.6263457015156746,4.5607601354072935,3.6512596171005103
7217,ARMSTRONG WORLD INDS INC NEW,Armstrong World Industries Raises Quarterly Dividend From $0.175 To $0.20/Share,5,increase,0.8,0.4,,167,35,2.0,2019-10-23,91516.0,-0.869829673320055,2.887454442679882,-5.713701229552615,-6.2748684515794295,-1.3568797148764131,-0.3828687046852908,0.7746429317759151
7225,AMERICAN WATER WORKS CO INC,American Water Works Sees FY19 Adj. EPS $3.56-$3.64 vs $3.60 Estimate,5,uncertain,0.6,0.3,,170,35,1.0,2019-10-30,92614.0,1.15394676104188,1.9012941047549248,0.5125197520889024,-2.924107061060066,0.025090982671827,-1.2550608857916368,-2.2238584238416625
7233,AMERICAN WATER WORKS CO INC,"American Water Works Co Q3 Adj. EPS $1.33 Beats $1.3 Estimate, Sales $1.013B Miss $1.05B Estimate",5,uncertain,0.6,0.3,,179,35,1.0,2019-10-30,92614.0,1.15394676104188,1.9012941047549248,0.5125197520889024,-2.924107061060066,0.025090982671827,-1.2550608857916368,-2.2238584238416625
7241,AMERICAN WATER WORKS CO INC,"American Water's Pennsylvania American Water Reports Purchase Of Wastewater Assets From Township Of Exeter In Berks County, Pennsylvania For $93.5M",5,increase,0.75,0.4,,174,35,2.0,2019-10-24,92614.0,0.3034238936379552,-0.981111079454422,0.7848902195343621,-3.401190416712496,-0.3676746040582657,-0.2943586248700391,-0.3839565433272685
7249,AMERICAN WATER WORKS CO INC,American Water Reports Its Pennsylvania American Water Subsidiary Purchased Water Assets Of Stellton Borough Authority In Dauphin County For $21.75M,5,increase,0.75,0.4,,175,35,2.0,2019-10-09,92614.0,0.7991649210453033,0.1441501546651125,-2.5947028237021996,-2.3464404817890028,-0.5539074074476957,-1.5105752666384142,0.1212268249451309
7257,AMERICAN WATER WORKS CO INC,American Water Reports Its Illinois American Water Wins $88K+ In Firefighter Grants,5,uncertain,0.3,0.1,,162,35,1.0,2019-10-04,92614.0,1.656829752027988,-0.961996428668499,-1.661628561361217,-2.679277450431128,0.4709718283265829,-0.1049549986728903,-0.4024792702236657
7265,AMERICAN WATER WORKS CO INC,"UPDATE: Baird Maintains Outperform On American Water Works, Raises Target To $128 As Firm Continues To Believe 'there is a large market opportunity (~100 bases across U.S.), and believe AWK is well-positioned to secure further contracts given'",5,increase,0.85,0.6,,197,35,2.0,2019-10-02,92614.0,-0.5732270888984203,0.4709718283265829,1.3966717251964411,-1.234270579197272,-0.2978368662297725,-0.3058574229839239,-1.0149417867406971
7273,AMERICAN WATER WORKS CO INC,"Baird Maintains Outperform on American Water Works Co, Raises Price Target to $128",5,increase,0.8,0.6,,164,29,2.0,2019-10-02,92614.0,-0.5732270888984203,0.4709718283265829,1.3966717251964411,-1.234270579197272,-0.2978368662297725,-0.3058574229839239,-1.0149417867406971
7281,AWARE INC,"Aware Q3 EPS $(0.01) Down From $0.06 YoY, Sales $3.01M Down From $5.401M YoY",5,decrease,0.85,0.7,,171,35,0.0,2019-10-29,83844.0,-1.449273992329836,-2.2058801725506783,4.0441136756935725,5.147053706379445,-3.496500104665756,-4.827589507699825,-5.154642137053411
7289,AMERICAN AXLE & MFG HLGDS INC,American Axle & Mfg shares are trading lower on seemingly no company-specific news.,5,decrease,0.7,0.3,,170,35,0.0,2019-10-03,86547.0,-1.369868218898773,2.500004321336746,3.0555593215190635,17.36111125553057,-5.562740191817284,-11.192214719395,-8.406519696976833
7297,AMERICAN EXPRESS CO,"Morgan Stanley Maintains Overweight on American Express, Raises Price Target to $149",5,increase,0.8,0.6,,156,35,2.0,2019-10-29,59176.0,-0.9782455861568452,0.5535697098821402,1.149717658932814,2.9552046933994935,0.2705899532884359,1.864099407610742,1.7941488749936507
7305,AMERICAN EXPRESS CO,"BMO Capital Maintains Market Perform on American Express, Raises Price Target to $123",5,increase,0.7,0.3,,157,35,2.0,2019-10-21,59176.0,1.961288787424564,-0.3695946419611573,-0.3947930946700317,0.4787901875562328,-1.9647324457764623,-0.5536168049867451,-0.7058374170288428
7313,AMERICAN EXPRESS CO,American Express Trades Higher On Q3 Earnings Beat,5,increase,0.85,0.7,,149,35,2.0,2019-10-18,59176.0,-1.964732445776463,1.9612887874245644,1.284686474236274,2.038366860733931,1.4393959194421768,1.2841246422378827,2.32837790849294
7321,AMERICAN EXPRESS CO,American Express Sees FY19 Adj. EPS $7.85-$8.35 vs $8.12 Estimate,5,,,,,163,35,,2019-10-18,59176.0,-1.964732445776463,1.9612887874245644,1.284686474236274,2.038366860733931,1.4393959194421768,1.2841246422378827,2.32837790849294
7329,AMERICAN EXPRESS CO,"American Express Q3 EPS $2.08 Beats $2.03 Estimate, Sales $11B Beat $10.95B Estimate",5,increase,0.85,0.6,,167,35,2.0,2019-10-18,59176.0,-1.964732445776463,1.9612887874245644,1.284686474236274,2.038366860733931,1.4393959194421768,1.2841246422378827,2.32837790849294
7337,AXIS CAPITAL HOLDINGS LTD,"Axis Capital Holdings Q3 EPS $0.33 Beats $0.26 Estimate, Sales $1.29B Beat $927.73M Estimate",5,increase,0.85,0.7,,174,35,2.0,2019-10-29,89789.0,0.6166846491396427,-4.516127705574036,-5.677420031248925,-4.3548399156358775,-0.1781963626854121,-0.3396456353684129,-0.8846698717659196
7345,AXALTA COATING SYSTEMS LTD,Axalta Adds Tufcote NISO 2K To Portfolio,5,increase,0.75,0.4,,162,35,2.0,2019-10-30,15053.0,-0.13499497435987,-0.3379533067345619,1.047649408966267,0.202769448206963,-0.4702764563262462,0.8166034940174427,2.846232989724129
7353,AXALTA COATING SYSTEMS LTD,Axalta Shares Rebound Modestly From Session Low As Hearing Clayton Dubilier & Rice Remains Involved In Co. Offer Despite Anixter Offer,5,increase,0.75,0.6,,178,35,2.0,2019-10-30,15053.0,-0.13499497435987,-0.3379533067345619,1.047649408966267,0.202769448206963,-0.4702764563262462,0.8166034940174427,2.846232989724129
7361,AXALTA COATING SYSTEMS LTD,"Axalta Sees FY19 Adj. EPS $1.70-$1.90 vs $1.77 Estimate, Sales On As-Reported Basis Down 4%, Down 1% Ex Forex",5,,,,,188,35,,2019-10-24,15053.0,0.981418788433075,2.0131897181272507,2.3602927036922017,3.956963993353768,-1.280273124575615,-0.4188444344642383,-0.9030921069527188
7369,AXALTA COATING SYSTEMS LTD,"Axalta Coating Systems Q3 Adj. EPS $0.52 Beats $0.44 Estimate, Sales $1.107B Miss $1.13B Estimate",5,uncertain,0.6,0.3,,182,35,1.0,2019-10-24,15053.0,0.981418788433075,2.0131897181272507,2.3602927036922017,3.956963993353768,-1.280273124575615,-0.4188444344642383,-0.9030921069527188
7377,AXALTA COATING SYSTEMS LTD,Axalta Coating Systems Option Alert: Jan 17 $28 Puts Sweep (42) near the Bid: 807 @ $1.401 vs 6688 OI; Earnings 10/24 Before Open Ref=$28.55,5,decrease,0.75,0.6,,197,35,0.0,2019-10-23,15053.0,-1.280273124575615,0.981418788433075,3.7153854228102023,4.801959045199378,0.8726003579795361,0.3820725903130428,0.3472235520016298
7385,AXALTA COATING SYSTEMS LTD,"Axalta Shares Make Parabolic Move As Traders Circulate Chatter; Stock Spiked ~1.4% To Session High, Quickly Sold Off And Is Now Unchanged From Prior To Circulation Of Chatter",5,uncertain,0.5,0.2,,190,35,1.0,2019-10-23,15053.0,-1.280273124575615,0.981418788433075,3.7153854228102023,4.801959045199378,0.8726003579795361,0.3820725903130428,0.3472235520016298
7393,AXALTA COATING SYSTEMS LTD,Axalta Shares Spike ~1% On Slight Uptick In Volume As Hearing Chatter Co. Has Attracted Interest From 2 Groups,5,increase,0.75,0.3,,175,35,2.0,2019-10-23,15053.0,-1.280273124575615,0.981418788433075,3.7153854228102023,4.801959045199378,0.8726003579795361,0.3820725903130428,0.3472235520016298
7401,AXALTA COATING SYSTEMS LTD,"UPDATE: Wells Fargo On Axalta Coating Notes'On a fundamental basis, we don't see a firm catalyst to drive significant multiple expansion near term outside a takeout bid as we see flattish EBITDA growth in 2019E given weak demand in transportation markets'",5,decrease,0.8,0.6,,201,35,0.0,2019-10-16,15053.0,-0.2777775283902884,0.2785512711852789,-0.6615551153979604,3.029250985090881,-0.5868142005056143,-0.8264520072264747,-0.0693978175844489
7409,AXALTA COATING SYSTEMS LTD,UPDATE: Wells Fargo Initiates Axalta Coating With Market Perform $31 Target Notes The Co's 'strategic review which could lead to a sale of the company is ongoing and is supporting near term valuation',5,increase,0.75,0.6,,189,35,2.0,2019-10-16,15053.0,-0.2777775283902884,0.2785512711852789,-0.6615551153979604,3.029250985090881,-0.5868142005056143,-0.8264520072264747,-0.0693978175844489
7417,AXALTA COATING SYSTEMS LTD,"Wells Fargo Initiates Coverage On Axalta Coating Systems with Market Perform Rating, Announces $31 Price Target",5,uncertain,0.6,0.3,,170,35,1.0,2019-10-16,15053.0,-0.2777775283902884,0.2785512711852789,-0.6615551153979604,3.029250985090881,-0.5868142005056143,-0.8264520072264747,-0.0693978175844489
7425,AXALTA COATING SYSTEMS LTD,Axalta Coating Systems Option Alert: Oct 18 $29 Puts at the Bid: 1200 @ $1.0 vs 14911 OI; Earnings 10/23 After Close [est] Ref=$28.343,5,decrease,0.7,0.5,,197,35,0.0,2019-10-08,15053.0,-5.0938352942466745,1.3418116606771946,1.6949136669788256,2.048022348171208,-0.5333328153938055,0.1678390215340552,0.4037713650541619
7433,AXALTA COATING SYSTEMS LTD,Axalta Coating Systems Option Alert: Nov 15 $30 Calls Sweep (2) near the Ask: 772 @ $1.625 vs 925 OI; Earnings 10/23 After Close [est] Ref=$29.45,5,increase,0.75,0.6,,198,35,2.0,2019-10-02,15053.0,-0.0336368277203291,0.2355370204895734,-3.4320275179312354,-3.36473760707231,-1.393035054206848,-1.621442000380957,-1.5888763567360351
7441,A X T INC,"AXT Q3 EPS $(0.02) Beats $(0.03) Estimate, Sales $19.841M Beat $19.8M Estimate",5,increase,0.7,0.3,,171,35,2.0,2019-10-30,86051.0,-1.587307639420033,0.6451606750488281,-1.290321529111782,-1.2903217310465176,3.618425503373146,7.508533325873246,12.5000054530658
7449,A X T INC,"AXT Cites 'weaker than expected demand environment, particularly in data center connectivity and LED applications'",5,decrease,0.85,0.7,,160,35,0.0,2019-10-02,86051.0,1.470586750656366,-16.81159883737564,-13.33333448700884,-11.884060543202402,-4.494377970695496,-6.077342675241959,-7.356947791846569
7457,A X T INC,AXT Inc. Cuts Prelim. Q3 Sales Guidance From $24.5M-$26M To $19.6M-$20M vs $25.4M Estimate,5,,,,,177,35,,2019-10-02,86051.0,1.470586750656366,-16.81159883737564,-13.33333448700884,-11.884060543202402,-4.494377970695496,-6.077342675241959,-7.356947791846569
7465,ACUITY BRANDS INC,SmartThings & Acuity Brands Announce Alliance To Co-develop Smart Home Lighting Products,5,increase,0.8,0.6,,161,35,2.0,2019-10-29,89216.0,0.3371229395270348,0.5078930407762527,3.000471984283437,-1.5080481795135103,2.12169848382473,2.622899713392046,0.2121340615157008
7473,ACUITY BRANDS INC,"JMP Securities Maintains Market Outperform on Acuity Brands, Lowers Price Target to $160",5,decrease,0.7,0.4,,164,35,0.0,2019-10-18,89216.0,-0.2191531239077448,0.7565283682197332,1.6025391269139933,2.4892196493884633,0.0567863113246858,-1.154123415790731,1.0570271201541417
7481,ACUITY BRANDS INC,"Baird Downgrades Acuity Brands to Neutral, Lowers Price Target to $126",5,decrease,0.85,0.6,,162,25,0.0,2019-10-16,89216.0,-1.2102224864065652,0.0567863113246858,3.3703568517364335,4.466763291672304,2.236967906355858,2.2537288981811177,3.949011020686189
7489,ACUITY BRANDS INC,"Oppenheimer Maintains Outperform on Acuity Brands, Lowers Price Target to $140",5,decrease,0.7,0.4,,163,35,0.0,2019-10-03,89216.0,4.488123953342438,0.8490837179124355,-0.0832419212934088,2.6637806433015276,-11.192650347948074,-14.704350033632965,-13.092443404993029
7497,ACUITY BRANDS INC,"Wells Fargo Maintains Outperform on Acuity Brands, Lowers Price Target to $138",5,decrease,0.7,0.4,,163,35,0.0,2019-10-03,89216.0,4.488123953342438,0.8490837179124355,-0.0832419212934088,2.6637806433015276,-11.192650347948074,-14.704350033632965,-13.092443404993029
7505,ACUITY BRANDS INC,"Credit Suisse Maintains Outperform on Acuity Brands, Lowers Price Target to $140",5,decrease,0.7,0.4,,162,35,0.0,2019-10-03,89216.0,4.488123953342438,0.8490837179124355,-0.0832419212934088,2.6637806433015276,-11.192650347948074,-14.704350033632965,-13.092443404993029
7513,ACUITY BRANDS INC,Acuity Brands shares are trading lower after the company reported worse-than-expected Q4 EPS and sales results.,5,decrease,0.85,0.7,,166,34,0.0,2019-10-02,89216.0,-11.19265034794807,4.488123953342438,3.174742560685151,7.210577441481547,-3.954289481043816,-2.1392295395463945,-0.9184118942410002
7521,ACUITY BRANDS INC,"Acuity Brands Q4 Adj. EPS $2.75 Misses $2.84 Estimate, Sales $938.1M Miss $1.03B Estimate",5,decrease,0.85,0.7,,178,35,0.0,2019-10-02,89216.0,-11.19265034794807,4.488123953342438,3.174742560685151,7.210577441481547,-3.954289481043816,-2.1392295395463945,-0.9184118942410002
7529,ASTRAZENECA PLC,AstraZeneca shares are trading higher after the company announced it will sell its commercial rights to Seroquel and Seroquel XR in Europe and Russia to Cheplapharm for $178 million plus up to $61 million in future sales-contingent payments.,5,increase,0.8,0.6,,196,35,2.0,2019-10-30,79363.0,3.004833497107029,0.020396412583068,-3.427173123666283,-2.447981913240904,-0.3350782208144665,-0.1678162820510254,0.7195770230501664
7537,ASTRAZENECA PLC,AstraZeneca Divests Rights to Seroquel and Seroquel XR in Europe and Russia to Cheplapharm for $178M Plus Up to $61M in Future Sales-Contingent Payments,5,increase,0.75,0.4,,186,35,2.0,2019-10-30,79363.0,3.004833497107029,0.020396412583068,-3.427173123666283,-2.447981913240904,-0.3350782208144665,-0.1678162820510254,0.7195770230501664
7545,ASTRAZENECA PLC,"AstraZeneca Issues Press Release Confirmed IMFINZI, IMFINZI Plus Tremelimumab Delayed Disease Progression In Phase 3 POSEIDON Trial",5,increase,0.85,0.7,,178,35,2.0,2019-10-28,79363.0,0.1678242813795805,-0.3350782208144665,0.753927903754148,-1.8219873078856976,0.888884998857975,6.668157410145348,8.538251460018099
7553,ASTRAZENECA PLC,AstraZeneca's Triple Combo Lung Cancer Therapy Aces Late-Stage Trial,5,increase,0.85,0.7,,159,35,2.0,2019-10-28,79363.0,0.1678242813795805,-0.3350782208144665,0.753927903754148,-1.8219873078856976,0.888884998857975,6.668157410145348,8.538251460018099
7561,ASTRAZENECA PLC,"AstraZeneca Shares Resume Trade, Up 1.3% For Session",5,increase,0.7,0.3,,159,35,2.0,2019-10-28,79363.0,0.1678242813795805,-0.3350782208144665,0.753927903754148,-1.8219873078856976,0.888884998857975,6.668157410145348,8.538251460018099
7569,ASTRAZENECA PLC,"CORRECTION On Aggregated Headline From 2 Other Publications: AstraZeneca Reported Imfinzi, Imfinzi Plus Tremelimumab Delayed Disease Progression In Phase 3 POSEIDON Trial",5,increase,0.8,0.6,,188,35,2.0,2019-10-28,79363.0,0.1678242813795805,-0.3350782208144665,0.753927903754148,-1.8219873078856976,0.888884998857975,6.668157410145348,8.538251460018099
7577,ASTRAZENECA PLC,UPDATE: AstraZeneca Says Triple Combo Did Not Result In Increased Discontinuation Of Threapy,5,increase,0.8,0.6,,163,35,2.0,2019-10-28,79363.0,0.1678242813795805,-0.3350782208144665,0.753927903754148,-1.8219873078856976,0.888884998857975,6.668157410145348,8.538251460018099
7585,ASTRAZENECA PLC,UPDATE: AstraZeneca Says Phase 3 Poseidon Trial Met Primary Endpoint,5,increase,0.85,0.7,,158,35,2.0,2019-10-28,79363.0,0.1678242813795805,-0.3350782208144665,0.753927903754148,-1.8219873078856976,0.888884998857975,6.668157410145348,8.538251460018099
7593,ASTRAZENECA PLC,UPDATE: AstraZeneca Says Poseidon Trial Will Continue To Assess Added Primary Endpoint Of Overall Survival,5,uncertain,0.6,0.3,,162,35,1.0,2019-10-28,79363.0,0.1678242813795805,-0.3350782208144665,0.753927903754148,-1.8219873078856976,0.888884998857975,6.668157410145348,8.538251460018099
7601,ASTRAZENECA PLC,"AstraZeneca Says Imfinzi, Imfinzi Plus Tremelimumab Delayed Disease Progression In Phase 3 POSEIDON Trial",5,increase,0.85,0.7,,174,35,2.0,2019-10-28,79363.0,0.1678242813795805,-0.3350782208144665,0.753927903754148,-1.8219873078856976,0.888884998857975,6.668157410145348,8.538251460018099
7609,ASTRAZENECA PLC,AstraZeneca Shares Halted News Pending,5,uncertain,0.5,0.5,,152,35,1.0,2019-10-28,79363.0,0.1678242813795805,-0.3350782208144665,0.753927903754148,-1.8219873078856976,0.888884998857975,6.668157410145348,8.538251460018099
7617,ASTRAZENECA PLC,NeoTX Announces First Patient Dosed in Phase 1b Trial of Naptumomab Estafenatox (Nap) in Combination with AstraZeneca's Durvalumab in Solid Tumors,5,uncertain,0.6,0.3,,183,35,1.0,2019-10-28,79363.0,0.1678242813795805,-0.3350782208144665,0.753927903754148,-1.8219873078856976,0.888884998857975,6.668157410145348,8.538251460018099
7625,ASTRAZENECA PLC,AstraZeneca shares are trading higher after the company reported better-than-expected Q3 EPS and sales results.,5,increase,0.85,0.7,,165,35,2.0,2019-10-24,79363.0,5.7283539324998864,0.888884998857975,3.767193080433273,-0.952382584740874,1.753188669681549,2.2186581599002997,1.8691581494757024
7633,ASTRAZENECA PLC,AstraZeneca Q3 EPS $0.99 vs $0.95 Est; Revenue $6.41B vs $6.11B Est,5,increase,0.85,0.7,,174,35,2.0,2019-10-24,79363.0,5.7283539324998864,0.888884998857975,3.767193080433273,-0.952382584740874,1.753188669681549,2.2186581599002997,1.8691581494757024
7641,ASTRAZENECA PLC,"3 Stocks Moving On FDA Verdicts: Alexion, AstraZeneca, Foamix",5,,,,,160,35,,2019-10-21,79363.0,-0.3419141052290796,0.4574495367705822,9.217745989602966,10.0411690524699,-0.5891731940209866,0.1826855619248668,-0.7690571978971716
7649,ASTRAZENECA PLC,AstraZeneca's FARXIGA Approved in the US to Reduce the Risk of Hospitalization for Heart Failure in Patients With Type 2 Diabetes,5,increase,0.85,0.6,,172,35,2.0,2019-10-21,79363.0,-0.3419141052290796,0.4574495367705822,9.217745989602966,10.0411690524699,-0.5891731940209866,0.1826855619248668,-0.7690571978971716
7657,ASTRAZENECA PLC,AstraZeneca Announces Farxiga Approved in the US to Reduce the Risk of Hospitalization for Heart Failure in Patients With Type-2 Diabetes,5,increase,0.85,0.7,,172,35,2.0,2019-10-21,79363.0,-0.3419141052290796,0.4574495367705822,9.217745989602966,10.0411690524699,-0.5891731940209866,0.1826855619248668,-0.7690571978971716
7665,ASTRAZENECA PLC,AstraZeneca Shares Trade Higher After FDA Grants Breast Cancer Drug Priority Review,5,increase,0.85,0.7,,158,35,2.0,2019-10-17,79363.0,0.7764332927763462,-0.5891731940209866,7.070017538226159,11.103551830144951,-0.9500072337687016,-0.1140493709158918,0.4818702829129773
7673,ASTRAZENECA PLC,AstraZeneca And Daiichi Sankyo's Trastuzumab Deruxtecan Granted FDA Priority Review For Treatment Of Patients With HER2-Positive Metastatic Breast Cancer,5,increase,0.85,0.7,,179,35,2.0,2019-10-17,79363.0,0.7764332927763462,-0.5891731940209866,7.070017538226159,11.103551830144951,-0.9500072337687016,-0.1140493709158918,0.4818702829129773
7681,ASTRAZENECA PLC,AstraZeneca Says Trastuzumab Deruxtecan Granted FDA Priority Review,5,increase,0.85,0.7,,160,35,2.0,2019-10-17,79363.0,0.7764332927763462,-0.5891731940209866,7.070017538226159,11.103551830144951,-0.9500072337687016,-0.1140493709158918,0.4818702829129773
7689,ASTRAZENECA PLC,IPO Outlook For The Week: Cancer Therapies And Protein Powders,5,uncertain,0.5,0.3,,157,35,1.0,2019-10-14,79363.0,0.5966000724583864,0.843975692987442,-0.2737202303886299,8.91879492365495,-0.045863862033002,0.4147472481621284,1.2546489615451906
7697,ASTRAZENECA PLC,"Fitch Affirms Astrazeneca At 'BBB+', Stable Outlook",5,uncertain,0.6,0.2,,157,35,1.0,2019-10-08,79363.0,-0.9208050556480885,0.8364326320588589,2.7183972290459213,2.0446032108508927,0.300155277363956,0.6254354079574753,2.308053568326862
7705,ASTRAZENECA PLC,Hearing Wellington Mgmt. Co. Filing On AstraZeneca Shows 5.88% Stake; BZ NOTE: Wellington Mgmt. Group Had Shown ~66M Share Stake As Of End Of Last Qtr.,5,increase,0.8,0.6,,188,35,2.0,2019-10-04,79363.0,0.3243067068979144,0.300155277363956,0.6234136857420136,1.2929982580570654,1.672159880399704,-1.1223126873632916,-3.141129847419677
7713,ASTRAZENECA PLC,AstarZeneca Reports FASENRA Approved In US For Self Administration Via FASENRA Pen,5,increase,0.85,0.7,,164,35,2.0,2019-10-04,79363.0,0.3243067068979144,0.300155277363956,0.6234136857420136,1.2929982580570654,1.672159880399704,-1.1223126873632916,-3.141129847419677
7721,ASTRAZENECA PLC,"Fasenra Approved in the US for Self-administration in a New Pre-filled Auto-injector, the Fasenra Pen",5,increase,0.85,0.6,,170,35,2.0,2019-10-04,79363.0,0.3243067068979144,0.300155277363956,0.6234136857420136,1.2929982580570654,1.672159880399704,-1.1223126873632916,-3.141129847419677
7729,ASTRAZENECA PLC,"AstraZeneca Divests Rights for Losec to Cheplapharm; Cheplapharm to Pay AstraZeneca ~$243M on Completion of the Agreement, Plus Sales-contingent Milestones of up to $33M in 2021, 2022",5,increase,0.8,0.4,,197,35,2.0,2019-10-01,79363.0,-2.041731774806976,-2.7485130354762077,-1.4200617704333451,1.2597325387943892,-1.5680192038416862,-1.9793303252875096,-1.6982806738049083
7737,AUTOZONE INC,"Citigroup Maintains Buy on AutoZone, Raises Price Target to $1,363",5,increase,0.85,0.6,,155,35,2.0,2019-10-21,76605.0,-0.0072032482421491,-0.8838526904582977,3.5903465197786977,3.617368935946663,0.4424912389367819,0.2728161180947541,0.5034279113792728
7745,AUTOZONE INC,Raymond James Reinstates Outperform on AutoZone,5,increase,0.85,0.6,,149,35,2.0,2019-10-08,76605.0,-1.06617184355855,0.8623200468719006,5.234868139031201,4.822294980552599,0.0452785985544323,0.805840663707702,0.7550931267263694
7753,A Z Z INC,A Preview Of AZZ's Q2 Earnings,5,uncertain,0.5,0.3,,149,35,1.0,2019-10-07,16126.0,0.4906520713120699,-13.694489002227783,-10.90443828177552,-7.876088094186651,1.1103174649178982,1.5421060190702995,0.1638186301995192
7761,BARNES GROUP INC,"UBS Maintains Neutral on Barnes Gr, Raises Price Target to $60",5,increase,0.7,0.4,,157,35,2.0,2019-10-28,39693.0,-4.1386257857084265,2.2288531064987183,7.12530973838259,6.0898583914426485,12.511824071407318,11.18593293660397,11.394299187825908
7769,BARNES GROUP INC,Barnes Group shares are trading higher after the company reported better-than-expected Q3 EPS results. The company issued FY19 EPS above analyst estimates.,5,increase,0.85,0.7,,171,33,2.0,2019-10-25,39693.0,12.511824071407322,-4.138625785708427,1.3963692874989553,1.699196156032845,-1.178446039557457,-0.9932510585484388,-1.8029691326917008
7777,BARNES GROUP INC,Barnes Sees FY19 Adj. EPS $3.18-$3.23 vs $3.12 Estimate,5,increase,0.85,0.6,,165,35,2.0,2019-10-25,39693.0,12.511824071407322,-4.138625785708427,1.3963692874989553,1.699196156032845,-1.178446039557457,-0.9932510585484388,-1.8029691326917008
7785,BARNES GROUP INC,CORRECTION: Barnes Q3 GAAP EPS $0.89,5,increase,0.75,0.6,,156,35,2.0,2019-10-25,39693.0,12.511824071407322,-4.138625785708427,1.3963692874989553,1.699196156032845,-1.178446039557457,-0.9932510585484388,-1.8029691326917008
7793,BARNES GROUP INC,"Barnes Gr Q3 GAAP EPS $0.89 May Not Compare To $0.79 Estimate, Sales $372.587M Miss $379.33M Estimate",5,decrease,0.75,0.4,,177,35,0.0,2019-10-25,39693.0,12.511824071407322,-4.138625785708427,1.3963692874989553,1.699196156032845,-1.178446039557457,-0.9932510585484388,-1.8029691326917008
7801,ALIBABA GROUP HOLDING LTD,"Alibaba Considering Hong Kong Listing As Early As Nov., Could Raise Up To $15B",5,increase,0.8,0.6,,163,35,2.0,2019-10-30,14888.0,0.361806433647871,-0.4844255279749632,3.734582948415977,2.7882594841245334,-1.001787185668945,1.4801227625383715,2.5152108845261756
7809,ALIBABA GROUP HOLDING LTD,MongoDB Trades Higher On New Partnership With Alibaba,5,increase,0.75,0.6,,155,35,2.0,2019-10-30,14888.0,0.361806433647871,-0.4844255279749632,3.734582948415977,2.7882594841245334,-1.001787185668945,1.4801227625383715,2.5152108845261756
7817,ALIBABA GROUP HOLDING LTD,"MongoDB Reports New Partnership With Alibaba Cloud, No Terms Disclosed",5,increase,0.8,0.6,,159,35,2.0,2019-10-30,14888.0,0.361806433647871,-0.4844255279749632,3.734582948415977,2.7882594841245334,-1.001787185668945,1.4801227625383715,2.5152108845261756
7825,ALIBABA GROUP HOLDING LTD,'#Alibaba on Wednesday launched online market place #Taobao Taiwan by licensing the Taobao brand to a UK company's #Taiwan subsidiary' -Tweet From National Business Daily,5,increase,0.75,0.6,,179,35,2.0,2019-10-24,14888.0,1.5477900393307211,1.0199910029768944,2.387710894998918,8.177340272663391,0.0176577668753452,-2.074692355731056,0.4670922436253555
7833,ALIBABA GROUP HOLDING LTD,Vertical Group Initiates Coverage On Alibaba Group Holding with Buy Rating,5,increase,0.8,0.6,,158,35,2.0,2019-10-23,14888.0,0.0176577668753452,1.547790039330721,4.478578591694005,8.380417772526783,-2.0919807255268097,0.4493551306685939,-3.935542247583812
7841,ALIBABA GROUP HOLDING LTD,Alibaba Kicks Off 2019 11.11 Global Shopping Festival,5,increase,0.8,0.6,,160,35,2.0,2019-10-21,14888.0,2.595636062324047,-2.0919807255268097,2.9737137696944194,3.555784943096385,-4.365281760692596,-4.5110604637837115,-3.51416995433691
7849,ALIBABA GROUP HOLDING LTD,"Alibaba to Announce September Quarter 2019 Results on November 1, 2019",5,uncertain,0.5,0.3,,164,35,1.0,2019-10-21,14888.0,2.595636062324047,-2.0919807255268097,2.9737137696944194,3.555784943096385,-4.365281760692596,-4.5110604637837115,-3.51416995433691
7857,ALIBABA GROUP HOLDING LTD,"Alibaba shares trading lower with broader US, Chinese stock markets. The company's Pictures unit is expecting to reporting a net loss between RMB370 million and RMB400 million during the second half of 2019.",5,decrease,0.8,0.6,,185,35,0.0,2019-10-18,14888.0,-4.3652817606925955,2.595636062324047,3.062728252504243,4.33394518291399,-0.1524328254163265,0.889961116658422,3.324376099119863
7865,ALIBABA GROUP HOLDING LTD,Alibaba Shares Down 2.4% For Session; Hearing Co.'s Pictures Unit Expecting 2H'19 Net Loss RMB370M-RMB400M,5,decrease,0.8,0.6,,179,35,0.0,2019-10-18,14888.0,-4.3652817606925955,2.595636062324047,3.062728252504243,4.33394518291399,-0.1524328254163265,0.889961116658422,3.324376099119863
7873,ALIBABA GROUP HOLDING LTD,"KeyBanc Maintains Overweight on Alibaba Group Holding, Lowers Price Target to $243",5,decrease,0.7,0.4,,165,35,0.0,2019-10-16,14888.0,1.043985318392515,-0.1524328254163265,-4.065039033689944,0.2314835900971923,2.4129407480359077,1.358847421760112,5.551867039761449
7881,ALIBABA GROUP HOLDING LTD,Alibaba Group Holdings shares are trading higher in sympathy with the overall market on renewed optimism in the upcoming U.S.-China trade talks.,5,increase,0.8,0.6,,171,35,2.0,2019-10-09,14888.0,2.013221755623817,0.5327228456735611,7.22198226276487,2.8633668310873883,-3.796348720788956,-4.9371865808021775,-4.454804710802074
7889,ALIBABA GROUP HOLDING LTD,"China Establishes Yet Another Freight Train Route To Europe That Is Over 7,000 Miles Long",5,increase,0.7,0.5,,165,35,2.0,2019-10-09,14888.0,2.013221755623817,0.5327228456735611,7.22198226276487,2.8633668310873883,-3.796348720788956,-4.9371865808021775,-4.454804710802074
7897,ALIBABA GROUP HOLDING LTD,Alibaba shares are trading lower as investor optimism around the upcoming U.S.-China trade talks faded after China announced it is lowering its expectations ahead of trade negotiations with the United States.,5,decrease,0.8,0.6,,180,35,0.0,2019-10-08,14888.0,-3.796348720788956,2.0132217556238174,8.250479424211687,4.9157087394331445,-1.185857132077217,-0.6844397081167797,1.5382776772949305
7905,BANK OF AMERICA CORP,Odeon Capital Upgrades Bank of America to Buy,5,increase,0.8,0.6,,155,35,2.0,2019-10-28,59408.0,0.3783128689974546,0.7223603781312704,1.7587984143163429,4.208543292846967,1.1479550041258335,0.9548034002734962,1.6666619415453887
7913,BANK OF AMERICA CORP,"UBS Maintains Buy on Bank of America, Raises Price Target to $34",5,increase,0.8,0.6,,160,35,2.0,2019-10-21,59408.0,2.207578532397747,0.580271752551198,2.6434547581488,4.44874621283462,0.2974228467792272,0.5966201836675511,2.08543845184761
7921,BANK OF AMERICA CORP,"BlockFi Now Caters To Institutional Trading, Hedging",5,uncertain,0.6,0.3,,155,35,1.0,2019-10-17,59408.0,0.2983100945129991,0.2974228467792272,3.63516319082382,3.337740399022593,1.479988358914852,3.534662689083357,4.358354289325961
7929,BANK OF AMERICA CORP,Wednesday's Market Minute: The Harvey Dent Market,5,uncertain,0.5,0.3,,153,35,1.0,2019-10-16,59408.0,1.479988358914852,0.298310094512999,4.143188630347172,4.80610133617887,2.0247088745236397,2.8363877223072764,4.499116755162635
7937,BANK OF AMERICA CORP,Bank of America shares are trading higher after the company reported better-than-expected Q3 EPS and sales results.,5,increase,0.85,0.7,,165,35,2.0,2019-10-16,59408.0,1.479988358914852,0.298310094512999,4.143188630347172,4.80610133617887,2.0247088745236397,2.8363877223072764,4.499116755162635
7945,BANK OF AMERICA CORP,Bank Of America Trades Higher On Q3 Earnings Beat,5,increase,0.85,0.7,,154,35,2.0,2019-10-16,59408.0,1.479988358914852,0.298310094512999,4.143188630347172,4.80610133617887,2.0247088745236397,2.8363877223072764,4.499116755162635
7953,BANK OF AMERICA CORP,Bank of America Q3 Sales $22.8B Beat $22.79B Estimate,5,increase,0.7,0.3,,162,35,2.0,2019-10-16,59408.0,1.479988358914852,0.298310094512999,4.143188630347172,4.80610133617887,2.0247088745236397,2.8363877223072764,4.499116755162635
7961,BANK OF AMERICA CORP,Bank of America Q3 EPS $0.56 Beats $0.51 Estimate,5,increase,0.85,0.6,,160,35,2.0,2019-10-16,59408.0,1.479988358914852,0.298310094512999,4.143188630347172,4.80610133617887,2.0247088745236397,2.8363877223072764,4.499116755162635
7969,BANK OF AMERICA CORP,Warren Buffett Seeking Fed Leeway To Boost Stake In Bank Of America Past 10%,5,increase,0.85,0.7,,161,35,2.0,2019-10-15,59408.0,2.02470887452364,1.479988358914852,4.9445047369774064,7.87083819512806,0.7955708540976048,2.425302564383869,4.481893147618399
7977,BANK OF AMERICA CORP,"JP Morgan Maintains Overweight on Bank of America, Lowers Price Target to $30",5,decrease,0.7,0.4,,162,35,0.0,2019-10-10,59408.0,2.007893100380898,1.6168683767318726,6.362036520903103,10.22847012152155,0.941007025539875,-1.4835750357174216,-1.691933172554394
7985,BANK OF AMERICA CORP,Transplace Announces Payment Processing Enhancements,5,uncertain,0.5,0.2,,151,35,1.0,2019-10-08,59408.0,-2.401979267597198,0.941007025539875,7.600435837678998,12.92074448468139,-0.2114958362653851,1.7979145002873895,1.6882159597622517
7993,BANK OF AMERICA CORP,"Morgan Stanley Maintains Overweight on Bank of America, Lowers Price Target to $31",5,decrease,0.7,0.4,,162,35,0.0,2019-10-04,59408.0,2.013669162988663,-0.2114958362653851,1.903415465368541,6.979201451875272,-0.1077610882930457,-2.2151936754120083,-4.66232646911574
8001,BANK OF AMERICA CORP,Uber's App Overhaul Distracts From Its Slow Revenue Growth,5,uncertain,0.4,0.2,,156,35,1.0,2019-10-01,59408.0,-2.502569556236267,-2.1097060292959213,-2.848106128539196,4.535861230251181,-0.6132889539003372,0.1373186176708563,-0.2735040269207789
8009,BOOZ ALLEN HAMILTON HOLDING CORP,Booz Allen Wins a $516M Army Task Order to Increase Readiness on the Digital Battlefield,5,increase,0.85,0.6,,176,35,2.0,2019-10-14,12366.0,-1.273088436573744,0.4959593061357736,-0.8218815574328242,-3.315851486693877,-0.0559190288186073,0.8892094742196877,2.583241978869877
8017,BOOZ ALLEN HAMILTON HOLDING CORP,"Morgan Stanley Maintains Overweight on Booz Allen Hamilton, Raises Price Target to $78",5,increase,0.85,0.6,,174,35,2.0,2019-10-10,12366.0,0.945657305419445,-0.0559190288186073,-0.9647578739945152,-4.264535240946888,1.6791017726063728,0.6535005418689677,0.0282317827765554
8025,BANC OF CALIFORNIA INC,"Wells Fargo Maintains Outperform on Banc of California, Lowers Price Target to $18",5,decrease,0.7,0.4,,167,35,0.0,2019-10-24,89482.0,-2.117150276899338,0.0720997049938887,-0.7209764009461495,4.32588610979503,-5.59627003967762,-5.659123494117802,-4.256757454224491
8033,BANC OF CALIFORNIA INC,Banc of California Q3 EPS $(0.45) Misses $(0.34) Estimate,5,decrease,0.85,0.7,,168,35,0.0,2019-10-23,89482.0,-5.59627003967762,-2.1171502768993378,-3.528581503085504,2.117150323143835,-0.0665794184897095,1.418919131708174,1.3504375394687962
8041,BANCFIRST CORP,BancFirst Q3 EPS $1 Up From $0.98 YoY,5,increase,0.8,0.6,,158,35,2.0,2019-10-17,79072.0,-0.0710243533831089,3.5891976207494736,2.8962349068881954,2.860697558142778,0.0,1.6423026099801064,2.102972935068137
8049,BANNER CORP,Banner Q3 EPS $1.15 Beats $1.05 Estimate,5,increase,0.85,0.6,,154,35,2.0,2019-10-23,82575.0,0.9350844658911228,-1.8884755671024325,1.0803660188685173e-07,0.1247101457400701,0.0179894544999115,0.9439107484658704,1.3671162519272473
8057,ARROWMARK FINANCIAL CORP,"StoneCastle Financial Q3 EPS $0.38, Inline, Sales $3.961M Miss $4.06M Estimate",5,decrease,0.7,0.3,,174,35,0.0,2019-10-30,14302.0,0.3963018767535685,-0.5701717920601368,-0.4811370994391883,-0.0166642515821102,0.5374344997107983,2.9931967255754977,2.0834696680159137
8065,BAXTER INTERNATIONAL INC,"UBS Maintains Buy on Baxter International, Lowers Price Target to $95",5,decrease,0.7,0.4,,158,35,0.0,2019-10-28,27887.0,0.7375772576779127,0.0128479601698927,-0.0256861914177952,1.2973694330343788,-2.276179753243923,-12.13189142066512,-11.213237609826132
8073,BAXTER INTERNATIONAL INC,﻿Baxter International shares are trading lower on continued momentum after the company issued Q3 preliminary sales below analyst estimates.,5,decrease,0.85,0.7,,165,25,0.0,2019-10-25,27887.0,-2.2761797532439227,0.7375772576779127,0.8152236487979581,1.5916192235872595,-10.085270553827286,-9.14521949102668,-10.593550573377088
8081,BAXTER INTERNATIONAL INC,Baxter International shares are trading lower after the company issued Q3 preliminary sales below analyst estimates.,5,decrease,0.85,0.7,,161,35,0.0,2019-10-24,27887.0,-10.08527055382729,-2.276179753243923,-3.009616540513793,-1.3657078686451274,1.0454917326569555,-0.5652911627277768,-0.0454607899132541
8089,BAXTER INTERNATIONAL INC,Baxter Sees Prelim. Q3 Sales $2.85B vs $2.86B Est.,5,uncertain,0.6,0.2,,165,35,1.0,2019-10-24,27887.0,-10.08527055382729,-2.276179753243923,-3.009616540513793,-1.3657078686451274,1.0454917326569555,-0.5652911627277768,-0.0454607899132541
8097,BAXTER INTERNATIONAL INC,"Baxter Reports Internal Investigation Of Misstatements In Previously-Reported Non-Operating Income Related To Forex Gains, Losses",5,decrease,0.85,0.7,,167,35,0.0,2019-10-24,27887.0,-10.08527055382729,-2.276179753243923,-3.009616540513793,-1.3657078686451274,1.0454917326569555,-0.5652911627277768,-0.0454607899132541
8105,BAXTER INTERNATIONAL INC,"Baxter Sees Q4 As-Reported Sales Growth 3-4%, 5% On Constant Currency Basis",5,increase,0.75,0.4,,166,35,2.0,2019-10-24,27887.0,-10.08527055382729,-2.276179753243923,-3.009616540513793,-1.3657078686451274,1.0454917326569555,-0.5652911627277768,-0.0454607899132541
8113,BAXTER INTERNATIONAL INC,"Baxter International Q3 Adj. Operating Income $555M, Sales $2.85B Miss $2.86B Estimate",5,decrease,0.7,0.3,,169,35,0.0,2019-10-24,27887.0,-10.08527055382729,-2.276179753243923,-3.009616540513793,-1.3657078686451274,1.0454917326569555,-0.5652911627277768,-0.0454607899132541
8121,BANCO BRADESCO S A,Shares of Brazilian companies are trading higher ahead of the central bank's rate decision on Wednesday. Economists expect rates to be cut to new lows.,5,increase,0.8,0.6,,174,35,2.0,2019-10-28,13286.0,3.523705154657364,-1.4683113433420658,-5.3505519245572675,-9.767140840473465,0.981594156473875,1.105641173420846,1.6049277949881755
8129,BANCO BILBAO VIZCAYA ARGENTARIA,BBVA Q3 Net Income $183M vs $175M in Same Qtr. Last Year,5,increase,0.7,0.3,,178,35,2.0,2019-10-31,75381.0,-0.3809520276263356,1.1472264304757118,4.588905629832585,0.1911996573662477,-2.4163588881492615,-2.9574833153533264,-3.136532640855938
8137,BRUNSWICK CORP,"Imperial Capital Maintains Outperform on Brunswick, Raises Price Target to $74",5,increase,0.8,0.6,,160,35,2.0,2019-10-30,10874.0,-0.8233875036239624,-1.3215838000178337,2.880380690535378,0.4405257076594893,-0.932248029857874,1.1043114891455377,1.900679421613516
8145,BRUNSWICK CORP,"KeyBanc Maintains Overweight on Brunswick, Raises Price Target to $65",5,increase,0.8,0.6,,160,35,2.0,2019-10-28,10874.0,2.055723965167999,-0.932248029857874,-0.1165303403573236,0.615946107564258,0.7876696065068245,2.2940556986903893,3.956202190853664
8153,BRUNSWICK CORP,"Wedbush Maintains Outperform on Brunswick, Raises Price Target to $68",5,increase,0.85,0.6,,160,35,2.0,2019-10-25,10874.0,0.7876696065068245,2.0557239651679993,-0.1019391145118842,3.363913471757507,1.4946134760975838,3.143770063061635,6.7056493971780595
8161,BRUNSWICK CORP,Brunswick Reaffirms FY20 Adj. EPS Guidance $5-$5.50 vs $5.20 Estimate,5,uncertain,0.6,0.3,,167,35,1.0,2019-10-24,10874.0,1.494613476097584,0.7876696065068245,-0.2739723270425154,4.29794208979537,1.6248710453510284,5.1342980111035,5.038338997468483
8169,BRUNSWICK CORP,"Brunswick Q3 EPS $1.1 Beats $1.01 Estimate, Sales $976.6M Miss $988.25M Estimate",5,uncertain,0.6,0.3,,173,35,1.0,2019-10-24,10874.0,1.494613476097584,0.7876696065068245,-0.2739723270425154,4.29794208979537,1.6248710453510284,5.1342980111035,5.038338997468483
8177,BRUNSWICK CORP,"UPDATE: Longbow Downgrades Brunswick To Neutral Following Firm's '3Q boat dealer checks, with contacts reporting inventory levels above target heading into 4Q despite aggressive rebating on existing and current models'",5,decrease,0.85,0.7,,185,35,0.0,2019-10-17,10874.0,-3.066372685134411,1.935238391160965,8.671380068688483,8.373650559885103,0.7999975234270096,3.3171800531394124,3.781356333603725
8185,BRUNSWICK CORP,Longbow Research Downgrades Brunswick to Neutral,5,decrease,0.8,0.6,,153,35,0.0,2019-10-17,10874.0,-3.066372685134411,1.935238391160965,8.671380068688483,8.373650559885103,0.7999975234270096,3.3171800531394124,3.781356333603725
8193,BRUNSWICK CORP,Brunswick Raises Qtr. Dividend From $0.21 To $0.24/Share,5,increase,0.8,0.4,,163,35,2.0,2019-10-15,10874.0,2.497204951941967,0.7999975234270096,2.9454525119783748,8.199996847330947,0.449273083359003,3.5907347071045814,4.661594172836003
8201,B C B BANCORP INC,BCB Bancorp Q3 EPS $0.3 Up From $0.27 YoY,5,increase,0.7,0.3,,167,35,2.0,2019-10-18,91015.0,-0.3086416749283671,0.619194470345974,-0.1548022698488638,0.6191945131423626,0.309597235172987,0.4651195516570894,-0.2309448208871134
8209,B C E INC,"BCE Q3 EPS $0.91 Beats $0.65 Estimate, Sales $5.984B Beat $4.43B Estimate",5,increase,0.9,0.7,,169,35,2.0,2019-10-31,29647.0,-0.4823816008865833,0.1475230674259364,1.2644857464731318,2.0442516301470315,0.7182090077549219,1.1026303106837387,2.20792874414808
8217,B C E INC,Bell Media Seals Long-Term Deal With Warner Bros. International Television Distribution To Bring HBO Max Original Programming To Canada,5,increase,0.8,0.6,,162,35,2.0,2019-10-30,29647.0,0.7182090077549219,-0.4823816008865833,-0.0629169037367871,1.4681223969825077,0.3816800424829125,1.4790967304417313,1.4790967304417313
8225,BRAINSTORM CELL THERAPEUTICS INC,BrainStorm Cell Therapeutics' Data Safety Monitoring Board Recommends ALS Phase 3 Clinical Trial Continue,5,increase,0.8,0.6,,174,35,2.0,2019-10-28,14925.0,2.7472499758005138,-2.6737941429018974,3.7433182029715577,3.743318370598092,-3.9577800780534744,-5.208328624003322,-6.666666356945616
8233,BRAINSTORM CELL THERAPEUTICS INC,BrainStorm Cell Therapeutics to Present at the Dawson James Securities 5th Annual Small Cap Growth Conference on October 29,5,uncertain,0.5,0.2,,178,35,1.0,2019-10-25,14925.0,-3.9577800780534735,2.747249975800514,0.8241750005895332,4.395599987870491,-1.3020820915699003,-2.8205161033279413,-1.8134697764423335
8241,BRAINSTORM CELL THERAPEUTICS INC,BrainStorm Says NurOwn Phase 3 ALS Clinical Trial Now Fully Enrolled,5,increase,0.7,0.5,,169,35,2.0,2019-10-11,14925.0,0.5194800440222025,1.0335969738662245,2.067187636870904,-5.943147087854362,-0.5167953670024872,-0.5167953670024872,-0.7732012312359537
8249,BRAINSTORM CELL THERAPEUTICS INC,BrainStorm Cell Therapeutics Granted a Patent for NurOwn Cellular Therapeutic Technology,5,increase,0.8,0.6,,169,35,2.0,2019-10-07,14925.0,1.305488031357527,-0.2577378414571285,0.7731951903171774,-0.5154695200959014,2.133331261575222,0.7894728662478645,-1.2886646612137675
8257,BRAINSTORM CELL THERAPEUTICS INC,BrainStorm Cell Therapeutics To Present NurOwn Phase 2 Biomarker Data At North East Amyotrophic Lateral Sclerosis (NEALS) 18th Annual Meeting,5,uncertain,0.6,0.3,,188,35,1.0,2019-10-02,14925.0,-2.061859704554081,-1.315788272768259,1.8421034592480456,3.9473709402930934,-0.512820016592741,-2.6575808220741237e-08,-2.512560438195788
8265,BRINKS CO,"Brink's Cuts FY19 Adj. Sales Guidance From $3.75B To $3.7B vs $3.72B Estimate, EPS From $4.20 At The Midpoint To $3.90-$4.10 vs $3.96 Est.",5,,,,,195,35,,2019-10-23,18649.0,-3.3233381807804108,2.6020534336566925,4.1298629231285355,6.958703705837044,0.3938878420740366,0.7557278636331599,0.9317529324511132
8273,BRINKS CO,"Brink's Q3 Adj. EPS $1.05 Beats $1.04 Estimate, Sales $924.6M Miss $931.07M Estimate",5,uncertain,0.6,0.2,,172,35,1.0,2019-10-23,18649.0,-3.3233381807804108,2.6020534336566925,4.1298629231285355,6.958703705837044,0.3938878420740366,0.7557278636331599,0.9317529324511132
8281,BRINKS CO,Freight Of All Kinds: Moving Money Is A Precise Drill,5,uncertain,0.5,0.3,,154,35,1.0,2019-10-17,18649.0,0.3271778114140034,0.1747047761455178,0.1164668246229849,-1.048219867647382,0.3870989196002483,2.417429828605022,1.7114362856445853
8289,BRIGHTCOVE INC,"Brightcove Q3 EPS $0.06 Beats $0.04 Estimate, Sales $47.4M Beat $47.26M Estimate",5,increase,0.8,0.4,,172,35,2.0,2019-10-23,13260.0,-0.8155032992362976,-6.680366396903992,-5.549845610153225,-2.9290836675222143,-3.444876149296761,-1.7033980023140716,-5.944389973853825
8297,BRIGHTCOVE INC,"Brightcove Reports Expansion Of Partnership With Adobe, Has Joined LaunchPoint",5,increase,0.8,0.6,,156,35,2.0,2019-10-03,13260.0,1.408454217016697,3.6706339567899704,4.662701147350523,3.4722260225487966,-3.961360082030296,-5.152671439566891,-5.333337156473172
8305,BELDEN INC NEW,Belden Announces Cost Reduction Program Expected To Reduce SG&A By $40M,5,increase,0.8,0.6,,155,35,2.0,2019-10-30,79668.0,-7.7242352068424225,0.2933653537184,1.7602146431584087,1.388615553170025,-1.633236184716225,0.8922099771876857,1.2424636038984138
8313,BELDEN INC NEW,Belden To Divest Grass Valley,5,increase,0.75,0.6,,147,35,2.0,2019-10-30,79668.0,-7.7242352068424225,0.2933653537184,1.7602146431584087,1.388615553170025,-1.633236184716225,0.8922099771876857,1.2424636038984138
8321,BELDEN INC NEW,"Belden Sees Q4 Adj. EPS $1.00-$1.15 vs $1.71 Est., FY19 Adj. EPS $4.32-$4.47 vs $5.51 Est.",5,decrease,0.9,0.8,,183,35,0.0,2019-10-30,79668.0,-7.7242352068424225,0.2933653537184,1.7602146431584087,1.388615553170025,-1.633236184716225,0.8922099771876857,1.2424636038984138
8329,BELDEN INC NEW,"Belden Q3 Adj. EPS $1.18 Misses $1.41 Estimate, Sales $620.32M Miss $632.8M Estimate",5,decrease,0.85,0.6,,172,35,0.0,2019-10-30,79668.0,-7.7242352068424225,0.2933653537184,1.7602146431584087,1.388615553170025,-1.633236184716225,0.8922099771876857,1.2424636038984138
8337,BECTON DICKINSON & CO,"Becton, Dickinson and Co shares are trading higher. Not seeing any news to justify the price action.",5,uncertain,0.6,0.3,,171,35,1.0,2019-10-29,39642.0,3.332248330116272,0.6567555945366621,-2.98883367402194,-4.6877451469967575,0.7286118343472481,0.0732036893174914,-2.1939604233729426
8345,BECTON DICKINSON & CO,Becton Dickinson On October 28 Entered Into An Agreement With EPD That Resolved Litigation; BD To Voluntarily Suspend Sterilization Operations At Its Covington Facility From Oct. 30 To Nov.6,5,decrease,0.7,0.4,,195,35,0.0,2019-10-28,39642.0,0.7286118343472481,3.332248330116272,5.941161373034798,-1.4791936297735675,-0.6506673060357571,-2.9014320802181803,-2.3893223757958215
8353,BECTON DICKINSON & CO,"Becton, Dickinson And Co shares are trading lower on seemingly no company-specific news.",5,decrease,0.7,0.3,,167,35,0.0,2019-10-24,39642.0,-2.26550567895174,-0.6506673060357571,4.107363169783351,-0.5408649671861165,0.52741221152246,-0.9838646072910406,-2.7031170580751884
8361,BECTON DICKINSON & CO,"10x Genomics Announces Resolution Of Outstanding Patent Litigation With Becton, Dickinson And Company And Cellular Research; Co. To Pay $25M To BD",5,increase,0.8,0.3,,181,35,2.0,2019-10-21,39642.0,-1.736335642635822,-1.5033479779958725,-3.156239430560448,2.597404664585401,0.697043864056468,2.233728935109714,2.096493093282037
8369,BEL FUSE INC,"Bel Fuse Q3 EPS $(0.51), Sales $124.479M Beat $120M Estimate",5,,,,,161,35,,2019-10-30,17444.0,-6.8880438804626465,3.1494591385126114,11.46325668808239,9.257496531262488,10.759053379297256,2.8997766084058574,15.015536478735704
8377,FRANKLIN RESOURCES INC,Franklin Resources shares are trading lower after the company reported worse-than-expected Q4 EPS and sales results.,5,decrease,0.85,0.7,,165,25,0.0,2019-10-25,37584.0,-1.101632788777351,2.084081619977951,0.7905113094981653,1.616962868679317,0.9325689636170864,3.9143259693256383,2.588403526425642
8385,FRANKLIN RESOURCES INC,"Franklin Resources Q4 EPS $0.61 Misses $0.64 Estimate, Sales $1.453B Miss $1.46B Estimate",5,,,,,175,35,,2019-10-25,37584.0,-1.101632788777351,2.084081619977951,0.7905113094981653,1.616962868679317,0.9325689636170864,3.9143259693256383,2.588403526425642
8393,FRANKLIN RESOURCES INC,"Morgan Stanley Maintains Underweight on Franklin Resources, Lowers Price Target to $28",5,decrease,0.8,0.6,,161,35,0.0,2019-10-08,37584.0,-3.1687498092651367,0.3424663329496979,3.767122265230194,3.044137071706587,-0.8765514008700848,0.0368603854882687,0.2956390107088591
8401,FRANKLIN RESOURCES INC,"BMO Capital Initiates Coverage On Franklin Resources with Underperform Rating, Announces $16 Price Target",5,decrease,0.8,0.6,,163,30,0.0,2019-10-08,37584.0,-3.1687498092651367,0.3424663329496979,3.767122265230194,3.044137071706587,-0.8765514008700848,0.0368603854882687,0.2956390107088591
8409,FRANKLIN RESOURCES INC,"Franklin Resources shares are trading lower in sympathy with the overall market on weak manufacturing PMI data, adding fear to an economic slowdown.",5,decrease,0.8,0.6,,169,25,0.0,2019-10-01,37584.0,-3.2917559146881095,-3.0455047264695168,-5.840197555719029,-2.293082672943758,0.8033582009375095,1.6123149950286075,1.1534852213088476
8417,BERRY GLOBAL GROUP INC,"Citigroup Maintains Buy on Berry Global Group, Lowers Price Target to $58",5,uncertain,0.6,0.3,,159,35,1.0,2019-10-17,13604.0,0.7794212084263563,1.314767450094223,7.373035603893197,7.012109561464408,0.260490458458662,-0.0259696700129152,-1.3835437286427
8425,BERRY GLOBAL GROUP INC,"Wells Fargo Maintains Outperform on Berry Global Group, Lowers Price Target to $60",5,uncertain,0.6,0.3,,161,35,1.0,2019-10-03,13604.0,0.749271083623171,1.2483330443501472,1.5670654618084925,3.02788679877235,-2.0445676520466805,-4.838302851637044,-4.959310290392893
8433,BRIGHT HORIZONS FAM SOL INC NEW,"Bright Horizons, GP Strategies Report Exclusive Partnership For Education, Learning Benefits",5,increase,0.8,0.6,,165,35,2.0,2019-10-31,13739.0,0.8761859498918056,-2.4777861312031746,-2.0603269894926557,-0.3097272734644107,0.0747693120501935,0.2587603666461824,-1.649967515002948
8441,BRIGHT HORIZONS FAM SOL INC NEW,Bright Horizons Sees FY19 Adj. EPS $3.61-$3.64 vs $3.63 Est.,5,uncertain,0.6,0.2,,175,35,1.0,2019-10-30,13739.0,0.0747693120501935,0.8761859498918056,-0.5705335667159694,-1.310869307176199,0.1838535885326564,-1.723448216677992,-1.5195156111860952
8449,BRIGHT HORIZONS FAM SOL INC NEW,"Bright Horizons Q3 EPS $0.86, Inline, Sales $512M Miss $514.65M Estimate",5,decrease,0.7,0.3,,175,35,0.0,2019-10-30,13739.0,0.0747693120501935,0.8761859498918056,-0.5705335667159694,-1.310869307176199,0.1838535885326564,-1.723448216677992,-1.5195156111860952
8457,BRIGHT HORIZONS FAM SOL INC NEW,"Morgan Stanley Initiates Coverage On Bright Horizons Family with Equal-Weight Rating, Announces $162 Price Target",5,uncertain,0.6,0.3,,172,35,1.0,2019-10-08,13739.0,-1.448047254234552,1.2045849114656448,1.1317802253042464,-1.1847199016476018,-0.4803670570254326,-0.1628027964008738,1.5701570855815916
8465,BANKFINACIAL CORP,BankFinancial Q3 EPS $0.26 Up From $0.22 YoY,5,increase,0.75,0.4,,161,35,2.0,2019-10-21,90718.0,1.7398511990904812,-0.1628624158911407,2.2801358939005034,7.980460319327576,0.58333077467978,1.1735070134015757,1.5993230461420982
8473,BUNGE LTD,"Bunge Q3 Adj. EPS $1.41 Does Not Compare To $0.49 Estimate, Sales $10.32B Miss $11.27B Estimate",5,decrease,0.8,0.6,,174,35,0.0,2019-10-30,89138.0,-6.1042897403240195,2.3502686992287636,4.64367105006247,4.624720515984637,1.1885465122759342,1.719762720269613,2.836748290210256
8481,BUNGE LTD,"Stephens & Co. Initiates Coverage On Bunge with Overweight Rating, Announces $74 Price Target",5,increase,0.8,0.6,,161,35,2.0,2019-10-08,89138.0,-2.175090648233891,0.753406248986721,4.979792425231233,1.800814868933287,-1.1724992655217648,-0.2867894610292909,-0.4117428126376388
8489,BUNGE LTD,"20+ Grain Cargo Ships Stuck Outside Iranian Ports Amid Payment Issues; Bunge, COFCO Int'l. Among Cos.",5,decrease,0.8,0.6,,165,35,0.0,2019-10-02,89138.0,-0.9398807771503924,-0.1253127353265881,-1.8438933240156885,-0.8234856118405243,-0.4062160849571228,-0.2653015989878327,-0.3005692730918663
8497,B G C PARTNERS INC,BGC Partners shares are trading lower after the company issued Q4 EPS near the lower end of analyst estimates.,5,decrease,0.8,0.6,,165,35,0.0,2019-10-24,87487.0,-9.075043350458143,0.1919338246807456,-0.1919429992995325,9.980805796581226,-0.8650551550090313,5.2349213852664895e-08,0.7915581172839525
8505,B G C PARTNERS INC,BGC Partners Sees Q4 Sales $465M-$505M vs $493M Estimate,5,decrease,0.75,0.4,,163,35,0.0,2019-10-24,87487.0,-9.075043350458143,0.1919338246807456,-0.1919429992995325,9.980805796581226,-0.8650551550090313,5.2349213852664895e-08,0.7915581172839525
8513,B G C PARTNERS INC,"BGC Partners Q3 EPS $0.15, Same YoY, Sales $521.1M Beat $511.05M Estimate",5,increase,0.75,0.4,,172,35,2.0,2019-10-24,87487.0,-9.075043350458143,0.1919338246807456,-0.1919429992995325,9.980805796581226,-0.8650551550090313,5.2349213852664895e-08,0.7915581172839525
8521,B G C PARTNERS INC,"BGC Partners Shares Spike To Session High, Now Up 0.9%, As Traders Circulate Report New York Attorney General Has Imposed $12.5M On GFI Securities",5,increase,0.7,0.4,,181,35,2.0,2019-10-02,87487.0,-0.1879742252640426,2.0715655758976936,0.4708115426218295,5.0847453655766595,-3.272724151611328,-4.316542685524016,-4.999995332089934
8529,BIG 5 SPORTING GOODS CORP,Big 5 Sporting Goods Earnings Rally Brightens Technical Outlook,5,increase,0.8,0.6,,159,35,2.0,2019-10-30,89413.0,44.813272356987,-8.309454470872879,-5.730660486399064,-18.624644479440832,-7.307685911655426,-4.743078831712544,-6.2256754954806865
8537,BIG 5 SPORTING GOODS CORP,"Big 5 Sporting Goods Sees Q4 EPS $(0.04)-$(0.16) vs $(0.13) Est., FY19 EPS $0.22-$0.34 vs $0.15 Est.",5,,,,,193,35,,2019-10-29,89413.0,-7.307685911655426,44.813272356987,37.344390079477385,23.23651046274573,2.766795828938484,1.1673140613831956,2.76679584419397
8545,BIG 5 SPORTING GOODS CORP,"Big 5 Sporting Goods Q3 EPS $0.3 Beats $0.16 Estimate, Sales $266.15M Beat $265.99M Estimate",5,increase,0.8,0.6,,180,35,2.0,2019-10-29,89413.0,-7.307685911655426,44.813272356987,37.344390079477385,23.23651046274573,2.766795828938484,1.1673140613831956,2.76679584419397
8553,BENCHMARK ELECTRONICS INC,"Benchmark Electronic Sees Q4 Adj. EPS $0.34-$0.42 vs $0.38 Est., Sales $420M-$570M vs $555.3M Est.",5,decrease,0.8,0.6,,184,35,0.0,2019-10-24,76224.0,0.0652330636512488,2.6727499440312386,10.49544069244006,11.505862983198156,-0.7124330382794142,-0.8087997532377655,0.097945436665614
8561,BENCHMARK ELECTRONICS INC,"Benchmark Electronics Q3 Adj. EPS $0.36 Beats $0.34 Estimate, Sales $555M Beat $539.55M Estimate",5,increase,0.85,0.6,,175,35,2.0,2019-10-24,76224.0,0.0652330636512488,2.6727499440312386,10.49544069244006,11.505862983198156,-0.7124330382794142,-0.8087997532377655,0.097945436665614
8569,BERKSHIRE HILLS BANCORP INC,Berkshire Hills Bancorp Names Bill Dunlaevy Chair,5,uncertain,0.6,0.3,,167,35,1.0,2019-10-28,88280.0,1.682058908045292,0.8757718838751316,3.98962532545839,6.00065014490303,0.6974396761506796,-0.9797555136748736,-1.494480127838782
8577,BERKSHIRE HILLS BANCORP INC,Berkshire Hills Bancorp Q3 EPS $0.44 Misses $0.51 Estimate,5,decrease,0.8,0.6,,174,35,0.0,2019-10-28,88280.0,1.682058908045292,0.8757718838751316,3.98962532545839,6.00065014490303,0.6974396761506796,-0.9797555136748736,-1.494480127838782
8585,BAIDU INC,"Barclays Maintains Equal-Weight on Baidu, Raises Price Target to $140",5,increase,0.7,0.4,,158,35,2.0,2019-10-25,90857.0,0.1735946629196404,0.953112356364727,0.7413078985193167,19.91912367239401,-0.4416697658598423,0.0579033212287249,-0.64200664588423
8593,BAIDU INC,"KeyBanc Maintains Overweight on Baidu, Lowers Price Target to $149",5,decrease,0.7,0.4,,158,35,0.0,2019-10-21,90857.0,0.5976506043225527,-0.6995049305260181,0.4791107693040031,5.040247266012332,-3.632144629955292,-4.192834358492514,-3.2276112385192124
8601,BAIDU INC,"Baidu Issued an Internal Email Tuesday to Call for ""Frugal, Plain, and Practical"" Work Ethics",5,uncertain,0.6,0.3,,162,35,1.0,2019-10-15,90857.0,1.649912633001804,1.0074644349515438,-3.3302237651193556,-4.011190030737954,0.7643755059689283,1.5503135894948672,5.565563079033464
8609,BAIDU INC,Baidu shares are trading lower as Chinese markets remain volatile ahead of US-China meetings planned for next week.,5,decrease,0.8,0.6,,160,35,0.0,2019-10-07,90857.0,-2.871637791395187,-1.911897584795952,3.932194536132138,2.8481316959852565,0.1437898026779294,1.8027659435215335,2.4215698204111735
8617,BIG LOTS INC,Big Lots shares are trading higher on seemingly no company-specific news.,5,uncertain,0.5,0.3,,152,35,1.0,2019-10-23,67467.0,8.800388127565384,5.196572840213776,-0.8585569616875954,0.8133770365887028,0.0984274549409747,-0.8288643098491644,-4.372356922955611
8625,BIG LOTS INC,Big Lots Option Alert: Oct 18 $22.5 Calls Sweep (5) near the Ask: 620 @ $0.398 vs 640 OI; Ref=$21.24,5,uncertain,0.6,0.3,,179,35,1.0,2019-10-04,67467.0,-1.8687320873141289,-1.764984056353569,3.1119371827409426,-4.737577561303907,-0.7239812053740025,-8.924863561166873,-10.448977518641913
8633,BIG LOTS INC,Big Lots Option Alert: Oct 18 $22.5 Calls Sweep (18) near the Ask: 600 @ $0.4 vs 640 OI; Ref=$21.2,5,increase,0.75,0.6,,179,35,2.0,2019-10-04,67467.0,-1.8687320873141289,-1.764984056353569,3.1119371827409426,-4.737577561303907,-0.7239812053740025,-8.924863561166873,-10.448977518641913
8641,BIOGEN INC,Cramer Makes The Case Why Biogen's Stock Could Double In Value,5,increase,0.8,0.6,,152,35,2.0,2019-10-31,76841.0,-0.3934853244572878,0.1640456495806574,-3.963709490990708,-7.887247860161173,0.8033663034439087,1.471884016756353,4.114013883486778
8649,BIOGEN INC,"Biogen shares are trading higher after the company announced it has recieved FDA approval for VUMERITY, a treatment of relapsing forms of multiple sclerosis. Bernstein earlier upgraded the stock from Market Perform to Outperform.",5,increase,0.85,0.7,,181,35,2.0,2019-10-30,76841.0,0.8033663034439087,-0.3934853244572878,-3.631336174237576,-6.002200391742296,0.6631898693740368,3.2842629184396177,4.137499100134212
8657,BIOGEN INC,Bernstein Upgrades Biogen to Outperform,5,increase,0.85,0.7,,147,35,2.0,2019-10-30,76841.0,0.8033663034439087,-0.3934853244572878,-3.631336174237576,-6.002200391742296,0.6631898693740368,3.2842629184396177,4.137499100134212
8665,BIOGEN INC,"Hearing Bernstein Upgrades Biogen To Outperform, $370 Price Target",5,increase,0.85,0.7,,153,35,2.0,2019-10-29,76841.0,0.6631898693740368,0.8033663034439087,-1.788237721468855,-2.050422241557892,2.6038048788905144,3.4514197645322264,5.996700551479028
8673,BIOGEN INC,Biogen Analysts Debate About-Face On Aducanumab: 'Path To Market An Uphill Battle',5,uncertain,0.6,0.4,,158,35,1.0,2019-10-23,76841.0,-1.082054805010557,2.460363321006298,7.556849045185343,3.6510982779374146,26.11069083213806,28.087794776246255,24.94237166501727
8681,BIOGEN INC,'7 burning questions now that Biogen $BIIB  has resurrected its 'failed' Alzheimer's drug' -Tweet From Stat News Snr Writer,5,increase,0.8,0.7,,168,35,2.0,2019-10-23,76841.0,-1.082054805010557,2.460363321006298,7.556849045185343,3.6510982779374146,26.11069083213806,28.087794776246255,24.94237166501727
8689,BIOGEN INC,"UPDATE: Morgan Stanley Maintains Underweight On Biogen, Raises Target To $262 As Firm Notes 'We add 35% risk-adjusted aducanumab sales into our model but remain UW given our concerns around the updated filing strategy and base business'",5,uncertain,0.6,0.3,,189,35,1.0,2019-10-23,76841.0,-1.082054805010557,2.460363321006298,7.556849045185343,3.6510982779374146,26.11069083213806,28.087794776246255,24.94237166501727
8697,BIOGEN INC,"UPDATE:H.C. Wainwright Reiterates Buy On Biogen, Raises Tgt To $335 Notes 'In light of the new analysis from the aducanumab Phase 3 trials and plans for BLA submission based on discussions with the FDA, we raised our probability of success to 15%' From 0%",5,increase,0.8,0.6,,203,35,2.0,2019-10-23,76841.0,-1.082054805010557,2.460363321006298,7.556849045185343,3.6510982779374146,26.11069083213806,28.087794776246255,24.94237166501727
8705,BIOGEN INC,"UPDATE: Canaccord On Biogen Also Notes 'we would like to wait until BIIB presents a fuller data set at the Clinical Trials in Alzheimer's Disease (CTAD) conference in San Diego, CA (12/4-12/7)'",5,uncertain,0.6,0.3,,187,35,1.0,2019-10-23,76841.0,-1.082054805010557,2.460363321006298,7.556849045185343,3.6510982779374146,26.11069083213806,28.087794776246255,24.94237166501727
8713,BIOGEN INC,"UPDATE: Canaccord Maintains Hold On Biogen, Raises Target To $305 Notes 'There is still a lot of uncertainty and investor skepticism as it is unclear whether the FDA could approve adu based on one successful EMERGE trial supported by ENGAGE that failed'",5,uncertain,0.6,0.3,,191,35,1.0,2019-10-23,76841.0,-1.082054805010557,2.460363321006298,7.556849045185343,3.6510982779374146,26.11069083213806,28.087794776246255,24.94237166501727
8721,BIOGEN INC,"BMO Capital Maintains Market Perform on Biogen, Raises Price Target to $297",5,increase,0.7,0.4,,155,35,2.0,2019-10-23,76841.0,-1.082054805010557,2.460363321006298,7.556849045185343,3.6510982779374146,26.11069083213806,28.087794776246255,24.94237166501727
8729,BIOGEN INC,"Canaccord Genuity Maintains Hold on Biogen, Raises Price Target to $305",5,increase,0.7,0.4,,156,35,2.0,2019-10-23,76841.0,-1.082054805010557,2.460363321006298,7.556849045185343,3.6510982779374146,26.11069083213806,28.087794776246255,24.94237166501727
8737,BIOGEN INC,"Credit Suisse Maintains Underperform on Biogen, Raises Price Target to $260",5,uncertain,0.6,0.3,,154,35,1.0,2019-10-23,76841.0,-1.082054805010557,2.460363321006298,7.556849045185343,3.6510982779374146,26.11069083213806,28.087794776246255,24.94237166501727
8745,BIOGEN INC,"SVB Leerink Upgrades Biogen to Outperform, Raises Price Target to $350",5,increase,0.85,0.7,,156,35,2.0,2019-10-23,76841.0,-1.082054805010557,2.460363321006298,7.556849045185343,3.6510982779374146,26.11069083213806,28.087794776246255,24.94237166501727
8753,BIOGEN INC,"JP Morgan Maintains Neutral on Biogen, Raises Price Target to $260",5,increase,0.7,0.4,,153,35,2.0,2019-10-23,76841.0,-1.082054805010557,2.460363321006298,7.556849045185343,3.6510982779374146,26.11069083213806,28.087794776246255,24.94237166501727
8761,BIOGEN INC,"Cowen & Co. Maintains Outperform on Biogen, Raises Price Target to $325",5,increase,0.8,0.6,,157,35,2.0,2019-10-23,76841.0,-1.082054805010557,2.460363321006298,7.556849045185343,3.6510982779374146,26.11069083213806,28.087794776246255,24.94237166501727
8769,BIOGEN INC,"Morgan Stanley Maintains Underweight on Biogen, Raises Price Target to $262",5,uncertain,0.6,0.3,,154,35,1.0,2019-10-23,76841.0,-1.082054805010557,2.460363321006298,7.556849045185343,3.6510982779374146,26.11069083213806,28.087794776246255,24.94237166501727
8777,BIOGEN INC,"H.C. Wainwright Reiterates Buy on Biogen, Raises Price Target to $335",5,increase,0.8,0.6,,158,35,2.0,2019-10-23,76841.0,-1.082054805010557,2.460363321006298,7.556849045185343,3.6510982779374146,26.11069083213806,28.087794776246255,24.94237166501727
8785,BIOGEN INC,Guggenheim Upgrades Biogen to Buy,5,increase,0.85,0.7,,148,35,2.0,2019-10-23,76841.0,-1.082054805010557,2.460363321006298,7.556849045185343,3.6510982779374146,26.11069083213806,28.087794776246255,24.94237166501727
8793,BIOGEN INC,Jon Najarian Highlights Unusual Options Activity In Biogen,5,uncertain,0.6,0.4,,149,35,1.0,2019-10-22,76841.0,26.11069083213806,-1.0820548050105572,5.545111134189451,3.6577136437216495,1.5677528455853462,-0.9264235723487668,-1.84876457853429
8801,BIOGEN INC,Biogen Alzheimer Drug Has 0% Chance Of Winning Approval -Raymond James,5,decrease,0.9,0.8,,154,35,0.0,2019-10-22,76841.0,26.11069083213806,-1.0820548050105572,5.545111134189451,3.6577136437216495,1.5677528455853462,-0.9264235723487668,-1.84876457853429
8809,BIOGEN INC,Alzheimer's Association Issues Statement Saying Is Encouraged To Learn Biogen Will Pursue Regulatory Approval From FDA For Aducanumab,5,increase,0.8,0.7,,163,35,2.0,2019-10-22,76841.0,26.11069083213806,-1.0820548050105572,5.545111134189451,3.6577136437216495,1.5677528455853462,-0.9264235723487668,-1.84876457853429
8817,BIOGEN INC,Biogen Plans Filing For Failed Alzheimer's Drug After New Analysis,5,uncertain,0.6,0.4,,149,35,1.0,2019-10-22,76841.0,26.11069083213806,-1.0820548050105572,5.545111134189451,3.6577136437216495,1.5677528455853462,-0.9264235723487668,-1.84876457853429
8825,BIOGEN INC,Biogen Inc Executive Says FDA Thought It Was 'Reasonable' To File For Regulatory Approval Of Aducanumab After Meeting With Co.,5,increase,0.8,0.6,,164,35,2.0,2019-10-22,76841.0,26.11069083213806,-1.0820548050105572,5.545111134189451,3.6577136437216495,1.5677528455853462,-0.9264235723487668,-1.84876457853429
8833,BIOGEN INC,Biogen Inc Executive Says Results From New Analysis Of Aducanumab Are Positive For Other Alzheimer's Drug Ban2401,5,increase,0.85,0.7,,160,35,2.0,2019-10-22,76841.0,26.11069083213806,-1.0820548050105572,5.545111134189451,3.6577136437216495,1.5677528455853462,-0.9264235723487668,-1.84876457853429
8841,BIOGEN INC,Biogen Earnings Call To Begin At 8:00 a.m. (Stream Link),5,uncertain,0.5,0.3,,155,35,1.0,2019-10-22,76841.0,26.11069083213806,-1.0820548050105572,5.545111134189451,3.6577136437216495,1.5677528455853462,-0.9264235723487668,-1.84876457853429
8849,BIOGEN INC,UPDATE: Seeing Reports Of Biogen Q3 Adj. EPS $9.17,5,increase,0.85,0.7,,154,35,2.0,2019-10-22,76841.0,26.11069083213806,-1.0820548050105572,5.545111134189451,3.6577136437216495,1.5677528455853462,-0.9264235723487668,-1.84876457853429
8857,BIOGEN INC,"Biogen Q3 GAAP EPS $8.39, Adj. EPS $9.17 Beats $8.27 Estimate, Sales $3.6B Beat $3.54B Estimate",5,increase,0.85,0.7,,177,35,2.0,2019-10-22,76841.0,26.11069083213806,-1.0820548050105572,5.545111134189451,3.6577136437216495,1.5677528455853462,-0.9264235723487668,-1.84876457853429
8865,BIOGEN INC,Biogen shares are trading higher after the company announced it plans a regulatory filing for Aducanumab in Alzheimer's disease following new analysis. The terminated Phase 3 EMERGE study met its primary endpoint and the company now believes a subset of patients in the Phase 3 ENGAGE study also support the findings of EMERGE.,5,increase,0.85,0.7,,202,35,2.0,2019-10-22,76841.0,26.11069083213806,-1.0820548050105572,5.545111134189451,3.6577136437216495,1.5677528455853462,-0.9264235723487668,-1.84876457853429
8873,BIOGEN INC,Biogen Plans Regulatory Filing For Aducanumab In Alzheimer's Disease Based On New Analysis Of Larger Dataset From Phase 3 Studies,5,increase,0.85,0.7,,162,35,2.0,2019-10-22,76841.0,26.11069083213806,-1.0820548050105572,5.545111134189451,3.6577136437216495,1.5677528455853462,-0.9264235723487668,-1.84876457853429
8881,BIOGEN INC,"Bank of America Reinstates Underperform on Biogen, Announces $200 Price Target",5,decrease,0.85,0.7,,155,35,0.0,2019-10-17,76841.0,-0.930965691804886,-2.4556774646043777,26.631200256435328,32.406908792442835,0.7343199569731951,0.8681815955614125,2.0205162735152937
8889,BIOGEN INC,"Morgan Stanley Maintains Underweight on Biogen, Raises Price Target to $212",5,uncertain,0.6,0.3,,154,35,1.0,2019-10-11,76841.0,0.0941734120715409,1.1424164287745953,-1.4112311236734287,29.044398927171343,0.3916603513062,0.4776054705332599,-1.7577890318457356
8897,BIOGEN INC,Biogen Reports Biogen Canada's Results From NURTURE Study,5,uncertain,0.6,0.3,,150,35,1.0,2019-10-03,76841.0,0.5604291334748268,0.6741573102772236,0.2247191145889671,1.3932611973819675,-2.6144377887248993,-4.965214643145277,-3.8919325052077514
8905,BIO RAD LABORATORIES INC,"Bio-Rad Laboratories Q3 EPS $1.61 Beats $1.4 Estimate, Sales $560.6M Miss $565.03M Estimate",5,uncertain,0.6,0.3,,177,35,1.0,2019-10-31,61516.0,-3.7387531250715265,6.245097145438194,4.179487237216062,6.7878927448435045,1.9472023472189903,0.8784772485957548,-0.3384770736771458
8913,BIOLASE INC,Biolase Reports Secured $3M Revolving Line Of Credit From Pacific Mercantile Bank,5,increase,0.7,0.4,,160,35,2.0,2019-10-31,78071.0,-1.8644031137228008,0.1899833674542606,-2.987911735377702,-12.780656123714296,-3.2628338783979416,-0.8236741734487518,-2.1721153236278545
8921,BIOLASE INC,BIOLASE Prices 7.8M Share Offering @$0.575/Share,5,decrease,0.8,0.6,,157,35,0.0,2019-10-25,78071.0,-11.65958419442177,-1.3596401549875736,-3.813629860287026,-13.778812459222433,7.241589576005936,-2.4714301078062273,-1.2297512088010332
8929,BIOLASE INC,Biolase Sees Q3 Sales $8.5M-8.8M vs $10.01M Est,5,decrease,0.85,0.7,,165,35,0.0,2019-10-21,78071.0,-13.81545811891556,1.273143757134676,-13.932292605560292,-13.917822534113178,-19.80000138282776,-1.3530178210904964,-5.669255384567384
8937,BIOLASE INC,"Seeing Sharp Spike In Biolase Shares, Now Up 28%; Not Yet Seeing Any News",5,uncertain,0.5,0.5,,159,35,1.0,2019-10-17,78071.0,23.00122678279877,-19.80000138282776,-31.73000265585505,-42.10000099418907,-4.375438019633293,-7.613633175618684,8.400003612118766
8945,BIOLASE INC,BIOLASE Announces First-Ever US & Canada Regulatory Clearance Of Laser Crown And Veneer Removal,5,increase,0.85,0.7,,159,35,2.0,2019-10-15,78071.0,-3.386363387107849,-4.375438019633293,-17.666432866879834,-28.26393850490777,17.33333319425583,15.789474956037708,11.392401754922243
8953,BANK OF NEW YORK MELLON CORP,BNY Mellon Vice Chair Bill Daley Has Left Bank,5,uncertain,0.6,0.3,,161,35,1.0,2019-10-22,49656.0,1.0291246697306629,1.2787172570824623,1.7374786287780886,7.279252049835705,0.7278297562152147,2.906708208169917,2.7677759063020613
8961,BANK OF NEW YORK MELLON CORP,Bank of New York Mellon shares are trading higher after Credit Suisse raised the price target of the stock from $46 to $48.,5,increase,0.8,0.3,,175,35,2.0,2019-10-18,49656.0,2.163134515285492,0.7278297562152147,2.977505225307264,4.709336371662753,-0.1350080128759145,0.0450866879182942,1.0703739667314638
8969,BANK OF NEW YORK MELLON CORP,"Credit Suisse Maintains Neutral on Bank of New York Mellon, Raises Price Target to $48",5,uncertain,0.6,0.2,,168,35,1.0,2019-10-18,49656.0,2.163134515285492,0.7278297562152147,2.977505225307264,4.709336371662753,-0.1350080128759145,0.0450866879182942,1.0703739667314638
8977,BANK OF NEW YORK MELLON CORP,Bank of New York Mellon shares are trading higher after the company reported better-than-expected Q3 EPS results.,5,increase,0.85,0.6,,171,35,2.0,2019-10-16,49656.0,0.1803381717763841,-0.1350080128759145,5.153017548762628,5.606670813763004,1.024825219064951,0.5439747672931317,1.9770128497900383
8985,BANK OF NEW YORK MELLON CORP,Bank of New York Mellon Q3 Sales $3.861B Miss $3.91B Estimate,5,decrease,0.7,0.3,,170,35,0.0,2019-10-16,49656.0,0.1803381717763841,-0.1350080128759145,5.153017548762628,5.606670813763004,1.024825219064951,0.5439747672931317,1.9770128497900383
8993,BANK OF NEW YORK MELLON CORP,Bank of New York Mellon Q3 EPS $1.07 Beats $0.99 Estimate,5,increase,0.85,0.6,,168,35,2.0,2019-10-16,49656.0,0.1803381717763841,-0.1350080128759145,5.153017548762628,5.606670813763004,1.024825219064951,0.5439747672931317,1.9770128497900383
9001,BANK OF NEW YORK MELLON CORP,"JP Morgan Maintains Underweight on Bank of New York Mellon, Lowers Price Target to $45",5,decrease,0.8,0.6,,170,35,0.0,2019-10-10,49656.0,1.564319804310799,1.425284892320633,2.022990907322031,6.390801756526776,1.181195303797722,1.396780596769598,0.4691549897318792
9009,BANK OF NEW YORK MELLON CORP,"Morgan Stanley Maintains Underweight on Bank of New York Mellon, Lowers Price Target to $40",5,decrease,0.8,0.6,,170,35,0.0,2019-10-04,49656.0,0.4713663831353188,-0.9148471988737584,3.495186182670662,6.35702340466946,-0.1412129262462258,-2.972785892322516,-6.149079585318429
9017,BLACKROCK CAPITAL INVT CORP,"BlackRock Capital Inv Q3 EPS $0.14, Inline",5,uncertain,0.6,0.2,,161,35,1.0,2019-10-30,92090.0,-1.2738841585814948,-0.4301071166992187,6.8817136562181025,6.881713653754473,0.2127708401530981,1.508624464042274,0.8565302694968802
9025,BUCKLE INC,"The Buckle Sep. Comps Up 3% Year Over Year, Sales $77.3M vs $75.4M In Same Month Last Year",5,increase,0.75,0.4,,172,35,2.0,2019-10-10,77584.0,5.943150445818901,1.2839517556130886,2.7160458242194485,7.209872230950465,0.9389687329530716,-2.812654136655912,-3.635455758127204
9033,BLACK HILLS CORP,Black Hills Corp RAises Quarterly Dividend From $0.505 To $0.535/Share,5,increase,0.8,0.6,,161,35,2.0,2019-10-29,61946.0,0.4268553107976912,1.5971122309565544,-4.585262028301729,-3.735189778743009,-0.7064000237733126,-2.361711057280058,-2.1268520383114664
9041,BLACK HILLS CORP,Bank of America Upgrades Black Hills to Buy,5,increase,0.85,0.6,,151,35,2.0,2019-10-10,61946.0,2.014216408133507,0.8259122259914875,0.9033482913181956,2.1809297020050744,0.5293826572597027,-0.8613986460310641,-0.9518885608636674
9049,BANK SOUTH CAROLINA CORP,"Bank of South Carolina Q3 EPS $0.36 Up From $0.32 YoY, Book Value $9.33/Share vs $7.86 In Same Qtr. Last Year",5,increase,0.85,0.6,,186,35,2.0,2019-10-10,10781.0,0.7026981562376022,0.9887294843792916,1.878692505730428,0.966185331555125,-0.6524716969579458,-0.269537677118381,1.2866171290395243
9057,BANKUNITED INC,"BMO Capital Maintains Outperform on BankUnited, Raises Price Target to $39",5,increase,0.8,0.6,,157,35,2.0,2019-10-24,12515.0,-0.0289974530460313,0.1450514537282288,-0.493188145380885,2.407885182258429,1.6809191554784777,1.2628496291601676,2.162961512172301
9065,BANKUNITED INC,"JP Morgan Upgrades BankUnited to Neutral, Raises Price Target to $37",5,increase,0.8,0.6,,155,35,2.0,2019-10-24,12515.0,-0.0289974530460313,0.1450514537282288,-0.493188145380885,2.407885182258429,1.6809191554784777,1.2628496291601676,2.162961512172301
9073,BANKUNITED INC,"Stephens & Co. Assumes BankUnited at Equal-Weight, Announces $35 Price Target",5,uncertain,0.6,0.3,,159,35,1.0,2019-10-15,12515.0,0.6682904902845621,0.0301814608974382,2.3234775533272245,5.884130278441013,-0.4836869891732931,0.4821995171842008,2.249940937306127
9081,BANKUNITED INC,"Morgan Stanley Maintains Equal-Weight on BankUnited, Lowers Price Target to $37",5,decrease,0.8,0.6,,158,35,0.0,2019-10-03,12515.0,1.167437992990017,0.698449881747365,0.1214727252341063,1.9794704603079527,-0.3978000953793525,-3.182628682240274,-4.264708258560168
9089,BUILDERS FIRSTSOURCE INC,Builders FirstSource Q3 Adj. EPS $0.72 Beats $0.59 Estimate,5,increase,0.85,0.7,,160,35,2.0,2019-10-31,90720.0,1.140689197927713,7.4745625257492065,4.201675491898604,11.632017116761272,-2.2518638521432877,-2.1234701969789493,-2.4650982349247563
9097,BUILDERS FIRSTSOURCE INC,"Builders FirstSource Q3 GAAP EPS $0.67, Sales $1.981B Beat $1.87B Estimate",5,increase,0.85,0.7,,168,35,2.0,2019-10-31,90720.0,1.140689197927713,7.4745625257492065,4.201675491898604,11.632017116761272,-2.2518638521432877,-2.1234701969789493,-2.4650982349247563
9105,BUILDERS FIRSTSOURCE INC,Builders FirstSource Names William Bradley Hayes To Its Board Of Directors,5,uncertain,0.6,0.2,,154,35,1.0,2019-10-16,90720.0,4.20246422290802,1.2923306785523891,1.5151522303412657,-0.378792112669124,4.665851965546608,4.18480775115615,3.883262504853469
9113,BUILDERS FIRSTSOURCE INC,"Stephens & Co. Upgrades Builders FirstSource to Overweight, Raises Price Target to $28",5,increase,0.85,0.7,,162,35,2.0,2019-10-16,90720.0,4.20246422290802,1.2923306785523891,1.5151522303412657,-0.378792112669124,4.665851965546608,4.18480775115615,3.883262504853469
9121,BUILDERS FIRSTSOURCE INC,Builders FirstSource Receives Notice Of Non-Compliance With NASDAQ Listing Rule 5605(c)(4)(B,5,decrease,0.7,0.4,,165,35,0.0,2019-10-10,90720.0,-0.3125777002424002,-0.289433030411601,9.647853440401466,9.503141583173337,1.961263082921505,2.438427860240888,1.4390247469838302
9129,BLACKROCK INC,"Morgan Stanley Maintains Overweight on BlackRock, Raises Price Target to $554",5,increase,0.85,0.7,,156,35,2.0,2019-10-16,87267.0,0.4387403838336468,0.9565455839037896,2.387993715629788,4.6012564991834815,2.358310669660568,2.407836868135438,5.725773424448177
9137,BLACKROCK INC,BlackRock shares are trading higher after the company reported better-than-expected Q3 EPS results.,5,increase,0.85,0.7,,158,33,2.0,2019-10-15,87267.0,2.358310669660568,0.4387403838336468,1.320732361819843,4.884686920978498,0.0483851268654689,3.2898772290755884,4.084660191552292
9145,BLACKROCK INC,"Citigroup Maintains Buy on BlackRock, Lowers Price Target to $500",5,decrease,0.7,0.4,,156,35,0.0,2019-10-15,87267.0,2.358310669660568,0.4387403838336468,1.320732361819843,4.884686920978498,0.0483851268654689,3.2898772290755884,4.084660191552292
9153,BLACKROCK INC,"BlackRock Q3 Adj. EPS $7.15 Beats $6.97 Estimate, Sales $3.69B Miss $3.7B Estimate",5,uncertain,0.6,0.3,,171,35,1.0,2019-10-15,87267.0,2.358310669660568,0.4387403838336468,1.320732361819843,4.884686920978498,0.0483851268654689,3.2898772290755884,4.084660191552292
9161,BLACKROCK INC,"Morgan Stanley Maintains Overweight on BlackRock, Lowers Price Target to $547",5,decrease,0.7,0.4,,157,35,0.0,2019-10-08,87267.0,-2.365481853485107,0.9705706499516964,7.573339013224478,8.994094914262284,-0.9989680722355844,0.8484134562100509,0.668481223190831
9169,BLACKROCK INC,BMO Capital Initiates Coverage On BlackRock with Market Perform Rating,5,uncertain,0.6,0.2,,153,35,1.0,2019-10-08,87267.0,-2.365481853485107,0.9705706499516964,7.573339013224478,8.994094914262284,-0.9989680722355844,0.8484134562100509,0.668481223190831
9177,BIOLINERX LTD,BioLineRx To Present Two Posters At Society For Immunotherapy of Cancer (SITC) 2019 Nov. 6-10,5,uncertain,0.6,0.3,,172,35,1.0,2019-10-31,12912.0,-4.0441226214170465,6.896554678678513,-9.961685622916692,-1.026815943785364,3.1514309346675873,4.214564701607504,1.8726573591114624
9185,BLUEBIRD BIO INC,Bluebird Bio shares are trading lower after the company reported Q3 EPS and sales results down from last year.,5,decrease,0.85,0.7,,163,25,0.0,2019-10-31,13947.0,-2.632530778646469,2.296297065913677,-6.234571497671936,-8.93826847185517,-0.6449311971664429,-2.815415946763178,1.2290122954307314
9193,BLUEBIRD BIO INC,"bluebird bio Q3 EPS $(3.73) Down From $(2.73) YoY, Sales $8.91M Down From $11.528M YoY",5,decrease,0.85,0.7,,178,35,0.0,2019-10-31,13947.0,-2.632530778646469,2.296297065913677,-6.234571497671936,-8.93826847185517,-0.6449311971664429,-2.815415946763178,1.2290122954307314
9201,BLUEBIRD BIO INC,European Medicines Agency Approves Refined Commercial Manufacturing Specifications For ZYNTEGLO,5,increase,0.85,0.7,,158,35,2.0,2019-10-22,13947.0,-4.110190272331238,-1.789785362780094,-4.548560788536527,-7.934335013067406,2.1780461072921753,0.1642412269849735,-0.1528044017124474
9209,BLUEBIRD BIO INC,"Morgan Stanley Maintains Equal-Weight on bluebird bio, Lowers Price Target to $104",5,decrease,0.8,0.6,,161,35,0.0,2019-10-11,13947.0,-1.310041639953852,0.7261168677359819,1.577035712000474,-6.761968592500301,-0.9097966365516186,0.6763595014702473,0.6650094264192274
9217,BLUEBIRD BIO INC,"Stifel Bullish On Iovance And Fate Therapeutics, Neutral On Bluebird Bio",5,decrease,0.7,0.4,,160,35,0.0,2019-10-01,13947.0,-5.227622762322426,-0.6550215184688568,1.942085220585832,2.9073851815076823,-1.0666931048035622,-4.1844954121086015,-12.6522093965709
9225,BLUEBIRD BIO INC,"UPDATE: Stifel Initiates bluebird bio With Hold, $109 Target As Firm Thinks 'the launch of their lead product Zynteglo will be slow, and there's risk this could lag consensus expectations (informed by a payer survey)'",5,decrease,0.8,0.6,,192,35,0.0,2019-10-01,13947.0,-5.227622762322426,-0.6550215184688568,1.942085220585832,2.9073851815076823,-1.0666931048035622,-4.1844954121086015,-12.6522093965709
9233,BLUEBIRD BIO INC,"Stifel Initiates Coverage On bluebird bio with Hold Rating, Announces $109 Price Target",5,uncertain,0.6,0.3,,160,35,1.0,2019-10-01,13947.0,-5.227622762322426,-0.6550215184688568,1.942085220585832,2.9073851815076823,-1.0666931048035622,-4.1844954121086015,-12.6522093965709
9241,BANCO LATINOAMERICANO DE CO EX S,Foreign Trade Bank Q3 EPS $0.52 Misses $0.55 Estimate,5,decrease,0.8,0.3,,171,35,0.0,2019-10-18,77920.0,-0.7063541561365129,0.6605648435652256,6.9613767514720815,7.692542203249242,-0.2516413806006312,-0.1008087533494905,0.7625806399905066
9249,BADGER METER INC,"Baird Maintains Neutral on Badger Meter, Raises Price Target to $52",5,increase,0.7,0.3,,158,35,2.0,2019-10-18,53110.0,6.4202286303043365,-3.2408125698566437,-3.72278187635553,-3.2574356482772515,10.128556191921234,5.465398947890754,6.9820296493119605
9257,BADGER METER INC,"Badger Meter Q3 EPS $0.44 Beats $0.43 Estimate, Sales $108.646M Miss $111.29M Estimate",5,uncertain,0.6,0.3,,172,35,1.0,2019-10-17,53110.0,10.12855619192123,6.4202286303043365,3.3073913201816074,2.228508110515781,-4.234285280108452,-2.8571395570880176,-2.765149611535822
9265,BANK OF MARIN BANCORP,"Bank of Marin Q3 EPS $0.69 Beats $0.61 Estimate, Sales $24.151M Beat $23.98M Estimate",5,increase,0.85,0.6,,178,35,2.0,2019-10-21,87476.0,1.427557226270437,3.026031143963337,3.213696684546896,4.956971562520618,0.35816072486341,2.014558259434618,1.4727200181425817
9273,BIOMARIN PHARMACEUTICAL INC,"Citigroup Maintains Buy on Biomarin Pharmaceutical, Lowers Price Target to $95",5,uncertain,0.6,0.3,,169,35,1.0,2019-10-30,87056.0,-0.9963617660105228,-0.4351960960775614,1.7815824704120242,3.5495724424638553,2.9383160173892975,4.326441941466075,6.940244618297409
9281,BIOMARIN PHARMACEUTICAL INC,"Canaccord Genuity Maintains Buy on Biomarin Pharmaceutical, Lowers Price Target to $108",5,decrease,0.7,0.4,,172,35,0.0,2019-10-28,87056.0,1.348502654582262,2.9383160173892975,1.9126780133682295,4.407484617815305,2.5054076686501503,3.1589628763215583,5.108517545469193
9289,BIOMARIN PHARMACEUTICAL INC,"Wedbush Maintains Outperform on Biomarin Pharmaceutical, Raises Price Target to $152",5,increase,0.8,0.6,,170,35,2.0,2019-10-25,87056.0,2.50540766865015,1.348502654582262,3.4274402016918337,6.616096134526783,0.6375811994075775,2.539485414499909,1.505405959899586
9297,BIOMARIN PHARMACEUTICAL INC,"Barclays Maintains Equal-Weight on Biomarin Pharmaceutical, Lowers Price Target to $86",5,decrease,0.8,0.6,,172,35,0.0,2019-10-24,87056.0,0.6375811994075775,2.5054076686501503,5.413970204092466,8.567321570048868,1.8898548558354376,0.862326727400653,-0.2024575581585308
9305,BIOMARIN PHARMACEUTICAL INC,"Nomura Maintains Neutral on Biomarin Pharmaceutical, Lowers Price Target to $77",5,decrease,0.75,0.4,,169,35,0.0,2019-10-24,87056.0,0.6375811994075775,2.5054076686501503,5.413970204092466,8.567321570048868,1.8898548558354376,0.862326727400653,-0.2024575581585308
9313,BIOMARIN PHARMACEUTICAL INC,"Biomarin Pharmaceutical Q3 EPS $0.30 Beats $0.07 Estimate, Sales $461.1M Beat $454.22M Estimate",5,increase,0.85,0.7,,183,35,2.0,2019-10-23,87056.0,1.8898548558354384,0.6375811994075775,6.549770300389768,8.448042330325789,-1.0084695182740688,-2.0535041658017894,-0.2503654582611148
9321,BIOMARIN PHARMACEUTICAL INC,Biomarin Pharmaceuticals shares are trading higher on anticipation of the release of the company's Q3 earnings scheduled for release today after the close.,5,increase,0.7,0.5,,178,35,2.0,2019-10-23,87056.0,1.8898548558354384,0.6375811994075775,6.549770300389768,8.448042330325789,-1.0084695182740688,-2.0535041658017894,-0.2503654582611148
9329,BIOMARIN PHARMACEUTICAL INC,"Bank of America Reinstates Buy on Biomarin Pharmaceutical, Announces $90 Price Target",5,increase,0.85,0.7,,169,35,2.0,2019-10-17,87056.0,-0.0588768220040947,1.8409425392746923,2.282761961943325,7.820320218485755,-0.8319948799908161,1.0410538667403602,0.8610478703953595
9337,BRISTOL MYERS SQUIBB CO,"Bristol-Myers Squibb Posts Q3 Earnings Beat, Raises Full-Year Guidance",5,increase,0.85,0.7,,168,35,2.0,2019-10-31,19393.0,0.879198219627142,-0.3660433925688267,0.3660500532687072,1.9871002104309143,1.9723838195204737,2.3025701821675737,3.437612573867188
9345,BRISTOL MYERS SQUIBB CO,Bristol-Myers Raises FY19 Adj. EPS Guidance From $4.20-$4.30 To $4.25-$4.35 vs $4.28 Estimate,5,increase,0.75,0.4,,187,35,2.0,2019-10-31,19393.0,0.879198219627142,-0.3660433925688267,0.3660500532687072,1.9871002104309143,1.9723838195204737,2.3025701821675737,3.437612573867188
9353,BRISTOL MYERS SQUIBB CO,Bristol Myers Highlights CheckMate -9LA Met Primary Endpoint,5,increase,0.85,0.7,,163,35,2.0,2019-10-31,19393.0,0.879198219627142,-0.3660433925688267,0.3660500532687072,1.9871002104309143,1.9723838195204737,2.3025701821675737,3.437612573867188
9361,BRISTOL MYERS SQUIBB CO,"Bristol-Myers Squibb Q3 Adj. EPS $1.17 Beats $1.07 Estimate, Sales $6.007B Beat $5.9B Estimate",5,increase,0.85,0.6,,187,35,2.0,2019-10-31,19393.0,0.879198219627142,-0.3660433925688267,0.3660500532687072,1.9871002104309143,1.9723838195204737,2.3025701821675737,3.437612573867188
9369,BRISTOL MYERS SQUIBB CO,European Commission Approves Bristol-Myers Squibb's Opdivo (nivolumab) Four-Week Dosing Schedule For  Adjuvant Treatment Of Adult Patients With Melanoma With Involvement Of Lymph Nodes Or Metastatic Disease Who Have Undergone Complete Resection,5,increase,0.8,0.6,,210,35,2.0,2019-10-24,19393.0,-0.7303296122699976,1.121943350881338,5.5177488343375325,5.903996610153595,0.6431501358747482,2.951127207743176,3.2811648593873644
9377,BRISTOL MYERS SQUIBB CO,"UBS Maintains Neutral on Bristol-Myers Squibb, Raises Price Target to $53",5,uncertain,0.6,0.3,,169,35,1.0,2019-10-23,19393.0,0.6431501358747482,-0.7303296122699976,3.83421291706898,3.99853676034041,2.2932281717658043,2.621156750311515,3.815337780639938
9385,BRISTOL MYERS SQUIBB CO,"Bristol-Myers Squibb shares are trading higher after the company announced that CheckMate -9LA, a pivotal Phase 3 trial evaluating Opdivo plus low-dose Yervoy combined with chemotherapy met its primary endpoint.",5,increase,0.85,0.7,,196,35,2.0,2019-10-22,19393.0,2.293228171765804,0.6431501358747482,2.4807098591382193,3.619994956090955,0.3205770161002874,1.4879866791555951,3.2809211775121305
9393,BRISTOL MYERS SQUIBB CO,Bristol-Myers Squibb Phase 3 Trial Of Opdivo Plus Low-Dose Yervoy Combined With Chemotherapy Meets Primary Endpoint,5,increase,0.85,0.7,,180,35,2.0,2019-10-22,19393.0,2.293228171765804,0.6431501358747482,2.4807098591382193,3.619994956090955,0.3205770161002874,1.4879866791555951,3.2809211775121305
9401,BRISTOL MYERS SQUIBB CO,"Bank of America Reinstates Buy on Bristol-Myers Squibb, Announces $60 Price Target",5,increase,0.8,0.6,,170,35,2.0,2019-10-17,19393.0,1.766647025942802,1.1636791750788689,3.719955786013851,9.44296243737204,-0.6174097768962383,-0.096980307366401,-0.1937653220245083
9409,BRISTOL MYERS SQUIBB CO,"Bank of America Reiterates Neutral on Bristol-Myers Squibb, Raises Price Target to $50",5,uncertain,0.6,0.3,,171,35,1.0,2019-10-10,19393.0,-0.0983731006272137,1.6345053911209106,3.229616830427018,7.069712934590422,0.9332828223705292,-0.0982689168026351,0.1576390964344254
9417,BANK OF HAWAII CORP,"Bank of Hawaii Q3 EPS $1.29 Misses $1.38 Estimate, Sales $171.403M Beat $169.47M Estimate",5,decrease,0.7,0.4,,177,35,0.0,2019-10-28,16548.0,-0.3808006178587675,1.946021430194378,2.4325245548894703,3.880456890087225,0.0808492070063948,-0.2302520698870602,-0.4823130004669829
9425,B O K FINANCIAL CORP,BOK Financial Q3 EPS $2 Beats $1.92 Estimate,5,increase,0.85,0.6,,162,35,2.0,2019-10-23,76892.0,-0.4055345430970192,-1.0561066679656506,0.6489402464664229,5.611405961053961,0.3944086376577616,0.9724915242775634,1.024200548041576
9433,B O K FINANCIAL CORP,"Morgan Stanley Maintains Equal-Weight on BOK Financial, Lowers Price Target to $88",5,decrease,0.75,0.4,,167,35,0.0,2019-10-03,76892.0,-0.9776793420314788,0.3335557179525494,-0.8405566963627376,4.216149146211046,-1.483794581145048,-4.371445411496532,-5.233504720748295
9441,BOOT BARN HOLDINGS INC,"Boot Barn Sees Q3 EPS $0.73-$0.77 vs $0.75 Est., Sales $275M-$280M vs $278.52M Est.; Raises FY20 EPS Guidance From $1.57-$1.65 To $1.67-$1.75 vs $1.67 Est.",5,,,,,212,35,,2019-10-30,14953.0,1.055774837732315,-6.107694655656815,1.3929729700009386,13.581568635457586,-2.1975161507725716,-1.8075501081244785,-0.16216590500846
9449,BOOT BARN HOLDINGS INC,"Boot Barn Holdings Q2 EPS $0.26 Beats $0.2 Estimate, Sales $187.2M Beat $184.14M Estimate",5,increase,0.85,0.6,,176,35,2.0,2019-10-30,14953.0,1.055774837732315,-6.107694655656815,1.3929729700009386,13.581568635457586,-2.1975161507725716,-1.8075501081244785,-0.16216590500846
9457,BOOT BARN HOLDINGS INC,"Stephens & Co. Initiates Coverage On Boot Barn Holdings with Overweight Rating, Announces $46 Price Target",5,increase,0.8,0.6,,168,35,2.0,2019-10-09,14953.0,3.843813762068747,-0.352534488774836,7.84370757732562,9.48883484759997,-4.875218495726585,-6.583075825711737,-4.542811002109826
9465,B O S BETTER ONLINE SOLNS LTD,"B.O.S. Expects To Record ~$600K Write Off In Q3, Primarily Related To Robotics Acquisition; Co. Also Cuts FY19 Sales Guidance From $36M To $33M",5,decrease,0.85,0.7,,190,35,0.0,2019-10-29,83486.0,-12.1076226234436,-1.6683705151081083,-1.5306169441803965,-2.5510240706543175,4.205603152513504,5.552138557278075,9.313728294489689
9473,B P PLC,Argus Research Downgrades BP to Hold,5,decrease,0.8,0.6,,147,35,0.0,2019-10-31,29890.0,-1.430055219680071,2.083885297179222,5.341598239350875,4.43070916331052,1.397307589650154,-1.9877740236358576,-2.2617519556924037
9481,B P PLC,BP PLC shares are trading lower after the company reported its Q3 earnings results.,5,decrease,0.8,0.6,,153,25,0.0,2019-10-29,29890.0,-3.3384334295988083,1.397307589650154,5.009231536751457,4.777297773867928,-0.2795344451442361,0.0765176923415156,0.460830244479582
9489,POPULAR INC,"Popular Q3 EPS $1.7 Beats $1.6 Estimate, Sales $476.99M Miss $479.68M Estimate",5,uncertain,0.6,0.3,,166,35,1.0,2019-10-23,16505.0,-1.9974550232291224,0.4261618480086326,2.7237305894866948,3.2240093523101976,-0.451916130259633,1.045871037054047,0.4377126914302476
9497,BROADRIDGE FINANCIAL SOLUTNS INC,"Broadridge Reports Acquisition Of Fi360, No Terms Disclosed",5,increase,0.75,0.4,,167,35,2.0,2019-10-10,91849.0,1.406822726130486,1.468904409557581,2.317607655781484,1.8279729663307265,1.0621365159749985,-0.7800350295502301,-1.756100605579458
9505,BRADY CORP,Northcoast Downgrades Brady to Neutral,5,decrease,0.8,0.6,,151,35,0.0,2019-10-31,18973.0,-3.774550184607506,1.206958293914795,0.461480922662405,-2.254171892592438,0.3255631076171994,0.965679505074224,2.6652646786344603
9513,BROOKLINE BANCORP INC,"Brookline Bancorp Q3 EPS $0.28, Inline; Raises Qtr. Dividend From $0.11 To $0.115/Share",5,increase,0.7,0.3,,179,35,2.0,2019-10-23,85860.0,1.179550122469664,3.691714257001877,3.0440433276113676,3.5621775909853604,-0.1962049165740609,1.3953490202905705,1.5978678824837056
9521,BRUKER CORP,Bruker shares are trading higher after the company reported better-than-expected Q3 EPS and sales results. The company also raised its FY19 EPS guidance from below analyst estimates to in-line.,5,increase,0.85,0.7,,180,35,2.0,2019-10-31,88504.0,-0.1570556312799454,12.584266066551208,5.842692802661764,10.494377562749357,0.8827510289847851,0.6321941604426673,1.9208785300922404
9529,BRUKER CORP,Bruker Raises FY19 Adj. EPS Guidance From $1.57-$1.61 To $1.59-$1.62 vs $1.61 Estimate,5,increase,0.7,0.3,,176,35,2.0,2019-10-31,88504.0,-0.1570556312799454,12.584266066551208,5.842692802661764,10.494377562749357,0.8827510289847851,0.6321941604426673,1.9208785300922404
9537,BRUKER CORP,"Bruker Q3 Adj. EPS $0.43 Beats $0.38 Estimate, Sales $521.1M Beat $496.69M Estimate",5,increase,0.85,0.7,,174,35,2.0,2019-10-31,88504.0,-0.1570556312799454,12.584266066551208,5.842692802661764,10.494377562749357,0.8827510289847851,0.6321941604426673,1.9208785300922404
9545,BRUKER CORP,Bruker Announces Acquisition Of Magnettech's EPR Business; Terms Not Disclosed,5,increase,0.75,0.6,,160,35,2.0,2019-10-02,88504.0,-0.5032049957662821,1.0344845242798328,-1.3103440569255276,-0.3908003961969331,-0.4780311603099108,-1.575859939397073,-1.509344868847029
9553,BROWN & BROWN INC,Brown & Brown shares are trading higher after the company reported better-than-expected Q3 EPS and sales results.,5,increase,0.85,0.6,,165,33,2.0,2019-10-29,63467.0,4.043504595756531,1.0184862650930882,-0.5896575490282885,1.6495587789005173,-0.2780825365334749,-2.6601508498102944,-1.266517436262138
9561,BROWN & BROWN INC,"Brown & Brown Q3 Adj. EPS $0.39 Beats $0.38 Estimate, Sales $618.7M Beat $609.98M Estimate",5,increase,0.85,0.6,,176,35,2.0,2019-10-28,63467.0,-0.2780825365334748,4.043504595756531,3.6530884784529816,5.871562707803246,-2.3887109011411667,-0.9911912294413904,-1.1544860183403285
9569,BROWN & BROWN INC,"Raymond James Maintains Outperform on Brown & Brown, Raises Price Target to $39",5,increase,0.8,0.6,,162,35,2.0,2019-10-14,63467.0,0.1664749113842845,-0.1939049805514514,1.440444489616377,-0.6648142178136918,0.2782478928565979,1.2644022914866326,2.0674016834671294
9577,BROWN & BROWN INC,"Brown & Brown, Inc. Announces the Asset Acquisition of VGW Insurance, Terms Not Disclosed",5,increase,0.75,0.4,,163,35,2.0,2019-10-14,63467.0,0.1664749113842845,-0.1939049805514514,1.440444489616377,-0.6648142178136918,0.2782478928565979,1.2644022914866326,2.0674016834671294
9585,BROWN & BROWN INC,"Brown & Brown Reports Its Brown & Brown Of Massachusetts Unit Purchased Substantially All Assets Of Poole Professional Cos., No Terms Disclosed",5,increase,0.75,0.4,,171,35,2.0,2019-10-11,63467.0,0.2782478928565979,0.1664749113842845,0.7769111187368782,-0.2219808086392327,0.983418058604002,1.7841893214191051,-0.6633544450505791
9593,BROWN & BROWN INC,"SunTrust Robinson Humphrey Maintains Buy on Brown & Brown, Raises Price Target to $42",5,increase,0.8,0.6,,163,35,2.0,2019-10-09,63467.0,0.7929730229079723,0.983418058604002,1.376795987870194,2.0511366686209787,-2.4046404287219048,-3.02114380701125,-0.8702907524278602
9601,BROWN & BROWN INC,"Barclays Maintains Underweight on Brown & Brown, Raises Price Target to $30",5,uncertain,0.6,0.3,,162,35,1.0,2019-10-02,63467.0,-0.8469769731163979,1.4236902818083763,1.3382723651003348,2.7334936331999904,-1.7748285084962845,-1.0338159229954735,-1.8564753778380516
9609,B R P GROUP INC,BRP Group Shares Open For Trade At $17.38; IPO Priced At $14/Share,5,increase,0.85,0.7,,163,35,2.0,2019-10-24,19002.0,,-1.3439292088150978,-1.0384853965003216,1.099562565588652,,,
9617,B R P GROUP INC,BRP Group Shares Indicated $17.45 On 851K Shares,5,uncertain,0.6,0.3,,157,35,1.0,2019-10-24,19002.0,,-1.3439292088150978,-1.0384853965003216,1.099562565588652,,,
9625,B R P GROUP INC,BRP Group Shares Recently Indicated $18.20 On 220K Shares; IPO Priced At $14/Share,5,increase,0.85,0.7,,167,35,2.0,2019-10-24,19002.0,,-1.3439292088150978,-1.0384853965003216,1.099562565588652,,,
9633,BRIXMOR PROPERTY GROUP INC,"Brixmor Property Group shares are trading higher after the company reported Q3 FFO of $0.49, up from $0.42 year-over-year and better-than-expected Q3 sales results.",5,increase,0.85,0.7,,187,35,2.0,2019-10-28,14181.0,-0.1421833410859108,1.613669469952583,4.8884702855311435,2.8001906052012693,1.0536457411944866,0.285168535209479,-0.2364030238436232
9641,BRIXMOR PROPERTY GROUP INC,"Brixmor Property Group Q3 FFO $0.49 Up From $0.42 YoY, EPS $0.27 vs $0.49 In Same Qtr. Last Year, Sales $292.965M Beat $290.49M Estimate",5,uncertain,0.6,0.3,,199,35,1.0,2019-10-28,14181.0,-0.1421833410859108,1.613669469952583,4.8884702855311435,2.8001906052012693,1.0536457411944866,0.285168535209479,-0.2364030238436232
9649,BANCO SANTANDER CHILE NEW,Banco Santander Chile Q3 EPS $0.4 Misses $0.54 Estimate,5,decrease,0.8,0.6,,167,35,0.0,2019-10-30,84386.0,-5.583170428872108,-1.8631065264344215,-2.1061178587016505,-7.290405673555855,-2.968464232981205,-2.968464232981205,-4.3875712122308785
9657,BANCO SANTANDER CHILE NEW,Credicorp Capital Sells The Majority Of The Banco Santander Chile's Participation In Nexus,5,decrease,0.7,0.4,,166,35,0.0,2019-10-14,84386.0,-0.1036293106153607,0.1383091555908322,-5.2904586319672315,-6.811892323357549,1.8290553241968155,2.1884956594312666,3.2085616003189044
9665,BASSETT FURNITURE INDUSTRIES INC,"Bassett Furniture Indus Q3 EPS $0.21 Down From $0.28 YoY, Sales $109.4M Down From $112.956M YoY",5,decrease,0.8,0.6,,188,35,0.0,2019-10-03,17137.0,-1.349526364356279,0.8207926526665688,-4.924762394396776,1.6415855396372914,-3.3898334950208664,-3.1372581363077856,-1.658925052124105
9673,SIERRA BANCORP,"Sierra Bancorp Q3 EPS $0.58 Beats $0.56 Estimate, Sales $30.244M Miss $30.32M Estimate",5,uncertain,0.6,0.2,,175,35,1.0,2019-10-21,87014.0,0.0374680734239518,1.123592630028725,2.9962516954669782,4.19295202730352,0.5273118615150452,0.9837314744988168,1.098488344533055
9681,BOSTON SCIENTIFIC CORP,Boston Scientific shares are trading higher after the company reported better-than-expected Q3 EPS and sales results.,5,increase,0.85,0.7,,168,35,2.0,2019-10-23,77605.0,5.002618581056595,1.1224763467907906,4.789219764280572,1.5714669275491475,-1.2160444632172585,-0.7538364507480244,0.0262042199202561
9689,BOSTON SCIENTIFIC CORP,"Boston Scientific Sees Q4 Adj. EPS $0.42-$0.45 vs $0.44 Est., Sees FY19 Adj. EPS $1.55-$1.58 vs $1.56 Est.",5,uncertain,0.6,0.3,,193,35,1.0,2019-10-23,77605.0,5.002618581056595,1.1224763467907906,4.789219764280572,1.5714669275491475,-1.2160444632172585,-0.7538364507480244,0.0262042199202561
9697,BOSTON SCIENTIFIC CORP,"Boston Scientific Q3 EPS $0.39 Beats $0.38 Estimate, Sales $2.71B Beat $2.65B Estimate",5,increase,0.85,0.6,,177,35,2.0,2019-10-23,77605.0,5.002618581056595,1.1224763467907906,4.789219764280572,1.5714669275491475,-1.2160444632172585,-0.7538364507480244,0.0262042199202561
9705,BOSTON SCIENTIFIC CORP,Boston Scientific Option Alert: Fri $39.5 Calls at the Ask: 2761 @ $0.641 vs 127 OI; Earnings 10/23 Before Open Ref=$38.87,5,increase,0.75,0.6,,189,35,2.0,2019-10-22,77605.0,-1.216044463217258,5.002618581056595,9.350444312355188,6.312204816529432,0.4678978584706783,1.257540940112456,1.2310141798901109
9713,BOSTON SCIENTIFIC CORP,"Raymond James Maintains Strong Buy on Boston Scientific, Lowers Price Target to $48",5,uncertain,0.6,0.3,,166,35,1.0,2019-10-14,77605.0,-0.6800897885113956,1.2904868461191654,1.7908882787274203,9.481164995114533,0.65824119374156,-0.984203701765074,0.9506222015985388
9721,BRITISH AMERICAN TOBACCO PLC,British American Tobacco's Reynolds American Submits Pre-Market Tobacco Product App For Vuse Products,5,increase,0.75,0.6,,168,35,2.0,2019-10-11,59504.0,-0.865548849105835,-0.1164171029813587,0.4947559755097197,1.280554653429089,0.5511999595910311,0.8731060390033685,-0.1440485192594098
9729,BRITISH AMERICAN TOBACCO PLC,British American Tobacco shares are trading lower. Not seeing any company specific news to justify price action.,5,decrease,0.8,0.6,,168,35,0.0,2019-10-02,59504.0,-2.937970869243145,-0.9469302371144296,-1.575106086485889,-1.3752304732519094,-0.3794124582782388,1.6874045874452517,2.0544082343569636
9737,PEABODY ENERGY CORP NEW,Peabody Energy shares are trading lower on continued momentum after the company reported Q3 EPS of $(0.81) vs the $(0.17) estimate and worse-than-expected Q3 sales results. B. Riley downgraded the stock from Buy to Neutral following the earnings release.,5,decrease,0.9,0.7,,204,34,0.0,2019-10-31,16689.0,-11.06419265270233,-2.9439646750688553,3.1339025874996818,-8.357075986417396,-5.128200352191925,-25.32691098226816,-24.000228494340213
9745,PEABODY ENERGY CORP NEW,Peabody Energy shares are trading lower after the company reported Q3 EPS of $(0.81) vs the $(0.17) estimate and worse-than-expected Q3 sales results. B. Riley downgraded the stock from Buy to Neutral following the earnings release.,5,decrease,0.9,0.7,,201,35,0.0,2019-10-30,16689.0,-5.128200352191925,-11.064192652702332,-8.19256969547303,-18.0743267395474,-21.290531754493713,-19.892136770048417,-20.14548327644278
9753,PEABODY ENERGY CORP NEW,B. Riley Downgrades Peabody Energy to Neutral,5,decrease,0.8,0.6,,158,35,0.0,2019-10-30,16689.0,-5.128200352191925,-11.064192652702332,-8.19256969547303,-18.0743267395474,-21.290531754493713,-19.892136770048417,-20.14548327644278
9761,PEABODY ENERGY CORP NEW,Peabody Energy shares are trading lower after the company reported Q3 EPS of $(0.81) vs the $(0.17) estimate and worse-than-expected Q3 sales results.,5,decrease,0.9,0.7,,184,35,0.0,2019-10-29,16689.0,-21.29053175449371,-5.128200352191925,-13.461533688664485,-22.836534432227097,1.7766540870070455,1.4547785718477702,-1.4742000549955891
9769,PEABODY ENERGY CORP NEW,"Peabody Energy Q3 EPS $(0.81) Does Not Compare To $(0.17) Estimate, Sales $1.11B Miss $1.13B Estimate",5,decrease,0.85,0.7,,182,35,0.0,2019-10-29,16689.0,-21.29053175449371,-5.128200352191925,-13.461533688664485,-22.836534432227097,1.7766540870070455,1.4547785718477702,-1.4742000549955891
9777,PEABODY ENERGY CORP NEW,"B. Riley Maintains Buy on Peabody Energy, Lowers Price Target to $26",5,decrease,0.7,0.4,,165,35,0.0,2019-10-17,16689.0,1.65499821305275,-3.5691961646080017,-1.001877393855699,-33.29778817541879,-0.6953202188014984,1.8146450904768407,1.2894894492225584
9785,ANHEUSER BUSCH INBEV SA NV,"Anheuser-Busch InBev Shares Spike ~0.5% Over $80.40, $80.60 Levels, Pullback From Session High At $80.80; Shares Up ~0.5% For Session",5,uncertain,0.6,0.2,,199,35,1.0,2019-10-30,93013.0,0.7718101609498262,-0.2223598770797252,-2.0012293816314197,-2.0629997165099057,-0.802669208496809,-1.8330685300523508,-12.30348990497554
9793,ANHEUSER BUSCH INBEV SA NV,Anheuser-Busch InBev shares are trading lower after the company reported worse-than-expected Q3 sales results.,5,decrease,0.85,0.6,,176,35,0.0,2019-10-25,93013.0,-10.66593527793884,-1.0387369431555271,-3.01845434562995,-4.093851206562659,0.1530717127025127,-0.3155957182289226,-1.958687581649321
9801,ANHEUSER BUSCH INBEV SA NV,Anheuser-Busch InBev Shares Fall 9% Premarket on Flat Earnings Growth; Lowered 2019 Ebitda Guidance,5,decrease,0.9,0.7,,181,35,0.0,2019-10-25,93013.0,-10.66593527793884,-1.0387369431555271,-3.01845434562995,-4.093851206562659,0.1530717127025127,-0.3155957182289226,-1.958687581649321
9809,ANHEUSER BUSCH INBEV SA NV,"Anheuser-Busch InBev, Tilray Plan CBD-Infused Drinks Via Joint Venture",5,increase,0.75,0.6,,172,35,2.0,2019-10-11,93013.0,0.8191349916160107,-1.1158041656017303,0.7799818083677135,-11.353045077693924,-1.0483100078999996,-0.4241429227425763,-1.5483897568772775
9817,ANHEUSER BUSCH INBEV SA NV,Anheuser-Busch Charges Into California Electric Truck Demonstration Race,5,increase,0.75,0.4,,165,35,2.0,2019-10-02,93013.0,-2.442681416869164,0.9224730543792248,1.6143215842946643,1.33977724981873,-1.9022651016712189,-1.1438275268036868,-1.7266867149544507
9825,ANHEUSER BUSCH INBEV SA NV,Anheuser-Busch InBev shares are trading lower in sympathy with the overall market amid global recession concerns.,5,decrease,0.8,0.6,,174,35,0.0,2019-10-02,93013.0,-2.442681416869164,0.9224730543792248,1.6143215842946643,1.33977724981873,-1.9022651016712189,-1.1438275268036868,-1.7266867149544507
9833,BURLINGTON STORES INC,"UPDATE: Credit Suisse Maintains Outperform On Burlington Stores, Raises Tgt To $245 On 'Conservative 4Q guidance + emerging SSS/margin drivers (with accelerating tailwinds from stepped up 2019 new store opens) that should support a best-in-class EPS algo'",5,increase,0.85,0.7,,201,35,2.0,2019-10-18,14182.0,-0.0493735366035252,-3.2551229000091553,-3.1266987736262686,-5.216101484136759,-1.4642899855971336,-0.0739979317840422,1.0678107231717917
9841,BURLINGTON STORES INC,"Credit Suisse Maintains Outperform on Burlington Stores, Raises Price Target to $245",5,increase,0.85,0.7,,160,35,2.0,2019-10-18,14182.0,-0.0493735366035252,-3.2551229000091553,-3.1266987736262686,-5.216101484136759,-1.4642899855971336,-0.0739979317840422,1.0678107231717917
9849,BURLINGTON STORES INC,Canada Goose Holdings Get Small Spike As Traders Circulate Unconfirmed Chatter Indicating Burlington Stores Has Approached The Company With An M&A Offer,5,increase,0.8,0.6,,172,35,2.0,2019-10-04,14182.0,0.1859603333286941,-0.2732656896114349,2.871877896411501,4.382572850893318,-0.8704987354576588,-2.6745800289602717,-3.1178113428435905
9857,FIRST BUSEY CORP,"First Busey Q3 EPS $0.55 Beats $0.52 Estimate, Sales $104.412M Beat $102.99M Estimate",5,increase,0.85,0.6,,175,35,2.0,2019-10-22,86382.0,0.0,2.8324127197265625,4.6813554140603175,6.963023111747635,1.113765686750412,1.883764717291436,2.2495264697016015
9865,FIRST BUSEY CORP,"B. Riley Maintains Neutral on First Busey, Lowers Price Target to $27",5,decrease,0.8,0.6,,163,35,0.0,2019-10-04,86382.0,0.4262209869921207,-0.0808425946161151,0.2425200931848836,2.4721050817877677,-0.3035162109881639,-0.4646455254757597,-2.551425799490259
9873,COMPANIA DE MINAS BV SA,"Buenaventura Reports Q3 Production Results; Reaffirms FY19 Gold Production For Orcopampa, Tambomayo, Tantahuatay, Yanacohca, Narrows Estimate For La Zanja, Cuts Estimate For El Brocal",5,uncertain,0.6,0.3,,195,35,1.0,2019-10-09,83445.0,-1.7759578302502628,1.3212766498327255,0.1390786121616694,-4.033379071085452,1.1748449876904488,-1.8108618860132708,1.1748449509924708
9881,BORGWARNER INC,BorgWarner shares are trading higher after the company reported better-than-expected Q3 EPS and sales results.,5,increase,0.85,0.7,,164,24,2.0,2019-10-31,79545.0,6.2452226877212516,4.726490378379822,10.29270822102979,6.381957061062615,-1.1589798144996166,-2.9200700307867145,-1.2336395262548483
9889,BORGWARNER INC,"UPDATE: BorgWarner Cuts FY19 Guidance: Adj. EPS From $4-$4.35 To $3.85-$4 vs $3.82 Estimate, Sales From $9.9B-$10.37B To $9.95B-$10.1B vs $9.99B Est.",5,decrease,0.8,0.6,,206,35,0.0,2019-10-31,79545.0,6.2452226877212516,4.726490378379822,10.29270822102979,6.381957061062615,-1.1589798144996166,-2.9200700307867145,-1.2336395262548483
9897,BORGWARNER INC,BorgWarner Cuts FY19 Guidance,5,decrease,0.85,0.7,,150,35,0.0,2019-10-31,79545.0,6.2452226877212516,4.726490378379822,10.29270822102979,6.381957061062615,-1.1589798144996166,-2.9200700307867145,-1.2336395262548483
9905,BORGWARNER INC,"BorgWarner Q3 Adj. EPS $0.96 Beats $0.85 Estimate, Sales $2.492B Beat $2.39B Estimate",5,increase,0.85,0.7,,175,35,2.0,2019-10-31,79545.0,6.2452226877212516,4.726490378379822,10.29270822102979,6.381957061062615,-1.1589798144996166,-2.9200700307867145,-1.2336395262548483
9913,BORGWARNER INC,"BorgWarner Reports Partnership With 1 Of China's New Energy Vehicle Brands To Supply Full-Integrated Drive Module For Pure Electric Vehicles, No Terms Disclosed",5,increase,0.8,0.6,,173,35,2.0,2019-10-29,79545.0,-1.7817402258515362,-1.1589798144996166,13.529863818724053,15.19275073998243,1.7371566966176033,2.8244291875180183,1.0755387166702102
9921,BORGWARNER INC,BorgWarner Highlights Co.'s Corporate Advanced Engineering Unit's First High-Voltage All-Electric Demonstration Vehicle,5,increase,0.85,0.7,,165,35,2.0,2019-10-25,79545.0,1.068707369267941,1.7371566966176033,9.894260544902789,16.591137890385355,-1.700851134955883,-1.107202789114059,0.8209330718330188
9929,BORGWARNER INC,Guggenheim Initiates Coverage On BorgWarner with Neutral Rating,5,uncertain,0.6,0.2,,156,35,1.0,2019-10-16,79545.0,1.590252481400967,-0.8087695576250553,4.304715874251652,2.348024284224959,1.780414953827858,1.424727800657255,6.581914903511632
9937,BROADWIND INC,"Broadwind Energy Q3 EPS $(0.06) Beats $(0.08) Estimate, Sales $46.14M Beat $45.28M Estimate",5,increase,0.75,0.4,,174,35,2.0,2019-10-29,92917.0,2.631576545536518,0.6410326808691025,0.1410260878703439,-1.9230749281089032,-1.9354820251464844,-1.9354820251464844,-1.2987000351302846
9945,BANKWELL FINANCIAL GROUP INC,Bankwell Financial Gr Q3 GAAP EPS $0.52 Down From $0.62 YoY,5,decrease,0.75,0.4,,169,35,0.0,2019-10-30,14650.0,1.94690003991127,-0.6249944679439068,0.1388920467475518,0.4166696068281128,1.1457202956080437,2.6899300534014348,1.765128822527684
9953,BLACKSTONE INC,"Morgan Stanley Maintains Overweight on Blackstone Group, Raises Price Target to $60",5,increase,0.85,0.7,,155,35,2.0,2019-10-25,92108.0,1.556198671460152,-0.1324246986769139,2.440407076473017,-1.6259025625952828,1.048341952264309,6.008148355686038,6.029739382618637
9961,BLACKSTONE INC,"Barclays Maintains Overweight on Blackstone Group, Raises Price Target to $56",5,increase,0.8,0.6,,156,35,2.0,2019-10-24,92108.0,1.048341952264309,1.5561986714601517,2.132566078176157,-0.3470413912276093,4.908350110054016,4.929717137474232,6.447610956541561
9969,BLACKSTONE INC,"BMO Capital Maintains Market Perform on Blackstone Group, Raises Price Target to $47",5,increase,0.7,0.4,,156,35,2.0,2019-10-24,92108.0,1.048341952264309,1.5561986714601517,2.132566078176157,-0.3470413912276093,4.908350110054016,4.929717137474232,6.447610956541561
9977,BLACKSTONE INC,Blackstone Group Option Alert: Jan 17 $49 Calls Sweep (3) near the Ask: 1503 @ $4.0 vs 2177 OI; Earnings 10/23 Before Open Ref=$51.8404,5,,,,,186,35,,2019-10-23,92108.0,4.908350110054016,1.048341952264309,2.83440685644083,1.951484145293336,0.020367327670101,1.4672434032875217,2.7196636684510667
9985,BLACKSTONE INC,Blackstone Group shares are trading higher after the company reported better-than-expected Q3 EPS and sales results.,5,increase,0.85,0.7,,159,33,2.0,2019-10-23,92108.0,4.908350110054016,1.048341952264309,2.83440685644083,1.951484145293336,0.020367327670101,1.4672434032875217,2.7196636684510667
9993,BLACKSTONE INC,"Blackstone Group Q3 EPS $1.15 Does Not Compare To $0.53 Estimate, Fee Related Earnings $0.37/Share, Sales $1.74B Beat $1.36B Estimate",5,increase,0.85,0.7,,181,35,2.0,2019-10-23,92108.0,4.908350110054016,1.048341952264309,2.83440685644083,1.951484145293336,0.020367327670101,1.4672434032875217,2.7196636684510667
10001,BLACKSTONE INC,"Blackstone, CVC Capital To Interview Investment Banks To Consider Taking PaySafe Group Public",5,increase,0.75,0.6,,155,35,2.0,2019-10-22,92108.0,0.020367327670101,4.908350110054016,7.841145448782405,8.497063262433645,1.446581445634365,2.698746678202024,4.870751372396298
10009,BLACKSTONE INC,Blackstone Real Estate Income Trust to Acquire the Bellagio Real Estate from MGM Resorts International for $4.25 Billion in Sale-Leaseback Transaction,5,increase,0.85,0.7,,167,35,2.0,2019-10-15,92108.0,1.268817577511072,-0.594603456556797,4.268418625831338,12.444256987428082,-1.294843107461929,-0.0214970839346628,0.0645552084321154
10017,BLACKSTONE INC,Bank of America Downgrades Blackstone Group to Neutral,5,decrease,0.8,0.6,,149,35,0.0,2019-10-14,92108.0,-1.2948431074619289,1.2688175775110722,5.569892883144245,13.5268837968749,1.2900501489639282,1.3772313004618786,3.2887524268269352
10025,BLACKSTONE INC,Blackstone Says No Change In Offer To Take Tallgrass Private,5,uncertain,0.6,0.3,,150,35,1.0,2019-10-10,92108.0,0.0860707950778305,1.2900501489639282,2.773599336499011,11.911419425926884,1.885552704334259,1.2418293298340544,-0.980181312382955
10033,BLACKSTONE INC,"BMO Capital Earlier Initiated Coverage On Blackstone Group with Market Perform Rating, Announced $44 Price Target",5,uncertain,0.6,0.3,,160,35,1.0,2019-10-08,92108.0,-0.6318102590739727,1.885552704334259,3.244901469066175,7.651826073593027,-2.1947555243968964,-3.611922361962227,-1.6288005050197674
10041,BLACKSTONE INC,Nuveen Real Estate Buys $3 Billion US Industrial Portfolio From Blackstone,5,increase,0.8,0.6,,153,35,2.0,2019-10-07,92108.0,-2.194755524396896,-0.6318102590739727,1.30718620377841,6.949887958256373,-1.4489681459963322,0.5786550837959537,-0.5930921258337829
10049,BLACKSTONE INC,Jon Najarian Sees Unusual Options Activity In Blackstone And Luckin Coffee,5,uncertain,0.6,0.3,,154,35,1.0,2019-10-04,92108.0,-1.448968145996332,-2.1947555243968964,0.3835506242435116,3.1110145786560572,2.057434804737568,0.868459724937698,-2.4979550969604136
10057,BLACKSTONE INC,Blackstone shares are trading higher despite no company-specific news. This could potentially be a rebound after the stock dropped 9% over the past 5 days.,5,increase,0.7,0.4,,169,35,2.0,2019-10-03,92108.0,2.057434804737568,-1.4489681459963322,-2.330954712346911,0.3779932797163265,-1.1650058440864086,-4.4635551642206455,-7.088811846111465
10065,BLACKSTONE INC,"Blackstone To Acquire 65% Of Great Wolf Resorts, Announces $2.9B JV With Centerbridge",5,increase,0.85,0.7,,160,35,2.0,2019-10-02,92108.0,-1.165005844086409,2.057434804737568,-0.4071980975815292,0.3214778823131814,-3.3374305814504623,-5.993632167044161,-10.29831243839634
10073,BLACKSTONE INC,Blackstone To Acquire 65% Controlling Interest In Great Wolf Resorts And Form New $2.9B Joint Venture With Centerbridge Partners,5,increase,0.8,0.6,,166,35,2.0,2019-10-02,92108.0,-1.165005844086409,2.057434804737568,-0.4071980975815292,0.3214778823131814,-3.3374305814504623,-5.993632167044161,-10.29831243839634
10081,BLACKSTONE INC,"UPDATE: Wells Fargo Initiates Blackstone Group With Outperform, $90 Target As Firm Sees 'significant growth opportunity', 'improving business and shareholder profiles', And An 'underappreciated financial model'",5,increase,0.85,0.7,,182,35,2.0,2019-10-01,92108.0,-3.3374305814504623,-1.1650058440864086,-3.3891093218965107,-0.2541811110048031,-2.747911214828491,-7.201217491752376,-7.5700225394192415
10089,BLACKSTONE INC,"Wells Fargo Initiates Coverage On Blackstone Group with Outperform Rating, Announces $60 Price Target",5,increase,0.85,0.6,,158,35,2.0,2019-10-01,92108.0,-3.3374305814504623,-1.1650058440864086,-3.3891093218965107,-0.2541811110048031,-2.747911214828491,-7.201217491752376,-7.5700225394192415
10097,BOSTON PROPERTIES INC,"Boston Properties Sees FY19 EPS $3.28-$3.30 vs $3.31 Est., FFO $6.98-$7.00; Sees FY20 EPS $3.45-$3.65 vs $3.21 Est., FFO $7.45-$7.65",5,increase,0.8,0.6,,207,35,2.0,2019-10-29,85058.0,0.4672975745052099,4.223547875881195,2.2655694728758613,1.7404290084600982,0.3782720770686865,0.2341902050973621,1.3056359986642452
10105,BOSTON PROPERTIES INC,Boston Properties Sees FY19 FFO $6.98-$7,5,increase,0.8,0.6,,158,35,2.0,2019-10-29,85058.0,0.4672975745052099,4.223547875881195,2.2655694728758613,1.7404290084600982,0.3782720770686865,0.2341902050973621,1.3056359986642452
10113,BOSTON PROPERTIES INC,"Boston Properties Q3 FFO $1.64, Same YoY, Sales $743.6M Beat $728.1M Estimate",5,,,,,172,35,,2019-10-29,85058.0,0.4672975745052099,4.223547875881195,2.2655694728758613,1.7404290084600982,0.3782720770686865,0.2341902050973621,1.3056359986642452
10121,BOSTON PROPERTIES INC,"Deutsche Bank Earlier Maintained Hold on Boston Properties, Raised Price Target to $148",5,increase,0.7,0.4,,161,35,2.0,2019-10-10,85058.0,-0.5318319424986839,0.8020102977752686,0.3774205210374415,4.080826362207723,0.6137856282293797,-0.2262920460086803,-0.660404041306506
10129,BOYD GAMING CORP,"Deutsche Bank Maintains Buy on Boyd Gaming, Lowers Price Target to $35",5,decrease,0.7,0.4,,161,35,0.0,2019-10-23,79758.0,2.4464808404445653,-2.089550346136093,3.059707564850367,1.8656716525390804,1.042875461280346,0.5380452728497076,-0.3048778286922848
10137,BOYD GAMING CORP,"Boyd Gaming Q3 Adj. EPS $0.39, Inline, Sales $819.6M Miss $828.91M Estimate",5,decrease,0.75,0.4,,172,35,0.0,2019-10-22,79758.0,1.042875461280346,2.446480840444565,4.548931670649847,6.460246756048638,-0.4996197763830423,-1.3338429689573772,-1.2962263393792472
10145,CITIGROUP INC,Chinese Bitcoin Mining Maker Files For IPO In US,5,uncertain,0.4,0.2,,149,35,1.0,2019-10-29,70519.0,-0.6794401910156012,-0.1641744747757911,3.0877594813158327,3.418386835963738,0.5740032531321049,1.7842230321466923,1.573498226054526
10153,CITIGROUP INC,'Citigroup Offers Rare Pound Bond as Brexit Deal Prospects Fade' -Bloomberg,5,uncertain,0.6,0.3,,157,35,1.0,2019-10-16,70519.0,-2.41505354642868,0.1438827021047473,4.244599945345229,4.992807553055867,1.3952212408185003,1.5977215280535084,3.7889804611764166
10161,CITIGROUP INC,Citigroup Announces Redemption of $1.5B of Series N Preferred Stock,5,uncertain,0.6,0.3,,155,35,1.0,2019-10-15,70519.0,1.395221240818501,-2.4150535464286804,1.1794389079369916,2.625660169318933,0.1997138373553753,2.360820550578624,4.167280907391846
10169,CITIGROUP INC,"Citigroup Q3 EPS $2.07 Beats $1.95 Estimate, Sales $18.57B Beat $18.55B Estimate",5,,,,,169,35,,2019-10-15,70519.0,1.395221240818501,-2.4150535464286804,1.1794389079369916,2.625660169318933,0.1997138373553753,2.360820550578624,4.167280907391846
10177,CITIGROUP INC,"JP Morgan Maintains Overweight on Citigroup, Lowers Price Target to $77.5",5,uncertain,0.6,0.3,,159,35,1.0,2019-10-10,70519.0,1.764796674251556,2.1567992866039276,1.4281488918496563,5.362868345226657,1.5512029640376568,-1.056494787720175,-1.1000293198709876
10185,CITIGROUP INC,Preparing For Big Purchases: Credit Card Vs. Personal Loan,5,uncertain,0.5,0.2,,152,35,1.0,2019-10-09,70519.0,1.551202964037657,1.7647966742515564,3.069849805292768,7.444752593795645,-2.567864954471588,-2.6107344930690113,-0.4497681924521157
10193,CITIGROUP INC,"UBS Maintains Buy on Citigroup, Raises Price Target to $93",5,increase,0.8,0.6,,155,35,2.0,2019-10-03,70519.0,0.6640428677201271,2.2188957780599594,2.8785695858786875,4.347828737370185,-2.7732932940125465,-4.082223017673703,-4.606963759341198
10201,CITIGROUP INC,This Day In Market History: The $700B TARP Bailout,5,uncertain,0.6,0.3,,154,35,1.0,2019-10-03,70519.0,0.6640428677201271,2.2188957780599594,2.8785695858786875,4.347828737370185,-2.7732932940125465,-4.082223017673703,-4.606963759341198
10209,CHINA AUTOMOTIVE SYSTEMS INC,China Automotive Systems Passes Supplier Evaluation By IVECO,5,increase,0.8,0.6,,159,35,2.0,2019-10-07,90313.0,-0.510203605517745,-0.512820016592741,-1.5641052863594185,-4.102566133245866,-2.9702942818403244,-1.9999981500061104,-5.084746454014111
10217,CAMDEN NATIONAL CORP,Camden National Q3 EPS $0.94 Beats $0.89 Estimate,5,increase,0.85,0.4,,158,35,2.0,2019-10-29,85418.0,0.5879654549062252,1.7760811373591423,1.97841952280291,0.8767970897262778,1.12051609903574,1.7487394462969652,0.6372385557940063
10225,CAMDEN NATIONAL CORP,"Camden National 8-K Shows Co. COO, CFO Deborah Jordan To Retire; Replacement Not Mentioned",5,uncertain,0.6,0.3,,164,35,1.0,2019-10-25,85418.0,0.6212620064616203,1.12051609903574,2.3324958055267686,2.423968330564996,-1.0923977009952068,-1.0473567761019709,-1.114907081965888
10233,CACI INTERNATIONAL INC,CACI Awarded $907M US Army Task Order To Provide Intelligence Analysis To US Forces In Afghanistan,5,increase,0.85,0.7,,160,35,2.0,2019-10-31,20512.0,-0.3607043065130711,0.3843578044325113,0.9564243117431426,2.896087518617274,0.5012509413063526,2.9383470066980166,3.1511257852039787
10241,CACI INTERNATIONAL INC,"UPDATE: CACI Raises FY20 Guidance: EPS From $11.52-$12.30 To $11.64-$12.42, Sales From $5.5B-$5.7B To $5.55B-$5.75B",5,increase,0.85,0.6,,192,35,2.0,2019-10-30,20512.0,0.5012509413063526,-0.360704306513071,0.062343854522906,1.950483163923411,2.424941025674343,2.636658568006456,2.7688365569196627
10249,CACI INTERNATIONAL INC,"CACI International Q1 EPS $2.66 Beats $2.63 Estimate, Sales $1.363B Beat $1.35B Estimate; Raises FY20 Guidance",5,increase,0.85,0.6,,175,35,2.0,2019-10-30,20512.0,0.5012509413063526,-0.360704306513071,0.062343854522906,1.950483163923411,2.424941025674343,2.636658568006456,2.7688365569196627
10257,CACI INTERNATIONAL INC,CACI Wins $250 Million Contract to Provide Logistics and Supply Chain System Support to the Marine Corps,5,increase,0.85,0.6,,159,35,2.0,2019-10-28,20512.0,0.2067050663754344,2.424941025674343,2.5074496877135255,4.4143961852529,0.128782435785979,1.0583969733482856,0.4661010809914767
10265,CACI INTERNATIONAL INC,"CACI Int'l. Wins $250M Contract To Support Financial, Business Mgmt. System For Dept. Of Interior",5,increase,0.85,0.6,,164,35,2.0,2019-10-24,20512.0,0.9284188970923424,0.128782435785979,2.911416603085981,3.8956864110371248,-0.5860927049070597,-4.172600113412949,-4.440400623387197
10273,CACI INTERNATIONAL INC,"CACI Reports Partnership With BlackBerry For Secure, Certified Gov't. Mobile Communications App, No Terms Disclosed",5,increase,0.8,0.6,,162,35,2.0,2019-10-23,20512.0,-0.5860927049070597,0.9284188970923424,4.242874178489253,4.307863204317575,-3.607651591300965,-3.8770309138331016,-4.482940340718777
10281,CACI INTERNATIONAL INC,"CACI Wins $88M Task Order To Provide Engineering, Technical Support To US Army",5,increase,0.8,0.4,,157,35,2.0,2019-10-16,20512.0,-1.19146816432476,0.2031831769272685,-4.849821720051429,-0.8127193750249728,0.4956161603331566,-0.2872137278763009,-0.291557076959148
10289,CACI INTERNATIONAL INC,"Morgan Stanley Maintains Equal-Weight on CACI International, Raises Price Target to $235",5,increase,0.7,0.4,,158,35,2.0,2019-10-10,20512.0,0.931136030703783,-0.0043558597099035,-1.2793744542066945,-5.387295551599058,0.4810434300452471,-0.7368018914636121,-0.3196055465309877
10297,CACI INTERNATIONAL INC,CACI Wins a $385M Contract From the Navy to Modernize HR Systems,5,increase,0.85,0.6,,156,35,2.0,2019-10-07,20512.0,0.4202930722385645,-1.2120150029659271,-0.5972860719323125,-1.9924106234001648,1.447927951812744,1.7688473930549176,0.9993410484982146
10305,CACI INTERNATIONAL INC,"CACI Wins $70M Task Order To Assist US Navy In Assessing Weapons, Combat Systems",5,increase,0.85,0.6,,159,35,2.0,2019-10-03,20512.0,0.3163390792906284,1.447927951812744,2.065293904608434,0.7594966077819176,-0.7561315316706896,-2.949058308442898,-1.3450539308896503
10313,CONAGRA BRANDS INC,"RBC Capital Initiates Coverage On Conagra Brands with Sector Perform Rating, Announces $30 Price Target",5,uncertain,0.6,0.3,,164,35,1.0,2019-10-17,56274.0,1.7459113150835042,-0.8762313984334469,-1.0952874356438769,-0.4654988625759415,-0.5908413790166378,-3.095754424386088,-5.2446314347908025
10321,CONAGRA BRANDS INC,Conagra Brands shares are trading lower in sympathy with weakness in the overall market and recession concerns.,5,decrease,0.8,0.6,,162,25,0.0,2019-10-02,56274.0,-3.968792781233789,-1.2009896337985992,-0.7771082159028553,-4.909923880626243,-3.911345452070236,-2.64201177459652,-4.903227409172817
10329,CONAGRA BRANDS INC,"Conagra Brands shares are trading lower after the COO sold 26,099 shares at an average price of $31.00 per shares. When an insider sells shares, the market may perceive it as a sign of weak confidence in the company's outlook.",5,decrease,0.7,0.4,,193,35,0.0,2019-10-01,56274.0,-3.911345452070236,-3.968792781233787,-5.3934878451195045,-8.141111634553887,1.3210026547312737,-1.0322570981653456,2.6086977995845473
10337,CHEESECAKE FACTORY INC,"Morgan Stanley Maintains Equal-Weight on Cheesecake Factory, Raises Price Target to $45",5,increase,0.7,0.3,,166,35,2.0,2019-10-30,77902.0,-4.7510236501693734,0.2158276969566941,3.465227208093591,3.15744592012297,4.1389100253582,4.312598174222493,9.31335704733418
10345,CHEESECAKE FACTORY INC,"Cheesecake Factory Q3 Adj. EPS $0.59 Beats $0.55 Estimate, Sales $586.5M Miss $594.63M Estimate",5,uncertain,0.6,0.3,,181,35,1.0,2019-10-29,77902.0,4.1389100253582,-4.751023650169373,2.603927268988926,-2.019975604494406,0.1667850650846958,4.968793144383765,2.611666168349158
10353,CHEESECAKE FACTORY INC,"Morgan Stanley Maintains Equal-Weight on Cheesecake Factory, Lowers Price Target to $43",5,decrease,0.8,0.6,,167,35,0.0,2019-10-18,77902.0,0.2210064558312297,2.4257399141788483,8.885726376921266,8.859776799671714,0.1562436344102025,0.3915366943669562,1.3438690487255212
10361,CHEESECAKE FACTORY INC,"Barclays Maintains Underweight on Cheesecake Factory, Lowers Price Target to $37",5,decrease,0.8,0.6,,167,35,0.0,2019-10-18,77902.0,0.2210064558312297,2.4257399141788483,8.885726376921266,8.859776799671714,0.1562436344102025,0.3915366943669562,1.3438690487255212
10369,CHEESECAKE FACTORY INC,Raymond James Downgrades Cheesecake Factory to Market Perform,5,decrease,0.8,0.6,,160,35,0.0,2019-10-17,77902.0,0.1562436344102025,0.2210064558312297,4.134166046861565,8.658350995476848,0.2349260030314326,1.1857727199218626,-1.7148660299266871
10377,CALIX INC,Calix shares are trading higher after the company reported better-than-expected Q3 EPS and sales results.,5,increase,0.85,0.7,,158,35,2.0,2019-10-23,93272.0,5.5710319429636,0.9234851226210594,-0.2638521356394085,-1.0554080847744562,0.7012582384049892,2.8653267963497875,4.360460869768001
10385,CALIX INC,"Calix Q3 EPS $0.06 Beats $0.04 Estimate, Sales $114.485M Beat $111.99M Estimate",5,increase,0.85,0.6,,167,35,2.0,2019-10-22,93272.0,0.7012582384049892,5.5710319429636,7.938721027067341,4.3175477841565835,2.1489985287189484,3.6337208644404706,5.473370807762956
10393,CAN FITE BIOPHARMA LTD,Can-Fite Shares Rise 45% Premarket on Announcement FDA Agreed with Co's Proposed Pivotal Phase III Trial Design to Support a New Drug Application Submission and Approval of Namodenoson in the Treatment of Liver Cancer,5,increase,0.9,0.8,,194,35,2.0,2019-10-31,14272.0,12.03703582286835,-3.7190143018960953,-4.1322373995256285,-1.2396685392013995,-0.4608290269970894,1.4084493519911367,2.857151693635851
10401,CAN FITE BIOPHARMA LTD,Can-Fite Completes Patient Enrollment In Phase II NASH Study Of Namodenoson,5,increase,0.8,0.6,,166,35,2.0,2019-10-15,14272.0,1.252332516014576,7.070329785346985,5.224291261610414,0.147685546715981,0.46948310919106,0.943406626490062,-2.283102953400451
10409,CAN FITE BIOPHARMA LTD,Can Fite Highlights Publication Of Namodenoson NASH Mechanism Of Action In International Journal of Molecular Medicine,5,increase,0.75,0.6,,170,35,2.0,2019-10-10,14272.0,-3.196354955434799,0.4717089235782623,17.924534822025564,-0.9433956123259146,4.285721853375435,9.500002973313482,8.415845564996328
10417,CARVER BANCORP INC,"Carver Bancrop Shares Resume Trade, Down 4.3%",5,decrease,0.8,0.4,,159,35,0.0,2019-10-17,80960.0,-3.700598329305649,7.023412734270096,7.023404250168697,2.8428017145349926,4.412006586790085,5.9692770174892384,7.065509827979
10425,PATHWARD FINANCIAL INC,"B. Riley Maintains Buy on Meta Financial Group, Raises Price Target to $40",5,increase,0.75,0.6,,161,35,2.0,2019-10-25,79571.0,-10.03373637795448,1.6244938597083092,-0.7809999666269385,0.937216734991786,0.4517325665801763,0.0281195902202657,-0.4198088550284473
10433,PATHWARD FINANCIAL INC,"Raymond James Maintains Strong Buy on Meta Financial Group, Raises Price Target to $41",5,increase,0.8,0.6,,162,35,2.0,2019-10-25,79571.0,-10.03373637795448,1.6244938597083092,-0.7809999666269385,0.937216734991786,0.4517325665801763,0.0281195902202657,-0.4198088550284473
10441,PATHWARD FINANCIAL INC,Meta Financial Group Q4 EPS $0.53 Beats $0.52 Estimate,5,increase,0.75,0.3,,160,35,2.0,2019-10-24,79571.0,0.4517325665801764,-10.033736377954485,-11.017430688855969,-8.431703007524572,-0.421707984060049,-0.8676220900729281,-0.1972485323840644
10449,CASS INFORMATION SYSTEMS INC,Cass Information Sys Q3 EPS $0.56 Up From $0.51 YoY,5,,,,,162,35,,2019-10-24,83738.0,3.1400520354509345,-0.2428111154586076,7.0414653016706685,12.514009645873305,0.0,-0.9351177141070366,0.3673600025141832
10457,CATERPILLAR INC,Caterpillar shares are trading lower in sympathy with Alamo Group after the company reported Q3 EPS down from last year.,5,decrease,0.8,0.6,,168,35,0.0,2019-10-31,18542.0,-1.8098855391144748,4.854863882064819,6.683593034175472,4.092887717113736,-0.7004920858889818,0.1999135090384074,0.4365567117999402
10465,CATERPILLAR INC,Caterpillar Shares Relatively Quiet As Hearing David Einhorn's Greenlight Capital Exited Short Position In Cat At A Loss,5,increase,0.7,0.4,,169,35,2.0,2019-10-30,18542.0,-0.7004920858889818,-1.8098855391144753,3.669665992014948,2.957110763762527,0.9067573584616184,1.1450699218695126,5.588341727043233
10473,CATERPILLAR INC,Navistar Expands TRATON Partnership With Canadian Mining Deal,5,uncertain,0.6,0.3,,156,35,1.0,2019-10-29,18542.0,0.9067573584616184,-0.7004920858889818,3.5661170528455743,3.5448909800291695,0.2361710648983717,4.639515222901025,3.4875139239634256
10481,CATERPILLAR INC,Caterpillar shares are trading higher despite no company-specific news. The stock has rallied approximately 16% over the past 14 trading sessions.,5,uncertain,0.6,0.3,,172,35,1.0,2019-10-25,18542.0,4.392969235777855,0.2361710648983717,3.4065770413555407,6.033069644591982,-1.1009237729012966,0.1196825844326898,1.2251459148780564
10489,CATERPILLAR INC,"UPDATE: Bank Of America Maintains Buy On Caterpillar, Raises Target To $154 As Firm Notes 'We see an improving set-up into 2020 as CAT is curtailing production aggressively in Q4 when end-user demand is still positive'",5,increase,0.8,0.6,,193,35,2.0,2019-10-24,18542.0,-1.100923772901297,4.392969235777855,2.95106222251047,9.831892245823838,1.23419389128685,2.351963007660518,3.5421844667745006
10497,CATERPILLAR INC,"CORRECTION: BofA Raised Price Target On Caterpillar From $145 To $154, Maintained Buy Rating",5,increase,0.8,0.6,,168,35,2.0,2019-10-24,18542.0,-1.100923772901297,4.392969235777855,2.95106222251047,9.831892245823838,1.23419389128685,2.351963007660518,3.5421844667745006
10505,CATERPILLAR INC,"Bank of America Earlier Maintained Buy on Caterpillar, Raised Price Target From $145 To $154",5,increase,0.8,0.6,,164,35,2.0,2019-10-24,18542.0,-1.100923772901297,4.392969235777855,2.95106222251047,9.831892245823838,1.23419389128685,2.351963007660518,3.5421844667745006
10513,CATERPILLAR INC,"Deutsche Bank Maintains Hold on Caterpillar, Raises Price Target to $123",5,increase,0.7,0.4,,160,35,2.0,2019-10-24,18542.0,-1.100923772901297,4.392969235777855,2.95106222251047,9.831892245823838,1.23419389128685,2.351963007660518,3.5421844667745006
10521,CATERPILLAR INC,"Morgan Stanley Maintains Equal-Weight on Caterpillar, Lowers Price Target to $132",5,decrease,0.8,0.6,,162,35,0.0,2019-10-24,18542.0,-1.100923772901297,4.392969235777855,2.95106222251047,9.831892245823838,1.23419389128685,2.351963007660518,3.5421844667745006
10529,CATERPILLAR INC,"Baird Maintains Outperform on Caterpillar, Raises Price Target to $150",5,increase,0.8,0.6,,160,35,2.0,2019-10-24,18542.0,-1.100923772901297,4.392969235777855,2.95106222251047,9.831892245823838,1.23419389128685,2.351963007660518,3.5421844667745006
10537,CATERPILLAR INC,"Credit Suisse Maintains Outperform on Caterpillar, Raises Price Target to $150",5,increase,0.85,0.6,,160,35,2.0,2019-10-24,18542.0,-1.100923772901297,4.392969235777855,2.95106222251047,9.831892245823838,1.23419389128685,2.351963007660518,3.5421844667745006
10545,CATERPILLAR INC,From Cat Q3 Earnings Conference Call: Co. Committed To High Single Digit Dividend Increase Over The Years,5,increase,0.8,0.6,,165,35,2.0,2019-10-23,18542.0,1.23419389128685,-1.1009237729012966,3.6943994444654127,7.4996375565030915,1.104141864925623,2.2798527718471906,2.0242881941687996
10553,CATERPILLAR INC,From Cat Q3 Earnings Conference Call: Sees Pricing To Be 'Moderate' Next Year,5,decrease,0.7,0.4,,163,35,0.0,2019-10-23,18542.0,1.23419389128685,-1.1009237729012966,3.6943994444654127,7.4996375565030915,1.104141864925623,2.2798527718471906,2.0242881941687996
10561,CATERPILLAR INC,Caterpillar Inc Says Expects $900M Inventory Reduction In Q4 2019,5,decrease,0.7,0.4,,162,35,0.0,2019-10-23,18542.0,1.23419389128685,-1.1009237729012966,3.6943994444654127,7.4996375565030915,1.104141864925623,2.2798527718471906,2.0242881941687996
10569,CATERPILLAR INC,Catepillar Says 'See Flat End User Demand In Q4 2019 vs Expectation Of A Rise Earlier',5,decrease,0.8,0.6,,166,35,0.0,2019-10-23,18542.0,1.23419389128685,-1.1009237729012966,3.6943994444654127,7.4996375565030915,1.104141864925623,2.2798527718471906,2.0242881941687996
10577,CATERPILLAR INC,Caterpillar Inc Says 'Customers Are Delaying Capital Spending In Light Of Global Economic Uncertainity',5,decrease,0.8,0.6,,164,35,0.0,2019-10-23,18542.0,1.23419389128685,-1.1009237729012966,3.6943994444654127,7.4996375565030915,1.104141864925623,2.2798527718471906,2.0242881941687996
10585,CATERPILLAR INC,From Cat Q3 Earnings Conference Call: Sees Chinese Dealers Increasing Inventories In View Of Earlier Chinese New Year,5,increase,0.75,0.6,,166,35,2.0,2019-10-23,18542.0,1.23419389128685,-1.1009237729012966,3.6943994444654127,7.4996375565030915,1.104141864925623,2.2798527718471906,2.0242881941687996
10593,CATERPILLAR INC,"Caterpillar Reports Q3 Earnings Miss, Cuts Guidance",5,decrease,0.85,0.7,,155,35,0.0,2019-10-23,18542.0,1.23419389128685,-1.1009237729012966,3.6943994444654127,7.4996375565030915,1.104141864925623,2.2798527718471906,2.0242881941687996
10601,CATERPILLAR INC,Caterpillar shares are trading lower after the company reported worse-than-expected Q3 results and cut FY19 guidance.,5,decrease,0.85,0.7,,167,35,0.0,2019-10-23,18542.0,1.23419389128685,-1.1009237729012966,3.6943994444654127,7.4996375565030915,1.104141864925623,2.2798527718471906,2.0242881941687996
10609,CATERPILLAR INC,Caterpillar Cuts FY19 EPS Guidance From $12.06-$13.06 To $10.90 To $11.40 vs $11.70 Est.,5,decrease,0.85,0.7,,177,35,0.0,2019-10-23,18542.0,1.23419389128685,-1.1009237729012966,3.6943994444654127,7.4996375565030915,1.104141864925623,2.2798527718471906,2.0242881941687996
10617,CATERPILLAR INC,"Caterpillar Q3 EPS $2.66 Misses $2.89 Estimate, Sales $12.8B Miss $13.49B Estimate",5,decrease,0.85,0.7,,175,35,0.0,2019-10-23,18542.0,1.23419389128685,-1.1009237729012966,3.6943994444654127,7.4996375565030915,1.104141864925623,2.2798527718471906,2.0242881941687996
10625,CATERPILLAR INC,Caterpillar shares are trading lower after Morgan Stanley downgraded the stock from Overweight to Equal-Weight and lowered the price target $150 to $145 per share.,5,decrease,0.85,0.7,,178,25,0.0,2019-10-18,18542.0,-0.2498679561540484,1.1628711596131325,6.900763894754447,10.54242077462686,1.444047037512064,0.7937178628103503,2.8742812543343543
10633,CATERPILLAR INC,UPDATE: Morgan Stanley On Caterpillar Also Notes 'We believe that the US Construction Equipment market peaked in 2019 and that E&T markets will fail to re-accelerate in 2020',5,decrease,0.8,0.6,,183,35,0.0,2019-10-18,18542.0,-0.2498679561540484,1.1628711596131325,6.900763894754447,10.54242077462686,1.444047037512064,0.7937178628103503,2.8742812543343543
10641,CATERPILLAR INC,"UPDATE: Morgan Stanley Downgrades Caterpillar To Equal-Weight, Lowers Target To $145 As Firm Notes 'We see increasing downside risks to CAT's Construction and Energy & Transportation segments'",5,decrease,0.85,0.7,,182,30,0.0,2019-10-18,18542.0,-0.2498679561540484,1.1628711596131325,6.900763894754447,10.54242077462686,1.444047037512064,0.7937178628103503,2.8742812543343543
10649,CATERPILLAR INC,"Morgan Stanley Downgrades Caterpillar to Equal-Weight, Lowers Price Target to $145",5,decrease,0.85,0.7,,163,35,0.0,2019-10-18,18542.0,-0.2498679561540484,1.1628711596131325,6.900763894754447,10.54242077462686,1.444047037512064,0.7937178628103503,2.8742812543343543
10657,CATERPILLAR INC,"Caterpillar shares are trading higher in sympathy with the overall market after multiple companies reported earnings that topped expectations, bringing the whole market higher on positive sentiment.",5,increase,0.7,0.5,,174,35,2.0,2019-10-15,18542.0,2.064179629087448,-0.6410717964172363,2.834073193971043,8.710744914688107,-0.0155677684233523,4.637706544690268,7.484931377887838
10665,CATERPILLAR INC,"Credit Suisse Maintains Outperform on Caterpillar, Lowers Price Target to $149",5,decrease,0.7,0.4,,161,35,0.0,2019-10-11,18542.0,4.653998836874962,-0.0155677684233523,2.6012561774106935,9.681526619265956,2.7210313826799393,4.001018173004001,2.0291080160907304
10673,CATERPILLAR INC,Caterpillar shares trading higher but not seeing company-specific news. Shares rebounded over the $120 level today.,5,increase,0.7,0.4,,166,35,2.0,2019-10-10,18542.0,2.721031382679939,4.653998836874962,7.645288528869676,9.955780003863968,1.2460805475711825,-0.6735946449091812,-1.3218758095904004
10681,CATERPILLAR INC,"Morgan Stanley Maintains Overweight on Caterpillar, Lowers Price Target to $150",5,decrease,0.7,0.4,,161,35,0.0,2019-10-09,18542.0,1.246080547571182,2.7210313826799393,9.000334510341768,14.20502151656249,-1.8960488960146904,-2.5363513760466194,-1.7244249382477372
10689,CATERPILLAR INC,"UBS Maintains Sell on Caterpillar, Lowers Price Target to $117",5,decrease,0.85,0.7,,160,35,0.0,2019-10-08,18542.0,-1.89604889601469,1.2460805475711825,11.070608822734096,14.218431173759605,-0.6526775658130646,0.1749409232101539,0.2417480125465498
10697,CATO CORP NEW,"Cato Sep. Comps Up 5% Year Over Year, Sales $70.5M",5,increase,0.8,0.6,,162,35,2.0,2019-10-10,11267.0,0.99415248259902,1.3896917924284935,5.616672105045306,-0.8685560846138918,-1.0416683740913868,-0.2333664193437612,-1.384081721283259
10705,CATHAY GENERAL BANCORP,"Wedbush Maintains Outperform on Cathay General, Lowers Price Target to $39",5,decrease,0.7,0.4,,167,35,0.0,2019-10-17,76504.0,1.463420782238245,1.1453584767878056,0.3110876193777478,0.5938887812357629,-0.34315912052989,1.07308280209244,0.7516575027767258
10713,CATHAY GENERAL BANCORP,"Cathay General Q3 EPS $0.91 Beats $0.88 Estimate, Sales $171.8M Beat $155.68M Estimate",5,,,,,178,35,,2019-10-16,76504.0,-0.3431591205298901,1.463420782238245,2.984220751078892,3.902440808473795,1.4211186207830906,1.0985865231577296,3.0347751103381615
10721,C B FINANCIAL SERVICES INC,CB Financial Services Q3 EPS $0.69 Up From $0.42 YoY,5,increase,0.85,0.7,,164,35,2.0,2019-10-28,14943.0,0.8758550509810448,0.415253359824419,2.416003740740269,4.3861818641543815,-0.8308131247758865,0.2290055857599782,-2.0149217688102405
10729,CAPITAL BANCORP INC,Capital Bancorp Q3 EPS $0.32 Up From $0.26 YoY,5,increase,0.8,0.6,,162,35,2.0,2019-10-22,18108.0,2.291207946836948,-0.6502901203930378,3.829477810682591,3.9739897590091777,2.1903321146965027,1.805867387332616,2.4999994882373366
10737,COMMERCE BANCSHARES INC,"Commerce Bancshares Q3 EPS $0.98 Beats $0.92 Estimate, Sales $336.255M Miss $337.57M Estimate",5,,,,,178,35,,2019-10-16,25129.0,2.074688859283924,1.300811767578125,4.926827281280333,5.349594969257665,1.499325130134821,0.870585077233077,2.3615347917644636
10745,CABOT CORP,Baird Downgrades Cabot to Neutral,5,decrease,0.8,0.6,,149,35,0.0,2019-10-16,46690.0,-1.413264032453299,1.3410447165369987,3.8612674732178887,5.641615379382592,0.5270383786410093,-1.393577730741813,2.8363784213784493
10753,CABOT CORP,"UBS Initiates Coverage On Cabot with Neutral Rating, Announces $45 Price Target",5,uncertain,0.6,0.3,,157,35,1.0,2019-10-10,46690.0,-0.1170668168924748,4.289736971259117,2.7426206250363627,4.781999297710593,0.8977019228041172,-1.2942024427098464,-2.2878061457326626
10761,CBIZ INC,CBIZ Sees FY19 EPS Growth Near High End Of 10%-12% Range,5,increase,0.85,0.6,,156,35,2.0,2019-10-30,81584.0,8.510645478963852,-0.6172841880470514,-3.050109421089886,-3.4495306704994455,-0.587550038471818,0.5148481285767392,0.87440106693768
10769,CBIZ INC,"CBIZ Q3 EPS $0.32 Beats $0.25 Estimate, Sales $239.79M Beat $234.48M Estimate",5,,,,,167,35,,2019-10-30,81584.0,8.510645478963852,-0.6172841880470514,-3.050109421089886,-3.4495306704994455,-0.587550038471818,0.5148481285767392,0.87440106693768
10777,CAPITAL CITY BANK GROUP,Capital City Bank Group Q3 EPS $0.4 Up From $0.35 YoY,5,increase,0.75,0.4,,159,35,2.0,2019-10-29,84516.0,0.8750437758862972,0.4857716616243124,6.002774212628692,3.5739092950940465,-0.7986095733940601,0.5277959642120189,0.5277959642120189
10785,CROWN CASTLE INC,Crown Castle International shares are trading higher after SunTrust Robinson Humphrey maintained a Buy rating on the company's stock and raised the price target from $135 to $150.,5,increase,0.85,0.7,,175,35,2.0,2019-10-18,86339.0,3.20962592959404,-0.4928442649543285,-2.1241132731639967,-4.609190300178301,3.630558401346206,3.661350142947062,2.534339707008715
10793,CROWN CASTLE INC,"SunTrust Robinson Humphrey Maintains Buy on Crown Castle Intl, Raises Price Target to $150",5,increase,0.8,0.6,,161,35,2.0,2019-10-18,86339.0,3.20962592959404,-0.4928442649543285,-2.1241132731639967,-4.609190300178301,3.630558401346206,3.661350142947062,2.534339707008715
10801,CROWN CASTLE INC,"UBS Maintains Neutral on Crown Castle Intl, Raises Price Target to $137",5,increase,0.7,0.3,,158,35,2.0,2019-10-18,86339.0,3.20962592959404,-0.4928442649543285,-2.1241132731639967,-4.609190300178301,3.630558401346206,3.661350142947062,2.534339707008715
10809,CROWN CASTLE INC,Crown Castle International shares are trading higher after the company reported better-than-expected Q3 EPS and sales results.,5,increase,0.85,0.7,,164,35,2.0,2019-10-17,86339.0,3.630558401346206,3.20962592959404,1.5260102397657072,-0.5659896272872778,0.0297129940008744,-1.05781413441004,-1.455948450724165
10817,CROWN CASTLE INC,"Crown Castle Sees FY20 Site Rental Sales $5.196B-$5.241B, Adj. EBITDA $3.569B-$3.614B",5,increase,0.8,0.6,,176,35,2.0,2019-10-16,86339.0,0.0297129940008744,3.630558401346206,4.610580863010227,3.3855501554938883,-1.0872040875256062,-1.485220141353527,-2.5828442568514465
10825,CROWN CASTLE INC,"Crown Castle Sees FY19 Site Rental Sales $4.95B-$4.98B, Adj. EBITDA $3.393B-$3.423B, Adj. FFO $2.464B-$2.494B",5,,,,,191,35,,2019-10-16,86339.0,0.0297129940008744,3.630558401346206,4.610580863010227,3.3855501554938883,-1.0872040875256062,-1.485220141353527,-2.5828442568514465
10833,CROWN CASTLE INC,"Crown Castle International Corporation Q3 EPS $0.58 Beats $0.49 Estimate, Sales $1.514B Beat $1.47B Estimate",5,increase,0.85,0.7,,174,35,2.0,2019-10-16,86339.0,0.0297129940008744,3.630558401346206,4.610580863010227,3.3855501554938883,-1.0872040875256062,-1.485220141353527,-2.5828442568514465
10841,CAMECO CORP,Cameco Option Alert: Nov 8 $9.5 Calls Sweep (8) near the Ask: 528 @ $0.55 vs 230 OI; Earnings 11/1 Before Open [est] Ref=$9.555,5,increase,0.75,0.6,,192,35,2.0,2019-10-10,83188.0,3.4632105380296707,-1.8828483298420904,-5.125530312160864,-4.811715479264766,-0.5382151808589697,-1.4925409278266577,-1.0706678593838892
10849,CAMECO CORP,Cameco Option Alert: Nov 8 $9.5 Calls Sweep (12) near the Ask: 549 @ $0.497 vs 230 OI; Earnings 11/1 Before Open [est] Ref=$9.47,5,increase,0.7,0.5,,192,35,2.0,2019-10-10,83188.0,3.4632105380296707,-1.8828483298420904,-5.125530312160864,-4.811715479264766,-0.5382151808589697,-1.4925409278266577,-1.0706678593838892
10857,CAMECO CORP,Cameco Option Alert: Mar 20 $10 Calls Sweep (36) near the Ask: 1369 @ $0.7 vs 17885 OI; Earnings 11/1 Before Open [est] Ref=$9.325,5,increase,0.75,0.6,,192,35,2.0,2019-10-07,83188.0,0.4282651003450155,-0.9594898670911788,-0.9594898997637435,-1.918979709392299,-0.1069543184712529,0.5382151906299981,1.0822552344571743
10865,CROWN HOLDINGS INC,"RBC Capital Maintains Outperform on Crown Holdings, Raises Price Target to $83",5,increase,0.8,0.6,,159,35,2.0,2019-10-21,17726.0,-0.5581785924732685,-0.6188835483044386,3.9579734325448257,4.634417863597506,3.5264555364847183,9.979543370937272,11.151768811679052
10873,CROWN HOLDINGS INC,"Crown Holdings shares are trading higher after analysts at multiple firms reiterated bullish ratings and raised price targets following Q3 results, citing positive global beverage can outlook.",5,increase,0.85,0.7,,172,33,2.0,2019-10-18,17726.0,3.5264555364847183,-0.5581785924732685,0.0858702330063687,4.7803009610200675,6.233274191617966,7.365569733532551,5.420183188825711
10881,CROWN HOLDINGS INC,"Deutsche Bank Maintains Buy on Crown Holdings, Raises Price Target to $75",5,increase,0.8,0.6,,158,35,2.0,2019-10-18,17726.0,3.5264555364847183,-0.5581785924732685,0.0858702330063687,4.7803009610200675,6.233274191617966,7.365569733532551,5.420183188825711
10889,CROWN HOLDINGS INC,"Wells Fargo Maintains Outperform on Crown Holdings, Raises Price Target to $75",5,increase,0.85,0.6,,159,35,2.0,2019-10-18,17726.0,3.5264555364847183,-0.5581785924732685,0.0858702330063687,4.7803009610200675,6.233274191617966,7.365569733532551,5.420183188825711
10897,CROWN HOLDINGS INC,Crown Holdings shares are trading higher after the company reported Q3 EPS results inline with analyst estimates.,5,increase,0.7,0.3,,161,35,2.0,2019-10-17,17726.0,6.233274191617966,3.5264555364847183,2.207742480907915,7.927098208460248,1.065857708454132,-0.7653826063250713,-0.966489154765704
10905,CROWN HOLDINGS INC,"Crown Holdings Q3 Adj. EPS $1.56, Inline, Sales $3.084B Miss $3.19B Estimate",5,decrease,0.75,0.4,,170,35,0.0,2019-10-16,17726.0,1.065857708454132,6.233274191617966,9.082329907137932,15.693375238878282,-1.811927743256092,-2.0109133878649432,0.3672353781623227
10913,CROWN HOLDINGS INC,"Morgan Stanley Maintains Equal-Weight on Crown Holdings, Raises Price Target to $72",5,increase,0.7,0.4,,159,35,2.0,2019-10-16,17726.0,1.065857708454132,6.233274191617966,9.082329907137932,15.693375238878282,-1.811927743256092,-2.0109133878649432,0.3672353781623227
10921,CROWN HOLDINGS INC,"Crown Holdings shares are trading lower in sympathy with weakness in the overall market amid recession fears. During an economic slowdown, there might be less demand for packaging products.",5,decrease,0.8,0.6,,174,35,0.0,2019-10-02,17726.0,-4.843175783753395,0.2746840938925743,1.2441434611134785,2.6498615264489933,-1.5440458431839943,-1.4694761282951996,-1.856037097052776
10929,CARNIVAL CORP,Carnival shares are trading higher on seemingly no company-specific news.,5,increase,0.7,0.3,,154,35,2.0,2019-10-23,75154.0,3.407757356762886,-0.2272692508995533,-1.7954565928513522,0.8409067308660978,-1.3218916952610016,-0.5608825809211515,0.2591909107707124
10937,CARNIVAL CORP,"Citigroup Maintains Buy on Carnival, Lowers Price Target to $50",5,uncertain,0.6,0.3,,157,35,1.0,2019-10-09,75154.0,0.9967547841370106,1.0362743400037289,4.589194876220359,8.561562590633564,-1.906621269881725,-2.455027499279572,-2.1219485585978304
10945,CARNIVAL CORP,"HSBC Downgrades Carnival to Hold, Lowers Price Target to $43",5,decrease,0.85,0.6,,158,35,0.0,2019-10-07,75154.0,-0.5590654909610748,-1.906621269881725,2.7621635284521773,5.402100036004742,0.3414619248360395,-0.7239363661814102,-3.1772233403799977
10953,CARNIVAL CORP,"Buckingham Maintains Neutral on Carnival, Lowers Price Target to $45",5,decrease,0.7,0.4,,157,35,0.0,2019-10-02,75154.0,-2.471176721155643,-1.0617727413773537,-2.195945567270152,2.2924730874924526,-2.7911175042390823,-2.5011476275790923,-3.3219546515696696
10961,C N B FINANCIAL CORP PA,CNB Financial Q3 EPS $0.68 Up From $0.6 YoY,5,increase,0.8,0.6,,168,35,2.0,2019-10-17,86384.0,0.2091302303597331,0.5565212108194828,9.39130686195977,8.765218934019913,0.6666685454547405,1.3065001686619393,1.3780965118303623
10969,CENTURY COMMUNITIES INC,"Century Communities Raises FY19 Home Deliveries Guidance To 7.7-8.1K Homes, Home Sales $2.4B-$2.5B",5,increase,0.85,0.7,,177,35,2.0,2019-10-29,14716.0,-2.891929633915424,-4.796234518289566,-12.476487864603849,-12.53918529149729,-3.297034651041031,-3.410761153751241,-3.183029138438509
10977,CENTURY COMMUNITIES INC,"Century Communities Q3 EPS $0.87, Inline, Sales $590.362M Beat $581.12M Estimate",5,increase,0.75,0.4,,169,35,2.0,2019-10-29,14716.0,-2.891929633915424,-4.796234518289566,-12.476487864603849,-12.53918529149729,-3.297034651041031,-3.410761153751241,-3.183029138438509
10985,CENTURY COMMUNITIES INC,Century Communities Announces Model Grand Opening Event For 55+ Active Adult Community In Fremont On Oct 19,5,increase,0.7,0.3,,164,35,2.0,2019-10-16,14716.0,4.77265864610672,0.8617998100817204,4.432128449439343,-6.525086839748329,2.3432375863194466,3.057494359363444,1.8056504582006028
10993,CAREDX INC,CareDx Narrows FY19 Sales Guidance From $123M-$125M To $124M-$125M vs $125.5M Estimate,5,decrease,0.7,0.3,,167,35,0.0,2019-10-31,14797.0,0.1145866233855485,-11.903849989175797,-23.807707058346196,-26.5165934113898,-3.108808770775795,-4.347827837210582,-2.0209544004579527
11001,CAREDX INC,"CareDx Q3 EPS $0.02 Beats $0.01 Estimate, Sales $33.8M Beat $33.14M Estimate",5,increase,0.8,0.6,,167,35,2.0,2019-10-31,14797.0,0.1145866233855485,-11.903849989175797,-23.807707058346196,-26.5165934113898,-3.108808770775795,-4.347827837210582,-2.0209544004579527
11009,CAREDX INC,"Craig-Hallum Initiates Coverage On CareDx with Buy Rating, Announces $48 Price Target",5,increase,0.85,0.7,,157,35,2.0,2019-10-01,14797.0,1.7248976975679402,3.043481521308422,13.347824812500477,23.52173864503102,3.573067858815193,4.145562355042376,-0.3964761578421294
11017,CADENCE DESIGN SYSTEMS INC,Cadence Design Systems shares are trading lower despite after hours strength following Monday earnings. Credit Suisse reiterated a Neutral rating on the stock .NOTE: The software sector has been highly volatile recently.,5,decrease,0.7,0.4,,180,35,0.0,2019-10-22,11403.0,-5.707867071032524,0.8420759811997414,4.814113053741109,6.768348510176825,1.7530512064695358,1.1363636980469272,-0.0972871387407536
11025,CADENCE DESIGN SYSTEMS INC,"Credit Suisse Reiterates Neutral on Cadence Design Systems, Raises Price Target to $75",5,increase,0.7,0.3,,162,35,2.0,2019-10-22,11403.0,-5.707867071032524,0.8420759811997414,4.814113053741109,6.768348510176825,1.7530512064695358,1.1363636980469272,-0.0972871387407536
11033,CADENCE DESIGN SYSTEMS INC,"Cadence Design Systems shares are trading higher after the company reported Q3 EPS of $0.54, up from $0.49 year-over-year and Q3 sales of $579.603 million, up from $532.468 million year-over-year. The company also issued Q4 EPS and sales guidance.",5,increase,0.85,0.7,,206,35,2.0,2019-10-21,11403.0,1.7530512064695358,-5.707867071032524,-1.3033745945318698,0.1947528096795769,-0.6060629151761532,-1.8184598135103869,-3.001624823225524
11041,CADENCE DESIGN SYSTEMS INC,"Cadence Design Sees FY19 Adj. EPS $2.18-$2.20 vs $2.15 Estimate, Sales $2.327B-$2.337B vs $2.33B Est.",5,increase,0.7,0.4,,187,35,2.0,2019-10-21,11403.0,1.7530512064695358,-5.707867071032524,-1.3033745945318698,0.1947528096795769,-0.6060629151761532,-1.8184598135103869,-3.001624823225524
11049,CADENCE DESIGN SYSTEMS INC,"Cadence Design Sees Q4 Adj. EPS $0.52-$0.54 vs $0.52 Estimate, Sales $590M-$600M vs $592.5M Est.",5,uncertain,0.6,0.3,,183,35,1.0,2019-10-21,11403.0,1.7530512064695358,-5.707867071032524,-1.3033745945318698,0.1947528096795769,-0.6060629151761532,-1.8184598135103869,-3.001624823225524
11057,CADENCE DESIGN SYSTEMS INC,"Cadence Design Systems Q3 Adj. EPS $0.54 Up From $0.49 YoY, Sales $579.603M Up From $532.468M YoY",5,,,,,181,35,,2019-10-21,11403.0,1.7530512064695358,-5.707867071032524,-1.3033745945318698,0.1947528096795769,-0.6060629151761532,-1.8184598135103869,-3.001624823225524
11065,CADENCE DESIGN SYSTEMS INC,"Adesto Reports Collaboration With Cadence Design Systems To Expand xSPI Ecosystem For Emerging IoT Devices, No Terms Disclosed",5,increase,0.75,0.4,,169,35,2.0,2019-10-01,11403.0,-1.195521932095289,-1.9451742991805077,-2.5271887703610885,3.5840039609322805,1.3497008010745049,-0.7509762610201642,-0.0756017314140433
11073,C D W CORP NEW,CDW shares are trading higher after the company reported Q3 EPS and sales results up from last year.,5,increase,0.85,0.7,,164,24,2.0,2019-10-31,13949.0,0.4160829354077577,2.572115696966648,3.924625931074899,3.838639486851081,0.9510199539363384,1.1032617266999667,2.0182577792180245
11081,C D W CORP NEW,"CDW Q3 Adj. EPS $1.75 Up From $1.42 YoY, Sales $4.91B Up From $4.373B YoY",5,increase,0.85,0.7,,179,35,2.0,2019-10-31,13949.0,0.4160829354077577,2.572115696966648,3.924625931074899,3.838639486851081,0.9510199539363384,1.1032617266999667,2.0182577792180245
11089,C E C O ENVIRONMENTAL CORP,"Sidoti & Co. Maintains Buy on Career Education, Lowers Price Target to $23",5,decrease,0.7,0.4,,169,35,0.0,2019-10-22,11499.0,0.2941173501312733,-0.7331406231969595,3.0791795402430377,4.692077648661397,1.6442472115159037,1.9490272634432593,1.7964127394999752
11097,CLEARBRIDGE MLP & MIDSTR FD INC,ClearBridge MLP September NAV $12.72/Share,5,uncertain,0.6,0.3,,164,35,1.0,2019-10-07,93415.0,-1.248888019472361,-1.1743461713194847,-2.890692950481921,-2.800356662807213,0.0892877578735351,0.4480303981595934,-0.7964614629784927
11105,CRESTWOOD EQUITY PARTNERS LP,"UBS Maintains Buy on Crestwood Equity Partners, Raises Price Target to $44",5,increase,0.85,0.7,,165,35,2.0,2019-10-30,89043.0,-0.2267517615109682,2.670450508594513,-5.539770069047223,-6.754884363662416,1.2048140168190002,1.495973788867122,1.994792228408304
11113,CRESTWOOD EQUITY PARTNERS LP,"Crestwood Equity Partners Q3 EPS $0.12 Misses $0.14 Estimate, Sales $823.6M Beat $712.1M Estimate",5,uncertain,0.6,0.3,,181,35,1.0,2019-10-29,89043.0,1.204814016819,-0.2267517615109682,-0.3117930027000115,-9.015771043594468,0.2876935992389917,0.7805737496419995,1.219517999559816
11121,CRESTWOOD EQUITY PARTNERS LP,"Raymond James Upgrades Crestwood Equity Partners to Strong Buy, Announces $40 Price Target",5,increase,0.85,0.7,,166,35,2.0,2019-10-23,89043.0,1.294113602489233,0.435544503852725,2.2067426466486406,-3.455275891038523,0.0588594994042068,0.1177883262794665,-0.3516967658667935
11129,CERUS CORP,Cerus Reaffirms FY19 Product Sales Guidance $72M-$75M,5,uncertain,0.6,0.3,,156,35,1.0,2019-10-30,84413.0,-1.098905224353075,-3.333335369825363,-7.111114595592194,-4.222223213916509,0.2202693605795502,3.409093071859459,3.881280258505204
11137,CERUS CORP,"Cerus Q3 EPS $(0.13) Misses $(0.12) Estimate, Sales $22.8M Inline",5,decrease,0.7,0.4,,166,35,0.0,2019-10-30,84413.0,-1.098905224353075,-3.333335369825363,-7.111114595592194,-4.222223213916509,0.2202693605795502,3.409093071859459,3.881280258505204
11145,C F INDUSTRIES HOLDINGS INC,CF Industries shares trading lower following worse-than-expected Q3 results.,5,decrease,0.85,0.7,,159,25,0.0,2019-10-31,90829.0,-3.5926923155784607,2.028670348227024,2.8224973912986284,2.8886484811463164,0.3627096069976687,2.6401899889897384,1.950588580081103
11153,C F INDUSTRIES HOLDINGS INC,"CF Industries Holdings Q3 EPS $0.29 Misses $0.37 Estimate, Sales $1.038B Miss $1.07B Estimate",5,decrease,0.8,0.6,,177,35,0.0,2019-10-30,90829.0,0.3627096069976687,-3.5926923155784607,-1.381806195999713,-0.4251720331254649,2.2692495957016945,1.5821403978641737,3.07894805444211
11161,C F INDUSTRIES HOLDINGS INC,"Stifel Nicolaus Maintains Hold on CF Industries Holdings, Lowers Price Target to $46",5,decrease,0.8,0.6,,165,35,0.0,2019-10-04,90829.0,0.0410181673942133,0.2665048697963357,3.772038252625709,-2.070517304866759,0.9941996075212955,-0.7531095712450919,-0.8943138767262826
11169,C F BANKSHARES INC,Central Federal Q3 EPS $0.59 Up From $0.24 YoY,5,increase,0.85,0.7,,161,35,2.0,2019-10-28,86526.0,0.3816735465079546,-0.8364993147552013,3.5193920145327295,4.085932578870355,0.3723753383383155,1.1583055749212925,1.046722321279847
11177,C & F FINANCIAL CORP,C&F Financial Q3 EPS $1.42 Down From $1.46 YoY,5,decrease,0.7,0.3,,167,35,0.0,2019-10-24,85725.0,-2.492392249405384,-1.1512198485434055,-0.7609742713526102,-0.0975594710099003,-0.4545414354652166,-3.999997655159459,-0.057043018598446
11185,CAPITOL FEDERAL FINANCIAL INC,"Capitol Federal Financial Q4 EPS $0.16, Inline",5,uncertain,0.6,0.2,,163,35,1.0,2019-10-30,86820.0,0.0,-0.6574349477887154,-0.17012251234918,-0.7966708947671153,0.2080425387248397,0.8374032538416953,1.0489483777633255
11193,CITIZENS FINANCIAL GROUP INC,Citizens Financial Group Q3 EPS $0.98 Beats $0.96 Estimate,5,increase,0.75,0.4,,165,35,2.0,2019-10-18,14889.0,0.8854652754962444,0.7361329160630703,1.500562904798386,3.0951976780339896,-0.3415961982682347,-0.3132135964953875,1.3020744632938674
11201,CITIZENS FINANCIAL GROUP INC,"JP Morgan Maintains Overweight on Citizens Financial Group, Lowers Price Target to $39.5",5,decrease,0.7,0.4,,168,35,0.0,2019-10-10,14889.0,2.364348992705345,2.102455124258995,3.6718918439041297,5.359790979583656,1.2584402225911615,-2.7990482000607053,-2.280795755239584
11209,CITIZENS FINANCIAL GROUP INC,Citi Downgrades Citizens Financial Group to Sell,5,decrease,0.85,0.7,,158,35,0.0,2019-10-08,14889.0,-4.007061943411827,1.2584402225911615,7.796184718401866,10.313065239526932,0.5331763066351414,1.5255707918691463,1.313428742520828
11217,CITIZENS FINANCIAL GROUP INC,"Morgan Stanley Maintains Overweight on Citizens Financial Group, Lowers Price Target to $42",5,decrease,0.7,0.4,,166,35,0.0,2019-10-03,14889.0,-0.2089543035253881,0.9871313348412514,1.0170510608687122,4.726287919725225,-2.0467858761548996,-5.286963661619726,-5.31373959922008
11225,CULLEN FROST BANKERS INC,"Cullen/Frost Bankers Earlier Reported Q3 EPS $1.73 Beats $1.69 Estimate, Sales $365.842M Beat $364.69M Estimate",5,increase,0.8,0.4,,186,35,2.0,2019-10-31,27888.0,-3.2957591116428384,1.043511088937521,4.740227062367941,3.507988460489342,-0.9253298863768578,-0.6293965990178174,0.3339133911370862
11233,CULLEN FROST BANKERS INC,"Morgan Stanley Maintains Underweight on Cullen/Frost Bankers, Lowers Price Target to $92",5,decrease,0.8,0.6,,170,35,0.0,2019-10-03,27888.0,-1.3688884675502782,1.0169878602027893,1.4596808434153674,7.286427831753595,-1.7848875373601911,-4.302659600526059,-3.748299692235657
11241,CARLYLE GROUP L P,"Carlyle Group Earlier Reported Q3 EPS $0.41 Beats $0.4 Estimate, Sales $768.6M Beat $517.73M Estimate",5,increase,0.85,0.7,,178,35,2.0,2019-10-31,13405.0,-0.8720921352505684,2.602635882794857,0.806449105148288,4.357040275460888,0.0727289356291294,0.0727289356291294,0.6952086968661675
11249,CARLYLE GROUP L P,"The Hilb Group Reports Will Be Acquired By The Carlyle Group, No Terms Disclosed",5,increase,0.8,0.6,,163,35,2.0,2019-10-30,13405.0,0.0727289356291294,-0.8720921352505684,0.0726761510480455,2.5282388699196856,0.0,0.6220273673534393,1.4385813136090553
11257,CARLYLE GROUP L P,'Carlyle Raises $7.1 Billion for Fifth European Buyout Fund' -Bloomberg,5,increase,0.85,0.6,,163,35,2.0,2019-10-24,13405.0,-1.166604738682508,0.8115061558783054,0.6270752366486221,1.43858138443147,1.2924681417644024,-0.3270354333769543,1.667904971891887
11265,CARLYLE GROUP L P,"BMO Capital Initiates Coverage On Carlyle Group with Market Perform Rating, Announces $23 Price Target",5,uncertain,0.6,0.3,,164,35,1.0,2019-10-08,13405.0,-0.0400971475755795,1.5643777325749395,6.177292330026196,8.624145872574474,0.5645213648676872,0.6050811217356067,2.5071952806406728
11273,COMSTOCK HOLDING COMPANIES INC,Comstock Holding Cos. Reports Rolls-Royce North America To Move Its Headquarters To Reston Station In Early 2020,5,increase,0.8,0.6,,175,35,2.0,2019-10-18,90476.0,4.236842691898346,7.043670862913132,13.102753072124695,2.4993683655345933,-1.298700086772442,-0.2624669819590419,-1.0416657155599585
11281,CITY HOLDING CO,"City Holding Q3 EPS $1.36 Up From $1.33 YoY, Sales $57.235M Up From $51.311M YoY",5,,,,,173,35,,2019-10-22,11442.0,-0.0505668052937835,-0.1138570019975304,1.467420672444364,2.2517378519895104,2.236292324960232,3.318083837433261,4.602560105290898
11289,CHURCH & DWIGHT INC,Church & Dwight shares are trading lower after the company reported worse-than-expected Q3 sales results. The company also issued FY19 EPS guidance below analyst estimates.,5,decrease,0.85,0.7,,177,34,0.0,2019-10-31,23393.0,-7.253681123256683,-1.658569648861885,-3.931941464813804,-2.4199394516049244,2.38968376070261,1.0857978756106057,0.694357429705228
11297,CHURCH & DWIGHT INC,"Church & Dwight Reaffirms FY19 Adj. EPS Guidance At $2.47 vs $2.49 Estimate, Sales Growth 5%",5,decrease,0.7,0.3,,174,35,0.0,2019-10-31,23393.0,-7.253681123256683,-1.658569648861885,-3.931941464813804,-2.4199394516049244,2.38968376070261,1.0857978756106057,0.694357429705228
11305,CHURCH & DWIGHT INC,"Church & Dwight Co Q3 Adj. EPS $0.66 Beats $0.61 Estimate, Sales $1.089B Miss $1.1B Estimate",5,uncertain,0.6,0.3,,179,35,1.0,2019-10-31,23393.0,-7.253681123256683,-1.658569648861885,-3.931941464813804,-2.4199394516049244,2.38968376070261,1.0857978756106057,0.694357429705228
11313,CHURCHILL DOWNS INC,"Churchill Downs Q3 Adj. EPS $0.55 Beats $0.51 Estimate, Sales $306.3M Beat $299.61M Estimate",5,increase,0.8,0.6,,180,35,2.0,2019-10-30,79026.0,0.4821814130991697,-2.534295432269573,-8.240232674667404,-5.563468949141448,-0.7700350135564804,-0.55443583782262,0.2946949706797319
11321,CHURCHILL DOWNS INC,"Churchill Downs Reports $300M In New Stadium Seating, Hotel, HRM Facility",5,increase,0.8,0.6,,165,35,2.0,2019-10-30,79026.0,0.4821814130991697,-2.534295432269573,-8.240232674667404,-5.563468949141448,-0.7700350135564804,-0.55443583782262,0.2946949706797319
11329,CHURCHILL DOWNS INC,Churchill Downs To Acquire Turfway Park For $46M In Cash,5,increase,0.8,0.6,,162,35,2.0,2019-10-03,79026.0,0.984539557248354,3.408263251185417,4.3187497638497385,4.463776454564838,-0.0569242052733898,-0.4495567445130466,0.7294479497925277
11337,CHEMED CORP NEW,"Chemed Q3 Adj. EPS $3.46 Beats $3.31 Estimate, Sales $480.613M Beat $478.89M Estimate",5,increase,0.85,0.6,,173,35,2.0,2019-10-29,64194.0,0.8342516608536243,-2.4650629609823227,-0.2935731558063925,-0.8801733591030203,1.048179343342781,0.6302463495035049,0.3092124730706747
11345,CHEFS WAREHOUSE INC,"The Chefs' Warehouse Q3 EPS $0.23 Misses $0.25 Estimate, Sales $396.88M Beat $396.43M Estimate",5,uncertain,0.6,0.3,,177,35,1.0,2019-10-30,12913.0,-0.1809245208278297,-14.228376746177672,-9.399268122820024,-6.86172391279809,1.681995764374733,2.54439198227161,3.3110756582858336
11353,CHEGG INC,"BMO Capital Maintains Outperform on Chegg, Lowers Price Target to $35",5,decrease,0.7,0.4,,156,35,0.0,2019-10-04,14273.0,3.041566722095013,0.951134506613016,5.378816978285794,6.165953190360618,3.970488905906677,1.3009282121500876,-1.2020052172018736
11361,CHEGG INC,"Top 10 Most Oversold Stocks Via Benzinga Pro's Radar Tool For Tue., October 01, 2019",5,increase,0.7,0.5,,162,35,2.0,2019-10-01,14273.0,-2.470790222287178,-2.567613869905472,4.51900602885531,13.14618382514332,-0.3327736398205161,-2.885860582274913,-5.041217938958398
11369,CHOICE HOTELS INTERNATIONAL INC,"Wells Fargo Maintains Market Perform on Choice Hotels Intl, Lowers Price Target to $88",5,decrease,0.8,0.6,,163,35,0.0,2019-10-18,85517.0,-1.141552533954382,0.4041553009301424,1.0161719618461351,2.575061695799663,-0.8264500647783279,-0.6915322664169388,-0.3299589431614569
11377,CHECK POINT SOFTWARE TECHS LTD,BMO Waits On The Sidelines For Better Momentum At Check Point Software,5,decrease,0.7,0.4,,159,35,0.0,2019-10-29,83639.0,3.7516091018915185,-0.8487304672598839,0.2475456580552482,2.289803214120245,0.6462305784225464,0.4792595889879791,1.5651205224909148
11385,CHECK POINT SOFTWARE TECHS LTD,"UBS Maintains Neutral on Check Point Software Tech, Lowers Price Target to $117",5,decrease,0.75,0.4,,162,35,0.0,2019-10-29,83639.0,3.7516091018915185,-0.8487304672598839,0.2475456580552482,2.289803214120245,0.6462305784225464,0.4792595889879791,1.5651205224909148
11393,CHECK POINT SOFTWARE TECHS LTD,"Barclays Maintains Equal-Weight on Check Point Software Tech, Lowers Price Target to $116",5,decrease,0.75,0.4,,165,35,0.0,2019-10-29,83639.0,3.7516091018915185,-0.8487304672598839,0.2475456580552482,2.289803214120245,0.6462305784225464,0.4792595889879791,1.5651205224909148
11401,CHECK POINT SOFTWARE TECHS LTD,"Check Point Software Sees Q4 Sales $527M-$557M vs $543.14M Est., Adj. EPS $1.93-$2.04 vs $1.97 Est.",5,uncertain,0.6,0.3,,183,35,1.0,2019-10-28,83639.0,0.6462305784225464,3.7516091018915176,2.3206812588930426,6.283256800699966,-0.165898900013417,0.9129899240015504,1.575394130479335
11409,CHECK POINT SOFTWARE TECHS LTD,"Check Point Software Tech Q3 EPS $1.44 Beats $1.4 Estimate, Sales $490.908M Beat $490.75M Estimate",5,increase,0.8,0.3,,175,35,2.0,2019-10-28,83639.0,0.6462305784225464,3.7516091018915176,2.3206812588930426,6.283256800699966,-0.165898900013417,0.9129899240015504,1.575394130479335
11417,CHECK POINT SOFTWARE TECHS LTD,OTR Global Downgrades Check Point Software Tech to Negative,5,decrease,0.85,0.6,,156,25,0.0,2019-10-14,83639.0,-2.264968678355217,0.1471433322876691,-1.2414921350941244,0.2574937656581344,1.6258666291832924,0.9985462235155618,1.7094824495986982
11425,CHECK POINT SOFTWARE TECHS LTD,"UPDATE: Jefferies Downgrades Check Point Software To Hold, Lowers Tgt To $115 As Firm Believes Co. 'has limited downside potential, but we would need to see evidence of material catalysts that reinvigorate product growth and accelerate total rev growth'",5,decrease,0.8,0.6,,199,35,0.0,2019-10-08,83639.0,-1.370484381914139,0.703907385468483,-0.4479364722446366,-2.513940866982056,-0.0810777826700359,2.7896220162910934,2.7420165429905774
11433,CHECK POINT SOFTWARE TECHS LTD,"Jefferies Downgrades Check Point Software Tech to Hold, Lowers Price Target to $115",5,decrease,0.8,0.6,,164,30,0.0,2019-10-08,83639.0,-1.370484381914139,0.703907385468483,-0.4479364722446366,-2.513940866982056,-0.0810777826700359,2.7896220162910934,2.7420165429905774
11441,CHECK POINT SOFTWARE TECHS LTD,"UPDATE: Suntrust Initiates Check Point Software With Hold, $115 Target As Firm Notes 'Check Point product pipeline is robust, but sales execution remains a show me story and their growth rate has lagged the market growth'",5,uncertain,0.6,0.3,,188,35,1.0,2019-10-03,83639.0,-0.0463135016616433,2.873029187321663,1.4643205720686447,0.1390191956149422,0.4840329755097627,-1.4155279046494385,-0.2033846945339701
11449,CHECK POINT SOFTWARE TECHS LTD,"SunTrust Robinson Humphrey Initiates Coverage On Check Point Software Tech with Hold Rating, Announces $115 Price Target",5,uncertain,0.6,0.3,,166,35,1.0,2019-10-03,83639.0,-0.0463135016616433,2.873029187321663,1.4643205720686447,0.1390191956149422,0.4840329755097627,-1.4155279046494385,-0.2033846945339701
11457,CHEMUNG FINANCIAL CORP,Chemung Financial Q3 EPS $0.4 Down From $1.11 YoY,5,decrease,0.85,0.7,,166,35,0.0,2019-10-18,13694.0,1.319443713873625,-1.3022610917687416,-2.444596046927916,-0.982408825616976,-1.3473398983478546,-2.085218030680558,2.1276630391561913
11465,COHERUS BIOSCIENCES INC,Coherus BioScience shares are trading lower despite no company specific news. The stock has dropped approximately 23% over the past month.,5,decrease,0.8,0.6,,173,35,0.0,2019-10-22,15059.0,-2.919705212116241,-5.531689897179604,-4.833520156879212,-12.298607830211315,-0.4670480266213417,-0.05211166518716,3.1182790409616468
11473,COHERUS BIOSCIENCES INC,Coherus Biosciences shares are trading higher. Not seeing any news to justify price action.,5,uncertain,0.5,0.3,,165,35,1.0,2019-10-04,15059.0,5.107663944363594,1.8103910610079763,-11.624585256957886,-8.194374583174802,-0.6467714905738831,4.1188687280306,-1.4313962521479762
11481,CHARTER COMMUNICATIONS INC NEW,"Charter Communications To Launch AMC Networks' Full Suite Of Streaming Services—Acorn TV, Shudder, Sundance Now And UMC—To Spectrum Customers",5,increase,0.8,0.6,,178,35,2.0,2019-10-31,12308.0,-0.1962569775059818,1.8424371257424357,0.1239724610828219,2.58838466586897,1.014931220561266,0.3618151621719967,1.425819737868972
11489,CHARTER COMMUNICATIONS INC NEW,"Deutsche Bank Maintains Buy on Charter Communications, Raises Price Target to $525",5,increase,0.8,0.6,,164,35,2.0,2019-10-29,12308.0,-0.6465539801865816,1.014931220561266,1.978148306394445,2.1548473421085346,1.0601687245070934,7.359732449816803,7.238956393020546
11497,CHARTER COMMUNICATIONS INC NEW,"Morgan Stanley Maintains Overweight on Charter Communications, Raises Price Target to $500",5,increase,0.8,0.6,,164,35,2.0,2019-10-28,12308.0,1.060168724507093,-0.6465539801865816,1.3723274077008574,1.3723273830624327,6.233478337526321,6.1139692783978905,5.708663725974539
11505,CHARTER COMMUNICATIONS INC NEW,"Benchmark Maintains Hold on Charter Communications, Raises Price Target to $514",5,increase,0.7,0.4,,162,35,2.0,2019-10-28,12308.0,1.060168724507093,-0.6465539801865816,1.3723274077008574,1.3723273830624327,6.233478337526321,6.1139692783978905,5.708663725974539
11513,CHARTER COMMUNICATIONS INC NEW,"TD Securities Maintains Hold on Charter Communications, Raises Price Target to $475",5,increase,0.7,0.4,,163,35,2.0,2019-10-28,12308.0,1.060168724507093,-0.6465539801865816,1.3723274077008574,1.3723273830624327,6.233478337526321,6.1139692783978905,5.708663725974539
11521,CHARTER COMMUNICATIONS INC NEW,"UBS Maintains Buy on Charter Communications, Raises Price Target to $525",5,increase,0.8,0.6,,163,35,2.0,2019-10-28,12308.0,1.060168724507093,-0.6465539801865816,1.3723274077008574,1.3723273830624327,6.233478337526321,6.1139692783978905,5.708663725974539
11529,CHARTER COMMUNICATIONS INC NEW,"Wells Fargo Maintains Market Perform on Charter Communications, Raises Price Target to $450",5,increase,0.7,0.4,,165,35,2.0,2019-10-28,12308.0,1.060168724507093,-0.6465539801865816,1.3723274077008574,1.3723273830624327,6.233478337526321,6.1139692783978905,5.708663725974539
11537,CHARTER COMMUNICATIONS INC NEW,"Raymond James Maintains Strong Buy on Charter Communications, Raises Price Target to $525",5,increase,0.85,0.7,,165,24,2.0,2019-10-28,12308.0,1.060168724507093,-0.6465539801865816,1.3723274077008574,1.3723273830624327,6.233478337526321,6.1139692783978905,5.708663725974539
11545,CHARTER COMMUNICATIONS INC NEW,Charter Communications shares are trading higher after the company reported better-than-expected Q3 EPS and sales results.,5,increase,0.85,0.7,,169,35,2.0,2019-10-25,12308.0,6.2334783375263205,1.0601687245070934,3.0918039797857455,1.635690497874065,-0.1124966074712574,-0.4940199829326253,-0.705220983339172
11553,CHARTER COMMUNICATIONS INC NEW,"Charter Communications Q3 EPS $1.74 Beats $1.65 Estimate, Sales $11.45B Beat $11.41B Estimate",5,increase,0.8,0.6,,178,35,2.0,2019-10-25,12308.0,6.2334783375263205,1.0601687245070934,3.0918039797857455,1.635690497874065,-0.1124966074712574,-0.4940199829326253,-0.705220983339172
11561,CHARTER COMMUNICATIONS INC NEW,"UPDATE: Bernstein Initiates Charter With Outperform, $541 Target Notes 'dominant Internet service business, peer scale with sub-peer margins/ROIC, mobile optionality, strategically precious fiber'",5,increase,0.8,0.6,,186,35,2.0,2019-10-16,12308.0,1.19652422145009,0.8742265403270721,-0.5797782448461519,7.002965478800682,2.354837767779827,2.3064583903762648,1.403045132901548
11569,CHARTER COMMUNICATIONS INC NEW,Charter Late Tuesday Priced $500M Of Senior Unsecured Notes Due 2030,5,uncertain,0.6,0.3,,166,35,1.0,2019-10-16,12308.0,1.19652422145009,0.8742265403270721,-0.5797782448461519,7.002965478800682,2.354837767779827,2.3064583903762648,1.403045132901548
11577,CHARTER COMMUNICATIONS INC NEW,Charter Late Tuesday Reported Pricing Of $1.5B Of Senior Secured Notes Due 2050,5,uncertain,0.6,0.3,,170,35,1.0,2019-10-16,12308.0,1.19652422145009,0.8742265403270721,-0.5797782448461519,7.002965478800682,2.354837767779827,2.3064583903762648,1.403045132901548
11585,CHARTER COMMUNICATIONS INC NEW,"Bernstein Initiates Coverage On Charter Communications With An Outperform Rating, Announces A $541 Price Target",5,increase,0.85,0.7,,168,35,2.0,2019-10-16,12308.0,1.19652422145009,0.8742265403270721,-0.5797782448461519,7.002965478800682,2.354837767779827,2.3064583903762648,1.403045132901548
11593,CHARTER COMMUNICATIONS INC NEW,"Charter Communications shares are trading higher in sympathy with the overall market after multiple companies reported earnings that topped expectations, bringing the whole market higher on positive sentiment.",5,increase,0.7,0.4,,178,35,2.0,2019-10-15,12308.0,2.354837767779827,1.1965242214500904,0.995564438001506,7.195323077529059,-0.0472663319669663,-0.9298951135438216,-1.472234278051998
11601,CHARTER COMMUNICATIONS INC NEW,UPDATE: Charter Communications Reports Offering Of 4.750% Senior Unsecured Notes In Aggregate Principal Amount Of $1.35B,5,uncertain,0.6,0.3,,174,35,1.0,2019-10-15,12308.0,2.354837767779827,1.1965242214500904,0.995564438001506,7.195323077529059,-0.0472663319669663,-0.9298951135438216,-1.472234278051998
11609,CHARTER COMMUNICATIONS INC NEW,Charter Communications Announces Intent To Offer Senior Fixes Rate Notes Due 2050,5,uncertain,0.6,0.3,,164,35,1.0,2019-10-15,12308.0,2.354837767779827,1.1965242214500904,0.995564438001506,7.195323077529059,-0.0472663319669663,-0.9298951135438216,-1.472234278051998
11617,CHARTER COMMUNICATIONS INC NEW,Charter To Appoint Bill Archer As EVP and President,5,uncertain,0.6,0.3,,159,35,1.0,2019-10-08,12308.0,-0.4580971784889698,0.2826620591804385,1.1329936099542026,2.139837729421279,0.5424126517027617,3.2087729797090736,4.696289313564761
11625,CHARTER COMMUNICATIONS INC NEW,Charter Communications shares are trading higher after KeyBanc upgraded the stock from Sector Weight to Overweight and announced a price target of $515 per share.,5,increase,0.85,0.7,,178,24,2.0,2019-10-04,12308.0,2.651975676417351,0.5424126517027617,-1.0661173936264534,2.88272386578714,1.441269274801016,2.7292917504057046,1.1040519424530435
11633,CHARTER COMMUNICATIONS INC NEW,"KeyBanc Upgrades Charter Communications On Price Hike, Broadband Potential",5,increase,0.85,0.7,,162,35,2.0,2019-10-04,12308.0,2.651975676417351,0.5424126517027617,-1.0661173936264534,2.88272386578714,1.441269274801016,2.7292917504057046,1.1040519424530435
11641,CHARTER COMMUNICATIONS INC NEW,"Citigroup Maintains Buy on Charter Communications, Raises Price Target to $483",5,increase,0.8,0.6,,163,35,2.0,2019-10-04,12308.0,2.651975676417351,0.5424126517027617,-1.0661173936264534,2.88272386578714,1.441269274801016,2.7292917504057046,1.1040519424530435
11649,CHARTER COMMUNICATIONS INC NEW,"KeyBanc Upgrades Charter Communications to Overweight, Announces $515 Price Target",5,increase,0.85,0.7,,164,35,2.0,2019-10-04,12308.0,2.651975676417351,0.5424126517027617,-1.0661173936264534,2.88272386578714,1.441269274801016,2.7292917504057046,1.1040519424530435
11657,CALAMOS GLOBAL DYNAMIC INCOME FD,"""Nuclear Verdict"" Kills 540 Truck Carrier",5,uncertain,0.6,0.3,,158,35,1.0,2019-10-14,92110.0,0.381675991229713,-0.3802247578278184,0.7604555605203345,2.281366704674781,0.2528481185436249,0.3797473076297963,1.797178093380647
11665,CIGNA GROUP,Cigna Expects In 2020 To Grow Earnings 10% To 13% Over 2019,5,increase,0.85,0.7,,162,35,2.0,2019-10-31,64186.0,1.1448674835264678,0.5883602891117334,3.855199681911725,6.298324431744118,-0.8652620017528534,0.9439951345160846,2.886463824893859
11673,CIGNA GROUP,Cigna Says On Track To Deliver 2021 EPS Target Of $20 To $21 Per Share And Cash Flow From Operations Of At Least $8.5B,5,increase,0.85,0.7,,173,35,2.0,2019-10-31,64186.0,1.1448674835264678,0.5883602891117334,3.855199681911725,6.298324431744118,-0.8652620017528534,0.9439951345160846,2.886463824893859
11681,CIGNA GROUP,Cigna Raises FY19 Adj. EPS Guidance From $16.60-$16.90 To $16.80-$17 vs $16.80 Estimate,5,increase,0.8,0.4,,171,35,2.0,2019-10-31,64186.0,1.1448674835264678,0.5883602891117334,3.855199681911725,6.298324431744118,-0.8652620017528534,0.9439951345160846,2.886463824893859
11689,CIGNA GROUP,"Cigna Q3 Adj. EPS $4.54 Beats $4.36 Estimate, Sales $38.556B Beat $34.2B Estimate",5,increase,0.85,0.7,,171,35,2.0,2019-10-31,64186.0,1.1448674835264678,0.5883602891117334,3.855199681911725,6.298324431744118,-0.8652620017528534,0.9439951345160846,2.886463824893859
11697,CIGNA GROUP,"UPDATE: Mizuho On Cigna Also Notes 'In the near-term, we think earnings will be a catalyst to drive multiple expansion if CI meets its guidance for Express Scripts'",5,increase,0.8,0.6,,175,35,2.0,2019-10-18,64186.0,1.280573289841413,-0.0838922511320561,2.762464523741892,7.568306314052009,2.0437251776456833,2.8783719415879983,8.701677250282746
11705,CIGNA GROUP,"UPDATE: Mizhuo Initiates Cigna With Buy, $180 Target As Firm Thinks 'Cigna and Express Scripts combined create revenue synergies that support the company's 2021 adjusted EPS outlook of $21.00-22.00 and the long-term EPS CAGR of +10-13%'",5,increase,0.85,0.7,,201,35,2.0,2019-10-18,64186.0,1.280573289841413,-0.0838922511320561,2.762464523741892,7.568306314052009,2.0437251776456833,2.8783719415879983,8.701677250282746
11713,CIGNA GROUP,"Mizuho Initiates Coverage On Cigna with Buy Rating, Announces $180 Price Target",5,increase,0.85,0.6,,158,35,2.0,2019-10-18,64186.0,1.280573289841413,-0.0838922511320561,2.762464523741892,7.568306314052009,2.0437251776456833,2.8783719415879983,8.701677250282746
11721,CIGNA GROUP,Cigna Announces Medicare Advantage Expansion To Additional STates And Counties,5,increase,0.85,0.7,,152,35,2.0,2019-10-01,64186.0,-0.8959751576185226,-0.7910571061074734,-2.153819209869068,6.46813244633575,1.5453556552529335,1.335202690658277,-2.2097717644258386
11729,CIENA CORP,"Ciena Reports Will Purchase Centina, No Terms Disclosed",5,uncertain,0.6,0.3,,152,35,1.0,2019-10-03,84519.0,1.9565250724554055,0.2398724667727947,-0.7196173193758981,1.4125767077624918,0.8495410904288292,-6.19424009632048,-6.456535229026439
11737,CINCINNATI FINANCIAL CORP,"MKM Partners Maintains Buy on Cincinnati Financial, Raises Price Target to $135",5,increase,0.85,0.6,,168,24,2.0,2019-10-25,23473.0,-3.1404487788677224,-0.8240018971264362,0.4030425861015319,-2.642189381766258,1.1495240032672882,1.6669601584561988,-0.6635680603494509
11745,CINCINNATI FINANCIAL CORP,"Cincinnati Financial Q3 Adj. EPS $1.08 Beats $0.89 Estimate, Sales $1.7B Beat $1.54B Estimate",5,increase,0.85,0.7,,184,35,2.0,2019-10-24,23473.0,1.149524003267288,-3.1404487788677216,-1.787106477064293,-5.413375593046455,0.5115556996315718,-1.7924869953497402,-1.520914469930168
11753,CITY OFFICE REIT INC,City Office REIT shares are trading lower after the company reported a 6 million common stock offering.,5,decrease,0.85,0.6,,161,35,0.0,2019-10-02,14559.0,0.8415139280259609,-2.3643961176276207,-5.285119832819307,-6.1556118555434525,-0.9034059010446072,-0.7654812536486144,-1.1781016630953545
11761,CITY OFFICE REIT INC,City Office REIT Reports 6M Share Common Stock Offering,5,decrease,0.8,0.6,,154,35,0.0,2019-10-02,14559.0,0.8415139280259609,-2.3643961176276207,-5.285119832819307,-6.1556118555434525,-0.9034059010446072,-0.7654812536486144,-1.1781016630953545
11769,CIRCOR INTERNATIONAL INC,"CIRCOR Reports Will Sell Its Distributed Valves Business, No Terms Disclosed",5,uncertain,0.6,0.3,,158,35,1.0,2019-10-02,87268.0,-2.125916630029678,-0.8075769990682602,1.5037620301930232,1.893624033145036,-2.290281280875206,-1.8721603977507772,-2.10779329465548
11777,COMPX INTERNATIONAL INC,"Compx International Q3 EPS $0.31 Down From $0.32 YoY, Sales $30M, Same YoY",5,decrease,0.7,0.3,,167,35,0.0,2019-10-30,85903.0,-1.550907269120216,0.4109552130103111,-5.0742821056104503e-08,-4.657536209787794,1.0906601324677467,-4.075033132851392,-6.257900164889607
11785,COMPX INTERNATIONAL INC,"CI Financial's WealthBar Financial Services Unit Acquires Snap Projections, No Terms Disclosed",5,uncertain,0.3,0.1,,158,35,1.0,2019-10-21,85903.0,0.5882362835109234,0.5198175553232431,-4.678364327258844,-5.133203262247243,4.938273504376411,6.993007030230913,6.397775314329857
11793,CITIZENS HOLDING CO,Citizens Holding Q3 EPS $0.27 Down From $0.31 YoY,5,decrease,0.8,0.4,,162,35,0.0,2019-10-24,87269.0,2.27550845593214,0.0,8.908080939562525e-08,2.0712893759897044,-1.9198447465896609,-2.504769377045335,-1.990412130928387
11801,COLGATE PALMOLIVE CO,Colgate-Palmolive Option Alert: Nov 1 $67 Calls Sweep (18) above Ask!: 568 @ $1.622 vs 1138 OI; Earnings 11/1 Before Open Ref=$68.02,5,,,,,195,35,,2019-10-21,18729.0,0.3968900069594383,-1.1859523132443428,-0.7586310840088872,-3.617246421234632,-0.0734474917408078,0.2652915361863517,-0.5409397114567227
11809,COLGATE PALMOLIVE CO,"Berenberg Reinstates Sell on Colgate-Palmolive, Announces $58 Price Target",5,decrease,0.85,0.6,,167,35,0.0,2019-10-16,18729.0,-0.8040980435907841,0.3389880061149597,0.1814006148185942,1.7240234371141083,-1.4551247470080853,-2.9924841390135626,-3.3488699249852982
11817,COLGATE PALMOLIVE CO,"JP Morgan Maintains Neutral on Colgate-Palmolive, Lowers Price Target to $76",5,decrease,0.7,0.4,,167,35,0.0,2019-10-14,18729.0,-1.56006021425128,-1.4551247470080853,-1.599194043673602,-2.3456931445735463,-0.3673795610666275,-0.1698925635625792,-0.2405180561125597
11825,COLGATE PALMOLIVE CO,"Colgate-Palmolive shares are trading lower im sympathy with the broader market following weak PMI results,",5,decrease,0.8,0.3,,167,35,0.0,2019-10-01,18729.0,-2.421437576413155,-1.686890609562397,-1.4638267812534078,-4.642411318143703,0.3412503283470869,1.086359896006095,1.7580347997492085
11833,CORE LABORATORIES INC,"Core Laboratories Q3 Adj. EPS $0.5 Beats $0.49 Estimate, Sales $173.2M Beat $171.79M Estimate",5,increase,0.8,0.6,,175,35,2.0,2019-10-23,82656.0,3.4971635788679123,0.9132455103099346,0.6849294894778257,7.077630634709364,0.6181605160236359,4.77841142783304,0.5942479195114148
11841,CORE LABORATORIES INC,"Citigroup Maintains Neutral on Core Laboratories, Lowers Price Target to $44",5,decrease,0.75,0.4,,160,35,0.0,2019-10-18,82656.0,-3.993345052003859,4.134691879153252,9.532068498573445,15.325582083518151,-2.2252820432186127,-4.33221008430823,-3.356006473540629
11849,CORE LABORATORIES INC,"Morgan Stanley Maintains Equal-Weight on Core Laboratories, Lowers Price Target to $55",5,decrease,0.75,0.4,,162,35,0.0,2019-10-07,82656.0,-0.5724754184484482,-1.9115570932626724,1.566099189759984,-1.8657934857789216,-3.3207882195711136,0.4369792520440674,-0.6370936108387237
11857,CHATHAM LODGING TRUST,Chatham Lodging Q3 AFFO $0.60 Down From $0.61 YoY,5,decrease,0.7,0.3,,166,35,0.0,2019-10-31,93314.0,0.2777735469862819,1.329649239778519,1.1080375275466237,-0.6648141239589456,1.9133344292640688,1.343028240022193,1.116695420977365
11865,CLEVELAND CLIFFS INC NEW,"B. Riley Maintains Buy on Cleveland-Cliffs, Lowers Price Target to $12",5,decrease,0.7,0.4,,166,35,0.0,2019-10-24,27422.0,5.7692285627126685,0.0,1.1188800387647913,2.9370632898814364,-5.322123691439629,-3.290408200539008,-2.3121362379683985
11873,CLEVELAND CLIFFS INC NEW,"Cleveland-Cliffs Q3 EPS $0.33 Beats $0.26 Estimate, Sales $555.6M Beat $552.28M Estimate",5,increase,0.8,0.6,,179,35,2.0,2019-10-23,27422.0,-5.3221236914396295,5.769228562712669,8.431947868997547,8.284022348618025,2.1459242329001427,3.1791877583539296,1.854488451160874
11881,CLEVELAND CLIFFS INC NEW,Cleveland-Cliffs shares are trading lower after competitive Chinese steel mills ordered a high amount of Iron ore in September.,5,decrease,0.8,0.6,,170,35,0.0,2019-10-14,27422.0,-5.905509367585182,2.3709911853075027,-2.510464381221267,3.207810882864215,4.526747763156891,8.392598137897789,6.424581601002011
11889,CLEVELAND CLIFFS INC NEW,Cleveland-Cliffs shares are trading higher despite no company-specific news. This could potentially be a rebound after the stock dropped approximately 20% over the last 13 trading sessions.,5,increase,0.7,0.4,,183,35,2.0,2019-10-03,27422.0,8.82352888584137,1.0958893224596975,-0.1369893242196385,-3.972602097794964,-5.160388723015785,-5.81716900657554,-4.628329747230087
11897,CLEVELAND CLIFFS INC NEW,"B. Riley Maintains Buy on Cleveland-Cliffs, Lowers Price Target to $13",5,decrease,0.7,0.4,,166,35,0.0,2019-10-01,27422.0,-0.6925168447196484,-5.160388723015785,1.2284790757628006,3.7733333449516016,1.262267492711544,-2.3004071601234077,-4.749342373563414
11905,CLEARSIGN TECHNOLOGIES CORP,"ClearSign Wins Purchase Order From ExxonMobil To Perform Daily Engineering, Installation Planning, No Terms Disclosed",5,increase,0.8,0.6,,168,35,2.0,2019-10-18,13369.0,20.95238417387009,-11.811021715402603,-13.38582368212522,-21.259841033898663,-0.9433954022824764,-6.250004807952836,-10.064245529903582
11913,CALUMET SPECIALTY PRODS PTNRS LP,Calumet Specialty Products Partners Announces Keith Jennings EVP and CFO,5,uncertain,0.6,0.3,,166,35,1.0,2019-10-28,91076.0,1.529904454946518,2.4657510221004486,-4.931508749429425,3.013695180371001,-0.1388854463584721,1.2676077965808386,3.0085966016658583
11921,CELLECTAR BIOSCIENCES INC,Cellectar Highlights Presentation Of New Phospholipid Drug Conjugate At AACR-NCI-EORTC Conference,5,increase,0.75,0.6,,170,35,2.0,2019-10-30,14862.0,-1.27389170229435,-4.516124725341797,-8.387096483115942,-27.74193245865433,0.0,-0.1716774422675371,-0.6329107685162483
11929,CELESTICA INC,"Celestica Sees Q4 Adj. EPS $0.12-$0.18 vs $0.15 Estimate, Sales $1.425B-$1.525B vs $1.49B Est.",5,decrease,0.8,0.6,,185,35,0.0,2019-10-24,86115.0,2.84006055444479,-6.540701538324356,4.941855517350779,14.534883377072894,-0.7418355438858271,-1.906160011254232,0.4504535648723884
11937,CELESTICA INC,"Celestica Q3 Adj. EPS $0.13 Beats $0.12 Estimate, Sales $1.52B Beat $1.44B Estimate",5,increase,0.85,0.6,,174,35,2.0,2019-10-24,86115.0,2.84006055444479,-6.540701538324356,4.941855517350779,14.534883377072894,-0.7418355438858271,-1.906160011254232,0.4504535648723884
11945,CLEARWATER PAPER CORP,Mid-Day Market Update: Markets Up; Real Estate Plunges,5,uncertain,0.4,0.2,,157,35,1.0,2019-10-25,92854.0,3.351355716586113,-1.3075313530862331,-3.1903796638225734,11.924678919346988,-1.0695227421820164,-0.2157546528819942,1.0929003891554157
11953,CLEARWATER PAPER CORP,Clearwater Paper shares are trading higher after the company reported better-than-expected Q3 sales results.,5,increase,0.85,0.7,,163,35,2.0,2019-10-24,92854.0,-1.069522742182016,3.351355716586113,0.21622095509366,11.513508361883297,0.8629980497062206,2.1858007676462066,4.469280188361657
11961,CLEARWATER PAPER CORP,"Clearwater Paper Q3 Adj. EPS $(0.5) Misses $(0.32) Estimate, Sales $445.188M Beat $436.09M Estimate",5,decrease,0.75,0.4,,179,35,0.0,2019-10-24,92854.0,-1.069522742182016,3.351355716586113,0.21622095509366,11.513508361883297,0.8629980497062206,2.1858007676462066,4.469280188361657
11969,CLOROX CO,"Clorox Reaffirms FY20 Guidance: Sales Down Low Single Digits To Up 1%, EPS $6.05-$6.25 vs $6.19 Estimate",5,uncertain,0.6,0.3,,176,35,1.0,2019-10-31,46578.0,-2.06233449280262,-0.4401172511279583,-0.4536517046126564,-0.954704933784256,0.8965584449470043,0.7292579329361004,0.3101139903619376
11977,CLOROX CO,"Clorox Q1 EPS $1.59 Beats $1.54 Estimate, Sales $1.506B Miss $1.51B Estimate",5,uncertain,0.6,0.3,,170,35,1.0,2019-10-31,46578.0,-2.06233449280262,-0.4401172511279583,-0.4536517046126564,-0.954704933784256,0.8965584449470043,0.7292579329361004,0.3101139903619376
11985,CLOROX CO,'Share Weakness Across Key Categories': Analysts Weigh In On Clorox's Investor Day,5,decrease,0.8,0.6,,159,35,0.0,2019-10-03,46578.0,-1.560094859451056,2.9655832797288895,2.5370668517081807,1.6188202851780575,-1.275775209069252,-1.6593067329981226,-2.181023538531457
11993,CLOROX CO,"UPDATE: Credit Suisse On Clorox Also Notes 'Importantly, outlook for U.S., the largest area of concern, has not changed'",5,uncertain,0.6,0.2,,168,35,1.0,2019-10-03,46578.0,-1.560094859451056,2.9655832797288895,2.5370668517081807,1.6188202851780575,-1.275775209069252,-1.6593067329981226,-2.181023538531457
12001,CLOROX CO,"UPDATE: Credit Suisse Maintains Outperform On Clorox, Lowers Target To $168 As Firm Notes 'Bears will point to decline in guide and worse F/x, but we believe meeting effectively reset forecasts and benchmarked expectations'",5,decrease,0.7,0.4,,187,35,0.0,2019-10-03,46578.0,-1.560094859451056,2.9655832797288895,2.5370668517081807,1.6188202851780575,-1.275775209069252,-1.6593067329981226,-2.181023538531457
12009,CLOROX CO,"UPDATE: Deutsche Bank Maintains Hold On Clorox, Raises Target To $145 As Firm Notes 'Analyst Day Takeaways – ST & LT Guidance Cut, Stock Outperforms?; Firm Still Expects Shares 'to drift lower as Street numbers are presumably revised downward'",5,decrease,0.8,0.6,,195,35,0.0,2019-10-03,46578.0,-1.560094859451056,2.9655832797288895,2.5370668517081807,1.6188202851780575,-1.275775209069252,-1.6593067329981226,-2.181023538531457
12017,CLOROX CO,"Bank of America Maintains Neutral on Clorox, Lowers Price Target to $160",5,decrease,0.8,0.6,,158,35,0.0,2019-10-03,46578.0,-1.560094859451056,2.9655832797288895,2.5370668517081807,1.6188202851780575,-1.275775209069252,-1.6593067329981226,-2.181023538531457
12025,CLOROX CO,"UBS Maintains Sell on Clorox, Lowers Price Target to $125",5,decrease,0.85,0.6,,157,25,0.0,2019-10-03,46578.0,-1.560094859451056,2.9655832797288895,2.5370668517081807,1.6188202851780575,-1.275775209069252,-1.6593067329981226,-2.181023538531457
12033,CLOROX CO,"Deutsche Bank Maintains Hold on Clorox, Lowers Price Target to $145",5,decrease,0.8,0.6,,158,35,0.0,2019-10-03,46578.0,-1.560094859451056,2.9655832797288895,2.5370668517081807,1.6188202851780575,-1.275775209069252,-1.6593067329981226,-2.181023538531457
12041,CLOROX CO,"Credit Suisse Maintains Outperform on Clorox, Lowers Price Target to $168",5,decrease,0.7,0.4,,158,35,0.0,2019-10-03,46578.0,-1.560094859451056,2.9655832797288895,2.5370668517081807,1.6188202851780575,-1.275775209069252,-1.6593067329981226,-2.181023538531457
12049,CLOROX CO,"Citigroup Maintains Neutral on Clorox, Lowers Price Target to $163",5,decrease,0.8,0.6,,157,35,0.0,2019-10-03,46578.0,-1.560094859451056,2.9655832797288895,2.5370668517081807,1.6188202851780575,-1.275775209069252,-1.6593067329981226,-2.181023538531457
12057,CLOROX CO,Clorox Cuts FY20 Gross Margin Sales Guidance From Flat To Down Slightly,5,decrease,0.8,0.6,,156,35,0.0,2019-10-02,46578.0,-1.275775209069252,-1.5600948594510555,0.508868157649367,-0.5624449204726156,-0.3884877543896436,-0.9169465056618642,0.4581994387577337
12065,CLOROX CO,"Clorox Sets Long-Term Financial Goals: Net Sales Growth 2-4%, EBIT Margin 25-50 Basis Points, Free Cash Flow Of 11-13% Of Sales",5,increase,0.75,0.4,,177,35,2.0,2019-10-02,46578.0,-1.275775209069252,-1.5600948594510555,0.508868157649367,-0.5624449204726156,-0.3884877543896436,-0.9169465056618642,0.4581994387577337
12073,CLOROX CO,Clorox Cuts FY20 Guidance From $6.30-$6.50 To $6.05-$6.25 vs $6.37 Est.; Revised Guidance Reflects Revised Foreign Currency Asusmptions,5,decrease,0.85,0.6,,182,35,0.0,2019-10-02,46578.0,-1.275775209069252,-1.5600948594510555,0.508868157649367,-0.5624449204726156,-0.3884877543896436,-0.9169465056618642,0.4581994387577337
12081,CLOROX CO,"UPDATE: Clorox Cuts FY20 EPS Guidance From $6.30-$6.50 To $6.05-$6.25 vs $6.37 Estimate, Sales From Flat To Up 2% To Down In Low Single Digit Range",5,decrease,0.85,0.6,,190,35,0.0,2019-10-02,46578.0,-1.275775209069252,-1.5600948594510555,0.508868157649367,-0.5624449204726156,-0.3884877543896436,-0.9169465056618642,0.4581994387577337
12089,CLOROX CO,"Clorox Shares Make Parabolic Move, Dip To Session Low, Quickly Rebound; Hearing Co. Cut FY20 Guidance At Investor Day",5,decrease,0.8,0.6,,168,35,0.0,2019-10-02,46578.0,-1.275775209069252,-1.5600948594510555,0.508868157649367,-0.5624449204726156,-0.3884877543896436,-0.9169465056618642,0.4581994387577337
12097,COMERICA INC,"Morgan Stanley Maintains Overweight on Comerica, Lowers Price Target to $77",5,decrease,0.7,0.4,,155,35,0.0,2019-10-22,25081.0,0.5647917743772268,-0.1669711782597005,1.6697118717939885,8.029752680027347,0.0916809658519923,1.4243781710323145,0.0305455321005565
12105,COMERICA INC,"UBS Maintains Neutral on Comerica, Lowers Price Target to $68",5,decrease,0.75,0.4,,154,35,0.0,2019-10-21,25081.0,0.0916809658519923,0.5647917743772268,1.419631035703106,6.9912898468190265,1.3314764946699142,-0.0610794355350052,-2.31343737388654
12113,COMERICA INC,Argus Research Downgrades Comerica to Hold,5,decrease,0.8,0.6,,148,35,0.0,2019-10-18,25081.0,1.331476494669914,0.0916809658519923,0.2139028610039561,3.315516841048205,-1.3742580078542233,-3.5970203875872464,-1.0266713991082033
12121,COMERICA INC,"UPDATE: JP Morgan Downgrades Comerica To Underweight, Lowers Target To $65 As Firm Notes 'While shares are cheap on the surface, given a lack of catalysts, we see CMA shares as a value trap rather than value'",5,decrease,0.85,0.7,,186,35,0.0,2019-10-17,25081.0,-1.374258007854223,1.3314764946699142,0.1083872885218495,1.2850314892558057,-2.2537345066666603,0.3524299049366908,0.1988942611783173
12129,COMERICA INC,"DA Davidson Maintains Neutral on Comerica, Lowers Price Target to $73",5,decrease,0.8,0.6,,154,35,0.0,2019-10-17,25081.0,-1.374258007854223,1.3314764946699142,0.1083872885218495,1.2850314892558057,-2.2537345066666603,0.3524299049366908,0.1988942611783173
12137,COMERICA INC,"Piper Jaffray Downgrades Comerica to Neutral, Lowers Price Target to $72.5",5,decrease,0.85,0.6,,160,25,0.0,2019-10-17,25081.0,-1.374258007854223,1.3314764946699142,0.1083872885218495,1.2850314892558057,-2.2537345066666603,0.3524299049366908,0.1988942611783173
12145,COMERICA INC,"JP Morgan Downgrades Comerica to Underweight, Lowers Price Target to $65",5,decrease,0.85,0.7,,156,25,0.0,2019-10-17,25081.0,-1.374258007854223,1.3314764946699142,0.1083872885218495,1.2850314892558057,-2.2537345066666603,0.3524299049366908,0.1988942611783173
12153,COMERICA INC,Comerica shares are trading lower after the company reported Q3 earnings.,5,decrease,0.85,0.6,,152,35,0.0,2019-10-16,25081.0,-2.25373450666666,-1.3742580078542233,0.4275443170991488,1.572757388033308,2.6662547141313553,2.509179000820505,4.917004914589351
12161,COMERICA INC,Comerica Q3 EPS $1.96 Beats $1.9 Estimate,5,increase,0.8,0.6,,154,35,2.0,2019-10-16,25081.0,-2.25373450666666,-1.3742580078542233,0.4275443170991488,1.572757388033308,2.6662547141313553,2.509179000820505,4.917004914589351
12169,COMERICA INC,"Citigroup Maintains Sell on Comerica, Lowers Price Target to $54",5,decrease,0.85,0.7,,154,35,0.0,2019-10-09,25081.0,0.4171318840235472,2.0290788263082504,4.633324304920805,5.080678136778416,-2.6550007984042168,-2.472223518236094,-1.7186950634311082
12177,COMERICA INC,"B. Riley Maintains Neutral on Comerica, Lowers Price Target to $65",5,decrease,0.8,0.6,,155,35,0.0,2019-10-04,25081.0,0.7726295851171017,0.1877623726613819,2.2688165624320966,2.4096339139354717,0.3004881087690592,-0.9836141491807782,-3.894529200839325
12185,COMERICA INC,"Morgan Stanley Maintains Overweight on Comerica, Lowers Price Target to $80",5,decrease,0.7,0.4,,155,35,0.0,2019-10-03,25081.0,0.3004881087690592,0.7726295851171017,0.6937912096891097,1.8448409256062392,-1.2802552431821823,-4.182449546067191,-3.8911709653294047
12193,COMMERCIAL METALS CO,"Commercial Metals Q4 EPS $0.76 Beats $0.7 Estimate, Sales $1.5B Miss $1.57B Estimate",5,uncertain,0.6,0.3,,171,35,1.0,2019-10-23,30680.0,1.16402767598629,-0.6276194471865892,1.4121262691380698,5.2871636395030785,2.328101359307766,0.8537879230486212,1.3404826573789164
12201,COMCAST CORP NEW,Bank Of America Is Bullish On Roku,5,decrease,0.7,0.4,,150,35,0.0,2019-10-28,89525.0,-0.4600282292813062,-0.1980637200176715,-3.411090106650483,-0.4181309362355057,1.8064258620142937,-0.1531052894055196,-0.2621782284171314
12209,COMCAST CORP NEW,Comcast shares are trading higher after the company reported better-than-expected Q3 EPS and sales results.,5,increase,0.85,0.7,,162,35,2.0,2019-10-24,89525.0,-1.924761757254601,1.8064258620142937,-0.0446041226110471,-0.312220059017565,-0.1092401915229857,-0.7812513130844634,0.3291672678555679
12217,COMCAST CORP NEW,"Comcast Q3 Adj. EPS $0.79 Beats $0.74 Estimate, Sales $26.827B Beat $26.79B Estimate",5,increase,0.85,0.6,,173,35,2.0,2019-10-24,89525.0,-1.924761757254601,1.8064258620142937,-0.0446041226110471,-0.312220059017565,-0.1092401915229857,-0.7812513130844634,0.3291672678555679
12225,COMCAST CORP NEW,DoJ Considers Investigation into Comcast's Plan to Charge Extra for Starz Channel,5,decrease,0.8,0.6,,158,35,0.0,2019-10-22,89525.0,-0.67274603061378,-0.1092401915229857,-0.9176360437123888,-3.2554113274226526,1.1191620491445065,0.3265872709913964,1.052639002581368
12233,COMCAST CORP NEW,Starz Alerts Comcast Xfinity Customers Of Pending Loss Of Starz Channels,5,decrease,0.7,0.4,,156,35,0.0,2019-10-16,89525.0,-0.1532728201709688,0.7236882578581572,0.263163933467192,-1.9956138864058224,0.97280265763402,0.2634444395667623,2.629209309491176
12241,COMCAST CORP NEW,"UPDATE: Bernstein Initiates Comcast With Market Perform, $50 Target As Firm Notes 'Despite our bullishness on the Xfinity cable business, caution on NBCU's broadcast and cable network segments leaves us waiting for a ""juicier pitch"" in CMCSA'",5,uncertain,0.6,0.3,,194,35,1.0,2019-10-16,89525.0,-0.1532728201709688,0.7236882578581572,0.263163933467192,-1.9956138864058224,0.97280265763402,0.2634444395667623,2.629209309491176
12249,COMCAST CORP NEW,Comcast Business Has Signed An Access Agreement With Canadian Network Service Provider Itel Networks,5,increase,0.75,0.4,,158,35,2.0,2019-10-16,89525.0,-0.1532728201709688,0.7236882578581572,0.263163933467192,-1.9956138864058224,0.97280265763402,0.2634444395667623,2.629209309491176
12257,COMCAST CORP NEW,"Epix, The Pay TV Network Owned By Metro-Goldwyn-Mayer, Says It Has Expanded Its Existing Carriage Agreement With Comcast",5,increase,0.75,0.4,,169,35,2.0,2019-10-16,89525.0,-0.1532728201709688,0.7236882578581572,0.263163933467192,-1.9956138864058224,0.97280265763402,0.2634444395667623,2.629209309491176
12265,COMCAST CORP NEW,"Bernstein Initiates Coverage On Comcast with Market Perform Rating, Announces $50 Price Target",5,uncertain,0.6,0.3,,159,35,1.0,2019-10-16,89525.0,-0.1532728201709688,0.7236882578581572,0.263163933467192,-1.9956138864058224,0.97280265763402,0.2634444395667623,2.629209309491176
12273,COMCAST CORP NEW,"Morgan Stanley On Comcast Also Notes 'This remains the recipe heading into '20, and incremental services like Xfinity Mobile and the OTT-first Flex product reinforce Comcast's strength in broadband'",5,increase,0.8,0.6,,177,35,2.0,2019-10-15,89525.0,0.97280265763402,-0.1532728201709687,0.218967146166582,-0.7006782190029259,-0.7025240454822779,1.6404483269356174,1.9152735784959465
12281,COMCAST CORP NEW,"Morgan Stanley Reiterates Overweight, $51 Target On Comcast As Firm Notes Co's 'Investment in connectivity has contributed to healthy broadband net additions, margin expansion, and falling capital intensity at Cable'",5,increase,0.8,0.6,,181,35,2.0,2019-10-15,89525.0,0.97280265763402,-0.1532728201709687,0.218967146166582,-0.7006782190029259,-0.7025240454822779,1.6404483269356174,1.9152735784959465
12289,COMCAST CORP NEW,NBC Extends Deal To Be Exclusive Seller Of Ads In Apple Stocks And Apple News -Axios,5,increase,0.8,0.6,,160,35,2.0,2019-10-15,89525.0,0.97280265763402,-0.1532728201709687,0.218967146166582,-0.7006782190029259,-0.7025240454822779,1.6404483269356174,1.9152735784959465
12297,COMCAST CORP NEW,"Roku 'Will Find A Ready Market Abroad,' Macquarie Says In Upgrade",5,decrease,0.7,0.4,,158,35,0.0,2019-10-09,89525.0,0.6121071055531502,0.2703896490857005,2.74898005480102,3.0193783123106943,-1.076473481953144,-1.3419782335723274,0.1134799054912205
12305,COMCAST CORP NEW,"NBC Universal Says Matt Strauss To Oversee 'Peacock', The Company's Streaming Platform Launching In 2020",5,increase,0.75,0.6,,164,35,2.0,2019-10-07,89525.0,-0.2683939412236214,-1.076473481953144,1.4352979442639802,3.3415601310752496,1.475255750119686,1.49829705188953,0.4267713472177581
12313,COMCAST CORP NEW,"Citigroup Maintains Buy on Comcast, Raises Price Target to $56",5,increase,0.8,0.6,,156,35,2.0,2019-10-04,89525.0,1.475255750119686,-0.2683939412236213,1.8787746394039797,1.9235084195295291,0.022706325398758,-1.0332414490127562,-1.8016199134375024
12321,CREATIVE MEDIA & COM TR CORP,CIM Group Acquires 2.47M Shares of CIM Commercial Trust for $47.3M,5,increase,0.75,0.6,,169,35,2.0,2019-10-14,80014.0,1.658602431416512,0.1359585556201636,-1.2236594747328633,-3.0188207489345587e-08,0.836236122995615,-0.8224804242193517,-0.8224804242193517
12329,C M E GROUP INC,"Wells Fargo Maintains Market Perform on CME Group, Raises Price Target to $205",5,increase,0.7,0.4,,159,35,2.0,2019-10-31,89626.0,0.380542897619307,-2.0607560873031616,-3.2806804922176247,0.1458094490200734,1.975125074386597,2.1479107270593767,2.24982267797853
12337,C M E GROUP INC,"UBS Maintains Neutral on CME Group, Lowers Price Target to $218",5,decrease,0.75,0.4,,158,35,0.0,2019-10-31,89626.0,0.380542897619307,-2.0607560873031616,-3.2806804922176247,0.1458094490200734,1.975125074386597,2.1479107270593767,2.24982267797853
12345,C M E GROUP INC,CME shares are trading higher after the company reported better-than-expected Q3 EPS and sales results.,5,increase,0.85,0.7,,162,35,2.0,2019-10-30,89626.0,1.9751250743865971,0.380542897619307,-3.1126530478170045,-0.1707597294799301,0.169439020100981,0.2693770695466835,-1.1070110493387575
12353,C M E GROUP INC,"CME Group Q3 EPS $1.90 Beats $1.76 Estimate, Sales $1.277B Beat $1.26B Estimate",5,increase,0.85,0.7,,172,35,2.0,2019-10-30,89626.0,1.9751250743865971,0.380542897619307,-3.1126530478170045,-0.1707597294799301,0.169439020100981,0.2693770695466835,-1.1070110493387575
12361,C M E GROUP INC,NYSE's Bakkt To Launch Options For Bitcoin Futures This Year,5,uncertain,0.6,0.3,,154,35,1.0,2019-10-25,89626.0,-1.37269040569663,0.0997690018266439,0.5237891775221382,-1.142376728444816,0.5043783225119114,0.6088484700914831,-1.3684706312029449
12369,C M E GROUP INC,CME Group shares are trading lower. Not seeing any news to justify the price action.,5,decrease,0.7,0.4,,159,35,0.0,2019-10-21,89626.0,-3.3306706696748725,-1.9653530791401863,-2.6253232575462415,-4.39171296481261,0.0751155661419034,0.547145729762577,0.2822556401342657
12377,C M E GROUP INC,"Citigroup Maintains Buy on CME Group, Raises Price Target to $240",5,increase,0.85,0.6,,157,35,2.0,2019-10-21,89626.0,-3.3306706696748725,-1.9653530791401863,-2.6253232575462415,-4.39171296481261,0.0751155661419034,0.547145729762577,0.2822556401342657
12385,C M E GROUP INC,CME Group Reports Will Offer Real-Time Market Data Via Google Cloud Platform,5,increase,0.85,0.7,,156,35,2.0,2019-10-14,89626.0,-0.2255300991237164,0.1036031171679496,-2.957380910922003,-5.505063359599582,-1.4173873700201511,-1.0691223930750615,0.3252580193779497
12393,C M E GROUP INC,"UBS Maintains Neutral on CME Group, Raises Price Target to $220",5,increase,0.7,0.3,,157,35,2.0,2019-10-03,89626.0,0.7650097832083702,3.1466417014598846,3.084566123640342,1.7094025842189442,-1.3667449355125427,-1.6560992404015762,-2.8285582453676184
12401,C M E GROUP INC,"Global Commodity Tech Association Aims To Reduce Industry Costs, Increase Efficiency",5,increase,0.75,0.6,,155,35,2.0,2019-10-02,89626.0,-1.3667449355125432,0.7650097832083702,3.5075098690707796,2.0063501335245704,-0.2933638403192162,-1.4820694185742056,-2.43992973598417
12409,CHIPOTLE MEXICAN GRILL INC,"Here's How You Can Show Up At Chipotle In A Halloween Costume And Earn Cheap Food, Rewards",5,increase,0.7,0.3,,171,35,2.0,2019-10-31,91068.0,0.3404107643291354,-1.224679872393608,-5.245701272507852,-3.721594951380336,1.5317760407924652,-0.9059386237191936,-1.567514441711626
12417,CHIPOTLE MEXICAN GRILL INC,"UBS Maintains Sell on Chipotle Mexican Grill, Raises Price Target to $690",5,uncertain,0.6,0.3,,169,35,1.0,2019-10-23,91068.0,-5.159614235162735,1.2877636589109898,-1.6074782938820142,-5.567186366351596,-2.403876557946205,-1.2371027684559,0.241234304436122
12425,CHIPOTLE MEXICAN GRILL INC,The Street Debates What's Next For Chipotle,5,uncertain,0.5,0.3,,161,35,1.0,2019-10-23,91068.0,-5.159614235162735,1.2877636589109898,-1.6074782938820142,-5.567186366351596,-2.403876557946205,-1.2371027684559,0.241234304436122
12433,CHIPOTLE MEXICAN GRILL INC,UPDATE: Stephens On Chipotle Also Notes 'We also believe the earnings revision story may be slightly more difficult to write in coming quarters as compares become more difficult',5,decrease,0.7,0.4,,183,35,0.0,2019-10-23,91068.0,-5.159614235162735,1.2877636589109898,-1.6074782938820142,-5.567186366351596,-2.403876557946205,-1.2371027684559,0.241234304436122
12441,CHIPOTLE MEXICAN GRILL INC,"UPDATE: Stephens Maintains Equal-Weight On Chipotle, Raises Target To $800 Notes 'Despite our positive outlook on CMG's fundamentals, we view the stock as somewhat range bound nearterm as investors digest an impressive sales and profit improvement'",5,uncertain,0.6,0.3,,200,35,1.0,2019-10-23,91068.0,-5.159614235162735,1.2877636589109898,-1.6074782938820142,-5.567186366351596,-2.403876557946205,-1.2371027684559,0.241234304436122
12449,CHIPOTLE MEXICAN GRILL INC,"UPDATE: Credit Suisse Maintains Outperform On Chipotle, Raises Target To $930 As Firm Notes 'Our confidence in ongoing SSS growth includes contributions from:'",5,increase,0.85,0.7,,184,35,2.0,2019-10-23,91068.0,-5.159614235162735,1.2877636589109898,-1.6074782938820142,-5.567186366351596,-2.403876557946205,-1.2371027684559,0.241234304436122
12457,CHIPOTLE MEXICAN GRILL INC,UPDATE: KeyBanc On Chipotle Notes Q3 SSS And Restaurant Margin Growth 'came as the Company spent fewer marketing dollars (2% vs. 3% expected for the year) and during what is typically a seasonally low period for delivery sales',5,increase,0.8,0.6,,204,35,2.0,2019-10-23,91068.0,-5.159614235162735,1.2877636589109898,-1.6074782938820142,-5.567186366351596,-2.403876557946205,-1.2371027684559,0.241234304436122
12465,CHIPOTLE MEXICAN GRILL INC,"UPDATE: KeyBanc Maintains Overweight On Chipotle, Raises Target To $900 Notes Co's 'Digital initiatives continue to support industry-leading SSS growth' As 'traffic increased 7.5% (cons. 6%) and Chipotle saw an ~88% y/y increase in digital sales'",5,increase,0.85,0.7,,214,35,2.0,2019-10-23,91068.0,-5.159614235162735,1.2877636589109898,-1.6074782938820142,-5.567186366351596,-2.403876557946205,-1.2371027684559,0.241234304436122
12473,CHIPOTLE MEXICAN GRILL INC,"UPDATE: Morgan Stanley On Chipotle Also Notes 'But compares get more difficult from here on in, and even if one assumes a more bullish ~$20 in EPS in the coming year, we wonder if valuation will finally start to matter'",5,uncertain,0.6,0.3,,198,35,1.0,2019-10-23,91068.0,-5.159614235162735,1.2877636589109898,-1.6074782938820142,-5.567186366351596,-2.403876557946205,-1.2371027684559,0.241234304436122
12481,CHIPOTLE MEXICAN GRILL INC,"UPDATE: Morgan Stanley Maintains Equal-Weight On Chipotle, Raises Target To $797 As Firm Notes Co's 'solid top to bottom beat, with strong 4Q-to-date trends and plenty of longer term drivers'",5,increase,0.8,0.6,,196,35,2.0,2019-10-23,91068.0,-5.159614235162735,1.2877636589109898,-1.6074782938820142,-5.567186366351596,-2.403876557946205,-1.2371027684559,0.241234304436122
12489,CHIPOTLE MEXICAN GRILL INC,"Credit Suisse Maintains Outperform on Chipotle Mexican Grill, Raises Price Target to $930",5,increase,0.85,0.7,,170,35,2.0,2019-10-23,91068.0,-5.159614235162735,1.2877636589109898,-1.6074782938820142,-5.567186366351596,-2.403876557946205,-1.2371027684559,0.241234304436122
12497,CHIPOTLE MEXICAN GRILL INC,"JP Morgan Maintains Neutral on Chipotle Mexican Grill, Raises Price Target to $845",5,increase,0.7,0.4,,169,35,2.0,2019-10-23,91068.0,-5.159614235162735,1.2877636589109898,-1.6074782938820142,-5.567186366351596,-2.403876557946205,-1.2371027684559,0.241234304436122
12505,CHIPOTLE MEXICAN GRILL INC,"SunTrust Robinson Humphrey Maintains Buy on Chipotle Mexican Grill, Lowers Price Target to $900",5,decrease,0.7,0.4,,173,35,0.0,2019-10-23,91068.0,-5.159614235162735,1.2877636589109898,-1.6074782938820142,-5.567186366351596,-2.403876557946205,-1.2371027684559,0.241234304436122
12513,CHIPOTLE MEXICAN GRILL INC,"Wells Fargo Maintains Market Perform on Chipotle Mexican Grill, Raises Price Target to $803",5,increase,0.7,0.4,,171,35,2.0,2019-10-23,91068.0,-5.159614235162735,1.2877636589109898,-1.6074782938820142,-5.567186366351596,-2.403876557946205,-1.2371027684559,0.241234304436122
12521,CHIPOTLE MEXICAN GRILL INC,"Morgan Stanley Maintains Equal-Weight on Chipotle Mexican Grill, Raises Price Target to $797",5,increase,0.7,0.4,,171,35,2.0,2019-10-23,91068.0,-5.159614235162735,1.2877636589109898,-1.6074782938820142,-5.567186366351596,-2.403876557946205,-1.2371027684559,0.241234304436122
12529,CHIPOTLE MEXICAN GRILL INC,"Barclays Maintains Equal-Weight on Chipotle Mexican Grill, Raises Price Target to $725",5,increase,0.7,0.4,,172,35,2.0,2019-10-23,91068.0,-5.159614235162735,1.2877636589109898,-1.6074782938820142,-5.567186366351596,-2.403876557946205,-1.2371027684559,0.241234304436122
12537,CHIPOTLE MEXICAN GRILL INC,"Stephens & Co. Maintains Equal-Weight on Chipotle Mexican Grill, Raises Price Target to $800",5,increase,0.7,0.4,,174,35,2.0,2019-10-23,91068.0,-5.159614235162735,1.2877636589109898,-1.6074782938820142,-5.567186366351596,-2.403876557946205,-1.2371027684559,0.241234304436122
12545,CHIPOTLE MEXICAN GRILL INC,"KeyBanc Maintains Overweight on Chipotle Mexican Grill, Raises Price Target to $900",5,increase,0.8,0.6,,171,35,2.0,2019-10-23,91068.0,-5.159614235162735,1.2877636589109898,-1.6074782938820142,-5.567186366351596,-2.403876557946205,-1.2371027684559,0.241234304436122
12553,CHIPOTLE MEXICAN GRILL INC,Chipotle Ticks Higher After Big Q3 Earnings Beat,5,increase,0.85,0.7,,163,35,2.0,2019-10-22,91068.0,-2.403876557946205,-5.159614235162735,-8.091977912075532,-10.866713942496188,1.1955124326050282,2.7102622205612548,3.436377601536411
12561,CHIPOTLE MEXICAN GRILL INC,Chipotle Sees FY19 Comp Sales Guidance At Top End Of High Single Digit Range,5,increase,0.85,0.7,,169,35,2.0,2019-10-22,91068.0,-2.403876557946205,-5.159614235162735,-8.091977912075532,-10.866713942496188,1.1955124326050282,2.7102622205612548,3.436377601536411
12569,CHIPOTLE MEXICAN GRILL INC,Chipotle Q3 Comps Up 11%,5,increase,0.85,0.7,,161,35,2.0,2019-10-22,91068.0,-2.403876557946205,-5.159614235162735,-8.091977912075532,-10.866713942496188,1.1955124326050282,2.7102622205612548,3.436377601536411
12577,CHIPOTLE MEXICAN GRILL INC,"Chipotle Mexican Grill Q3 Adj. EPS $3.82 Beats $3.19 Estimate, Sales $1.404B Beat $1.38B Estimate",5,increase,0.85,0.7,,185,35,2.0,2019-10-22,91068.0,-2.403876557946205,-5.159614235162735,-8.091977912075532,-10.866713942496188,1.1955124326050282,2.7102622205612548,3.436377601536411
12585,CHIPOTLE MEXICAN GRILL INC,Tuesday's Market Minute: How Far Can Chipotle Go?,5,uncertain,0.5,0.3,,163,35,1.0,2019-10-22,91068.0,-2.403876557946205,-5.159614235162735,-8.091977912075532,-10.866713942496188,1.1955124326050282,2.7102622205612548,3.436377601536411
12593,CHIPOTLE MEXICAN GRILL INC,"BTIG Maintains Buy on Chipotle Mexican Grill, Raises Price Target to $890",5,increase,0.85,0.7,,169,24,2.0,2019-10-21,91068.0,1.195512432605028,-2.403876557946205,-8.094745426239081,-11.716415301984062,1.496854703873396,2.214391839187324,1.7829052178595983
12601,CHIPOTLE MEXICAN GRILL INC,"Bank Of America Upgrades Chipotle On Stronger Comps, Margin Outlook",5,increase,0.85,0.7,,167,35,2.0,2019-10-18,91068.0,1.496854703873396,1.1955124326050282,-6.370916371140501,-8.657363027877862,0.7069550454616547,0.2818318999349811,0.1135090343632239
12609,CHIPOTLE MEXICAN GRILL INC,"UPDATE: Suntrust On Chipotle Notes 'The primary driver to our higher estimates is the impact of CMG's 9/19 national launch of Carne Asada'; Firm Also Sees 'momentum with digital sales (+99% Y/Y in 2Q19) driven by delivery, mobile order', Chipotle Rewards",5,increase,0.85,0.7,,217,35,2.0,2019-10-18,91068.0,1.496854703873396,1.1955124326050282,-6.370916371140501,-8.657363027877862,0.7069550454616547,0.2818318999349811,0.1135090343632239
12617,CHIPOTLE MEXICAN GRILL INC,"UPDATE: Suntrust Maintains Buy On Chipotle, Raises Tgt To $920 Ahead Of Earnings 10/22 Notes 'We are increasing our 3Q19, 4Q19, '19 SSS estimates to +10.0% each, from +9.5%, +7.5% and +9.2%, respectively, and our '20 estimate to +8.4%, from +7.0%'",5,increase,0.85,0.7,,241,35,2.0,2019-10-18,91068.0,1.496854703873396,1.1955124326050282,-6.370916371140501,-8.657363027877862,0.7069550454616547,0.2818318999349811,0.1135090343632239
12625,CHIPOTLE MEXICAN GRILL INC,"Morgan Stanley Maintains Equal-Weight on Chipotle Mexican Grill, Raises Price Target to $746",5,increase,0.7,0.4,,171,35,2.0,2019-10-18,91068.0,1.496854703873396,1.1955124326050282,-6.370916371140501,-8.657363027877862,0.7069550454616547,0.2818318999349811,0.1135090343632239
12633,CHIPOTLE MEXICAN GRILL INC,"UPDATE: Bank Of America On Chipotle Also Notes Co's 'Strong sales momentum (we model 10% 3Q / 9% 4Q SSS, aided by the launch of carne asada) and normalizing avocado prices alleviate our near-term EPS concerns (we move to $3.30 for 3Q vs $3.19 consensus)'",5,increase,0.85,0.6,,226,35,2.0,2019-10-18,91068.0,1.496854703873396,1.1955124326050282,-6.370916371140501,-8.657363027877862,0.7069550454616547,0.2818318999349811,0.1135090343632239
12641,CHIPOTLE MEXICAN GRILL INC,"UPDATE: Bank Of America Upgrades Chipotle To Neutral, Raises Target To $850 Notes 'While we still struggle with the valuation upside, our expectations that CMG will deliver near-term EPS upside to consensus makes a correction in the multiple unlikely'",5,increase,0.75,0.6,,200,29,2.0,2019-10-18,91068.0,1.496854703873396,1.1955124326050282,-6.370916371140501,-8.657363027877862,0.7069550454616547,0.2818318999349811,0.1135090343632239
12649,CHIPOTLE MEXICAN GRILL INC,"SunTrust Robinson Humphrey Maintains Buy on Chipotle Mexican Grill, Raises Price Target to $920",5,increase,0.85,0.7,,172,35,2.0,2019-10-18,91068.0,1.496854703873396,1.1955124326050282,-6.370916371140501,-8.657363027877862,0.7069550454616547,0.2818318999349811,0.1135090343632239
12657,CHIPOTLE MEXICAN GRILL INC,"Baird Maintains Outperform, $925 Tgt On Chipotle As Firm Sees 'potential for Q3 comps to come in above estimates, and we remain bullish about the opportunity for internal sales drivers to fuel a continuation of solid momentum into Q4 and well into 2020'",5,increase,0.8,0.6,,209,35,2.0,2019-10-16,91068.0,-0.4221388138830662,0.7069550454616547,-4.258730372846353,-5.797750500389909,-0.1678498112596571,-0.4347546660759871,-0.1220186837140868
12665,CHIPOTLE MEXICAN GRILL INC,"UPDATE: KeyBanc On Chipotle Also Notes 'Based on our analysis of Key First Look Data for credit/debit card transactions, we now assume 3Q SSS growth of 10% (vs. 7.5% prior), which is above consensus's 9%",5,increase,0.85,0.7,,209,35,2.0,2019-10-16,91068.0,-0.4221388138830662,0.7069550454616547,-4.258730372846353,-5.797750500389909,-0.1678498112596571,-0.4347546660759871,-0.1220186837140868
12673,CHIPOTLE MEXICAN GRILL INC,"UPDATE: KeyBanc Maintains Overweight On Chipotle, Raises Target To $870 'to reflect strong sales momentum'",5,increase,0.85,0.7,,176,35,2.0,2019-10-16,91068.0,-0.4221388138830662,0.7069550454616547,-4.258730372846353,-5.797750500389909,-0.1678498112596571,-0.4347546660759871,-0.1220186837140868
12681,CHIPOTLE MEXICAN GRILL INC,"KeyBanc Maintains Overweight on Chipotle Mexican Grill, Raises Price Target to $870",5,increase,0.8,0.6,,171,35,2.0,2019-10-16,91068.0,-0.4221388138830662,0.7069550454616547,-4.258730372846353,-5.797750500389909,-0.1678498112596571,-0.4347546660759871,-0.1220186837140868
12689,CHIPOTLE MEXICAN GRILL INC,"Wells Fargo Maintains Market Perform on Chipotle Mexican Grill, Raises Price Target to $796",5,increase,0.7,0.4,,171,35,2.0,2019-10-10,91068.0,0.0556058948859572,0.3141015535220504,0.1594693286463222,-3.5530019239083277,2.656719647347927,1.6127057179368798,0.407799812815246
12697,CHIPOTLE MEXICAN GRILL INC,"Gordon Haskett Upgrades Chipotle Mexican Grill to Hold, Raises Price Target to $740",5,increase,0.7,0.4,,172,35,2.0,2019-10-09,91068.0,2.656719647347927,0.0556058948859572,-0.4883388117137621,-4.726272151263244,-1.0169952176511288,-2.190718583506568,-1.154187272434637
12705,CHIPOTLE MEXICAN GRILL INC,Cramer Is Bullish On Chipotle,5,increase,0.8,0.6,,160,35,2.0,2019-10-01,91068.0,-1.383742969483137,-2.275474928319454,-2.7701392066897035,-0.2533707019522824,2.6427894830703735,2.8009788914600486,2.5939309016462575
12713,CUMMINS INC,Cummins Says Turbotechsnab Was Held To Have Infringed On Cummins' HOLSET Trademarks,5,increase,0.75,0.4,,167,35,2.0,2019-10-30,41080.0,-1.428409479558468,-1.2085461057722569,3.894841289845763,4.244805722354172,-1.6163993626832962,-0.7842310426356303,0.963348628953664
12721,CUMMINS INC,CFRA Downgrades Cummins to Hold,5,decrease,0.8,0.4,,151,35,0.0,2019-10-30,41080.0,-1.428409479558468,-1.2085461057722569,3.894841289845763,4.244805722354172,-1.6163993626832962,-0.7842310426356303,0.963348628953664
12729,CUMMINS INC,"Wells Fargo Maintains Market Perform on Cummins, Raises Price Target to $180",5,increase,0.7,0.4,,159,35,2.0,2019-10-30,41080.0,-1.428409479558468,-1.2085461057722569,3.894841289845763,4.244805722354172,-1.6163993626832962,-0.7842310426356303,0.963348628953664
12737,CUMMINS INC,"Morgan Stanley Maintains Equal-Weight on Cummins, Raises Price Target to $174",5,uncertain,0.6,0.3,,159,35,1.0,2019-10-30,41080.0,-1.428409479558468,-1.2085461057722569,3.894841289845763,4.244805722354172,-1.6163993626832962,-0.7842310426356303,0.963348628953664
12745,CUMMINS INC,Cummins Sees Weaker Demand For Truck Engines And Components During Third Quarter,5,decrease,0.85,0.7,,157,35,0.0,2019-10-29,41080.0,-1.6163993626832958,-1.428409479558468,1.5864937951639568,3.9351860133475913,0.8458404801785946,2.62213211848894,2.762712679179669
12753,CUMMINS INC,Cummins shares are traidng lower after the company reported worse-than-expected Q3 sales results. The company also cut its FY19 EBITDA as percentage of sales from 16.25-16.75% To 15.9%-16.3%,5,decrease,0.85,0.7,,194,35,0.0,2019-10-29,41080.0,-1.6163993626832958,-1.428409479558468,1.5864937951639568,3.9351860133475913,0.8458404801785946,2.62213211848894,2.762712679179669
12761,CUMMINS INC,Cummins Cuts FY19 EBITDA As Percent Of Sales From 16.25-16.75% To 15.9%-16.3%,5,decrease,0.8,0.4,,171,35,0.0,2019-10-29,41080.0,-1.6163993626832958,-1.428409479558468,1.5864937951639568,3.9351860133475913,0.8458404801785946,2.62213211848894,2.762712679179669
12769,CUMMINS INC,"Cummins Q3 Adj. EPS $3.83, Inline, Sales $5.8B Miss $5.88B Estimate",5,decrease,0.7,0.4,,169,35,0.0,2019-10-29,41080.0,-1.6163993626832958,-1.428409479558468,1.5864937951639568,3.9351860133475913,0.8458404801785946,2.62213211848894,2.762712679179669
12777,CUMMINS INC,Cummins Presses Lawmakers On National Emissions Standard,5,uncertain,0.6,0.3,,153,35,1.0,2019-10-24,41080.0,0.1369885401800275,1.761393062770367,-1.68158074196485,4.047202084498314,0.0513971084728837,2.2589276302602324,2.883488107594645
12785,COSTAMARE INC,Costamare shares are trading higher after the company reported better-than-expected Q3 EPS and sales results.,5,increase,0.85,0.7,,161,35,2.0,2019-10-23,12391.0,3.682722896337509,-3.5519156605005264,9.152999827989936,3.961748133024834,3.065693937242031,4.570302691935257,3.963218792583456
12793,COSTAMARE INC,"Costamare Q3 EPS $0.26 Beats $0.18 Estimate, Sales $123.6M Beat $115.69M Estimate",5,increase,0.85,0.6,,170,35,2.0,2019-10-23,12391.0,3.682722896337509,-3.5519156605005264,9.152999827989936,3.961748133024834,3.065693937242031,4.570302691935257,3.963218792583456
12801,C M S ENERGY CORP,CME Energy Sees FY20 Adj. EPS $2.63-$2.68 vs $2.68 Est.; Reaffirms FY19 Adj. EPS Guidance Of $2.47-$2.51 vs $2.50 Est.,5,decrease,0.7,0.4,,193,35,0.0,2019-10-24,23229.0,1.832826621830463,-1.2412652373313904,-0.2288576145761611,-6.331879632566595,-0.6904105190187693,-1.0320560279291735,-1.1248260993615975
12809,C M S ENERGY CORP,"CMS Energy Q3 EPS $0.73 Beats $0.67 Estimate, Sales $1.546B Miss $1.64B Estimate",5,uncertain,0.6,0.3,,173,35,1.0,2019-10-24,23229.0,1.832826621830463,-1.2412652373313904,-0.2288576145761611,-6.331879632566595,-0.6904105190187693,-1.0320560279291735,-1.1248260993615975
12817,C M S ENERGY CORP,"JP Morgan Maintains Overweight on CMS Energy, Lowers Price Target to $71",5,decrease,0.7,0.4,,161,35,0.0,2019-10-14,23229.0,-0.62617645598948,-0.3938248381018638,0.7403925787979215,-1.5280422774030522,-0.6995192728936672,-1.1145470698535551,-0.3432096602998036
12825,COMTECH TELECOMMUNICATIONS CORP,Comtech Telecom Wins $1.2M Added Funding From US Army,5,increase,0.75,0.4,,162,35,2.0,2019-10-30,26201.0,3.7970982491970062,1.0699794627726078,0.1735036265753775,4.366680711315429,0.9545412845909595,4.17448116289536,5.061493433847009
12833,COMTECH TELECOMMUNICATIONS CORP,Comtech Telecom Wins $2.1M In Added Funding To Support State Of Maryland Dept. Of Human Services with IT Services,5,increase,0.75,0.3,,173,35,2.0,2019-10-29,26201.0,0.9545412845909595,3.7970982491970062,5.808198863392566,10.34068687192573,3.1894948333501816,4.0681202618498835,3.18949485410649
12841,COMTECH TELECOMMUNICATIONS CORP,Comtech Telecommunications Corp. Receives $2.2M Funding From US Army,5,increase,0.8,0.4,,164,35,2.0,2019-10-28,26201.0,3.1894948333501825,0.9545412845909595,6.818181804025758,9.090909154029749,0.8514679037034512,2.0114754306632676e-08,-0.5906081092818649
12849,COMTECH TELECOMMUNICATIONS CORP,Comtech Telecom Wins $3M Added Funding From US Army,5,increase,0.75,0.4,,160,35,2.0,2019-10-23,26201.0,-0.5906081292778255,-0.8442791178822517,8.130088584991825,8.31769821010595,-0.0310818402795121,-0.5564151734957168,-0.1241878772918703
12857,COMTECH TELECOMMUNICATIONS CORP,Comtech Telecom Wins $2.5M Contract To Support The City Of Baltimore,5,increase,0.7,0.3,,164,35,2.0,2019-10-21,26201.0,-0.5254966672509909,-0.0310818402795121,2.548165541852576,9.5400859051894,0.4346457310020923,2.7963113328506317,3.4537831651394235
12865,COMTECH TELECOMMUNICATIONS CORP,Comtech Telecommunications Corp. Receives $1.6M Satellite Modem Order From European Ministry Of Defense,5,increase,0.75,0.4,,169,35,2.0,2019-10-17,26201.0,2.351445145905018,0.4346457310020923,-1.552312979815007,8.506680378218224,0.6395869888365269,1.890070302037028,1.187942734960945
12873,COMTECH TELECOMMUNICATIONS CORP,Comtech Telecommunications Corp. Wins Multiple Orders Totaling $7M For High-Performance Transmission Amplifiers,5,increase,0.8,0.4,,168,35,2.0,2019-10-16,26201.0,0.6395869888365269,2.351445145905018,1.6205918140311135,9.882435949104783,1.242536213248968,0.5448708232330457,2.0162617063862243
12881,COMTECH TELECOMMUNICATIONS CORP,Comtech Telecom Wins Contract With $98.6M Ceiling Value To Provide Global Field Support Services For Military Satellite Communication Terminals,5,increase,0.85,0.7,,173,35,2.0,2019-10-15,26201.0,1.242536213248968,0.6395869888365269,2.8781506180532546,6.539808508863998,-0.6891030352562666,0.7642296628242784,0.0807543194799587
12889,COMTECH TELECOMMUNICATIONS CORP,UPDATE: Comtech Telecom Wins $4.4M Contract Renewal From Key Fortune 500 Customer For Renewed Licensing Of Co.'s GPS-Enabled Navigation Platform,5,increase,0.8,0.4,,180,35,2.0,2019-10-14,26201.0,-0.6891030352562666,1.242536213248968,4.1888327015727755,6.843736634932696,1.463417150080204,0.7751992764797322,0.8729403965770599
12897,COMTECH TELECOMMUNICATIONS CORP,Contech Telecommunications Wins $4.4M Contract for Location and Mapping Services,5,increase,0.75,0.4,,163,35,2.0,2019-10-14,26201.0,-0.6891030352562666,1.242536213248968,4.1888327015727755,6.843736634932696,1.463417150080204,0.7751992764797322,0.8729403965770599
12905,C N A FINANCIAL CORP,CNA Financial Q3 EPS $0.37 Misses $1.00 Estimate,5,decrease,0.85,0.7,,165,35,0.0,2019-10-28,47626.0,-2.775938250124454,1.336959283798933,1.2916376235474258,1.172821053454709,0.6207022350281477,-0.8302405036774929,-1.218719001720836
12913,CENTENE CORP DEL,Centene shares are trading higher in sympathy with WellCare Health Plans after the company reported better-than-expected Q3 EPS and sales results.,5,increase,0.8,0.6,,169,35,2.0,2019-10-30,89269.0,8.274897187948227,-1.7764601856470108,-5.9400427810873735,2.424125711579328,2.6954760774970055,3.4833097396856028,4.764904415672366
12921,CENTENE CORP DEL,"Deutsche Bank Maintains Buy on Centene, Lowers Price Target to $60",5,decrease,0.7,0.4,,159,35,0.0,2019-10-23,89269.0,-0.7384628057479858,-1.5499070286750791,11.675969571850864,5.042369203088803,6.510813534259796,3.9889051392909542,3.3276801987116356
12929,CENTENE CORP DEL,"Credit Suisse Maintains Neutral on Centene, Lowers Price Target to $57",5,decrease,0.75,0.4,,158,35,0.0,2019-10-23,89269.0,-0.7384628057479858,-1.5499070286750791,11.675969571850864,5.042369203088803,6.510813534259796,3.9889051392909542,3.3276801987116356
12937,CENTENE CORP DEL,Centene Elects General Lori J. Robinson To Board Of Directors,5,increase,0.7,0.3,,155,35,2.0,2019-10-22,89269.0,6.510813534259796,-0.7384628057479858,2.37948679940454,6.338461840257281,-2.3677486926317215,-2.988554147625866,0.5050496360609946
12945,CENTENE CORP DEL,Centene shares are trading higher after the company reported better-than-expected Q3 EPS and sales results.,5,increase,0.85,0.7,,162,24,2.0,2019-10-22,89269.0,6.510813534259796,-0.7384628057479858,2.37948679940454,6.338461840257281,-2.3677486926317215,-2.988554147625866,0.5050496360609946
12953,CENTENE CORP DEL,Centene Expects Revenue And Adjusted Diluted Earnings Per Share For 2020 To Be Consistent With Forecast Included In The Form S4 Filed In Conjunction With Wellcare Acquisition,5,uncertain,0.6,0.3,,179,35,1.0,2019-10-22,89269.0,6.510813534259796,-0.7384628057479858,2.37948679940454,6.338461840257281,-2.3677486926317215,-2.988554147625866,0.5050496360609946
12961,CENTENE CORP DEL,From Centene Q3 Earnings Conference Call: May Be An Opportunity To Close WellCare Deal Earlier Than 2020,5,increase,0.8,0.6,,165,35,2.0,2019-10-22,89269.0,6.510813534259796,-0.7384628057479858,2.37948679940454,6.338461840257281,-2.3677486926317215,-2.988554147625866,0.5050496360609946
12969,CENTENE CORP DEL,"Centene Sees FY19 Adj. EPS $4.29-$4.49 vs $4.41 Est., Sales $73.6B-$74.2B vs $74.37B Est.",5,,,,,184,35,,2019-10-22,89269.0,6.510813534259796,-0.7384628057479858,2.37948679940454,6.338461840257281,-2.3677486926317215,-2.988554147625866,0.5050496360609946
12977,CENTENE CORP DEL,"Centene Q3 Adj. EPS $0.96 Beats $0.95 Estimate, Sales $18.98B Beat $18.43B Estimate",5,increase,0.85,0.6,,173,35,2.0,2019-10-22,89269.0,6.510813534259796,-0.7384628057479858,2.37948679940454,6.338461840257281,-2.3677486926317215,-2.988554147625866,0.5050496360609946
12985,CENTENE CORP DEL,"Centene, WellCare Report 5 Added State Insurance Dept. Approvals For Pending Merger",5,increase,0.85,0.7,,161,35,2.0,2019-10-18,89269.0,-0.6358610466122627,-2.3677486926317215,2.879689176676248,11.1988048700292,3.6012284457683563,4.357445983249542,7.471523290827031
12993,CENTENE CORP DEL,Centene shares are trading higher after the company announced it has entered into a strategic partnership with Walgreens and RxAdvance to introduce an innovative model for pharmacy management.,5,increase,0.85,0.7,,172,35,2.0,2019-10-17,89269.0,3.6012284457683563,-0.6358610466122627,0.9749870905678248,12.505301735827178,0.7299310527741909,3.7357615378901254,2.868760859200292
13001,CENTENE CORP DEL,Centene Option Alert: Dec 20 $50 Calls Sweep (2) near the Ask: 6526 @ $1.5 vs 9321 OI; Earnings 10/22 Before Open Ref=$46.805,5,increase,0.75,0.6,,188,35,2.0,2019-10-17,89269.0,3.6012284457683563,-0.6358610466122627,0.9749870905678248,12.505301735827178,0.7299310527741909,3.7357615378901254,2.868760859200292
13009,CENTENE CORP DEL,"Centene SVP Edmund Kroll To Step Down Effective April 30, 2020",5,uncertain,0.6,0.2,,160,35,1.0,2019-10-09,89269.0,2.478955686092377,0.6161580327898264,3.925151084462852,10.429026937106322,-2.41898987442255,-1.8590804518388129,-1.0872107520156329
13017,ZW DATA ACTION TECHNOLOGIES INC,ChinaNet Online Holdings Closes a $2.4M Private Placement,5,increase,0.7,0.5,,162,35,2.0,2019-10-28,93274.0,12.23021298646927,-18.589742481708527,-10.25640915544922,-13.461534410575185,15.833327174186708,13.0265081319193,12.09677178612807
13025,ZW DATA ACTION TECHNOLOGIES INC,ChinaNet Online Names Centurion ZD CPA & Co. As Independent Registered Public Accounting Firm,5,uncertain,0.6,0.2,,166,35,1.0,2019-10-14,93274.0,-0.4016060382127762,0.0,-4.2403891509223974e-08,25.80644567318111,0.4032254219055176,-0.3999995780507914,-1.968502031704744
13033,C N H INDUSTRIAL N V,CNH Industrial shares are trading higher after the company reported a buy-back program.,5,increase,0.85,0.7,,161,35,2.0,2019-10-10,14144.0,3.846155107021332,4.580890014767647,5.555552594344659,5.555552677081743,1.5416298061609268,-0.3027218118739627,-0.5035265652566845
13041,CANADIAN NATIONAL RAILWAY CO,Alberta To Ease Oil Curtailment For Crude By Rail,5,increase,0.8,0.6,,161,35,2.0,2019-10-31,84181.0,-1.1393791995942588,2.4392975494265556,6.087047806538415,4.285547775119691,0.8253377862274647,0.5561735417419778,1.6072837319056843
13049,CANADIAN NATIONAL RAILWAY CO,Illinois Senator Presses For Federal Help To Address Amtrak's On-Time Performance,5,uncertain,0.6,0.3,,163,35,1.0,2019-10-29,84181.0,-0.2669609151780605,0.8253377862274647,4.505903488748753,3.870168885808045,1.0452965274453163,1.2957764089352786,0.4020556710733425
13057,CANADIAN NATIONAL RAILWAY CO,"Wells Fargo Initiates Coverage On Canadian National Railway with Market Perform Rating, Announces $88 Price Target",5,uncertain,0.6,0.3,,168,35,1.0,2019-10-29,84181.0,-0.2669609151780605,0.8253377862274647,4.505903488748753,3.870168885808045,1.0452965274453163,1.2957764089352786,0.4020556710733425
13065,CANADIAN NATIONAL RAILWAY CO,Canadian Rail Union Eyes November Strike,5,decrease,0.85,0.7,,154,35,0.0,2019-10-28,84181.0,1.045296527445316,-0.2669609151780605,3.170187320507334,4.1490496292187595,0.2478887094184756,-0.6365866383471475,-0.9573645550447374
13073,CANADIAN NATIONAL RAILWAY CO,Slump Persists For North American Rail Volumes,5,decrease,0.8,0.6,,158,35,0.0,2019-10-24,84181.0,-0.8822882547974586,0.2478887094184756,0.6985946717171343,6.828166269896907,-0.3228330286219716,0.9242557677114016,2.23795284319257
13081,CANADIAN NATIONAL RAILWAY CO,"Canadian National Railway Shares Relatively Quiet As Hearing CFRA Downgrades From Buy To Hold, Cuts Price Target From $108 To $95",5,decrease,0.8,0.6,,176,35,0.0,2019-10-23,84181.0,-0.3228330286219716,-0.8822882547974586,0.9604653400809182,4.992183564305619,1.2511278502643108,2.569079709648925,2.5573760056921246
13089,CANADIAN NATIONAL RAILWAY CO,Canadian National Sees Third-Quarter Profit Amid headwinds,5,uncertain,0.6,0.3,,159,35,1.0,2019-10-22,84181.0,1.251127850264311,-0.3228330286219716,-0.1892442696490803,4.308132054951286,1.3016663491725922,1.290107264147777,1.8014913034778424
13097,CANADIAN NATIONAL RAILWAY CO,"Canadian National Railway Q3 EPS C$1.66, Sales C$3.83B",5,uncertain,0.6,0.3,,167,35,1.0,2019-10-22,84181.0,1.251127850264311,-0.3228330286219716,-0.1892442696490803,4.308132054951286,1.3016663491725922,1.290107264147777,1.8014913034778424
13105,CANADIAN NATIONAL RAILWAY CO,"Bank of America Upgrades Canadian National Railway to Buy, Raises Price Target to $100",5,increase,0.85,0.6,,165,35,2.0,2019-10-16,84181.0,0.4263686947524547,0.5048706661909819,2.74239745846645,3.7292025756231695,0.4514404572546482,-0.1840391381725759,1.5326987676639314
13113,CANADIAN NATIONAL RAILWAY CO,Commentary: Short Line Railroads – Custom High-Growth Freight Service,5,increase,0.75,0.6,,162,35,2.0,2019-10-15,84181.0,0.4514404572546482,0.4263686947524547,3.5146383194211595,3.318742798153651,-0.6326236762106419,1.0763990097975684,2.0796434948983755
13121,CANADIAN NATIONAL RAILWAY CO,Canadian National Truckers Ratify New Contract,5,increase,0.8,0.6,,156,35,2.0,2019-10-03,84181.0,0.4126367159187794,-0.152632687240839,0.3522403475149538,2.841374132236041,-2.2135095670819283,-5.608725716921404,-5.144261465016675
13129,CANADIAN NATIONAL RAILWAY CO,Canadian National Railway Reports Unifor-Affiliated CNTL Drivers Ratified A New Collective Deal,5,increase,0.8,0.6,,167,35,2.0,2019-10-02,84181.0,-2.213509567081928,0.4126367159187794,-0.2240066349471714,2.7469959580762815,-3.4720707684755325,-2.9970928345620984,-3.062142875275753
13137,CANADIAN NATIONAL RAILWAY CO,"Stephens & Co. Downgrades Canadian National Railway to Equal-Weight, Lowers Price Target to $97",5,decrease,0.8,0.6,,171,35,0.0,2019-10-01,84181.0,-3.4720707684755334,-2.2135095670819283,-3.4124961482606686,0.0461160534872107,0.4920626990497112,0.4246728345498329,0.2342432673322125
13145,CONMED CORP,"Stifel Nicolaus Maintains Buy on Conmed, Raises Price Target to $118",5,increase,0.8,0.6,,157,35,2.0,2019-10-31,11547.0,7.242421805858612,-0.8271187543869019,-0.4908137131082291,2.399570211535451,2.960655279457569,3.240408030453068,4.940664878031886
13153,CONMED CORP,Conmed Sees FY19 Sales Guidance $951M-$957M vs $954.85M Est.,5,uncertain,0.6,0.2,,161,35,1.0,2019-10-30,11547.0,2.960655279457569,7.242421805858612,7.700557403377872,10.683309389443885,0.271708401851356,1.9230740064737573,1.714985965610949
13161,CONMED CORP,Conmed Raises FY19 EPS Guidance From $2.52-$2.57 To $2.62-$2.65 vs $2.54 Est.,5,increase,0.85,0.6,,171,35,2.0,2019-10-30,11547.0,2.960655279457569,7.242421805858612,7.700557403377872,10.683309389443885,0.271708401851356,1.9230740064737573,1.714985965610949
13169,CONMED CORP,"Conmed Q3 EPS $0.62 Beats $0.56 Estimate, Sales $233.6M Beat $227.93M Estimate",5,increase,0.85,0.7,,169,35,2.0,2019-10-30,11547.0,2.960655279457569,7.242421805858612,7.700557403377872,10.683309389443885,0.271708401851356,1.9230740064737573,1.714985965610949
13177,CONNECTONE BANCORP INC NEW,ConnectOne Bancorp Q3 EPS $0.61 Beats $0.57 Estimate,5,increase,0.8,0.6,,165,35,2.0,2019-10-24,83642.0,5.970802530646324,0.5843126215040684,1.3355659463295757,5.279638319696933,0.2660814905539155,0.3550817680268547,1.253921624127985
13185,CENTERPOINT ENERGY INC,"UBS Maintains Buy on CenterPoint Energy, Lowers Price Target to $34",5,uncertain,0.6,0.3,,157,35,1.0,2019-10-17,21792.0,0.3144592745229602,-0.2438164316117763,5.050507777852276,1.2539205523861563,1.5613929368555546,2.6174309030682297,1.2380629363685447
13193,CENTERPOINT ENERGY INC,CenterPoint Energy Option Alert: Nov 15 $30 Calls at the Ask: 1600 @ $0.391 vs 460 OI; Earnings 11/7 Before Open [est] Ref=$28.84,5,uncertain,0.6,0.3,,185,35,1.0,2019-10-03,21792.0,-0.7554986979812384,1.2110739946365356,-2.560552960252127,-0.6574413082941266,-2.576107531785965,-3.512257871283886,-2.93333042500602
13201,CANADIAN NATURAL RESOURCES LTD,Tudor Pickering Downgrades Canadian Natural Res to Hold,5,decrease,0.8,0.6,,161,35,0.0,2019-10-08,88391.0,-4.246202483773232,-0.6509351078420877,2.969892226610038,4.475184473909155,0.1560706878080964,1.5427190289500905,1.7036461956880578
13209,CANADIAN NATURAL RESOURCES LTD,National Bank Financial Downgrades Canadian Natural Res to Sector Perform,5,decrease,0.8,0.6,,160,35,0.0,2019-10-02,88391.0,-2.208445221185684,0.1584822311997413,-3.248810383291978,-0.7131552053013968,-3.079232946038246,-3.224599249372917,-3.369523250483686
13217,COHEN & STEERS INC,"Cohen & Steers Q3 Adj. EPS $0.65 Beats $0.63 Estimate, Sales $105M Miss $105.53M Estimate",5,,,,,178,35,,2019-10-16,90303.0,2.126171812415123,4.453926160931587,8.2252556096593,12.491467374093258,0.20957519300282,-0.6578900119752706,2.5192065274841857
13225,CONSOLIDATED COMMS HLDGS INC,Consolidated Communications Holdings shares are trading higher after the company reported better-than-expected Q3 EPS and sales results.,5,increase,0.85,0.7,,175,24,2.0,2019-10-31,90803.0,16.95906221866608,-5.250000953674316,9.500002604355128,8.000004177433828,-1.4409207738935947,-4.7353717741080885,-3.389827417300295
13233,CONSOLIDATED COMMS HLDGS INC,Consolidated Communications Reaffirms FY19 Adj. EBITDA Guidance $520M-$525M,5,uncertain,0.6,0.3,,171,35,1.0,2019-10-31,90803.0,16.95906221866608,-5.250000953674316,9.500002604355128,8.000004177433828,-1.4409207738935947,-4.7353717741080885,-3.389827417300295
13241,CONSOLIDATED COMMS HLDGS INC,"Consolidated Comms Hldgs Q3 EPS $0.06 Beats $(0.04) Estimate, Sales $333.326M Beat $332.53M Estimate",5,,,,,188,35,,2019-10-31,90803.0,16.95906221866608,-5.250000953674316,9.500002604355128,8.000004177433828,-1.4409207738935947,-4.7353717741080885,-3.389827417300295
13249,CONSOLIDATED COMMS HLDGS INC,Consolidated Communications shares are trading lower despite no company-specific news. The stock has dropped approximately 17% in the last 5 days.,5,decrease,0.8,0.6,,180,35,0.0,2019-10-04,90803.0,-8.10811072587967,-7.843136042356491,-15.808823617641565,-14.95097814058235,-1.7699098214507103,-5.330490307748159,-6.72269233525774
13257,CENTURY CASINOS INC,Union Gaming Upgrades Century Casinos to Buy,5,increase,0.85,0.6,,152,35,2.0,2019-10-21,79791.0,6.557377427816391,5.256408080458641,-3.8461559969305448,2.564099985598456,3.682722896337509,0.4115255099561121,-1.214570613793542
13265,C N X RESOURCES CORP,CNX Resources shares are trading higher after the company raised its FY19 production guidance from 510-530 Bcfe to 530-540 Bcfe.,5,increase,0.85,0.7,,178,35,2.0,2019-10-29,86799.0,15.82446843385696,-1.6073517501354218,2.2962092727515593,-2.640648146245017,-1.955672726035118,0.5347587120224873,0.8042886474139088
13273,C N X RESOURCES CORP,CNX Resources Q3 EPS $(0.06) Misses $(0.05) Estimate,5,decrease,0.7,0.4,,165,35,0.0,2019-10-29,86799.0,15.82446843385696,-1.6073517501354218,2.2962092727515593,-2.640648146245017,-1.955672726035118,0.5347587120224873,0.8042886474139088
13281,C N X RESOURCES CORP,UPDATE: KeyBanc Initiates CNX Resources With Sector Weight Due To Firm's 'expectation that natural gas prices may remain challenged in 2020 and CNX's above average leverage',5,decrease,0.8,0.6,,184,35,0.0,2019-10-09,86799.0,0.4219371825456619,-0.4201643168926239,2.8011244261396007,4.48179519261187,-2.868852950632572,-4.048579259621499,-2.2008232968027452
13289,C N X RESOURCES CORP,"KeyBanc Initiates Coverage On CNX Resources with Sector Weight Rating, Announces $7.11 Price Target",5,uncertain,0.6,0.3,,168,35,1.0,2019-10-09,86799.0,0.4219371825456619,-0.4201643168926239,2.8011244261396007,4.48179519261187,-2.868852950632572,-4.048579259621499,-2.2008232968027452
13297,COMPASS DIVERSIFIED HOLDINGS,"Compass Diversified Hldgs Q3 Sales $388.313M Beat $374.31M Estimate, EPS From Continuing Operations $0.03 vs $0.09 In Same Qtr. Last Year",5,uncertain,0.6,0.3,,188,35,1.0,2019-10-30,91271.0,0.6419711746275425,1.3248305767774582,6.476946276393414,5.348381955707482,2.3761339485645294,2.687630331431534,3.686632266670964
13305,CAPITAL ONE FINANCIAL CORP,Capital One Shares Volatile As Co.'s Just-Filed 10-Q Showed Co. Received Subpoena From New York Attorney General Related To Probe Of Taxi Medallion Finance Industry Co. Exited In Beginning Of 2015,5,decrease,0.7,0.4,,194,35,0.0,2019-10-31,81055.0,-1.3540661893785,2.1447721868753433,4.7721147314393475,4.061608112102499,0.0741051218938082,-0.6724801823031035,1.3726528999741028
13313,CAPITAL ONE FINANCIAL CORP,"Morgan Stanley Maintains Equal-Weight on Capital One Financial, Raises Price Target to $104",5,uncertain,0.6,0.3,,164,35,1.0,2019-10-29,81055.0,-0.7460324559360743,0.0741051218938082,3.0065679467345285,3.334527273016641,2.05897931009531,3.46813953957803,2.564928605054617
13321,CAPITAL ONE FINANCIAL CORP,Capital One Financial shares are trading lower after the company reported worse-than-expected Q3 sales results.,5,decrease,0.85,0.7,,165,25,0.0,2019-10-24,81055.0,-0.8729362860321999,1.3807312585413456,1.3807313414500255,6.218736156636306,0.6835907232016325,1.6097253410293888,3.3296188571715346
13329,CAPITAL ONE FINANCIAL CORP,"Capital One Financial Q3 Adj. EPS $3.32 Beats $2.88 Estimate, Sales $6.959B Miss $7.22B Estimate",5,uncertain,0.6,0.3,,178,35,1.0,2019-10-24,81055.0,-0.8729362860321999,1.3807312585413456,1.3807313414500255,6.218736156636306,0.6835907232016325,1.6097253410293888,3.3296188571715346
13337,CAPITAL ONE FINANCIAL CORP,Senators Accuse Amazon Of Neglect In Capital One Data Breach,5,decrease,0.8,0.6,,160,35,0.0,2019-10-24,81055.0,-0.8729362860321999,1.3807312585413456,1.3807313414500255,6.218736156636306,0.6835907232016325,1.6097253410293888,3.3296188571715346
13345,CAPITAL ONE FINANCIAL CORP,"Citigroup Maintains Buy on Capital One Financial, Lowers Price Target to $100",5,decrease,0.7,0.4,,163,35,0.0,2019-10-09,81055.0,1.528437063097954,1.5637720003724098,4.959738451568185,8.285678895473247,-2.854507230222225,-3.3440199708955287,-1.666084585878702
13353,COLUMBIA BANKING SYSTEM INC,Columbia Banking System Q3 EPS $0.7 Beats $0.6 Estimate,5,increase,0.85,0.6,,165,35,2.0,2019-10-24,77679.0,-0.1843552570790051,1.9788917154073715,3.6939252652813614,7.709067833225847,-0.1577637623995542,0.2111423477862972,1.6599806440048326
13361,COLUMBIA SPORTSWEAR CO,"UPDATE: Wedbush Maintains Outperform On Columbia Sportswear, Adds To Best Ideas List As Firm Notes 'The combo of relevant product,' 'strategic marketing', 'DTC initiatives', 'and international growth should sustain upside for 2H and into FY20'",5,increase,0.85,0.7,,202,35,2.0,2019-10-07,85863.0,2.157048881053925,-0.6968984380364418,2.132310220063327,5.096735451811707,0.5233901552855968,0.341187443414781,-2.8892815714108955
13369,COLUMBIA SPORTSWEAR CO,Wedbush Maintains Outperform on Columbia Sportswear;l Adds To Best Ideas List,5,increase,0.8,0.6,,165,35,2.0,2019-10-07,85863.0,2.157048881053925,-0.6968984380364418,2.132310220063327,5.096735451811707,0.5233901552855968,0.341187443414781,-2.8892815714108955
13377,COMMSCOPE HOLDING CO INC,CommScope shares are trading lower in sympathy with Nokia after the company cut its FY19 EPS and FY20 operating margin guidance.,5,decrease,0.85,0.6,,170,35,0.0,2019-10-24,14239.0,-6.901837885379791,0.7413442712277174,-7.743002413880207,23.0642430993808,0.1536060124635696,-0.1531428702175818,12.705274494637363
13385,COMMSCOPE HOLDING CO INC,CommScope Holding Co shares are trading higher after Nomura upgraded the stock from Neutral to Buy and announced a $16 price target.,5,increase,0.85,0.7,,171,35,2.0,2019-10-21,14239.0,12.87813931703568,-0.306278420612216,-9.954059637552348,-10.8728948303233,-0.5159107502549887,1.4912288089100612,2.118268087462538
13393,COMMSCOPE HOLDING CO INC,"Nomura Upgrades CommScope Holding Co to Buy, Announces $16 Price Target",5,increase,0.85,0.7,,162,35,2.0,2019-10-21,14239.0,12.87813931703568,-0.306278420612216,-9.954059637552348,-10.8728948303233,-0.5159107502549887,1.4912288089100612,2.118268087462538
13401,COMMSCOPE HOLDING CO INC,"CommScope Buys Fractus' Base Station Antenna Technology, No Terms Disclosed",5,increase,0.75,0.6,,163,35,2.0,2019-10-11,14239.0,3.6540191620588303,-0.624718377366662,3.257472425718211,9.14769792758754,0.6517751608043909,-1.3686096436933637,-3.309480015856614
13409,COOPER COMPANIES INC,"KeyBanc Bullish On Cooper Companies' Revenue Momentum, But Says Mix May Hurt Margins",5,uncertain,0.6,0.3,,163,35,1.0,2019-10-11,65541.0,1.05911660939455,-0.4695650655776262,-2.0688069719672075,-4.130802008256673,0.6332571618258953,1.656933627574353,-1.0648448677563205
13417,COOPER COMPANIES INC,"KeyBanc Maintains Overweight on Cooper Companies, Lowers Price Target to $348",5,decrease,0.7,0.4,,162,35,0.0,2019-10-11,65541.0,1.05911660939455,-0.4695650655776262,-2.0688069719672075,-4.130802008256673,0.6332571618258953,1.656933627574353,-1.0648448677563205
13425,CONOCOPHILLIPS,ConocoPhillips shares are trading higher after the company reported better-than-expected Q3 EPS results.,5,increase,0.85,0.7,,164,24,2.0,2019-10-29,13928.0,2.532327361404896,-3.5908199846744537,2.48729777544594,1.9968463665049672,-1.1889941059052944,-0.854700031847766,-1.013332784798182
13433,CONOCOPHILLIPS,ConocoPhillips Q3 EPS $0.82 Beats $0.75 Estimate,5,increase,0.85,0.6,,161,35,2.0,2019-10-29,13928.0,2.532327361404896,-3.5908199846744537,2.48729777544594,1.9968463665049672,-1.1889941059052944,-0.854700031847766,-1.013332784798182
13441,CONOCOPHILLIPS,ConocoPhillips Q3 Earnings Outlook,5,,,,,152,35,,2019-10-28,13928.0,-1.188994105905294,2.532327361404896,4.166666386684614,5.801005373609058,0.3383166389539838,0.1777750560452595,-0.3360495979003897
13449,CONOCOPHILLIPS,"Morgan Stanley Maintains Overweight on ConocoPhillips, Lowers Price Target to $79",5,decrease,0.7,0.4,,163,35,0.0,2019-10-14,13928.0,-0.531630776822567,-0.3206846537068486,0.4638886064440184,-0.0387876977812284,0.9842505678534508,2.712052665871312,4.693875170048933
13457,CONOCOPHILLIPS,ConocoPhillips shares are trading higher after the company raised its Quarterly dividend from $0.38 to $0.42 per share. The company also announced it expects to buy back $3 billion worth in shares by 2020.,5,increase,0.85,0.7,,191,35,2.0,2019-10-07,13928.0,2.056071907281876,-1.2820457108318806,2.802202644423968,3.279090349664937,-0.2981733996421098,0.8102511902486009,-2.991843026637342
13465,CONOCOPHILLIPS,ConocoPhillips Raises Quarterly Dividend From $0.38 To $0.42/Share; Says Expects To Buy Back $3B Of Shares In 2020,5,increase,0.85,0.7,,179,35,2.0,2019-10-07,13928.0,2.056071907281876,-1.2820457108318806,2.802202644423968,3.279090349664937,-0.2981733996421098,0.8102511902486009,-2.991843026637342
13473,CORENERGY INFRASTRUCTURE TR INC,CorEnergy Infr Trust Q3 EPS $0.94 Up From $0.92 YoY,5,increase,0.7,0.3,,170,35,2.0,2019-10-30,91801.0,1.8398435786366456,-1.1086038313806057,-4.188053717858741,-6.897968863962856,1.0777728632092476,1.0991342672808768,0.4832003203984358
13481,CANADIAN PACIFIC KANSAS CITY LTD,"Wells Fargo Initiates Coverage On Canadian Pacific Railway with Outperform Rating, Announces $253 Price Target",5,increase,0.85,0.6,,172,35,2.0,2019-10-29,89125.0,-0.1191650982946157,1.184219866991043,4.03870769852217,3.879633619660816,0.0044112224713899,-0.3123725203631244,3.230213773914037
13489,CANADIAN PACIFIC KANSAS CITY LTD,Canadian Pacific Reports Record-Low Operating Ratio,5,increase,0.85,0.7,,160,35,2.0,2019-10-23,89125.0,-0.1092205173335969,3.553687036037445,4.3282153276537505,7.162057854250881,0.4204552620649338,1.5528958429729345,0.9649362750644652
13497,CANADIAN PACIFIC KANSAS CITY LTD,"Canadian Pacific Railway Q3 Adj. EPS $4.61 Beats $3.41 Estimate, Sales $1.979B Beat $1.5B Estimate",5,increase,0.85,0.7,,184,35,2.0,2019-10-23,89125.0,-0.1092205173335969,3.553687036037445,4.3282153276537505,7.162057854250881,0.4204552620649338,1.5528958429729345,0.9649362750644652
13505,CANADIAN PACIFIC KANSAS CITY LTD,A Preview Of Canadian Pacific Railway's Q3 Earnings,5,uncertain,0.6,0.3,,162,35,1.0,2019-10-23,89125.0,-0.1092205173335969,3.553687036037445,4.3282153276537505,7.162057854250881,0.4204552620649338,1.5528958429729345,0.9649362750644652
13513,CANADIAN PACIFIC KANSAS CITY LTD,Bank of America Downgrades Canadian Pacific Railway to Neutral,5,decrease,0.8,0.6,,163,35,0.0,2019-10-16,89125.0,-0.34803063608706,0.0091927176981698,0.8639331336885325,5.2295413476552755,1.4070766046643255,1.092542300234256,2.0134529916276955
13521,COPA HOLDINGS SA,"Copa Holdings Reports Sep. Traffic: ASMs Down 5.5% Year Over Year, RPMs Down 0.7%, Load Factor Up 4.1 Points",5,uncertain,0.6,0.3,,178,35,1.0,2019-10-14,91065.0,-0.0201133007067255,0.9154889732599258,3.169015540365971,5.36217478872687,-0.6793209817260504,0.5868088805012883,-0.4804837904957115
13529,CAMPBELL SOUP CO,"RBC Capital Initiates Coverage On Campbell Soup with Outperform Rating, Announces $55 Price Target",5,increase,0.8,0.6,,163,35,2.0,2019-10-17,25320.0,1.6747953370213509,-0.834023579955101,-1.8348566794647911,-3.440362281353604,1.201453618705273,0.7260224403006443,0.6400666247961428
13537,CALLON PETROLEUM CO DEL,Callon Petroleum Issues Release Correcting 'False And Misleading' Information From Paulson & Co.,5,uncertain,0.6,0.3,,165,35,1.0,2019-10-23,80926.0,7.874020934104919,-0.729932077229023,-4.8661808432401195,3.892940257440536,2.6954151690006256,-0.2617798588416931,-6.845970733200934
13545,CALLON PETROLEUM CO DEL,Paulson & Co Says Reiterates Opposition To Callon Petroleum And Carrizo Deal,5,decrease,0.8,0.6,,163,35,0.0,2019-10-22,80926.0,2.695415169000626,7.874020934104919,8.923888764429954,16.535436631815802,-2.879578433930874,-9.29095606313075,-6.549118131747244
13553,CALLON PETROLEUM CO DEL,Callon Petroleum Provides a Q3 Production and Spending Update,5,,,,,157,35,,2019-10-21,80926.0,-2.879578433930874,2.6954151690006256,10.781673684638449,12.93800608763842,-6.601472198963165,-3.778339960478916,-2.551024080662312
13561,CALLON PETROLEUM CO DEL,"Morgan Stanley Maintains Equal-Weight on Callon Petroleum, Lowers Price Target to $4.75",5,decrease,0.8,0.6,,167,35,0.0,2019-10-04,80926.0,-1.007555704563856,-0.508905341848731,4.8346008686572794,-2.798986038769169,1.2755089439451694,-0.997511269181961,-8.525348469085559
13569,CENTRAL PACIFIC FINANCIAL CORP,Central Pacific Financial Q3 EPS $0.51 Beats $0.49 Estimate,5,increase,0.8,0.4,,164,35,2.0,2019-10-23,11628.0,1.597007550299168,-3.7792615592479706,-1.438128279223394,-1.103678747393455,0.9259275160729884,2.222991919885242,2.4721483771032338
13577,CRESCENT POINT ENERGY CORP,Crescent Point Energy shares are trading lower after the company reported Q3 EPS down from last year.,5,decrease,0.85,0.6,,166,35,0.0,2019-10-31,14379.0,-6.870228052139282,4.644804075360298,9.0163912758096,7.923496224913129,-2.4813929572701454,-0.7575749067137427,-4.146337409827594
13585,CRESCENT POINT ENERGY CORP,"CORRECTION: Crescent Point Energy Q3 EPS $0.06 Down From $0.15 YoY, A Prior Headline Had Used Incorrect EPS Figure",5,decrease,0.8,0.6,,178,35,0.0,2019-10-31,14379.0,-6.870228052139282,4.644804075360298,9.0163912758096,7.923496224913129,-2.4813929572701454,-0.7575749067137427,-4.146337409827594
13593,CRESCENT POINT ENERGY CORP,Crescent Point Energy Q3 EPS $0.06 Down From $0.15 YoY,5,decrease,0.8,0.6,,166,35,0.0,2019-10-31,14379.0,-6.870228052139282,4.644804075360298,9.0163912758096,7.923496224913129,-2.4813929572701454,-0.7575749067137427,-4.146337409827594
13601,CRESCENT POINT ENERGY CORP,Crescent Point Energy shares are trading higher despite no company-specific news. This could potentially be a rebound after the stock dropped approximately 16% over the past month.,5,increase,0.7,0.5,,179,35,2.0,2019-10-15,14379.0,2.374674193561077,-1.5463964082300663,3.86598158689313,3.8659818199440865,-2.5706976652145386,1.0666657292085937,1.6085776457080092
13609,CANTERBURY PARK HOLDING CORP,Canterbury Park S-3 Shows Registration For $50M Mixed Securities Offering,5,uncertain,0.6,0.3,,167,35,1.0,2019-10-10,81182.0,0.2040785271674395,2.0366599783301353,0.4480678038148555,0.2036708938413234,-0.5205436609685421,0.9892818351200372,1.6597494449546613
13617,CANTERBURY PARK HOLDING CORP,"Canterbury Park Names Pres, CEO Randy Sampson As Chair",5,uncertain,0.6,0.3,,164,35,1.0,2019-10-03,81182.0,4.6121805906295785,-3.930479288101196,-2.1366546290559896,-1.6981604867126632,-2.1224508062005043,-0.9090958629063616,-3.272914437284258
13625,CHESAPEAKE UTILITIES CORP,"Chesapeake Utilities Corporation To Exit Natural Gas Marketing Business; Selling Peninsula Energy Services Company, Inc. Assets",5,uncertain,0.6,0.3,,171,35,1.0,2019-10-09,23182.0,0.6422591395676136,-0.5318017676472664,-2.137837254867725,-0.7657877686627512,-1.4453030191361904,-1.4868750750482884,-0.8385531301985494
13633,COPART INC,Guggenheim Upgrades Copart to Buy,5,increase,0.85,0.6,,148,35,2.0,2019-10-18,80320.0,1.6045458614826198,1.579206809401512,1.9679333934758512,0.7167200353230374,-0.4423698876053095,-0.880843202381254,-0.8080358137195764
13641,CATALYST PHARMACEUTICALS INC,Catalyst Pharmaceuticals shares are trading lower after the company announced that its Phase 3 trial of Firdapse in patients with congenital myasthenic syndromes did not meet its primary and secondary endpoints.,5,decrease,0.9,0.7,,191,34,0.0,2019-10-30,91606.0,-12.98245191574097,-4.63709719479084,-5.645165703455612,-8.467743354137891,1.0638288222253325,1.7857126589853278,5.166046702853211
13649,CATALYST PHARMACEUTICALS INC,"Catalyst Pharmaceuticals Phase 3 Trial of Firdapse in Patients With Congenital Myasthenic Syndromes Did Not Meet Its Primary, Secondary  Endpoints",5,decrease,0.85,0.7,,185,35,0.0,2019-10-30,91606.0,-12.98245191574097,-4.63709719479084,-5.645165703455612,-8.467743354137891,1.0638288222253325,1.7857126589853278,5.166046702853211
13657,CATALYST PHARMACEUTICALS INC,"Chmn McEnany Buys 10,000 Of Catalyst Pharmaceuticals @$4.89",5,increase,0.8,0.4,,170,35,2.0,2019-10-03,91606.0,-4.61689829826355,-0.1029889681376516,-6.076211475651361,9.165812170135055,1.8000030890107157,-4.143122078511974,-3.4155563181567983
13665,COOPER STANDARD HOLDINGS INC,"Buckingham Downgrades Cooper-Standard Holdings to Neutral, Lowers Price Target to $32",5,decrease,0.8,0.6,,163,35,0.0,2019-10-16,14185.0,-3.9889875799417505,-3.610321134328842,-2.8939886958330496,-4.269345615086905,2.0780619233846664,4.694692373227838,10.48631249501215
13673,CONSUMER PORTFOLIO SVCS INC,"Consumer Portfolio Servs Q3 EPS $0.08, Inline, Sales $85.5M Beat $84.67M Estimate",5,uncertain,0.6,0.3,,179,35,1.0,2019-10-29,78018.0,3.7499964237213126,2.1084388718008995,3.012052492251005,4.518075108453723,-5.325445532798767,-3.903900262986626,-5.32544558824749
13681,CAMDEN PROPERTY TRUST,"Camden Prop Trust Q3 AFFO $1.09 May Not Compare To $0.44 Estimate, Sales $260.672M Beat $258.78M Estimate",5,increase,0.85,0.6,,175,35,2.0,2019-10-31,79452.0,-0.2006943570449947,-0.0174908389453776,-3.58486144439889,-2.5443767031024245,1.0136637836694715,1.1741872302173606,0.6764443646113394
13689,CAMDEN PROPERTY TRUST,"JP Morgan Maintains Overweight on Camden Prop Trust, Raises Price Target to $111",5,increase,0.85,0.6,,157,35,2.0,2019-10-10,79452.0,0.4419303499162197,-0.7215766236186028,0.3959846396176747,0.4663840238610772,0.3369964892044663,0.5331423969284987,0.3192060536472363
13697,CAMDEN PROPERTY TRUST,"KeyBanc Maintains Overweight on Camden Prop Trust, Raises Price Target to $117",5,increase,0.8,0.6,,158,35,2.0,2019-10-08,79452.0,0.1954871229827404,0.3369964892044663,-0.7272079391255293,1.3657333337501187,-0.212801806628704,0.5629498719709636,1.49711734363982
13705,CHENIERE ENERGY PARTNERS L P,Cheniere Partners Raises Quarterly Dividend From $0.61 To $0.62/Share,5,increase,0.75,0.3,,169,35,2.0,2019-10-28,91850.0,0.0,0.2031147480010986,-0.699619406972718,-2.6954346955631814,0.3851426998153329,0.7045485689128439,-0.3373768074600325
13713,CHENIERE ENERGY PARTNERS L P,Raymond James Downgrades Cheniere Energy Partners to Underperform,5,decrease,0.85,0.7,,164,35,0.0,2019-10-23,91850.0,-1.034635864198208,0.318180420435965,1.4090884674935689,-1.3181835825274213,-0.2468041609972715,0.9766076123963296,1.9257225392970143
13721,C R A INTERNATIONAL INC,Charles River Raises Qtr. Dividend From $0.20 To $0.23/Share,5,increase,0.8,0.4,,161,35,2.0,2019-10-31,85972.0,14.56152200698853,4.771570488810539,5.238582352447696,1.827414215444212,0.8918119594454765,1.176747452054694,2.625930543274313
13729,C R A INTERNATIONAL INC,CRA Int'l. Raises FY19 Sales Guidance From $430M-$445M To $446M-$452M vs $439M Estimate,5,increase,0.85,0.6,,170,35,2.0,2019-10-31,85972.0,14.56152200698853,4.771570488810539,5.238582352447696,1.827414215444212,0.8918119594454765,1.176747452054694,2.625930543274313
13737,C R A INTERNATIONAL INC,"CRA International Q3 Adj. EPS $0.98 Beats $0.67 Estimate, Sales $115.7M Beat $109.7M Estimate",5,increase,0.85,0.7,,173,35,2.0,2019-10-31,85972.0,14.56152200698853,4.771570488810539,5.238582352447696,1.827414215444212,0.8918119594454765,1.176747452054694,2.625930543274313
13745,COMSTOCK RESOURCES INC,Seaport Global Downgrades Comstock Resources to Neutral,5,decrease,0.8,0.6,,155,35,0.0,2019-10-10,11644.0,-4.172661527991295,0.7507536094635725,6.006007384606882,3.45345345151169,-0.855926051735878,-3.606105821985517,-5.953992765269289
13753,CHARLES RIVER LABS INTL INC,Bank of America Downgrades Charles River to Neutral,5,decrease,0.8,0.6,,160,35,0.0,2019-10-18,88281.0,-1.315505616366863,-4.185280948877335,-3.8874003932283903,-1.1617497232635945,0.9721080772578716,1.4917579473058715,1.620622493737689
13761,SALESFORCE INC,Salesforce.com shares are trading higher in sympathy with the overall market from progression in U.S.-China trade talks and positive sentiment from strong earnings reports.,5,increase,0.8,0.6,,169,35,2.0,2019-10-28,90215.0,2.857324481010437,0.1938129542395472,1.815371301978019,4.515799519305608,1.600060984492302,3.693240669613451,5.7331577253007415
13769,SALESFORCE INC,Large Salesforce Option Traders Betting On A Bullish Bounce,5,increase,0.75,0.6,,150,35,2.0,2019-10-18,90215.0,-1.423001848161221,0.3192495787516236,4.4416747298500425,10.86127389822902,-0.5443308502435684,-4.301432013598561,-2.1423293211849215
13777,SALESFORCE INC,"Jefferies Assumes Salesforce.com at Buy, Announces $171 Price Target",5,increase,0.8,0.6,,155,35,2.0,2019-10-08,90215.0,-1.942203938961029,0.7813030853867531,4.680968738135838,-2.453568668749362,0.5201677326112986,1.2244918622954737,3.1757050284070276
13785,SALESFORCE INC,"UK's Competition And Markets Authority Says Is Considering If Salesforce, Tableau Deal Resulted In A Lessening Of Competition Within UK",5,decrease,0.7,0.4,,164,35,0.0,2019-10-04,90215.0,0.7006794214248657,0.5201677326112986,0.9052193118380236,-2.661624578349986,1.9276097416877749,-0.4671965214379181,-0.9700906397749232
13793,SALESFORCE INC,Salesforce.Com Inc Says Selling Stockholders May Offer And Resell Up To 4.5M Shares Of Salesforce Common Stock,5,decrease,0.7,0.4,,165,35,0.0,2019-10-03,90215.0,1.927609741687775,0.7006794214248657,-0.4013581941780697,-0.5646274231263071,-2.349516749382019,-2.84290035723026,-2.724938332443394
13801,SALESFORCE INC,Salesforce Projects Record US E-Commerce Sales Over Holiday Season,5,increase,0.8,0.6,,151,35,2.0,2019-10-02,90215.0,-2.349516749382019,1.9276097416877749,1.9622809914140893,1.9068087036215653,-0.5052546504884958,-0.3844544036693209,-3.052378956370627
13809,SALESFORCE INC,Salesforce Forecasts 13%YoY Growth In Holiday Sales With Total Sales Reaching $136B In The US And $768B Globally,5,increase,0.8,0.6,,170,35,2.0,2019-10-02,90215.0,-2.349516749382019,1.9276097416877749,1.9622809914140893,1.9068087036215653,-0.5052546504884958,-0.3844544036693209,-3.052378956370627
13817,SALESFORCE INC,"Salesforce.com Shares Appear Unaffected Following Form 4 From Chair, CEO Marc Benioff Mon. Evening Disclosing Sale Of 5K Shares; BZ NOTE: Benioff Sold ~80K Shares Over The Course Of Sep.",5,uncertain,0.6,0.2,,189,35,1.0,2019-10-01,90215.0,-0.5052546504884958,-2.349516749382019,-1.205226492148859,3.4193259706657653,0.1214136951602995,-2.560059123659686,-2.974052528276516
13825,CORMEDIX INC,"CorMedix Reports Completed Chemistry, Manufacturing, Controls Package For Neutrolin's New Drug Application",5,increase,0.8,0.6,,162,35,2.0,2019-10-16,93371.0,6.914899498224258,3.1509049236774445,1.8242062910369228,-4.8092940986222406,6.415087729692459,8.253355248040894,10.371814179639394
13833,AMERICAS CAR MART INC,"America's Car-Mart Reports New Loan, Security Deal; Extends Term To Sep. 30, 2022, Raises Total Permitted Borrowings From $215M To $241M, Raises Accordion Feature From $50M To $100M",5,increase,0.8,0.6,,194,35,2.0,2019-10-01,11174.0,-1.875674724578857,-3.1784847378730774,-6.70149610893035,-2.6672608407520726,0.2733734436333179,0.3611625225226733,-1.1959924713628167
13841,CROCS INC,Crocs Reports ~6.86M Share Common Stock Offering,5,decrease,0.8,0.6,,150,35,0.0,2019-10-30,91090.0,15.61889797449112,-9.187638759613035,-8.980013424167211,-7.838049658396762,-2.927471697330475,-1.1127596710453491,0.045029611588232
13849,CROCS INC,Crocs shares are trading higher after the company reported better-than-expected Q3 EPS and sales results. The company also issued Q4 sales guidance above analyst estimates.,5,increase,0.9,0.7,,170,35,2.0,2019-10-30,91090.0,15.61889797449112,-9.187638759613035,-8.980013424167211,-7.838049658396762,-2.927471697330475,-1.1127596710453491,0.045029611588232
13857,CROCS INC,Crocs Sees Q4 Sales $245M-$255M vs $244.03M Est.; Sees FY19 Sales Growth 10%-12%,5,,,,,169,35,,2019-10-30,91090.0,15.61889797449112,-9.187638759613035,-8.980013424167211,-7.838049658396762,-2.927471697330475,-1.1127596710453491,0.045029611588232
13865,CROCS INC,"Crocs, Inc. Q3 Adj. EPS $0.51 Beats $0.4 Estimate, Sales $312.8M Beat $302.06M Estimate",5,increase,0.85,0.7,,172,35,2.0,2019-10-30,91090.0,15.61889797449112,-9.187638759613035,-8.980013424167211,-7.838049658396762,-2.927471697330475,-1.1127596710453491,0.045029611588232
13873,CROCS INC,Crocs shares are trading higher after Piper Jaffray maintained an Overweight rating on the company's stock and raised the price target from $32 to $34.,5,increase,0.8,0.6,,169,35,2.0,2019-10-08,91090.0,4.65838648378849,0.5440188571810722,4.26970015615542,9.033958993878866,0.642470782622695,0.7649489156724032,2.4209205426490854
13881,CROCS INC,"Piper Jaffray Maintains Overweight on Crocs, Raises Price Target to $34",5,increase,0.85,0.7,,157,35,2.0,2019-10-08,91090.0,4.65838648378849,0.5440188571810722,4.26970015615542,9.033958993878866,0.642470782622695,0.7649489156724032,2.4209205426490854
13889,CARPENTER TECHNOLOGY CORP,"Carpenter Technology Q1 EPS $0.85 Misses $0.89 Estimate, Sales $585.4M Miss $607.14M Estimate",5,decrease,0.8,0.6,,178,35,0.0,2019-10-24,20618.0,-3.317445144057274,0.2260131761431694,0.7191335005048316,7.561126620112302,-0.8664801716804504,-0.5138306819113647,-1.9422359499446264
13897,CRITEO S A,"JP Morgan Downgrades Criteo to Underweight, Lowers Price Target to $16",5,decrease,0.85,0.7,,161,35,0.0,2019-10-31,14240.0,-5.275090411305428,2.095799148082733,9.341313929514916,1.3772429031995603,-14.459006488323212,-13.323504666691266,-12.63627837265755
13905,CRITEO S A,Criteo Names Megan Clarken CEO,5,uncertain,0.6,0.3,,150,35,1.0,2019-10-30,14240.0,-14.459006488323208,-5.2750904113054276,2.098700437127121,-2.38230325408273,1.3274358585476875,2.130824112320906,4.99236621185688
13913,CRITEO S A,Criteo Sees Q4 Sales $255M-$261M vs $276.08M Est.,5,decrease,0.85,0.6,,163,35,0.0,2019-10-30,14240.0,-14.459006488323208,-5.2750904113054276,2.098700437127121,-2.38230325408273,1.3274358585476875,2.130824112320906,4.99236621185688
13921,CRITEO S A,"Criteo Q3 Adj. EPS $0.54 Beats $0.49 Estimate, Sales $221M Miss $221.87M Estimate",5,uncertain,0.6,0.3,,172,35,1.0,2019-10-30,14240.0,-14.459006488323208,-5.2750904113054276,2.098700437127121,-2.38230325408273,1.3274358585476875,2.130824112320906,4.99236621185688
13929,CRITEO S A,Criteo Files Complaint Against Facebook With French Competition Authority,5,uncertain,0.6,0.3,,153,35,1.0,2019-10-01,14240.0,1.016579009592533,-0.3707611234858632,-6.144067282629628,-3.283892920453735,0.8634638041257858,-3.610102677508653,-3.858024744930544
13937,CRITEO S A,Criteo Files Complaint With The French Competition Authority Against Facebook,5,uncertain,0.6,0.3,,154,35,1.0,2019-10-01,14240.0,1.016579009592533,-0.3707611234858632,-6.144067282629628,-3.283892920453735,0.8634638041257858,-3.610102677508653,-3.858024744930544
13945,CIRRUS LOGIC INC,"Benchmark Maintains Buy on Cirrus Logic, Raises Price Target to $70",5,increase,0.8,0.6,,159,35,2.0,2019-10-31,75603.0,16.190797090530403,6.577400118112564,1.1624497027100222,6.327255842210144,0.7926984690129757,1.2813882315909852,4.278840413699347
13953,CIRRUS LOGIC INC,"Cirrus Logic Shares Resume Trade, Up 6.9%",5,increase,0.8,0.7,,156,35,2.0,2019-10-30,75603.0,0.7926984690129757,16.190797090530396,17.21661063941662,23.01247208979511,0.4848463926464319,3.4587246870447785,4.389276301064893
13961,CIRRUS LOGIC INC,Cirrus Logic Sees Q3 Sales $325M-$365M vs $339.2M Estimate,5,,,,,165,35,,2019-10-30,75603.0,0.7926984690129757,16.190797090530396,17.21661063941662,23.01247208979511,0.4848463926464319,3.4587246870447785,4.389276301064893
13969,CIRRUS LOGIC INC,"Cirrus Logic Q2 Adj. EPS $1.55 Beats $0.94 Estimate, Sales $388.9M Beat $320.98M Estimate",5,increase,0.9,0.8,,176,35,2.0,2019-10-30,75603.0,0.7926984690129757,16.190797090530396,17.21661063941662,23.01247208979511,0.4848463926464319,3.4587246870447785,4.389276301064893
13977,CIRRUS LOGIC INC,Cirrus Logic Shares Halted News Pending,5,uncertain,0.6,0.5,,152,35,1.0,2019-10-30,75603.0,0.7926984690129757,16.190797090530396,17.21661063941662,23.01247208979511,0.4848463926464319,3.4587246870447785,4.389276301064893
13985,CIRRUS LOGIC INC,Cirrus Logic shares are trading higher after Barclay's upgraded the stock from Underweight to Equal-Weight.,5,increase,0.8,0.6,,165,35,2.0,2019-10-17,75603.0,3.4647103399038306,-0.7087131962180138,-1.5060214602530595,20.411057590957316,-1.382987294346094,-1.2133320902814604,-2.7802555971848
13993,CIRRUS LOGIC INC,Barclays Upgrades Cirrus Logic to Equal-Weight,5,increase,0.7,0.4,,156,35,2.0,2019-10-17,75603.0,3.4647103399038306,-0.7087131962180138,-1.5060214602530595,20.411057590957316,-1.382987294346094,-1.2133320902814604,-2.7802555971848
14001,CISCO SYSTEMS INC,"KeyBanc Maintains Overweight on Cisco Systems, Lowers Price Target to $54",5,decrease,0.7,0.3,,160,35,0.0,2019-10-17,76076.0,0.5129255354404448,-0.6804161239415407,-1.318305238828854,1.0206242206287408,0.9275243617594242,1.6069526212610483,0.4939852585108317
14009,CISCO SYSTEMS INC,Cisco Systems shares are trading lower after Goldman Sachs downgraded the stock from Buy to Neutral and lowered the price target from $56 to $48 per share.,5,decrease,0.85,0.7,,173,35,0.0,2019-10-10,76076.0,-1.473096944391727,0.8884070441126823,1.906819591266773,0.5633766498712278,0.9700383059680462,-1.9468291273736948,-1.4309770330965588
14017,CISCO SYSTEMS INC,"Goldman Sachs Downgrades Cisco Systems to Neutral, Lowers Price Target to $48",5,decrease,0.85,0.6,,160,25,0.0,2019-10-10,76076.0,-1.473096944391727,0.8884070441126823,1.906819591266773,0.5633766498712278,0.9700383059680462,-1.9468291273736948,-1.4309770330965588
14025,CISCO SYSTEMS INC,"PreMarket Prep Recap: Overnight Reversal, Technical Analysis For Dummies",5,uncertain,0.4,0.2,,157,35,1.0,2019-10-08,76076.0,-2.888844534754753,0.9700383059680462,-0.0646663924608659,2.5005387273148383,0.5260942503809929,1.5087102957320742,3.361854564556088
14033,CISCO SYSTEMS INC,"Cisco shares are trading lower in sympathy with the overall market after the Institute for Supply Management said the U.S. manufacturing activity shrunk to its lowest level since June 2009, adding fears of an economic slowdown.",5,decrease,0.8,0.6,,184,35,0.0,2019-10-01,76076.0,-3.3798787742853156,-2.471722289919853,-2.105122000475967,-2.1684270864822275,1.1670755222439766,1.1877902658298911,-0.3931049821300769
14041,COSTAR GROUP INC,"CoStar Group Q3 EPS $2.61 Beats $2.52 Estimate, Sales $352.808M Miss $353.23M Estimate",5,uncertain,0.6,0.3,,170,35,1.0,2019-10-22,86288.0,-2.813940122723579,-1.0303379967808723,-3.1206878697608187,-3.117191816887632,0.1853408990427851,0.4791946489575593,-0.133894575274529
14049,COSTAR GROUP INC,"B. Riley Maintains Buy on CoStar Group, Raises Price Target to $640",5,increase,0.85,0.7,,157,35,2.0,2019-10-21,86288.0,0.1853408990427852,-2.8139401227235794,-5.269776087040978,-7.745967197695891,0.2933101262897253,-0.3186448950041609,-2.0028692535362658
14057,CANADIAN SOLAR INC,Canadian Solar Wins 393.7 MWp Solar Power Projects In Brazil,5,increase,0.85,0.6,,158,35,2.0,2019-10-10,91607.0,1.165366731584072,2.633020095527172,0.1645677194488604,0.1097118559214793,-0.0554643862415105,-0.6615156313208859,-3.5331897019972303
14065,CANADIAN SOLAR INC,"Top 10 Most Oversold Stocks Via Benzinga Pro's Screener Tool For Mon., October 07, 2019",5,decrease,0.8,0.6,,169,35,0.0,2019-10-07,91607.0,-2.890797145664692,-0.6063875742256641,3.5832500655680555,2.149952144085443,0.6736728362739086,5.477138698624495,2.3561660963799413
14073,CARLISLE COMPANIES,"BMO Capital Maintains Market Perform on Carlisle Companies, Raises Price Target to $150",5,increase,0.7,0.4,,163,35,2.0,2019-10-24,27334.0,-0.4922563210129738,0.7355266250669956,-0.8852442289813856,2.8705253978173806,6.43182247877121,6.256019162091864,7.949933208026527
14081,CARLISLE COMPANIES,"Carlisle Companies Q3 EPS $2.4 Beats $2.29 Estimate, Sales $1.28B Miss $1.29B Estimate",5,uncertain,0.6,0.3,,177,35,1.0,2019-10-22,27334.0,-0.1651792787015438,6.43182247877121,7.34179578121914,10.533571348199969,1.5941817313432691,2.0007063165625283,3.122788746475491
14089,CARLISLE COMPANIES,Carlisle Companies Submits Offer to Acquire Draka Fileca; Terms Not Disclosed,5,uncertain,0.6,0.3,,164,35,1.0,2019-10-22,27334.0,-0.1651792787015438,6.43182247877121,7.34179578121914,10.533571348199969,1.5941817313432691,2.0007063165625283,3.122788746475491
14097,CARLISLE COMPANIES,Carlisle Companies To Acquire Providien; Terms Not Disclosed,5,increase,0.75,0.6,,159,35,2.0,2019-10-21,27334.0,1.594181731343269,-0.1651792787015438,7.15760034397106,8.94011668295831,0.4001455381512642,1.5046206279553331,0.4918472198435442
14105,CAESARSTONE SDOT YAM LTD,Caesarstone Shares Fall As Traders Circulate NPR Article Highlighting Lung Damage And Health Issues Arising From Artificial Stone On Countertops,5,decrease,0.85,0.7,,176,35,0.0,2019-10-02,13321.0,0.7317124400287867,-0.5447951145470142,-2.058112223856945,4.176746863579672,-1.2643045745790005,-1.2643045745790005,-1.0259510207769384
14113,CARRIAGE SERVICES INC,"Carriage Services Q3 EPS $0.28 Misses $0.3 Estimate, Sales $66.125M Beat $65.5M Estimate",5,uncertain,0.6,0.3,,175,35,1.0,2019-10-28,83856.0,3.545457497239113,16.59349650144577,12.510966686319392,6.987242672410554,1.851850003004074,2.516313719022434,2.851802783925206
14121,CARRIAGE SERVICES INC,Carriage Services Acquires Lombardo Funeral Homes In New York,5,increase,0.75,0.4,,156,35,2.0,2019-10-09,83856.0,-0.5245527252554892,2.1572330966591835,1.0546466037466118,2.8763108429880946,1.6973737627267838,1.7467185950974295,1.06023770971182
14129,CARRIAGE SERVICES INC,"Sidoti & Co. Maintains Buy on Carriage Services, Raises Price Target to $29",5,increase,0.8,0.6,,163,35,2.0,2019-10-01,83856.0,0.8806277066469193,1.4548944309353828,1.6973738366993452,4.219199341567381,-2.2477250546216965,-4.037552749271445,-5.806452398031336
14137,C S X CORP,"Wells Fargo Initiates Coverage On CSX with Market Perform Rating, Announces $73 Price Target",5,uncertain,0.6,0.3,,161,35,1.0,2019-10-29,62148.0,-0.9647578932344912,0.3106045769527554,4.306078572406613,2.7107132897986164,-1.106198877096176,-0.195376763760946,-1.0240872351002015
14145,C S X CORP,"CSX shares are trading higher, not seeing any company-specific news to justify price action. NOTE: US markets as a whole are trading higher today on renewed China trade optimism.",5,increase,0.7,0.5,,176,35,2.0,2019-10-21,62148.0,3.028981946408749,2.1766796708106995,1.088334458928264,3.872788643399505,-1.5907146036624908,-0.4782635585317996,-0.7228567833659105
14153,C S X CORP,CSX shares are trading lower following news the company agreed to purchase about 4.7 million shares of common stock from Mantle Ridge.,5,decrease,0.8,0.6,,169,35,0.0,2019-10-18,62148.0,-1.5907146036624908,3.0289819464087486,5.315278285418512,5.242461969269052,1.1304330080747604,0.8818861114592291,1.7794650412279234
14161,C S X CORP,CSX Agrees To Purchase About 4.7M Shares Of Common Stock From Mantle Ridge,5,increase,0.8,0.6,,162,35,2.0,2019-10-17,62148.0,1.13043300807476,-1.5907146036624908,2.6941886987681407,0.7022038751447468,-0.2457686467096209,0.6417771721607624,-0.0724157313045648
14169,C S X CORP,US Rail Volumes Still Falling,5,decrease,0.85,0.7,,148,35,0.0,2019-10-17,62148.0,1.13043300807476,-1.5907146036624908,2.6941886987681407,0.7022038751447468,-0.2457686467096209,0.6417771721607624,-0.0724157313045648
14177,C S X CORP,"Bank of America Maintains Buy on CSX, Lowers Price Target to $80",5,uncertain,0.6,0.3,,159,35,1.0,2019-10-17,62148.0,1.13043300807476,-1.5907146036624908,2.6941886987681407,0.7022038751447468,-0.2457686467096209,0.6417771721607624,-0.0724157313045648
14185,C S X CORP,"Credit Suisse Maintains Outperform on CSX, Raises Price Target to $82",5,increase,0.85,0.6,,158,35,2.0,2019-10-17,62148.0,1.13043300807476,-1.5907146036624908,2.6941886987681407,0.7022038751447468,-0.2457686467096209,0.6417771721607624,-0.0724157313045648
14193,C S X CORP,"Raymond James Maintains Outperform on CSX, Lowers Price Target to $80",5,decrease,0.7,0.4,,160,35,0.0,2019-10-17,62148.0,1.13043300807476,-1.5907146036624908,2.6941886987681407,0.7022038751447468,-0.2457686467096209,0.6417771721607624,-0.0724157313045648
14201,C S X CORP,"TD Securities Maintains Hold on CSX, Raises Price Target to $77",5,increase,0.7,0.4,,157,35,2.0,2019-10-17,62148.0,1.13043300807476,-1.5907146036624908,2.6941886987681407,0.7022038751447468,-0.2457686467096209,0.6417771721607624,-0.0724157313045648
14209,C S X CORP,CSX Improves Operating Ratio In The Third Quarter,5,increase,0.85,0.6,,152,35,2.0,2019-10-16,62148.0,-0.245768646709621,1.1304330080747604,4.724640692710413,2.9710188919412683,0.8897325024008751,0.1737800121892618,3.33133496499205
14217,C S X CORP,"CSX Q3 EPS $1.08 Beats $1.02 Estimate, Sales $2.98B Miss $2.99B Estimate",5,uncertain,0.6,0.3,,171,35,1.0,2019-10-16,62148.0,-0.245768646709621,1.1304330080747604,4.724640692710413,2.9710188919412683,0.8897325024008751,0.1737800121892618,3.33133496499205
14225,C S X CORP,Port Report: Resin Exports To Grow With New Charleston Warehouse,5,increase,0.75,0.4,,154,35,2.0,2019-10-09,62148.0,0.5466448608785868,1.0949273593723774,4.20600136477518,9.129360509501703,-1.3999064452946186,-1.281660478917157,-1.6428921133212704
14233,C S X CORP,CSX And Union Pacific Make Changes To Sales And Marketing Teams,5,uncertain,0.6,0.3,,154,35,1.0,2019-10-09,62148.0,0.5466448608785868,1.0949273593723774,4.20600136477518,9.129360509501703,-1.3999064452946186,-1.281660478917157,-1.6428921133212704
14241,C S X CORP,Commentary: CSX Beta Test Trip Plans Score Card Introduced,5,increase,0.75,0.6,,155,35,2.0,2019-10-08,62148.0,-1.399906445294619,0.5466448608785868,5.033778211260587,9.771463323066644,0.1199248014017939,-0.2464355349641067,0.7846752328718898
14249,C S X CORP,"Morgan Stanley Maintains Underweight on CSX, Lowers Price Target to $55",5,decrease,0.85,0.7,,159,25,0.0,2019-10-07,62148.0,0.119924801401794,-1.3999064452946186,2.6500923450066827,5.929029874155134,-0.3659215057268739,0.6639541857314635,-0.4625449298210848
14257,C S X CORP,A Peek Into The Markets: US Stock Futures Fall; All Eyes On Jobs Data,5,uncertain,0.6,0.3,,158,35,1.0,2019-10-04,62148.0,-0.3659215057268739,0.1199248014017939,3.507726047471249,2.938088923390847,1.033658068627119,-0.0969782885077541,-3.341987866315177
14265,C S X CORP,"JP Morgan Downgrades CSX to Neutral, Lowers Price Target to $76",5,decrease,0.85,0.6,,159,35,0.0,2019-10-04,62148.0,-0.3659215057268739,0.1199248014017939,3.507726047471249,2.938088923390847,1.033658068627119,-0.0969782885077541,-3.341987866315177
14273,CINTAS CORP,Cintas Raises Annual Dividend From $2.05 To $2.55/Share; Adds $1B To Buyback Plan,5,increase,0.85,0.7,,168,35,2.0,2019-10-29,23660.0,1.004444714635611,0.6338411942124367,-2.7429691006509493,-4.7904129270816,0.5363661330193281,-0.2019489742947411,1.3650108612476508
14281,CINTAS CORP,"Morgan Stanley Maintains Underweight on Cintas, Raises Price Target to $223",5,uncertain,0.6,0.3,,158,35,1.0,2019-10-10,23660.0,0.9485146030783652,0.5787867587059736,0.8493927154695102,2.3565185621418516,1.2445822358131409,0.996285444414724,0.2701141301106213
14289,COMMUNITY TRUST BANCORP INC,Community Trust Bancorp Q3 EPS $0.86 Down From $0.91 YoY,5,decrease,0.7,0.3,,165,35,0.0,2019-10-16,11844.0,0.094654323766008,0.0945648120250552,1.7966954440371108,3.947995234848966,1.270066574215889,0.8351192432908716,1.7577644638275824
14297,COMPUTER TASK GROUP INC,"Computer Task Group Q3 Adj. EPS $0.1 Beats $0.09 Estimate, Sales $97.2M Miss $98.55M Estimate",5,uncertain,0.6,0.3,,172,35,1.0,2019-10-22,26084.0,5.6224942207336435,1.330792624503374,3.041822098793112,8.365010706963115,3.319498896598816,4.147058252402913,-0.2003957607257911
14305,CATALENT INC,"Stephens & Co. Reinstates Overweight on Catalent, Announces $56 Price Target",5,increase,0.8,0.6,,159,35,2.0,2019-10-17,14763.0,1.8639897927641869,-2.2119414061307907,-0.4021731992690069,-2.1717232006027265,-0.772359874099493,0.9929655448169816,0.3907024944818538
14313,C T O REALTY GROWTH INC NEW,Alpine Income Property Trust Sees Up to 7.5M Share IPO; Says Consolidated-Tomoka Land Will Purchase $7.5M Shares of Common Stock in Separate Private Placement,5,uncertain,0.6,0.4,,191,35,1.0,2019-10-30,26650.0,0.906776450574398,0.8513336069881916,2.869304259592842,5.7546454436492755,-0.1112342230044305,-1.132433480751316,-1.7044568482752709
14321,C T O REALTY GROWTH INC NEW,Consolidated-Tomoka Announces Sale Pf Golf Operations For $3.45M,5,increase,0.75,0.4,,169,35,2.0,2019-10-18,26650.0,0.2850634744390845,0.3889918560162186,-4.8773108089231965,-5.071806753156438,4.010611027479172,4.467088184603574,5.126182751405639
14329,C T O REALTY GROWTH INC NEW,Consolidated-Tomoka Land Q3 EPS $0.31 Up From $0.05 YoY,5,increase,0.85,0.7,,174,35,2.0,2019-10-16,26650.0,0.4388755653053522,4.010611027479172,3.9950022397694296,-1.0143593316104926,0.6309112068265676,-0.421414792449859,0.6309112379951021
14337,C T S CORP,CTS Cuts FY19 Adj. EPS Guidance From $1.55-$1.50 To $1.40-$1.50 vs $1.60 Est.; Cuts Sales Guidance From $$70M-$490M To $460M-$470M vs $476.35M Est.,5,decrease,0.85,0.6,,199,35,0.0,2019-10-24,28564.0,-17.17500984668732,-0.286020478233695,-4.612080878331826,-0.5720410364103423,-0.2363309264183044,0.2077142045747271,0.5059582908943039
14345,C T S CORP,"CTS Q3 EPS $0.29 Misses $0.39 Estimate, Sales $115.65M Miss $117.7M Estimate",5,decrease,0.8,0.6,,171,35,0.0,2019-10-24,28564.0,-17.17500984668732,-0.286020478233695,-4.612080878331826,-0.5720410364103423,-0.2363309264183044,0.2077142045747271,0.5059582908943039
14353,C T S CORP,Stephens & Co. Initiates Coverage On CTS with Equal-Weight Rating,5,uncertain,0.6,0.2,,157,35,1.0,2019-10-11,28564.0,1.6273140907287602,-0.5651501007378101,5.494499538757847,-12.433283156004292,0.1597930211573839,0.8690069455136618,-0.7913896833526946
14361,COGNIZANT TECHNOLOGY SOLS CORP,Cognizant shares trading higher following better-than-expected Q3 results.,5,increase,0.85,0.7,,169,35,2.0,2019-10-31,86158.0,1.753212884068489,0.4758794326335192,3.429603253952429,3.5608829049420976,-0.926387682557106,-1.285641647373437,-0.9427715713093644
14369,COGNIZANT TECHNOLOGY SOLS CORP,Cognizant Sees FY19 Adj. EPS $3.95-$3.98 vs $3.97 Est.,5,uncertain,0.6,0.2,,179,35,1.0,2019-10-30,86158.0,-0.926387682557106,1.753212884068489,3.957253153390328,4.37468512456427,-0.3626131685450673,-0.0165370862826419,-0.0991531312408255
14377,COGNIZANT TECHNOLOGY SOLS CORP,"Cognizant Tech Solns Q3 Adj. EPS $1.08 Beats $1.05 Estimate, Sales $4.25B Beat $4.21B Estimate",5,increase,0.85,0.6,,190,35,2.0,2019-10-30,86158.0,-0.926387682557106,1.753212884068489,3.957253153390328,4.37468512456427,-0.3626131685450673,-0.0165370862826419,-0.0991531312408255
14385,COGNIZANT TECHNOLOGY SOLS CORP,"Cognizant Reports Purchase Of Contino, No Terms Disclosed",5,uncertain,0.6,0.3,,168,35,1.0,2019-10-16,86158.0,0.0896719750016927,-0.0162865646416321,-1.694088511130476,-2.4433947207837647,1.58164631575346,1.1961697925853445,2.5668894416604804
14393,COGNIZANT TECHNOLOGY SOLS CORP,"Citigroup Maintains Buy on Cognizant Tech Solns, Lowers Price Target to $69",5,uncertain,0.6,0.3,,174,35,1.0,2019-10-14,86158.0,-0.3794745774939655,1.58164631575346,0.6624672923621677,0.4802867195347948,1.3545173220336435,1.9683747926344308,2.9032240775290097
14401,CYTOSORBENTS CORP,CytoSorbents Reports Removal Of Ticagrelor Intraoperatively Results In Expected Cost Savings Of ~$5K Per Patient,5,increase,0.8,0.6,,173,35,2.0,2019-10-04,15127.0,3.665994107723236,-1.1787807568907738,-8.251474539277126,-11.19843112569574,0.4089975729584694,5.364807111405656,-2.385693018452617
14409,C V B FINANCIAL CORP,CVB Financial Q3 EPS $0.36 Misses $0.37 Estimate,5,decrease,0.7,0.3,,165,35,0.0,2019-10-23,20395.0,-0.3267959691584109,-4.35597337782383,-1.1241207279895304,-0.0936790945031962,0.8474591188132763,2.1946613505168244,2.488040544334136
14417,CENTRAL VALLEY COMM BANCORP,"Central Valley Community Q3 EPS $0.42, Inline YoY, Sales $16.205M Up From $15.907M YoY",5,uncertain,0.6,0.3,,178,35,1.0,2019-10-16,90082.0,0.9130251593887806,-3.238096833229065,-2.9523851771729226,-0.3809522787259212,1.8101708963513377,1.363851809960237,3.070821876666985
14425,CENOVUS ENERGY INC,Cenovus shares trading lower following Q3 results: operating EPS $0.23 vs $(0.03) in same quarter last year.,5,decrease,0.7,0.4,,173,35,0.0,2019-10-31,93094.0,-1.849709264934063,2.7090754359960556,8.362780287344474,6.478211926568966,-2.370203658938408,-0.5747147948523046,-1.368310453960242
14433,CENOVUS ENERGY INC,"Cenovus Energy shares are trading higher in sympathy with the overall market after multiple companies reported earnings that topped expectations, bringing the whole market higher on positive sentiment.",5,increase,0.7,0.4,,176,35,2.0,2019-10-15,93094.0,1.0650905780494209,0.7025810424238443,1.6393483887715554,3.747069087626098,-1.5151528641581535,3.4271692744604287,5.230387226534372
14441,CENOVUS ENERGY INC,AltaCorp Capital Upgrades Cenovus Energy to Outperform,5,increase,0.85,0.6,,156,35,2.0,2019-10-07,93094.0,0.4689327441155909,-5.134184285998344,-1.400232034139881,1.9836650571330328,-2.8473805636167526,-2.1789051923259306,-6.469300110833586
14449,CENOVUS ENERGY INC,"UBS Maintains Neutral on Cenovus Energy, Raises Price Target to $13",5,uncertain,0.6,0.3,,161,35,1.0,2019-10-03,93094.0,0.688067264854908,-2.8473805636167526,-6.947604509393679,-1.48063917246547,-4.3859608471393585,-7.036245648542994,-9.261180334897643
14457,CIVEO CORP NEW,Civeo Sees Q4 Adj. EBITDA $19.5M-$23.5M; Raises FY19 Adj. EBITDA Guidance To $98M-$102M,5,,,,,177,35,,2019-10-25,14619.0,5.88235929608345,8.333325386047363,-0.9259248127089116,-9.259260786900436,-1.923075132071972,-0.970872882558882,-0.970872882558882
14465,CIVEO CORP NEW,"Civeo Q3 EPS $0.02 Beats $(0.04) Estimate, Sales $148.2M Beat $145.5M Estimate",5,increase,0.85,0.6,,173,35,2.0,2019-10-25,14619.0,5.88235929608345,8.333325386047363,-0.9259248127089116,-9.259260786900436,-1.923075132071972,-0.970872882558882,-0.970872882558882
14473,CALAVO GROWERS INC,"Calavo Growers Says on October 24, Lecil Cole Advised Co of His Intention to Retire as President and CEO During Q1 2020; Says He Intends to Continue to Serve as Calavo's Chairman of Board of Directors",5,uncertain,0.6,0.3,,197,35,1.0,2019-10-28,89447.0,-1.943129487335682,0.0783695664722472,-2.854907046117583,-3.9744771813427504,0.4299883265048265,-0.0658312629661206,-0.339174166814804
14481,CALAVO GROWERS INC,"CORRECTION: Calavo Growers Raised Qtr. Dividend From $1.00 to $1.10/Share, Initial Headline Incorrectly Suggested Qtr. Dividend Was Raised From $0.10 to $1.00/Share, This Was Incorrect",5,increase,0.8,0.4,,200,35,2.0,2019-10-01,89447.0,-2.216852828860283,-0.6231888197362423,-3.0084914922685946,1.9877495742385287,0.0210137062822468,-0.1154377229121483,-0.2306092444013252
14489,CALAVO GROWERS INC,Calavo Growers Raises Qtr. Dividend From $1.00 To $1.10/Share,5,increase,0.8,0.6,,167,35,2.0,2019-10-01,89447.0,-2.216852828860283,-0.6231888197362423,-3.0084914922685946,1.9877495742385287,0.0210137062822468,-0.1154377229121483,-0.2306092444013252
14497,COMMVAULT SYSTEMS INC,"CommVault Systems Q2 Adj. EPS $0.42 Beats $0.28 Estimate, Sales $167.6M Beat $163.27M Estimate",5,increase,0.85,0.6,,176,35,2.0,2019-10-29,91463.0,4.450100287795067,2.272263914346695,1.4201678599433,0.8115189443367754,0.404252391308546,2.788060962558614,3.0799473426263324
14505,CODORUS VALLEY BANCORP INC,"Codorus Valley Bancorp Q3 EPS $0.53, Same YoY",5,uncertain,0.6,0.2,,168,35,1.0,2019-10-17,84725.0,0.0894875032827258,0.1341027207672596,1.5371026024918244,2.3407020348313656,-0.3566648345440626,0.6756739622737706,0.4494399361140822
14513,CEL SCI CORP,'Cel-Sci is publicly upbeat about its cancer drug. Privately it's trying to sell stock' -STAT News' Adam Feuerstein,5,decrease,0.8,0.6,,167,35,0.0,2019-10-24,44813.0,-8.707481622695923,2.98062302172184,2.235470705922671,0.1490274129990032,0.0,-3.921571001410484,-6.369426775064491
14521,C V S HEALTH CORP,UPS Flight Forward And CVS Pharmacy To Develop Drone Delivery Applications,5,increase,0.8,0.6,,155,35,2.0,2019-10-21,17005.0,-0.6952942814677954,1.3089812360703943,1.0382565095473415,4.350992078130678,-0.5112726707011461,1.146613619504877,2.0515221535354566
14529,C V S HEALTH CORP,CVS Health shares are trading higher despite no company-specific news. This could potentially be a rebound from the $63.48 support level.,5,increase,0.7,0.4,,171,35,2.0,2019-10-10,17005.0,2.203947678208351,1.2874143198132515,7.0164157279189565,5.140335376958571,0.6955915130674839,-1.9196683265533032,-2.3136285279186097
14537,C P I AEROSTRUCTURES INC,CPI Aerostructures Wins $2.3M Contract from Raytheon to Produce Pod Prototypes,5,increase,0.8,0.6,,174,35,2.0,2019-10-28,77900.0,-0.2506263321265577,-0.3768870607018471,-7.28643120397463,-6.030150929790013,-0.4987585358321666,0.6305194216474908,-3.865656683643692e-08
14545,C V D EQUIPMENT CORP,CVD Equipment Reports Q3 New Orders $7.9M,5,increase,0.75,0.6,,159,35,2.0,2019-10-22,86290.0,15.659195184707638,4.582212120294571,5.390836676908473,4.447438123023373,-1.3015380129218102,-3.955322756719526,0.240624076950735
14553,CURTISS WRIGHT CORP,Curtiss-Wright  Raises FY19 Adj. EPS Guidance From $7.05-$7.10 To $7.15-$7.25 vs $7.10 Est.,5,increase,0.85,0.6,,182,35,2.0,2019-10-30,18091.0,0.8077450096607208,3.212764859199524,5.921863717312914,7.409956725327493,0.7440182380378246,1.183158916772875,0.8691009621408563
14561,CURTISS WRIGHT CORP,"Curtiss-Wright Q3 Adj. EPS $1.95 Beats $1.83 Estimate, Sales $614.9M Miss $625.31M Estimate",5,uncertain,0.6,0.3,,179,35,1.0,2019-10-30,18091.0,0.8077450096607208,3.212764859199524,5.921863717312914,7.409956725327493,0.7440182380378246,1.183158916772875,0.8691009621408563
14569,CALIFORNIA WATER SERVICE GROUP,"California Water Service Q3 EPS $0.88 Beats $0.79 Estimate, Sales $232.5M Beat $229.87M Estimate",5,increase,0.85,0.6,,176,35,2.0,2019-10-31,20750.0,2.284356765449047,0.2322623739019036,-7.705024351488032,-10.4670598611458,0.9594104252755642,1.5213351782169315,0.6807777894443756
14577,CALIFORNIA WATER SERVICE GROUP,UPDATE: California Water Service Says Cal Water Should Be Authorized To Include In Rates $609M-$628M Of New Projects Through 2021,5,increase,0.8,0.6,,174,35,2.0,2019-10-09,20750.0,0.8055274374783039,0.913241133093834,3.957378105551701,4.756468649145584,-1.1001551523804665,-0.931031065687138,-0.1149451081024155
14585,CALIFORNIA WATER SERVICE GROUP,California Water Service Reports Settlement In 2018 Proposal To Invest In California Water Systems Through 2021,5,increase,0.8,0.6,,166,35,2.0,2019-10-09,20750.0,0.8055274374783039,0.913241133093834,3.957378105551701,4.756468649145584,-1.1001551523804665,-0.931031065687138,-0.1149451081024155
14593,CEMEX S A B DE C V,Cemex SAB De CV shares are trading lower after the company reported Q3 operating EBITDA down 7% from last year and worse-than-expected Q3 sales results.,5,decrease,0.85,0.7,,184,35,0.0,2019-10-24,87204.0,-6.921239942312241,2.051280066370964,-3.3333359952743447,-0.5128197464312145,1.2077340856194496,2.6960817079791477,2.6960817079791477
14601,CEMEX S A B DE C V,"Cemex Q3 Operating EBITDA $681M, Down 7% Year Over Year, Sales $3.5B Miss $3.6B Estimate",5,,,,,182,35,,2019-10-24,87204.0,-6.921239942312241,2.051280066370964,-3.3333359952743447,-0.5128197464312145,1.2077340856194496,2.6960817079791477,2.6960817079791477
14609,CYBERARK SOFTWARE LTD,CyberArk Recieves Common Criteria Certification By The NIAP,5,increase,0.8,0.6,,153,35,2.0,2019-10-30,14928.0,2.6362542062997822,-2.2799376398324966,10.986057179991748,10.21645348386555,0.1087284879758954,1.2293810254719872,0.4861572642552936
14617,CYBERARK SOFTWARE LTD,"Barclays Maintains Equal-Weight on CyberArk Software, Lowers Price Target to $119",5,decrease,0.8,0.6,,162,35,0.0,2019-10-07,14928.0,0.7586222607642412,-2.1877048537135124,-2.4244695761058255,-4.972061720881205,-0.0238518667174503,4.711227374754956,3.4297261680099833
14625,COMMUNITY HEALTH SYS INC NEW,"Community Health shares trading lower, continuing downside following a 16% decline yesterday on the heels of Q3 results. A Raymond James analyst today reiterated an Underperform rating on the stock and showed concern about the Q3 report.",5,decrease,0.85,0.7,,186,35,0.0,2019-10-31,88284.0,-7.329842448234558,-9.604517370462418,-19.77401284513579,-18.92655592073531,-16.59388691186905,-16.956521858904495,-14.541384893751864
14633,COMMUNITY HEALTH SYS INC NEW,Community Health Systems shares are trading lower after the company reported Q3 earnings results. NOTE: The company's Q3 EPS and sales results were better-than-expected.,5,decrease,0.7,0.4,,173,35,0.0,2019-10-30,88284.0,-16.59388691186905,-7.329842448234558,-23.56020612216535,-25.130891491810825,-0.4347822163254022,2.4608532182148535,7.0093386365303045
14641,COMMUNITY HEALTH SYS INC NEW,Community Health Systems shares are trading lower after the company reported Q3 earnings results.,5,decrease,0.8,0.6,,157,35,0.0,2019-10-29,88284.0,-0.4347822163254022,-16.59388691186905,-35.15283706212766,-36.681219844133786,2.9082801192998886,7.476627901351596,2.908279803817204
14649,COMMUNITY HEALTH SYS INC NEW,"Community Health Systems Q3 Adj. EPS $(0.29) Beats $(0.59) Estimate, Sales $3.246B Beat $3.14B Estimate",5,increase,0.85,0.6,,176,35,2.0,2019-10-29,88284.0,-0.4347822163254022,-16.59388691186905,-35.15283706212766,-36.681219844133786,2.9082801192998886,7.476627901351596,2.908279803817204
14657,COMMUNITY HEALTH SYS INC NEW,"Community Health Systems reports Deal To Sell 3 Virginia Hospitals, No Terms Disclosed",5,uncertain,0.6,0.3,,158,35,1.0,2019-10-28,88284.0,2.908280119299889,-0.4347822163254022,-32.391305611910056,-38.91304380861981,4.43924218416214,-3.065668607860062e-07,0.2242093860062688
14665,COMMUNITY HEALTH SYS INC NEW,Community Health Systems shares are trading higher on seemingly no company-specifics news.,5,uncertain,0.5,0.3,,156,35,1.0,2019-10-07,88284.0,1.305488031357527,-0.5154695361852646,4.896908555402635,10.309280450625756,0.2617798512801528,5.801106132925082,2.680962576999124
14673,CYTOKINETICS INC,Cytokinetics Q3 EPS $(0.5) Down From $(0.4) YoY,5,decrease,0.8,0.6,,164,35,0.0,2019-10-31,90126.0,-1.604734174907207,-3.9484981447458263,-28.969957906072796,-30.343347149526156,3.6777589470148087,3.859653919993633,4.409170997067946
14681,CYTOKINETICS INC,Cytokinetics Highlights Presentation Of Added Analyses From FORTITUDE-ALS At NEALS Meeting,5,uncertain,0.6,0.3,,163,35,1.0,2019-10-04,90126.0,1.642182655632496,-1.955786533653736,-4.9319721422488305,-6.717686585523364,2.4800684303045273,1.0480338340023154,1.6695919633648693
14689,CITIZENS CMNTY BANCORP INC MD,Citizens Community Q1 EPS $0.11 Down From $0.12 YoY,5,decrease,0.7,0.3,,174,35,0.0,2019-10-28,91609.0,0.3590660635381937,-0.7155627943575382,-0.357781391500156,2.325574846158407,2.4839049205183983,2.201841630372603,2.201841630372603
14697,DOMINION ENERGY INC,"UPDATE: Dominion, Smithfield Report Investment Will Expand Align Renewable Nat Gas Joint Venture To Pursue New Projects Across Country, Including Arizona, California",5,increase,0.8,0.6,,170,35,2.0,2019-10-23,64936.0,-0.1207419438287616,0.0,-1.100101094086425,-2.151835947280611,0.4853209480643272,0.8033057399821519,0.5341131914431196
14705,DOMINION ENERGY INC,"Dominion Energy, Smithfield Foods Report $500M Investment In Renewable Nat Gas Projects Across US Through 2028",5,increase,0.8,0.6,,165,35,2.0,2019-10-23,64936.0,-0.1207419438287616,0.0,-1.100101094086425,-2.151835947280611,0.4853209480643272,0.8033057399821519,0.5341131914431196
14713,DOMINION ENERGY INC,Dominion Energy to Sell its 25% Interest in Cove Point for $2B,5,increase,0.8,0.6,,159,35,2.0,2019-10-21,64936.0,0.3164489986374973,0.4853209480643272,-1.3224901319857874,0.7643835154734546,-0.2670473419129848,0.4400985327456919,0.9584743662756524
14721,DOMINION ENERGY INC,"Morgan Stanley Maintains Equal-Weight on Dominion Energy, Raises Price Target to $87",5,increase,0.7,0.3,,159,35,2.0,2019-10-17,64936.0,0.7090393453836441,-0.2670473419129848,0.4127263489647426,0.2063678359952359,0.5161044653505087,0.6893220160160807,-0.1220982185972774
14729,DOMINION ENERGY INC,"JP Morgan Maintains Neutral on Dominion Energy, Raises Price Target to $86",5,increase,0.7,0.4,,157,35,2.0,2019-10-14,64936.0,-0.8058652281761169,0.1723281573504209,1.4524868835954718,0.1107877559057612,0.146738498006016,0.6884745482041765,1.4618437367606152
14737,DATA I O CORP,"Data I/O Q3 EPS $(0.1) Misses $(0.03) Estimate, Sales $3.808M Miss $5.2M Estimate",5,decrease,0.85,0.7,,175,35,0.0,2019-10-31,28629.0,0.5509636364877224,-4.383563995361328,1.37259830846026,10.958905962074228,-4.221631959080696,-3.199997025458945,-9.249997211367766
14745,DELTA AIR LINES INC,Delta Becomes First US Airline To Offer Door-To-Door Parcel Delivery,5,increase,0.75,0.6,,158,35,2.0,2019-10-29,91926.0,0.3806469263508916,-0.1083448412828147,3.846148743303579,3.3224992461243996,1.0439555160701277,2.5655274958286567,2.527405261639193
14753,DELTA AIR LINES INC,Flying Freight: Delta Cargo Vice President Spotlights The Airline's Freight Operations,5,increase,0.7,0.4,,158,35,2.0,2019-10-24,91926.0,-0.0371686619473621,1.5058515593409538,2.3982169657065455,7.1946436885383935,-0.8005492389202118,-0.673324408709719,0.7105693862918594
14761,DELTA AIR LINES INC,Delta Borrowing $1.5 Billion To Pay For LATAM Airlines Stake,5,uncertain,0.6,0.3,,159,35,1.0,2019-10-23,91926.0,-0.8005492389202118,-0.0371686619473621,2.8061666893195225,7.006133317923835,0.1282515469938516,1.5233134998414275,2.398356007629543
14769,DELTA AIR LINES INC,Delta Air Has Signed Deal With Airbus To Acccelerate 3 Planned A330-900NEO Deliveries,5,increase,0.75,0.6,,166,35,2.0,2019-10-21,91926.0,1.393275056034327,0.1282515469938516,1.8370632163958511,4.993519181898787,0.8619128726422787,1.2413083986592357,0.3542178039121157
14777,DELTA AIR LINES INC,Analysis: Delta-LATAM Joint Venture Has Strong Cargo Upside,5,increase,0.8,0.6,,157,35,2.0,2019-10-21,91926.0,1.393275056034327,0.1282515469938516,1.8370632163958511,4.993519181898787,0.8619128726422787,1.2413083986592357,0.3542178039121157
14785,DELTA AIR LINES INC,Delta Tech Ops And Austrian Airlines Sign Multi-Year Exclusive Engine Maintenance Agreement,5,increase,0.8,0.4,,157,35,2.0,2019-10-17,91926.0,0.3761534113436937,0.8619128726422787,1.5408513389906453,3.976021262925156,-0.876214075833559,0.3396800818793677,0.4154813826263037
14793,DELTA AIR LINES INC,Alitalia Rescue Plan Talks Continue After Latest Deadline Expires,5,uncertain,0.6,0.3,,156,35,1.0,2019-10-17,91926.0,0.3761534113436937,0.8619128726422787,1.5408513389906453,3.976021262925156,-0.876214075833559,0.3396800818793677,0.4154813826263037
14801,DELTA AIR LINES INC,5 Honeymoon Disasters And How To Avoid Them,5,uncertain,0.2,0.1,,154,35,1.0,2019-10-17,91926.0,0.3761534113436937,0.8619128726422787,1.5408513389906453,3.976021262925156,-0.876214075833559,0.3396800818793677,0.4154813826263037
14809,DELTA AIR LINES INC,Delta Spokesperson Says Its A220 Fleet Is Flying Routinely,5,uncertain,0.6,0.2,,157,35,1.0,2019-10-15,91926.0,1.2266421690583231,-0.876214075833559,1.8829271513793655,4.016117273596165,0.0755446904804557,-0.2071502782118872,-1.7247709713645976
14817,DELTA AIR LINES INC,"Stephens & Co. Downgrades Delta Air Lines to Equal-Weight, Lowers Price Target to $57",5,decrease,0.8,0.6,,167,35,0.0,2019-10-14,91926.0,0.0755446904804557,1.226642169058323,3.0005662792236265,4.892751795018668,-0.282481568865478,-1.7989566456152462,-0.4699247458492706
14825,DELTA AIR LINES INC,"UPDATE: Raymond James Reiterates Outperform On Delta, Lowers Tgt To $64 As Firm Notes Co's Attractive Valuation, Strong Balance Sheet, Structural 'advantages that will allow it to retain its relative operational and financial leadership vs. legacy peers'",5,increase,0.75,0.4,,195,35,2.0,2019-10-11,91926.0,-0.282481568865478,0.0755446904804557,1.6619471865829238,3.8874538942646586,-1.520770974457264,-0.1879741693664782,-0.4872603095090744
14833,DELTA AIR LINES INC,"Delta's Mixed Earnings: CEO, Analysts Speak Up",5,uncertain,0.5,0.3,,154,35,1.0,2019-10-11,91926.0,-0.282481568865478,0.0755446904804557,1.6619471865829238,3.8874538942646586,-1.520770974457264,-0.1879741693664782,-0.4872603095090744
14841,DELTA AIR LINES INC,"UPDATE: Morgan Stanley On Delta Also Notes 'And with the return of the MAX, we see industry capacity negatively compounding unit revenues'",5,decrease,0.8,0.6,,170,35,0.0,2019-10-11,91926.0,-0.282481568865478,0.0755446904804557,1.6619471865829238,3.8874538942646586,-1.520770974457264,-0.1879741693664782,-0.4872603095090744
14849,DELTA AIR LINES INC,"UPDATE: Morgan Stanley Maintains Equal-Weight On Delta, Lowers Target To $57 As Firm Notes 'Despite in-line 3Q results, headwinds to TRASM and CASM are beginning to accelerate per 4Q guidance and preliminary 2020 commentary'",5,decrease,0.8,0.6,,197,35,0.0,2019-10-11,91926.0,-0.282481568865478,0.0755446904804557,1.6619471865829238,3.8874538942646586,-1.520770974457264,-0.1879741693664782,-0.4872603095090744
14857,DELTA AIR LINES INC,"Buckingham Maintains Neutral on Delta Air Lines, Lowers Price Target to $56",5,decrease,0.7,0.4,,161,35,0.0,2019-10-11,91926.0,-0.282481568865478,0.0755446904804557,1.6619471865829238,3.8874538942646586,-1.520770974457264,-0.1879741693664782,-0.4872603095090744
14865,DELTA AIR LINES INC,"Raymond James Maintains Outperform on Delta Air Lines, Lowers Price Target to $64",5,uncertain,0.6,0.3,,163,35,1.0,2019-10-11,91926.0,-0.282481568865478,0.0755446904804557,1.6619471865829238,3.8874538942646586,-1.520770974457264,-0.1879741693664782,-0.4872603095090744
14873,DELTA AIR LINES INC,Virgin Atlantic And Delta Open Hi-Tech Export Facility At Heathrow,5,increase,0.75,0.4,,155,35,2.0,2019-10-10,91926.0,-1.520770974457264,-0.282481568865478,0.5084754353572363,2.0571616249020597,1.3533785939216614,1.049470710905065,0.204417032367532
14881,DELTA AIR LINES INC,Delta Air Pilots Issue Press Release With Response To Q3 Earnings,5,uncertain,0.6,0.3,,157,35,1.0,2019-10-10,91926.0,-1.520770974457264,-0.282481568865478,0.5084754353572363,2.0571616249020597,1.3533785939216614,1.049470710905065,0.204417032367532
14889,DELTA AIR LINES INC,Delta Posts Strong Income Gains Despite Slump In Cargo Revenue,5,increase,0.75,0.6,,155,35,2.0,2019-10-10,91926.0,-1.520770974457264,-0.282481568865478,0.5084754353572363,2.0571616249020597,1.3533785939216614,1.049470710905065,0.204417032367532
14897,DELTA AIR LINES INC,From Delta Air Q3 Earnings Conference Call: Sees Retaining Market Share Which Was Gained Over Summer 2019,5,increase,0.75,0.6,,168,35,2.0,2019-10-10,91926.0,-1.520770974457264,-0.282481568865478,0.5084754353572363,2.0571616249020597,1.3533785939216614,1.049470710905065,0.204417032367532
14905,DELTA AIR LINES INC,"From Delta Air Q3 Earnings Conference Call: Sees Sales Growth Over 2020 GDP, Sees Capacity Up 3-4 Points",5,increase,0.8,0.6,,172,35,2.0,2019-10-10,91926.0,-1.520770974457264,-0.282481568865478,0.5084754353572363,2.0571616249020597,1.3533785939216614,1.049470710905065,0.204417032367532
14913,DELTA AIR LINES INC,Delta Air Lines shares are trading lower after the company reported worse-than-expected Q3 sales results. The company also issued Q4 EPS guidance below analyst estimates.,5,decrease,0.85,0.7,,175,35,0.0,2019-10-10,91926.0,-1.520770974457264,-0.282481568865478,0.5084754353572363,2.0571616249020597,1.3533785939216614,1.049470710905065,0.204417032367532
14921,DELTA AIR LINES INC,"Morgan Stanley Maintains Equal-Weight on Delta Air Lines, Lowers Price Target to $59",5,decrease,0.7,0.4,,163,35,0.0,2019-10-10,91926.0,-1.520770974457264,-0.282481568865478,0.5084754353572363,2.0571616249020597,1.3533785939216614,1.049470710905065,0.204417032367532
14929,DELTA AIR LINES INC,Delta Air Lines Reports Q3 Earnings Beat,5,increase,0.85,0.7,,152,35,2.0,2019-10-10,91926.0,-1.520770974457264,-0.282481568865478,0.5084754353572363,2.0571616249020597,1.3533785939216614,1.049470710905065,0.204417032367532
14937,DELTA AIR LINES INC,"Delta Air Sees Q4 EPS $1.20-$1.50 vs $1.51 Estimate, System Capacity Up ~4.5% Year Over Year",5,decrease,0.8,0.6,,177,35,0.0,2019-10-10,91926.0,-1.520770974457264,-0.282481568865478,0.5084754353572363,2.0571616249020597,1.3533785939216614,1.049470710905065,0.204417032367532
14945,DELTA AIR LINES INC,"Delta Air Lines Q3 Adj. EPS $2.32 Beats $2.26 Estimate, Total Operating Sales $12.56B May Not Compare To $12.6B Estimate",5,increase,0.8,0.6,,181,35,2.0,2019-10-10,91926.0,-1.520770974457264,-0.282481568865478,0.5084754353572363,2.0571616249020597,1.3533785939216614,1.049470710905065,0.204417032367532
14953,DELTA AIR LINES INC,Delta Air Lines shares are trading lower after Buckingham Research downgraded the stock from Buy to Neutral and lowered the price target from $74 to $58 per share.,5,decrease,0.85,0.7,,176,35,0.0,2019-10-03,91926.0,-2.796681970357895,1.8550056964159012,0.5110669319819516,1.0221410171465497,-4.66584786772728,-5.642361136909191,-6.743308702375939
14961,DELTA AIR LINES INC,"Credit Suisse Maintains Outperform on Delta Air Lines, Lowers Price Target to $71",5,uncertain,0.6,0.3,,162,35,1.0,2019-10-03,91926.0,-2.796681970357895,1.8550056964159012,0.5110669319819516,1.0221410171465497,-4.66584786772728,-5.642361136909191,-6.743308702375939
14969,DELTA AIR LINES INC,"Buckingham Research Downgrades Delta Air Lines to Neutral, Lowers Price Target to $58",5,decrease,0.8,0.6,,163,35,0.0,2019-10-03,91926.0,-2.796681970357895,1.8550056964159012,0.5110669319819516,1.0221410171465497,-4.66584786772728,-5.642361136909191,-6.743308702375939
14977,DELTA AIR LINES INC,"'Fast Money Halftime Report' Traders Share Their Thoughts On Royal Dutch Shell, Delta And More",5,uncertain,0.5,0.3,,163,35,1.0,2019-10-03,91926.0,-2.796681970357895,1.8550056964159012,0.5110669319819516,1.0221410171465497,-4.66584786772728,-5.642361136909191,-6.743308702375939
14985,DELTA AIR LINES INC,Delta Agrees to Raise Stake in Alitalia to 12%,5,uncertain,0.6,0.3,,157,35,1.0,2019-10-03,91926.0,-2.796681970357895,1.8550056964159012,0.5110669319819516,1.0221410171465497,-4.66584786772728,-5.642361136909191,-6.743308702375939
14993,DELTA AIR LINES INC,Delta Projects Strong 3Q Despite Cargo Slump,5,increase,0.75,0.4,,154,35,2.0,2019-10-02,91926.0,-4.66584786772728,-2.796681970357895,-0.7911688468436706,-2.1711136799220654,-1.024305820465088,-2.179136005495974,-3.011229158318862
15001,DELTA AIR LINES INC,Delta Sees Prelim. Q3 Adj. EPS $2.20-$2.30 vs $2.27 Est.,5,,,,,169,35,,2019-10-02,91926.0,-4.66584786772728,-2.796681970357895,-0.7911688468436706,-2.1711136799220654,-1.024305820465088,-2.179136005495974,-3.011229158318862
15009,DELTA AIR LINES INC,"Morgan Stanley Maintains Equal-Weight on Delta Air Lines, Lowers Price Target to $63",5,decrease,0.7,0.4,,163,35,0.0,2019-10-02,91926.0,-4.66584786772728,-2.796681970357895,-0.7911688468436706,-2.1711136799220654,-1.024305820465088,-2.179136005495974,-3.011229158318862
15017,DANA INC,Dana shares are trading lower after the company reported worse-than-expected Q3 sales results.,5,decrease,0.85,0.7,,155,35,0.0,2019-10-31,92570.0,-4.52941432595253,6.34627640247345,10.47443207516514,4.774124320207118,1.130282785743475,1.735493294974666,3.030302976168886
15025,DANA INC,"Dana Sees FY19 Adj. EPS $2.85-$3.25 vs $3.06 Est., Sales $8.55B-$8.85B vs $8.78B Est.",5,,,,,179,35,,2019-10-30,92570.0,1.130282785743475,-4.52941432595253,1.8823508035008096,0.5608519905655251,0.5984463728964329,1.8787846113817563,5.1282031828417285
15033,DANA INC,"Dana Q3 Adj. EPS $0.74 Beats $0.73 Estimate, Sales $2.16B Miss $2.18B Estimate",5,uncertain,0.6,0.3,,168,35,1.0,2019-10-30,92570.0,1.130282785743475,-4.52941432595253,1.8823508035008096,0.5608519905655251,0.5984463728964329,1.8787846113817563,5.1282031828417285
15041,DANA INC,"Dana, Valeo Report Collaboration To Supply Complete 48-Volt Electric Vehicle Systems, No Terms Disclosed",5,increase,0.8,0.6,,159,35,2.0,2019-10-03,92570.0,0.2191430889070034,-0.2915448974817991,-0.2915448747315308,11.66180297382633,-2.4928802624344826,-5.193906073471489,-3.794799665203608
15049,DEUTSCHE BANK A G,Deutsche Bank Approved Property Sale to Russian Businessman Despite Internal Objections,5,decrease,0.8,0.6,,160,35,0.0,2019-10-31,89199.0,-1.49456700310111,1.9310327246785164,7.034486140726326,-0.551723239374724,-7.769422233104706,-8.571429196182967,-7.65369742349179
15057,DEUTSCHE BANK A G,Deutsche Bank shares are trading lower ahead of its Q3 earnings announcement which is scheduled today during market hours.,5,decrease,0.8,0.6,,167,35,0.0,2019-10-30,89199.0,-7.769422233104706,-1.4945670031011105,3.940217066061069,-1.0869550599851174,-0.8695673197507858,0.1254733651407935,1.0126571816907235
15065,DEUTSCHE BANK A G,Deutsche Bank Shares Unaffected As Hearing Investors In Qatar Urging Bank's Chair To Leave,5,uncertain,0.6,0.3,,164,35,1.0,2019-10-25,89199.0,0.8860720321536064,1.0037691332399843,-7.277289144214471,-4.265993465913908,-1.1264040134847164,-0.126419190544591,-2.227720824907131
15073,DEUTSCHE BANK A G,Deutsche Bank Weighs Job Cuts Of At Least 10% In Rates Unit,5,decrease,0.75,0.4,,163,35,0.0,2019-10-21,89199.0,2.020200155675411,-2.103961445391178,-0.3712840632646763,-5.198020901297317,0.2531643025577068,1.020407167591619,1.7994840792906697
15081,DEUTSCHE BANK A G,Deutsche Bank Did Not Flag 1M+ Suspect Transfers With Danske Bank Until Feb. 2019,5,decrease,0.85,0.7,,169,35,0.0,2019-10-14,89199.0,1.20643638074398,3.0463578179478645,7.019863930344172,6.622516231043307,4.62832972407341,7.492794862616892,7.803467372863437
15089,DEUTSCHE BANK A G,US Appeals Court Says Deutsche Bank Informed It Bank Does Not Have Pres Trump's Tax Returns,5,uncertain,0.6,0.2,,163,35,1.0,2019-10-10,89199.0,2.73775290697813,4.62832972407341,10.799438462518497,10.799438363212666,0.289017055183649,-2.1156571925353806,-3.477051476542392
15097,D B V TECHNOLOGIES S A,"DBV Technologies Shares Resume Trade, Up 12%",5,increase,0.8,0.6,,158,35,2.0,2019-10-04,15002.0,2.17889416962862,-7.74410292506218,-24.24242263876845,-15.03927816228754,2.5882383808493614,2.1077318594787675,1.3953473925793158
15105,D B V TECHNOLOGIES S A,DBV Technologies To Resume Trade At 12:15 a.m. EDT,5,uncertain,0.5,0.3,,163,35,1.0,2019-10-04,15002.0,2.17889416962862,-7.74410292506218,-24.24242263876845,-15.03927816228754,2.5882383808493614,2.1077318594787675,1.3953473925793158
15113,D B V TECHNOLOGIES S A,"DBV Technologies Announces FDA Acceptance Of BLA filing For Viaskin Peanut For The Treatment Of Peanut Allergy; Target Action Date Provided By FDA Is Aug. 5, 2020",5,increase,0.85,0.7,,185,35,2.0,2019-10-04,15002.0,2.17889416962862,-7.74410292506218,-24.24242263876845,-15.03927816228754,2.5882383808493614,2.1077318594787675,1.3953473925793158
15121,D B V TECHNOLOGIES S A,"DBV Technologies Shares Halted, News Pending",5,uncertain,0.5,0.5,,157,35,1.0,2019-10-04,15002.0,2.17889416962862,-7.74410292506218,-24.24242263876845,-15.03927816228754,2.5882383808493614,2.1077318594787675,1.3953473925793158
15129,DUCOMMUN INC DE,"Ducommun Q3 EPS $0.7 Beats $0.62 Estimate, Sales $181.1M Beat $174.05M Estimate",5,increase,0.85,0.6,,171,35,2.0,2019-10-30,63132.0,0.712596345692873,16.93396270275116,9.905653306325558,12.641501846262848,1.641719788312912,2.607847239404215,5.03991149850882
15137,DUCOMMUN INC DE,"Sidoti & Co. Maintains Neutral on Ducommun, Lowers Price Target to $42",5,decrease,0.75,0.4,,161,35,0.0,2019-10-15,63132.0,-3.4759365022182456,-0.5288317333906889,0.050366351145703,6.018633669248485,-0.4837947897613048,1.7309613150844338,1.031429596804467
15145,DIME COMMUNITY BANCSHRS INC NEW,"Stephens & Co. Initiates Coverage On Dime Community Bancshares with Equal-Weight Rating, Announces $23 Price Target",5,uncertain,0.6,0.3,,175,35,1.0,2019-10-29,92716.0,0.0615020224358886,0.6453567184507847,3.47264044140021,2.642902820690196,1.7521945759654045,9.31092615368292,8.400001721560479
15153,DIME COMMUNITY BANCSHRS INC NEW,Dime Community Bancshares Q3 EPS $0.13 May Not Compare To $0.36 Estimate,5,decrease,0.85,0.7,,171,35,0.0,2019-10-24,92716.0,-0.8333333767950535,7.428568601608276,8.90756843595366,12.840335309613526,0.0333452102495357,0.2338780295165099,1.3856027627382028
15161,DUPONT DE NEMOURS INC,DuPont Narrows FY19 Adj. EPS Guidance From $3.75-$3.85 To $3.77-$3.82 vs $3.80 Estimate,5,uncertain,0.6,0.2,,180,35,1.0,2019-10-31,16851.0,0.4878904670476912,5.659225583076477,8.648151541724868,6.205425733293457,-2.5987528264522552,-2.959017860035218,-1.8848200982341967
15169,DUPONT DE NEMOURS INC,"DuPont de Nemours Q3 Adj. EPS $0.96 Beats $0.94 Estimate, Sales $5.426B Miss $5.44B Estimate",5,uncertain,0.6,0.3,,180,35,1.0,2019-10-31,16851.0,0.4878904670476912,5.659225583076477,8.648151541724868,6.205425733293457,-2.5987528264522552,-2.959017860035218,-1.8848200982341967
15177,DUPONT DE NEMOURS INC,DuPont De Nemours shares are trading higher despite no company-specific news. This could potentially be a rebound after the stock dropped about 11% over the past month.,5,increase,0.7,0.4,,179,35,2.0,2019-10-16,16851.0,1.6015909612178798,-0.5704808048903942,0.0450364624476895,-1.5313081360346814,1.1728310026228428,0.6138641687441604,3.8327497226000817
15185,DUPONT DE NEMOURS INC,"SunTrust Robinson Humphrey Maintains Hold on DuPont de Nemours, Lowers Price Target to $68",5,decrease,0.75,0.4,,168,35,0.0,2019-10-11,16851.0,3.1992465257644653,-0.5524870939552784,0.5678254473857169,2.5936075244530787,-2.5767602026462555,-2.741834387714648,-5.337328084850823
15193,DUPONT DE NEMOURS INC,DuPont Declares Q4 Dividend Of $0.30/Share,5,increase,0.7,0.3,,160,35,2.0,2019-10-10,16851.0,-2.576760202646255,3.1992465257644653,4.893892792088561,4.941404338635147,-0.1694402541033923,-2.8335825085951893,-4.900959543571492
15201,DUPONT DE NEMOURS INC,"Citigroup Maintains Buy on DuPont de Nemours, Raises Price Target to $85",5,increase,0.8,0.6,,164,35,2.0,2019-10-09,16851.0,-0.1694402541033924,-2.5767602026462555,2.7773537827203043,2.8236410670613887,-2.6686640456318855,-4.7395499950230295,-4.697599069359915
15209,DUPONT DE NEMOURS INC,"DuPont To Buy Evoqua Water's Membrane Unit, No Terms Disclosed",5,increase,0.75,0.6,,162,35,2.0,2019-10-03,16851.0,1.3087521307170389,0.0440381350927054,-7.310633070393901,-2.774514823193408,-1.044884603470564,-5.707474285452552,-4.284700633511063
15217,DUPONT DE NEMOURS INC,DuPont De Nemours shares are trading lower after UBS lowered the price target from $91 to $87.,5,decrease,0.8,0.3,,167,35,0.0,2019-10-02,16851.0,-1.044884603470564,1.308752130717039,-3.613920878048993,-0.9369384635397048,-4.711822792887688,-3.2740258217657803,-3.067049443195946
15225,DUPONT DE NEMOURS INC,"UBS Maintains Buy on DuPont de Nemours, Lowers Price Target to $87",5,decrease,0.7,0.3,,165,35,0.0,2019-10-02,16851.0,-1.044884603470564,1.308752130717039,-3.613920878048993,-0.9369384635397048,-4.711822792887688,-3.2740258217657803,-3.067049443195946
15233,DUPONT DE NEMOURS INC,DuPont De Nemours shares are trading lower in symapthy with the broader market following weak PMI results.,5,decrease,0.8,0.6,,167,35,0.0,2019-10-01,16851.0,-4.711822792887688,-1.044884603470564,-4.459159535828183,-3.517291480054374,1.5088933520019054,1.7261043267904783,0.5640867391611293
15241,3 D SYSTEMS CORP DEL,3D Systems shares are trading higher after the company reported better-than-expected Q3 EPS and sales results.,5,increase,0.85,0.7,,169,35,2.0,2019-10-31,78664.0,8.457139879465103,1.0537448339164257,1.47524078683956,-5.69019996772041,-0.1141578657552599,-2.015680818774279,1.390497054844109
15249,3 D SYSTEMS CORP DEL,"3D Systems Q3 Adj. EPS $(0.04) Beats $(0.05) Estimate, Sales $155.3M Beat $151.11M Estimate",5,increase,0.8,0.6,,182,35,2.0,2019-10-30,78664.0,-0.1141578657552599,8.457139879465103,10.285709596905136,4.8000005583847205,-1.903696171939373,1.5063745656537897,1.7421671374622472
15257,3 D SYSTEMS CORP DEL,3D Systems Wins Contract With America Makes And Department Of Defense To Help Reduce Part Corrosion,5,increase,0.8,0.6,,166,35,2.0,2019-10-28,78664.0,3.476247936487198,-1.903696171939373,8.958557495894382,4.8152219415294795,0.2322933636605739,-0.2312081405403065,1.0538659606036171
15265,3 D SYSTEMS CORP DEL,3D Systems And Antleron Announce Collaboration To Accelerate 3D Printing Biomedical Breakthroughs,5,increase,0.8,0.6,,169,35,2.0,2019-10-23,78664.0,1.288052182644606,-0.4624273162335157,1.156073971919036,11.560693980301174,2.644234150648117,3.264806462218228,2.398079275821252
15273,3 D SYSTEMS CORP DEL,"3D Systems Says on Sept 20, Co Entered Into $2.2M Agreement of Settlement to Resolve 9 Related Previously Disclosed Stockholder Derivative Actions",5,uncertain,0.6,0.3,,182,35,1.0,2019-10-18,78664.0,-0.8393248543143272,0.6045856513082981,4.353079106806734,15.961301204391964,2.4569999426603317,4.25000183863431,4.7738707035446915
15281,DEERE & CO,'USDA Encourages Affected Producers to Contact Agents for Delayed Harvest' -USDA,5,uncertain,0.6,0.3,,158,35,1.0,2019-10-24,19350.0,-1.651428267359734,0.5810237489640713,1.1794775123167067,3.3583166215831017,-0.0856373982969671,0.5573758580605936,0.6209762076751391
15289,DEERE & CO,'POTUS says he has an agreement in principal where Chinese buy up to $50B in US agriculture & financial services firms go into China w/o forced partnership. China's Ministry of Rural Affairs told us China has not agreed to such a number' -Tweet,5,uncertain,0.6,0.3,,192,35,1.0,2019-10-15,19350.0,2.196180075407028,-0.9152003563940524,1.4538892473180187,0.8514834337473687,-1.181634608656168,0.6734145292462745,1.5021330724658055
15297,DEERE & CO,"Deere To Acquire Unimil, No Terms Disclosed",5,uncertain,0.6,0.3,,151,35,1.0,2019-10-14,19350.0,-1.181634608656168,2.196180075407028,3.01900571487983,2.616476372191467,1.8772311508655548,2.715859213511207,3.624898858700498
15305,DEERE & CO,"Deere Sep. US, Canada Retail Sales For Rolling 3-Months: 4WD Tractors Inline With Industry, Combines Above Industry Average",5,increase,0.75,0.4,,171,35,2.0,2019-10-11,19350.0,1.8772311508655553,-1.181634608656168,1.7373508317793274,1.2635294246283069,0.8231751620769501,1.715464474340589,0.7505253566807424
15313,DEERE & CO,'USDA lowers #corn and #soybean production yet again' -Tweet From Hoosier Ag Today,5,increase,0.7,0.5,,161,35,2.0,2019-10-10,19350.0,0.8231751620769501,1.8772311508655548,2.5864102157703517,2.5685324111804686,0.8850041776895523,-0.0720566529266886,-0.7513922726053779
15321,DEERE & CO,"USDA Sees 2019/2020 Wheat End Stocks 1.043B Bushels, Soybean 460M Bushels, Corn 1.929B Bushels",5,uncertain,0.6,0.3,,180,35,1.0,2019-10-10,19350.0,0.8231751620769501,1.8772311508655548,2.5864102157703517,2.5685324111804686,0.8850041776895523,-0.0720566529266886,-0.7513922726053779
15329,DEERE & CO,"Morgan Stanley Maintains Overweight on Deere, Raises Price Target to $180",5,increase,0.85,0.7,,155,35,2.0,2019-10-09,19350.0,0.8850041776895523,0.8231751620769501,2.7819534431585247,5.149316631890843,-0.9486651048064232,-1.6220413168767212,0.0849356816356117
15337,DEERE & CO,Deere & Co To Layoff 163 Workers In US Indefinitely,5,decrease,0.7,0.4,,155,35,0.0,2019-10-01,19350.0,-1.885222271084785,-1.3595166616141796,-0.3202409241793935,4.314199079018599,1.455550454556942,1.8274449017190664,2.579485593450981
15345,DECKERS OUTDOOR CORP,"Wedbush Maintains Neutral on Deckers Outdoor, Raises Price Target to $154",5,uncertain,0.6,0.3,,165,35,1.0,2019-10-25,79686.0,-3.2944489270448676,-1.822640374302864,2.830056349564769,8.304611983271325,1.1212723329663277,-1.2719068302746162,-1.4589764296887076
15353,DECKERS OUTDOOR CORP,Deckers Outdoor shares are trading higher after the company reported better-than-expected Q2 EPS and sales results. The company also issued FY20 EPS guidance above analyst estimates.,5,increase,0.85,0.7,,181,35,2.0,2019-10-24,79686.0,1.121272332966328,-3.2944489270448685,-1.9997501240853863,3.8712943138527134,-2.366642653942108,-2.5516379522588784,-1.6697534645023435
15361,DECKERS OUTDOOR CORP,"Deckers Outdoor Sees FY20 EPS $8.90-$9.05 Vs. $8.89 Estimate, Sales $2.115B-$2.140B Vs. $2.14B Estimate",5,,,,,191,35,,2019-10-24,79686.0,1.121272332966328,-3.2944489270448685,-1.9997501240853863,3.8712943138527134,-2.366642653942108,-2.5516379522588784,-1.6697534645023435
15369,DECKERS OUTDOOR CORP,"Deckers Outdoor Corporation Q2 EPS $2.71 Beats $2.33 Estimate, Sales $542.2M Beat $528.96M Estimate",5,increase,0.85,0.7,,179,35,2.0,2019-10-24,79686.0,1.121272332966328,-3.2944489270448685,-1.9997501240853863,3.8712943138527134,-2.366642653942108,-2.5516379522588784,-1.6697534645023435
15377,DECKERS OUTDOOR CORP,"Stifel Nicolaus Upgrades Deckers Outdoor to Buy, Raises Price Target to $170",5,increase,0.85,0.7,,166,35,2.0,2019-10-11,79686.0,7.201006263494492,-0.4478208720684051,1.8367094562921071,-2.076840978096872,-0.2082920633256435,0.8914705608664253,-0.1250836496261675
15385,DENNYS CORP,Denny's Narrows FY19 Comps Growth Guidance From 1-3% To 1.5-2.5%,5,decrease,0.7,0.3,,168,35,0.0,2019-10-29,85726.0,0.6523825693875551,-3.842592239379883,-8.518518981632416,-10.18518843809807,-0.1860507647506892,0.7038930928866316,0.0932767768652587
15393,DENNYS CORP,"Denny's Q3 Adj. EPS $0.18 Beats $0.16 Estimate, Sales $124.3M Miss $126.63M Estimate",5,uncertain,0.6,0.3,,174,35,1.0,2019-10-29,85726.0,0.6523825693875551,-3.842592239379883,-8.518518981632416,-10.18518843809807,-0.1860507647506892,0.7038930928866316,0.0932767768652587
15401,DENNYS CORP,Denny's And Beyond Meat To Launch Beyond Burder,5,increase,0.75,0.6,,153,35,2.0,2019-10-28,85726.0,-0.1860507647506893,0.6523825693875551,-7.595522899666973,-8.713881629151244,0.8916026912629604,0.279848201334687,-0.7844950496932013
15409,DIAGEO PLC,Morgan Stanley Assumes Diageo at Overweight,5,increase,0.85,0.6,,150,35,2.0,2019-10-24,76592.0,0.4471224267035723,-0.8717178367078304,1.3106616633695722,-1.038635325950665,0.049706018762663,0.0994614716659958,-0.3712219925299687
15417,DIAGEO PLC,This Day In Market History: The Guinness IPO,5,uncertain,0.5,0.2,,149,35,1.0,2019-10-02,76592.0,-3.133412078022957,2.6788005605340004,4.094008016685469,2.9694194668955065,-0.0733918626792728,0.510541012118404,0.5971810970865743
15425,WISDOMTREE TRUST,An ETF For The End Of The European Malaise,5,increase,0.8,0.6,,152,35,2.0,2019-10-23,91343.0,0.4948821384459734,-0.2547082956880331,0.3905578912846819,0.9254575849021895,-0.7788738235831261,0.0616395183111961,0.5318194864339931
15433,DISCOVER FINANCIAL SERVICES,"Wells Fargo Maintains Market Perform on Discover Financial, Raises Price Target to $86",5,increase,0.7,0.4,,161,35,2.0,2019-10-23,92121.0,-0.7763461209833622,-0.9687019512057304,0.782420350327695,3.3035317825706567,0.8826442994177341,2.7995933684294316,2.4233220674101386
15441,DISCOVER FINANCIAL SERVICES,"Credit Suisse Maintains Outperform on Discover Financial, Raises Price Target to $99",5,increase,0.8,0.6,,160,35,2.0,2019-10-23,92121.0,-0.7763461209833622,-0.9687019512057304,0.782420350327695,3.3035317825706567,0.8826442994177341,2.7995933684294316,2.4233220674101386
15449,DISCOVER FINANCIAL SERVICES,"JP Morgan Maintains Overweight on Discover Financial, Raises Price Target to $90",5,increase,0.85,0.6,,160,29,2.0,2019-10-23,92121.0,-0.7763461209833622,-0.9687019512057304,0.782420350327695,3.3035317825706567,0.8826442994177341,2.7995933684294316,2.4233220674101386
15457,DISCOVER FINANCIAL SERVICES,Discover Financial Services shares are trading higher after the company reported better-than-expected Q3 EPS and sales results.,5,increase,0.85,0.7,,165,33,2.0,2019-10-22,92121.0,0.8826442994177341,-0.7763461209833622,0.0862595719134384,2.4029536974792265,1.900177262723446,1.5271980415379582,2.3930816243614705
15465,DISCOVER FINANCIAL SERVICES,"Discover Financial Q3 EPS $2.36 Beats $2.29 Estimate, Sales $2.9B Beat $2.89B Estimate",5,increase,0.8,0.6,,173,35,2.0,2019-10-22,92121.0,0.8826442994177341,-0.7763461209833622,0.0862595719134384,2.4029536974792265,1.900177262723446,1.5271980415379582,2.3930816243614705
15473,DISCOVER FINANCIAL SERVICES,Discover Announces a Series of Amazon Promotions for Cardholders,5,increase,0.75,0.4,,154,35,2.0,2019-10-21,92121.0,1.900177262723446,0.8826442994177341,1.230728238601908,2.759822472678719,-0.3660241141915321,0.4837129579933874,-0.0126592608637898
15481,DISCOVER FINANCIAL SERVICES,3 Ways To Pay For That New Kitchen,5,uncertain,0.4,0.2,,152,35,1.0,2019-10-16,92121.0,-0.4939827602356672,0.8528587408363819,2.494907247268663,3.2968482596207993,1.5434044413268566,2.0553210072925543,3.2026104273841893
15489,DISCOVER FINANCIAL SERVICES,"New School Year, New Decisions: 3 Questions To Ask Before Your Child Gets A Credit Card",5,uncertain,0.5,0.2,,163,35,1.0,2019-10-15,92121.0,1.543404441326857,-0.4939827602356672,2.786579699738012,2.875242963371516,0.5041357129812241,1.6339869587650435,2.114526709315201
15497,DISCOVER FINANCIAL SERVICES,"Credit Cards For Kids: Pros, Cons And More",5,uncertain,0.6,0.3,,154,35,1.0,2019-10-03,92121.0,-0.3905681893229485,1.8036821857094765,-0.0130730834171921,3.555092293587392,-2.698257938027382,-5.27808472615392,-5.766169057615988
15505,DOLLAR GENERAL CORP NEW,"UPDATE: Morgan Stanley Maintains Overweight On Dollar General, Raises Target To $170 Notes 'Transition to self-distribution of Fresh products could drive as much as ~130 bps of EBIT margin expansion through 2022, which we think is not in Street numbers'",5,increase,0.85,0.7,,199,35,2.0,2019-10-15,93096.0,0.5334660410881041,0.1048918114975094,2.3014720179909354,-0.8946825291186511,-0.6409820169210434,0.4298544778569502,0.2238113702528021
15513,DOLLAR GENERAL CORP NEW,"Morgan Stanley Maintains Overweight on Dollar General, Raises Price Target to $170",5,increase,0.8,0.6,,162,35,2.0,2019-10-15,93096.0,0.5334660410881041,0.1048918114975094,2.3014720179909354,-0.8946825291186511,-0.6409820169210434,0.4298544778569502,0.2238113702528021
15521,DONEGAL GROUP INC,"Donegal Group Q3 Adj. EPS $0.18 Beats $0.15 Estimate, Sales $189.82M Miss $196.32M Estimate",5,uncertain,0.6,0.3,,172,35,1.0,2019-10-30,88963.0,1.459346991032362,1.8150676041841507,2.0917387033615453,3.12925375026214,0.3486763685941696,1.4094486919050686,1.6961182445634382
15529,DIGITAL ALLY INC NEW,Digital Ally Shares Spike 9% Following Report Dept. Of Justice Will Allow Local Police Forces To Wear Body Cameras In Joint Operations,5,increase,0.85,0.7,,167,35,2.0,2019-10-28,92521.0,-2.419352531433105,2.4793364107608795,5.785118373633535,1.6198276553581523,-4.615380242466927,-3.8759652544401946,-6.060608918474442
15537,QUEST DIAGNOSTICS INC,"Quest Diagnostics Sees FY19 Adj. EPS $6.45-$6.50 vs $6.50 Est., Sales ~$7.72B vs $7.71B Est.",5,decrease,0.7,0.3,,181,35,0.0,2019-10-22,84373.0,-1.495892461389303,2.1538443863391876,0.208435857518241,0.0694786323426344,-0.3701586509123444,-2.339353121697585,-3.34530428117078
15545,QUEST DIAGNOSTICS INC,"Quest Diagnostics Q3 Adj. EPS $1.76 Beats $1.71 Estimate, Sales $1.96B Beat $1.94B Estimate",5,increase,0.85,0.6,,175,35,2.0,2019-10-22,84373.0,-1.495892461389303,2.1538443863391876,0.208435857518241,0.0694786323426344,-0.3701586509123444,-2.339353121697585,-3.34530428117078
15553,QUEST DIAGNOSTICS INC,"UBS Maintains Neutral on Quest Diagnostics, Lowers Price Target to $102",5,decrease,0.8,0.6,,160,35,0.0,2019-10-21,84373.0,-0.3701586509123445,-1.4958924613893032,-1.84786798146388,-1.1145868106707146,-1.9765106961131096,-2.986199305320558,-2.051325280677807
15561,DIAMOND HILL INVESTMENT GRP INC,"Diamond Hill Inv Gr Q3 EPS $3.35 Down From $4.31 YoY, Sales $34.592M Down From $37.472M YoY; Declares $9/Share Special Dividend",5,decrease,0.75,0.6,,196,35,0.0,2019-10-29,86818.0,1.708057895302773,1.9360512495040896,6.504836643756162,6.072161132658027,0.2167802071198821,-0.1786838188190365,-0.3122894972983681
15569,DANAHER CORP,Danaher shares are trading lower after the company cut its FY19 EPS guidance below analyst estimates.,5,decrease,0.85,0.7,,160,35,0.0,2019-10-24,49680.0,-1.45178372040391,-0.4177714232355356,1.0114371462320193,-1.4218721560454783,0.9994127787649632,0.1591558871755438,0.3188192275653367
15577,DANAHER CORP,Danaher Cuts FY19 Adj. EPS Guidance From $4.75-$4.80 To $4.74-$4.77 vs $4.78 Estimate,5,decrease,0.7,0.3,,175,35,0.0,2019-10-24,49680.0,-1.45178372040391,-0.4177714232355356,1.0114371462320193,-1.4218721560454783,0.9994127787649632,0.1591558871755438,0.3188192275653367
15585,DANAHER CORP,"Danaher Q3 Adj. EPS $1.16 Beats $1.15 Estimate, Sales $5.037B Beat $5.02B Estimate",5,increase,0.8,0.3,,173,35,2.0,2019-10-24,49680.0,-1.45178372040391,-0.4177714232355356,1.0114371462320193,-1.4218721560454783,0.9994127787649632,0.1591558871755438,0.3188192275653367
15593,DANAHER CORP,"Credit Suisse Reinstates Outperform on Danaher, Announces $151 Price Target",5,increase,0.85,0.7,,158,35,2.0,2019-10-14,49680.0,0.0576714461203664,-0.8717627264559269,-0.4106680710726396,-1.8659915803658775,-0.0288219132926315,1.107874818104726,2.285803099798911
15601,D H T HOLDINGS INC,Euronav Sees Rising Constraints On Supertanker Capacity,5,increase,0.8,0.7,,156,35,2.0,2019-10-29,90943.0,0.3937035333365202,4.052286967635155,-0.1307217511315905,-2.078969098529715,-1.8041281029582024,3.392130276626415,-0.910275355844703
15609,D H T HOLDINGS INC,"DHT Provides Inside Glimpse Of Crude-Tanker ""Frenzy""",5,increase,0.8,0.6,,159,35,2.0,2019-10-24,90943.0,-4.161250591278076,5.291727930307388,4.884669584358647,-3.823347992686587,3.9189182221889496,6.8055591193886045,6.954102811009322
15617,D H T HOLDINGS INC,DHT Holdings Option Alert: Nov 15 $8 Calls at the Ask: 3000 @ $0.25 vs 3322 OI; Earnings 10/31 After Close [est] Ref=$7.18,5,uncertain,0.6,0.3,,190,35,1.0,2019-10-15,90943.0,-6.258148699998856,0.4172424785792827,2.920723836281569,6.397775072417855,2.677380107343197,5.212621593230149,6.973500676462363
15625,D H T HOLDINGS INC,"How ""Twilight Zone"" Tanker Rates Translate Into Cold, Hard Cash",5,increase,0.85,0.7,,159,35,2.0,2019-10-14,90943.0,2.677380107343197,-6.258148699998856,-6.127773809281257,-0.6518929130088003,2.469133399426937,4.184096404317894,2.609884309700683
15633,SPDR DOW JONES IND AVG ETF TRUST,This Day In Market History: Black Tuesday,5,uncertain,0.6,0.2,,160,35,1.0,2019-10-29,85765.0,0.0221548529225401,0.3211854957044124,1.454573239848278,2.3701457014783545,0.448809890076518,1.0560439173870062,0.9581000067661716
15641,SPDR DOW JONES IND AVG ETF TRUST,UAE Royal Family Acquires Stake In CPI200 Crypto Price Index,5,uncertain,0.3,0.1,,165,35,1.0,2019-10-17,85765.0,0.1110849785618484,-0.9494527243077756,-0.8236239168444848,0.1015978572612041,-0.0518150569405406,0.8287917058311001,0.7159841111732623
15649,SPDR DOW JONES IND AVG ETF TRUST,"Fed's Evans Says Unemployment Not So Low That High Inflation Is Urgent Threat, Says Fed Should Cautiously Probe For True Level Of Maximum Employment",5,uncertain,0.6,0.3,,182,35,1.0,2019-10-17,85765.0,0.1110849785618484,-0.9494527243077756,-0.8236239168444848,0.1015978572612041,-0.0518150569405406,0.8287917058311001,0.7159841111732623
15657,SPDR DOW JONES IND AVG ETF TRUST,"Opening Statement on Final Rules to Tailor Enhanced Prudential Standards
and Resolution Plan Requirements for Large Domestic and Foreign Banks",5,uncertain,0.6,0.3,,175,35,1.0,2019-10-10,85765.0,0.5997863132506609,1.188632007688284,2.026336709940235,1.1860233993168825,0.707242963835597,-0.4948242545314785,-0.8394229861520941
15665,SPDR DOW JONES IND AVG ETF TRUST,US Federal Reserve Unveils Final Rules Easing Capital And Liquidity Requirements For Domestic US Banks With Less Than $700 Billion In Assets,5,increase,0.75,0.6,,179,35,2.0,2019-10-10,85765.0,0.5997863132506609,1.188632007688284,2.026336709940235,1.1860233993168825,0.707242963835597,-0.4948242545314785,-0.8394229861520941
15673,SPDR DOW JONES IND AVG ETF TRUST,"FOMC Minutes September 17-18, 2019: Full Statement",5,,,,,168,35,,2019-10-09,85765.0,0.707242963835597,0.5997863132506609,2.524387519540716,1.891677128165803,-1.1936253868043425,-1.5358040836676468,-0.1641247121983546
15681,DINE BRANDS GLOBAL INC,Dine Brands Cuts FY19 Adj. EPS Guidance From $6.80-$7.05 To $6.75-$7.00 vs $6.88 Est.,5,decrease,0.7,0.3,,178,35,0.0,2019-10-30,76732.0,-0.0547133269719779,0.109486561268568,6.9111853728031525,8.170249540958796,1.9949780777096748,-0.6927494572602333,2.2660549830915144
15689,DINE BRANDS GLOBAL INC,"Dine Brands Global Q3 Adj. EPS $1.55 Beats $1.53 Estimate, Sales $186.86M Miss $227.13M Estimate",5,decrease,0.75,0.6,,177,35,0.0,2019-10-30,76732.0,-0.0547133269719779,0.109486561268568,6.9111853728031525,8.170249540958796,1.9949780777096748,-0.6927494572602333,2.2660549830915144
15697,DINE BRANDS GLOBAL INC,"Barclays Maintains Overweight on Dine Brands Global, Lowers Price Target to $105",5,decrease,0.7,0.4,,164,35,0.0,2019-10-18,76732.0,0.4288842901587486,1.9562004134058952,1.4189371329105471,3.898611363103144,0.3331452840939164,-0.1105608372573341,2.2058788945058527
15705,DISH NETWORK CORP,DISH Network shares are trading higher. This could potentially be a rebound after the stock dropped yesterday following Comcast reporting a loss in cable subscribers.,5,increase,0.7,0.4,,169,35,2.0,2019-10-25,81696.0,1.786227710545063,0.4890736192464828,0.2876935307552397,1.6110513747524813,-2.233033999800682,-2.761951713580335,-1.3290929952189725
15713,DISH NETWORK CORP,UPDATE: Bernstein On Dish Also Notes 'A major equity or debt financing is one possible catalyst for underperformance. Would the FCC revoke a spectrum license? Would Big Tech be a benevolent strategic partner?',5,decrease,0.8,0.6,,182,35,0.0,2019-10-16,81696.0,1.07620395720005,0.3741038031876087,0.5179865062157507,-1.0935283178618471,2.199767157435417,0.9395175033876102,3.710405677980044
15721,DISH NETWORK CORP,"UPDATE: Bernstein Initiates Dish With Underperform,$29 Tgt Notes 'Bulls think DISH's spectrum portfolio is an appreciating asset; we think FCC network buildout requirements mean that DISH's debt and capital requirements that are rising faster than its EV'",5,decrease,0.8,0.6,,193,35,0.0,2019-10-16,81696.0,1.07620395720005,0.3741038031876087,0.5179865062157507,-1.0935283178618471,2.199767157435417,0.9395175033876102,3.710405677980044
15729,DISH NETWORK CORP,"Bernstein Initiates Coverage On DISH Network with Underperform Rating, Announces $29 Price Target",5,decrease,0.85,0.7,,161,25,0.0,2019-10-16,81696.0,1.07620395720005,0.3741038031876087,0.5179865062157507,-1.0935283178618471,2.199767157435417,0.9395175033876102,3.710405677980044
15737,DISH NETWORK CORP,DISH Network shares are trading higher in sympathy with the overall market after President Trump made positive remarks on the U.S.-China trade talks. Trump is scheduled to meet with Chinese Vice Premier Liu He at the White House today.,5,increase,0.7,0.4,,186,35,2.0,2019-10-11,81696.0,2.745097503066063,-1.2331238016486168,2.0845538447010536,2.0551875994350155,1.4226713217794895,3.3354102592030976,-2.042795932410968e-07
15745,DISH NETWORK CORP,"Citi Maintains Buy on DISH Network, Lowers Price Target to $40",5,decrease,0.7,0.4,,159,35,0.0,2019-10-04,81696.0,0.3183733904734254,0.1964710419997573,2.946961656434377,5.092946503646512,0.1518349163234233,-2.1365019996337775,-3.1992959232023943
15753,DISH NETWORK CORP,Sportradar Announces Partnership With DISH to Become the Company's Official Sports Data Provider,5,increase,0.75,0.4,,159,35,2.0,2019-10-04,81696.0,0.3183733904734254,0.1964710419997573,2.946961656434377,5.092946503646512,0.1518349163234233,-2.1365019996337775,-3.1992959232023943
15761,DELEK U S HOLDINGS INC NEW,Delek Logistics Partners Raises Quarterly Dividend From $0.79 To $0.88/Share,5,increase,0.8,0.6,,169,35,2.0,2019-10-25,91215.0,2.5177001953125,1.560502965003252,2.8651801443152713,-0.5628069610949527,0.8196758106350899,-0.4698519806040968,0.4743090843025488
15769,DELEK U S HOLDINGS INC NEW,Delek US shares are trading higher. Not seeing any news to justify the price action.,5,uncertain,0.5,0.3,,167,35,1.0,2019-10-15,91215.0,6.903465837240219,-2.9206864535808563,2.652737611047895,8.520901292640204,-2.4587903171777725,-1.9106499203792704,-0.6262488268542032
15777,DICKS SPORTING GOODS INC,"Goldman Sachs Upgrades Dick's Sporting Goods to Buy, Raises Price Target to $45",5,increase,0.85,0.7,,162,35,2.0,2019-10-25,89540.0,1.102210581302643,-2.8741324320435524,-4.236865946588075,1.90783043459839,-0.4240508656948805,-1.2614448377266552,-0.7212159501910786
15785,DICKS SPORTING GOODS INC,"Bank of America Reiterates Neutral on Dick's Sporting Goods, Raises Price Target to $43",5,uncertain,0.6,0.3,,163,35,1.0,2019-10-18,89540.0,1.608376577496529,1.0301504284143448,1.4070386688947334,-2.8894416199110817,1.005671452730894,0.6164856178836997,2.566115580404005
15793,DELTA APPAREL INC,Delta Apparel Shares Positive Q4 Preliminary Results,5,increase,0.8,0.6,,152,35,2.0,2019-10-03,88287.0,0.7659587543457748,-1.0979739017784595,0.3800683096572887,5.0675627434350945,-0.0425360660301521,-1.0526315480381745,1.908068398574936
15801,DELTA APPAREL INC,Delta Apparel Sees Prelim. Q4 Sales $104M-$106M vs $105.7M Estimate; FY19 Sales $428M-$430M vs $429.5M Est.,5,,,,,184,35,,2019-10-03,88287.0,0.7659587543457748,-1.0979739017784595,0.3800683096572887,5.0675627434350945,-0.0425360660301521,-1.0526315480381745,1.908068398574936
15809,D L H HOLDINGS CORP,DLH Sees Prelim. FY19 Sales ~$159M,5,increase,0.75,0.6,,159,35,2.0,2019-10-15,10257.0,3.286381810903549,-0.7568164262920618,-0.2272778311798839,-5.681818132213479,0.0,0.0,-0.6992944981902838
15817,WISDOMTREE TRUST,A Dynamo Among Dividend ETFs,5,increase,0.8,0.6,,147,35,2.0,2019-10-24,91326.0,-0.089481653412804,0.4111961461603641,0.8424470785423299,2.8006252212195326,0.0996030168607831,0.0895795938081089,0.8162572405958413
15825,DIGITAL REALTY TRUST INC,"Wells Fargo Maintains Outperform on Digital Realty Trust, Raises Price Target to $140",5,increase,0.8,0.6,,160,35,2.0,2019-10-30,90373.0,-0.9035858325660228,-1.8313907086849213,-5.1850758398141465,-10.26196302306942,-1.2775948271155355,-1.6789721984561412,-2.7986673649308957
15833,DIGITAL REALTY TRUST INC,William Blair Upgrades Digital Realty Trust to Outperform,5,increase,0.8,0.6,,152,35,2.0,2019-10-30,90373.0,-0.9035858325660228,-1.8313907086849213,-5.1850758398141465,-10.26196302306942,-1.2775948271155355,-1.6789721984561412,-2.7986673649308957
15841,DIGITAL REALTY TRUST INC,Digital Realty Trust shares are trading lower after the company reported worse-than-expected Q3 EPS and sales results.,5,decrease,0.85,0.7,,163,35,0.0,2019-10-29,90373.0,-1.2775948271155362,-0.9035858325660228,-5.559380395501523,-11.095794939403635,-0.4065717104822397,-1.5407571717399149,-2.5489955647697182
15849,DIGITAL REALTY TRUST INC,"Digital Realty Trust Q3 EPS $0.24 Misses $0.29 Estimate, Sales $806.466M Miss $814.71M Estimate",5,decrease,0.8,0.4,,173,35,0.0,2019-10-29,90373.0,-1.2775948271155362,-0.9035858325660228,-5.559380395501523,-11.095794939403635,-0.4065717104822397,-1.5407571717399149,-2.5489955647697182
15857,DIGITAL REALTY TRUST INC,"Digital Realty, Interxion Announce Merger Agreement",5,increase,0.85,0.7,,153,35,2.0,2019-10-29,90373.0,-1.2775948271155362,-0.9035858325660228,-5.559380395501523,-11.095794939403635,-0.4065717104822397,-1.5407571717399149,-2.5489955647697182
15865,DIGITAL REALTY TRUST INC,"KeyBanc Maintains Overweight on Digital Realty Trust, Raises Price Target to $135",5,increase,0.8,0.6,,160,35,2.0,2019-10-08,90373.0,0.5769573617726564,1.2868245132267475,0.6123978857355272,4.503873975121042,-1.5429566614329815,-1.072116778029775,0.4699912841588771
15873,DIGITAL REALTY TRUST INC,Digital Realty Prices Preferred 12M Share Preferred Stock Offering At $25/Share,5,uncertain,0.6,0.3,,158,35,1.0,2019-10-01,90373.0,-0.5777675192803143,-1.084762066602707,-0.0464880880685192,0.5656251055985662,0.7450457196682692,0.995875513696376,1.6761960128693243
15881,DOLLAR TREE INC,"Wells Fargo Maintains Outperform on Dollar Tree, Raises Price Target to $140",5,increase,0.8,0.6,,159,35,2.0,2019-10-22,81481.0,1.499699987471104,-1.5282043255865574,-4.947653269249496,-4.356639346871982,-0.2479064045473933,-0.5793646508349126,-0.1796399126496539
15889,DOLLAR TREE INC,"Credit Suisse Maintains Outperform on Dollar Tree, Raises Price Target to $125",5,increase,0.8,0.6,,158,35,2.0,2019-10-14,81481.0,-0.1475872821174562,1.2954317033290863,1.4519265099177892,-1.391061202513233,1.1236930266022682,1.9470790598034693,2.4093163326300626
15897,DOLLAR TREE INC,UBS On Dollar Tree: DT Plus Supports Stock's Bull Case,5,increase,0.8,0.6,,155,35,2.0,2019-10-11,81481.0,1.123693026602268,-0.1475872821174562,1.553955127758888,-0.5556033492283619,0.8142365142703056,1.2713373765825595,1.5602710171215728
15905,DOLLAR TREE INC,"Dollar Tree & Family Dollar To Hire More Than 25,000 Associates In Nationwide Hiring Event On October 16",5,increase,0.75,0.4,,164,35,2.0,2019-10-09,81481.0,0.4534090403467417,0.8142365142703056,3.460486549210273,3.221523496206169,0.2853064332157373,-2.8040572536639607,-0.3896518226728096
15913,DOLLAR TREE INC,"Dollar Tree shares are trading higher after a company executive and director Bob Sasser sold 70,000 shares at an average price of $115.92. When an insider sells shares, the market may perceive it as a sign of weak confidence in the company's outlook.",5,decrease,0.7,0.4,,194,35,0.0,2019-10-07,81481.0,-3.0805746093392368,0.2853064332157373,2.5499223526653347,4.038871861203797,2.4840598925948143,2.348101940586522,2.1854291886964416
15921,DELUXE CORP,"Deluxe Q3 EPS $1.71 Beats $1.59 Estimate, Sales $493.6M Miss $496.2M Estimate",5,uncertain,0.6,0.3,,171,35,1.0,2019-10-24,61743.0,0.4872141405940056,4.02020551264286,4.707074547548973,5.979796026720585,0.8393037132918835,1.7348207422642314,1.8189277677937987
15929,DELUXE CORP,"Deluxe Reports Alight Solutions Has Selected Co. eChecks Payment Solution For Payroll Payment Disbursement, No Terms Disclosed",5,increase,0.75,0.4,,167,35,2.0,2019-10-15,61743.0,3.4028522670269012,0.4670938942581415,3.715499045841142,13.439494980548885,0.0219550318433903,0.9977843871392444,0.8189440263701497
15937,DELUXE CORP,"Deluxe Reports New Deal With Ingram Micro To Bring Products, Marketing Solutions, No Terms Disclosed",5,increase,0.75,0.6,,162,35,2.0,2019-10-03,61743.0,-1.212124153971672,-0.4162984900176525,-1.1831747087334366,5.214726105999046,-4.407202452421188,-6.02115341330931,-5.482815418358744
15945,PHYSICIANS REALTY TRUST,Bank of America Initiates Coverage On Physicians Realty Trust with Neutral Rating,5,uncertain,0.6,0.2,,159,35,1.0,2019-10-14,14036.0,-0.3988586831837893,0.2288382034748792,3.604125185919682,3.4324965322797274,-0.2840974135324359,-0.2274071446766612,-0.2274071446766612
15953,DOVER CORP,"Morgan Stanley Maintains Equal-Weight on Dover, Raises Price Target to $109",5,increase,0.7,0.3,,156,35,2.0,2019-10-18,25953.0,0.8285697549581528,1.2424150481820109,1.3989437578813213,4.314220231189303,5.802543833851814,5.626165487132395,5.703256501010023
15961,DOVER CORP,"Citigroup Maintains Buy on Dover, Raises Price Target to $115",5,increase,0.8,0.6,,154,35,2.0,2019-10-18,25953.0,0.8285697549581528,1.2424150481820109,1.3989437578813213,4.314220231189303,5.802543833851814,5.626165487132395,5.703256501010023
15969,DOVER CORP,"Baird Maintains Neutral on Dover, Raises Price Target to $110",5,uncertain,0.6,0.3,,154,35,1.0,2019-10-18,25953.0,0.8285697549581528,1.2424150481820109,1.3989437578813213,4.314220231189303,5.802543833851814,5.626165487132395,5.703256501010023
15977,DOVER CORP,"Barclays Maintains Overweight on Dover, Raises Price Target to $116",5,increase,0.8,0.6,,156,35,2.0,2019-10-18,25953.0,0.8285697549581528,1.2424150481820109,1.3989437578813213,4.314220231189303,5.802543833851814,5.626165487132395,5.703256501010023
15985,DOVER CORP,Dover shares are trading higher after the company reported better-than-expected Q3 EPS and sales results.,5,increase,0.85,0.7,,160,35,2.0,2019-10-17,25953.0,5.802543833851814,0.8285697549581528,1.7064543897547857,2.4758356493769673,-0.1667052041739225,-0.0938421036432934,-1.5817593087378068
15993,DOVER CORP,"Dover Q3 Adj. EPS $1.6 Beats $1.51 Estimate, Sales $1.825B Beat $1.8B Estimate",5,increase,0.85,0.6,,171,35,2.0,2019-10-17,25953.0,5.802543833851814,0.8285697549581528,1.7064543897547857,2.4758356493769673,-0.1667052041739225,-0.0938421036432934,-1.5817593087378068
16001,DOVER CORP,Dover Fueling Solutions Announces Collaboration With ChargePoint For Electric Vehicle Charging,5,increase,0.8,0.6,,154,35,2.0,2019-10-10,25953.0,1.6491765156388278,2.5705883279442787,6.805730225667261,8.628321297612796,1.511033158749342,-1.331363211941794,-1.7052660452850257
16009,DOVER CORP,"JP Morgan Maintains Neutral on Dover, Raises Price Target to $93",5,increase,0.7,0.3,,154,35,2.0,2019-10-10,25953.0,1.6491765156388278,2.5705883279442787,6.805730225667261,8.628321297612796,1.511033158749342,-1.331363211941794,-1.7052660452850257
16017,DOW INC,"Credit Suisse Maintains Outperform on Dow, Lowers Price Target to $54",5,decrease,0.7,0.4,,154,35,0.0,2019-10-25,18428.0,2.041637897491455,1.446116343140602,3.625201857899252,10.915218322122875,4.742752015590668,5.659977841835673,4.987271680654826
16025,DOW INC,"Barclays Maintains Equal-Weight on Dow, Lowers Price Target to $54",5,decrease,0.8,0.6,,156,35,0.0,2019-10-25,18428.0,2.041637897491455,1.446116343140602,3.625201857899252,10.915218322122875,4.742752015590668,5.659977841835673,4.987271680654826
16033,DOW INC,Now Expect To Deliver About $700M Of Savings This Year With $100M To Be Realized In H1 2020,5,increase,0.85,0.7,,164,35,2.0,2019-10-24,18428.0,4.742752015590668,2.041637897491455,2.061856460753919,12.795629366596772,0.8756938390433788,0.2334478141530649,-1.5221008795315294
16041,DOW INC,From Dow Q3 Earnings Conference Call: Sees Q4 Sales $9.8B-$10.2B vs $10.95B Estimate,5,,,,,168,35,,2019-10-24,18428.0,4.742752015590668,2.041637897491455,2.061856460753919,12.795629366596772,0.8756938390433788,0.2334478141530649,-1.5221008795315294
16049,DOW INC,Dow shares are trading higher after the company reported better-than-expected Q3 operating EPS results.,5,increase,0.85,0.7,,156,24,2.0,2019-10-24,18428.0,4.742752015590668,2.041637897491455,2.061856460753919,12.795629366596772,0.8756938390433788,0.2334478141530649,-1.5221008795315294
16057,DOW INC,"Dow Q3 Operating EPS $0.91 Beats $0.74 Estimate, Sales $10.764B Miss $10.77B Estimate",5,uncertain,0.6,0.3,,167,35,1.0,2019-10-24,18428.0,4.742752015590668,2.041637897491455,2.061856460753919,12.795629366596772,0.8756938390433788,0.2334478141530649,-1.5221008795315294
16065,DOW INC,"SunTrust Robinson Humphrey Maintains Hold on Dow, Lowers Price Target to $46",5,decrease,0.8,0.6,,156,35,0.0,2019-10-11,18428.0,4.919864237308502,-0.6577580235898495,1.7610821328322812,7.107995825766733,2.06771157681942,2.4401361793781717,-0.5534647340388554
16073,DOW INC,"Citigroup Maintains Neutral on Dow, Lowers Price Target to $48",5,decrease,0.8,0.6,,153,35,0.0,2019-10-09,18428.0,0.3648799378424883,2.06771157681942,7.066577492889459,7.316522012027082,-2.922292985022068,-3.286285104381559,-3.222253027574551
16081,DOW INC,"UBS Maintains Buy on Dow, Lowers Price Target to $56",5,decrease,0.7,0.3,,153,35,0.0,2019-10-02,18428.0,-2.262347005307674,0.8457624353468418,-2.047634036750712,4.87424581016096,-3.5257089883089066,-2.336941880788501,-2.6677925053799956
16089,AMDOCS LTD,Amdocs Earlier Reported It Will Provided VodafoneZiggo  With Amdocs Network Function Virtualization,5,increase,0.8,0.6,,162,35,2.0,2019-10-14,86144.0,-0.969696044921875,1.300487294793129,0.7037930255461733,-0.4436978164533922,0.9174288250505924,0.4872102502400111,1.102943054947514
16097,DOMINOS PIZZA INC,"Domino's Pizza Reports Certain Of Its Subsidiaries Intend To Complete Recapitalization Transaction, Including Issuance Of New Series Of Securitized Debt Under Existing Facility",5,uncertain,0.6,0.3,,181,35,1.0,2019-10-30,90248.0,2.933354116976261,0.2657811855897307,2.55445314495637,3.13768925870912,-2.330586686730385,-3.1536365221321416,-0.1593373833391975
16105,DOMINOS PIZZA INC,CL King Initiates Coverage On Domino's Pizza with Neutral Rating,5,uncertain,0.6,0.2,,158,35,1.0,2019-10-23,90248.0,-1.135399099439383,2.968752384185791,5.820310118647143,8.52344035847552,0.5514187272638083,1.2671120450855833,0.9709456445121224
16113,DOMINOS PIZZA INC,"Citigroup Maintains Neutral on Domino's Pizza, Lowers Price Target to $285",5,decrease,0.7,0.4,,163,35,0.0,2019-10-16,90248.0,0.0899429025594145,0.1914383028633892,0.0156248085636967,5.836844339524672,1.399682369083166,-0.7991050117373555,0.3768070996863271
16121,DOMINOS PIZZA INC,Domino's 13G Filing From Capital World Shows New 10.8% Stake,5,increase,0.85,0.7,,164,35,2.0,2019-10-10,90248.0,2.651195414364338,1.1853845790028572,0.6594214034404855,3.465871829765943,-2.086947113275528,2.4689301788198836,2.5027867914508173
16129,DOMINOS PIZZA INC,Bank Of America On Domino's Also Notes 'We also expect a substantial near-term addition of debt (we model $600mn) in a refinancing move that could be as much as $0.20 accretive to 2020 estimates and would be supportive of near-term technicals',5,increase,0.8,0.6,,203,35,2.0,2019-10-09,90248.0,-2.086947113275528,2.651195414364338,3.130667767707984,3.146781737117177,4.652982577681541,4.687560819941128,4.162724371579207
16137,DOMINOS PIZZA INC,"Bank Of America Maintains Buy, $295 Target On Domino's As Firm Notes 'While DPZ's modest G&A belt-tightening could limit a big medium- term sales ramp, it also demonstrates the flex in the earnings model after years of heavy growth opex spending'",5,increase,0.75,0.4,,200,35,2.0,2019-10-09,90248.0,-2.086947113275528,2.651195414364338,3.130667767707984,3.146781737117177,4.652982577681541,4.687560819941128,4.162724371579207
16145,DOMINOS PIZZA INC,"Morgan Stanley Maintains Overweight, $287 Target On Domino's Notes Co's 'Still seeing increased aggregator pressures on top line, but DPZ proved adept & flexible in managing costs and product pipeline, and sees growth in its insulated carryout business'",5,increase,0.75,0.6,,195,35,2.0,2019-10-09,90248.0,-2.086947113275528,2.651195414364338,3.130667767707984,3.146781737117177,4.652982577681541,4.687560819941128,4.162724371579207
16153,DOMINOS PIZZA INC,"Despite Lackluster Quarter, Sell-Side Says Domino's Will Eventually Beat Back New Third-Party Delivery Competition",5,uncertain,0.6,0.3,,168,35,1.0,2019-10-09,90248.0,-2.086947113275528,2.651195414364338,3.130667767707984,3.146781737117177,4.652982577681541,4.687560819941128,4.162724371579207
16161,DOMINOS PIZZA INC,"UPDATE: JP Morgan Maintains Overweight On Domino's, Raises Target To $275 As Firm Notes '3Q Better Than Feared, Guide More Realistic & Stock Still Well-Priced vs Peers'",5,increase,0.8,0.6,,188,35,2.0,2019-10-09,90248.0,-2.086947113275528,2.651195414364338,3.130667767707984,3.146781737117177,4.652982577681541,4.687560819941128,4.162724371579207
16169,DOMINOS PIZZA INC,"UPDATE: Wells Fargo On Domino's Notes 'With the company lowering its domestic and international SSS outlook for the next 2-3 years..., a bit of the bear overhang was removed from the stock, in our view'",5,uncertain,0.6,0.3,,191,35,1.0,2019-10-09,90248.0,-2.086947113275528,2.651195414364338,3.130667767707984,3.146781737117177,4.652982577681541,4.687560819941128,4.162724371579207
16177,DOMINOS PIZZA INC,"UPDATE: Wells Fargo Maintains Market Perform On Domino's, Raises Target To $271 'With Outlook Revision Removed, Eyes Shift To The Price Of Convenience'",5,increase,0.7,0.4,,176,35,2.0,2019-10-09,90248.0,-2.086947113275528,2.651195414364338,3.130667767707984,3.146781737117177,4.652982577681541,4.687560819941128,4.162724371579207
16185,DOMINOS PIZZA INC,"Wells Fargo Maintains Market Perform on Domino's Pizza, Raises Price Target to $271",5,increase,0.7,0.4,,164,35,2.0,2019-10-09,90248.0,-2.086947113275528,2.651195414364338,3.130667767707984,3.146781737117177,4.652982577681541,4.687560819941128,4.162724371579207
16193,DOMINOS PIZZA INC,"JP Morgan Maintains Overweight on Domino's Pizza, Raises Price Target to $275",5,increase,0.85,0.7,,163,35,2.0,2019-10-09,90248.0,-2.086947113275528,2.651195414364338,3.130667767707984,3.146781737117177,4.652982577681541,4.687560819941128,4.162724371579207
16201,DOMINOS PIZZA INC,Argus Research Downgrades Domino's Pizza to Hold,5,decrease,0.8,0.6,,157,35,0.0,2019-10-09,90248.0,-2.086947113275528,2.651195414364338,3.130667767707984,3.146781737117177,4.652982577681541,4.687560819941128,4.162724371579207
16209,DOMINOS PIZZA INC,Domino's Pizza shares are trading higher despite reporting weak Q3 earnings results.,5,increase,0.7,0.4,,161,35,2.0,2019-10-08,90248.0,4.6529825776815406,-2.086947113275528,0.8876439984919715,2.154018762285914,0.0330408569425344,-0.4684608063973972,0.190281987345986
16217,DOMINOS PIZZA INC,Domino's Pizza Expects To Be Near The Low End Of Prior Guidance Of 2%-4% Rise For Store Food Basket Pricing In US System In FY2019,5,decrease,0.7,0.4,,180,35,0.0,2019-10-08,90248.0,4.6529825776815406,-2.086947113275528,0.8876439984919715,2.154018762285914,0.0330408569425344,-0.4684608063973972,0.190281987345986
16225,DOMINOS PIZZA INC,Domino's Pizza Inc Exec Says Continues To Feel Some Pressure From Entry Of Many Non-pizza QSR Players Who Are Enabled By Third-party Aggregators; Carryout Business In The US Is Now Approaching 45% Of Our Total Orders,5,decrease,0.7,0.4,,195,35,0.0,2019-10-08,90248.0,4.6529825776815406,-2.086947113275528,0.8876439984919715,2.154018762285914,0.0330408569425344,-0.4684608063973972,0.190281987345986
16233,DOMINOS PIZZA INC,Domino's Pizza Sees FY19 G&A Expense Of $380M-$385M Compared To Prior Guidance Of $390M-$395M,5,increase,0.8,0.4,,175,35,2.0,2019-10-08,90248.0,4.6529825776815406,-2.086947113275528,0.8876439984919715,2.154018762285914,0.0330408569425344,-0.4684608063973972,0.190281987345986
16241,DOMINOS PIZZA INC,"Stephens Maintains Overweight, $300 Target On Domino's As Firm Continues To Believe In Co's Long-Term Competitive Advantage, 'though we believe it will take a stabilizing 2-year trend for the market to re-rate DPZ to its prior valuation range'",5,uncertain,0.6,0.3,,200,35,1.0,2019-10-08,90248.0,4.6529825776815406,-2.086947113275528,0.8876439984919715,2.154018762285914,0.0330408569425344,-0.4684608063973972,0.190281987345986
16249,DOMINOS PIZZA INC,Domino's Pizza Says Continues To Experience Pressure On Delivery Business Comp From Fortressing Strategy And Aggressive Competitive Activity,5,decrease,0.8,0.6,,169,35,0.0,2019-10-08,90248.0,4.6529825776815406,-2.086947113275528,0.8876439984919715,2.154018762285914,0.0330408569425344,-0.4684608063973972,0.190281987345986
16257,DOMINOS PIZZA INC,Domino's Pizza Trades Lower On Q3 Earnings Miss,5,decrease,0.85,0.7,,157,35,0.0,2019-10-08,90248.0,4.6529825776815406,-2.086947113275528,0.8876439984919715,2.154018762285914,0.0330408569425344,-0.4684608063973972,0.190281987345986
16265,DOMINOS PIZZA INC,Domino's Pizza Q3 Same Store Sales Up 2.4% YoY,5,increase,0.75,0.4,,163,35,2.0,2019-10-08,90248.0,4.6529825776815406,-2.086947113275528,0.8876439984919715,2.154018762285914,0.0330408569425344,-0.4684608063973972,0.190281987345986
16273,DOMINOS PIZZA INC,"Domino's Pizza Q3 EPS $2.05 Misses $2.07 Estimate, Sales $820.81M Miss $824.62M Estimate",5,decrease,0.7,0.3,,178,35,0.0,2019-10-08,90248.0,4.6529825776815406,-2.086947113275528,0.8876439984919715,2.154018762285914,0.0330408569425344,-0.4684608063973972,0.190281987345986
16281,DOMINOS PIZZA INC,Domino's Pizza Q3 Earnings Outlook,5,uncertain,0.5,0.3,,154,35,1.0,2019-10-07,90248.0,0.0330408569425344,4.652982577681541,4.124516004368872,6.320953807397145,-0.5013360176235437,0.1571891937468095,-1.4810592817681931
16289,DOMINOS PIZZA INC,US Supreme Court Declines To Hear Domino's Pizza Bid To Fend Off Claim That Its Website Is Covered By Federal Disability Law,5,decrease,0.7,0.4,,171,35,0.0,2019-10-07,90248.0,0.0330408569425344,4.652982577681541,4.124516004368872,6.320953807397145,-0.5013360176235437,0.1571891937468095,-1.4810592817681931
16297,DOMINOS PIZZA INC,"Wedbush Likes Domino's Pizza, Says Pressure From Third-Party Delivery Is 'Unsustainable'",5,increase,0.8,0.6,,165,35,2.0,2019-10-04,90248.0,-0.5013360176235437,0.0330408569425344,6.467601611077645,5.604424143318876,0.6618432700634003,-0.9846597179618222,-0.5069668879092992
16305,DOMINOS PIZZA INC,UPDATE: Wedbush On Domino's Also Notes 'The health of DPZ's domestic system can withstand a near-term challenge as management executes an offensive strategy',5,increase,0.7,0.4,,177,35,2.0,2019-10-04,90248.0,-0.5013360176235437,0.0330408569425344,6.467601611077645,5.604424143318876,0.6618432700634003,-0.9846597179618222,-0.5069668879092992
16313,DOMINOS PIZZA INC,"UPDATE: Wedbush Initiates Domino's With Outperform, Announces $280 Target As Firm Views Current Economics Of Third Party Delivery 'as unsustainable beyond the near-term from the point of view of both restaurants and third party marketplaces'",5,increase,0.85,0.7,,192,35,2.0,2019-10-04,90248.0,-0.5013360176235437,0.0330408569425344,6.467601611077645,5.604424143318876,0.6618432700634003,-0.9846597179618222,-0.5069668879092992
16321,DOMINOS PIZZA INC,"Wedbush Initiates Coverage On Domino's Pizza with Outperform Rating, Announces $280 Price Target",5,increase,0.8,0.6,,166,35,2.0,2019-10-04,90248.0,-0.5013360176235437,0.0330408569425344,6.467601611077645,5.604424143318876,0.6618432700634003,-0.9846597179618222,-0.5069668879092992
16329,DOMINOS PIZZA INC,"Wells Fargo Maintains Market Perform on Domino's Pizza, Lowers Price Target to $261",5,decrease,0.75,0.4,,165,35,0.0,2019-10-02,90248.0,-1.6356773674488072,0.6618432700634003,2.663910095576294,5.8779760380072155,0.4824432544410229,2.208266478970899,2.635094591050824
16337,DARDEN RESTAURANTS INC,"Barclays Maintains Overweight on Darden Restaurants, Lowers Price Target to $126",5,decrease,0.7,0.4,,167,35,0.0,2019-10-18,81655.0,1.2002909556031232,-0.2625561784952879,1.7383484367965885,1.5572668462394912,-0.7818187586963177,-1.0427069945416756,-1.186054890449073
16345,DRIL QUIP INC,"Dril-Quip Q3 EPS $(0.04) Down From $0.05 YoY, Sales $108M Up From $93.257M YoY",5,uncertain,0.6,0.3,,177,35,1.0,2019-10-24,85424.0,0.1035395194776356,-9.143570810556412,-15.142738575274628,-7.15763201544688,0.541332783177495,2.8541003073063953,5.598078550752006
16353,DRIL QUIP INC,"Morgan Stanley Maintains Underweight on Dril-Quip, Lowers Price Target to $42",5,decrease,0.8,0.6,,162,25,0.0,2019-10-08,85424.0,-1.99708566069603,0.9127580560743808,7.726596228902638,1.952872752777557,0.0208038312848657,-0.5379725242370959,1.370732906044836
16361,DURECT CORP,DURECT Reports DUR-928 Phase 2a Study Results Selected For Late-Breaking Oral Presentation At 2019 The Liver Meeting,5,increase,0.8,0.6,,170,35,2.0,2019-10-21,88626.0,-0.5025120917707682,0.0,-5.0505061328863565,-3.0303063097274263,1.5306107699871063,6.417112456620178,7.567566564975126
16369,DURECT CORP,DURECT Announces Completion of Enrollment in its Phase 2a Clinical Trial of DUR-928 in Psoriasis and 50% Enrollment in its Phase 1b DUR-928 Clinical Trial in NASH,5,increase,0.75,0.6,,183,35,2.0,2019-10-07,88626.0,-1.069517713040113,-1.6216199845075607,-2.702706843276359,7.027026270322856,2.185790240764618,3.888891972669173,10.650884560862009
16377,DURECT CORP,Durect shares are trading higher after the company announced the FDA Advisory Committee plans to meet to review POSIMIR for the treatment of post-surgical pain.,5,increase,0.8,0.6,,173,35,2.0,2019-10-02,88626.0,6.508869677782059,1.66667178273201,-1.6666650917322443,3.88889164673265,-8.152172714471817,-14.646462585652698,-22.47706423873432
16385,DURECT CORP,DURECT Announces FDA Advisory Committee Meeting To Review POSIMIR For The Treatment Of Post-Surgical Pain; Meeting Scheduled For Jan. 16,5,uncertain,0.6,0.4,,171,35,1.0,2019-10-02,88626.0,6.508869677782059,1.66667178273201,-1.6666650917322443,3.88889164673265,-8.152172714471817,-14.646462585652698,-22.47706423873432
16393,DIANA SHIPPING INC,Diana Shipping Reports Time Charter Contract With Al Ghurair Resources For m/v Polymnia At $14.5K/Day Minus 5% Commission Paid For 12-14 Months,5,increase,0.75,0.4,,179,35,2.0,2019-10-10,90630.0,0.0,-1.7142841592431068,2.5714259160397823,12.85714414272443,1.7441842705011368,0.8645523612178074,1.744184189615683
16401,D T E ENERGY CO,DTE Energy Prices 2.4M Share Offering @$126/Share,5,decrease,0.8,0.4,,157,35,0.0,2019-10-30,11674.0,0.3238831413909793,0.2519682748243212,-2.4409436411613306,-3.448816795522369,0.7240579463541508,-1.2635599622749405,-1.951827294118691
16409,D T E ENERGY CO,DTE Reports Intent To Begin $300M Common Stock Offering Including 23M Equity Units,5,decrease,0.8,0.6,,160,35,0.0,2019-10-28,11674.0,-1.973329856991768,0.7240579463541508,-0.4933185255900585,-3.954488536355605,-0.6970752961933613,-0.8583363469375715,-0.5969832894145433
16417,D T E ENERGY CO,DTE Energy Sees FY2020 EPS $6.47-6.75 vs $6.59 Est,5,uncertain,0.6,0.3,,165,35,1.0,2019-10-28,11674.0,-1.973329856991768,0.7240579463541508,-0.4933185255900585,-3.954488536355605,-0.6970752961933613,-0.8583363469375715,-0.5969832894145433
16425,D T E ENERGY CO,DTE Energy Raises FY2019 EPS Guidance from $6.02-6.38 to $6.06-6.40 vs $6.24 Est,5,increase,0.75,0.4,,175,35,2.0,2019-10-28,11674.0,-1.973329856991768,0.7240579463541508,-0.4933185255900585,-3.954488536355605,-0.6970752961933613,-0.8583363469375715,-0.5969832894145433
16433,D T E ENERGY CO,DTE Energy Q3 EPS $1.91 Misses $1.98 Estimate,5,decrease,0.8,0.6,,159,35,0.0,2019-10-28,11674.0,-1.973329856991768,0.7240579463541508,-0.4933185255900585,-3.954488536355605,-0.6970752961933613,-0.8583363469375715,-0.5969832894145433
16441,D T E ENERGY CO,UPDATE: Bank Of America On DTE Energy Also Notes 'Our PO decreases to $136 from $137 on the updated GSP forecast and m-t-m of peer group electric and gas multiples',5,decrease,0.7,0.3,,180,35,0.0,2019-10-21,11674.0,1.460656989365816,-0.1702795852907002,-2.7244556233399164,-3.2043339046185393,-1.652764528989792,-1.4853769923949711,-1.309774865086588
16449,D T E ENERGY CO,"UPDATE: Bank Of America Upgrades DTE Energy To Neural, Lowers Target From $137 To $136 As Firm Notes 'Following recent share price pressure, we suspect shares have more balanced risk-reward, with M&A backdrop now reduced'",5,uncertain,0.6,0.3,,190,35,1.0,2019-10-21,11674.0,1.460656989365816,-0.1702795852907002,-2.7244556233399164,-3.2043339046185393,-1.652764528989792,-1.4853769923949711,-1.309774865086588
16457,D T E ENERGY CO,Bank of America Upgrades DTE Energy to Neutral,5,increase,0.75,0.4,,152,35,2.0,2019-10-21,11674.0,1.460656989365816,-0.1702795852907002,-2.7244556233399164,-3.2043339046185393,-1.652764528989792,-1.4853769923949711,-1.309774865086588
16465,D T E ENERGY CO,"DTE Energy Confirms Earlier Report of Acquisition of M5 Midstream for $2.25B in Cash, Plus $400M Milestone Payment",5,increase,0.8,0.6,,172,35,2.0,2019-10-18,11674.0,-1.652764528989792,1.460656989365816,0.6832184246961859,-0.266998844575772,0.1702005509287119,0.3487537420452602,1.0693896808597003
16473,D T E ENERGY CO,DTE Energy Near Deal to Acquire M5 Midstream for $2.5B,5,increase,0.8,0.6,,159,35,2.0,2019-10-18,11674.0,-1.652764528989792,1.460656989365816,0.6832184246961859,-0.266998844575772,0.1702005509287119,0.3487537420452602,1.0693896808597003
16481,D T E ENERGY CO,"JP Morgan Initiates Coverage On DTE Energy with Neutral Rating, Announces $144 Price Target",5,uncertain,0.6,0.3,,160,35,1.0,2019-10-08,11674.0,-1.713857613503933,-0.2458074130117893,-0.8833875730412721,-0.9217983566106924,0.1587957143783569,1.408771425087063,0.9373538498768764
16489,D T E ENERGY CO,"Mizuho Upgrades DTE Energy to Buy, Raises Price Target to $137",5,increase,0.85,0.6,,159,24,2.0,2019-10-07,11674.0,0.1587957143783568,-1.713857613503933,-3.2767055575215864,-2.4537563195930256,1.2479939498007298,0.7773237786511844,-0.7132644833879209
16497,DUKE ENERGY CORP NEW,"Morgan Stanley Maintains Equal-Weight on Duke Energy, Raises Price Target to $96",5,uncertain,0.6,0.3,,161,35,1.0,2019-10-17,27959.0,0.0420486874645575,0.1891355612315237,0.9456777706161824,-0.956179518447864,0.13683921424672,4.112399309974535e-09,-0.8752776269083773
16505,DUKE ENERGY CORP NEW,"JP Morgan Maintains Neutral on Duke Energy, Raises Price Target to $102",5,uncertain,0.6,0.3,,159,35,1.0,2019-10-14,27959.0,-0.8752776309847832,-0.1366522163152694,0.2102434484383852,-1.0827276405255826,-0.3323290962725878,-0.062477924798221,-0.1248778355603441
16513,DYNAVAX TECHNOLOGIES CORP,Dynavax Technologies shares are trading higher in sympathy with the overall market on optimism around the U.S.-China trade deal.,5,increase,0.7,0.4,,174,35,2.0,2019-10-25,90029.0,5.0314515829086295,2.3952072486281395,11.177643325552625,4.990020042690557,-1.851855032145977,-0.2092099418482429,11.709601699949568
16521,DYNAVAX TECHNOLOGIES CORP,Dynavax Technologies shares are trading higher. Not seeing any news to justify the price action.,5,uncertain,0.6,0.3,,168,35,1.0,2019-10-22,90029.0,11.94379925727844,1.6736384481191635,2.719657166480949,12.133889121828512,4.656864330172539,0.7075521451171074,3.8929400955362015
16529,DYNAVAX TECHNOLOGIES CORP,Dynavax Technologies shares are trading higher after HC Wainwright & Co initiated coverage on the stock with a buy rating and a price target of $13 per share.,5,increase,0.8,0.6,,183,35,2.0,2019-10-18,90029.0,-3.7735816091299057,4.656864330172539,22.79412521074315,36.51961455153252,3.163008019328118,0.7125826187010853,3.667472054413023
16537,DYNAVAX TECHNOLOGIES CORP,"HC Wainwright & Co. Initiates Coverage On Dynavax Technologies with Buy Rating, Announces $13 Price Target",5,increase,0.8,0.6,,174,35,2.0,2019-10-18,90029.0,-3.7735816091299057,4.656864330172539,22.79412521074315,36.51961455153252,3.163008019328118,0.7125826187010853,3.667472054413023
16545,DEVON ENERGY CORP NEW,"Morgan Stanley Maintains Equal-Weight on Devon Energy, Lowers Price Target to $27",5,decrease,0.8,0.6,,162,35,0.0,2019-10-04,87137.0,-0.3087767632678151,-3.141597285866738,-5.929203942887118,-12.389385136401964,2.9051264747977257,-2.0311121371841434,-5.777221301082747
16553,DAWSON GEOPHYSICAL CO NEW,"Dawson Geophysical Q3 EPS $0.09 Up From $(0.23) YoY, Sales $36.976M Down From $40.448M YoY",5,uncertain,0.6,0.3,,187,35,1.0,2019-10-31,80912.0,22.44898229837418,6.666660308837891,6.249994206617027,8.74999122462059,1.5544088557362556,1.5544088557362556,1.5544088557362556
16561,DYNEX CAPITAL INC,"Dynex Capital Q3 EPS $0.48 Beats $0.43 Estimate, Sales $13.246M Miss $17.96M Estimate",5,,,,,172,35,,2019-10-31,75269.0,4.460242763161659,1.051980722695589,0.433166515163963,1.6707950542899752,0.454549677670002,1.3761469884870925,1.7763188157143617
16569,DEXCOM INC,"Stifel Initiates Coverage On DexCom with Buy Rating, Announces $190 Price Target",5,increase,0.85,0.7,,157,35,2.0,2019-10-23,90664.0,-2.935908734798431,0.3482141764834523,6.336199852537261,4.547308461014632,-3.658533841371536,-3.842721543006733,-3.689282339749156
16577,DEXCOM INC,DexCom shares are trading lower after the company's competitor Abbott announced a partnership to develop a glucose monitoring system with Tandem Diabetes.,5,decrease,0.8,0.6,,164,35,0.0,2019-10-15,90664.0,-4.501181095838547,0.5883466452360153,-1.3597448595636052,1.222458755967626,3.109099715948105,3.703214887238282,4.080571159752044
16585,WISDOMTREE TRUST,Deep Value In The Land Of The Rising Sun,5,increase,0.75,0.6,,151,35,2.0,2019-10-07,91342.0,-0.2213291823863983,-0.947774201631546,2.6214947153226476,4.980845469220707,1.0368004441261292,1.077898316637027,-0.8973096106500655
16593,DIXIE GROUP INC,Dixie Group Reports $5.9M Buyback,5,increase,0.75,0.4,,154,35,2.0,2019-10-22,10886.0,3.734436258673668,43.19999814033508,56.00000497235147,55.2000056985225,-2.4291474372148514,-3.5999965877064555,-2.0325183522904244
16601,E N I SPA,"ENI Ceo Says Co Confirms Its Commitment To The Exploration Of The Cypriot EEZ And The Contractual Commitments With The Country, Says Co Planning A Joint Exploration Campaign In The First Half Of 2020 Together With Its Partner Total",5,increase,0.75,0.6,,190,35,2.0,2019-10-11,82637.0,1.0298985056579109,-0.3617251291871071,0.8549826564684837,2.0716904572300354,1.0067152790725231,2.0684998404834065,1.0067151911413497
16609,ELECTRONIC ARTS INC,EA's Strong Quarter Overshadowed By 'Battlefield' Pushout,5,uncertain,0.6,0.3,,158,35,1.0,2019-10-30,75828.0,2.44677197188139,-0.3308516228571534,2.0161258009236516,-0.7444181305736763,-2.388334833085537,-1.9727897877840128,-1.635756960034207
16617,ELECTRONIC ARTS INC,"Nomura Maintains Buy on Electronic Arts, Lowers Price Target to $110",5,decrease,0.7,0.4,,160,35,0.0,2019-10-30,75828.0,2.44677197188139,-0.3308516228571534,2.0161258009236516,-0.7444181305736763,-2.388334833085537,-1.9727897877840128,-1.635756960034207
16625,ELECTRONIC ARTS INC,"Credit Suisse Maintains Outperform on Electronic Arts, Raises Price Target to $118",5,increase,0.8,0.6,,160,35,2.0,2019-10-30,75828.0,2.44677197188139,-0.3308516228571534,2.0161258009236516,-0.7444181305736763,-2.388334833085537,-1.9727897877840128,-1.635756960034207
16633,ELECTRONIC ARTS INC,"Baird Maintains Outperform on Electronic Arts, Lowers Price Target to $108",5,decrease,0.7,0.4,,161,35,0.0,2019-10-30,75828.0,2.44677197188139,-0.3308516228571534,2.0161258009236516,-0.7444181305736763,-2.388334833085537,-1.9727897877840128,-1.635756960034207
16641,ELECTRONIC ARTS INC,"UBS Maintains Buy on Electronic Arts, Lowers Price Target to $117",5,decrease,0.7,0.4,,160,35,0.0,2019-10-30,75828.0,2.44677197188139,-0.3308516228571534,2.0161258009236516,-0.7444181305736763,-2.388334833085537,-1.9727897877840128,-1.635756960034207
16649,ELECTRONIC ARTS INC,From EA Earnings Conference Call: Will Not Ship NBA Live Game In FY20,5,decrease,0.8,0.3,,159,35,0.0,2019-10-29,75828.0,-2.388334833085537,2.4467719718813896,4.077955984951487,2.0336807913187815,0.4257124848663807,0.7709917372728192,1.0552733978504758
16657,ELECTRONIC ARTS INC,Electronic Arts Q2 Adj. EPS $0.97 Beats $0.85 Estimate,5,increase,0.85,0.7,,161,35,2.0,2019-10-29,75828.0,-2.388334833085537,2.4467719718813896,4.077955984951487,2.0336807913187815,0.4257124848663807,0.7709917372728192,1.0552733978504758
16665,ELECTRONIC ARTS INC,"EA Sees FY20 Sales ~$5.41B, GAAP EPS $9.57 Including $5.74 In Benefits Related To 1-Time Income Tax Benefits",5,uncertain,0.6,0.3,,178,35,1.0,2019-10-29,75828.0,-2.388334833085537,2.4467719718813896,4.077955984951487,2.0336807913187815,0.4257124848663807,0.7709917372728192,1.0552733978504758
16673,ELECTRONIC ARTS INC,"Electronic Arts Q2 GAAP EPS $2.89 Does Not Compare To $0.85 Estimate, Net Sales $1.348B, Net Bookings $1.277B Beat $1.25B Estimate",5,,,,,188,35,,2019-10-29,75828.0,-2.388334833085537,2.4467719718813896,4.077955984951487,2.0336807913187815,0.4257124848663807,0.7709917372728192,1.0552733978504758
16681,ELECTRONIC ARTS INC,"NCAA Will Let College Athletes Profit Off Their Name, Likeness",5,increase,0.8,0.6,,159,35,2.0,2019-10-29,75828.0,-2.388334833085537,2.4467719718813896,4.077955984951487,2.0336807913187815,0.4257124848663807,0.7709917372728192,1.0552733978504758
16689,ELECTRONIC ARTS INC,"Stifel Nicolaus Maintains Buy on Electronic Arts, Lowers Price Target to $114",5,decrease,0.7,0.4,,162,35,0.0,2019-10-24,75828.0,0.2821066416800022,0.3438155865296721,0.4375893073839121,1.302354631410263,1.4952237717807293,-0.1043716615969914,0.6096939137560708
16697,ELECTRONIC ARTS INC,"UPDATE: Barclays Downgrades EA To Equal Weight Notes 'After a string of disappointing results from the last Star Wars title, Battlefield V, and Anthem, we think investors will need to see a couple of successful title releases before EA's multiple reverts'",5,decrease,0.85,0.6,,194,35,0.0,2019-10-22,75828.0,-1.576030254364014,1.4952237717807293,0.116649774771127,4.199362686194297,0.7148116361349821,-0.981815376250028,-0.426110626115006
16705,ELECTRONIC ARTS INC,Barclays Downgrades Electronic Arts to Equal-Weight,5,decrease,0.8,0.6,,156,35,0.0,2019-10-22,75828.0,-1.576030254364014,1.4952237717807293,0.116649774771127,4.199362686194297,0.7148116361349821,-0.981815376250028,-0.426110626115006
16713,ELECTRONIC ARTS INC,Electronic Arts Says Implemented Fix Related To FIFA 20 Global Series Registration Page Issue,5,uncertain,0.5,0.2,,160,35,1.0,2019-10-04,75828.0,1.346199214458466,-2.1336689591407776,-1.485198353030559,-0.5020429717375596,0.0954868330154568,-2.4909597833934316,-3.5575580660921036
16721,ELECTRONIC ARTS INC,Electronic Arts Says Aware Of Potential Issue Affecting Registration Page For FIFA 20 Global Series That Went Live On Thursday,5,decrease,0.7,0.3,,167,35,0.0,2019-10-03,75828.0,0.0954868330154568,1.3461992144584656,-1.918589779208024,2.5651960624524017,-2.58397925645113,-3.649560049797018,-1.484266922560218
16729,BRINKER INTERNATIONAL INC,"Raymond James Reiterates Outperform on Brinker International, Raises Price Target to $53",5,increase,0.8,0.6,,161,35,2.0,2019-10-31,23297.0,-4.490760713815689,1.8222667276859283,4.589428286349473,-1.07986395825298,3.1929101794958115,6.547620321733794,4.46689491840655
16737,BRINKER INTERNATIONAL INC,"Stephens & Co. Maintains Overweight on Brinker International, Raises Price Target to $55",5,increase,0.8,0.6,,162,35,2.0,2019-10-31,23297.0,-4.490760713815689,1.8222667276859283,4.589428286349473,-1.07986395825298,3.1929101794958115,6.547620321733794,4.46689491840655
16745,BRINKER INTERNATIONAL INC,"Piper Jaffray Upgrades Brinker International to Overweight, Raises Price Target to $54",5,increase,0.85,0.7,,162,35,2.0,2019-10-31,23297.0,-4.490760713815689,1.8222667276859283,4.589428286349473,-1.07986395825298,3.1929101794958115,6.547620321733794,4.46689491840655
16753,BRINKER INTERNATIONAL INC,Hearing Piper Jaffray Upgrades Brinker Int'l. To Overweight,5,increase,0.85,0.7,,158,35,2.0,2019-10-30,23297.0,3.1929101794958106,-4.490760713815689,0.1718910435849485,-4.383327908540647,3.250911459326744,1.2345661506151462,5.398451599910348
16761,BRINKER INTERNATIONAL INC,"Brinker International Q1 EPS $0.41 Down From $0.47 YoY, Sales $763.9M Up From $753.8M YoY",5,decrease,0.7,0.4,,176,35,0.0,2019-10-30,23297.0,3.1929101794958106,-4.490760713815689,0.1718910435849485,-4.383327908540647,3.250911459326744,1.2345661506151462,5.398451599910348
16769,BRINKER INTERNATIONAL INC,"Barclays Maintains Equal-Weight on Brinker International, Lowers Price Target to $43",5,decrease,0.8,0.6,,162,35,0.0,2019-10-18,23297.0,-0.7160516455769539,2.3377330973744392,10.793335590321451,12.559063437128092,1.8611712381243704,2.0408197938933226,1.1741224235432224
16777,EBAY INC,The Street Still Loves PayPal,5,decrease,0.7,0.4,,144,35,0.0,2019-10-24,86356.0,-9.132657200098038,0.617633992806077,-1.0387393803537703,-2.049409285276904,0.6676993798464537,-0.1528211361446541,0.9788795370634596
16785,EBAY INC,Street Debates Whether Investors Should Buy eBay's Stock After Mixed Quarter,5,uncertain,0.6,0.3,,152,35,1.0,2019-10-24,86356.0,-9.132657200098038,0.617633992806077,-1.0387393803537703,-2.049409285276904,0.6676993798464537,-0.1528211361446541,0.9788795370634596
16793,EBAY INC,"UPDATE: Bank Of America On eBay Also Notes 'We can see a scenario where payments revs., advertising, & buybacks drive solid growth to $3+ in GAAP EPS by '21, but would expect a lower 12-15x multiple if GMV is declining & the B/S is levered'",5,uncertain,0.6,0.3,,202,35,1.0,2019-10-24,86356.0,-9.132657200098038,0.617633992806077,-1.0387393803537703,-2.049409285276904,0.6676993798464537,-0.1528211361446541,0.9788795370634596
16801,EBAY INC,"UPDATE: Bank Of America Reiterates Neutral On eBay, Lowers Target To $42 Notes Co. 'is driving EPS growth from its balance sheet and has new payments opportunities ahead, but long-term growth outlook is less certain given recent trends'",5,decrease,0.7,0.4,,187,35,0.0,2019-10-24,86356.0,-9.132657200098038,0.617633992806077,-1.0387393803537703,-2.049409285276904,0.6676993798464537,-0.1528211361446541,0.9788795370634596
16809,EBAY INC,eBay Option Alert: Apr 17 $43 Calls at the Ask: 2000 @ $0.381 vs 37 OI; Ref=$35.99,5,,,,,172,35,,2019-10-24,86356.0,-9.132657200098038,0.617633992806077,-1.0387393803537703,-2.049409285276904,0.6676993798464537,-0.1528211361446541,0.9788795370634596
16817,EBAY INC,"UPDATE: UBS On eBay Also Notes 'our call that eBay stock could be range bound might prove to be wrong if eBay surprises (in either direction) on shareholder returns, realizing asset value and/or underlying operating trends'",5,uncertain,0.6,0.4,,183,35,1.0,2019-10-24,86356.0,-9.132657200098038,0.617633992806077,-1.0387393803537703,-2.049409285276904,0.6676993798464537,-0.1528211361446541,0.9788795370634596
16825,EBAY INC,"UPDATE: UBS Maintains Neutral On eBay, Lowers Target To $42 Notes 'While rev & EPS in eBay's Q3'19 EPS report were ahead of Street, underlying unit economics (GMV growth) & mgmt commentary point to continued challenges in the eComm business'",5,decrease,0.8,0.6,,196,35,0.0,2019-10-24,86356.0,-9.132657200098038,0.617633992806077,-1.0387393803537703,-2.049409285276904,0.6676993798464537,-0.1528211361446541,0.9788795370634596
16833,EBAY INC,"UBS Earlier Maintained Neutral on eBay, Lowered Price Target to $40",5,decrease,0.8,0.6,,155,35,0.0,2019-10-24,86356.0,-9.132657200098038,0.617633992806077,-1.0387393803537703,-2.049409285276904,0.6676993798464537,-0.1528211361446541,0.9788795370634596
16841,EBAY INC,"Deutsche Bank Maintains Hold on eBay, Lowers Price Target to $38",5,decrease,0.8,0.6,,155,35,0.0,2019-10-24,86356.0,-9.132657200098038,0.617633992806077,-1.0387393803537703,-2.049409285276904,0.6676993798464537,-0.1528211361446541,0.9788795370634596
16849,EBAY INC,"Barclays Maintains Overweight on eBay, Lowers Price Target to $47",5,decrease,0.7,0.4,,156,35,0.0,2019-10-24,86356.0,-9.132657200098038,0.617633992806077,-1.0387393803537703,-2.049409285276904,0.6676993798464537,-0.1528211361446541,0.9788795370634596
16857,EBAY INC,"Morgan Stanley Maintains Equal-Weight on eBay, Lowers Price Target to $34",5,decrease,0.8,0.6,,156,35,0.0,2019-10-24,86356.0,-9.132657200098038,0.617633992806077,-1.0387393803537703,-2.049409285276904,0.6676993798464537,-0.1528211361446541,0.9788795370634596
16865,EBAY INC,"Bank of America Reiterates Neutral on eBay, Lowers Price Target to $42",5,decrease,0.8,0.6,,156,35,0.0,2019-10-24,86356.0,-9.132657200098038,0.617633992806077,-1.0387393803537703,-2.049409285276904,0.6676993798464537,-0.1528211361446541,0.9788795370634596
16873,EBAY INC,"Piper Jaffray Maintains Neutral on eBay, Lowers Price Target to $37",5,decrease,0.8,0.6,,157,35,0.0,2019-10-24,86356.0,-9.132657200098038,0.617633992806077,-1.0387393803537703,-2.049409285276904,0.6676993798464537,-0.1528211361446541,0.9788795370634596
16881,EBAY INC,From eBay Earnings Conference Call: Expects To Share Update On Possible Stubhub Sale Before Next Earnings Release,5,increase,0.75,0.6,,159,35,2.0,2019-10-23,86356.0,0.6676993798464537,-9.132657200098038,-8.520408020356285,-9.438776987232156,-0.8150782436132431,0.3091161903311601,-0.383733843123446
16889,EBAY INC,"eBay Sees Q4 Adj. EPS $0.73-$0.76 vs $0.76 Est., Sales $2.77B-$2.82B vs $2.85B Est.; Sees FY19 Adj. EPS $2.75-$2.78 vs $2.75 Est., Sales $10.75B-$10.80B vs $10.82B Est.",5,decrease,0.8,0.6,,221,35,0.0,2019-10-23,86356.0,0.6676993798464537,-9.132657200098038,-8.520408020356285,-9.438776987232156,-0.8150782436132431,0.3091161903311601,-0.383733843123446
16897,EBAY INC,eBay Says 'Continues To Review The Role And Value Of StubHub And Classifieds In Its Portfolio To Determine The Best Path Forward And Anticipates Sharing An Update On The Stubhub Business Before The Next Earnings Release',5,increase,0.75,0.6,,182,35,2.0,2019-10-23,86356.0,0.6676993798464537,-9.132657200098038,-8.520408020356285,-9.438776987232156,-0.8150782436132431,0.3091161903311601,-0.383733843123446
16905,EBAY INC,"eBay Q3 Adj. EPS $0.67 Beats $0.64 Estimate, Sales $2.65B Beat $2.64B Estimate",5,increase,0.8,0.6,,169,35,2.0,2019-10-23,86356.0,0.6676993798464537,-9.132657200098038,-8.520408020356285,-9.438776987232156,-0.8150782436132431,0.3091161903311601,-0.383733843123446
16913,EBAY INC,"Benchmark Reiterates Buy on eBay, Lowers Price Target to $47",5,decrease,0.7,0.4,,154,35,0.0,2019-10-23,86356.0,0.6676993798464537,-9.132657200098038,-8.520408020356285,-9.438776987232156,-0.8150782436132431,0.3091161903311601,-0.383733843123446
16921,EBAY INC,"Morgan Stanley Maintains Equal-Weight on eBay, Lowers Price Target to $35",5,decrease,0.8,0.6,,156,35,0.0,2019-10-15,86356.0,1.355579867959023,0.1028731931000948,0.1543146009262086,-7.124486305390931,-0.4928628448396921,1.133668043618985,1.3474297008453595
16929,EBAY INC,'eBay to exit Facebook's Libra cryptocurrency' -FT $,5,uncertain,0.6,0.3,,149,35,1.0,2019-10-11,86356.0,1.634587161242962,-0.4928628448396921,0.7003902528881056,-7.029828918903636,0.2113654743880033,1.6345139600550285,0.2908530493830996
16937,EBAY INC,"Deliverr Raises $23 Million, Expands Fast-Shipping Program",5,uncertain,0.6,0.3,,151,35,1.0,2019-10-01,86356.0,-1.1287804692983632,-0.9600486606359482,-3.16554543144536,0.8822005592914239,1.5897853299975395,0.1412982005035479,-0.6625946051746157
16945,EBIX INC,Ebixcash Signs Multi-Year Agreements With International Travel Exchanges; Co Collected $25M Cumulative Advance,5,increase,0.8,0.6,,159,35,2.0,2019-10-08,11481.0,-3.055696375668049,-0.0762551557272672,-1.8047765253673465,0.5846455055625199,0.4206928424537182,1.399303710087341,2.1137395581538376
16953,EAGLE BANCORP MONTANA INC,Eagle Bancorp Montana Q3 EPS $0.63 Up From $0.33 YoY,5,increase,0.85,0.7,,174,35,2.0,2019-10-22,93368.0,1.196586899459362,1.5512350015342236,7.601353228043317,7.955512208502946,1.152731105685234,1.152731105685234,1.916375933683656
16961,CENTRAIS ELETRICAS BRASILEIRAS S,Centrais Electricas Brasileiras shares are trading higher despite no company-specific news. The company has been in a downturn over the past month.,5,increase,0.7,0.3,,183,35,2.0,2019-10-18,92802.0,5.800464004278183,1.0964954271912577,1.75438437856128,9.100876590876194,-1.26001900061965,3.357310828084503,3.855417879174317
16969,EMERGENT BIOSOLUTIONS INC,Emergent BioSolutions Reports Received European Medicines Agency Prime Designation For Chikungunya Virus Virus-Like Particle Vaccine Candidate,5,increase,0.85,0.7,,170,35,2.0,2019-10-10,91571.0,0.709762005135417,0.1523844432085752,3.1809490769365345,3.161904733573784,0.6759410724043846,-3.587939103323734,-3.712593978301182
16977,ENTERPRISE BANCORP INC,Enterprise Bancorp Q3 EPS $0.76 Up From $0.68 YoY,5,increase,0.8,0.6,,164,35,2.0,2019-10-17,90590.0,1.862714439630508,-1.794787310063839,1.5915995819269169,0.9481843797417344,0.0690385175403207,1.9697483248870995,1.862265254551665
16985,ECOPETROL S A,Ecopetrol Reports Received Regulatory Approvals To Form Joint Venture With OXY,5,increase,0.8,0.6,,160,35,2.0,2019-10-22,92793.0,2.191948145627975,3.01449541002512,5.3913060968156845,10.376817042116038,-0.4129888024181127,-1.51692091999448,-2.1449324630469557
16993,CONSOLIDATED EDISON INC,"Bank of America Maintains Buy on Consolidated Edison, Raises Price Target to $101",5,increase,0.8,0.6,,165,35,2.0,2019-10-28,11404.0,-2.389630675315857,0.3622810821980238,-1.2844419971861365,-3.941153160430211,-1.0287423618137836,-0.4055466465968327,0.042882707211489
17001,CONSOLIDATED EDISON INC,"Mizuho Upgrades Consolidated Edison to Buy, Raises Price Target to $98",5,increase,0.8,0.6,,165,33,2.0,2019-10-25,11404.0,-1.028742361813784,-2.389630675315857,-2.357476397250313,-5.786542511009185,0.629673432558775,1.082763920150298,1.7371608300431385
17009,CONSOLIDATED EDISON INC,"UPDATE: Wells Fargo Maintains Market Perform On Consolidated Edison, Raises Target To $95 'reflecting higher peer group multiples since our last update, partially offset by our lower EPS outlook'",5,uncertain,0.6,0.3,,185,35,1.0,2019-10-21,11404.0,1.30069125443697,0.6473872344940901,-1.7155846527325491,-2.9779909601417076,0.208099465817213,0.7155455264207022,0.826537388376769
17017,CONSOLIDATED EDISON INC,Evercore ISI Group Upgrades Consolidated Edison to In-Line,5,increase,0.75,0.4,,161,35,2.0,2019-10-21,11404.0,1.30069125443697,0.6473872344940901,-1.7155846527325491,-2.9779909601417076,0.208099465817213,0.7155455264207022,0.826537388376769
17025,CONSOLIDATED EDISON INC,"UBS Maintains Neutral on Consolidated Edison, Raises Price Target to $98",5,increase,0.7,0.3,,164,35,2.0,2019-10-21,11404.0,1.30069125443697,0.6473872344940901,-1.7155846527325491,-2.9779909601417076,0.208099465817213,0.7155455264207022,0.826537388376769
17033,CONSOLIDATED EDISON INC,"Wells Fargo Maintains Market Perform on Consolidated Edison, Raises Price Target to $95",5,increase,0.75,0.4,,166,35,2.0,2019-10-21,11404.0,1.30069125443697,0.6473872344940901,-1.7155846527325491,-2.9779909601417076,0.208099465817213,0.7155455264207022,0.826537388376769
17041,CONSOLIDATED EDISON INC,"KeyBanc Maintains Overweight on Consolidated Edison, Raises Price Target to $100",5,increase,0.8,0.6,,166,35,2.0,2019-10-21,11404.0,1.30069125443697,0.6473872344940901,-1.7155846527325491,-2.9779909601417076,0.208099465817213,0.7155455264207022,0.826537388376769
17049,CONSOLIDATED EDISON INC,'Two people were injured by a transformer explosion on W 47th Street in Midtown this afternoon.' -Tweet From Citizen New York,5,decrease,0.7,0.3,,174,35,0.0,2019-10-10,11404.0,-0.3320453688502312,-0.8919955231249332,-1.8807092507966192,1.3326145354069174,0.3870974294841289,-0.5327082827883856,-0.8285519210514347
17057,EURONET WORLDWIDE INC,DA Davidson Upgrades Euronet Worldwide to Buy,5,increase,0.8,0.6,,156,35,2.0,2019-10-24,84606.0,2.831071615219116,-0.8315298706293106,-2.124235340703295,2.41772550003001,-3.327319025993347,-5.139396347321301,-4.521128390056061
17065,ISHARES TRUST,"Blackrock Investment Institute Says Emerging Market Debt Has Rallied Amid A Perceived Easing Of US-China Trade Tensions, Says Reiterates Emerging Market Views",5,increase,0.75,0.6,,172,35,2.0,2019-10-28,89730.0,0.5854800809174776,-0.5122263450175524,1.6298038688406402,0.9778770694894856,0.7075453642755747,0.7075453642755747,0.7313078217396685
17073,ISHARES INC,A Safer Way To Consider Emerging Markets,5,increase,0.75,0.6,,148,35,2.0,2019-10-15,13025.0,0.2772960811853409,0.2765292767435312,0.5876255222026172,0.9851359828968008,-0.0779256573878228,0.9447181860504196,1.709855832464369
17081,ENTERPRISE FINANCIAL SVCS CORP,Enterprise Finl Servs Q3 EPS $1.08 Beats $1 Estimate,5,increase,0.85,0.6,,166,35,2.0,2019-10-21,90591.0,0.7957511581480503,4.617225751280785,6.076557360054835,8.133975113313685,-0.2165547339245677,0.4846153769114014,0.7776420233197578
17089,EQUIFAX INC,"Credit Suisse Maintains Outperform on Equifax, Raises Price Target to $157",5,increase,0.8,0.6,,156,35,2.0,2019-10-25,52476.0,0.1525103114545345,-0.8774412795901299,0.5801326910766402,-2.857133726730998,-1.2054191902279854,-1.1770611917429452,-5.374195903268042
17097,EQUIFAX INC,Equifax Q3 EPS $1.48 Beats $1.44 Estimate,5,increase,0.8,0.6,,155,35,2.0,2019-10-23,52476.0,0.0287040020339191,-1.2054191902279854,-3.128363901379394,-3.0063877567427455,-4.24712598323822,-3.697809789422823,-5.02385508075176
17105,EQUIFAX INC,"PreciseTarget Issues Press Release Highlighting Expanding Strategic Retail Data Partnership With Equifax, No Terms Disclosed",5,increase,0.75,0.6,,162,35,2.0,2019-10-14,52476.0,-0.416862964630127,1.1372391134500504,1.5209604126024567,-4.6326655305212405,1.710125245153904,3.160828731374598,5.776427546088736
17113,EQUIFAX INC,"Morgan Stanley Maintains Equal-Weight on Equifax, Raises Price Target to $131",5,uncertain,0.6,0.3,,157,35,1.0,2019-10-10,52476.0,1.426311768591404,1.710125245153904,3.667587138848849,-2.6994505074399933,2.5354573503136635,1.2775913874661482,1.0721610450193264
17121,EQUIFAX INC,6 Tips For Cancelling A Bank Account,5,uncertain,0.2,0.1,,148,35,1.0,2019-10-04,52476.0,1.1282002553343768,-0.2028388902544975,4.266878950751485,4.810199681531291,1.547390129417181,-1.2801071901583303,-2.96438353094175
17129,EQUIFAX INC,"UPDATE: Bank Of America Maintains Underperform On Equifax, Raises Target To $130 As Firm Is Optimistic Over The Long-Term But Continues 'to believe the USIS growth rebuild will take time and see few short-term catalysts'",5,uncertain,0.6,0.3,,187,35,1.0,2019-10-02,52476.0,-2.784411609172821,1.547390129417181,3.794082901214923,8.004757227455084,-1.706116460263729,-2.151293924215969,-3.449481433405399
17137,EQUIFAX INC,"Bank of America Maintains Underperform on Equifax, Raises Price Target to $130",5,uncertain,0.6,0.3,,157,35,1.0,2019-10-02,52476.0,-2.784411609172821,1.547390129417181,3.794082901214923,8.004757227455084,-1.706116460263729,-2.151293924215969,-3.449481433405399
17145,EAGLE BANCORP INC,"Eagle Bancorp Q3 EPS $1.07, Inline",5,uncertain,0.6,0.3,,161,35,1.0,2019-10-16,87318.0,0.0,1.407795213162899,6.241201024070753,6.522765362396132,1.0191996581852436,0.495164132247794,2.0754992397317595
17153,8X8 INC NEW,"8x8 Reported Yesterday Q2 EPS $(0.16) Beats $(0.17) Estimate, Sales $109.517M Beat $106.8M Estimate",5,increase,0.8,0.6,,179,35,2.0,2019-10-31,85177.0,-3.012050129473209,1.9668793305754664,1.811596144720884,5.538300820290742,2.627512812614441,1.168103294917855,1.014202695727362
17161,8X8 INC NEW,Summit Insights Group Upgrades 8x8 to Buy,5,increase,0.8,0.6,,156,35,2.0,2019-10-31,85177.0,-3.012050129473209,1.9668793305754664,1.811596144720884,5.538300820290742,2.627512812614441,1.168103294917855,1.014202695727362
17169,8X8 INC NEW,"B. Riley Upgrades 8x8 to Neutral, Announces $18.5 Price Target",5,increase,0.75,0.6,,163,35,2.0,2019-10-24,85177.0,4.044109955430031,-0.4543168004602194,-2.4734971852466647,-0.7067108201734951,2.310587279498577,2.255639411847321,1.115246887074095
17177,8X8 INC NEW,8x8 shares are trading lower despite no company-specific news. The stock has dropped approximately 26% over the last month.,5,decrease,0.8,0.6,,169,35,0.0,2019-10-04,85177.0,-1.435647998005152,1.3561047613620758,-1.7076854011077611,-5.424409588130974,1.5075434930622578,0.2481446770476791,-2.50964559741107
17185,EAGLE BULK SHIPPING INC,"Eagle Bulk Shipping Reports Took Delivery Of M/V Copenhagen Eagle, No Terms Disclosed",5,uncertain,0.6,0.3,,163,35,1.0,2019-10-01,90724.0,-0.571430753916502,-0.919539388269186,0.9195394576645866,6.436786747997303,0.344033632427454,1.74418153192053,0.3440336313607295
17193,ELDORADO GOLD CORP NEW,"Eldorado Gold Q3 EPS $0.05 Beats $0.01 Estimate, Sales $172.3M Beat $112.41M Estimate",5,increase,0.85,0.7,,179,35,2.0,2019-10-31,89648.0,2.808308973908424,6.769592314958572,-9.382422917257315,-6.057010619912506,3.409084677696228,3.802277879452931,0.7380008630639256
17201,EASTGROUP PROPERTIES INC,"SunTrust Robinson Humphrey Maintains Hold on EastGroup Properties, Raises Price Target to $125",5,increase,0.75,0.4,,161,35,2.0,2019-10-30,85082.0,0.6293992977589369,-0.2606151159852743,-1.9136316375908848,-2.524199012048889,0.2328297588974237,0.5348449864766458,-0.2391927467906174
17209,EASTGROUP PROPERTIES INC,"EastGroup Properties Q3 EPS $1.28 Beats $0.54 Estimate, Sales $83.938M Beat $83.09M Estimate",5,increase,0.85,0.7,,172,35,2.0,2019-10-23,85082.0,0.8347693830728531,3.504834696650505,3.907159100240487,1.9187588299763636,-0.4968286026269197,0.1719237053531941,0.4939157800433857
17217,EASTGROUP PROPERTIES INC,"Morgan Stanley Maintains Equal-Weight on EastGroup Properties, Raises Price Target to $120",5,uncertain,0.6,0.3,,160,35,1.0,2019-10-07,85082.0,0.586741091683507,-0.8828651160001755,-0.0236470713170677,1.5450155415547728,0.4380051512271166,1.6195327921252112,2.162823721798257
17225,EAGLE PHARMACEUTICALS INC,Eagle Pharma Subsidiary Submits a New Drug Application for TREAKISYM,5,increase,0.8,0.6,,169,35,2.0,2019-10-07,14456.0,1.252753846347332,-1.5549244359135628,1.5382011033478582,4.246776313471479,-0.0507593562360852,3.704355179964347,4.6969189321069305
17233,VAALCO ENERGY INC,VAALCO Provides Update on Drilling of Etame 9H Development Well and the Etame 9P Appraisal Wellbore,5,uncertain,0.6,0.3,,170,35,1.0,2019-10-30,78841.0,-1.485147140920162,0.0,1.0050241887597622,-1.507536210746219,-0.9803912602365016,-0.4926104058954994,-0.4926104058954994
17241,VAALCO ENERGY INC,"Canaccord Genuity Initiates Coverage On VAALCO Energy with Buy Rating, Announces $2.7 Price Target",5,increase,0.75,0.6,,166,35,2.0,2019-10-18,78841.0,5.025120824575424,0.0,-2.8708107867610466,-3.827747750193222,-0.9950239211320876,-1.485147096299155,-0.9950239201692024
17249,EHEALTH INC,eHealth shares are trading lower despite the company reporting better-than-expected Q3 EPS and sales results.,5,decrease,0.8,0.6,,160,35,0.0,2019-10-24,91498.0,6.762154400348663,-6.131045892834663,7.706711898612117,17.06708645134347,-0.6124795880168676,-0.6124795880168676,0.5863667569568243
17257,EHEALTH INC,eHealth Sees FY19 Sales $365M-$385M vs $384.57M Est.,5,decrease,0.7,0.4,,160,35,0.0,2019-10-24,91498.0,6.762154400348663,-6.131045892834663,7.706711898612117,17.06708645134347,-0.6124795880168676,-0.6124795880168676,0.5863667569568243
17265,EHEALTH INC,"eHealth Q3 Adj .EPS $(0.43) Beats $(0.63) Estimate, Sales $69.9M Beat $55.98M Estimate",5,increase,0.85,0.7,,173,35,2.0,2019-10-24,91498.0,6.762154400348663,-6.131045892834663,7.706711898612117,17.06708645134347,-0.6124795880168676,-0.6124795880168676,0.5863667569568243
17273,EHEALTH INC,UPDATE: Raymond James On eHealth Also Notes Co. 'is positioned as a leading marketplace with a technology platform that accommodates over 170 carriers and the option to get coverage entirely through an online experience',5,increase,0.8,0.6,,179,35,2.0,2019-10-15,91498.0,5.97759410738945,-0.2131866058334708,7.319237552450186,18.15597951747192,-5.11789545416832,-2.5412813506219933,-5.219484577426925
17281,EHEALTH INC,"UPDATE: Raymond James Initiates eHealth With Outperform, $90 Tgt Notes Co. 'is a pure play in the ongoing structural shift within the Medicare market, where demand is continuing to grow for MA/Medicare Supplement (MS) plans among eligible beneficiaries'",5,increase,0.85,0.7,,193,35,2.0,2019-10-15,91498.0,5.97759410738945,-0.2131866058334708,7.319237552450186,18.15597951747192,-5.11789545416832,-2.5412813506219933,-5.219484577426925
17289,EHEALTH INC,"Raymond James Initiates Coverage On eHealth with Outperform Rating, Announces $90 Price Target",5,increase,0.8,0.6,,159,35,2.0,2019-10-15,91498.0,5.97759410738945,-0.2131866058334708,7.319237552450186,18.15597951747192,-5.11789545416832,-2.5412813506219933,-5.219484577426925
17297,EMPLOYERS HOLDINGS INC,Employers Holdings Q3 Adj. EPS $0.88 Beats $0.64 Estimate,5,increase,0.85,0.7,,162,35,2.0,2019-10-23,91688.0,1.300505176186562,-5.731315910816193,-2.567627012665419,-1.4865752365981533,-0.1159806037321686,1.5566032694378509,1.6285164556728349
17305,ISHARES INC,Israel's TPS News Reports Rocket Alert In Israel-Gaza Border Region,5,uncertain,0.6,0.3,,153,35,1.0,2019-10-31,92599.0,-0.1626433455385268,0.896176602691412,1.7796442878127872,2.693904444346762,-0.4264056216925382,0.3414688026747825,0.9206397785343156
17313,ISHARES INC,Israel PM Netanyahu Reportedly Says Iran Has Begun Deploying Missiles In Yemen In ORder To Strike Israel,5,uncertain,0.6,0.3,,162,35,1.0,2019-10-28,92599.0,0.5772000178694725,0.7711627054959536,1.7037316894094712,2.3220944617352135,0.1083379494957625,0.59515006702755,0.7999974774216101
17321,ISHARES INC,Shaykh Mazhar Air Base Near Baghdad Said to be Under Renovation by Iran's Revolutionary Guards Possibly for Missile and Armed Drone Attacks on Israel,5,uncertain,0.4,0.2,,170,35,1.0,2019-10-02,92599.0,-0.6529840640723705,1.249297335743904,0.7831403137094961,2.2427758226003514,-1.1309529654681685,-0.2171909547704298,-0.621320913674317
17329,LAUDER ESTEE COS INC,Estée Lauder Earlier Announced Raising Dividend From $0.43 To $0.48/Share,5,increase,0.8,0.6,,167,35,2.0,2019-10-31,82642.0,-3.6218758672475806,0.1664237701334059,0.4670613375717281,2.8077498645822985,1.4753740280866623,4.070861588301344,2.4598414946496616
17337,LAUDER ESTEE COS INC,The Estee Lauder Companies shares are trading lower after the company issued Q2 EPS guidance below analyst estimates.,5,decrease,0.85,0.7,,167,25,0.0,2019-10-31,82642.0,-3.6218758672475806,0.1664237701334059,0.4670613375717281,2.8077498645822985,1.4753740280866623,4.070861588301344,2.4598414946496616
17345,LAUDER ESTEE COS INC,"Estee Lauder Sees FY20 Sales Growth 7-8% YoY, Adj. EPS $5.85-$5.93 vs $5.97 Estimate",5,decrease,0.8,0.6,,181,35,0.0,2019-10-31,82642.0,-3.6218758672475806,0.1664237701334059,0.4670613375717281,2.8077498645822985,1.4753740280866623,4.070861588301344,2.4598414946496616
17353,LAUDER ESTEE COS INC,"Estee Lauder Sees Q2 Sales Growth 7-8% Year Over Year, Adj. EPS $1.83-$1.86 vs $1.94 Estimate",5,decrease,0.8,0.6,,182,35,0.0,2019-10-31,82642.0,-3.6218758672475806,0.1664237701334059,0.4670613375717281,2.8077498645822985,1.4753740280866623,4.070861588301344,2.4598414946496616
17361,LAUDER ESTEE COS INC,"The Estee Lauder Cos Q1 Adj. EPS $1.67 Beats $1.6 Estimate, Sales $3.895B Beat $3.85B Estimate",5,increase,0.85,0.6,,181,35,2.0,2019-10-31,82642.0,-3.6218758672475806,0.1664237701334059,0.4670613375717281,2.8077498645822985,1.4753740280866623,4.070861588301344,2.4598414946496616
17369,LAUDER ESTEE COS INC,The Estee Lauder Companies shares are trading higher following sharp spike at around 1:00 p.m. ET. Not yet seeing any news to correlate with spike or justify price action.,5,uncertain,0.5,0.3,,183,35,1.0,2019-10-29,82642.0,2.557751163840294,1.4753740280866623,-3.391791613337325,-1.3178669260567433,-1.5480030328035357,-0.991630080222039,-0.1021985943322589
17377,LAUDER ESTEE COS INC,"Piper Jaffray Downgrades Estee Lauder Cos to Neutral, Lowers Price Target to $204",5,decrease,0.8,0.6,,169,35,0.0,2019-10-28,82642.0,-1.548003032803535,2.557751163840294,-2.1323604365129367,0.8346281450855697,0.5651210434734821,1.4685374426208986,1.907076555268472
17385,LAUDER ESTEE COS INC,The Estee Lauder Companies shares are trading lower. Not seeing any news to justify the price action.,5,decrease,0.8,0.6,,166,35,0.0,2019-10-17,82642.0,-2.614925988018513,-1.156099233776331,-0.0692539573951322,-0.761850090052596,0.8634722791612148,-0.0466712967801874,-0.5726079345157453
17393,LAUDER ESTEE COS INC,"Berenberg Reinstates Buy on Estee Lauder Cos, Announces $230 Price Target",5,increase,0.8,0.6,,165,35,2.0,2019-10-16,82642.0,0.8634722791612148,-2.6149259880185127,-3.5488281661519294,0.2749810784923978,-0.9023520164191724,-1.4237862144010904,0.7380431995408276
17401,ELECTROMED INC,"Dougherty & Co. Initiates Coverage On Electromed with Buy Rating, Announces $12 Price Target",5,increase,0.8,0.6,,162,35,2.0,2019-10-18,12078.0,6.037149578332901,0.0,2.452558031043317,-1.3138638150506754,3.691814094781875,2.053714314755073,3.36000058940027
17409,EQUITY LIFESTYLE PROPERTIES INC,"Baird Maintains Neutral on Equity Lifestyle Props, Raises Price Target to $68",5,increase,0.7,0.3,,164,35,2.0,2019-10-24,78947.0,1.188911218196154,-0.0870397256221622,1.4505366939585371,-2.132290712784879,0.3387271426618099,-1.1032111052868498,-1.3037831722838122
17417,EQUITY LIFESTYLE PROPERTIES INC,Equity Lifestyle Props Q3 Adj. FFO $0.56 Up From $0.51 YoY,5,increase,0.8,0.6,,170,35,2.0,2019-10-21,78947.0,-0.202809483744204,-1.4370705001056194,-0.029026910973029,0.2612865647008133,1.231846772134304,2.221235027622126,0.8841734724974737
17425,EMCOR GROUP INC,EMCOR Raises FY19 EPS Guidance From $5.50-$5.75 To $5.65-$5.75 vs $5.71 Est.; Raises FY19 Sales Guidance From $8.8B-$8.9B To $9B vs $8.92B Est.,5,increase,0.85,0.6,,199,35,2.0,2019-10-29,82694.0,0.9138522669672966,2.760905399918556,2.517944456707455,-0.6736615705146609,1.0245481505990028,1.2982631583216886,1.4127485912065696
17433,EMCOR GROUP INC,"EMCOR Group Q3 EPS $1.45 Beats $1.43 Estimate, Sales $2.29B Beat $2.18B Estimate",5,increase,0.85,0.6,,170,35,2.0,2019-10-29,82694.0,0.9138522669672966,2.760905399918556,2.517944456707455,-0.6736615705146609,1.0245481505990028,1.2982631583216886,1.4127485912065696
17441,EMCOR GROUP INC,"EMCOR Reports Purchase Of Batchelor & Kimball In All-Cash Deal, No Terms Disclosed",5,increase,0.75,0.4,,161,35,2.0,2019-10-04,82694.0,1.4323480427265172,-0.7001262158155441,1.8986663258834913,6.290469512958197,0.1446513342671096,-2.625407654248324,-3.52995907450383
17449,EASTMAN CHEMICAL CO,"Barclays Maintains Equal-Weight on Eastman Chemical, Lowers Price Target to $82",5,decrease,0.8,0.6,,164,35,0.0,2019-10-28,80080.0,2.451498061418533,0.0,3.646830929817968,5.7965435361361894,1.6389016062021255,1.9513486658927492,2.7616802966149434
17457,EASTMAN CHEMICAL CO,Eastman Chemical Co shares are trading lower after the company reported worse-than-expected Q3 EPS and sales results.,5,decrease,0.85,0.7,,166,34,0.0,2019-10-25,80080.0,1.638901606202126,2.4514980614185333,3.5264845046187654,9.989516067915316,0.3074089298024773,1.1046741677344984,1.9424072764545384
17465,EASTMAN CHEMICAL CO,Eastman Chemical Sees FY19 Adj. EPS $7.00-$7.20 vs $7.59 Est.,5,decrease,0.85,0.6,,168,35,0.0,2019-10-24,80080.0,0.3074089298024774,1.6389016062021255,1.3191176211822198,10.53963443559931,0.794821884483099,1.6299876191560925,2.366949539204044
17473,EASTMAN CHEMICAL CO,"Eastman Chemical Q3 Adj. EPS $1.94 Misses $1.98 Estimate, Sales $2.33B Miss $2.36B Estimate",5,decrease,0.8,0.4,,177,35,0.0,2019-10-24,80080.0,0.3074089298024774,1.6389016062021255,1.3191176211822198,10.53963443559931,0.794821884483099,1.6299876191560925,2.366949539204044
17481,EASTMAN CHEMICAL CO,"Wells Fargo Initiates Coverage On Eastman Chemical with Outperform Rating, Announces $85 Price Target",5,increase,0.8,0.6,,164,35,2.0,2019-10-16,80080.0,0.1782842678949237,-0.4517478868365288,2.42299318003949,5.681031659055336,0.8714860305190086,0.4269350782687198,4.4848793337679105
17489,EASTMAN CHEMICAL CO,"SunTrust Robinson Humphrey Maintains Hold on Eastman Chemical, Lowers Price Target to $75",5,decrease,0.8,0.6,,164,35,0.0,2019-10-11,80080.0,4.040693119168282,-0.440710224211216,0.6610600534782574,5.054397567958668,0.634466391056776,1.6754101518206663,-0.8805606648095932
17497,EASTMAN CHEMICAL CO,"UBS Maintains Buy on Eastman Chemical, Lowers Price Target to $95",5,decrease,0.7,0.4,,161,35,0.0,2019-10-02,80080.0,-2.217888087034225,1.0271059349179268,-1.0699001796876884,4.208280598116243,-2.898549847304821,-2.183106114724509,-1.0489917859225706
17505,EMERSON ELECTRIC CO,"Emerson Reports Confirmed Receipt Of Letter To Co.'s Board, Presentation From DE Shaw",5,uncertain,0.6,0.3,,162,35,1.0,2019-10-15,22103.0,0.7737007457762957,-0.6053501274436712,3.6911263802336114,4.621286158737914,0.2535772277042269,3.320516373266047,5.64287981574596
17513,EMERSON ELECTRIC CO,The D. E. Shaw Group Sends Letter To Emerson Board of Directors,5,uncertain,0.6,0.3,,158,35,1.0,2019-10-15,22103.0,0.7737007457762957,-0.6053501274436712,3.6911263802336114,4.621286158737914,0.2535772277042269,3.320516373266047,5.64287981574596
17521,EMERSON ELECTRIC CO,"UPDATE: Morgan Stanley On Emerson Electric Also Sees 'a path for rerating on margin benchmarking, lower cyclicality, and more aggressive leverage of EMR's world class installed base in process'; Firm Sees 'strong risk/reward in a soft macro'",5,increase,0.85,0.6,,195,35,2.0,2019-10-09,22103.0,0.7283076178282499,2.2477272897958755,5.815782368857936,10.90851727865978,-2.0015472546219826,-3.1139784875626852,-1.9254684539317113
17529,EMERSON ELECTRIC CO,"UPDATE: Morgan Stanley Maintains Overweight On Emerson Electric, Lowers Target To $75 As Firm Notes 'The investor response to EMR's strategic review is that a SOTP has limited upside'",5,decrease,0.7,0.4,,183,35,0.0,2019-10-09,22103.0,0.7283076178282499,2.2477272897958755,5.815782368857936,10.90851727865978,-2.0015472546219826,-3.1139784875626852,-1.9254684539317113
17537,EMERSON ELECTRIC CO,"Morgan Stanley Maintains Overweight on Emerson Electric, Lowers Price Target to $75",5,decrease,0.7,0.4,,161,35,0.0,2019-10-09,22103.0,0.7283076178282499,2.2477272897958755,5.815782368857936,10.90851727865978,-2.0015472546219826,-3.1139784875626852,-1.9254684539317113
17545,EMERSON ELECTRIC CO,"Emerson Electric Announces Review Of Operational, Capital Allocation And Portfolio Intiateves",5,increase,0.75,0.6,,159,35,2.0,2019-10-01,22103.0,-2.408017590641975,-2.6819923892617226,-3.203065461186483,3.8007712106433056,0.6927696987986565,4.159523574508639,3.7232418190050742
17553,ENLINK MIDSTREAM LLC,EnLink Midstream shares are trading lower on seemingly no company-specific news.,5,decrease,0.7,0.3,,156,35,0.0,2019-10-25,14505.0,-3.7818659096956257,-0.9216654114425182,0.1536060239413661,-12.442402298561394,1.4367802068591118,1.8759035373727029,4.129789317638721
17561,ENLINK MIDSTREAM LLC,"Baird Maintains Neutral on EnLink Midstream, Lowers Price Target to $9",5,decrease,0.75,0.4,,160,35,0.0,2019-10-08,14505.0,-3.2722514122724533,0.4059568513184786,-2.300407091698431,-6.224628638830598,-2.5510240346193314,-1.7994902666214174,-1.5463964286539178
17569,ENLINK MIDSTREAM LLC,"UBS Downgrades EnLink Midstream to Neutral, Lowers Price Target to $7",5,decrease,0.85,0.6,,161,25,0.0,2019-10-08,14505.0,-3.2722514122724533,0.4059568513184786,-2.300407091698431,-6.224628638830598,-2.5510240346193314,-1.7994902666214174,-1.5463964286539178
17577,ENPHASE ENERGY INC,Enphase Energy shares are trading higher in sympathy with Universal Display after the company reported better-than-expected Q3 earnings and issued FY19 sales guidance above analyst estimates.,5,increase,0.7,0.4,,174,35,2.0,2019-10-31,13323.0,3.5714291036129,-3.0880101025104523,-7.3597543182335246,-2.2645418877956347,-25.526002049446102,-26.25786129382145,-23.584517094451527
17585,ENPHASE ENERGY INC,Enphase Energy shares are trading lower despite the company reporting better-than-expected Q3 results.,5,decrease,0.8,0.6,,160,35,0.0,2019-10-30,13323.0,-25.526002049446113,3.5714291036129,-2.9850715046587317,0.8795259812183875,-0.9827043861150742,2.606929946588332,8.530812212034512
17593,ENPHASE ENERGY INC,Enphase Energy shares are trading lower after the company reported Q3 results.,5,decrease,0.85,0.7,,156,25,0.0,2019-10-29,13323.0,-0.9827043861150742,-25.526002049446102,-26.20087320295088,-24.096860839946068,3.625259920954704,9.60793418883834,8.717952737061285
17601,ENPHASE ENERGY INC,"Enphase Energy Q3 EPS $0.3 Beats $0.25 Estimate, Sales $180.057M Beat $176.49M Estimate",5,increase,0.85,0.6,,172,35,2.0,2019-10-29,13323.0,-0.9827043861150742,-25.526002049446102,-26.20087320295088,-24.096860839946068,3.625259920954704,9.60793418883834,8.717952737061285
17609,ENPHASE ENERGY INC,Hearing Lakewood's Anthony Bozza Is Short Enphase Energy; Unconfirmed,5,decrease,0.7,0.5,,158,35,0.0,2019-10-29,13323.0,-0.9827043861150742,-25.526002049446102,-26.20087320295088,-24.096860839946068,3.625259920954704,9.60793418883834,8.717952737061285
17617,ENPHASE ENERGY INC,Enphase Energy shares are trading higher in anticipation of the company's Q3 earnings scheduled for today after the market closes.,5,increase,0.7,0.5,,164,35,2.0,2019-10-29,13323.0,-0.9827043861150742,-25.526002049446102,-26.20087320295088,-24.096860839946068,3.625259920954704,9.60793418883834,8.717952737061285
17625,ENPHASE ENERGY INC,"UPDATE: J Capital Research Out With Bearish Report On Enphase, Alleges Fraudulent Reporting Practices",5,decrease,0.85,0.7,,162,25,0.0,2019-10-25,13323.0,5.7733744382858285,3.625259920954704,-23.29938577971731,-24.887978045044942,-0.8119680918753147,-2.108814903560141,-10.351488488045725
17633,ENPHASE ENERGY INC,Traders Circulating Word Of Negative Commentary On Enphase Energy From J Capital Research,5,decrease,0.8,0.6,,159,35,0.0,2019-10-25,13323.0,5.7733744382858285,3.625259920954704,-23.29938577971731,-24.887978045044942,-0.8119680918753147,-2.108814903560141,-10.351488488045725
17641,ENPHASE ENERGY INC,Enphase Energy Option Alert: Jan 17 $30 Calls at the Ask: 2000 @ $2.201 vs 3646 OI; Earnings 10/29 After Close Ref=$25.07,5,increase,0.75,0.6,,185,35,2.0,2019-10-21,13323.0,4.606058076024055,-8.420240879058838,-1.738118500703978,-30.64889691832574,-1.3944238424301147,2.42085262059919,2.526928749952595
17649,ENPHASE ENERGY INC,Enphase Energy Option Alert: Fri $25 Calls Sweep (31) near the Ask: 900 @ $0.35 vs 3263 OI; Earnings 11/5 After Close [est] Ref=$23.57,5,increase,0.75,0.6,,189,35,2.0,2019-10-15,13323.0,-2.464648894965649,0.1035688794218003,-1.7812773903470802,4.349631793653508,1.93574670702219,0.8968581774819517,2.1882770385741157
17657,ENPHASE ENERGY INC,Enphase Energy Option Alert: Fri $25 Calls Sweep (2) near the Ask: 2000 @ $0.426 vs 3263 OI; Earnings 11/5 After Close [est] Ref=$23.91,5,increase,0.75,0.6,,190,35,2.0,2019-10-15,13323.0,-2.464648894965649,0.1035688794218003,-1.7812773903470802,4.349631793653508,1.93574670702219,0.8968581774819517,2.1882770385741157
17665,ENERGIZER HOLDINGS INC NEW,"Energizer Holdings shares are trading lower following weak US PMI data. Weak economic indicators can lead to lower economic outlook, which weighs on companies across sectors.",5,decrease,0.8,0.6,,176,35,0.0,2019-10-01,15400.0,-6.860949099063873,-1.3057373464107511,-4.237500081207757,-1.6013835740436688,-0.8869669400155544,-1.1791307097772097,1.6561767071981537
17673,ENSIGN GROUP INC,"Ensign Group Sees FY19 EPS $2.22-$2.30 vs $2.21 Est., Sales $2.27B-$2.30B vs $2.30B Est; Sees FY20 EPS $2.22-$2.30 vs $2.33 Est, Sales $2.30B-$2.35B vs $2.30B Est.",5,,,,,220,35,,2019-10-30,92432.0,0.1195867895148695,0.9316755458712578,0.1672232877496293,-3.702817311368234,0.11973911896348,2.777780431685195,1.801805917687327
17681,ENSIGN GROUP INC,"Ensign Group Q3 Adj. EPS $0.55 Up From $0.46 YoY, Sales $600.51M Up From $514.364M YoY",5,increase,0.85,0.7,,176,35,2.0,2019-10-30,92432.0,0.1195867895148695,0.9316755458712578,0.1672232877496293,-3.702817311368234,0.11973911896348,2.777780431685195,1.801805917687327
17689,ENSIGN GROUP INC,"Stephens & Co. Reinstates Equal-Weight on Ensign Group, Announces $45 Price Target",5,uncertain,0.6,0.3,,161,35,1.0,2019-10-22,92432.0,-2.629087120294571,0.6810965016484261,1.7027505706390222,3.2595478836373815,0.7396835368126631,3.277886734008306,4.221187244293723
17697,ENANTA PHARMACEUTICALS INC,"Enanta Pharma Highlights New Data From Co.'s Phase 2a Human Challenge Study Of EDP-938 For RSV Showed Highly Statistically Significant Reductions in Total Symptom Score, Mucus Weight and RSV Viral Load as Measured by RT-PCR Assay and by Plaque Assay",5,increase,0.85,0.7,,210,35,2.0,2019-10-03,13825.0,-1.1697721667587762,-3.5028766840696335,-6.781832121017595,-2.6871402388366494,2.8785113245248795,5.292936746753241,4.943595902372722
17705,ENTEGRIS INC,"Entegris Q3 Adj. EPS $0.5 Beats $0.45 Estimate, Sales $394.147M Beat $392.09M Estimate",5,increase,0.8,0.6,,172,35,2.0,2019-10-24,88439.0,-0.1049963058903813,0.8618874475359917,1.0680366376051298,0.2889728048501849,-0.8742755278944969,-2.8361546788204017,-2.227703169149753
17713,ENTEGRIS INC,Deutsche Bank Downgrades Entegris to Hold,5,decrease,0.8,0.6,,151,35,0.0,2019-10-07,88439.0,-1.7429610714316373,-2.6287658140063286,0.7052745322454257,4.744597716639398,1.6001706942915916,2.984423025996996,1.5784937225230555
17721,ENOVA INTERNATIONAL INC,"Enova Issued Q4 EPS Guidance Of $0.94 - $1.15 vs $0.88, Sales $329M - $344M vs $367.69M. FY19 Sales Guidance Of $1.158B - $1.173B vs 1.28B",5,decrease,0.85,0.7,,201,35,0.0,2019-10-24,14960.0,-2.2115342319011693,10.963616520166395,15.4867239523522,17.453290635543304,-0.9995287284255028,-1.3282764838896677,0.7263903616470335
17729,ENOVA INTERNATIONAL INC,"Enova International Q3 EPS $0.86 Beats $0.8 Estimate, Sales $329.513M Miss $335.33M Estimate",5,uncertain,0.6,0.3,,170,35,1.0,2019-10-24,14960.0,-2.2115342319011693,10.963616520166395,15.4867239523522,17.453290635543304,-0.9995287284255028,-1.3282764838896677,0.7263903616470335
17737,ENOVA INTERNATIONAL INC,Enova Reports Pricing Of $200M Securitization,5,increase,0.8,0.6,,152,35,2.0,2019-10-10,14960.0,-0.2029376570135355,1.0676110163331032,5.9989848488369635,3.406202641536016,-1.3019541278481483,-3.524235016826549,-4.459525509977702
17745,ENZO BIOCHEM INC,"Enzo Biochem Q4 EPS $(0.11) Up From $(0.12) YoY, Sales $20.921M Beat $19.66M Estimate",5,increase,0.75,0.4,,179,35,2.0,2019-10-15,33209.0,1.506022736430168,-3.264091908931732,-4.154298806101641,-3.2640919147645997,-9.28962156176567,-4.597703594555136,-5.14285903507421
17753,EOG RESOURCES INC,"Raymond James Maintains Outperform on EOG Resources, Lowers Price Target to $90",5,decrease,0.7,0.4,,161,35,0.0,2019-10-17,75825.0,-2.0680604502558713,-3.4895826131105423,7.787935830411841,3.804105083524956,-1.129963435232639,0.4069480188050089,-1.12996345154307
17761,EOG RESOURCES INC,"KeyBanc Maintains Overweight on EOG Resources, Lowers Price Target to $97",5,decrease,0.7,0.4,,161,35,0.0,2019-10-15,75825.0,1.5544764697551732,-1.129963435232639,0.8857199823326001,4.134013611836984,-1.5306823886930945,-1.0448428145728772,-0.5831665131183938
17769,EOG RESOURCES INC,"Morgan Stanley Maintains Equal-Weight on EOG Resources, Lowers Price Target to $95",5,decrease,0.8,0.6,,161,35,0.0,2019-10-04,75825.0,0.1129331416450441,-1.635640300810337,-2.3547634296472553,-8.753901004063469,1.4899617061018944,-1.0338160212093772,-4.554035011778401
17777,E P R PROPERTIES,"EPR Props Q3 EPS $1.46 Down From $1.58 YoY, Sales $184.86M Beat $160.35M Estimate",5,uncertain,0.6,0.3,,174,35,1.0,2019-10-29,85604.0,0.5620161537081003,-1.111393328756094,-4.81269820171546,-7.735452448364399,0.1919650938361883,-0.8359671329511653,-1.534399672700859
17785,ISHARES TRUST,iShares MSCI Peru ETF Down 3% On Slightly Higher-Than-Average Volume Following Earlier News The Nation's President Dissolved Its Congress,5,decrease,0.85,0.7,,170,35,0.0,2019-10-01,92952.0,-3.080438636243343,-0.5591484252363443,0.1471431181742311,1.8834589529285628,0.1428250572644174,0.3721759767248533,1.358777712755166
17793,EQUITY COMMONWEALTH,Equity Commonwealth Q3 FFO $0.21 Up From $0.18 YoY,5,increase,0.75,0.3,,161,35,2.0,2019-10-29,70703.0,0.8251355960965157,0.7239519618451595,-0.0314769324500807,-0.2518096416709858,-0.4737827461212873,-1.0985573421272044,-1.6234735039475925
17801,EQUINIX INC,"Stifel Nicolaus Maintains Buy on Equinix, Raises Price Target to $620",5,increase,0.85,0.7,,158,35,2.0,2019-10-31,89617.0,-0.7668506354093552,-0.8010230958461761,-7.812559684465336,-3.8939279815881633,0.6413789000362158,0.7105898589221393,0.9580342623466632
17809,EQUINIX INC,"Wells Fargo Maintains Outperform on Equinix, Raises Price Target to $620",5,increase,0.85,0.7,,158,35,2.0,2019-10-31,89617.0,-0.7668506354093552,-0.8010230958461761,-7.812559684465336,-3.8939279815881633,0.6413789000362158,0.7105898589221393,0.9580342623466632
17817,EQUINIX INC,Equinix Sees Q4 Sales Guidance $1.409B-$1.419B Vs. $1.43B Est.; FY19 Sales Guidance $5.554B-$5.564B Vs. $5.58B,5,decrease,0.8,0.4,,189,35,0.0,2019-10-30,89617.0,0.6413789000362158,-0.7668506354093552,-6.877226915191004,-5.327752799296026,0.068769883364439,0.3146373447694639,0.742001694252048
17825,EQUINIX INC,"Equinix Q3 EPS $1.41 Misses $1.64 Estimate, Sales $1.397B Miss $1.41B Estimate",5,decrease,0.8,0.6,,171,35,0.0,2019-10-30,89617.0,0.6413789000362158,-0.7668506354093552,-6.877226915191004,-5.327752799296026,0.068769883364439,0.3146373447694639,0.742001694252048
17833,EQUINIX INC,"Nomura Maintains Buy on Equinix, Raises Price Target to $625",5,increase,0.8,0.6,,156,35,2.0,2019-10-18,89617.0,0.7991652004420757,0.1630787970498204,-1.8511100938986225,-2.4583167766164205,0.6955593824386597,0.0332375616977298,0.7647624649879115
17841,EQUINIX INC,"Credit Suisse Maintains Outperform On Equinix, Raises Price Target From $556 to $581",5,increase,0.8,0.6,,160,35,2.0,2019-10-09,89617.0,0.9657594375312328,-0.4869543947279453,-1.2365191344260065,-1.4573920871898682,-1.3528255745768547,-2.0888891268884713,-1.0855405811965313
17849,EQUINIX INC,Equinix Reports Purchase Of 3 Data Centers From Axtel For $175M In Cash,5,increase,0.8,0.6,,160,35,2.0,2019-10-04,89617.0,1.024754531681538,-0.7461577653884888,-2.585753954863379,-0.9008940321569404,2.534189261496067,1.081474856847664,-0.1820367255102817
17857,EQUINIX INC,"Stifel Maintains Buy on Equinix, Raises Price Target to $610",5,increase,0.85,0.7,,156,35,2.0,2019-10-03,89617.0,2.534189261496067,1.0247545316815376,-0.6165849185717054,-0.6791094469646208,-1.4168097637593746,-2.649092957744148,-2.618704745552547
17865,E Q T CORP,EQT shares are trading higher after the company reported better-than-expected Q3 EPS and sales results.,5,increase,0.85,0.7,,162,33,2.0,2019-10-31,24328.0,8.484850078821182,-1.6759715974330902,3.258851494076098,-3.743330728120331,-3.976729139685631,5.09553665536826,4.32033584612479
17873,E Q T CORP,"EQT Q3 Adj. EPS $(0.06) Beats $(0.18) Estimate, Sales $951.576M Beat $874.87M Estimate",5,increase,0.8,0.6,,175,35,2.0,2019-10-31,24328.0,8.484850078821182,-1.6759715974330902,3.258851494076098,-3.743330728120331,-3.976729139685631,5.09553665536826,4.32033584612479
17881,E Q T CORP,EQT Option Alert: Nov 15 $11 Calls Sweep (3) near the Ask: 3940 @ $0.49 vs 209 OI; Earnings 10/31 Before Open Ref=$10.375,5,increase,0.75,0.6,,187,35,2.0,2019-10-29,24328.0,9.447986632585526,-3.976729139685631,5.431614091603665,1.6328298039093303,-0.7376153487712145,1.7278601165851892,-2.0790000032354317
17889,E Q T CORP,EQT shares are trading higher on no company-specific news but unusual option activity in the January $15 calls.,5,increase,0.7,0.5,,163,35,2.0,2019-10-29,24328.0,9.447986632585526,-3.976729139685631,5.431614091603665,1.6328298039093303,-0.7376153487712145,1.7278601165851892,-2.0790000032354317
17897,E Q T CORP,Shares of several oil and gas companies are trading lower following a larger-than-expected build in US crude inventories. Crude futures also moved lower on weak US PMI numbers.,5,decrease,0.85,0.6,,175,35,0.0,2019-10-03,24328.0,-3.872883692383766,2.2727200761437416,-2.6859526080664,2.7892510539243576,-1.2745109386742115,-5.357148598921535,-10.329473575973424
17905,ERICSSON,Ericsson shares are trading higher after the company reported Q3 sales results up from last year.,5,increase,0.85,0.6,,158,35,2.0,2019-10-17,33452.0,5.2264899015426645,1.324502006173134,-0.1103778075027595,-3.752760958783507,1.7730452120304108,3.23740418645333,2.014219166910114
17913,ERIE INDEMNITY CO,Erie Indemnity Q3 EPS $1.8 Beats $1.65 Estimate,5,increase,0.85,0.6,,164,35,2.0,2019-10-24,82486.0,-0.637262174859643,1.7705481499433515,1.008612455585789,-3.3985622343442268,-1.491575688123703,-3.098113304297989,-1.9544957387508168
17921,ENERGY RECOVERY INC,"Energy Recovery Q3 EPS $0.09 Beats $0.03 Estimate, Sales $24.9M Beat $22.74M Estimate",5,increase,0.85,0.6,,169,35,2.0,2019-10-31,92753.0,-0.6403358187526463,2.792688086628914,1.7185804834513485,-5.477982736380205,-0.4250793252140283,-2.497396329113344,-4.8731014297656365
17929,ENERGY RECOVERY INC,"Raymond James Initiates Coverage On Energy Recovery with Outperform Rating, Announces $12 Price Target",5,increase,0.8,0.6,,159,35,2.0,2019-10-24,92753.0,-2.724515646696091,2.1784234791994095,-3.423235806989644,-1.7634863860197525,0.1010124222375452,0.507101339480931,2.323174167597575
17937,EMBRAER S A,Embraer Says It Has Delivered Total Of 44 Aircraft In Q3,5,increase,0.7,0.5,,157,35,2.0,2019-10-31,88392.0,-1.306815538555384,2.2452468052506447,2.2452467925642594,-4.663220276509595,-0.789173599332571,-1.2345641190417034,-0.5087629309412534
17945,EMBRAER S A,From Boeing Q3 Earnings Conference Call: Sees Embraer Deal To Close In Early 2020,5,increase,0.8,0.6,,163,35,2.0,2019-10-23,88392.0,0.5685070063918829,0.9044649079442024,-0.5087629152872419,0.3957019918689353,2.089382521808147,3.348999200165248,4.082843416375881
17953,EMBRAER S A,Embraer Signs $1.4B Jet Deal With Flexjet,5,increase,0.85,0.7,,156,35,2.0,2019-10-21,88392.0,1.233837101608515,2.089382521808147,3.4242609261549317,3.9466065091516622,0.710064172744751,1.068885420886723,1.6119430548341418
17961,EMBRAER S A,Embraer Reports $1.4B Order Of Praetor Business Jets To FlexJet,5,increase,0.85,0.7,,160,35,2.0,2019-10-21,88392.0,1.233837101608515,2.089382521808147,3.4242609261549317,3.9466065091516622,0.710064172744751,1.068885420886723,1.6119430548341418
17969,EMBRAER S A,EC Investigating Boeing-Embraer Joint Venture,5,decrease,0.8,0.6,,152,35,0.0,2019-10-09,88392.0,-0.1808359636925161,-0.362315634265542,1.690825476378777,6.823678112471354,-1.7761945724487305,-4.928370010384953,-5.362238972901389
17977,EMBRAER S A,Boeing Shares Edge Lower; Hearing Co. Faces In-Depth EU Probe Into Its Embraer Deal,5,decrease,0.75,0.6,,164,35,0.0,2019-10-04,88392.0,-0.456360075622797,-3.2091766595840454,-3.3810895293832854,-2.4641849610899658,3.727817162871361,2.275386940454993,1.6231924297961164
17985,EMBRAER S A,"Boeing, Embraer Report Continue To Work Closely To Establish Strategic Partnership; Boeing Will Own 80% Of New Co., Named Boeing Brasil - Commercial",5,increase,0.85,0.7,,175,35,2.0,2019-10-03,88392.0,3.727817162871361,-0.456360075622797,-5.875645420450182,-3.593845047002897,-1.4002321287989616,-2.028987778438074,-2.7058215755967674
17993,ESCALADE INC,"Escalade Q3 EPS $0.18 Down From $0.25 YoY, Sales $45.8M Up From $43.955M YoY",5,decrease,0.7,0.4,,173,35,0.0,2019-10-31,33532.0,-2.218431979417801,-1.4834212139248848,-2.6178027732121634,-4.88656564854667,-0.0852453173138201,2.1795989235503965,1.9130458155254937
18001,ELEMENT SOLUTIONS INC,"SunTrust Robinson Humphrey Maintains Hold on Element Solutions, Lowers Price Target to $10",5,decrease,0.8,0.6,,159,35,0.0,2019-10-11,14406.0,4.710916057229042,0.4089975729584694,5.112474591328264,9.40695400357332,-1.2684977613389492,-0.2136699445558498,-3.611965362008629
18009,ELBIT SYSTEMS LTD,Elbit Systems Reports Its Elbit Systems Of America Subsidiary Wins $23M Order By US Marine Corps,5,increase,0.85,0.4,,164,35,2.0,2019-10-03,84207.0,0.5442207213491201,0.6212292239069939,0.104562776757433,0.4182510565682751,-1.2820550240576267,-1.863207693199964,-0.9737255933528032
18017,EMPIRE STATE REALTY TRUST INC,Empire State Realty Trust Q3 FFO $0.24 Down From $0.25 YoY,5,decrease,0.7,0.3,,166,35,0.0,2019-10-23,14196.0,0.909727904945612,0.9015264920890332,1.2482683952757867,1.872395956940376,0.0,0.7757380604743958,0.9180799352707992
18025,EMPIRE STATE REALTY TRUST INC,"Empire State Realty Trust Reports Signed Eighth Expansion Lease With LinkedIn At Empire State Building, No Terms Disclosed",5,increase,0.85,0.6,,168,35,2.0,2019-10-09,14196.0,0.0,-0.7982558570802212,1.4513774635593668,4.644414833418731,-0.2172388602048158,-0.6488835999220122,-0.5054198424219059
18033,ESSEX PROPERTY TRUST INC,"Wells Fargo Maintains Outperform on Essex Property Trust, Raises Price Target to $350",5,increase,0.85,0.7,,160,35,2.0,2019-10-29,80681.0,-0.0525722571182996,1.3705812394618988,-1.5129059584127025,-4.390199353181767,-0.5229264963418245,-0.8857374555203079,-1.5075780583842735
18041,ESSEX PROPERTY TRUST INC,Essex Property Trust Q3 Core FFO $3.35 Up From $3.15 YoY,5,increase,0.85,0.6,,163,35,2.0,2019-10-23,80681.0,-0.8006266318261623,-0.6273976992815733,-0.2101487729734841,-3.1643979698595004,-0.466114841401577,-0.0935700441415776,0.7089352210891464
18049,ESSEX PROPERTY TRUST INC,"KeyBanc Maintains Overweight on Essex Property Trust, Raises Price Target to $342",5,increase,0.8,0.6,,160,35,2.0,2019-10-08,80681.0,-0.5643765442073345,0.4668758250772953,0.1922445842713616,1.0008845296932023,-0.251206592656672,0.4357873671495538,1.1168087387037895
18057,E S S A BANCORP INC,ESSA Bancorp Q4 EPS $0.35 Up From $0.28 YoY,5,increase,0.8,0.4,,169,35,2.0,2019-10-23,91959.0,0.8610048331320286,0.4878044128417969,-0.914631810840738,-0.1219540042510458,-0.5504596512764692,0.9310962832111302,0.3703670639545464
18065,EARTHSTONE ENERGY INC,"SunTrust Robinson Humphrey Maintains Buy on Earthstone Energy, Lowers Price Target to $7",5,decrease,0.7,0.4,,162,35,0.0,2019-10-16,17073.0,0.6060600280761719,4.819279909133911,17.469885203266244,18.37349893801501,-3.7900906056165695,-12.466844508074558,-8.333332351394018
18073,EATON CORP PLC,"Wells Fargo Maintains Outperform on Eaton, Raises Price Target to $100",5,increase,0.85,0.6,,160,35,2.0,2019-10-30,11762.0,-0.7981104776263237,-0.4872514400631189,4.1850797691286745,3.705282086247097,1.9949527457356453,3.900953186370648,5.5905032491132545
18081,EATON CORP PLC,"Credit Suisse Maintains Outperform on Eaton, Raises Price Target to $94",5,increase,0.8,0.6,,159,35,2.0,2019-10-30,11762.0,-0.7981104776263237,-0.4872514400631189,4.1850797691286745,3.705282086247097,1.9949527457356453,3.900953186370648,5.5905032491132545
18089,EATON CORP PLC,"Baird Maintains Neutral on Eaton, Raises Price Target to $87",5,uncertain,0.6,0.3,,158,35,1.0,2019-10-30,11762.0,-0.7981104776263237,-0.4872514400631189,4.1850797691286745,3.705282086247097,1.9949527457356453,3.900953186370648,5.5905032491132545
18097,EATON CORP PLC,"KeyBanc Maintains Overweight on Eaton, Raises Price Target to $100",5,increase,0.85,0.6,,160,35,2.0,2019-10-30,11762.0,-0.7981104776263237,-0.4872514400631189,4.1850797691286745,3.705282086247097,1.9949527457356453,3.900953186370648,5.5905032491132545
18105,EATON CORP PLC,Eaton Sees FY19 Adj. EPS $5.67-$5.77 vs $5.81 Est.,5,decrease,0.8,0.4,,167,35,0.0,2019-10-29,11762.0,1.9949527457356449,-0.7981104776263237,2.71894331244813,4.656821768043784,1.8687203526496887,3.525223951366474,3.0238570915051888
18113,EATON CORP PLC,"Eaton Q3 Adj. EPS $1.52 Beats $1.51 Estimate, Sales $5.314B Miss $5.5B Estimate",5,uncertain,0.6,0.3,,175,35,1.0,2019-10-29,11762.0,1.9949527457356449,-0.7981104776263237,2.71894331244813,4.656821768043784,1.8687203526496887,3.525223951366474,3.0238570915051888
18121,EATON CORP PLC,"Oppenheimer Upgrades Eaton to Outperform, Announces $95 Price Target",5,increase,0.85,0.6,,159,35,2.0,2019-10-16,11762.0,-1.278620306402445,0.4193955566734075,4.428276827337729,8.856544096825147,1.558251492679119,0.934122598385545,4.4783769222277
18129,EATON CORP PLC,Eaton To Sell Lighting Business To Signify N.V. In All Cash Deal Worth $1.4B,5,increase,0.8,0.6,,166,35,2.0,2019-10-15,11762.0,1.5582514926791189,-1.2786203064024448,3.1660965084327586,8.32926946912429,-0.6145526189357042,2.8753207017935933,4.483784827994186
18137,EATON CORP PLC,Eaton Option Alert: Oct 18 $80.5 Calls Sweep (2) near the Ask: 1000 @ $0.5 vs 22 OI; Earnings 10/29 Before Open Ref=$78.46,5,increase,0.75,0.6,,191,35,2.0,2019-10-10,11762.0,1.5635082498192792,3.5114530473947525,3.5750702209236707,7.188297233537377,1.4950811862945557,-1.1622013580367518,-2.433182466219297
18145,EATON CORP PLC,Vertical Group Downgrades Eaton to Hold,5,decrease,0.8,0.4,,152,35,0.0,2019-10-09,11762.0,1.495081186294556,1.5635082498192787,4.755136600295096,9.393984039811908,-2.618139237165451,-3.870398059294633,-2.829108194403418
18153,ENTERGY CORP NEW,UBS Downgrades Entergy to Neutral,5,decrease,0.8,0.6,,151,35,0.0,2019-10-31,24010.0,-0.0658063509035855,-1.4981887303292751,-4.80157111305719,-3.00929163416237,2.1169327199459076,2.9122882161850328,1.0725875950163388
18161,ENTERGY CORP NEW,Entergy Corporation Narrows FY19 Adj. EPS Guidance From $5.14-$5.45 To $5.25 vs $5.30 Est.,5,decrease,0.7,0.3,,173,35,0.0,2019-10-30,24010.0,2.116932719945908,-0.0658063509035855,-3.5208942465743687,-2.5507148348194897,0.7788673974573612,-1.0226953523894688,-1.822679574602626
18169,ENTERGY CORP NEW,Entergy Q3 EPS $1.82 Misses $2.3 Estimate,5,decrease,0.85,0.6,,158,35,0.0,2019-10-30,24010.0,2.116932719945908,-0.0658063509035855,-3.5208942465743687,-2.5507148348194897,0.7788673974573612,-1.0226953523894688,-1.822679574602626
18177,ENTERGY CORP NEW,"KeyBanc Maintains Overweight on Entergy, Raises Price Target to $128",5,increase,0.85,0.6,,159,35,2.0,2019-10-21,24010.0,0.736347958445549,0.3276819363236427,-0.7561702846954899,-0.3612839411265445,0.7418168243020773,1.8183389877683087,2.2501067467666003
18185,ENTERGY CORP NEW,"JP Morgan Maintains Overweight on Entergy, Raises Price Target to $129",5,increase,0.85,0.7,,158,35,2.0,2019-10-14,24010.0,-0.5288771819323301,-0.9090108796954156,2.0667146319080176,1.2949164652965806,-0.4754202906042337,-0.7030274614303278,-0.3315757434806499
18193,ENTERGY CORP NEW,"Citigroup Maintains Buy on Entergy, Raises Price Target to $134",5,increase,0.8,0.6,,157,35,2.0,2019-10-01,24010.0,-0.0340839440468698,-0.7415638770908117,0.2557135478333805,-1.5086912730460145,-0.1191484159789979,-0.1616354201121161,0.4106805192480856
18201,EVERCORE INC,"Evercore Q3 EPS $1.26 Misses $1.63 Estimate, Sales $408.546M Miss $480.08M Estimate",5,decrease,0.85,0.7,,168,35,0.0,2019-10-23,91413.0,-7.083117961883545,1.3091491535305977,0.463652582461771,6.191191591343892,0.2540611661970615,2.5334505621996684,3.0018211057946553
18209,EDWARDS LIFESCIENCES CORP,Edwards Lifesciences shares are trading higher on continued strength following last week's earnings report and guidance.,5,increase,0.85,0.7,,171,24,2.0,2019-10-28,87657.0,3.8911480456590657,0.6579769775271416,-0.7549847373832019,-1.0080557135823345,-0.284013757482171,1.345596441712793,2.7556442475692
18217,EDWARDS LIFESCIENCES CORP,"Deutsche Bank Maintains Hold on Edwards Lifesciences, Raises Price Target to $236",5,increase,0.7,0.4,,170,35,2.0,2019-10-24,87657.0,1.634251698851585,-0.284013757482171,4.159750029572518,2.7484020826711975,1.3913261704146862,-0.893452766328573,-1.002380205784692
18225,EDWARDS LIFESCIENCES CORP,"Stifel Nicolaus Maintains Buy on Edwards Lifesciences, Raises Price Target to $250",5,increase,0.85,0.7,,171,35,2.0,2019-10-24,87657.0,1.634251698851585,-0.284013757482171,4.159750029572518,2.7484020826711975,1.3913261704146862,-0.893452766328573,-1.002380205784692
18233,EDWARDS LIFESCIENCES CORP,"Morgan Stanley Maintains Overweight on Edwards Lifesciences, Raises Price Target to $248",5,increase,0.85,0.7,,170,35,2.0,2019-10-24,87657.0,1.634251698851585,-0.284013757482171,4.159750029572518,2.7484020826711975,1.3913261704146862,-0.893452766328573,-1.002380205784692
18241,EDWARDS LIFESCIENCES CORP,"Bank of America Reiterates Buy on Edwards Lifesciences, Raises Price Target to $250",5,increase,0.85,0.7,,171,35,2.0,2019-10-24,87657.0,1.634251698851585,-0.284013757482171,4.159750029572518,2.7484020826711975,1.3913261704146862,-0.893452766328573,-1.002380205784692
18249,EDWARDS LIFESCIENCES CORP,"Wells Fargo Maintains Outperform on Edwards Lifesciences, Raises Price Target to $262",5,increase,0.85,0.7,,171,35,2.0,2019-10-24,87657.0,1.634251698851585,-0.284013757482171,4.159750029572518,2.7484020826711975,1.3913261704146862,-0.893452766328573,-1.002380205784692
18257,EDWARDS LIFESCIENCES CORP,"Raymond James Maintains Outperform on Edwards Lifesciences, Raises Price Target to $255",5,increase,0.8,0.6,,171,35,2.0,2019-10-24,87657.0,1.634251698851585,-0.284013757482171,4.159750029572518,2.7484020826711975,1.3913261704146862,-0.893452766328573,-1.002380205784692
18265,EDWARDS LIFESCIENCES CORP,Edwards Life Science Raised Its FY19 EPS Guidance From $5.20 - $5.40 to $5.50 - $5.65 vs $5.34 Estimate,5,increase,0.85,0.7,,188,35,2.0,2019-10-23,87657.0,1.391326170414686,1.6342516988515854,6.199487847484031,4.4586590850990815,-2.2534264251589775,-2.360859125341863,-2.506587618898948
18273,EDWARDS LIFESCIENCES CORP,Edwards Lifesciences Q3 Adj. EPS $1.41 vs $1.22 Estimate,5,increase,0.85,0.7,,172,35,2.0,2019-10-23,87657.0,1.391326170414686,1.6342516988515854,6.199487847484031,4.4586590850990815,-2.2534264251589775,-2.360859125341863,-2.506587618898948
18281,EDWARDS LIFESCIENCES CORP,"Edwards Lifesciences Q3 EPS $1.3 Beats $1.22 Estimate, Sales $1.1B Beat $1.04B Estimate",5,increase,0.85,0.7,,184,35,2.0,2019-10-23,87657.0,1.391326170414686,1.6342516988515854,6.199487847484031,4.4586590850990815,-2.2534264251589775,-2.360859125341863,-2.506587618898948
18289,EDWARDS LIFESCIENCES CORP,"UBS Maintains Neutral on Edwards Lifesciences, Raises Price Target to $230",5,increase,0.7,0.4,,169,35,2.0,2019-10-16,87657.0,-1.001622062176466,0.6450502667576075,-0.5125049482531452,5.655210217246176,0.8914012461900711,0.6692811332221993,1.1234502445048866
18297,EDWARDS LIFESCIENCES CORP,"Credit Suisse Maintains Outperform on Edwards Lifesciences, Raises Price Target to $261",5,increase,0.85,0.7,,170,24,2.0,2019-10-14,87657.0,-0.2201576251536608,0.8914012461900711,0.2647748144432471,4.62468349776779,0.4511496517807245,1.0230874903349283,4.164565419454824
18305,EAST WEST BANCORP INC,"Wells Fargo Maintains Outperform on East West Bancorp, Lowers Price Target to $57",5,decrease,0.7,0.4,,166,35,0.0,2019-10-18,86719.0,-0.1692040008492768,1.9128352403640747,5.4963694069519065,8.341082541630861,-5.114677920937538,-5.741627817267913,-2.8417162572166643
18313,EAST WEST BANCORP INC,"Wedbush Maintains Outperform on East West Bancorp, Lowers Price Target to $51",5,decrease,0.7,0.4,,166,35,0.0,2019-10-18,86719.0,-0.1692040008492768,1.9128352403640747,5.4963694069519065,8.341082541630861,-5.114677920937538,-5.741627817267913,-2.8417162572166643
18321,EAST WEST BANCORP INC,"East West Bancorp Q3 EPS $1.17 Misses $1.2 Estimate, Sales $369.807M Miss $371.27M Estimate",5,decrease,0.8,0.3,,178,35,0.0,2019-10-17,86719.0,-5.114677920937538,-0.1692040008492767,2.7314506951620077,4.4114076161615,-0.6607448682188988,2.3954828986373133,1.845356438835477
18329,EAST WEST BANCORP INC,"SunTrust Robinson Humphrey Maintains Buy on East West Bancorp, Lowers Price Target to $54",5,decrease,0.7,0.4,,167,35,0.0,2019-10-03,86719.0,0.1897576614283025,0.0,-2.059665454859827,-2.059665404936939,-1.1720580980181694,-4.8092143440010116,-4.937990328082542
18337,ISHARES INC,Bank Of Canada Holds Interest Rates Unchanged,5,uncertain,0.6,0.3,,148,35,1.0,2019-10-30,83211.0,-0.0693256733939051,-0.173427804838866,1.630243921374852,2.4973961860372818,-0.1730077434331178,-0.2075387963501485,0.1388438689837734
18345,ISHARES INC,CAN Wholesale Sales (MoM) for Aug (1.2)% vs 0.3% Est; Prior 1.4%,5,decrease,0.7,0.4,,167,35,0.0,2019-10-23,83211.0,-0.0695184455253183,0.2086937893182039,0.2782606097405216,1.9130408577912483,-0.1041624345816671,0.6295918253140576,0.2788425215931811
18353,ISHARES INC,"Canada's Trudeau Wins Re-Election, But Loses Majority In Parliament",5,uncertain,0.6,0.3,,154,35,1.0,2019-10-22,83211.0,-0.1041624345816672,-0.0695184455253183,0.2780671670947754,1.5988845678228447,0.7345193531364202,0.383404319448255,0.8050386293148026
18361,ISHARES INC,Pres Trump Says Health Secretary Azar Will Accelerate Effort To Import Drugs From Canada,5,uncertain,0.5,0.3,,157,35,1.0,2019-10-21,83211.0,0.7345193531364201,-0.1041624345816671,0.3472235580576743,1.527779715322919,-0.3485548309981823,0.0700050753517533,0.1050443942745893
18369,ISHARES INC,CAN Building Permits (MoM) for Aug 6.1% vs 2.3% Est; Prior Revised from 3% to 3.2%,5,uncertain,0.5,0.3,,174,35,1.0,2019-10-08,83211.0,-0.9213332086801528,0.6437779404222965,2.1459242182522376,2.897000717401954,-0.2474429085850715,0.4985733369592182,0.4985733369592182
18377,ISHARES INC,CAN Housing Starts for Sep 221.2K vs 217K Est; Prior 226.9K,5,uncertain,0.5,0.2,,162,35,1.0,2019-10-08,83211.0,-0.9213332086801528,0.6437779404222965,2.1459242182522376,2.897000717401954,-0.2474429085850715,0.4985733369592182,0.4985733369592182
18385,ISHARES INC,CAN Ivey PMI for Sep 48.7 vs 60.6 Prior,5,decrease,0.75,0.4,,156,35,0.0,2019-10-04,83211.0,0.7478667888790369,-0.2474429085850715,0.9190467750362252,1.060442680640672,0.0,-1.5772897750139236,-2.8373692825033547
18393,ISHARES INC,Germany Won't Rule Out Huawei from its 5G Roll-out and Network Construction,5,uncertain,0.4,0.2,,156,35,1.0,2019-10-15,83213.0,1.243599690496922,0.5780341103672981,1.914735437672088,2.9985546014353437,0.1832144916988909,2.898007047224138,3.521394609456774
18401,ISHARES INC,German Security Rulebook Will Not Exclude Huawei from Supplying Equipment to Country's 5G Mobile Networks,5,uncertain,0.5,0.3,,161,35,1.0,2019-10-14,83213.0,0.1832144916988909,1.2435996904969215,3.6576444434433864,4.572055581753198,2.70982775837183,3.33207527298347,4.51934238321432
18409,ISHARES INC,"Trump, In Joint Press Conference With Italian Pres, Says Could Solve US, Euro Trade Problem Instantly With Tariffs But That Would Be Too Harsh",5,uncertain,0.5,0.3,,170,35,1.0,2019-10-16,83217.0,0.4983958322554827,0.177120603621006,0.4605067977459631,1.9128619363165231,1.1159087531268597,0.9705264296389516,2.70566644247463
18417,ISHARES INC,Trade Representative Robert Lighthizer Says Trade Deal With Japan Is About $55B Worth Of Trade,5,uncertain,0.6,0.3,,159,35,1.0,2019-10-07,83225.0,-0.634697824716568,-0.5855248775333166,0.958127961989086,2.5195141680747435,1.1592679657042029,1.666965961628386,0.4071509294423681
18425,ISHARES INC,US-Japan Trade Agreement To Focus Heavily On Agricultural Sectors,5,uncertain,0.5,0.3,,154,35,1.0,2019-10-07,83225.0,-0.634697824716568,-0.5855248775333166,0.958127961989086,2.5195141680747435,1.1592679657042029,1.666965961628386,0.4071509294423681
18433,ISHARES INC,Trump To Sign US-Japan Trade Agreement And US-Japan Digital Trade Agreement,5,increase,0.75,0.6,,155,35,2.0,2019-10-07,83225.0,-0.634697824716568,-0.5855248775333166,0.958127961989086,2.5195141680747435,1.1592679657042029,1.666965961628386,0.4071509294423681
18441,ISHARES INC,Trump To Sign US-Japan Trade Agreements At 3:30 p.m.,5,uncertain,0.6,0.4,,155,35,1.0,2019-10-07,83225.0,-0.634697824716568,-0.5855248775333166,0.958127961989086,2.5195141680747435,1.1592679657042029,1.666965961628386,0.4071509294423681
18449,ISHARES INC,Nikkei Survey Shows A Quarter Of Japanese Companies Want To Cut China Risk,5,uncertain,0.6,0.3,,155,35,1.0,2019-10-04,83225.0,1.159267965704203,-0.634697824716568,0.7581105253620102,1.145976227216794,0.5018798634409904,-0.7434979032438505,-1.1808282471184373
18457,ISHARES INC,"AFP Reports Man Holed Up at Museum in Southern France, Threatening Messages in Arabic, According to Police",5,uncertain,0.2,0.1,,161,35,1.0,2019-10-23,83212.0,0.556829571723938,0.3583019599318504,2.1824106289142664,3.029310670587249,-0.5213419441133738,-0.4889166083531182,-0.7477228111026024
18465,ISHARES TRUST,UK Opposition Leader Corbyn Says Trump Is Working To Interfere In UK Election To Get His Friend Boris Johnson Elected,5,uncertain,0.3,0.2,,164,35,1.0,2019-10-31,14907.0,-0.580692058429122,0.4611175041645765,0.7992687797770737,0.0922305109704257,0.7079086732119322,0.3681066049722625,0.8009924272187829
18473,ISHARES TRUST,Trump Says Under Some Brexit Circumstances The U.S. Would Be Precluded From Doing A Trade Deal With The UK,5,uncertain,0.6,0.3,,164,35,1.0,2019-10-31,14907.0,-0.580692058429122,0.4611175041645765,0.7992687797770737,0.0922305109704257,0.7079086732119322,0.3681066049722625,0.8009924272187829
18481,ISHARES TRUST,"Ipsos MORI Survey Shows Tories 41%, Labour 24%",5,uncertain,0.3,0.1,,154,35,1.0,2019-10-31,14907.0,-0.580692058429122,0.4611175041645765,0.7992687797770737,0.0922305109704257,0.7079086732119322,0.3681066049722625,0.8009924272187829
18489,ISHARES TRUST,Position Of Tellers Indicates UK Lawmakers Have Approved Bill On Early Election,5,uncertain,0.5,0.2,,154,35,1.0,2019-10-29,14907.0,-0.3374134888872503,0.7079086732119322,1.2003673422061656,0.5232321956659014,0.4312981851398945,0.2459963523583352,0.6172744994318968
18497,ISHARES TRUST,Labour's Corbyn: No Deal Off the Table Has Now Been Met; Says Will Support an Election,5,uncertain,0.5,0.2,,161,35,1.0,2019-10-29,14907.0,-0.3374134888872503,0.7079086732119322,1.2003673422061656,0.5232321956659014,0.4312981851398945,0.2459963523583352,0.6172744994318968
18505,ISHARES TRUST,EU Grants Another 3-Month Brexit Extension,5,uncertain,0.6,0.3,,149,35,1.0,2019-10-29,14907.0,-0.3374134888872503,0.7079086732119322,1.2003673422061656,0.5232321956659014,0.4312981851398945,0.2459963523583352,0.6172744994318968
18513,ISHARES TRUST,"Prime Minister's Office At 10 Downing Confirms Will Not Try Again To Bring Brexit Bill, WAB Back",5,uncertain,0.5,0.3,,163,35,1.0,2019-10-28,14907.0,0.4312981851398945,-0.3374134888872504,0.6748503525944693,-4.815633447563528e-08,-0.1845060614868998,0.1851776464635079,1.1214972986634653
18521,ISHARES TRUST,UK Lawmakers Have Rejected Prime Minister Johnson's Request For Early Election,5,uncertain,0.4,0.2,,154,35,1.0,2019-10-28,14907.0,0.4312981851398945,-0.3374134888872504,0.6748503525944693,-4.815633447563528e-08,-0.1845060614868998,0.1851776464635079,1.1214972986634653
18529,ISHARES TRUST,"299 UK Lawmakers Vote In Favor Of Early Election, 70 Voted Against",5,uncertain,0.4,0.2,,156,35,1.0,2019-10-28,14907.0,0.4312981851398945,-0.3374134888872504,0.6748503525944693,-4.815633447563528e-08,-0.1845060614868998,0.1851776464635079,1.1214972986634653
18537,ISHARES TRUST,"UK Lawmakers Have Begun Voting On Whether To Hold An Early Election, Results Of Vote Due In 15 Mins.",5,uncertain,0.5,0.3,,164,35,1.0,2019-10-28,14907.0,0.4312981851398945,-0.3374134888872504,0.6748503525944693,-4.815633447563528e-08,-0.1845060614868998,0.1851776464635079,1.1214972986634653
18545,ISHARES TRUST,UK Prime Minister Johnson In Letter To Tusk Confirms Brexit Extension,5,uncertain,0.5,0.3,,153,35,1.0,2019-10-28,14907.0,0.4312981851398945,-0.3374134888872504,0.6748503525944693,-4.815633447563528e-08,-0.1845060614868998,0.1851776464635079,1.1214972986634653
18553,ISHARES TRUST,"Johnson's Spokesman Says PM's View Has Not Changed, UK Should Be Leaving EU on Oct. 31; Says Parliament Has Been Blocking Brexit for Three Years, Clear We Need a New Parliament",5,uncertain,0.5,0.3,,180,35,1.0,2019-10-28,14907.0,0.4312981851398945,-0.3374134888872504,0.6748503525944693,-4.815633447563528e-08,-0.1845060614868998,0.1851776464635079,1.1214972986634653
18561,ISHARES TRUST,EU Agrees Brexit Extension to January 31,5,uncertain,0.6,0.3,,149,35,1.0,2019-10-28,14907.0,0.4312981851398945,-0.3374134888872504,0.6748503525944693,-4.815633447563528e-08,-0.1845060614868998,0.1851776464635079,1.1214972986634653
18569,ISHARES TRUST,Senior EU Official Says Expects on Friday an EU Decision in Principle to Extend Brexit Deadline With No Date Yet,5,uncertain,0.5,0.2,,161,35,1.0,2019-10-25,14907.0,-0.1845060614868999,0.4312981851398945,0.6777609691472231,0.4312981367758484,0.370367057621479,1.308417469691503,1.182330671444154
18577,ISHARES TRUST,"UK's Corbyn Says Tomorrow, EU Will Decide On A Brexit Extension",5,uncertain,0.6,0.3,,154,35,1.0,2019-10-24,14907.0,0.370367057621479,-0.1845060614868998,0.0307451222847365,0.8302596382255389,0.9345890022814274,0.8089674648261047,1.2500047747062482
18585,ISHARES TRUST,UK Prime Minister Johnson Has Won Vote On Gov't. Domestic Agenda,5,uncertain,0.4,0.2,,153,35,1.0,2019-10-24,14907.0,0.370367057621479,-0.1845060614868998,0.0307451222847365,0.8302596382255389,0.9345890022814274,0.8089674648261047,1.2500047747062482
18593,ISHARES TRUST,"UK Prime Minister Johnson Says If I Win Majority In An Election, We Will Ratify Brexit Deal If Not Passed Earlier",5,uncertain,0.5,0.3,,163,35,1.0,2019-10-24,14907.0,0.370367057621479,-0.1845060614868998,0.0307451222847365,0.8302596382255389,0.9345890022814274,0.8089674648261047,1.2500047747062482
18601,ISHARES TRUST,"Letter By UK Prime Minister Johnson To Labour Party Leader Corbyn Shows Johnson Sees Likely EU Will Offer Brexit Delay Until Jan. 31, But Sees Possibility EU Will Offer UK A Shorter Delay",5,uncertain,0.6,0.3,,182,35,1.0,2019-10-24,14907.0,0.370367057621479,-0.1845060614868998,0.0307451222847365,0.8302596382255389,0.9345890022814274,0.8089674648261047,1.2500047747062482
18609,ISHARES TRUST,"UK Prime Minister Johnson Calling For Dec. 12, 2019 Election",5,uncertain,0.4,0.2,,155,35,1.0,2019-10-24,14907.0,0.370367057621479,-0.1845060614868998,0.0307451222847365,0.8302596382255389,0.9345890022814274,0.8089674648261047,1.2500047747062482
18617,ISHARES TRUST,UK Prime Minister Boris Johnson Says Brexit Delay Could Go On For A Long Time,5,uncertain,0.6,0.3,,155,35,1.0,2019-10-24,14907.0,0.370367057621479,-0.1845060614868998,0.0307451222847365,0.8302596382255389,0.9345890022814274,0.8089674648261047,1.2500047747062482
18625,ISHARES TRUST,UK Gov't. Will Table Motion For General Election On Monday,5,uncertain,0.5,0.3,,152,35,1.0,2019-10-24,14907.0,0.370367057621479,-0.1845060614868998,0.0307451222847365,0.8302596382255389,0.9345890022814274,0.8089674648261047,1.2500047747062482
18633,ISHARES TRUST,'UK police confirm 39 Essex truck victims were all Chinese nationals as human trafficking probe begins' -South China Morning Post,5,uncertain,0.2,0.1,,164,35,1.0,2019-10-24,14907.0,0.370367057621479,-0.1845060614868998,0.0307451222847365,0.8302596382255389,0.9345890022814274,0.8089674648261047,1.2500047747062482
18641,ISHARES TRUST,Fitch Says Domestic UK Tourism Could Also Benefit To Rise In Cost Of Traveling Abroad If Pound Depreciates As Result Of Brexit Uncertainty,5,uncertain,0.5,0.3,,167,35,1.0,2019-10-24,14907.0,0.370367057621479,-0.1845060614868998,0.0307451222847365,0.8302596382255389,0.9345890022814274,0.8089674648261047,1.2500047747062482
18649,ISHARES TRUST,UK PM Johnson's Spokesman Says Awaiting Decision from EU on Parliament's Request for Brexit Delay; Says PM Wants to Get on With Delivering Brexit and His Domestic Agenda,5,uncertain,0.5,0.3,,175,35,1.0,2019-10-24,14907.0,0.370367057621479,-0.1845060614868998,0.0307451222847365,0.8302596382255389,0.9345890022814274,0.8089674648261047,1.2500047747062482
18657,ISHARES TRUST,"EU Diplomats Say No Decision Expected On Wednesday On Length, Type Of Extension For Britain's Departure Date From EU; Ambassadors To Discuss Brexit Extension Again On Friday, EU Diplomats Say 3 Month Delay To End Of Jan. Most Likely",5,uncertain,0.6,0.3,,188,35,1.0,2019-10-23,14907.0,0.9345890022814274,0.370367057621479,0.9876533326073522,1.388879350198602,-0.1244583632797002,0.3124952264061731,0.2811626222569252
18665,ISHARES TRUST,Spokesperson For UK Prime Minister Says UK Parliament Will Always Vote For Delay,5,uncertain,0.4,0.2,,155,35,1.0,2019-10-23,14907.0,0.9345890022814274,0.370367057621479,0.9876533326073522,1.388879350198602,-0.1244583632797002,0.3124952264061731,0.2811626222569252
18673,ISHARES TRUST,"Spokesperson For UK Prime Minister Johnson Says Johnson Spoke With EC President Tusk And Told Him He Still Opposes Deal Extension, Wants To Leave By Oct. 31",5,uncertain,0.5,0.2,,175,35,1.0,2019-10-23,14907.0,0.9345890022814274,0.370367057621479,0.9876533326073522,1.388879350198602,-0.1244583632797002,0.3124952264061731,0.2811626222569252
18681,ISHARES TRUST,UK Times Political Editor Says PM Johnson Meeting Labour's Corbyn to Discuss New Program Motion,5,uncertain,0.3,0.2,,157,35,1.0,2019-10-23,14907.0,0.9345890022814274,0.370367057621479,0.9876533326073522,1.388879350198602,-0.1244583632797002,0.3124952264061731,0.2811626222569252
18689,ISHARES TRUST,"EU's Tusk Says Will Recommend The EU27 Accept UK Request For A Brexit Extension, Needs Written Procedure",5,uncertain,0.5,0.2,,161,35,1.0,2019-10-22,14907.0,-0.1244583632797003,0.9345890022814274,1.2149633303124574,2.4299146955554463,0.4374980926513672,0.4061264438615097,1.100970322895578
18697,ISHARES TRUST,"EU Commission Takes Note Of Tonight's Brexit Vote, Expects UK Government To Inform It About Next Steps",5,uncertain,0.6,0.3,,160,35,1.0,2019-10-22,14907.0,-0.1244583632797003,0.9345890022814274,1.2149633303124574,2.4299146955554463,0.4374980926513672,0.4061264438615097,1.100970322895578
18705,ISHARES TRUST,"'European Commission says President Tusk is consulting EU leaders on extending Brexit to January 31, 2020 after UK govt. loses fast-track vote' -CNBC Now Tweet",5,uncertain,0.5,0.3,,176,35,1.0,2019-10-22,14907.0,-0.1244583632797003,0.9345890022814274,1.2149633303124574,2.4299146955554463,0.4374980926513672,0.4061264438615097,1.100970322895578
18713,ISHARES TRUST,UK Prime Minister Has Accelerated Plans For No-Deal Brexit,5,uncertain,0.6,0.3,,152,35,1.0,2019-10-22,14907.0,-0.1244583632797003,0.9345890022814274,1.2149633303124574,2.4299146955554463,0.4374980926513672,0.4061264438615097,1.100970322895578
18721,ISHARES TRUST,UK Lawmakers Reject Timetable For Brexit Deal Legislation,5,uncertain,0.6,0.3,,151,35,1.0,2019-10-22,14907.0,-0.1244583632797003,0.9345890022814274,1.2149633303124574,2.4299146955554463,0.4374980926513672,0.4061264438615097,1.100970322895578
18729,ISHARES TRUST,DUP MP's Will Vote Against Programme Motion,5,uncertain,0.3,0.1,,149,35,1.0,2019-10-22,14907.0,-0.1244583632797003,0.9345890022814274,1.2149633303124574,2.4299146955554463,0.4374980926513672,0.4061264438615097,1.100970322895578
18737,ISHARES TRUST,329 UK Lawmakers Vote For Second Reading Of Brexit Deal Legislation,5,uncertain,0.6,0.3,,153,35,1.0,2019-10-22,14907.0,-0.1244583632797003,0.9345890022814274,1.2149633303124574,2.4299146955554463,0.4374980926513672,0.4061264438615097,1.100970322895578
18745,ISHARES TRUST,"Tory MP Says They've Spotted Several Labour MP's In The ""Aye"" Voting Lobby As Division Gets Underway",5,uncertain,0.2,0.1,,164,35,1.0,2019-10-22,14907.0,-0.1244583632797003,0.9345890022814274,1.2149633303124574,2.4299146955554463,0.4374980926513672,0.4061264438615097,1.100970322895578
18753,ISHARES TRUST,'PM will be calling EU leaders tonight making clear our policy remains that we leave on 31/10 and that no delays should  be offered.' -iTV Political Correspondent,5,uncertain,0.6,0.3,,176,35,1.0,2019-10-22,14907.0,-0.1244583632797003,0.9345890022814274,1.2149633303124574,2.4299146955554463,0.4374980926513672,0.4061264438615097,1.100970322895578
18761,ISHARES TRUST,"'I'm Told That Boris Johnson Is Now Ready To Accept A Ten Day Brexit Delay Beyond ""Do Or Die"" Day On Oct 31 If He Loses Programme Motion Tonight. But Only If EU Says It's The Final, Final Extension. ""They Won't Do That - So In Practice We'll Pull The Bill'",5,uncertain,0.6,0.3,,201,35,1.0,2019-10-22,14907.0,-0.1244583632797003,0.9345890022814274,1.2149633303124574,2.4299146955554463,0.4374980926513672,0.4061264438615097,1.100970322895578
18769,ISHARES TRUST,"UK Prime Minister Johnson Says If We Reject New Deal, The Alternative Is To Undo Brexit",5,uncertain,0.5,0.3,,157,35,1.0,2019-10-22,14907.0,-0.1244583632797003,0.9345890022814274,1.2149633303124574,2.4299146955554463,0.4374980926513672,0.4061264438615097,1.100970322895578
18777,ISHARES TRUST,UK Prime Minister Johnson Says Will Deal A Trade Deal Before End Of 2020,5,uncertain,0.5,0.3,,156,35,1.0,2019-10-22,14907.0,-0.1244583632797003,0.9345890022814274,1.2149633303124574,2.4299146955554463,0.4374980926513672,0.4061264438615097,1.100970322895578
18785,ISHARES TRUST,"Johnson's Spokesman Says Voting Down Programme Motion Would Have Serious Implications; Would Mean Legislation Will Drift on and on, Not in UK or EU Interest",5,uncertain,0.4,0.2,,172,35,1.0,2019-10-22,14907.0,-0.1244583632797003,0.9345890022814274,1.2149633303124574,2.4299146955554463,0.4374980926513672,0.4061264438615097,1.100970322895578
18793,ISHARES TRUST,Spokesman for UK PM Johnson Says PMm Will Open the Brexit Debate on Tuesday,5,uncertain,0.5,0.3,,157,35,1.0,2019-10-22,14907.0,-0.1244583632797003,0.9345890022814274,1.2149633303124574,2.4299146955554463,0.4374980926513672,0.4061264438615097,1.100970322895578
18801,ISHARES TRUST,UK Lawmaker Boles Proposes Amendment Requiring Government to Seek an Extension of the Transition to Dec 2022 Unless MP's Pass Resolution to the Contrary,5,uncertain,0.4,0.2,,171,35,1.0,2019-10-22,14907.0,-0.1244583632797003,0.9345890022814274,1.2149633303124574,2.4299146955554463,0.4374980926513672,0.4061264438615097,1.100970322895578
18809,ISHARES TRUST,UK Parliament Will Hold First vote On Brexit Bill 7 p.m. Local Time Tuesday,5,uncertain,0.6,0.3,,157,35,1.0,2019-10-21,14907.0,0.4374980926513672,-0.1244583632797002,1.4312355141270716,2.1157445646350803,-0.0312349962769076,0.660582195737458,0.534087582588394
18817,ISHARES TRUST,UK's Labour Party Leader Corbyn Says Will Continue To Work To Avoid A No-Deal Brexit,5,uncertain,0.5,0.2,,159,35,1.0,2019-10-21,14907.0,0.4374980926513672,-0.1244583632797002,1.4312355141270716,2.1157445646350803,-0.0312349962769076,0.660582195737458,0.534087582588394
18825,ISHARES TRUST,"Spokesperson For UK Prime Minister Johnson Says Is Disappointed The UK House Of Commons Speaker Denied Chance To Deliver On Will Of British People, Says Will Go Ahead With Introduction Of Withdrawal Agreement Bill",5,uncertain,0.6,0.3,,179,35,1.0,2019-10-21,14907.0,0.4374980926513672,-0.1244583632797002,1.4312355141270716,2.1157445646350803,-0.0312349962769076,0.660582195737458,0.534087582588394
18833,ISHARES TRUST,UK Speaker Says Application for Brexit Delay Is Not Persuasive As A Change Of Circumstance,5,uncertain,0.5,0.3,,158,35,1.0,2019-10-21,14907.0,0.4374980926513672,-0.1244583632797002,1.4312355141270716,2.1157445646350803,-0.0312349962769076,0.660582195737458,0.534087582588394
18841,ISHARES TRUST,UK Speaker Says Motion Will Not Be Debated Monday,5,uncertain,0.3,0.1,,150,35,1.0,2019-10-21,14907.0,0.4374980926513672,-0.1244583632797002,1.4312355141270716,2.1157445646350803,-0.0312349962769076,0.660582195737458,0.534087582588394
18849,ISHARES TRUST,"UK Speaker Says Monday's Motion Seeks Approval For Same Things As Saturday's Motion, Sees Motions The Same In Substance",5,uncertain,0.6,0.2,,165,35,1.0,2019-10-21,14907.0,0.4374980926513672,-0.1244583632797002,1.4312355141270716,2.1157445646350803,-0.0312349962769076,0.660582195737458,0.534087582588394
18857,ISHARES TRUST,"UK House Of Commons Speaker Says Sees 2 Issues With New Brexit Deal: 1 Of Substance, 1 Of Circumstance",5,uncertain,0.6,0.3,,167,35,1.0,2019-10-21,14907.0,0.4374980926513672,-0.1244583632797002,1.4312355141270716,2.1157445646350803,-0.0312349962769076,0.660582195737458,0.534087582588394
18865,ISHARES TRUST,UK PM Johnson Battles To Push Brexit Deal Through,5,uncertain,0.6,0.3,,149,35,1.0,2019-10-21,14907.0,0.4374980926513672,-0.1244583632797002,1.4312355141270716,2.1157445646350803,-0.0312349962769076,0.660582195737458,0.534087582588394
18873,ISHARES TRUST,"UK Finance Minister Sends Letter To Treasury Committee, Shows He's In Agreement Withdrawal Deal Is Self Evidently In UK's Economic Interest",5,uncertain,0.5,0.2,,163,35,1.0,2019-10-21,14907.0,0.4374980926513672,-0.1244583632797002,1.4312355141270716,2.1157445646350803,-0.0312349962769076,0.660582195737458,0.534087582588394
18881,ISHARES TRUST,US Secretary of Commerce Says the US Would Do a Trade Deal with the UK Shortly After Brexit,5,uncertain,0.5,0.3,,158,35,1.0,2019-10-21,14907.0,0.4374980926513672,-0.1244583632797002,1.4312355141270716,2.1157445646350803,-0.0312349962769076,0.660582195737458,0.534087582588394
18889,ISHARES TRUST,UK PM Johnson's Spokesman Says No Certainty EU Will Agree to an Extension,5,uncertain,0.6,0.3,,157,35,1.0,2019-10-21,14907.0,0.4374980926513672,-0.1244583632797002,1.4312355141270716,2.1157445646350803,-0.0312349962769076,0.660582195737458,0.534087582588394
18897,ISHARES TRUST,"Spokesman for UK PM Johnson Says the Meaningful Vote Will Go Ahead if the Speaker Agrees and if No Amendments Are Selected Which Would Render It Meaningless; Says We Have Just Concluded a Very Good Deal With the EU, That is the Deal We Are Focused on Getting Through",5,uncertain,0.6,0.3,,199,35,1.0,2019-10-21,14907.0,0.4374980926513672,-0.1244583632797002,1.4312355141270716,2.1157445646350803,-0.0312349962769076,0.660582195737458,0.534087582588394
18905,ISHARES TRUST,Fitch Says Is Still Uncertain If UK Parliament Will Approve Brexit Deal Before End Of Oct.,5,uncertain,0.6,0.3,,159,35,1.0,2019-10-18,14907.0,-0.0312349962769076,0.4374980926513672,1.4374971505922485,2.125000914358788,0.6920333486050367,0.5654992125232905,2.007645583000839
18913,ISHARES TRUST,Fitch Maintains Negative Outlook On UK,5,uncertain,0.6,0.3,,148,35,1.0,2019-10-18,14907.0,-0.0312349962769076,0.4374980926513672,1.4374971505922485,2.125000914358788,0.6920333486050367,0.5654992125232905,2.007645583000839
18921,ISHARES TRUST,Bank of England's Carney Says Monetary Policy Would be Enacted in a Normal Time Frame in the Case of a No-Deal Brexit,5,uncertain,0.6,0.3,,167,35,1.0,2019-10-18,14907.0,-0.0312349962769076,0.4374980926513672,1.4374971505922485,2.125000914358788,0.6920333486050367,0.5654992125232905,2.007645583000839
18929,ISHARES TRUST,Hearing A Controlled Explosion Has Taken Place Outside Of UK Treasury,5,uncertain,0.4,0.2,,152,35,1.0,2019-10-18,14907.0,-0.0312349962769076,0.4374980926513672,1.4374971505922485,2.125000914358788,0.6920333486050367,0.5654992125232905,2.007645583000839
18937,ISHARES TRUST,Goldman Sachs Says Raises Its Probability on Brexit Deal to 65% From 60%,5,uncertain,0.5,0.3,,157,35,1.0,2019-10-18,14907.0,-0.0312349962769076,0.4374980926513672,1.4374971505922485,2.125000914358788,0.6920333486050367,0.5654992125232905,2.007645583000839
18945,ISHARES TRUST,"Tusk Says European Union Summit Endorsed This Deal, Says We Are Waiting For Votes In EU And UK Parliaments",5,uncertain,0.5,0.3,,165,35,1.0,2019-10-17,14907.0,0.6920333486050367,-0.0312349962769076,1.5932588728162944,1.6244938444897716,-0.1256644958630204,1.306570331975565,0.4740882547710878
18953,ISHARES TRUST,Senior UK Official Says Boris Johnson's Positions Is Now That Its A New Deal Or No Deal But No Delay,5,uncertain,0.6,0.3,,161,35,1.0,2019-10-17,14907.0,0.6920333486050367,-0.0312349962769076,1.5932588728162944,1.6244938444897716,-0.1256644958630204,1.306570331975565,0.4740882547710878
18961,ISHARES TRUST,"IMF Managing Director Says If There Is A No-Deal Brexit, Could Cost Britain 3.5-5% Of GDP",5,decrease,0.75,0.4,,166,35,0.0,2019-10-17,14907.0,0.6920333486050367,-0.0312349962769076,1.5932588728162944,1.6244938444897716,-0.1256644958630204,1.306570331975565,0.4740882547710878
18969,ISHARES TRUST,UK Cabinet Office Minister Gove Says We Don't Contemplate Defeat on Brexit Deal in Parliament on Saturday,5,uncertain,0.6,0.2,,160,35,1.0,2019-10-17,14907.0,0.6920333486050367,-0.0312349962769076,1.5932588728162944,1.6244938444897716,-0.1256644958630204,1.306570331975565,0.4740882547710878
18977,ISHARES TRUST,EUs Barnier Says I Trust in Possibility That Deal Be Ratified in Time by Oct. 31,5,uncertain,0.6,0.3,,162,35,1.0,2019-10-17,14907.0,0.6920333486050367,-0.0312349962769076,1.5932588728162944,1.6244938444897716,-0.1256644958630204,1.306570331975565,0.4740882547710878
18985,ISHARES TRUST,UK Opposition Leader Corbyn Says We are Unhappy with Brexit Deal,5,uncertain,0.4,0.2,,153,35,1.0,2019-10-17,14907.0,0.6920333486050367,-0.0312349962769076,1.5932588728162944,1.6244938444897716,-0.1256644958630204,1.306570331975565,0.4740882547710878
18993,ISHARES TRUST,Political Declaration Allows for Ambitious Free Trade Deal With Zero Tariffs and Quotas Between EU and UK,5,uncertain,0.6,0.3,,160,35,1.0,2019-10-17,14907.0,0.6920333486050367,-0.0312349962769076,1.5932588728162944,1.6244938444897716,-0.1256644958630204,1.306570331975565,0.4740882547710878
19001,ISHARES TRUST,"EU's Juncker Says There is a Deal, We Have a Brexit Deal",5,uncertain,0.6,0.3,,155,35,1.0,2019-10-17,14907.0,0.6920333486050367,-0.0312349962769076,1.5932588728162944,1.6244938444897716,-0.1256644958630204,1.306570331975565,0.4740882547710878
19009,ISHARES TRUST,UK Sun Political Editor Tom Newton Dunn Tweets: The DUP have NOT agreed to the UK-EU Deal.,5,uncertain,0.6,0.3,,160,35,1.0,2019-10-17,14907.0,0.6920333486050367,-0.0312349962769076,1.5932588728162944,1.6244938444897716,-0.1256644958630204,1.306570331975565,0.4740882547710878
19017,ISHARES TRUST,"Senior EU Official Says if There is No Brexit Deal on Table Today, They Will Discuss Potential Extension",5,uncertain,0.6,0.3,,159,35,1.0,2019-10-17,14907.0,0.6920333486050367,-0.0312349962769076,1.5932588728162944,1.6244938444897716,-0.1256644958630204,1.306570331975565,0.4740882547710878
19025,ISHARES TRUST,Boris Johnson Will Go To Brussels Early Thursday If He Can Have Some Useful Meetings,5,uncertain,0.4,0.2,,156,35,1.0,2019-10-16,14907.0,-0.1256644958630204,0.6920333486050367,1.9188442794312977,2.9254491415120265,1.4340369030833244,0.6005073751997658,3.579565218745384
19033,ISHARES TRUST,UK Government Source Tells Reuters No Further Movement Expected Tonight On Brexit Deal,5,uncertain,0.6,0.3,,154,35,1.0,2019-10-16,14907.0,-0.1256644958630204,0.6920333486050367,1.9188442794312977,2.9254491415120265,1.4340369030833244,0.6005073751997658,3.579565218745384
19041,ISHARES TRUST,'EU27 ambassadors have been told that all issues have been agreed except for VAT' -Tweet From BuzzFeed News Europe Editor,5,uncertain,0.6,0.3,,165,35,1.0,2019-10-16,14907.0,-0.1256644958630204,0.6920333486050367,1.9188442794312977,2.9254491415120265,1.4340369030833244,0.6005073751997658,3.579565218745384
19049,ISHARES TRUST,"'Just as Barnier arrives to see ambassadors,  government source has just told me there will not be a deal tonight' -BBC Political Editor Laura Kuenssberg",5,uncertain,0.6,0.3,,174,35,1.0,2019-10-16,14907.0,-0.1256644958630204,0.6920333486050367,1.9188442794312977,2.9254491415120265,1.4340369030833244,0.6005073751997658,3.579565218745384
19057,ISHARES TRUST,Macron Says Hopes Brexit Deal Can Be Agreed On In Next Few Hours,5,uncertain,0.6,0.3,,156,35,1.0,2019-10-16,14907.0,-0.1256644958630204,0.6920333486050367,1.9188442794312977,2.9254491415120265,1.4340369030833244,0.6005073751997658,3.579565218745384
19065,ISHARES TRUST,UPDATE: Macron Says Hopes A Brexit Deal Could Be Signed Off Thurs.,5,uncertain,0.6,0.3,,154,35,1.0,2019-10-16,14907.0,-0.1256644958630204,0.6920333486050367,1.9188442794312977,2.9254491415120265,1.4340369030833244,0.6005073751997658,3.579565218745384
19073,ISHARES TRUST,French Pres Macron Says Brexit Deal Is Being Finalized,5,uncertain,0.5,0.3,,150,35,1.0,2019-10-16,14907.0,-0.1256644958630204,0.6920333486050367,1.9188442794312977,2.9254491415120265,1.4340369030833244,0.6005073751997658,3.579565218745384
19081,ISHARES TRUST,UK PM Johnson's Spokesman Says PM Told Cabinet There Is A Chance Of Securing A Good Deal But Said Said We Are Not There Yet On Brexit Deal; Told Cabinet There Remain Outstanding Issues,5,uncertain,0.6,0.3,,180,35,1.0,2019-10-16,14907.0,-0.1256644958630204,0.6920333486050367,1.9188442794312977,2.9254491415120265,1.4340369030833244,0.6005073751997658,3.579565218745384
19089,ISHARES TRUST,Hearing European Council President Donald Tusk Says It Should Be Known In Seven To Eight Hours When Brexit Could Happen,5,uncertain,0.6,0.3,,163,35,1.0,2019-10-16,14907.0,-0.1256644958630204,0.6920333486050367,1.9188442794312977,2.9254491415120265,1.4340369030833244,0.6005073751997658,3.579565218745384
19097,ISHARES TRUST,"Leader Of Northern Ireland's Democractic Unionist Party Arlene Foster Says Northern Ireland's DUP Has Said EU Sources Are Talking Nonsense, Talks Continue",5,uncertain,0.3,0.1,,169,35,1.0,2019-10-16,14907.0,-0.1256644958630204,0.6920333486050367,1.9188442794312977,2.9254491415120265,1.4340369030833244,0.6005073751997658,3.579565218745384
19105,ISHARES TRUST,UPDATE: RTE Reporter Has 2 Senior EU Sources Have Indicated Main Stumbling Block To Brexit Deal Have Beren Removed,5,increase,0.8,0.6,,165,35,2.0,2019-10-16,14907.0,-0.1256644958630204,0.6920333486050367,1.9188442794312977,2.9254491415120265,1.4340369030833244,0.6005073751997658,3.579565218745384
19113,ISHARES TRUST,Hearing Reporter For UK Publication RTE Says DUP Has Accepted Latest Brexit Proposals On Consent,5,uncertain,0.5,0.2,,158,35,1.0,2019-10-16,14907.0,-0.1256644958630204,0.6920333486050367,1.9188442794312977,2.9254491415120265,1.4340369030833244,0.6005073751997658,3.579565218745384
19121,ISHARES TRUST,BBC Political Editor Says Sees No Imminent Breakthrough Following DUP Meeting,5,uncertain,0.3,0.1,,155,35,1.0,2019-10-16,14907.0,-0.1256644958630204,0.6920333486050367,1.9188442794312977,2.9254491415120265,1.4340369030833244,0.6005073751997658,3.579565218745384
19129,ISHARES TRUST,"Spokesperson For UK Prime Minister Boris Johnson Says Overnight Talks Were Constructive, But Still Work To Do",5,uncertain,0.5,0.2,,161,35,1.0,2019-10-16,14907.0,-0.1256644958630204,0.6920333486050367,1.9188442794312977,2.9254491415120265,1.4340369030833244,0.6005073751997658,3.579565218745384
19137,ISHARES TRUST,"EU Commissioner for Migration, Home Affairs and Citizenship Dmitris Avramopoulos Says Brexit Negotiator Michel Barnier Sees 'Still A Number Of Significant Issues [On Brexit Deal] To Resolve'",5,uncertain,0.6,0.3,,178,35,1.0,2019-10-16,14907.0,-0.1256644958630204,0.6920333486050367,1.9188442794312977,2.9254491415120265,1.4340369030833244,0.6005073751997658,3.579565218745384
19145,ISHARES TRUST,Michel Barnier Has Told EU Commissioners He is Optimistic of Getting a Deal Done Today,5,increase,0.7,0.4,,157,35,2.0,2019-10-16,14907.0,-0.1256644958630204,0.6920333486050367,1.9188442794312977,2.9254491415120265,1.4340369030833244,0.6005073751997658,3.579565218745384
19153,ISHARES TRUST,"UK Government Source Says Talks Between Britain, EU Are Starting Again Now, There is More Work Still to Do",5,uncertain,0.5,0.2,,161,35,1.0,2019-10-16,14907.0,-0.1256644958630204,0.6920333486050367,1.9188442794312977,2.9254491415120265,1.4340369030833244,0.6005073751997658,3.579565218745384
19161,ISHARES TRUST,"UK Sun Reports Former Brexit Minister Paterson Says Emerging Brexit Deal is Absurd, Unacceptable",5,uncertain,0.4,0.2,,158,35,1.0,2019-10-15,14907.0,1.434036903083324,-0.1256644958630204,0.8482518071950107,2.0735210859135877,-0.8217453956604004,2.1151956297589036,3.598541433608715
19169,ISHARES TRUST,Daily Telegraph's Christopher Hope Reports Boris Johnson To Address Mass Meeting Of 1922 Committee Of Conservative Backbenchers,5,uncertain,0.3,0.1,,162,35,1.0,2019-10-15,14907.0,1.434036903083324,-0.1256644958630204,0.8482518071950107,2.0735210859135877,-0.8217453956604004,2.1151956297589036,3.598541433608715
19177,ISHARES TRUST,UPDATE: Guardian Article Suggests 'A draft treaty could now be published on Wednesday morning',5,uncertain,0.4,0.2,,157,35,1.0,2019-10-15,14907.0,1.434036903083324,-0.1256644958630204,0.8482518071950107,2.0735210859135877,-0.8217453956604004,2.1151956297589036,3.598541433608715
19185,ISHARES TRUST,"Ireland Prime Minister Says Still Thinks Gap Between UK, EU Is Significant  But Situation May Have Changed In Last Couple Of Hours",5,uncertain,0.4,0.2,,165,35,1.0,2019-10-15,14907.0,1.434036903083324,-0.1256644958630204,0.8482518071950107,2.0735210859135877,-0.8217453956604004,2.1151956297589036,3.598541433608715
19193,ISHARES TRUST,Ireland Prime Minister Says As Of Now Its Unclear If We Will Have A Brexit Deal In Time For EU Summit,5,uncertain,0.6,0.3,,162,35,1.0,2019-10-15,14907.0,1.434036903083324,-0.1256644958630204,0.8482518071950107,2.0735210859135877,-0.8217453956604004,2.1151956297589036,3.598541433608715
19201,ISHARES TRUST,Spokesperson For UK Prime Minister Says Brexit Talks Continue But Still Is Work To Do,5,uncertain,0.6,0.3,,157,35,1.0,2019-10-15,14907.0,1.434036903083324,-0.1256644958630204,0.8482518071950107,2.0735210859135877,-0.8217453956604004,2.1151956297589036,3.598541433608715
19209,ISHARES TRUST,"EU, UK Negotiators Closing In On Draft Brexit Deal",5,uncertain,0.6,0.3,,151,35,1.0,2019-10-15,14907.0,1.434036903083324,-0.1256644958630204,0.8482518071950107,2.0735210859135877,-0.8217453956604004,2.1151956297589036,3.598541433608715
19217,ISHARES TRUST,"IMF Chief Economist Gopinath Says Fund Not Projecting Recession In Baseline Scenario Over Next Several Months, Sees No-Deal Brexit Cutting UK Growth By 3%",5,uncertain,0.6,0.3,,175,35,1.0,2019-10-15,14907.0,1.434036903083324,-0.1256644958630204,0.8482518071950107,2.0735210859135877,-0.8217453956604004,2.1151956297589036,3.598541433608715
19225,ISHARES TRUST,"EU's Barnier Said He Saw Three Scenarios Ahead: Deal Tonight, Extension, 'Breakdown'",5,uncertain,0.6,0.3,,160,35,1.0,2019-10-15,14907.0,1.434036903083324,-0.1256644958630204,0.8482518071950107,2.0735210859135877,-0.8217453956604004,2.1151956297589036,3.598541433608715
19233,ISHARES TRUST,EU's Michel Barnier Says Brexit Seal is Still Possible this Week,5,uncertain,0.6,0.3,,153,35,1.0,2019-10-15,14907.0,1.434036903083324,-0.1256644958630204,0.8482518071950107,2.0735210859135877,-0.8217453956604004,2.1151956297589036,3.598541433608715
19241,ISHARES TRUST,'UK reviews all arms export licences to Turkey' -FT,5,uncertain,0.4,0.2,,152,35,1.0,2019-10-14,14907.0,-0.8217453956604004,1.4340369030833244,2.4219256064739403,3.8878245800065825,2.961275167763233,4.4569112926047705,4.87238747966332
19249,ISHARES TRUST,Spokesperson For UK Prime Minister Johnson Says Will Not Resign If Parliament Rejects His Queen's Speech,5,uncertain,0.3,0.1,,161,35,1.0,2019-10-14,14907.0,-0.8217453956604004,1.4340369030833244,2.4219256064739403,3.8878245800065825,2.961275167763233,4.4569112926047705,4.87238747966332
19257,ISHARES TRUST,Brexit Update: Queen Elizabeth II Says UK's Priority Is To Leave EU At End Of Month,5,uncertain,0.6,0.3,,158,35,1.0,2019-10-14,14907.0,-0.8217453956604004,1.4340369030833244,2.4219256064739403,3.8878245800065825,2.961275167763233,4.4569112926047705,4.87238747966332
19265,ISHARES TRUST,Queen Elizabeth Says Government's Priority is to Secure the UKs Departure From the EU on October 31; Says Government Intends to Work Towards a New Partnership With the EU,5,uncertain,0.5,0.3,,174,35,1.0,2019-10-14,14907.0,-0.8217453956604004,1.4340369030833244,2.4219256064739403,3.8878245800065825,2.961275167763233,4.4569112926047705,4.87238747966332
19273,ISHARES TRUST,Queen Elizabeth Delivers Queen's Speech at Opening of Parliament,5,uncertain,0.2,0.1,,151,35,1.0,2019-10-14,14907.0,-0.8217453956604004,1.4340369030833244,2.4219256064739403,3.8878245800065825,2.961275167763233,4.4569112926047705,4.87238747966332
19281,ISHARES TRUST,UK PM Johnson's Spokesman Says Talks With EU Remain Constructive; Still a Lot of Work to Do,5,uncertain,0.5,0.2,,163,35,1.0,2019-10-14,14907.0,-0.8217453956604004,1.4340369030833244,2.4219256064739403,3.8878245800065825,2.961275167763233,4.4569112926047705,4.87238747966332
19289,ISHARES TRUST,Morgan Stanley Sees 55% Chance of a Brexit Deal Now vs 35% Before Current Developments,5,uncertain,0.6,0.3,,161,35,1.0,2019-10-11,14907.0,2.9612751677632327,-0.8217453956604004,1.1378021931116589,2.5916552178092633,1.4526200480759144,1.856146700578587,0.5562829506219114
19297,ISHARES TRUST,EU Brexit Negotiator Barnier Says Received Go Ahead From 27 Member States To Go Into 'Intense' Talks With Britain,5,uncertain,0.5,0.3,,165,35,1.0,2019-10-11,14907.0,2.9612751677632327,-0.8217453956604004,1.1378021931116589,2.5916552178092633,1.4526200480759144,1.856146700578587,0.5562829506219114
19305,ISHARES TRUST,"Britain Proposing A 'Pared-Down Free Trade' Deal To End Brexit Stalemate, Get A Deal Done By Oct.",5,uncertain,0.6,0.3,,167,35,1.0,2019-10-10,14907.0,1.452620048075914,2.961275167763233,4.165306844392447,5.824929838087045,0.3977488726377487,-0.8835031535205817,-0.980710176800592
19313,ISHARES TRUST,"UK Minister Says Talks Between UK, Irish Prime Ministers Has Been 'Cordial, Constructive,' Says Has Been Good Progress",5,uncertain,0.3,0.1,,164,35,1.0,2019-10-10,14907.0,1.452620048075914,2.961275167763233,4.165306844392447,5.824929838087045,0.3977488726377487,-0.8835031535205817,-0.980710176800592
19321,ISHARES TRUST,"UK, Irish Prime Ministers Say See A Pathway To Possible Brexit Deal, Say Discussion Is Focused On Customs, Consent",5,uncertain,0.6,0.3,,164,35,1.0,2019-10-10,14907.0,1.452620048075914,2.961275167763233,4.165306844392447,5.824929838087045,0.3977488726377487,-0.8835031535205817,-0.980710176800592
19329,ISHARES TRUST,Hearing Meeting Between EU Negotiator Barnier And Britain's Barclay Has Been Delayed From Thurs. To Fri.,5,uncertain,0.4,0.2,,162,35,1.0,2019-10-09,14907.0,0.3977488726377487,1.4526200480759144,4.952129240339653,6.9659971684092215,-1.2761760503053663,-1.3729979655091928,-0.6258252009882503
19337,ISHARES TRUST,"EU's Barnier Says Even Without A Brexit Deal, We Will Have To Rebuild Relationship With Britain",5,uncertain,0.4,0.2,,160,35,1.0,2019-10-09,14907.0,0.3977488726377487,1.4526200480759144,4.952129240339653,6.9659971684092215,-1.2761760503053663,-1.3729979655091928,-0.6258252009882503
19345,ISHARES TRUST,EU's Brexit Negotiator Barnier Says We Are Not In A Position To Be Able To Find Deal With UK,5,uncertain,0.6,0.3,,162,35,1.0,2019-10-09,14907.0,0.3977488726377487,1.4526200480759144,4.952129240339653,6.9659971684092215,-1.2761760503053663,-1.3729979655091928,-0.6258252009882503
19353,ISHARES TRUST,EC Pres Juncker Says Is Working On A Deal With Britain For Brexit,5,uncertain,0.5,0.3,,154,35,1.0,2019-10-09,14907.0,0.3977488726377487,1.4526200480759144,4.952129240339653,6.9659971684092215,-1.2761760503053663,-1.3729979655091928,-0.6258252009882503
19361,ISHARES TRUST,UPDATE: Sassoli Says There Are 2 Alternatives To Brexit Deal: Extension Or No Deal,5,uncertain,0.5,0.3,,158,35,1.0,2019-10-09,14907.0,0.3977488726377487,1.4526200480759144,4.952129240339653,6.9659971684092215,-1.2761760503053663,-1.3729979655091928,-0.6258252009882503
19369,ISHARES TRUST,UPDATE: Sassoli Says EU Parliament Will Not Accept Any Brexit Deal With Undermines Good Friday Deal Or A Single Market,5,uncertain,0.6,0.3,,164,35,1.0,2019-10-09,14907.0,0.3977488726377487,1.4526200480759144,4.952129240339653,6.9659971684092215,-1.2761760503053663,-1.3729979655091928,-0.6258252009882503
19377,ISHARES TRUST,UPDATE: Sassoli Sees Orderly Brexit With Divorce Agreement 'By Far' The Best Outcome,5,uncertain,0.6,0.3,,159,35,1.0,2019-10-09,14907.0,0.3977488726377487,1.4526200480759144,4.952129240339653,6.9659971684092215,-1.2761760503053663,-1.3729979655091928,-0.6258252009882503
19385,ISHARES TRUST,"European Parliament's Sassoli Says Doesn't See Much Progress In EU, UK Talks",5,uncertain,0.5,0.2,,155,35,1.0,2019-10-09,14907.0,0.3977488726377487,1.4526200480759144,4.952129240339653,6.9659971684092215,-1.2761760503053663,-1.3729979655091928,-0.6258252009882503
19393,ISHARES TRUST,"Brexit Update: Scottish Court Delays Decision On Extension, EU Negotiator Says Deal 'Difficult But Possible'",5,uncertain,0.6,0.3,,162,35,1.0,2019-10-09,14907.0,0.3977488726377487,1.4526200480759144,4.952129240339653,6.9659971684092215,-1.2761760503053663,-1.3729979655091928,-0.6258252009882503
19401,ISHARES TRUST,European Commission's Oettinger Says Brexit Proposal From UK Government Does Not Represent Satisfactory Solution,5,uncertain,0.6,0.3,,158,35,1.0,2019-10-09,14907.0,0.3977488726377487,1.4526200480759144,4.952129240339653,6.9659971684092215,-1.2761760503053663,-1.3729979655091928,-0.6258252009882503
19409,ISHARES TRUST,"Sassoli Says European Parliament is Open to an Extension, if There is a Good Reason for It; Says No Deal Would Be Very Negative Outcome",5,uncertain,0.6,0.3,,169,35,1.0,2019-10-08,14907.0,-1.276176050305367,0.3977488726377487,5.502153901026774,6.397077828121889,-0.0980735057964921,0.6587577580549508,1.2255678125629776
19417,ISHARES TRUST,EU Parliament President Sassoli Says There Has Been No Progress After Meeting With PM Johnson -,5,uncertain,0.3,0.2,,156,35,1.0,2019-10-08,14907.0,-1.276176050305367,0.3977488726377487,5.502153901026774,6.397077828121889,-0.0980735057964921,0.6587577580549508,1.2255678125629776
19425,ISHARES TRUST,"EU Parliament Head Sassoli Says After Talks With PM Johnson There Are Only Two Options Left for Brexit, Extension or No Deal",5,uncertain,0.6,0.3,,164,35,1.0,2019-10-08,14907.0,-1.276176050305367,0.3977488726377487,5.502153901026774,6.397077828121889,-0.0980735057964921,0.6587577580549508,1.2255678125629776
19433,ISHARES TRUST,Brexit Update: Germany's Merkel Informs British PM Johnson Deal 'Overwhelmingly Unlikely',5,uncertain,0.6,0.3,,160,35,1.0,2019-10-08,14907.0,-1.276176050305367,0.3977488726377487,5.502153901026774,6.397077828121889,-0.0980735057964921,0.6587577580549508,1.2255678125629776
19441,ISHARES TRUST,"Spain's Acting Ag Minister Says US Tariffs On Ag, Food Sectors Are 'Unacceptable'",5,uncertain,0.5,0.2,,159,35,1.0,2019-10-04,14907.0,0.7575742434710264,-0.0980735057964921,3.4324917331866267,4.609348892516829,0.5631005857139826,-2.3166001175589757,-3.404389726545043
19449,ISHARES TRUST,'Glasgow Airport partially evacuated amid 'concerns' over cargo' -Earlier Metro Article,5,uncertain,0.3,0.1,,159,35,1.0,2019-10-04,14907.0,0.7575742434710264,-0.0980735057964921,3.4324917331866267,4.609348892516829,0.5631005857139826,-2.3166001175589757,-3.404389726545043
19457,ISHARES TRUST,"Hearing Court Docs Show UK Gov't. Will Send A Letter To EU Asking For Brexit Extension If No Deal By Oct. 19, 2019",5,uncertain,0.6,0.3,,171,35,1.0,2019-10-04,14907.0,0.7575742434710264,-0.0980735057964921,3.4324917331866267,4.609348892516829,0.5631005857139826,-2.3166001175589757,-3.404389726545043
19465,ISHARES TRUST,Spokesperson For UK Prime Minister Johnson Says 'We Are Ready To Talk At Any Point Including Over The Weekend',5,uncertain,0.4,0.2,,162,35,1.0,2019-10-04,14907.0,0.7575742434710264,-0.0980735057964921,3.4324917331866267,4.609348892516829,0.5631005857139826,-2.3166001175589757,-3.404389726545043
19473,ISHARES TRUST,"UK's Johnson Says Sees Momentum Behind Brexit Proposals, But Not Going To Pretend Its A Done Deal",5,uncertain,0.4,0.2,,162,35,1.0,2019-10-03,14907.0,0.5631005857139826,0.7575742434710264,1.2187052657708364,5.434774924011387,-2.863575890660286,-3.945274448730196,-3.822869951160668
19481,ISHARES TRUST,Spokesperson For UK Prime Minister Johnson Says Is Disappointed By US Tariff List,5,uncertain,0.6,0.3,,157,35,1.0,2019-10-03,14907.0,0.5631005857139826,0.7575742434710264,1.2187052657708364,5.434774924011387,-2.863575890660286,-3.945274448730196,-3.822869951160668
19489,ISHARES TRUST,US Trade Rep Says Expects To Enter Talks With EU To Resolve Dispute In A Way That Will Benefit American Workers,5,uncertain,0.5,0.3,,163,35,1.0,2019-10-02,14907.0,-2.863575890660286,0.5631005857139826,0.3312367287698681,5.2997692400097,-1.1135869659483433,-0.9875739912152516,-1.0191073318433608
19497,ISHARES TRUST,US Trade Reps Section 301 Investigation - EU Large Civil Aircraft Final Product List,5,uncertain,0.5,0.3,,156,35,1.0,2019-10-02,14907.0,-2.863575890660286,0.5631005857139826,0.3312367287698681,5.2997692400097,-1.1135869659483433,-0.9875739912152516,-1.0191073318433608
19505,ISHARES TRUST,"US Trade Rep Tariff List Includes Cheese, German Tools, Welding Machinery, Camera Lenses, Coffee",5,uncertain,0.5,0.2,,160,35,1.0,2019-10-02,14907.0,-2.863575890660286,0.5631005857139826,0.3312367287698681,5.2997692400097,-1.1135869659483433,-0.9875739912152516,-1.0191073318433608
19513,ISHARES TRUST,"US Trade Rep Will Target Single-Malt Irish, Scotch Whiskies In EU Aircraft Tariff List, UK-Made Sweaters, Pullovers, Cashmere Items, Wool Clothing",5,uncertain,0.6,0.3,,176,35,1.0,2019-10-02,14907.0,-2.863575890660286,0.5631005857139826,0.3312367287698681,5.2997692400097,-1.1135869659483433,-0.9875739912152516,-1.0191073318433608
19521,ISHARES TRUST,"'#BREAKING UK PM to suspend parliament from Oct 8-14, according to Downing St' -AFP news agency Tweets",5,uncertain,0.5,0.2,,166,35,1.0,2019-10-02,14907.0,-2.863575890660286,0.5631005857139826,0.3312367287698681,5.2997692400097,-1.1135869659483433,-0.9875739912152516,-1.0191073318433608
19529,ISHARES TRUST,UK Official Highlights Latest Brexit Proposal Would Require EU To Adjust Custom Rules,5,uncertain,0.5,0.3,,153,35,1.0,2019-10-02,14907.0,-2.863575890660286,0.5631005857139826,0.3312367287698681,5.2997692400097,-1.1135869659483433,-0.9875739912152516,-1.0191073318433608
19537,ISHARES TRUST,"EU Commission Head Juncker Says EU Wants A Brexit Deal, Will Remain United, Ready To Work To Make This Happen",5,uncertain,0.5,0.3,,165,35,1.0,2019-10-02,14907.0,-2.863575890660286,0.5631005857139826,0.3312367287698681,5.2997692400097,-1.1135869659483433,-0.9875739912152516,-1.0191073318433608
19545,ISHARES TRUST,'Sky Sources say Parliament to be prorogued on Tuesday before Queen's speech is held on 14 October' -Sky News,5,uncertain,0.5,0.2,,166,35,1.0,2019-10-02,14907.0,-2.863575890660286,0.5631005857139826,0.3312367287698681,5.2997692400097,-1.1135869659483433,-0.9875739912152516,-1.0191073318433608
19553,ISHARES TRUST,"UK Opposition Leader Says Doesn't See Prime Minister's New Proposals Getting Support, Calls Latest Deal 'Not Acceptable'",5,uncertain,0.4,0.2,,162,35,1.0,2019-10-02,14907.0,-2.863575890660286,0.5631005857139826,0.3312367287698681,5.2997692400097,-1.1135869659483433,-0.9875739912152516,-1.0191073318433608
19561,ISHARES TRUST,UPDATE: 'PM's new Brexit offer calls for backstop to be abolished' -Sky News,5,uncertain,0.5,0.3,,159,35,1.0,2019-10-02,14907.0,-2.863575890660286,0.5631005857139826,0.3312367287698681,5.2997692400097,-1.1135869659483433,-0.9875739912152516,-1.0191073318433608
19569,ISHARES TRUST,"Hearing UK's Brexit Proposal Has Removed Backstop, Shows UK Will Take Control Of Its Own Regulatory Affairs, Trade Policy",5,uncertain,0.5,0.3,,163,35,1.0,2019-10-02,14907.0,-2.863575890660286,0.5631005857139826,0.3312367287698681,5.2997692400097,-1.1135869659483433,-0.9875739912152516,-1.0191073318433608
19577,ISHARES TRUST,"Germany's Merkel Says We Will Continue To Negotiate On Brexit, But Preparing For No-Deal Scenario",5,uncertain,0.6,0.3,,160,35,1.0,2019-10-02,14907.0,-2.863575890660286,0.5631005857139826,0.3312367287698681,5.2997692400097,-1.1135869659483433,-0.9875739912152516,-1.0191073318433608
19585,ISHARES TRUST,UK PM Johnson Says Today in Brussels We Are Tabling What I Believe Are Constructive and Reasonable Proposals That Provide a Compromise for Both Sides,5,uncertain,0.5,0.2,,171,35,1.0,2019-10-02,14907.0,-2.863575890660286,0.5631005857139826,0.3312367287698681,5.2997692400097,-1.1135869659483433,-0.9875739912152516,-1.0191073318433608
19593,ISHARES TRUST,European Commission Spokeswoman Says Juncker to Hold Call With PM Johnson at 1515 GMT; Says EU Wants a Deal,5,uncertain,0.5,0.3,,165,35,1.0,2019-10-02,14907.0,-2.863575890660286,0.5631005857139826,0.3312367287698681,5.2997692400097,-1.1135869659483433,-0.9875739912152516,-1.0191073318433608
19601,ISHARES TRUST,"US Commerce Secretary Says Businesses Are Worried About Supply Chains, Logistics Implications Of Brexit",5,uncertain,0.6,0.3,,157,35,1.0,2019-10-01,14907.0,-1.1135869659483428,-2.863575890660286,-2.927927451205403,2.413127375345625,0.1274320413358509,0.0955435951271121,0.8988786508192126
19609,ISHARES TRUST,"JP Morgan Cuts Its Probability For A No-Deal Brexit From 25% To 10%, Raises Chance Of Brexit Extension From 60% To 85%",5,increase,0.75,0.4,,171,35,2.0,2019-10-01,14907.0,-1.1135869659483428,-2.863575890660286,-2.927927451205403,2.413127375345625,0.1274320413358509,0.0955435951271121,0.8988786508192126
19617,ISHARES TRUST,"UK's Interior Minister, In Recent Speech, Says UK Will Introduce An Australian-Style Points-Based Immigration System",5,uncertain,0.5,0.2,,162,35,1.0,2019-10-01,14907.0,-1.1135869659483428,-2.863575890660286,-2.927927451205403,2.413127375345625,0.1274320413358509,0.0955435951271121,0.8988786508192126
19625,ISHARES TRUST,French Foreign Minister Says A No-Deal Brexit Is The Most Plausible Outcome Today,5,decrease,0.8,0.6,,157,35,0.0,2019-10-01,14907.0,-1.1135869659483428,-2.863575890660286,-2.927927451205403,2.413127375345625,0.1274320413358509,0.0955435951271121,0.8988786508192126
19633,ISHARES TRUST,UK Brexit Minister Says Any Deal Must Avoid Whole Of Part Of Northern Ireland Being Trapped In Position Where They Are A Rule Taker,5,uncertain,0.4,0.2,,166,35,1.0,2019-10-01,14907.0,-1.1135869659483428,-2.863575890660286,-2.927927451205403,2.413127375345625,0.1274320413358509,0.0955435951271121,0.8988786508192126
19641,ISHARES TRUST,Finance Minister Javid Says Suggestion That Hedge Funds Have Inside Information About A No-deal Brexit Is 'Ridiculous',5,uncertain,0.5,0.2,,163,35,1.0,2019-10-01,14907.0,-1.1135869659483428,-2.863575890660286,-2.927927451205403,2.413127375345625,0.1274320413358509,0.0955435951271121,0.8988786508192126
19649,ISHARES TRUST,UK Official Says Plans Will Not Include Proposals For Border Checks 5 To 10 Miles From The Border On The Island Of Ireland,5,uncertain,0.4,0.2,,166,35,1.0,2019-10-01,14907.0,-1.1135869659483428,-2.863575890660286,-2.927927451205403,2.413127375345625,0.1274320413358509,0.0955435951271121,0.8988786508192126
19657,ISHARES INC,'Congressional Sources Confirm USMCA Meeting Between US Trade Rep Lighthizer & Democratic Working Group Happened This Morning' -Tweet From Fox Business Correspondent,5,uncertain,0.5,0.3,,172,35,1.0,2019-10-23,83223.0,0.2462516538798809,0.0446638179710134,0.2233190882302782,0.6922764122863967,-0.2901809522882104,0.7669667102734534,0.5175507789420664
19665,ISHARES INC,"Harley Says Asean Markets Benefited From Reduced Pricing Enabled By Elimination Of Tariffs Due To Supplying These Markets From Thailand Plant, Strong Growth In Emerging Markets Was Partially Offset By Softness In India And Mexico",5,increase,0.7,0.5,,185,35,2.0,2019-10-22,83223.0,-0.2901809522882104,0.2462516538798809,0.6715985117487611,-0.1790866965936333,1.0602242313325403,0.8100824361578551,0.5160411980756674
19673,ISHARES INC,US Supreme Court Agrees To Hear Trump Appeal Over Courts' Power To Review Rapid Deportation Cases,5,uncertain,0.3,0.1,,159,35,1.0,2019-10-18,83223.0,-0.247517554089427,1.0602242313325403,0.969989827568063,1.8271995128940952,-0.2916784025728702,0.4520726410198294,0.6112756772553629
19681,ISHARES INC,"Mexican Deputy Foreign Minister Seade Says Key Step To USMCA Trade Deal Ratification Is Possible Between October And November, Needs Pelosi Support",5,increase,0.8,0.6,,168,35,2.0,2019-10-17,83223.0,-0.2916784025728703,-0.247517554089427,0.810082440704285,-0.2925230800662759,0.7459267508238554,0.9055955063348664,1.019947343621963
19689,ISHARES INC,Mexico's Deputy Foreign Minister For North America Says We're Nearing Possible Solution On USMCA Trade Deal,5,increase,0.75,0.6,,160,35,2.0,2019-10-17,83223.0,-0.2916784025728703,-0.247517554089427,0.810082440704285,-0.2925230800662759,0.7459267508238554,0.9055955063348664,1.019947343621963
19697,ISHARES INC,Mexican Billionaire Carlos Slim Says New North America Free Trade Agreement Will Be Very Important Because It Will Be Modernized,5,increase,0.75,0.6,,163,35,2.0,2019-10-16,83223.0,0.7459267508238554,-0.2916784025728702,0.4711669434918519,0.6955382374443708,0.1584865618497133,0.2719917336964306,1.724534321527904
19705,ISHARES INC,Mexican Billionaire Carlos Slim Says Reduced Inflation Is Beneficial For Minimum Wage,5,uncertain,0.4,0.2,,155,35,1.0,2019-10-16,83223.0,0.7459267508238554,-0.2916784025728702,0.4711669434918519,0.6955382374443708,0.1584865618497133,0.2719917336964306,1.724534321527904
19713,ISHARES INC,Mexican Pres Obrador Says Nation Is Not Importing Crude Oil,5,uncertain,0.5,0.3,,154,35,1.0,2019-10-11,83223.0,1.448602508753538,0.1133255660533905,0.4759811909339939,1.4505879876352878,2.041301690042019,2.3534948800497446,1.139538775436599
19721,ISHARES INC,"Trumka Says USMCA Pact Remains Far From Complete, Expresses Concern Mexico May Not Be Able To Ensure Labor Reforms",5,uncertain,0.6,0.3,,167,35,1.0,2019-10-09,83223.0,0.3059478709474206,2.041301690042019,4.575318677055029,5.068043009712553,-1.1860426515340805,-2.635191866732345,0.3542784350921479
19729,ISHARES INC,Mexican Consumer Prices Rise 3% In Year Through September,5,uncertain,0.5,0.3,,152,35,1.0,2019-10-09,83223.0,0.3059478709474206,2.041301690042019,4.575318677055029,5.068043009712553,-1.1860426515340805,-2.635191866732345,0.3542784350921479
19737,ISHARES INC,Mexican Finance Minister Herrera Says The US Economy Is Clearly Entering A Period Of Deceleration,5,decrease,0.7,0.5,,158,35,0.0,2019-10-07,83223.0,-1.466543041169643,-1.1860426515340805,2.720925970383381,4.186044758550711,3.070380724966526,4.5019184088618935,3.0217155907370508
19745,ISHARES INC,"Mexican Finance Minister Says Nation Is Designing Counter-Cyclical Measures To Boost Domestic Economy, Says Nation Could Eventually Require Another Tax Framework",5,uncertain,0.6,0.3,,166,35,1.0,2019-10-01,83223.0,-0.842698011547327,-1.4164360240101814,0.3068957205218048,4.438151605397644,0.4467492457479238,-0.3033774943762224,-0.6742550734725516
19753,ISHARES INC,South Korean Joint Chiefs of Staff Says North Korea Fired Two Projectiles Toward the Sea of Japan -,5,uncertain,0.6,0.2,,159,35,1.0,2019-10-31,88214.0,-0.7745396345853807,1.968436874449253,4.378072334211058,2.39266905754818,0.1517709111794829,-0.2519340411036741,0.4057444535946253
19761,ISHARES INC,"U.S. State Department Spokeswoman, In Response to N. Korea Missile Launch, Calls on N. Korea to Refrain from Provocations",5,uncertain,0.4,0.2,,170,35,1.0,2019-10-02,88214.0,-1.8201293423771865,1.3086172752082348,2.4354782389780283,5.688842238447256,-0.5324800033122301,1.1004881359647278,-0.8317067548768153
19769,ISHARES INC,Bulls Bank On Brazil Again,5,increase,0.8,0.6,,146,35,2.0,2019-10-31,88396.0,-1.50176752358675,1.0986585170030594,-0.1569499262450757,-4.753360895246916,1.4791570603847504,0.332368075111078,1.3655711504062529
19777,ISHARES INC,"IMF Chief Economist Calls Brazilian Growth 'Weak,' Notes Country Has Had Specific Factors Which Lead To Growth Impact",5,decrease,0.8,0.6,,161,35,0.0,2019-10-15,88396.0,-0.7832941599190235,1.3397161848843098,4.904304332688825,6.746410661025193,-0.2367948647588491,2.331802176694797,2.4313153108079133
19785,ISHARES INC,"Brazil's Embraer To Furlough Close To 15,000 Workers Between Jan. 6-20 To Prepare For Boeing's Takeover Of Commercial Jet Division",5,uncertain,0.6,0.3,,174,35,1.0,2019-10-10,88396.0,0.0972455600276589,2.5746937841176987,2.1131959313138715,7.189708466066103,1.3553455471992493,0.6361686976401382,-2.327237054602116
19793,ISHARES INC,BRA CPI (MoM) for Sep (0.04)% vs 0.03% Est; Prior 0.11%,5,uncertain,0.6,0.2,,166,35,1.0,2019-10-09,88396.0,1.3553455471992488,0.0972455600276589,2.990516650772723,8.096274927457724,-0.7095598615705967,-3.6333383127646224,-1.504851747288538
19801,ISHARES INC,BRA CPI (YoY) for Sep 2.89% vs 2.97% Est; Prior 3.43%,5,increase,0.75,0.4,,166,35,2.0,2019-10-09,88396.0,1.3553455471992488,0.0972455600276589,2.990516650772723,8.096274927457724,-0.7095598615705967,-3.6333383127646224,-1.504851747288538
19809,EXELIXIS INC,Exelixis shares are trading lower despite reporting strong Q3 earnings beat.,5,decrease,0.8,0.6,,157,35,0.0,2019-10-31,88159.0,-11.10471487045288,3.6245983093976974,-1.9417488282222783,7.831715996472055,2.597394399344921,0.8120613534854382,0.7536182435429195
19817,EXELIXIS INC,"Exelixis Reported Yesterday Q3 EPS $0.34 Beats $0.19 Estimate, Sales $271.703M Beat $227.82M Estimate",5,increase,0.85,0.7,,176,35,2.0,2019-10-31,88159.0,-11.10471487045288,3.6245983093976974,-1.9417488282222783,7.831715996472055,2.597394399344921,0.8120613534854382,0.7536182435429195
19825,EXELIXIS INC,"Guggenheim Maintains Buy on Exelixis, Lowers Price Target to $25",5,decrease,0.7,0.4,,162,35,0.0,2019-10-15,88159.0,2.503063343465328,-0.0595606223214417,-0.1786818668353729,0.8933865162344734,-0.8474654518067837,-0.9074502081482304,0.645158542344082
19833,EXELIXIS INC,"BMO Capital Maintains Market Perform on Exelixis, Lowers Price Target to $19",5,decrease,0.8,0.6,,162,35,0.0,2019-10-08,88159.0,-1.813319325447083,-1.4532229863107204,1.665162265362219,1.483505055505252,-1.2621083296835425,-6.216893371465204,-6.190745194885494
19841,EXELIXIS INC,Exelixis shares are trading lower despite no company-specific news. The stock has dropped approximately 15% over the past month.,5,decrease,0.8,0.6,,168,35,0.0,2019-10-04,88159.0,-5.018119141459465,-1.2621083296835425,-3.0231839274380223,-3.6102129423869367,0.027881542337127,1.0992091319148356,1.4136274300856622
19849,ENDEAVOUR SILVER CORP,Endeavour Silver shares are trading lower on continued momentum after the company announced its Q3 output fell by 30%.,5,decrease,0.9,0.7,,171,35,0.0,2019-10-10,91689.0,-9.663865715265274,-2.325590141117573,4.651158199138039,11.62790668217859,-3.2520294189453125,0.8474670846950971,-2.0576110806541426
19857,EXLSERVICE HOLDINGS INC,"Citigroup Maintains Sell on ExlService Holdings, Raises Price Target to $64",5,decrease,0.8,0.6,,161,35,0.0,2019-10-30,91500.0,0.5319188814610243,-0.4290048032999038,-1.358497001499126,-1.2298021021698746,4.554334655404091,7.511593299354891,7.5947346375559555
19865,EXLSERVICE HOLDINGS INC,ExlService Holdings Raises FY19 Adj. EPS Guidance From $2.68-$2.98 To $2.95-$3.05 vs $2.94 Est.; Narrows Sales Guidance From $976M-$996M To $980M-$990M vs $986.56M Est.,5,,,,,205,35,,2019-10-29,91500.0,4.554334655404091,0.5319188814610243,-0.8194360400091361,-0.4744022379474022,2.828441932797432,2.9079616757856863,4.409914501487244
19873,EXLSERVICE HOLDINGS INC,"ExlService Holdings Q3 Adj. EPS $0.84 Beats $0.75 Estimate, Sales $251.392M Beat $248.83M Estimate",5,increase,0.85,0.6,,177,35,2.0,2019-10-29,91500.0,4.554334655404091,0.5319188814610243,-0.8194360400091361,-0.4744022379474022,2.828441932797432,2.9079616757856863,4.409914501487244
19881,EXLSERVICE HOLDINGS INC,"JP Morgan Maintains Neutral on ExlService Holdings, Lowers Price Target to $74",5,decrease,0.8,0.6,,162,35,0.0,2019-10-07,91500.0,-0.1043059048242867,-2.341884933412075,-2.177802823401276,-2.0137208175918464,1.1606939136981964,1.451245796454148,1.3899352887887684
19889,EAGLE MATERIALS INC,"Eagle Materials Earlier Reported Q2 Adj. EPS $1.77 Beats $1.6 Estimate, Sales $414.526M Beat $379.86M Estimate",5,increase,0.85,0.7,,179,35,2.0,2019-10-31,80415.0,-0.3164912341162562,3.689514845609665,2.0801418970436414,2.627547247882167,-0.8547943085432053,-2.407074437762158,-3.547371314651193
19897,EXPEDITORS INTERNATIONAL WA INC,"Barclays Downgrades Expeditors International to Equal-Weight, Lowers Price Target to $72",5,decrease,0.85,0.7,,166,35,0.0,2019-10-02,87717.0,-3.020362369716167,0.1127421506680548,-0.4227668891169434,4.875985219987444,-1.5076089650392532,-0.1637368112194615,0.4254701991046383
19905,EXPEDIA GROUP INC,'Expedia For Mortgages': Simplist Uses Proprietary Technology To Simplify Home Lending Process,5,uncertain,0.6,0.3,,159,35,1.0,2019-10-29,90808.0,-0.6807172670960426,-0.5103878676891327,-1.5530365311946737,-30.251544658792508,0.7514948025345802,0.6927205248093093,-0.1590638532007915
19913,EXPONENT INC,"Exponent Q3 EPS $0.36 Beats $0.34 Estimate, Sales $101.5M Miss $102.49M Estimate",5,,,,,166,35,,2019-10-17,76261.0,1.958526112139225,-7.302267849445343,-7.923729347405029,-10.26836697489223,0.1731141819618642,-0.1294352527011377,-1.3916440796277851
19921,EXPONENT INC,"Sidoti & Co. Maintains Neutral on Exponent, Raises Price Target to $72",5,increase,0.7,0.4,,156,35,2.0,2019-10-03,76261.0,0.2177090384066105,1.8971722573041916,1.448225745558429,2.5343950950473815,0.5545897409319878,-1.4306150569674323,-1.0626045691557673
19929,EXTRA SPACE STORAGE INC,"Extra Space Storage Q3 Adj. FFO $1.24 Up From $1.2 YoY, EPS $0.83",5,increase,0.8,0.6,,167,35,2.0,2019-10-29,90305.0,0.5889208987355232,-1.667705923318863,-4.985365433277278,-7.327243684867202,-0.1425676397047937,-3.0116860720922123,-3.1206782480417528
19937,EXTREME NETWORKS INC,Extreme Networks shares are trading lower after the company issued Q2 sales guidance below analyst estimates.,5,decrease,0.85,0.7,,161,35,0.0,2019-10-30,86822.0,-9.048876166343687,-6.463328003883362,-3.4132184787371567,-3.267978767071922,3.6986298859119415,3.274219090649022,5.726261747729278
19945,EXTREME NETWORKS INC,"Extreme Networks Sees Q2 Adj. EPS $0.12-$0.16 vs $0.13 Est., Sales $268M-$278M vs $282.99M Est.",5,decrease,0.8,0.6,,182,35,0.0,2019-10-30,86822.0,-9.048876166343687,-6.463328003883362,-3.4132184787371567,-3.267978767071922,3.6986298859119415,3.274219090649022,5.726261747729278
19953,EXTREME NETWORKS INC,"Extreme Networks Q1 Adj. EPS $0.08 Beats $0.03 Estimate, Sales $255.5M Beat $253.74M Estimate",5,increase,0.85,0.6,,175,35,2.0,2019-10-30,86822.0,-9.048876166343687,-6.463328003883362,-3.4132184787371567,-3.267978767071922,3.6986298859119415,3.274219090649022,5.726261747729278
19961,EXTREME NETWORKS INC,Extreme Networks Unveils ExtremeCloud IQ Management Applicaiton,5,increase,0.8,0.6,,156,35,2.0,2019-10-22,86822.0,-2.822581119835377,-0.6915655452758074,4.702630176396538,-6.500688108235053,1.2244919314980507,0.8130073969926821,5.531913037895286
19969,EZCORP INC,Jefferies Downgrades Ezcorp Following Recent Board Changes,5,decrease,0.8,0.6,,152,35,0.0,2019-10-08,76798.0,-12.27787137031555,2.02578529715538,8.747705438877995,4.051570603087207,1.3923020102083683,1.80921271975083,-1.1182135161318052
19977,EZCORP INC,"UPDATE: Jefferies On Ezcorp Also Notes The 'history of controversial actions by the owner of 100% of the voting shares, who was just appointed as Executive Chairman of the Board, despite a history of non-alignment'",5,decrease,0.8,0.6,,186,35,0.0,2019-10-08,76798.0,-12.27787137031555,2.02578529715538,8.747705438877995,4.051570603087207,1.3923020102083683,1.80921271975083,-1.1182135161318052
19985,EZCORP INC,"UPDATE: Jefferies Downgrades Ezcorp To Hold, Lowers Target From $13.50 To $6.50 'based on corporate governance actions which, in our minds, represents misalignment with non-voting shareholders'",5,decrease,0.9,0.7,,186,35,0.0,2019-10-08,76798.0,-12.27787137031555,2.02578529715538,8.747705438877995,4.051570603087207,1.3923020102083683,1.80921271975083,-1.1182135161318052
19993,EZCORP INC,Jefferies Earlier Downgraded EZCORP to Hold,5,decrease,0.8,0.6,,153,35,0.0,2019-10-08,76798.0,-12.27787137031555,2.02578529715538,8.747705438877995,4.051570603087207,1.3923020102083683,1.80921271975083,-1.1182135161318052
20001,FORD MOTOR CO DEL,"Ford Plans To Close An Engine Plant In Romeo, Michigan As Part Of Tentative Contract Agreement With UAW",5,uncertain,0.6,0.3,,163,35,1.0,2019-10-31,25785.0,0.5854823160916567,3.4924350678920746,3.49243503393053,2.328286334420837,-1.1574117466807363,-0.8130045872065228,-2.0642235829260835
20009,FORD MOTOR CO DEL,"Stephen Ross, Dan Gilbert Back $300M University Of Michigan Academic Center In Detroit",5,uncertain,0.4,0.2,,158,35,1.0,2019-10-30,25785.0,-1.157411746680737,0.5854823160916567,4.449649880187545,3.161597748294742,0.3484400454908609,-0.917430282097953,0.4651158130200006
20017,FORD MOTOR CO DEL,Ford Recalls 320K Vehicles In North America On Safety Concerns,5,decrease,0.8,0.3,,156,35,0.0,2019-10-29,25785.0,0.3484400454908609,-1.1574117466807363,4.398149122312867,4.629624893827833,-1.2614748440682888,0.116270634078841,-6.514661858918258
20025,FORD MOTOR CO DEL,Ford Issues North America Recall For Select 2015-2017 Ford Transit Vehicles For Driveshaft Flexible Coupling Issue,5,decrease,0.7,0.3,,165,35,0.0,2019-10-29,25785.0,0.3484400454908609,-1.1574117466807363,4.398149122312867,4.629624893827833,-1.2614748440682888,0.116270634078841,-6.514661858918258
20033,FORD MOTOR CO DEL,"Ford To Cut Production, Jobs At Its Largest Canadian Plant",5,decrease,0.8,0.6,,153,35,0.0,2019-10-28,25785.0,-1.261474844068289,0.3484400454908609,4.529620723311423,5.458772033648662,1.395347435027361,-5.320301277089079,-3.858868989155495
20041,FORD MOTOR CO DEL,Unifor Says Is Renewing Its Call For New Production Allocation At Oakville Assembly Plant Following Restructuring News By Ford,5,uncertain,0.6,0.3,,167,35,1.0,2019-10-28,25785.0,-1.261474844068289,0.3484400454908609,4.529620723311423,5.458772033648662,1.395347435027361,-5.320301277089079,-3.858868989155495
20049,FORD MOTOR CO DEL,How The General Motors Strike Could Impact October Jobs Numbers,5,increase,0.7,0.5,,152,35,2.0,2019-10-28,25785.0,-1.261474844068289,0.3484400454908609,4.529620723311423,5.458772033648662,1.395347435027361,-5.320301277089079,-3.858868989155495
20057,FORD MOTOR CO DEL,"Ford's Stock Falls, But Some Analysts Say Buy On The Dip",5,uncertain,0.6,0.3,,155,35,1.0,2019-10-24,25785.0,-6.623231619596481,1.395347435027361,-0.1162817111903913,3.372092259520487,1.54355401173234,1.99335892463286,0.7856848122404836
20065,FORD MOTOR CO DEL,"UPDATE: Deutsche Bank Downgrades Ford To Hold, Lowers Tgt From $12 To $11 On 'ongoing near-term earnings outlook deterioration, from operational issues such as growing warranty and launch costs, and market pressures on its US pricing and China volumes'",5,decrease,0.85,0.7,,194,35,0.0,2019-10-24,25785.0,-6.623231619596481,1.395347435027361,-0.1162817111903913,3.372092259520487,1.54355401173234,1.99335892463286,0.7856848122404836
20073,FORD MOTOR CO DEL,How Large Ford Option Traders Are Reacting To Disappointing Earnings,5,decrease,0.85,0.7,,155,35,0.0,2019-10-24,25785.0,-6.623231619596481,1.395347435027361,-0.1162817111903913,3.372092259520487,1.54355401173234,1.99335892463286,0.7856848122404836
20081,FORD MOTOR CO DEL,Deutsche Bank Downgrades Ford Motor to Hold,5,decrease,0.8,0.6,,152,35,0.0,2019-10-24,25785.0,-6.623231619596481,1.395347435027361,-0.1162817111903913,3.372092259520487,1.54355401173234,1.99335892463286,0.7856848122404836
20089,FORD MOTOR CO DEL,Ford Falls After Q3 Sales Miss,5,decrease,0.8,0.6,,149,35,0.0,2019-10-23,25785.0,1.54355401173234,-6.623231619596481,-7.274701946370776,-3.148750832623892,0.4429674707353115,-0.7463489010875901,1.2147584471457362
20097,FORD MOTOR CO DEL,"Ford Motor Q3 EPS $0.34 Beats $0.26 Estimate, Sales $33.93B Miss $33.98B Estimate; Sees FY Adj. EPS $1.20-$1.32 vs $1.26 Est.",5,uncertain,0.6,0.3,,192,35,1.0,2019-10-23,25785.0,1.54355401173234,-6.623231619596481,-7.274701946370776,-3.148750832623892,0.4429674707353115,-0.7463489010875901,1.2147584471457362
20105,FORD MOTOR CO DEL,Q3 Earnings Outlook For Ford Motor,5,,,,,149,35,,2019-10-23,25785.0,1.54355401173234,-6.623231619596481,-7.274701946370776,-3.148750832623892,0.4429674707353115,-0.7463489010875901,1.2147584471457362
20113,FORD MOTOR CO DEL,Chicago Police Dept. Has Ordered 200 Chicago-Built 2020 Ford Police Interceptor Utility Hybrid Vehicles,5,increase,0.7,0.3,,163,35,2.0,2019-10-18,25785.0,1.975854113698006,-1.184071321040392,-4.576417263948118,-2.71609446495662,0.4410139285027981,0.4410139285027981,3.2879815410562063
20121,FORD MOTOR CO DEL,"Sales, Cycle And Strike Expected To Impact Big 3 Auto Earnings",5,decrease,0.8,0.6,,155,35,0.0,2019-10-17,25785.0,0.4410139285027981,1.9758541136980057,-4.030100016833249,-4.141695458761374,0.0,2.834467217326164,3.302960961764767
20129,FORD MOTOR CO DEL,Ford Launches North American Electric Vehicle Charging Network,5,increase,0.8,0.6,,151,35,2.0,2019-10-17,25785.0,0.4410139285027981,1.9758541136980057,-4.030100016833249,-4.141695458761374,0.0,2.834467217326164,3.302960961764767
20137,FORD MOTOR CO DEL,Ford Introduces North America's Largest Electric Vehicle Charging Network,5,increase,0.8,0.6,,152,35,2.0,2019-10-17,25785.0,0.4410139285027981,1.9758541136980057,-4.030100016833249,-4.141695458761374,0.0,2.834467217326164,3.302960961764767
20145,FORD MOTOR CO DEL,"Ford shares are trading higher in sympathy with the overall market after multiple companies reported earnings that topped expectations, bringing the whole market higher on positive sentiment.﻿",5,increase,0.7,0.4,,171,35,2.0,2019-10-15,25785.0,2.834467217326164,0.0,1.6611296295981015,-3.1585196510970137,0.4555804654955864,2.3201834603467475,3.037374600618481
20153,FORD MOTOR CO DEL,Dearborn Ford Workers Ratify New Agreement,5,increase,0.8,0.6,,150,35,2.0,2019-10-07,25785.0,-0.6864927709102631,-1.612907089293003,1.6128962197440977,5.760361971465344,0.3444286296144128,1.509873630341474,-1.79775135755611
20161,FORD MOTOR CO DEL,Ford Motor Company shares are trading lower after the company reported Q3 US vehicle sales fell 4.9% from last year.,5,decrease,0.8,0.6,,167,35,0.0,2019-10-02,25785.0,-3.258426859974861,1.161444652825594,-0.5807112203872089,5.342625586638983,-2.838430553674698,-1.9823823331412305,-2.6258285051142027
20169,FORD MOTOR CO DEL,"Ford Motor Reports Q3 Total US Vehicle Sales Of 580,251 Units, Down 4.9%",5,decrease,0.75,0.4,,163,35,0.0,2019-10-02,25785.0,-3.258426859974861,1.161444652825594,-0.5807112203872089,5.342625586638983,-2.838430553674698,-1.9823823331412305,-2.6258285051142027
20177,FORD MOTOR CO DEL,A Look At A Flurry Of Large Ford Option Trades,5,uncertain,0.6,0.3,,153,35,1.0,2019-10-01,25785.0,-2.838430553674698,-3.258426859974861,-4.044940290836974,1.910113179521189,0.8810563944280148,0.2188129007919537,-0.4347822595812678
20185,FORD MOTOR CO DEL,"Ford shares are trading lower in sympathy with the overall market on weak manufacturing PMI data, adding fear to an economic slowdown. Buckingham Research maintained a Neutral on the stock and lowered the price target from $9 to $8.",5,decrease,0.8,0.6,,185,25,0.0,2019-10-01,25785.0,-2.838430553674698,-3.258426859974861,-4.044940290836974,1.910113179521189,0.8810563944280148,0.2188129007919537,-0.4347822595812678
20193,FORD MOTOR CO DEL,Buckingham Lowers Ford Price Target Ahead Of Q3 Report,5,decrease,0.8,0.6,,154,35,0.0,2019-10-01,25785.0,-2.838430553674698,-3.258426859974861,-4.044940290836974,1.910113179521189,0.8810563944280148,0.2188129007919537,-0.4347822595812678
20201,FORD MOTOR CO DEL,Ford Dilutes Indian Ownership Interest Via JV With India's Mahindra,5,uncertain,0.6,0.3,,154,35,1.0,2019-10-01,25785.0,-2.838430553674698,-3.258426859974861,-4.044940290836974,1.910113179521189,0.8810563944280148,0.2188129007919537,-0.4347822595812678
20209,FORD MOTOR CO DEL,"Buckingham Research Maintains Neutral on Ford Motor, Lowers Price Target to $8",5,decrease,0.8,0.6,,159,35,0.0,2019-10-01,25785.0,-2.838430553674698,-3.258426859974861,-4.044940290836974,1.910113179521189,0.8810563944280148,0.2188129007919537,-0.4347822595812678
20217,FORD MOTOR CO DEL,"Buckingham Maintains Neutral on Ford Motor, Lowers Price Target to $8",5,decrease,0.8,0.6,,158,35,0.0,2019-10-01,25785.0,-2.838430553674698,-3.258426859974861,-4.044940290836974,1.910113179521189,0.8810563944280148,0.2188129007919537,-0.4347822595812678
20225,FORD MOTOR CO DEL,UPDATE: Ford-Mahindra Joint Venture To Have Capacity Of 1.2M Vehicles,5,increase,0.8,0.6,,160,35,2.0,2019-10-01,25785.0,-2.838430553674698,-3.258426859974861,-4.044940290836974,1.910113179521189,0.8810563944280148,0.2188129007919537,-0.4347822595812678
20233,FORD MOTOR CO DEL,UPDATE: Ford Concluded That Material Impairment Charge Related To Fixed Assets In India Automotive Operations Is Required,5,decrease,0.8,0.6,,163,35,0.0,2019-10-01,25785.0,-2.838430553674698,-3.258426859974861,-4.044940290836974,1.910113179521189,0.8810563944280148,0.2188129007919537,-0.4347822595812678
20241,FORD MOTOR CO DEL,Mahindra And Ford Announce Joint Venture To 'Drive Profitable Growth' In India And Emerging Markets,5,increase,0.8,0.6,,162,35,2.0,2019-10-01,25785.0,-2.838430553674698,-3.258426859974861,-4.044940290836974,1.910113179521189,0.8810563944280148,0.2188129007919537,-0.4347822595812678
20249,FIRST AMERICAN FINL CORP NEW,First American Financial Q3 EPS $1.65 Beats $1.43 Estimate,5,increase,0.85,0.6,,164,35,2.0,2019-10-24,93374.0,2.365591935813427,0.549450796097517,-0.1616068117186064,0.6625724320724169,0.1657038810662925,0.0496567266757175,0.9519032480777234
20257,FIRST AMERICAN FINL CORP NEW,Fire & Flower Reports $11.1M In Q2 Revenue,5,uncertain,0.2,0.1,,161,35,1.0,2019-10-01,93374.0,-0.5083871074020863,-1.4818581752479076,-1.1923024286853656,1.1923025232524198,0.0508626282680779,-0.5896264998018208,-0.4218697426623508
20265,DIAMONDBACK ENERGY INC,"Raymond James Maintains Strong Buy on Diamondback Energy, Lowers Price Target to $120",5,uncertain,0.6,0.3,,165,35,1.0,2019-10-17,13641.0,0.7311525754630566,-2.463112398982048,3.415043707946741,2.0466459230241263,-1.6619473695755005,-0.6253368848522234,-0.2510750325697808
20273,DIAMONDBACK ENERGY INC,"SunTrust Robinson Humphrey Maintains Buy on Diamondback Energy, Lowers Price Target to $125",5,uncertain,0.6,0.3,,166,35,1.0,2019-10-16,13641.0,-1.6619473695755,0.7311525754630566,4.470817877242528,1.1386755025164508,1.0541295632719994,1.434716571323702,2.786522180275197
20281,DIAMONDBACK ENERGY INC,"KeyBanc Maintains Overweight on Diamondback Energy, Lowers Price Target to $125",5,decrease,0.7,0.4,,165,35,0.0,2019-10-15,13641.0,1.054129563271999,-1.6619473695755005,1.0018930895547618,3.630365315486883,0.3766169771552086,1.7143214478122948,2.949109368102487
20289,DIAMONDBACK ENERGY INC,"Morgan Stanley Maintains Overweight on Diamondback Energy, Lowers Price Target to $129",5,decrease,0.7,0.4,,164,35,0.0,2019-10-14,13641.0,0.3766169771552086,1.0541295632719994,-1.4472086015736574,3.1504931774175127,1.3326853513717651,2.562840299282798,3.489234949031461
20297,DIAMONDBACK ENERGY INC,"JP Morgan Maintains Overweight on Diamondback Energy, Lowers Price Target to $139",5,decrease,0.7,0.4,,164,35,0.0,2019-10-09,13641.0,0.9032458998262882,1.2139764614403248,2.305330614596901,6.879215625086377,-3.058657795190811,-5.385154147082416,-5.902898852910788
20305,DIAMONDBACK ENERGY INC,"Morgan Stanley Maintains Overweight on Diamondback Energy, Lowers Price Target to $131",5,decrease,0.7,0.4,,164,35,0.0,2019-10-04,13641.0,-0.5472129676491022,-2.3999011144042015,-2.0838198786101714,-4.0388635149565815,3.332526981830597,1.0470579593061302,-4.471142484560442
20313,DIAMONDBACK ENERGY INC,Diamondback Energy shares are trading higher on seemingly no company-specific news.,5,uncertain,0.5,0.3,,159,35,1.0,2019-10-03,13641.0,3.332526981830597,-0.5472129676491022,-3.900336057737097,-2.153916277621948,-2.211761474609375,-7.551997124548393,-7.634176302915341
20321,FARO TECHNOLOGIES INC,"Faro Technologies Q3 Adj. EPS $(0.01) Misses $0.03 Estimate, Sales $90.5M Miss $98.57M Estimate",5,decrease,0.85,0.6,,178,35,0.0,2019-10-30,85372.0,-1.557898242026567,1.9674979150295255,6.565448131445506,3.999150296763476,0.4228346049785614,3.666522005461248,0.8492603101385221
20329,FASTENAL CO,"Buckingham Maintains Neutral on Fastenal, Raises Price Target to $33",5,uncertain,0.6,0.2,,155,35,1.0,2019-10-15,11618.0,1.058574486523867,-0.5307224113494158,4.371515305236984,3.204853594165913,-2.517889067530632,14.200512043824776,15.579118471018935
20337,FASTENAL CO,"UPDATE: KeyBanc Maintains Sector Weight On Fastenal Notes 'Solid Quarter', But 'challenging sales trends against tough prior-year comparisons and deceleration in key macro data points makes Friday's move and resulting valuation hard to justify'",5,decrease,0.75,0.6,,186,35,0.0,2019-10-14,11618.0,-2.517889067530632,1.0585744865238669,3.853215864662274,4.58131719449828,17.15022474527359,18.564439531973488,18.73877082013462
20345,FASTENAL CO,UPDATE: Raymond James On Fastenal Also Notes 'the stock's historical correlation with the company's ROTNA now suggests limited further upside',5,decrease,0.8,0.6,,165,35,0.0,2019-10-14,11618.0,-2.517889067530632,1.0585744865238669,3.853215864662274,4.58131719449828,17.15022474527359,18.564439531973488,18.73877082013462
20353,FASTENAL CO,"UPDATE: Raymond James Downgrades Fastenal To Market Perform As Firm Notes 'broad demand continues to soften', 'we believe the valuation now implies bullish market assumptions for long-term organic growth rates for mature branches'",5,decrease,0.85,0.6,,182,25,0.0,2019-10-14,11618.0,-2.517889067530632,1.0585744865238669,3.853215864662274,4.58131719449828,17.15022474527359,18.564439531973488,18.73877082013462
20361,FASTENAL CO,Analysts Say Additional Fastenal Upside Is Limited Following Earnings Pop,5,decrease,0.8,0.6,,153,35,0.0,2019-10-14,11618.0,-2.517889067530632,1.0585744865238669,3.853215864662274,4.58131719449828,17.15022474527359,18.564439531973488,18.73877082013462
20369,FASTENAL CO,"Baird Maintains Neutral on Fastenal, Raises Price Target to $37",5,uncertain,0.6,0.3,,155,35,1.0,2019-10-14,11618.0,-2.517889067530632,1.0585744865238669,3.853215864662274,4.58131719449828,17.15022474527359,18.564439531973488,18.73877082013462
20377,FASTENAL CO,"Morgan Stanley Maintains Equal-Weight on Fastenal, Raises Price Target to $31",5,increase,0.7,0.3,,157,35,2.0,2019-10-14,11618.0,-2.517889067530632,1.0585744865238669,3.853215864662274,4.58131719449828,17.15022474527359,18.564439531973488,18.73877082013462
20385,FASTENAL CO,Fastenal Trades Higher On Q3 Earnings Beat,5,increase,0.85,0.6,,149,35,2.0,2019-10-11,11618.0,17.15022474527359,-2.517889067530632,-1.4034075044481953,2.916896435538141,1.2071806006133556,1.3559906336629846,-0.0322275488210066
20393,FASTENAL CO,Fastenal shares are trading higher after the company reported better-than-expected Q3 EPS and sales results.,5,increase,0.85,0.7,,160,35,2.0,2019-10-11,11618.0,17.15022474527359,-2.517889067530632,-1.4034075044481953,2.916896435538141,1.2071806006133556,1.3559906336629846,-0.0322275488210066
20401,FASTENAL CO,"Fastenal Q3 EPS $0.37 Beats $0.36 Estimate, Sales $1.379B Beat $1.37B Estimate",5,increase,0.8,0.3,,169,35,2.0,2019-10-11,11618.0,17.15022474527359,-2.517889067530632,-1.4034075044481953,2.916896435538141,1.2071806006133556,1.3559906336629846,-0.0322275488210066
20409,FASTENAL CO,Fastenal's Q3 Earnings Preview,5,uncertain,0.6,0.3,,147,35,1.0,2019-10-10,11618.0,1.207180600613356,17.15022474527359,16.11863330776826,20.56737547509342,0.1470350543968379,-1.2246247174154234,-3.555698640055327
20417,FATE THERAPEUTICS INC,"UPDATE: Stifel Initiates Fate Therapeutics With Buy, $27 Target As Firm Notes 'We think the next clinical catalyst for FT500 and FT516 will be positive events for the stock'",5,increase,0.8,0.6,,186,35,2.0,2019-10-01,14245.0,-6.374756991863251,0.756531348451972,2.6134809496421108,1.4442918938822211,0.3878439776599407,-1.0197568931663126,-5.362584516437541
20425,FATE THERAPEUTICS INC,"Stifel Initiates Coverage On Fate Therapeutics with Buy Rating, Announces $27 Price Target",5,increase,0.8,0.6,,166,35,2.0,2019-10-01,14245.0,-6.374756991863251,0.756531348451972,2.6134809496421108,1.4442918938822211,0.3878439776599407,-1.0197568931663126,-5.362584516437541
20433,FIRST BUSINESS FINL SVCS INC,First Business Financial Q3 EPS $0.59 Down From $0.6 YoY,5,decrease,0.7,0.3,,164,35,0.0,2019-10-24,90949.0,-0.6732676178216934,-2.8309373185038567,-3.0303039253647412,-0.8331814527786308,-0.7858576253056526,-1.1354773424397837,1.446366376584951
20441,FIRST BANCSHARES INC MS,First Bancshares Q3 EPS $0.71 Up From $0.62 YoY,5,increase,0.85,0.6,,164,35,2.0,2019-10-21,91274.0,0.4047356080263853,1.7984552308917046,2.387598199068308,3.25581143701672,-0.0311302079353481,0.0623067277253586,0.1246792360074966
20449,FIRST BANCSHARES INC MS,"DA Davidson Initiates Coverage On First Bancshares with Buy Rating, Announces $36 Price Target",5,increase,0.8,0.6,,164,35,2.0,2019-10-10,91274.0,0.5480337422341108,1.923694647848606,3.0137881175747117,3.975632340639823,-0.1609244849532842,-0.9262185140341828,-1.335878087068132
20457,FIRST BANCORP P R,First BanCorp shares trading higher following a Q3 earnings beat.,5,increase,0.85,0.6,,158,35,2.0,2019-10-22,11018.0,3.0243942514061932,-0.4734866321086883,2.840901931498685,1.515150166411039,0.097658485174179,0.1955079075877552,0.885828300210334
20465,FIRST BANCORP P R,First BanCorp Q3 EPS $0.21 Beats $0.19 Estimate,5,increase,0.8,0.6,,162,35,2.0,2019-10-22,11018.0,3.0243942514061932,-0.4734866321086883,2.840901931498685,1.515150166411039,0.097658485174179,0.1955079075877552,0.885828300210334
20473,FIRST BANCORP P R,Firt BanCorp shares are trading higher after the company announced it plans to acquire Banco Santander Puerto Rico for $63 million premium in all-cash transaction.,5,increase,0.8,0.6,,176,35,2.0,2019-10-21,11018.0,0.097658485174179,3.024394251406193,6.048779464038345,4.195125002641964,0.0977539573796093,0.7874008512925412,0.9861876435968586
20481,FIRST BANCORP P R,First BanCorp Reports Purchase Of Banco Santander Puerto Rico For $63M Premium To BSPR's Core Tangible Common Equity In All-Cash Deal,5,increase,0.8,0.6,,175,35,2.0,2019-10-21,11018.0,0.097658485174179,3.024394251406193,6.048779464038345,4.195125002641964,0.0977539573796093,0.7874008512925412,0.9861876435968586
20489,FIRST BANCORP P R,First BanCorp. To Acquire Banco Santander Puerto Rico For $63M Premium In All-Cash Transaction,5,increase,0.8,0.6,,166,35,2.0,2019-10-21,11018.0,0.097658485174179,3.024394251406193,6.048779464038345,4.195125002641964,0.0977539573796093,0.7874008512925412,0.9861876435968586
20497,FIRST CAPITAL INC,First Capital Q3 EPS $0.87 Up From $0.76 YoY,5,increase,0.8,0.6,,155,35,2.0,2019-10-18,86573.0,-0.7475702557712793,-0.1923120929859578,-3.365388228385091,-5.208333174502034,7.103914767503738,4.958259147229294,7.1221678201947025
20505,FIRST COMMUNITY BANCSHARES INC,First Community Q3 EPS $0.57 Down From $0.62 YoY,5,decrease,0.8,0.3,,163,35,0.0,2019-10-22,88944.0,-0.2145913429558277,-0.215052836574614,-0.4608225745472594,0.4757945610855296,0.9282154962420464,1.4934647110835142,1.5882850172052931
20513,FIRST COMMUNITY CORP SC,First Community Reports CFO Joe Sawyer To Retire; Shawn Jordan Named Replacement,5,uncertain,0.6,0.2,,156,35,1.0,2019-10-25,89643.0,-0.4158000461757183,0.1043865224346518,0.180420927276681,-2.0504726661179196,-1.8867967650294304,-1.8367378625457675,-3.073051008197658
20521,FIRST COMMUNITY CORP SC,First Community Q3 EPS $0.39 Up From $0.37 YoY,5,increase,0.7,0.3,,159,35,2.0,2019-10-16,89643.0,1.63157619535923,0.4660805687308311,1.5536051884141644,-0.2071446496538675,-0.0526050978805869,-0.4192868174599851,-0.0526050947026179
20529,FUELCELL ENERGY INC,FuelCell Energy shares are trading lower in sympathy with PG&E. The company supplies PG&E with some of its power plants.,5,decrease,0.8,0.6,,166,35,0.0,2019-10-28,77699.0,-12.75316774845123,-10.409869253635406,-2.647801853107423,63.58360799521072,-1.5576308593153954,2.2322914143226846,2.260085494628039
20537,FUELCELL ENERGY INC,Mid-Afternoon Market Update: Gold Down 1%; Aethlon Medical Shares Spike Higher,5,uncertain,0.3,0.1,,161,35,1.0,2019-10-07,77699.0,-12.1662549674511,1.942969486117363,-7.552493385641701,-1.598239812008595,-1.1159485206007955,14.786725343847706,13.107092147742328
20545,FUELCELL ENERGY INC,FuelCell Energy shares are trading lower after the company filed for a common stock offering of up to 38 million shares.,5,decrease,0.85,0.7,,165,35,0.0,2019-10-07,77699.0,-12.1662549674511,1.942969486117363,-7.552493385641701,-1.598239812008595,-1.1159485206007955,14.786725343847706,13.107092147742328
20553,FUELCELL ENERGY INC,"FuelCell Energy Reports Deal With E.ON Solutions To Develop European Market, No Terms Disclosed",5,increase,0.8,0.6,,160,35,2.0,2019-10-03,77699.0,16.08214229345322,-1.1159485206007955,-17.80076392055976,-20.1959735708224,-1.4632643200457096,-3.32925806986869,-3.945366354211788
20561,FUELCELL ENERGY INC,FuelCell Energy shares are trading higher after the company announced NRG Energy has extended a $40 million revolving construction and term financing facility to FuelCell Finance for the purpose of project development by the company and its subsidiaries.,5,increase,0.8,0.6,,184,35,2.0,2019-10-03,77699.0,16.08214229345322,-1.1159485206007955,-17.80076392055976,-20.1959735708224,-1.4632643200457096,-3.32925806986869,-3.945366354211788
20569,FIRST COMMONWEALTH FINANCIAL COR,First Commonwealth Finl Q3 Adj. EPS $0.3 Beats $0.28 Estimate,5,increase,0.8,0.4,,167,35,2.0,2019-10-29,77643.0,1.792114786803722,2.464791387319565,2.8873227231221765,2.4594681766609616,0.8676781319081783,3.0280639046427416,2.422906991925866
20577,FIRST COMMONWEALTH FINANCIAL COR,"RBC Capital Initiates Coverage On First Commonwealth Finl with Outperform Rating, Announces $16 Price Target",5,increase,0.85,0.6,,169,35,2.0,2019-10-11,77643.0,3.061227314174175,0.2284823451191187,2.0563556657400284,5.331300835961872,0.5524837877601385,3.4026204076553774e-08,-2.000001784595984
20585,FIRSTCASH HOLDINGS INC,"Wedbush Maintains Neutral on FirstCash, Lowers Price Target to $95",5,decrease,0.75,0.4,,161,35,0.0,2019-10-25,76856.0,0.1529109431430697,1.3505595736205578,-0.8220840092759696,-5.390491809632925,-1.1395388282835484,-10.297533456254326,-10.476997357581665
20593,FIRSTCASH HOLDINGS INC,JMP Securities Downgrades FirstCash to Market Perform,5,decrease,0.8,0.6,,155,35,0.0,2019-10-24,76856.0,-1.139538828283548,0.1529109431430697,-0.7409988813970148,-4.0461007477777144,-9.263556450605392,-9.445088985655604,-8.011549847905442
20601,FIRSTCASH HOLDINGS INC,FirstCash Sees FY19 Adj. EPS $3.85-$4.00 vs $3.90 Est.,5,uncertain,0.6,0.3,,167,35,1.0,2019-10-23,76856.0,-9.263556450605392,-1.1395388282835484,-0.1744204646275671,-5.174414988386832,-0.2000657375901937,1.3798277227147435,1.9688024591083984
20609,FIRSTCASH HOLDINGS INC,"FirstCash Q3 Adj. EPS $0.84, Inline, Sales $452.46M Miss $452.76M Estimate",5,decrease,0.7,0.3,,171,35,0.0,2019-10-23,76856.0,-9.263556450605392,-1.1395388282835484,-0.1744204646275671,-5.174414988386832,-0.2000657375901937,1.3798277227147435,1.9688024591083984
20617,F T I CONSULTING INC,"Sidoti & Co. Maintains Buy on FTI Consulting, Raises Price Target to $150",5,increase,0.85,0.7,,163,35,2.0,2019-10-25,83509.0,-7.536529004573822,-0.535996537655592,1.0165404749029383,-1.6264691977413317,8.200808614492416,7.0918739401727215,4.1377482095153795
20625,F T I CONSULTING INC,FTI Consulting Set to Join S&P MidCap 400; KKR Real Estate Finance Trust to Join S&P SmallCap 600,5,increase,0.85,0.6,,171,35,2.0,2019-10-24,83509.0,8.200808614492416,-7.536529004573822,-6.972567941239838,-9.365119597542405,-1.024885755032301,-3.755110943258533,-3.4458070715844946
20633,F T I CONSULTING INC,FTI Raises FY19 Adj. EPS From $5-$5.50 To $5.75-$6 vs $5.41 Estimate,5,increase,0.85,0.7,,172,35,2.0,2019-10-24,83509.0,8.200808614492416,-7.536529004573822,-6.972567941239838,-9.365119597542405,-1.024885755032301,-3.755110943258533,-3.4458070715844946
20641,F T I CONSULTING INC,"FTI Consulting Q3 EPS $1.63 Beats $0.97 Estimate, Sales $593.106M Beat $526.49M Estimate",5,increase,0.9,0.7,,174,35,2.0,2019-10-24,83509.0,8.200808614492416,-7.536529004573822,-6.972567941239838,-9.365119597542405,-1.024885755032301,-3.755110943258533,-3.4458070715844946
20649,F T I CONSULTING INC,"UPDATE: Sidoti & Co. Maintains Buy On FTI Consulting, Raises Target To $134 As Firm Thinks 'global macroeconomic and political concerns will lead customers to transformative events such as M&A and restructuring activity'",5,increase,0.85,0.7,,188,35,2.0,2019-10-10,83509.0,2.216837927699089,0.893022958189249,1.7860389264036105,6.642975085172886,0.3364491742104292,-0.5373372716044544,-0.7396477901700726
20657,F T I CONSULTING INC,"Sidoti & Co. Maintains Buy on FTI Consulting, Raises Price Target to $134",5,increase,0.8,0.6,,163,35,2.0,2019-10-10,83509.0,2.216837927699089,0.893022958189249,1.7860389264036105,6.642975085172886,0.3364491742104292,-0.5373372716044544,-0.7396477901700726
20665,FIRST CITIZENS BANCSHARES INC NC,First Citizens BancShares Declares Quarterly Dividend Of $0.40/Share,5,uncertain,0.6,0.2,,167,35,1.0,2019-10-29,10777.0,0.6196781992912291,-0.2019514329731464,0.6678584035589186,3.1073243173860066,0.2197839086875319,0.8174439490425955,0.7683903405654613
20673,FIRST CITIZENS BANCSHARES INC NC,"First Citizens BancShares Q3 EPS $11.27 Up From $9.8 YoY, Sales $336.425M Up From $307.362M YoY",5,increase,0.85,0.6,,187,35,2.0,2019-10-29,10777.0,0.6196781992912291,-0.2019514329731464,0.6678584035589186,3.1073243173860066,0.2197839086875319,0.8174439490425955,0.7683903405654613
20681,FREEPORT MCMORAN INC,Freeport-McMoRan shares are trading lower amid US crude oil stocks rising and weak Chinese factory data.,5,decrease,0.8,0.6,,167,35,0.0,2019-10-31,81774.0,-3.060221299529076,7.128317654132843,14.765792441955416,10.081474148059645,-0.9775115177035332,-1.0742153799371157,-0.0986215334107698
20689,FREEPORT MCMORAN INC,"Freeport-McMoRan shares trading lower, reverting back to where the stock was trading immediately after release of Q4 results yesterday. Seeing some unusual option activity in the May $10 puts and the Jun $12 calls today.",5,,,,,191,35,,2019-10-24,81774.0,-5.330700427293777,5.735142529010773,2.3983266832390937,17.51825106532161,2.0140966400504112,3.156827111272098,5.741129220276364
20697,FREEPORT MCMORAN INC,"BMO Capital Maintains Market Perform on Freeport-McMoRan, Raises Price Target to $12",5,increase,0.7,0.4,,167,35,2.0,2019-10-24,81774.0,-5.330700427293777,5.735142529010773,2.3983266832390937,17.51825106532161,2.0140966400504112,3.156827111272098,5.741129220276364
20705,FREEPORT MCMORAN INC,"Freeport-McMoRan Q3 Adj. EPS $(0.01) Down From $0.35 YoY, Sales $3.308B Miss $3.55B Estimate",5,decrease,0.85,0.7,,184,35,0.0,2019-10-23,81774.0,2.014096640050411,-5.3307004272937775,-5.7021931620937494e-08,5.03455305894478,1.1201691813766956,3.653448594831477,5.190685782757676
20713,FREEPORT MCMORAN INC,"Shares of copper miner Freeport-McMoRan are trading higher following Chinese economic data showing growth in property and infrastructure, despite lower-than-expected overall economic growth.",5,increase,0.8,0.6,,178,35,2.0,2019-10-18,81774.0,1.4830545522272591,2.505216747522354,5.84551563054212,9.812114054587797,-0.6315833423286676,-0.8403452968925862,-0.6315833595300746
20721,FREEPORT MCMORAN INC,Freeport-McMoRan Option Alert: Jun 19 $13 Calls Sweep (17) near the Ask: 1300 @ $0.39 vs 228 OI; Earnings 10/23 Before Open Ref=$9.51,5,increase,0.75,0.6,,195,35,2.0,2019-10-16,81774.0,-0.2100888406857848,-0.6315833423286676,6.631580011283966,6.6315799504805595,0.2105311257764697,-0.3141333527846512,6.806287497187724
20729,FREEPORT MCMORAN INC,Freeport-McMoRan shares are trading lower potentially after BMO Capital lowered 3Q'19E EBITDA from $752 million to $596 million.,5,decrease,0.85,0.7,,177,35,0.0,2019-10-14,81774.0,-0.5235622171312571,0.2105311257764697,3.3684177565921347,7.789471007537685,7.142858952283859,12.280701453686229,12.808459799633544
20737,FREEPORT MCMORAN INC,"UBS Upgrades Freeport-McMoRan On Sell-Off, Projects Rising Copper Prices",5,increase,0.85,0.7,,164,35,2.0,2019-10-10,81774.0,4.795319586992264,7.142858952283859,5.908745883419497,7.591624261134333,0.4700347781181335,-2.3972606512129957,-3.1710049757489145
20745,FREEPORT MCMORAN INC,"JP Morgan Maintains Neutral on Freeport-McMoRan, Lowers Price Target to $12",5,decrease,0.8,0.6,,166,35,0.0,2019-10-10,81774.0,4.795319586992264,7.142858952283859,5.908745883419497,7.591624261134333,0.4700347781181335,-2.3972606512129957,-3.1710049757489145
20753,FREEPORT MCMORAN INC,Freeport-McMoRan shares are trading higher after UBS upgraded the stock from Neutral to Buy.,5,increase,0.8,0.6,,165,35,2.0,2019-10-10,81774.0,4.795319586992264,7.142858952283859,5.908745883419497,7.591624261134333,0.4700347781181335,-2.3972606512129957,-3.1710049757489145
20761,FREEPORT MCMORAN INC,"UBS Upgrades Freeport-McMoRan to Buy, Lowers Price Target to $12",5,increase,0.7,0.5,,166,35,2.0,2019-10-10,81774.0,4.795319586992264,7.142858952283859,5.908745883419497,7.591624261134333,0.4700347781181335,-2.3972606512129957,-3.1710049757489145
20769,FREEPORT MCMORAN INC,Freeport-McMoRan shares are trading lower in sympathy with the overall market on seemingly no company-specific news.,5,decrease,0.7,0.3,,168,35,0.0,2019-10-01,81774.0,-4.179724305868149,-3.2715395092964172,-7.1973809194343925,4.360341528087575,-0.829014740884304,-2.346943726056483,-4.965243319223756
20777,FRESH DEL MONTE PRODUCE INC,"Fresh Del Monte Produce Q3 Adj. EPS $0.35 May Not Compare To $0.16 Estimate, Sales $1.07B, Same YoY",5,increase,0.75,0.6,,181,35,2.0,2019-10-29,85449.0,10.92819944024086,-0.126305385492742,-2.336595453961454,-0.0315761655558799,3.217640519142151,1.7825311226291607,-0.4879794922005298
20785,FACTSET RESEARCH SYSTEMS INC,"Morgan Stanley Maintains Underweight on FactSet Research Systems, Lowers Price Target to $215",5,,,,,165,35,,2019-10-10,83597.0,0.2116862451657652,1.6029534861445427,4.282819891158995,4.883406869761142,2.8342152014374733,0.6181070547396139,-0.0497823309037248
20793,FIDUS INVESTMENT CORP,"Fidus Inv Q3 EPS $0.35 Misses $0.36 Estimate, Sales $19.201M Miss $19.73M Estimate",5,decrease,0.8,0.4,,177,35,0.0,2019-10-31,12885.0,-0.940230581909418,1.7627134919166565,2.3728840154965347,4.474575369087486,1.4305179007351398,1.1548917716558416,1.6382301995497397
20801,FIDUS INVESTMENT CORP,"National Securities Initiates Coverage On Fidus Inv with Neutral Rating, Announces $15 Price Target",5,uncertain,0.6,0.3,,164,35,1.0,2019-10-23,12885.0,0.8885858580470085,-0.20325668156147,0.880759507151585,2.168019634028684,0.0,1.3860000297427175,1.2456768659034667
20809,FIDUS INVESTMENT CORP,"UPDATE: Raymond James On Fidus Inv Also Believes The Co. 'can catch back up to dividend coverage, but uncertainty has increased as to when (we had previously projected 4Q20 - which we still project, but with lower confidence)'",5,uncertain,0.6,0.3,,196,35,1.0,2019-10-11,12885.0,-0.5494565702974796,-2.14088037610054,-0.3452986678551206,1.1740336162495923,0.9708761237561704,1.1111166640956682,0.3445911951188485
20817,FIDUS INVESTMENT CORP,"UPDATE: Raymond James Downgrades Fidus Inv To Outperform, Lowers Target From $17 To $16 As Firm Notes Co's 'pre-released guidance for 3Q19 results is materially lower than we had projected (on an adjusted basis)'",5,decrease,0.85,0.7,,198,34,0.0,2019-10-11,12885.0,-0.5494565702974796,-2.14088037610054,-0.3452986678551206,1.1740336162495923,0.9708761237561704,1.1111166640956682,0.3445911951188485
20825,FIDUS INVESTMENT CORP,Fidus Investment Late Thursday Priced $55M Aggregate Principal Amount Of Its 5.375% Notes Due 2024,5,uncertain,0.6,0.3,,171,35,1.0,2019-10-11,12885.0,-0.5494565702974796,-2.14088037610054,-0.3452986678551206,1.1740336162495923,0.9708761237561704,1.1111166640956682,0.3445911951188485
20833,FIDUS INVESTMENT CORP,Raymond James Downgrades Fidus Inv to Outperform,5,decrease,0.8,0.6,,158,35,0.0,2019-10-11,12885.0,-0.5494565702974796,-2.14088037610054,-0.3452986678551206,1.1740336162495923,0.9708761237561704,1.1111166640956682,0.3445911951188485
20841,FIDUS INVESTMENT CORP,"Fidus Investment Sees Q3 Net Investment Income Per Share Between $0.29-$0.31, Adj. Net Investment Income Per Share Between $0.34-$0.36",5,,,,,184,35,,2019-10-10,12885.0,0.9708761237561704,-0.5494565702974796,-0.7554987467419005,1.1675762660640745,0.138892070390284,-0.620262943811356,-0.3455438367122365
20849,FEDEX CORP,"Wells Fargo Bullish On FedEx, UPS",5,increase,0.8,0.6,,150,35,2.0,2019-10-29,60628.0,-0.2462117467075585,-1.3733296655118463,4.328847296011884,2.031521220850574,0.1960892928764224,2.823752512595812,1.551479804749789
20857,FEDEX CORP,"Wells Fargo Initiates Coverage On FedEx with Outperform Rating, Announces $189 Price Target",5,increase,0.85,0.7,,159,35,2.0,2019-10-29,60628.0,-0.2462117467075585,-1.3733296655118463,4.328847296011884,2.031521220850574,0.1960892928764224,2.823752512595812,1.551479804749789
20865,FEDEX CORP,"Peak Season For Air Cargo: Past Results, Present Challenges",5,uncertain,0.6,0.3,,151,35,1.0,2019-10-23,60628.0,0.8730458095669746,-1.2373334728181362,-0.089754706281786,4.609566865566528,1.7035067081451416,3.1485564645252984,2.6078353661117992
20873,FEDEX CORP,UPS' Entry Could Raise Interest In Flat-Rate Parcel Shipping,5,decrease,0.8,0.6,,152,35,0.0,2019-10-18,60628.0,-0.5242158658802509,1.4208455570042131,5.456602136853728,4.409312395417597,-0.0464331911643967,0.4934583701605488,2.6706623780470062
20881,FEDEX CORP,FedEx Freight Expands Last Mile Delivery Network,5,increase,0.8,0.6,,149,35,2.0,2019-10-15,60628.0,2.166513167321682,0.5401423666626215,3.114162318166458,5.368089608134596,0.8520032279193401,3.834180832966827,5.40753947674486
20889,FEDEX CORP,FedEx Opens 3 New Facilities for its International Business,5,increase,0.8,0.6,,151,35,2.0,2019-10-14,60628.0,0.8520032279193401,2.166513167321682,3.58359080427455,7.916606505514912,2.956984005868435,4.5170508299476,5.1665538822390555
20897,FEDEX CORP,"Berenberg Maintains Hold on FedEx, Lowers Price Target to $155",5,decrease,0.8,0.6,,157,35,0.0,2019-10-11,60628.0,2.956984005868435,0.8520032279193401,3.0026182169876403,8.623061283631085,1.5152608044445517,2.146109754190828,-0.5137558132578435
20905,FEDEX CORP,Amazon Partner Inpax Lays Off About 600 After Amazon Ends Relationship,5,increase,0.7,0.4,,155,35,2.0,2019-10-10,60628.0,1.515260804444551,2.956984005868435,6.6072412360261845,8.977081277024013,0.6214326247572899,-1.9987306357918233,-2.6223775856537457
20913,FEDEX CORP,"Bernstein Downgrades FedEx to Market Perform, Announces $153 Price Target",5,decrease,0.8,0.6,,156,35,0.0,2019-10-09,60628.0,0.6214326247572899,1.5152608044445517,8.27289353681051,12.014359439145816,-2.6039812713861465,-3.2237766108022092,-2.342817766402338
20921,FEDEX CORP,Boeing Deliveries Plummet In Q3,5,decrease,0.7,0.4,,150,35,0.0,2019-10-08,60628.0,-2.603981271386147,0.6214326247572899,8.360435997494186,11.734955863129004,-0.6363661959767342,0.2681459759782401,0.9305282282922268
20929,FEDEX CORP,FedEx Announces Partnership To Facilitate Walgreens Customer Returns,5,increase,0.8,0.6,,150,35,2.0,2019-10-08,60628.0,-2.603981271386147,0.6214326247572899,8.360435997494186,11.734955863129004,-0.6363661959767342,0.2681459759782401,0.9305282282922268
20937,FEDEX CORP,Michaels Craft Stores Now Function As UPS Drop Off And Pick Up Locations,5,decrease,0.75,0.4,,155,35,0.0,2019-10-07,60628.0,-0.6363661959767342,-2.6039812713861465,3.3007266927888024,7.002602035300387,0.9103050455451012,1.5769294703526835,0.9601812075746397
20945,FEDEX CORP,UPS To Invest $220 Million In Louisville Maintenance Hangar,5,decrease,0.7,0.4,,151,35,0.0,2019-10-04,60628.0,0.9103050455451012,-0.6363661959767342,1.7762191157967289,4.832170411528902,0.6606108509004116,0.0494262325408945,-2.6516455830321584
20953,FEDEX CORP,"Loss Of Parcel Select Business Could Hit USPS Hard, Consultancy Says",5,increase,0.8,0.6,,152,35,2.0,2019-10-03,60628.0,0.6606108509004116,0.9103050455451012,-0.2469874528192139,6.343934726376488,-0.6071735639125109,-3.290518908968987,-2.883559476659958
20961,FEDEX CORP,ChemDirect Joins Blockchain Alliance,5,uncertain,0.6,0.3,,146,35,1.0,2019-10-02,60628.0,-0.6071735639125109,0.6606108509004116,-1.086801160273165,7.096182473591117,-2.699737437069416,-2.2902919600653826,-2.4249133600578454
20969,FIRSTENERGY CORP,Bank of America Downgrades FirstEnergy to Neutral,5,decrease,0.8,0.6,,152,35,0.0,2019-10-24,23026.0,-0.2478804672136902,-0.5798355676233768,0.0621220910015818,-2.4707921598114635,0.1033896580338478,-0.1855673276047409,0.0620065607569442
20977,FIRSTENERGY CORP,"KeyBanc Maintains Overweight on FirstEnergy, Raises Price Target to $56",5,increase,0.8,0.6,,159,35,2.0,2019-10-21,23026.0,0.2480341587215662,-0.2886585425585508,-2.5360815825443583,-1.0309279041205377,0.5612148437649012,1.2133929800993482,1.638660961401306
20985,FRANKLIN ELECTRIC INC,"Franklin Electric Q3 Adj. EPS $0.73 Beats $0.71 Estimate, Sales $348.4M Miss $353.85M Estimate",5,uncertain,0.6,0.3,,176,35,1.0,2019-10-29,37568.0,6.232022866606712,-0.4873654339462518,-1.1062723324429036,-2.4637082140003264,1.557941734790802,1.7362528989698145,3.451699404796882
20993,PHOENIX NEW MEDIA LTD,Phoenix New Media Offers Update On Proposed Sale Of Investment In Yidian: 2 Shareholders Of Particle Notified Co. Of Intention To Exercise Co-Sale Rights Related To 16M Particle Shares For Total Price Of RMB240M,5,uncertain,0.6,0.4,,193,35,1.0,2019-10-04,12751.0,-3.8610003888607034,-1.76706463098526,-6.827312048565204,-9.638554332163496,0.7782094180583954,0.7782094180583954,1.1718739231695974
21001,FORUM ENERGY TECHNOLOGIES INC,Forum Energy Technologies shares are trading higher after the company reported better-than-expected Q3 EPS results.,5,increase,0.85,0.7,,165,35,2.0,2019-10-25,13337.0,4.2372945696115485,8.130083233118057,0.8130078963974219,-3.252028761976778,0.0,-4.838714748620987,-7.812502076699279
21009,FORUM ENERGY TECHNOLOGIES INC,"Forum Energy Technologies Earlier Reported Q3 EPS $0.02 Beats $(0.05) Estimate, Sales $239.3M Miss $244.92M Estimate",5,uncertain,0.6,0.3,,180,35,1.0,2019-10-25,13337.0,4.2372945696115485,8.130083233118057,0.8130078963974219,-3.252028761976778,0.0,-4.838714748620987,-7.812502076699279
21017,FORUM ENERGY TECHNOLOGIES INC,"Morgan Stanley Maintains Equal-Weight on Forum Energy Technologies, Lowers Price Target to $3",5,decrease,0.8,0.6,,165,35,0.0,2019-10-07,13337.0,0.0,-3.597119078040123,0.7194235603079413,-7.913670658567051,-2.797200158238411,-2.112674045229823,-3.472226995361538
21025,SPDR INDEX SHARES FUNDS,Fiscal Stimulus May Not Cure What Ails Europe ETFs,5,decrease,0.7,0.4,,157,35,0.0,2019-10-11,89545.0,2.034811675548553,-0.0262454384937882,1.8892710892513875,2.3353434250074745,1.0005380026996136,2.1887804960768698,1.0825377672433412
21033,FIRST FINANCIAL BANCORP OHIO,First Financial Bancorp Q3 EPS $0.51 Misses $0.54 Estimate,5,decrease,0.8,0.3,,170,35,0.0,2019-10-17,35685.0,1.6270391643047328,-4.5977044850587845,-3.981942485082613,-3.776683220698651,-1.2157431803643703,-0.0417023692619977,0.0835012508792587
21041,FIRST FINANCIAL BANKSHARES INC,First Financial Bankshares Reports Has Begun National Search For Successor To CFO J. Bruce Hildebrand,5,uncertain,0.6,0.3,,169,35,1.0,2019-10-23,79824.0,0.2261108253151177,-0.6768129300326109,-3.44048904184282,-3.4968918833284457,0.3403367940336466,1.462581476072189,4.922893939640272
21049,FIRST FINANCIAL BANKSHARES INC,First Finl Bankshares Q3 EPS $0.32 Down From $0.52 YoY,5,decrease,0.85,0.7,,168,35,0.0,2019-10-17,79824.0,1.139775197952986,3.4104321151971817,4.448398563647271,-1.304870545104031,0.1802925951778888,0.9079880020939068,0.5731481967508056
21057,FIBROGEN INC,FibroGen Announces First Patient Dosed In LAPIS Phase 3 Clinical Trial Of Pamrevlumab For The Treatment Of Patients With Locally Advanced Pancreatic Cancer,5,increase,0.75,0.6,,176,35,2.0,2019-10-23,15065.0,-1.969196647405624,2.98738032579422,0.978617520771774,-1.3134230746907227,0.9429126046597958,2.087632375892068,-2.221668145662359
21065,FIRST HORIZON CORP,"Keefe, Bruyette & Woods Downgrades First Horizon National to Market Perform",5,decrease,0.8,0.6,,161,35,0.0,2019-10-17,36397.0,-1.027616206556559,0.9085032157599926,4.0233669483003665,3.6340065812915823,-3.591330721974373,-2.137021516430415,-2.2598905949395287
21073,FIRST HORIZON CORP,First Horizon National Q3 Sales $472.411M Beat $465.8M Estimate,5,increase,0.75,0.4,,162,35,2.0,2019-10-16,36397.0,-3.591330721974373,-1.0276162065565586,3.0186335170029555,3.917794616170567,1.508483849465847,1.3810377604063897,2.3447394890628193
21081,FIRST HORIZON CORP,First Horizon National Q3 Adj. EPS $0.43 Beats $0.42 Estimate,5,increase,0.75,0.3,,162,35,2.0,2019-10-16,36397.0,-3.591330721974373,-1.0276162065565586,3.0186335170029555,3.917794616170567,1.508483849465847,1.3810377604063897,2.3447394890628193
21089,FIRST HORIZON CORP,"Wells Fargo Maintains Outperform on First Horizon National, Raises Price Target to $19",5,increase,0.8,0.6,,162,35,2.0,2019-10-02,36397.0,-0.2509407931938767,-0.3773551434278488,-2.2641488916398167,-2.0754711203322063,-1.6049455851316452,-2.1485655618640687,-2.388244690398078
21097,FIRST INTERSTATE BANCSYSTEM INC,First Interstate BancSys Q3 EPS $0.8 Beats $0.79 Estimate,5,increase,0.75,0.3,,163,35,2.0,2019-10-23,93304.0,0.5854800809174776,-0.7450516801327467,-0.9080311601937784,0.7217638558477235,1.0650905780494213,1.8849938747503403,2.1531137619311247
21105,FAIR ISAAC CORP,"Baird Initiates Coverage On Fair Isaac with Outperform Rating, Announces $352 Price Target",5,increase,0.8,0.6,,160,35,2.0,2019-10-15,11533.0,0.9015641175210476,-0.9158487431704998,-7.770369407972,-3.676162003052064,0.4365843255072832,1.6595768361172825,0.8376951015661271
21113,FIDELITY NATIONAL INFO SVCS INC,Fidelity National Info Option Alert: Dec 20 $130 Calls Sweep (2) near the Ask: 2931 @ $3.701 vs 2832 OI; Earnings 11/5 Before Open Ref=$125.8318,5,increase,0.75,0.6,,199,35,2.0,2019-10-23,89003.0,1.219705678522587,1.7642006278038025,3.930066581817204,3.0873421519336475,-2.6313740760087967,-2.252005950053748,-3.899483896671041
21121,FINANCIAL INSTITUTIONS INC,Financial Institutions Q3 EPS $0.78 Beats $0.68 Estimate,5,increase,0.85,0.6,,161,35,2.0,2019-10-29,86965.0,0.5204939749091864,2.524274028837681,3.62459817255032,4.207123398507928,1.0187297128140926,1.251644079803782,0.3263719288395528
21129,FIFTH THIRD BANCORP,Fifth Third Bancorp shares are trading higher after UBS upgraded the stock from Neutral to Buy and raised the price target from $32 to $33.,5,increase,0.85,0.6,,175,35,2.0,2019-10-25,34746.0,3.050722554326057,1.3425174169242382,1.7555946686453885,5.197935602327752,-0.2829852281138301,-0.3886880072585086,0.606709738901845
21137,FIFTH THIRD BANCORP,"UBS Upgrades Fifth Third Bancorp to Buy, Raises Price Target to $33",5,increase,0.85,0.7,,163,24,2.0,2019-10-25,34746.0,3.050722554326057,1.3425174169242382,1.7555946686453885,5.197935602327752,-0.2829852281138301,-0.3886880072585086,0.606709738901845
21145,FIFTH THIRD BANCORP,"Bank of America Reiterates Buy on Fifth Third Bancorp, Raises Price Target to $31",5,increase,0.8,0.6,,165,35,2.0,2019-10-23,34746.0,-0.1060027512721717,-0.2829852281138301,3.572692646668729,7.640607828586754,0.9992818348109722,3.549210719235485,4.5051672423186195
21153,FIFTH THIRD BANCORP,"Raymond James Maintains Outperform on Fifth Third Bancorp, Raises Price Target to $31",5,increase,0.8,0.6,,165,35,2.0,2019-10-23,34746.0,-0.1060027512721717,-0.2829852281138301,3.572692646668729,7.640607828586754,0.9992818348109722,3.549210719235485,4.5051672423186195
21161,FIFTH THIRD BANCORP,Fifth Third Bancorp Q3 Adj. EPS $0.75 Beats $0.73 Estimate,5,increase,0.85,0.6,,166,35,2.0,2019-10-22,34746.0,0.9992818348109722,-0.1060027512721717,4.699646519092937,7.243820570088832,2.52470001578331,3.4711983529166934,3.147430484750169
21169,FIFTH THIRD BANCORP,Bank of America Upgrades Fifth Third Bancorp to Buy,5,increase,0.85,0.6,,157,35,2.0,2019-10-11,34746.0,2.559205703437328,0.5214130040258169,1.7877077926893303,8.193664081037966,2.046383172273636,2.8683674167076623,-0.4184122662708289
21177,FIFTH THIRD BANCORP,"JP Morgan Maintains Neutral on Fifth Third Bancorp, Lowers Price Target to $30.5",5,,,,,166,35,,2019-10-10,34746.0,2.046383172273636,2.5592057034373283,3.4377372057716293,7.677617150583971,0.805500615388155,-2.415367759172249,-3.18867653352497
21185,FIFTH THIRD BANCORP,"Citigroup Maintains Neutral on Fifth Third Bancorp, Lowers Price Target to $27",5,decrease,0.8,0.6,,164,35,0.0,2019-10-09,34746.0,0.805500615388155,2.046383172273636,5.885792939775514,10.192943540903345,-3.1951315701007843,-3.9622611112784862,-2.4156407725844375
21193,FIFTH THIRD BANCORP,"Morgan Stanley Maintains Equal-Weight on Fifth Third Bancorp, Lowers Price Target to $31",5,decrease,0.8,0.4,,166,35,0.0,2019-10-03,34746.0,0.5397046450525522,1.610429771244526,0.3834371912977197,3.8343559600553463,-2.0022621378302574,-5.2593084494700015,-5.604072120327553
21201,FIVE BELOW INC,"Morgan Stanley Maintains Overweight on Five Below, Raises Price Target to $147",5,increase,0.85,0.7,,154,35,2.0,2019-10-28,13527.0,0.3784702857956289,-2.3084083572030067,-2.0390959091237337,-4.378277882533965,0.0850344833452254,2.412595466799483,0.0773024948143463
21209,FIVE BELOW INC,"Guggenheim Maintains Buy on Five Below, Raises Price Target to $140",5,increase,0.85,0.7,,155,35,2.0,2019-10-17,13527.0,0.1730852760374546,0.3906575497239828,-2.8172187340724575,-6.0100667871117235,0.7888414897024632,2.7210917313677863,2.097588276921436
21217,FIVE BELOW INC,William Blair Initiates Coverage On Five Below with Outperform Rating,5,increase,0.8,0.6,,150,35,2.0,2019-10-04,13527.0,2.2198941558599468,-1.1487915180623531,2.4077407625102465,5.145966513740241,0.2014829078689217,-2.4786227135422556,-1.403645218920102
21225,COMFORT SYSTEMS USA INC,"Comfort Systems USA Q3 EPS $0.98 Beats $0.85 Estimate, Sales $706.918M Beat $701.37M Estimate",5,increase,0.85,0.7,,174,35,2.0,2019-10-24,85059.0,0.4909356590360403,9.536953270435331,7.073062462269131,8.60237193640545,1.6048533841967585,3.1483936470971807,3.765220214230336
21233,NATIONAL BEVERAGE CORP,National Beverage Option Alert: Nov 15 $55 Calls Sweep (2) near the Ask: 1000 @ $0.7 vs 6342 OI; Earnings 12/5 After Close [est] Ref=$49.85,5,increase,0.75,0.6,,193,35,2.0,2019-10-25,76839.0,0.3015635535120964,1.6235746443271637,-10.022048017919904,-17.759070547766886,-0.2706733299419284,0.9129655918774792,3.92812586201321
21241,NATIONAL BEVERAGE CORP,National Beverage Option Alert: Nov 15 $55 Calls Sweep (2) near the Ask: 1000 @ $1.125 vs 32 OI; Earnings 12/5 After Close [est] Ref=$49.31,5,increase,0.75,0.6,,192,35,2.0,2019-10-11,76839.0,2.185676991939545,-1.9352225586771965,-1.7722527052929091,1.6296584160443215,2.979634143412113,4.799303457292914,1.887591314861603
21249,FOOT LOCKER INC,Trader Toolkit: Analyst Ratings,5,,,,,145,35,,2019-10-07,15456.0,-0.4565080162137747,-1.399956177920103,3.524014164722855,9.965032427649412,0.4101282451301813,0.5799851349473473,-0.6919611498351963
21257,FLEX LTD,Flex shares are trading higher after the company reported better-than-expected Q2 EPS results.,5,increase,0.85,0.6,,153,24,2.0,2019-10-25,80329.0,11.74205243587494,1.0335907340049744,5.512492105176525,1.9810550302141736,1.3658570125699043,-0.6692131308069449,-0.3835087155051764
21265,FLEX LTD,Flex shares are trading lower after the company reported worse-than-expected Q2 sales results. The company also issued Q3 sales guidance below analyst estimates.,5,decrease,0.85,0.7,,165,25,0.0,2019-10-24,80329.0,1.365857012569904,11.74205243587494,13.089505043397851,13.85947539356498,-2.0076485350728035,-1.725793851728752,2.8084224494996812
21273,FLEX LTD,"Flex Sees Q3 Adj. EPS $0.32-$0.36 vs $0.34 Estimate, Sales $6B-$6.3B vs $6.49B Est.",5,,,,,175,35,,2019-10-24,80329.0,1.365857012569904,11.74205243587494,13.089505043397851,13.85947539356498,-2.0076485350728035,-1.725793851728752,2.8084224494996812
21281,FLEX LTD,"Flex Q2 Adj. EPS $0.31 Beats $0.3 Estimate, Sales $6.088B Miss $6.29B Estimate",5,uncertain,0.6,0.3,,166,35,1.0,2019-10-24,80329.0,1.365857012569904,11.74205243587494,13.089505043397851,13.85947539356498,-2.0076485350728035,-1.725793851728752,2.8084224494996812
21289,FLEX LTD,"Flex Ltd shares are trading higher amid renewed US-China trade optimism, as the company derives the majority of its revenue from Asia.",5,increase,0.85,0.7,,160,35,2.0,2019-10-21,80329.0,4.613841697573662,0.2876292681321502,12.464038070860584,16.58676353497528,-1.4822096563875675,-1.966566438314188,-0.4990038475906511
21297,FIRST LONG ISLAND CORP,First of Long Island Q3 EPS $0.44 Up From $0.39 YoY,5,increase,0.75,0.4,,163,35,2.0,2019-10-30,11006.0,-0.4212316125631332,-0.8460188284516335,1.4805431875487551,1.1844362411016718,0.2957317046821117,2.283501478649197,2.90420488183043
21305,FULL HOUSE RESORTS INC,"Full House Resorts Q3 EPS $0.06 Up From $0.04 YoY, Sales $44.3M Up From $44.028M YoY",5,increase,0.7,0.3,,178,35,2.0,2019-10-31,79490.0,0.7229344919323921,12.90322244167328,18.548387767723916,20.16128929334604,1.7437953501939774,0.4979541965575373,-3.0629937408613195
21313,FULL HOUSE RESORTS INC,"Full House Resorts Reports Entered Added Deals Allowing For Online, Mobile Sports Wagering Throughout Indiana, Colorado, No Terms Disclosed",5,increase,0.8,0.6,,171,35,2.0,2019-10-18,79490.0,5.022826045751572,1.304346602410078,10.434783364290537,21.739130179736694,-0.9049764834344388,0.9216580472612756,-1.35135016237381
21321,FLUOR CORP NEW,Fluor shares are trading lower after the company reported worse-than-expected Q3 EPS and sales results. The company also suspended its FY19 guidance.,5,decrease,0.85,0.7,,174,35,0.0,2019-10-31,88853.0,-16.83015078306198,15.394161641597748,17.008067757227117,12.97330921673665,-1.4750712551176548,-2.516356237711792,-2.3689481569554527
21329,FLUOR CORP NEW,Fluor Suspends FY19 Guidance,5,decrease,0.85,0.7,,152,35,0.0,2019-10-31,88853.0,-16.83015078306198,15.394161641597748,17.008067757227117,12.97330921673665,-1.4750712551176548,-2.516356237711792,-2.3689481569554527
21337,FLUOR CORP NEW,"Fluor Q3 GAAP EPS $(5.29) Does Not Compare To $0.36 Estimate, Sales $3.94B May Not Compare To $4.67B Estimate",5,decrease,0.9,0.8,,183,35,0.0,2019-10-31,88853.0,-16.83015078306198,15.394161641597748,17.008067757227117,12.97330921673665,-1.4750712551176548,-2.516356237711792,-2.3689481569554527
21345,FLUOR CORP NEW,Fluor Awarded Three-Year Engineering Services Agreement by KPO in Kazakhstan,5,increase,0.8,0.6,,159,35,2.0,2019-10-31,88853.0,-16.83015078306198,15.394161641597748,17.008067757227117,12.97330921673665,-1.4750712551176548,-2.516356237711792,-2.3689481569554527
21353,FLUOR CORP NEW,Floor & Decor Holdings Option Alert: Nov 15 $52.5 Calls at the Ask: 850 @ $2.101 vs 72 OI; Earnings 10/31 Before Open [est] Ref=$47.355,5,uncertain,0.5,0.3,,191,35,1.0,2019-10-02,88853.0,-2.19781044870615,1.3483241200447085,-0.7303323888717683,6.741577744377869,-4.8614658415317535,-1.939648168933683,-0.4920729268264812
21361,FLEETCOR TECHNOLOGIES INC,"RBC Capital Initiates Coverage On Fleetcor Technologies with Sector Perform Rating, Announces $324 Price Target",5,increase,0.7,0.5,,168,35,2.0,2019-10-07,12449.0,-1.770676858723164,-1.6655504703521729,2.129378399861448,2.674027999440187,2.9932506382465363,3.701051064723559,2.367328339471597
21369,FLEETCOR TECHNOLOGIES INC,Raymond James Reinstates Market Perform on Fleetcor Technologies,5,uncertain,0.5,0.2,,160,35,1.0,2019-10-01,12449.0,-1.311112940311432,-1.2861226685345173,-1.120056095190991,4.557990698284398,-0.4236115142703056,-2.0225531275244624,-1.642833017663281
21377,1 800 FLOWERS COM INC,1-800-Flowers.com Reaffirms FY20 Sales Guidance 8-9% Year Over Year Growth,5,increase,0.7,0.4,,170,35,2.0,2019-10-31,87162.0,6.49738535284996,-5.680227279663086,-6.732118016287025,-11.570831326528907,-1.3991132378578186,-2.5473029751878373,-1.7608200045289513
21385,1 800 FLOWERS COM INC,"1-800-Flowers.com Q1 EPS $(0.24) Misses $0.36 Estimate, Sales $187.263M Beat $180.85M Estimate",5,decrease,0.7,0.4,,183,35,0.0,2019-10-31,87162.0,6.49738535284996,-5.680227279663086,-6.732118016287025,-11.570831326528907,-1.3991132378578186,-2.5473029751878373,-1.7608200045289513
21393,FLEXSTEEL INDUSTRIES INC,Flexsteel Industries Q1 Sales $100.348M Down From $113.487M YoY,5,decrease,0.8,0.6,,164,35,0.0,2019-10-28,36768.0,-0.0665794184897095,7.928051054477692,20.253156941222695,18.587600681989215,1.4179610647261145,-1.119151503031568,-1.7015658851314286
21401,ISHARES INC,GM Says China Auto Market Remains 'Volatile',5,uncertain,0.6,0.3,,150,35,1.0,2019-10-29,13578.0,-0.2632284769788384,0.6739929784089327,0.9932556789640224,1.2061020020722069,-0.6167405284941196,0.2639231986281354,0.2995038297561647
21409,F M C CORP,"Buckingham Maintains Buy on FMC, Raises Price Target to $105",5,increase,0.8,0.6,,156,35,2.0,2019-10-31,19166.0,0.5826083011925219,3.8360677659511566,5.825138430822974,6.054645495227029,7.1369655430316925,8.2589582875644,8.323407585796637
21417,F M C CORP,"Wells Fargo Maintains Outperform on FMC, Raises Price Target to $107",5,increase,0.8,0.6,,158,35,2.0,2019-10-31,19166.0,0.5826083011925219,3.8360677659511566,5.825138430822974,6.054645495227029,7.1369655430316925,8.2589582875644,8.323407585796637
21425,F M C CORP,"FMC Corporation Raises FY19 Adj. EPS Guidance To $5.80-$5.90 vs $5.80 Est., Raises Sales Guidance To $4.58B-$4.62B vs $4.55B Est.",5,increase,0.85,0.7,,189,35,2.0,2019-10-29,19166.0,1.047250814735889,7.1369655430316925,14.097271324035908,15.828517478060643,0.0595325313042849,0.7674774025109077,1.817520895674973
21433,F M C CORP,"FMC Q3 Adj. EPS $0.94 Beats $0.81 Estimate, Sales $1B Beat $976.02M Estimate",5,increase,0.85,0.6,,171,35,2.0,2019-10-29,19166.0,1.047250814735889,7.1369655430316925,14.097271324035908,15.828517478060643,0.0595325313042849,0.7674774025109077,1.817520895674973
21441,F M C CORP,Baird Upgrades FMC On Prospects Of Above-Market Revenue Growth For Several Years,5,increase,0.85,0.7,,159,35,2.0,2019-10-16,19166.0,0.8790892548859119,0.7520650513470173,-1.480240879032757,8.59496846850012,0.7155900355428457,-0.8477600696564003,3.903907421139774
21449,F M C CORP,"UPDATE: Baird On FMC Also Notes 'While there are some near-term risks (higher costs, FX), we like FMC's product portfolio and market positioning, and think shares will move higher with execution'",5,uncertain,0.6,0.3,,182,35,1.0,2019-10-16,19166.0,0.8790892548859119,0.7520650513470173,-1.480240879032757,8.59496846850012,0.7155900355428457,-0.8477600696564003,3.903907421139774
21457,F M C CORP,"UPDATE: Baird Upgrades FMC To Outperform, Raises Target To $95 As Firm Believes Co. 'is well positioned for top-line and adj. EBITDA growth in 2020+, driven by new product introductions, share gains in key markets, and operating leverage'",5,increase,0.85,0.7,,196,29,2.0,2019-10-16,19166.0,0.8790892548859119,0.7520650513470173,-1.480240879032757,8.59496846850012,0.7155900355428457,-0.8477600696564003,3.903907421139774
21465,F M C CORP,"Wells Fargo Initiates Coverage On FMC with Outperform Rating, Announces $100 Price Target",5,increase,0.85,0.7,,160,24,2.0,2019-10-16,19166.0,0.8790892548859119,0.7520650513470173,-1.480240879032757,8.59496846850012,0.7155900355428457,-0.8477600696564003,3.903907421139774
21473,F M C CORP,"Baird Upgrades FMC to Outperform, Raises Price Target to $95",5,increase,0.8,0.6,,157,35,2.0,2019-10-16,19166.0,0.8790892548859119,0.7520650513470173,-1.480240879032757,8.59496846850012,0.7155900355428457,-0.8477600696564003,3.903907421139774
21481,FARMERS NATIONAL BANC CORP,Farmers National Banc Q3 EPS $0.33 Up From $0.29 YoY,5,increase,0.75,0.4,,165,35,2.0,2019-10-23,13006.0,-1.1371242813765998,0.1353211002424359,0.8119072095581048,4.53315343162084,0.0,2.749138325452805,3.603600158964992
21489,FRESENIUS MED CARE AG & CO KGAA,Redburn Downgrades Fresenius Medical Care to Neutral,5,decrease,0.8,0.6,,167,35,0.0,2019-10-23,83987.0,1.6144068911671638,0.1222148421220481,10.082490690732882,14.45157204795855,-5.9287454932928085,-5.736023280210878,-5.625554901738761
21497,F N B CORP PA,"Wells Fargo Maintains Outperform on F N B, Raises Price Target to $14",5,increase,0.8,0.6,,162,35,2.0,2019-10-18,10629.0,-1.2355894781649108,-0.3336110385134816,2.5020867234351263,2.001666241647393,0.9983351454138756,1.845639887355688,4.295532621582243
21505,F N B CORP PA,F N B Q3 EPS $0.31 Beats $0.29 Estimate,5,increase,0.8,0.4,,160,35,2.0,2019-10-17,10629.0,0.9983351454138756,-1.2355894781649113,6.907214800122574e-08,-0.6589778795673351,0.8389294147491455,3.264605769413098,3.442345825651838
21513,SCHWAB STRATEGIC TRUST,This May Be A Better Way For Betting On Foreign Stocks,5,increase,0.75,0.6,,157,35,2.0,2019-10-14,14080.0,-0.3969639539718628,1.3043430633842945,2.5000018448464667,3.5144901646783966,1.7627600580453873,2.8200308233566007,3.6275217671572824
21521,FIDELITY NATIONAL FINL INC NEW,"Fidelity National Finl Q3 Adj. EPS $1.1 Beats $0.89 Estimate, Sales $2.2B Beat $2.17B Estimate",5,increase,0.85,0.7,,184,35,2.0,2019-10-29,90925.0,0.6012034136801958,1.3280178420245647,2.4347021715528383,3.784858500845512,-1.3617372140288353,-2.348340477267308,-2.0501606264931693
21529,FIDELITY NATIONAL FINL INC NEW,Fidelity National Financial Raises Quarterly Dividend From $0.31 To $0.33/Share,5,increase,0.8,0.4,,169,35,2.0,2019-10-29,90925.0,0.6012034136801958,1.3280178420245647,2.4347021715528383,3.784858500845512,-1.3617372140288353,-2.348340477267308,-2.0501606264931693
21537,FIDELITY NATIONAL FINL INC NEW,Fidelity National Finl Option Alert: Nov 15 $47 Calls at the Ask: 1387 @ $0.451 vs 43 OI; Earnings 10/29 After Close Ref=$45.29,5,uncertain,0.6,0.3,,194,35,1.0,2019-10-18,90925.0,0.7537134923040867,0.6600643042474985,0.1760132467295339,2.1342076416809075,0.849544070661068,0.7369402242208833,0.714444475372944
21545,FIDELITY NATIONAL FINL INC NEW,"Keefe, Bruyette & Woods Downgrades Fidelity National Finl to Market Perform",5,decrease,0.8,0.6,,168,35,0.0,2019-10-09,90925.0,0.520723033696413,-0.4504521377384662,0.7432387752862368,3.2657587805558608,-2.32198815792799,-1.2740355220155486,-0.0452601472445968
21553,FIRST BANCORP INC ME,First Bancorp Q3 EPS $0.58 Up From $0.55 YoY,5,increase,0.75,0.4,,164,35,2.0,2019-10-23,87067.0,-0.2483139280229807,-0.1422507571987807,0.8712622282498472,3.3783741419612268,-0.2476988360285759,1.4028824281480778,1.3664188515021047
21561,AMICUS THERAPEUTICS INC,Amicus Highlights Presentation Of Additional Interim Clinical Data For CLN6 Batten Disease Gene Therapy At 48th Annual Meeting Of The Child Neurology Society,5,increase,0.75,0.6,,180,35,2.0,2019-10-24,92040.0,-0.71683949790895,4.211786016821861,1.4440421107905443,7.340549154825404,-0.8293802849948406,1.0869585042341257,3.0153832294621985
21569,AMICUS THERAPEUTICS INC,"Amicus Therapeutics Sees Prelim. Q3 Sales ~$48M vs $45.4M Estimate; Raises Lower End, Narrows FY19 Galafold Sales From $160M-$180M To $170M-$180M",5,increase,0.8,0.6,,199,35,2.0,2019-10-10,92040.0,1.8716558814048772,3.0839912593364716,7.349086729004539,9.055125009689412,-2.604164183139801,-2.9831389600305847,-4.71337437161905
21577,AMICUS THERAPEUTICS INC,"Amicus Therapeutics shares are trading lower. NOTE: the stock saw increased volatility after the company announced ""positive"" data in Pompe Disease Phase 1/2 study of AT-GAA on October 2nd.",5,decrease,0.7,0.5,,192,35,0.0,2019-10-04,92040.0,-9.97706800699234,-1.783437840640545,0.0636956306369285,3.5031856474503797,6.601466238498688,8.592783884245915,8.728176539791587
21585,AMICUS THERAPEUTICS INC,Amicus Therapeutics shares are trading higher in seemingly no company-specific news.,5,uncertain,0.5,0.3,,164,35,1.0,2019-10-03,92040.0,6.601466238498688,-9.97706800699234,-12.61468287482539,-6.192660130880679,1.8680021166801453,1.99501036555616,1.4259234114816444
21593,AMICUS THERAPEUTICS INC,Amicus Therapeutics shares are trading lower after the company reported data from its Phase 1/2 clinical study of AT-GAA for Pompe disease.,5,decrease,0.8,0.6,,179,35,0.0,2019-10-02,92040.0,1.8680021166801448,6.601466238498688,-8.557460339071731,-0.2445046295017294,0.1246792380698025,-0.4339720972363459,-2.666669947676048
21601,FORWARD INDUSTRIES INC NY,"Dominion Aesthetic Technologies, Inc. Announces Alliance With Forward Industries' Intelligent Product Solutions To Design Body Contouring Aesthetic Device",5,increase,0.75,0.6,,169,35,2.0,2019-10-17,37381.0,8.816124498844147,-2.7777859941124916,-4.629636309361218,-3.703711353514305,0.2525250194594264,-2.6960758675447116,-2.6960758675447116
21609,FORMFACTOR INC,"FormFactor Issued Q4 Sales Guidance $145M - $155M vs $138.56M Estimates, Non-GAAP EPSOf $0.22 - $0.30 vs $0.21 Estimate",5,increase,0.85,0.7,,183,35,2.0,2019-10-30,89753.0,-0.8329491131007671,1.8665404990315435,4.12972577425732,5.856272382647076,-1.0077843442559242,1.5984961013737475,2.174945519773508
21617,FORMFACTOR INC,"FormFactor Q3 EPS $0.22 Beats $0.21 Estimate, Sales $140.604M Beat $140.54M Estimate",5,increase,0.75,0.3,,169,35,2.0,2019-10-30,89753.0,-0.8329491131007671,1.8665404990315435,4.12972577425732,5.856272382647076,-1.0077843442559242,1.5984961013737475,2.174945519773508
21625,FORMFACTOR INC,"FormFactor Reports Purchase Of FRT, No Terms Disclosed",5,uncertain,0.6,0.3,,152,35,1.0,2019-10-09,89753.0,1.160393934696913,2.1667150780558586,3.670656620738111,4.15498606925726,-3.2917700707912445,-4.670603685839303,-0.0515477721708457
21633,FORMFACTOR INC,"B. Riley Maintains Buy on FormFactor, Raises Price Target to $25",5,increase,0.8,0.6,,156,35,2.0,2019-10-01,89753.0,0.1340821501798928,1.3390465639531612,3.8564503409123096,11.08730390239552,0.892862118780613,-1.7391300727817915,-3.4438065753318647
21641,FORRESTER RESEARCH INC,"Forrester Research Q3 EPS $0.34 Beats $0.29 Estimate, Sales $108.6M Beat $107.6M Estimate",5,increase,0.85,0.6,,175,35,2.0,2019-10-24,84210.0,-0.1426918781362474,-0.8288107812404633,-1.4575653644309572,3.743919486152536,2.2170424461364746,-0.1709332036120558,0.8345350555143405
21649,FOX CORP,TEGNA and FOX Renew Station Affiliation Agreements for 6 Markets,5,increase,0.75,0.4,,152,35,2.0,2019-10-28,18421.0,1.608827523887157,-0.4967396613210439,-0.9624324381399152,6.240304776246819,0.3164568915963173,-2.790554522578792,-3.265180594734929
21657,FOX CORP,"Analysts Remain Bullish On WWE, Cheer Early Ratings For 'Smackdown' On Fox",5,increase,0.8,0.6,,158,35,2.0,2019-10-18,18421.0,0.1111459103412925,1.7922300845384598,0.5551185096698497,1.0626517442033911,-0.3007735125720501,0.1590306575993461,1.5478863223819417
21665,FOX CORP,"This Day In Market History: Disney Buys Star Wars, Indiana Jones Franchises",5,decrease,0.8,0.6,,155,35,0.0,2019-10-30,18420.0,-2.314245700836182,-0.124691124074161,3.179540511122525,6.795500085386896,-0.4546878393739462,1.3267519193067343,1.6718294652201982
21673,FOX CORP,This Day In Market History: Disney's Predecessor Cartoon Studio Kicks Off,5,uncertain,0.3,0.1,,154,35,1.0,2019-10-16,18420.0,0.9148233570158482,-0.0312604854116216,3.9074770595590502,0.2813443542058813,0.9875800460577012,0.7628788298153166,3.8663180491978366
21681,FOX CORP,"'Shari Redstone Explores Plan to Launch Fox News Competitor ' -Hollywood Reporter, Citing Sources",5,decrease,0.8,0.6,,160,35,0.0,2019-10-15,18420.0,0.9875800460577012,0.9148233570158482,5.520504591261033,3.596212406944499,-0.2225038129836321,2.8505861828031165,3.8372472473484183
21689,FOX CORP,Credible Stockholders Overwhelmingly Vote in Favour of Merger with Fox Corporation,5,increase,0.85,0.7,,156,35,2.0,2019-10-15,18420.0,0.9875800460577012,0.9148233570158482,5.520504591261033,3.596212406944499,-0.2225038129836321,2.8505861828031165,3.8372472473484183
21697,FOX CORP,Fox shares are trading higher in sympathy with the overall market after President Trump made positive remarks on the U.S.-China trade talks as traders grew more optimistic over the possibility of a limited trade deal.,5,increase,0.7,0.4,,176,35,2.0,2019-10-11,18420.0,3.079942986369133,-0.2225038129836321,2.3839797101406157,3.019710000195741,0.959314964711666,1.5471639963577477,-0.2614377243957966
21705,FOX FACTORY HOLDING CORP,"Fox Factory Holding Issued Q4 EPS Guidance Of $0.57 - $0.62 vs $0.6 Estimate, Sales $175M - $181M - 179.88M Estimate; FY19 EPS Guidance $2.64 - $2.69 vs $2.62 Estimate, Sales $740M - $746M vs $739.52M Estimate",5,increase,0.8,0.6,,223,35,2.0,2019-10-30,14097.0,-0.497672613710165,-4.7514863312244415,-0.2969657072230958,-1.7192849450343717,1.2598473578691485,3.0779128002899725,2.3559430257776848
21713,FOX FACTORY HOLDING CORP,"Fox Factory Holding Q3 EPS $0.83 Beats $0.79 Estimate, Sales $211.317M Beat $205.9M Estimate",5,increase,0.85,0.7,,176,35,2.0,2019-10-30,14097.0,-0.497672613710165,-4.7514863312244415,-0.2969657072230958,-1.7192849450343717,1.2598473578691485,3.0779128002899725,2.3559430257776848
21721,FIRST INDUSTRIAL REALTY TR INC,"First Industrial Realty Q3 FFO $0.44 Beats $0.2 Estimate, Sales $106.59M Beat $106.48M Estimate",5,increase,0.85,0.6,,177,35,2.0,2019-10-23,80683.0,0.29702705796808,1.949656754732132,4.146101398092794,3.084896207436616,-0.1482885796576738,0.3477476723876105,0.5976137611197974
21729,FIRST BANK,First Bank Q3 Adj. EPS $0.18 Misses $0.2 Estimate,5,decrease,0.8,0.6,,154,35,0.0,2019-10-29,14310.0,-1.5682663768529888,-1.4058071188628674,2.4367406826186544,2.4362192747229727,0.6499506998807192,-0.0921680110663292,-1.0948894481262794
21737,FIRST BANK,First Bank Announces 1M Share Buyback,5,increase,0.85,0.6,,145,35,2.0,2019-10-23,14310.0,2.429908700287342,-1.0036464780569077,-4.014594714680375,-0.5474490497165418,-0.557624688372016,0.5639047307954392,0.4694853694827916
21745,REPUBLIC FIRST BANCORP INC,"Republic First Bancorp Q3 EPS $(0.03) Misses $0.01 Estimate, Sales $32.8M Beat $27.49M Estimate",5,uncertain,0.6,0.3,,181,35,1.0,2019-10-28,12166.0,-3.124991431832314,-0.9925607591867448,2.7295197642829727,1.4888321226602883,-0.2398136304691434,-0.7159954580583383,-0.2398136335397316
21753,FIRST MERCHANTS CORP,"Raymond James Maintains Outperform on First Merchants, Raises Price Target to $43",5,increase,0.8,0.6,,162,35,2.0,2019-10-25,75605.0,3.2657302916049957,1.0711603797972202,3.1114542818260427,5.483299070286973,-2.239955961704254,-1.632117208906636,-0.7320228363648984
21761,FIRST MERCHANTS CORP,First Merchants Q3 EPS $0.71 Misses $0.78 Estimate,5,decrease,0.85,0.6,,161,35,0.0,2019-10-24,75605.0,-2.239955961704254,3.2657302916049957,4.161174408657908,9.112454386849954,0.6217660382390022,1.5424840896641312,2.9965555416073153
21769,FRONTLINE PLC,"Frontline Highlights News Made By Clean Marine Where FMSI, Clean Marine Entered Term Sheet; Combined Entity Will Operate Under Name Clean Marine",5,uncertain,0.6,0.3,,167,35,1.0,2019-10-25,89139.0,-1.715913787484169,0.3879724536091089,2.327834895461378,-6.304563833060062,-2.5998204946517944,-0.1902992265932379,-0.5687242560555195
21777,FRONTLINE PLC,"Evercore ISI Group Upgrades Frontline to Outperform, Announces $14 Price Target",5,increase,0.85,0.7,,156,35,2.0,2019-10-18,89139.0,-1.476013287901878,-1.2172294780611992,-3.4644182031539517,-1.2172292435503218,2.554403617978096,0.7434936731302022,-7.429546541650788
21785,FRONTLINE PLC,Frontline Option Alert: Nov 15 $9 Puts at the Ask: 5000 @ $0.3 vs 1277 OI; Earnings 11/15 Before Open [est] Ref=$10.60,5,decrease,0.75,0.6,,184,35,0.0,2019-10-15,89139.0,-8.112722635269165,-1.7658041790127754,-2.3234199751938966,-1.858734051305988,2.4496912956237793,4.647010459031686,4.553573489711127
21793,FRONTLINE PLC,"Frontline shares are trading lower as a potential sell-off after the stock increased roughly 25% since October 3, 2019.",5,decrease,0.8,0.6,,165,35,0.0,2019-10-15,89139.0,-8.112722635269165,-1.7658041790127754,-2.3234199751938966,-1.858734051305988,2.4496912956237793,4.647010459031686,4.553573489711127
21801,FRESHPET INC,JP Morgan Upgrades Freshpet to Overweight,5,increase,0.85,0.7,,151,35,2.0,2019-10-22,15067.0,-0.3019885625690222,1.4943414367735386,3.0896583680759093,3.9378044937149914,0.161318841855973,-0.7592429346029217,2.539222754559467
21809,F S BANCORP INC,FS Bancorp Q3 EPS $1.58 Up From $1.07 YoY,5,increase,0.85,0.7,,164,35,2.0,2019-10-24,13528.0,-1.333819702267647,1.148146204650402,6.388888940028092,9.455121727563265,1.8232550472021103,2.4906330231483587,5.2297661833417886
21817,FIRST SOLAR INC,"JMP Securities Upgrades First Solar to Market Outperform, Announces $70 Price Target",5,increase,0.85,0.7,,157,35,2.0,2019-10-28,91611.0,1.1014087125658991,0.0939129153266549,-0.3380921611985776,-1.4275020133378336,-5.779208242893219,-4.739505939532851,-6.332268205154845
21825,FIRST SOLAR INC,"First Solar Reaffirms FY19 Guidance: sales $3.5B-$3.7B, EPS $2.25-$2.75",5,uncertain,0.6,0.3,,170,35,1.0,2019-10-24,91611.0,1.103474386036396,-5.779208242893219,-7.335835421058212,-5.832882903698689,-1.672007143497467,-1.8814365800852273,0.108651853331021
21833,FIRST SOLAR INC,"First Solar Q3 GAAP EPS $0.29, Sales $546.806M Down From $676.22M YoY",5,decrease,0.8,0.6,,167,35,0.0,2019-10-24,91611.0,1.103474386036396,-5.779208242893219,-7.335835421058212,-5.832882903698689,-1.672007143497467,-1.8814365800852273,0.108651853331021
21841,FIRST SOLAR INC,First Solar Announces DE Shaw Is The Acquirer Of Its Cove Mountain And Cove Mountain 2 Projects,5,increase,0.8,0.6,,159,35,2.0,2019-10-23,91611.0,-1.672007143497467,1.103474386036396,-6.204776166627068,-3.4732237628425033,-0.2129906555637717,1.810938009715235,1.7556583029260997
21849,FIRST SOLAR INC,First Solar Option Alert: Oct 25 $58 Calls Sweep (2) near the Ask: 1670 @ $1.15 vs 44 OI; Earnings 10/24 After Close Ref=$56.205,5,increase,0.75,0.6,,185,35,2.0,2019-10-18,91611.0,-0.0542964320629835,2.028248645365238,-4.636003647243858,-4.780875061297052,0.436287373304367,-1.1274177696919407,-2.1950816464961
21857,FIRST SOLAR INC,First Solar Option Alert: Oct 25 $58 Calls at the Ask: 850 @ $1.15 vs 44 OI; Earnings 10/24 After Close Ref=$56.12,5,increase,0.75,0.6,,180,35,2.0,2019-10-18,91611.0,-0.0542964320629835,2.028248645365238,-4.636003647243858,-4.780875061297052,0.436287373304367,-1.1274177696919407,-2.1950816464961
21865,FIRST SOLAR INC,PreMarket Prep Recap: A Buy-The-Dip Opportunity?,5,uncertain,0.6,0.3,,152,35,1.0,2019-10-07,91611.0,-3.970327228307724,0.0,-0.8251359246379986,-1.088481277384723,3.751968592405319,6.099632966280666,5.3926790836491545
21873,FORTUNA SILVER MINES INC,"Fortuna Reports Q3 Production: Gold 11,436 Ounces Down 9% YoY, Silver 1.94M Ounces Down 13% YoY",5,decrease,0.8,0.6,,185,35,0.0,2019-10-15,12982.0,-2.893888019025326,1.9867530092597008,0.6622509718566816,2.6490040744980403,0.97402511164546,-2.8125047420798244,-2.5078420490141307
21881,FRANKLIN STREET PROPERTIES CORP,"Franklin Street Props Q2 FFO $0.22 Down From $0.24 YoY, Sales $66.813M Beat $64.2M Estimate",5,,,,,182,35,,2019-10-29,90755.0,-0.57937647216022,0.2331055700778961,2.097905688098156,-0.2330945281435847,1.172337494790554,0.3488340954012514,-0.9055241065114572
21889,FEDERAL SIGNAL CORP,"Federal Signal Q3 Adj. EPS $0.47 Beats $0.42 Estimate, Sales $308.8M Miss $309.06M Estimate; raises FY19 Adj. EPS Guidance From $1.64-$1.72 To $1.70-$1.76 vs $1.70 Est.",5,increase,0.8,0.6,,205,35,2.0,2019-10-31,47706.0,-4.5601736754179,0.8323072455823421,1.3871784764772466,1.0429266420126426,-0.0294068275252357,-2.6074492144494643,-0.0587962326425661
21897,FOSTER L B CO,CORRECTION: L.B. Foster Sees FY19 Sales $660M-$675M; Sees Q4 Sales $155M-$170M,5,uncertain,0.6,0.3,,175,35,1.0,2019-10-29,37402.0,-0.0991102890111506,-9.1269850730896,-4.960317653788227,-5.00992198758512,2.4885715916752815,3.1170189261938264,0.648384361876464
21905,FOSTER L B CO,"L.B. Foster Q3 EPS $0.29 Misses $0.44 Estimate, Sales $154.276M Miss $178.16M Estimate",5,decrease,0.85,0.7,,176,35,0.0,2019-10-29,37402.0,-0.0991102890111506,-9.1269850730896,-4.960317653788227,-5.00992198758512,2.4885715916752815,3.1170189261938264,0.648384361876464
21913,FOSTER L B CO,"L.B. Foster Sees FY19 Sales $660M-$675M, EBITDA To Exceed Q3 EBITDA Of $8.6M; Sees Q4 Sales $155M-$170M",5,,,,,185,35,,2019-10-29,37402.0,-0.0991102890111506,-9.1269850730896,-4.960317653788227,-5.00992198758512,2.4885715916752815,3.1170189261938264,0.648384361876464
21921,FOSTER L B CO,"L.B. Foster Q3 EPS $0.29, Sales $154.276M Miss $178.16M Estimate",5,decrease,0.85,0.6,,169,35,0.0,2019-10-29,37402.0,-0.0991102890111506,-9.1269850730896,-4.960317653788227,-5.00992198758512,2.4885715916752815,3.1170189261938264,0.648384361876464
21929,TECHNIPFMC PLC,"TechnipFMC Q3 EPS $0.12 Does Not Compare To $0.50 Estimate, Sales $3.34B Miss $3.52B Estimate",5,decrease,0.85,0.7,,178,35,0.0,2019-10-23,16538.0,-0.2977443393319845,-11.77474483847618,-15.827649058816318,-12.414674829784513,1.118280552327633,2.6637581284749468,2.2173922620333464
21937,TECHNIPFMC PLC,"JP Morgan Maintains Overweight on TechnipFMC, Raises Price Target to $35",5,increase,0.85,0.7,,162,35,2.0,2019-10-23,16538.0,-0.2977443393319845,-11.77474483847618,-15.827649058816318,-12.414674829784513,1.118280552327633,2.6637581284749468,2.2173922620333464
21945,TECHNIPFMC PLC,TechnipFMC Awarded Significant Integrated EPCI Contract for Woodside's Pyxis Field in Australia,5,increase,0.8,0.6,,164,35,2.0,2019-10-18,16538.0,-0.4347842652350664,1.5283859334886074,-6.7248866247003765,-10.436678822548418,-0.2601885003969073,-0.9900970583740952,-1.1177997702707887
21953,TECHNIPFMC PLC,TechnipFMC Awarded Significant Subsea Contract for PetroVietnam Gas' Nam Con Son 2 Phase 2 Gas Pipeline Development in Vietnam,5,increase,0.8,0.6,,172,35,2.0,2019-10-15,16538.0,-0.1289797364734113,-0.7318126503378153,1.2053408681002464,-12.742140216488629,-0.8947554044425488,1.4834212272931024,2.829351722881368
21961,TECHNIPFMC PLC,"Morgan Stanley Maintains Overweight on TechnipFMC, Lowers Price Target to $33",5,decrease,0.7,0.4,,163,35,0.0,2019-10-11,16538.0,2.3996476083993907,-0.8947554044425488,-2.428631078133614,-8.990195016297264,1.326256524771452,2.550334207606886,0.3942187649443429
21969,FORTINET INC,CORRECTION: Fortinet Sees Q4 Adj. EPS $0.69-$0.71 vs $0.64 Estimate,5,increase,0.85,0.7,,167,35,2.0,2019-10-31,93132.0,-1.2829885818064208,10.507601499557495,15.461011376656542,22.75625973340425,2.315792813897133,2.8763606076446013,2.6590447970615827
21977,FORTINET INC,"Fortinet Sees FY19 Adj. EPS $2.39-$2.41 vs $2.24 Estimate, Sales $2.135B-$2.15B vs $2.11B Est.",5,increase,0.85,0.7,,182,35,2.0,2019-10-31,93132.0,-1.2829885818064208,10.507601499557495,15.461011376656542,22.75625973340425,2.315792813897133,2.8763606076446013,2.6590447970615827
21985,FORTINET INC,"Fortinet Sees Q4 Adj. EPS $0.69-$0.71 vs $0.64 Estimate, Sales $595M-$610M vs $584.7M Est.",5,increase,0.85,0.7,,178,35,2.0,2019-10-31,93132.0,-1.2829885818064208,10.507601499557495,15.461011376656542,22.75625973340425,2.315792813897133,2.8763606076446013,2.6590447970615827
21993,FORTINET INC,"Fortinet Q3 Adj. EPS $0.67 Beats $0.56 Estimate, Sales $547.5M Beat $532.45M Estimate",5,increase,0.85,0.7,,171,35,2.0,2019-10-31,93132.0,-1.2829885818064208,10.507601499557495,15.461011376656542,22.75625973340425,2.315792813897133,2.8763606076446013,2.6590447970615827
22001,FULTON FINANCIAL CORP PA,Fulton Financial Q3 EPS $0.37 Beats $0.35 Estimate,5,increase,0.8,0.4,,166,35,2.0,2019-10-22,88197.0,0.4796158522367477,0.4176592919975519,3.2816182775664116,4.773265007871541,1.8004275858402252,3.345730592561025,4.642413548903868
22009,FULTON FINANCIAL CORP PA,Fulton Financial Corporation Approves $100 Million Stock Repurchase Program,5,increase,0.8,0.6,,163,35,2.0,2019-10-15,88197.0,1.017810683697462,0.3778303973376751,5.541562260599919,9.005033458172917,-0.6635042373090982,0.7692299888887533,1.9455264494635085
22017,FULTON FINANCIAL CORP PA,"Fulton Financial 8-K Shows Co. Received Letter From Dept. Of Justice Indicated Completion Of Review Of Possible Discriminatory Lending by Fulton Under Fair Housing Act, Determined Circumstances Do Not Require Enforcement Action",5,increase,0.8,0.6,,194,35,2.0,2019-10-04,88197.0,1.082458347082138,-0.72440798394382,-0.3149618124456799,3.2125997731078826,-0.5698015447705984,-0.6641397544416838,-2.935725374666276
22025,CEDAR FAIR L P,Cedar Fair Shares Expected To Open For Trade At 12:02:44 p.m. EDT,5,uncertain,0.3,0.1,,164,35,1.0,2019-10-02,75041.0,2.611684612929821,2.227056212723255,-3.3154714165323895,-2.227062641347133,-0.2741601085290313,-0.2228716937408226,0.8840390602514514
22033,CEDAR FAIR L P,UPDATE: Cedar Fair Shares Up 10%,5,increase,0.9,0.7,,152,35,2.0,2019-10-02,75041.0,2.611684612929821,2.227056212723255,-3.3154714165323895,-2.227062641347133,-0.2741601085290313,-0.2228716937408226,0.8840390602514514
22041,FIRST UNITED CORP,First United Q3 Adj. EPS $0.43 Up From $0.39 YoY,5,increase,0.75,0.4,,159,35,2.0,2019-10-21,77889.0,1.033590734004974,-0.9803902357816696,0.3836323970923594,1.4066575024725747,-0.6843449547886848,0.0862006475103038,-0.0860604921817387
22049,FORWARD AIR CORP,Forward Air Steady Against Easier Comps,5,uncertain,0.6,0.3,,151,35,1.0,2019-10-25,79841.0,7.433467358350754,1.195905450731516,-1.5375772569689583,0.5267692522490597,-0.5476127378642559,0.6620482474225753,2.540776272221046
22057,FORWARD AIR CORP,"Forward Air Q3 EPS $0.78 Beats $0.77 Estimate, Sales $361.7M Beat $354.91M Estimate",5,increase,0.85,0.6,,171,24,2.0,2019-10-24,79841.0,-0.5476127378642559,7.433467358350754,5.79688159375884,8.855921219030272,1.2163217179477217,3.1053945461811283,3.2998090258701263
22065,FORWARD AIR CORP,"Transplace's McGuigan, Schneider's Rourke, Forward Air's Campbell Highlight Back-To-Back Discussions At FreightWaves LIVE Chicago",5,uncertain,0.5,0.2,,171,35,1.0,2019-10-04,79841.0,0.4373893607407808,0.0806439318694174,0.3951595643305605,2.645160313590611,-0.03238940553274,-0.9626219417836146,-3.12304081781849
22073,INVESCO CURRENCYSHARES AUS DLR T,Trump Says We Are Looking To Be Ahead Of Schedule To Sign Phase One Of US-china Trade Deal,5,increase,0.7,0.4,,172,35,2.0,2019-10-28,91292.0,0.2736477646976709,0.3436493454501033,0.6019525015956262,0.1926467189650171,0.0379679258912801,-0.4871639918674009,-0.5543257915892275
22081,INVESCO CURRENCYSHARES AUS DLR T,"White House Adviser Kudlow Says Phase 1 Of US-China Trade Includes Lowering Of Nontariff Barriers On Agriculture, Not Just Purchases",5,increase,0.7,0.5,,182,35,2.0,2019-10-17,91292.0,0.9908284060657024,0.3660858143121004,-0.1316402603252053,0.9664607279081804,0.1332799787633121,-0.1918778717221236,-0.4710033682109094
22089,INVESCO CURRENCYSHARES AUS DLR T,"US Chamber Of Commerce Official Says, In US, China Trade Talks, There's A Possibility Of Currency Deal In Exchange For Delay In Tariff Hikes",5,uncertain,0.6,0.3,,182,35,1.0,2019-10-10,91292.0,0.5352372769266367,0.4732322879135608,0.9908283855515564,0.8578837961602082,-0.044581331894733,-0.0647727042094703,-0.6352493471292409
22097,INVESCO CURRENCYSHARES AUS DLR T,Trump Says He Thinks China Wants To Make A Trade Deal More Than He Does,5,uncertain,0.6,0.3,,168,35,1.0,2019-10-09,91292.0,-0.044581331894733,0.5352372769266367,0.5352372565050167,1.9327912502797415,-0.0202003779122605,-0.5909314603501192,-0.1928170280324104
22105,INVESCO CURRENCYSHARES AUS DLR T,Chinese Officials Say Beijing Has Cut Expectations For Progress From US Trade Talks This Week,5,decrease,0.7,0.4,,167,35,0.0,2019-10-09,91292.0,-0.044581331894733,0.5352372769266367,0.5352372565050167,1.9327912502797415,-0.0202003779122605,-0.5909314603501192,-0.1928170280324104
22113,GENPACT LTD,"Genpact Reports Purcahse Of Rightpoint, No Terms Disclosed",5,increase,0.75,0.6,,154,35,2.0,2019-10-15,92261.0,1.4941013418138032,-0.4390547052025795,-2.2985520850882457,0.2324383701064247,-0.702750263735652,0.553513174287068,1.4088320374112229
22121,GLACIER BANCORP INC NEW,Glacier Bancorp Q3 EPS $0.57 Misses $0.59 Estimate,5,decrease,0.8,0.3,,168,35,0.0,2019-10-17,87952.0,1.162218675017357,3.397700935602188,3.2265943070040493,3.4465897597161232,-0.1974378945305943,0.5469850694630685,0.5219962290305968
22129,GLACIER BANCORP INC NEW,"SunTrust Robinson Humphrey Maintains Buy on Glacier Bancorp, Lowers Price Target to $41",5,uncertain,0.6,0.3,,170,35,1.0,2019-10-03,87952.0,0.1011912943795323,1.6426624730229378,1.1783057412040332,4.130930136956712,-0.6534358486533165,-2.29856733780135,-2.2139777202696
22137,GREENBRIER COMPANIES INC,Record Quarterly Revenue Boosts Greenbrier's Profits,5,increase,0.85,0.7,,157,35,2.0,2019-10-25,80719.0,-2.182053029537201,-3.250473365187645,-2.89993576545855,-0.6692130635028826,-2.6698946952819824,0.9122394101951592,4.155852551099581
22145,GREENBRIER COMPANIES INC,"Greenbrier Sees FY20 Deliveries 26K-28K Units, EPS $2.60-$3 vs $3.41 Estimate, Sales ~$3.5B vs $2.99B Est.",5,,,,,190,35,,2019-10-25,80719.0,-2.182053029537201,-3.250473365187645,-2.89993576545855,-0.6692130635028826,-2.6698946952819824,0.9122394101951592,4.155852551099581
22153,GREENBRIER COMPANIES INC,"Greenbrier Companies Q4 EPS $1.31 Misses $1.38 Estimate, Sales $914.2M Miss $959.94M Estimate",5,decrease,0.85,0.6,,178,35,0.0,2019-10-25,80719.0,-2.182053029537201,-3.250473365187645,-2.89993576545855,-0.6692130635028826,-2.6698946952819824,0.9122394101951592,4.155852551099581
22161,GREENE COUNTY BANCORP INC,Greene County Bancorp Q1 EPS $0.57 Up From $0.51 YoY,5,increase,0.8,0.4,,168,35,2.0,2019-10-23,87069.0,-0.3597067436203361,-3.862821683287621,0.7220172730152408,-1.4079470179975018,-0.7142884191125631,0.6881514521359211,-0.1436814531245112
22169,GANNETT CO INC,"New Media, Gannett Name Board Of Directors For Combined Co.",5,uncertain,0.6,0.3,,157,35,1.0,2019-10-29,14490.0,-0.6403358187526463,-2.36305333673954,-8.347731095961276,-20.112388508572444,2.967027388513088,4.226920144473456,3.5359081171855378
22177,GANNETT CO INC,New Media Announces European Commission Regulatory Clearance For Merger with Gannett,5,increase,0.8,0.6,,158,35,2.0,2019-10-23,14490.0,1.685399748384953,-0.6629880517721176,0.4419883928060697,-10.209897197082771,-0.4474268760532141,0.1124777935847198,1.136357134810262
22185,GENERAL DYNAMICS CORP,"Credit Suisse Maintains Neutral on General Dynamics, Lowers Price Target to $193",5,decrease,0.7,0.4,,160,35,0.0,2019-10-24,12052.0,0.6395486649125813,-0.646937033161521,1.2194451843694054,4.7403669321744335,-3.513457253575325,-1.07722947486123,-0.4987644615105702
22193,GENERAL DYNAMICS CORP,General Dynamics shares are trading lower after the company reported its Q3 earnings results.,5,decrease,0.8,0.6,,159,35,0.0,2019-10-23,12052.0,-3.513457253575325,0.6395486649125814,2.696478486406284,4.615124416481642,2.5249404832720757,3.1244696993524057,1.7651111496559402
22201,GENERAL DYNAMICS CORP,"General Dynamics Q3 EPS $3.14 Beats $3.06 Estimate, Sales $9.76B Inline",5,increase,0.75,0.4,,167,35,2.0,2019-10-23,12052.0,-3.513457253575325,0.6395486649125814,2.696478486406284,4.615124416481642,2.5249404832720757,3.1244696993524057,1.7651111496559402
22209,GENERAL DYNAMICS CORP,"Morgan Stanley Maintains Underweight on General Dynamics, Lowers Price Target to $172",5,decrease,0.85,0.6,,161,35,0.0,2019-10-10,12052.0,0.3727756906300783,1.6639325767755508,0.0396129312955961,-1.1432474629570422,0.3116164589300751,0.198079286807129,0.2321125759416009
22217,GENERAL DYNAMICS CORP,"UPDATE: Exela, General Dynamics Contracts For VA Program Have Maximum Potential Value $900M Over 5 Years",5,increase,0.85,0.6,,166,35,2.0,2019-10-04,12052.0,1.006401237100363,0.0339660095050931,2.2797654328564843,-0.6810764381111611,0.2694806549698114,-2.143137868318845,-4.295950910847591
22225,GENERAL DYNAMICS CORP,"Exela, General Dynamics Report Co.'s Selected By US Dept. Of Veterans Affairs To Provide Services Under VA's New $2B Veterans Intake, Conversion, Communication Services Program",5,increase,0.8,0.6,,179,35,2.0,2019-10-04,12052.0,1.006401237100363,0.0339660095050931,2.2797654328564843,-0.6810764381111611,0.2694806549698114,-2.143137868318845,-4.295950910847591
22233,GREEN DOT CORP,"Deutsche Bank Maintains Hold on Green Dot, Raises Price Target to $34",5,increase,0.7,0.4,,156,35,2.0,2019-10-30,11664.0,15.10092914104462,-2.731870114803314,-0.8094427899913992,-14.40135070991393,-1.075271423906088,2.1816784488939422,4.971472013077416
22241,GREEN DOT CORP,Green Dot shares are trading higher after the company announced it has entered into an agreement with Walmart and will continue to serve as the issuing bank and program manager for the Walmart MoneyCard program for an additional period of 7 years.,5,increase,0.85,0.7,,184,35,2.0,2019-10-29,11664.0,-1.075271423906088,15.100929141044617,13.81987348900724,0.6987590021715784,3.2923515886068344,6.112469070190363,2.4793429745362694
22249,GREEN DOT CORP,"Walmart, Green Dot Report Extension Of Relationship, Form Fintech Accelerator, No Terms Disclosed",5,increase,0.8,0.6,,159,35,2.0,2019-10-29,11664.0,-1.075271423906088,15.100929141044617,13.81987348900724,0.6987590021715784,3.2923515886068344,6.112469070190363,2.4793429745362694
22257,GENETIC TECHNOLOGIES LTD,"Genetic Technologies Reports issue of 928,397,236 Ordinary Shares in the Company on October 28 2019",5,decrease,0.8,0.7,,170,35,0.0,2019-10-31,90899.0,0.9693036787211896,1.4999985694885254,-3.500002552410708,-7.999998367269113,1.0612241923809052,0.5482235354624443,-10.3710406571902
22265,GENETIC TECHNOLOGIES LTD,Genetic Technologies Says Now in a Position to Comply With Its Nasdaq Listing,5,increase,0.8,0.6,,161,35,2.0,2019-10-29,90899.0,-0.5076137371361256,1.0612241923809052,2.928570994045465,-2.5306123672659497,-10.85972860455513,-8.796298456412144,-11.261261044361358
22273,GENETIC TECHNOLOGIES LTD,Genetic Technologies Releases Non-Renounceable Rights Issue Document,5,uncertain,0.6,0.3,,158,35,1.0,2019-10-11,90899.0,0.5434777121990919,-6.48648664355278,23.78377971895247,19.459459289594623,-7.537687569856644,2.222226049412024,-1.604277417035993
22281,GENETIC TECHNOLOGIES LTD,Genetic Technologies to Issue Up to 1.13B Fully Paid Ordinary Shares @ A$0.004/New Ordinary Share,5,decrease,0.8,0.7,,171,35,0.0,2019-10-04,90899.0,-2.52525620162487,-3.1088054180145264,-4.14507476102558,18.652849507578683,-2.9411736875772476,-0.9999990125789892,4.21052850041268
22289,GEO GROUP INC NEW,The GEO Group Option Alert: Jan 17 $15 Puts at the Bid: 1200 @ $1.351 vs 3160 OI; Earnings 11/6 Before Open [est] Ref=$15.76,5,decrease,0.75,0.6,,187,35,0.0,2019-10-04,80774.0,2.0578758791089062,-1.1342174373567104,-3.528667213850556,-2.5204767268472983,-2.6908595114946365,-4.71813423835129,-10.32295237693729
22297,GERON CORP,Geron Reports First Patient Dosed In IMerge Phase 3 Trial In Lower Risk Myelodysplastic Syndromes,5,increase,0.75,0.6,,163,35,2.0,2019-10-10,83756.0,2.127666026353836,6.249993667006493,3.472218827317519,3.4722187328119825,0.0,-1.3986000791192057,-1.3986000791192057
22305,GEVO INC,Trump Says Ethanol Deal Will Total 16 Billion Gallons,5,increase,0.8,0.7,,150,35,2.0,2019-10-07,12579.0,-1.6501635313034062,-2.0134208723902702,-4.362419838982168,-6.375840555274026,2.364862523972988,3.0612214513688674,-1.1619593065503865e-07
22313,GEVO INC,EPA Official Says Increases To Biofuel Mandates To Be Informed By Waived Amounts From Last Three Compliance Years,5,increase,0.8,0.6,,162,35,2.0,2019-10-04,12579.0,2.364862523972988,-1.6501635313034058,-5.940596309020352,-6.270628820063462,0.6802714429795742,-2.3102289026325606,-11.641787745038569
22321,GEVO INC,"'New White House Ethanol Plan Revealed, More Details Expected' -Michigan Ag Today",5,increase,0.8,0.7,,156,35,2.0,2019-10-04,12579.0,2.364862523972988,-1.6501635313034058,-5.940596309020352,-6.270628820063462,0.6802714429795742,-2.3102289026325606,-11.641787745038569
22329,GEVO INC,Trump Administration Expected To Announce Details On US Biofuels Deal By Friday,5,increase,0.8,0.6,,153,35,2.0,2019-10-03,12579.0,0.6802714429795742,2.364862523972988,-4.391895751159192,-4.391895562888504,-2.9702942818403244,-12.238802112285486,-14.534883837809664
22337,GEVO INC,"White House Is Close To Finalizing Biofuel Deal, Hopes To Get It Signed By The End Of The Week",5,increase,0.85,0.7,,161,35,2.0,2019-10-01,12579.0,-9.552237391471865,-2.9702942818403244,-3.630359778703429,-7.590759828931892,-2.616283483803272,-1.1799469385706862,-2.332366228128302
22345,GRACO INC,"Graco CEO Says 'Given the sharp decline in Asia Pacific and slowing in our Industrial and Process businesses in the Americas, we are lowering our full-year 2019 worldwide outlook to flat revenue on a constant currency organic basis'",5,decrease,0.85,0.7,,182,35,0.0,2019-10-23,39571.0,0.0642097147647291,-1.4331511221826077,-1.925136954022022,-0.4278091122395744,0.3005568636581301,1.0380612412277834,1.5633931035952786
22353,GRACO INC,"Graco Q3 Adj. EPS $0.45 Misses $0.51 Estimate, Sales $400.6M Miss $418.89M Estimate",5,decrease,0.85,0.6,,170,35,0.0,2019-10-23,39571.0,0.0642097147647291,-1.4331511221826077,-1.925136954022022,-0.4278091122395744,0.3005568636581301,1.0380612412277834,1.5633931035952786
22361,GRAHAM HOLDINGS CO,"Graham Holdings Q3 Adj. EPS $7.94 Down From $13.19 YoY, Sales $738.82M Up From $674.766M YoY",5,decrease,0.75,0.6,,180,35,0.0,2019-10-30,53225.0,-2.388529852032661,0.1144736655987799,0.0715508665710018,-0.4738099627708214,-0.8204224519431591,-0.8723050983925895,-0.6629338802657259
22369,GREENHILL & CO INC,"Buckingham Maintains Neutral on Greenhill & Co, Lowers Price Target to $15",5,decrease,0.8,0.6,,162,35,0.0,2019-10-09,90164.0,-0.8208929561078548,2.18209158629179,11.963883467692526,19.864561839354987,0.6761773023754358,2.6819879415729497,4.7693483414033455
22377,GRAHAM CORP,Graham Sees FY20 Sales $100M-$105M vs $101.5M Est.,5,,,,,162,35,,2019-10-30,60468.0,8.576998859643936,1.705561764538288,1.211842977913835,2.8267773341972946,-0.6295358762145042,2.089552614260093,1.6848372145841672
22385,GRAHAM CORP,"Graham Q2 EPS $0.12 Beats $0.05 Estimate, Sales $21.643M Beat $20.63M Estimate",5,increase,0.85,0.6,,171,35,2.0,2019-10-30,60468.0,8.576998859643936,1.705561764538288,1.211842977913835,2.8267773341972946,-0.6295358762145042,2.089552614260093,1.6848372145841672
22393,C G I INC,CGI Wins a EUR 40M IT Services Contract,5,increase,0.8,0.6,,151,35,2.0,2019-10-28,86372.0,0.1663219649344683,-1.1623498052358627,-0.4342878416378259,2.3630073295353826,0.038405746454373,0.4498214927969979,0.6697633489841204
22401,C G I INC,Desjardins Upgrades CGI to Buy,5,increase,0.85,0.7,,149,35,2.0,2019-10-08,86372.0,0.666147004812956,0.9601633064448832,1.881402555554468,0.7395869793553667,-0.7776128593832254,0.4065541511387271,-0.0652696346803982
22409,GULF ISLAND FABRICATION INC,"Gulf Island Fabrication Reports Pres, CEO Kirk Meche To Retire; Co. To Leave Search For Replacement",5,uncertain,0.6,0.3,,173,35,1.0,2019-10-21,84737.0,0.3590660635381937,-0.5366763565689325,-3.935603954172351,-2.5044781628675628,3.3395234495401382,-1.5901001014732352,1.0889283973079422
22417,GIGAMEDIA LTD,"GigaMedia Q3 EPS $(0.02) Up From $(0.1) YoY, Sales $1.91M Up From $1.662M YoY",5,increase,0.7,0.4,,178,35,2.0,2019-10-31,87608.0,0.0,-2.4291474372148514,0.6072821497499215,1.331319721131763e-07,0.0,0.3412399673834443,1.6293670221620091
22425,GILDAN ACTIVEWEAR INC,"Gildan Activewear Q3 EPS $0.53 Misses $0.56 Estimate, Sales $739.7M Miss $790.67M Estimate",5,decrease,0.85,0.6,,179,35,0.0,2019-10-31,86121.0,-0.9313145652413368,1.3317670673131945,4.700347975703134,7.616495780965571,-0.3865495789796114,-1.6412225236498543,-0.7701150153431424
22433,GILDAN ACTIVEWEAR INC,Edward Jones Downgrades Gildan Activewear to Hold,5,decrease,0.8,0.6,,158,35,0.0,2019-10-21,86121.0,2.739723399281502,2.9629601165652275,-2.96296008165875,-0.7407434767718657,-25.7207453250885,-25.510198387623262,-25.362107979000847
22441,GILDAN ACTIVEWEAR INC,Gildan Plummets After Issuing Lower Guidance; Bank Of America Turns Bearish,5,decrease,0.9,0.7,,164,35,0.0,2019-10-18,86121.0,-25.7207453250885,2.7397233992815018,-1.179609345591193,-1.5601210958984923,0.2834532177075743,0.48282302731395,2.729391622438526
22449,GILDAN ACTIVEWEAR INC,Gildan Activewear shares are trading lower after the company announced its preliminary Q3 and FY19 EPS below analyst estimates. Stifel Nicolaus downgraded the stock from Buy to Hold and lowered the price target from $44 to $30 per share.,5,decrease,0.9,0.7,,197,25,0.0,2019-10-18,86121.0,-25.7207453250885,2.7397233992815018,-1.179609345591193,-1.5601210958984923,0.2834532177075743,0.48282302731395,2.729391622438526
22457,GILDAN ACTIVEWEAR INC,"TD Securities Maintains Buy on Gildan Activewear, Lowers Price Target to $38",5,uncertain,0.6,0.3,,165,35,1.0,2019-10-18,86121.0,-25.7207453250885,2.7397233992815018,-1.179609345591193,-1.5601210958984923,0.2834532177075743,0.48282302731395,2.729391622438526
22465,GILDAN ACTIVEWEAR INC,"Stifel Nicolaus Downgrades Gildan Activewear to Hold, Lowers Price Target to $30",5,decrease,0.8,0.6,,168,35,0.0,2019-10-18,86121.0,-25.7207453250885,2.7397233992815018,-1.179609345591193,-1.5601210958984923,0.2834532177075743,0.48282302731395,2.729391622438526
22473,GILDAN ACTIVEWEAR INC,Gildan Activewear Sees Prelim. Q3 Adj. EPS ~$0.53 vs $0.57 Est.; Cuts FY19 Adj. EPS Guidance From $1.95-$2.00 To $1.65-$1.70 vs $1.97 Est.,5,decrease,0.85,0.7,,203,35,0.0,2019-10-17,86121.0,0.2834532177075744,-25.7207453250885,-25.32504314481988,-27.840586946165445,0.1988062867894768,2.4390249101424732,1.4084445053087036
22481,GILEAD SCIENCES INC,Gilead Sciences Option Alert: Jan 17 $65 Calls Sweep (22) near the Ask: 12532 @ $1.638 vs 31930 OI; Ref=$63.015,5,increase,0.75,0.6,,185,35,2.0,2019-10-28,77274.0,0.6475044880062342,-0.4393516108393669,2.3222964346775843,1.427898831859831,-4.06060665845871,-4.896368485775482,-3.8566671207386993
22489,GILEAD SCIENCES INC,Gilead and Glympse Bio Announce the Companies Enter Strategic Collaboration for Use of Biomarker Technology in NASH Clinical Development,5,increase,0.8,0.6,,170,35,2.0,2019-10-28,77274.0,0.6475044880062342,-0.4393516108393669,2.3222964346775843,1.427898831859831,-4.06060665845871,-4.896368485775482,-3.8566671207386993
22497,GILEAD SCIENCES INC,Gilead Falls On Uninspiring Q3 Print: 3 Analyst Takes,5,decrease,0.8,0.6,,160,35,0.0,2019-10-25,77274.0,-4.06060665845871,0.6475044880062342,2.1162412335415937,3.2533127217203583,-0.871135201305151,0.2125712187839079,1.211472069140962
22505,GILEAD SCIENCES INC,"UPDATE: Raymond James On Gilead Notes 'therefore filgotinib and M&A will need to be the main growth drivers going forward';'both can be and while the base business doesn't look like a major growth business to us anymore on net, it is still stable', Huge",5,uncertain,0.6,0.3,,202,35,1.0,2019-10-25,77274.0,-4.06060665845871,0.6475044880062342,2.1162412335415937,3.2533127217203583,-0.871135201305151,0.2125712187839079,1.211472069140962
22513,GILEAD SCIENCES INC,"UPDATE: Raymond James Maintains Strong Buy On Gilead, Lowers Target To $81 Notes 'our investment thesis is admittedly drifting'; Doesn't 'think Biktarvy + PrEP + Yescarta are enough anymore to drive growth in the face of continued pressure on HCV'",5,decrease,0.8,0.6,,201,35,0.0,2019-10-25,77274.0,-4.06060665845871,0.6475044880062342,2.1162412335415937,3.2533127217203583,-0.871135201305151,0.2125712187839079,1.211472069140962
22521,GILEAD SCIENCES INC,"Oppenheimer Maintains Outperform on Gilead Sciences, Lowers Price Target to $80",5,decrease,0.7,0.4,,164,35,0.0,2019-10-25,77274.0,-4.06060665845871,0.6475044880062342,2.1162412335415937,3.2533127217203583,-0.871135201305151,0.2125712187839079,1.211472069140962
22529,GILEAD SCIENCES INC,"BMO Capital Maintains Outperform on Gilead Sciences, Lowers Price Target to $81",5,decrease,0.7,0.4,,164,35,0.0,2019-10-25,77274.0,-4.06060665845871,0.6475044880062342,2.1162412335415937,3.2533127217203583,-0.871135201305151,0.2125712187839079,1.211472069140962
22537,GILEAD SCIENCES INC,"Raymond James Maintains Strong Buy on Gilead Sciences, Lowers Price Target to $81",5,uncertain,0.6,0.3,,164,35,1.0,2019-10-25,77274.0,-4.06060665845871,0.6475044880062342,2.1162412335415937,3.2533127217203583,-0.871135201305151,0.2125712187839079,1.211472069140962
22545,GILEAD SCIENCES INC,"Maxim Downgrades Gilead To Hold, Lowers Price Target To $66",5,decrease,0.8,0.6,,162,35,0.0,2019-10-25,77274.0,-4.06060665845871,0.6475044880062342,2.1162412335415937,3.2533127217203583,-0.871135201305151,0.2125712187839079,1.211472069140962
22553,GILEAD SCIENCES INC,"Gilead Narrows FY19 Sales Guidance From $21.6B-$22.1B To $21.8B-$22.1B vs $22.32B Estimate, Reaffirms EPS At $3.90-$4",5,decrease,0.7,0.3,,194,35,0.0,2019-10-24,77274.0,-0.871135201305151,-4.06060665845871,-3.4696985307617334,-3.090910597246743,1.0932299308478832,2.1009090285411425,2.57279017022114
22561,GILEAD SCIENCES INC,"Gilead Sciences Q3 Adj. EPS $1.75 Beats $1.74 Estimate, Sales $5.604B Miss $5.61B Estimate",5,uncertain,0.6,0.3,,177,35,1.0,2019-10-24,77274.0,-0.871135201305151,-4.06060665845871,-3.4696985307617334,-3.090910597246743,1.0932299308478832,2.1009090285411425,2.57279017022114
22569,GILEAD SCIENCES INC,"Bank of America Reinstates Neutral on Gilead Sciences, Announces $70 Price Target",5,uncertain,0.6,0.3,,162,35,1.0,2019-10-17,77274.0,-0.1836191629990934,-0.4905713256448507,1.180433280308013,-2.330222726637188,0.0765626667998731,1.302118019987697,2.1253270456353057
22577,GILEAD SCIENCES INC,"Gilead Sciences Appoints Andrew Dickinson As CEO Effective November 1, 2019",5,uncertain,0.6,0.3,,162,35,1.0,2019-10-15,77274.0,1.224617753177881,0.0765626667998731,0.8575766304945054,-2.8330815881269844,0.8126276545226574,1.9759782766717304,4.081966221635658
22585,GILEAD SCIENCES INC,"Gilead, Galapagos Report Efficacy, Safety Results Of Filgotinib Through 52 Weeks In FINCH 1, 3 Studies In RA",5,increase,0.8,0.6,,178,35,2.0,2019-10-10,77274.0,2.06518042832613,1.1539731174707413,3.114140245470054,4.331333873631071,0.4700938705354929,-1.1956002180864234,-0.9271128948779128
22593,GILEAD SCIENCES INC,"Gilead To Report Q3 Earnings On Thurs., Oct. 24, 2019 After Market Close",5,uncertain,0.5,0.3,,166,35,1.0,2019-10-10,77274.0,2.06518042832613,1.1539731174707413,3.114140245470054,4.331333873631071,0.4700938705354929,-1.1956002180864234,-0.9271128948779128
22601,GILEAD SCIENCES INC,Gilead Sciences Option Alert: Fri $62.5 Calls Sweep (91) near the Ask: 983 @ $0.391 vs 359 OI; Earnings 10/24 After Close Ref=$62.4786,5,increase,0.75,0.6,,191,35,2.0,2019-10-10,77274.0,2.06518042832613,1.1539731174707413,3.114140245470054,4.331333873631071,0.4700938705354929,-1.1956002180864234,-0.9271128948779128
22609,GILEAD SCIENCES INC,Gilead  Submits NDA for Filgotinib for the Treatment of Adults With Rheumatoid Arthritis in Japan,5,increase,0.75,0.4,,167,35,2.0,2019-10-08,77274.0,-1.657900400459766,0.4700938705354929,5.851847247173025,6.759607952111502,0.2717362018302083,0.8034710188068228,1.801364260248639
22617,GILEAD SCIENCES INC,Gilead Highlights New Data From HIV Clinical Development Program At IDWeek,5,increase,0.8,0.6,,158,35,2.0,2019-10-04,77274.0,0.5302938167005777,0.2717362018302083,2.285806144173397,3.756397544745127,0.9899393655359744,-1.5659627323150849,-1.8144548541905503
22625,GILEAD SCIENCES INC,Gilead Receives FDA Approval For Descovy In HIV Pre-Exposure Prophylaxis,5,increase,0.85,0.7,,163,35,2.0,2019-10-03,77274.0,0.9899393655359744,0.5302938167005777,1.6551483648627796,4.820832251685236,-2.5308482348918915,-2.7769045484579813,-2.0349801994677397
22633,GENERAL MILLS INC,From Earlier: General Mills Venture Capital Arm 301 Inc Is Selling STake In Beyond MEat,5,uncertain,0.6,0.3,,159,35,1.0,2019-10-29,17144.0,0.9199981577694416,0.4954419564455747,2.23939973713263,3.7653618798008326,-1.0096977464854715,-2.171787472228437,-2.30558866119952
22641,GENERAL MILLS INC,"RBC Capital Initiates Coverage On General Mills with Sector Perform Rating, Announces $57 Price Target",5,uncertain,0.6,0.2,,159,35,1.0,2019-10-17,17144.0,0.5887892562896013,-0.7741689216345549,-3.4931995580133712,-3.9652539172600143,-1.7907090485095978,-2.5180464674832925,-3.127869478328371
22649,SPDR GOLD TRUST,"Gold Was Relatively Quiet As S&P 500 Futures Were Plunging To Session Low, Gold Now Ticking Very Slightly Higher, Up ~$1.50/Oz. To ~$1,495.50/Oz. Over Last Few Mins.",5,increase,0.75,0.4,,191,35,2.0,2019-10-30,90448.0,0.5490226671099663,0.9998499415814875,-0.4042031824673331,-2.155728648093558,-0.2773033222183585,-1.1349221648585095,-0.9044010235778056
22657,SPDR GOLD TRUST,A Holiday Catalyst For Gold ETFs,5,increase,0.75,0.4,,146,35,2.0,2019-10-21,90448.0,-0.4770136438310146,0.293299718759954,0.608059336821487,1.6882472176883212,-0.106673699337989,0.0356121819442778,0.608843290186023
22665,GOLAR L N G LTD,Citigroup Downgrades Golar LNG to Neutral,5,decrease,0.8,0.6,,154,35,0.0,2019-10-29,89618.0,-2.470741979777813,-2.133331261575222,-2.1999994150244784,-12.399997456851464,0.1954379957169294,0.720364469363366,-1.9132664415389744
22673,GOLAR L N G LTD,Golar LNG shares are trading higher despite no company-specific news. This could potentially be a rebound after the stocked dropped approximately 31% over the past 3 months.,5,increase,0.7,0.4,,177,35,2.0,2019-10-10,89618.0,8.738606423139572,2.061489224433899,1.4814391935402682e-07,6.708595897584524,3.622047603130341,-0.7541506824567223,-1.4970046119293756
22681,GOLAR L N G LTD,COSCO Blacklisting Sparks LNG Collateral Damage,5,decrease,0.8,0.6,,153,35,0.0,2019-10-01,89618.0,-1.539644412696362,-4.026585817337036,-0.7036758616309924,8.483190643143491,-2.036202512681484,-0.6120881813297174,-2.1837346426768267
22689,GOLAR L N G LTD,Golar LNG Reports CFO Brian Tienzo To Step Down Effective Immediately,5,decrease,0.7,0.4,,158,35,0.0,2019-10-01,89618.0,-1.539644412696362,-4.026585817337036,-0.7036758616309924,8.483190643143491,-2.036202512681484,-0.6120881813297174,-2.1837346426768267
22697,GLOBANT S A,"KeyBanc Upgrades Globant to Overweight, Announces $114 Price Target",5,increase,0.85,0.7,,158,35,2.0,2019-10-21,14785.0,-1.421558018773794,-5.456999689340591,-4.51291461999932,-2.2305232783050077,-2.2395500913262367,-2.454109327243592,-3.7503669525200345
22705,GASLOG PARTNERS LP,"GasLog Partners Q3 EPS $0.43 Misses $0.5 Estimate, Sales $96.485M Beat $95.26M Estimate",5,uncertain,0.6,0.3,,173,35,1.0,2019-10-30,14643.0,-0.5997043568640947,-0.4022118169814348,-1.910503600354363,-10.42595464231112,-1.670762337744236,-1.3313630997189296,-1.4771010942318363
22713,GLATFELTER CORP,"P.H. Glatfelter Q3 EPS $0.19 Beats $0.18 Estimate, Sales $232.52M Miss $244.65M Estimate",5,uncertain,0.6,0.3,,180,35,1.0,2019-10-29,57154.0,10.36895737051964,1.0951039381325245,8.126800140651103,4.783861254356125,1.5503923408687117,3.0144170264030157,1.3539654828109038
22721,GLOBUS MEDICAL INC,"Wells Fargo Maintains Market Perform on Globus Medical, Raises Price Target to $53",5,increase,0.75,0.4,,162,35,2.0,2019-10-08,13543.0,-1.393313612788916,0.5450150463730097,1.069840165393687,0.7266867637147012,-0.8486215025186539,0.3595690597739231,1.1475810115431306
22729,GENERAC HOLDINGS INC,"Generac Shares Up 3.5%; Earlier Reported Q3 Beat, Raised Lower End Of FY19 Sales Growth Guidance From 5-9% To 8-9%",5,increase,0.85,0.6,,178,35,2.0,2019-10-31,93246.0,4.219276830554008,-4.949263483285904,-4.027748282357269,-3.158006795697632,1.334063708782196,-0.6219857950386154,2.1607310393623846
22737,GENERAC HOLDINGS INC,"Generac Hldgs Q3 EPS $1.43 Beats $1.33 Estimate, Sales $601.135M Beat $582.82M Estimate",5,increase,0.85,0.7,,174,35,2.0,2019-10-31,93246.0,4.219276830554008,-4.949263483285904,-4.027748282357269,-3.158006795697632,1.334063708782196,-0.6219857950386154,2.1607310393623846
22745,GENERAC HOLDINGS INC,Generac Reports Was Lead Investor In $4.3M Series B Funding Round For Sofdesk,5,increase,0.7,0.4,,161,35,2.0,2019-10-24,93246.0,0.6799694616347551,0.4317973740398884,6.930914832196233,2.6240067467335537,3.03204245865345,3.6510640190883903,2.7252916151919493
22753,GENTEX CORP,"B. Riley Maintains Buy on Gentex, Raises Price Target to $35",5,increase,0.8,0.6,,158,35,2.0,2019-10-21,38659.0,-1.734933257102966,0.6916656158864498,1.9293800406652073,5.314892730716392,1.3229422271251678,1.3413117372341077,3.652208540325441
22761,GENTEX CORP,Gentex shares are trading lower after the company cut its CY19 sales guidance from $1.87B - $1.90B to $1.84B - $1.87B.,5,decrease,0.85,0.6,,181,35,0.0,2019-10-18,38659.0,1.322942227125168,-1.7349332571029663,-0.8942943554464122,2.0211073486934295,0.0181296651135198,2.298853805467882,4.765525416138483
22769,GENTEX CORP,UPDATE: Gentex Cuts CY19 Sales Guidance From $1.87B-$1.9B To $1.84B-$1.87B,5,decrease,0.8,0.4,,173,35,0.0,2019-10-18,38659.0,1.322942227125168,-1.7349332571029663,-0.8942943554464122,2.0211073486934295,0.0181296651135198,2.298853805467882,4.765525416138483
22777,GENTEX CORP,Gentex Cuts CY19 Sales Guidance,5,decrease,0.85,0.6,,149,35,0.0,2019-10-18,38659.0,1.322942227125168,-1.7349332571029663,-0.8942943554464122,2.0211073486934295,0.0181296651135198,2.298853805467882,4.765525416138483
22785,GENTEX CORP,"Gentex Q3 EPS $0.44 Beats $0.42 Estimate, Sales $477.761M Beat $476.06M Estimate",5,increase,0.8,0.3,,171,35,2.0,2019-10-18,38659.0,1.322942227125168,-1.7349332571029663,-0.8942943554464122,2.0211073486934295,0.0181296651135198,2.298853805467882,4.765525416138483
22793,GENTEX CORP,"Guggenheim Initiates Coverage On Gentex with Buy Rating, Announces $29 Price Target",5,increase,0.85,0.7,,161,35,2.0,2019-10-16,38659.0,2.280310727655888,0.0181296651135198,1.3231890374720834,2.555743521243725,2.4112407118082047,2.004533893413707,3.890601874117516
22801,GENWORTH FINANCIAL INC,Genworth Financial Q3 EPS $0.24 Misses $0.3 Estimate,5,decrease,0.8,0.6,,163,35,0.0,2019-10-29,90162.0,0.9456255473196508,2.5761155411601067,-6.323184568966978,-5.620603543770097,-0.4705877974629402,0.9546530000451136,5.486278856272997
22809,GENWORTH FINANCIAL INC,Genworth Financial shares are trading lower after the company received feedback from the Canadian regulators regarding the sale of Genworth MI Canada stake to Brookfield. NOTE : The Canadian regulators were focused on national security matters.,5,decrease,0.85,0.7,,186,35,0.0,2019-10-22,90162.0,-8.139538019895554,1.518991868942976,8.101264079639403,1.265821630497399,-0.232012802734971,-1.3761454607846613,-2.2727251015499217
22817,GENWORTH FINANCIAL INC,Genworth Offers Update On Sale Of Genworth MI Canada Stake To Brookfield,5,increase,0.8,0.6,,161,35,2.0,2019-10-22,90162.0,-8.139538019895554,1.518991868942976,8.101264079639403,1.265821630497399,-0.232012802734971,-1.3761454607846613,-2.2727251015499217
22825,GOGO INC,"Gogo Shares Spike Over $6 Level On Uptick In Volume, Stock Now Up 2.7% For Session; Co. Reports Its AVANCE Platform Achieved 175K+ Business Aviation Flights",5,increase,0.8,0.6,,179,35,2.0,2019-10-23,13956.0,3.8983054459095,0.8156560361385345,0.4893922615984092,2.7732477223182173,2.076122537255287,0.5967660202209402,-2.1558890029359734
22833,GOGO INC,Gogo Reports Partnership With Japan Airlines' Japan Transocean Air For Bringing AR To All JTA Flights,5,increase,0.8,0.6,,159,35,2.0,2019-10-15,13956.0,2.014654502272606,1.8850989639759064,5.92459447675826,15.619387197438982,-1.7985595390200615,1.0175730202247155,3.3112618650427805
22841,BARRICK GOLD CORP,Barrick Gold Corporation Says Prelim. Q3 Results Show 2019 Targets ' Well Within Range',5,increase,0.8,0.6,,164,35,2.0,2019-10-17,71298.0,0.885475892573595,0.5851397290825844,0.4681094896801685,1.5798737728923706,1.680676452815533,-0.9356716018186216,-0.3529380326426912
22849,BARRICK GOLD CORP,Barrick Gold shares are trading higher after National Bank Financial initiated coverage on the company's stock with an Outperform rating.﻿,5,increase,0.85,0.6,,167,24,2.0,2019-10-04,71298.0,2.838932536542416,-0.7323896512389183,-4.225352094406087,-3.1549265393028825,-0.6332792341709137,0.2322933477375999,-0.4039221048789621
22857,ALPHABET INC,PreMarket Prep: Buy The Dip Still Working,5,increase,0.75,0.6,,149,35,2.0,2019-10-29,14542.0,-2.122480981051922,-0.1053330372087657,2.3292863119016793,2.8654745615568356,1.9658055156469345,2.3005741730730556,2.4516924576307275
22865,ALPHABET INC,"UBS Maintains Buy on Alphabet, Raises Price Target to $1,460",5,increase,0.85,0.7,,156,35,2.0,2019-10-29,14542.0,-2.122480981051922,-0.1053330372087657,2.3292863119016793,2.8654745615568356,1.9658055156469345,2.3005741730730556,2.4516924576307275
22873,ALPHABET INC,"Deutsche Bank Maintains Buy on Alphabet, Lowers Price Target to $1,550",5,decrease,0.7,0.4,,158,35,0.0,2019-10-29,14542.0,-2.122480981051922,-0.1053330372087657,2.3292863119016793,2.8654745615568356,1.9658055156469345,2.3005741730730556,2.4516924576307275
22881,ALPHABET INC,"Raymond James Maintains Outperform on Alphabet, Raises Price Target to $1,475",5,increase,0.85,0.7,,158,35,2.0,2019-10-29,14542.0,-2.122480981051922,-0.1053330372087657,2.3292863119016793,2.8654745615568356,1.9658055156469345,2.3005741730730556,2.4516924576307275
22889,ALPHABET INC,'Validation Of The City And Region's Exciting Momentum': Dan Gilbert's Rocket Mortgage Brings Forbes' Under 30 Summit To Detroit,5,uncertain,0.3,0.1,,167,35,1.0,2019-10-28,14542.0,1.965805515646935,-2.122480981051922,0.1062012336876971,0.7123986599360865,0.3283146303147077,0.4765194954589269,1.7967456303667806
22897,ALPHABET INC,"Credit Suisse Maintains Outperform on Alphabet, Raises Price Target to $1.7K",5,increase,0.85,0.7,,158,35,2.0,2019-10-23,14542.0,1.313964836299419,0.147719879169017,0.1715497766388463,2.5946522470369437,-0.2688260283321142,-0.2159745531303714,-0.8195789687352351
22905,ALPHABET INC,Google's Antitrust Probe Meeting Reportedly To Take Place Next Month,5,decrease,0.75,0.6,,153,35,0.0,2019-10-23,14542.0,1.313964836299419,0.147719879169017,0.1715497766388463,2.5946522470369437,-0.2688260283321142,-0.2159745531303714,-0.8195789687352351
22913,ALPHABET INC,"KeyBanc Notes 'Despite signs of softness from large ad agencies, we believe ad spending across the major internet platforms remained healthy in 3Q'; Firm Maintains Overweight, $1,516 Target On Alphabet; Maintains Overweight, $240 Target On Facebook",5,increase,0.75,0.4,,194,35,2.0,2019-10-22,14542.0,-0.2688260283321142,1.3139648362994194,1.5947815857699554,3.961214926853729,0.0529939366970211,-0.5522374985374001,0.2018276723841916
22921,ALPHABET INC,Today's Pickup: Logistics Solutions Boost CBD Pet Products Market,5,uncertain,0.3,0.1,,150,35,1.0,2019-10-18,14542.0,-0.6049108691513538,0.0529939366970211,1.576890563890343,2.2681836336516215,0.7582525257021189,0.8093206513381856,2.9519966174316847
22929,ALPHABET INC,Alphabet shares are trading lower in sympathy with the overall market amid fears of a recession.,5,decrease,0.8,0.6,,156,35,0.0,2019-10-02,14542.0,-2.362457104027271,0.9518668986856936,2.182508971199959,5.695079283684734,-1.140280906111002,-1.6317161045717232,-2.923339022173388
22937,ALPHABET INC,Facebook Perseveres Against Pressures With Yet Another Strong And Better Than-Expected Quarter,5,decrease,0.7,0.4,,157,35,0.0,2019-10-31,90319.0,-0.1507021836005151,1.068473979830742,3.824268387085916,3.9998389779963617,0.0031663566915085,-2.1939851789486986,-0.284750230355546
22945,ALPHABET INC,"BMO Capital Maintains Market Perform on Alphabet, Raises Price Target to $1,250",5,increase,0.7,0.4,,158,35,2.0,2019-10-29,90319.0,-2.197081968188286,0.0031663566915085,2.4415707477247084,2.8992690786581177,1.9520629197359085,2.372310291723445,2.4927821453197163
22953,ALPHABET INC,"Barclays Maintains Overweight on Alphabet, Raises Price Target to $1,400",5,increase,0.85,0.7,,158,24,2.0,2019-10-29,90319.0,-2.197081968188286,0.0031663566915085,2.4415707477247084,2.8992690786581177,1.9520629197359085,2.372310291723445,2.4927821453197163
22961,ALPHABET INC,"Canaccord Genuity Maintains Buy on Alphabet, Raises Price Target to $1,450",5,increase,0.8,0.6,,159,35,2.0,2019-10-29,90319.0,-2.197081968188286,0.0031663566915085,2.4415707477247084,2.8992690786581177,1.9520629197359085,2.372310291723445,2.4927821453197163
22969,ALPHABET INC,"KeyBanc Maintains Overweight on Alphabet, Raises Price Target to $1.546K",5,increase,0.85,0.7,,159,29,2.0,2019-10-29,90319.0,-2.197081968188286,0.0031663566915085,2.4415707477247084,2.8992690786581177,1.9520629197359085,2.372310291723445,2.4927821453197163
22977,ALPHABET INC,Q3 Earnings Outlook For Alphabet,5,,,,,146,35,,2019-10-28,90319.0,1.952062919735909,-2.197081968188286,0.0488761507483115,0.7215044720459529,0.4122009500861168,0.5303661447336294,1.8611100524804416
22985,ALPHABET INC,"BMO Capital Maintains Market Perform on Alphabet, Raises Price Target to $1,245",5,increase,0.7,0.4,,158,35,2.0,2019-10-25,90319.0,0.4122009500861168,1.9520629197359085,0.6288025800389452,3.5355492761392604,0.1176801160909235,1.4429612026077845,1.191850336735656
22993,ALPHABET INC,Google Bows To EU Pressure Over Android Remedy,5,decrease,0.7,0.4,,149,35,0.0,2019-10-23,90319.0,1.323723327368498,0.1176801160909235,0.2441056955592158,2.6541991157542633,-0.2475389745086431,-0.2579602233664158,-0.9259336859966716
23001,ALPHABET INC,"KeyBanc Notes 'Conversations with advertisers remained quite positive around Facebook and Google, with signs of continued growth in demand across the platforms aided by rapidly expanding use of publisher automation tools'",5,increase,0.8,0.6,,176,33,2.0,2019-10-22,90319.0,-0.2475389745086432,1.3237233273684978,1.5678443067286274,4.047695082416292,-0.0104471095255576,-0.6800781700159408,0.1029790059752677
23009,ALPHABET INC,"Google Snubs WeWork, Signs Toronto Lease With Co-Working Rival",5,uncertain,0.6,0.2,,154,35,1.0,2019-10-17,90319.0,0.7884190417826176,-0.669701024889946,0.5036666527603151,0.4789271634632053,0.0611805880907923,2.0718181317752604,2.24478202207794
23017,ALPHABET INC,"Google Says Adding Ability For People To Report Crashes, Speed Traps & Traffic Slowdowns On Google Maps From Their iPhone; Feature Is Expanding To iOS",5,increase,0.7,0.3,,173,35,2.0,2019-10-17,90319.0,0.7884190417826176,-0.669701024889946,0.5036666527603151,0.4789271634632053,0.0611805880907923,2.0718181317752604,2.24478202207794
23025,GOLD RESOURCE CORP,Gold Resource Corp Raises Qtr. Dividend From $0.02 To $0.04/Share,5,increase,0.8,0.6,,160,35,2.0,2019-10-23,12049.0,1.827680692076683,3.8461562246084218,7.948716152308166,12.564096035158244,-1.0335907340049744,-0.5194799875827938,2.406414891287434
23033,GENUINE PARTS CO,"Goldman Sachs Downgrades Genuine Parts to Sell, Lowers Price Target to $93",5,decrease,0.85,0.7,,162,35,0.0,2019-10-25,46674.0,-1.4800584875047211,1.121843233704567,2.146129015097964,3.5508725337018765,-0.1822667079977691,0.7162960690011211,2.1500121603063027
23041,GENUINE PARTS CO,Genuine Parts shares are trading higher after the company reported better-than-expected Q3 EPS results.,5,increase,0.85,0.6,,163,24,2.0,2019-10-17,46674.0,1.227869559079409,2.4461722001433372,5.1753792318322,3.689478884739139,-0.2144160447642207,0.9398922136221176,0.8773803733089114
23049,GENUINE PARTS CO,Genuine Parts Sees FY19 Adj. EPS $5.60-$5.68 vs $5.69 Est.,5,decrease,0.8,0.3,,168,35,0.0,2019-10-17,46674.0,1.227869559079409,2.4461722001433372,5.1753792318322,3.689478884739139,-0.2144160447642207,0.9398922136221176,0.8773803733089114
23057,GENUINE PARTS CO,"Genuine Parts Q3 EPS $1.5 Beats $1.47 Estimate, Sales $5.02B Miss $5.03B Estimate",5,uncertain,0.6,0.3,,174,35,1.0,2019-10-17,46674.0,1.227869559079409,2.4461722001433372,5.1753792318322,3.689478884739139,-0.2144160447642207,0.9398922136221176,0.8773803733089114
23065,GENUINE PARTS CO,Raymond James Initiates Coverage On Genuine Parts with Market Perform Rating,5,uncertain,0.6,0.2,,157,35,1.0,2019-10-08,46674.0,-2.104926854372025,0.7347383070737123,5.823878160699603,11.62614174318768,-1.4592468738555908,-0.0845506389605565,0.1907591379070039
23073,GROUP 1 AUTOMOTIVE INC,Group 1 Automotive shares are trading higher after the company reported better-than-expected Q3 EPS and sales results.,5,increase,0.85,0.7,,168,35,2.0,2019-10-24,85427.0,11.83299645781517,-2.885713055729866,-5.295235712563229,-5.409523933756577,2.690581977367401,-0.708543005640494,1.63455514647608
23081,GROUP 1 AUTOMOTIVE INC,"Group 1 Automotive Q3 Adj. EPS $3.02 Beats $2.72 Estimate, Sales $3.118B Beat $2.95B Estimate",5,increase,0.85,0.7,,179,35,2.0,2019-10-24,85427.0,11.83299645781517,-2.885713055729866,-5.295235712563229,-5.409523933756577,2.690581977367401,-0.708543005640494,1.63455514647608
23089,GROUP 1 AUTOMOTIVE INC,"Morgan Stanley Maintains Overweight on Group 1 Automotive, Raises Price Target to $105",5,increase,0.8,0.6,,164,35,2.0,2019-10-15,85427.0,2.006844058632851,1.5761274844408035,2.202102698482089,15.492958186658878,-1.3498364016413689,1.9056465420017377,4.653930503932169
23097,GRAPHIC PACKAGING HOLDING CO,"Deutsche Bank Earlier Maintained Buy on Graphic Packaging Holding, Raised Price Target to $17",5,increase,0.8,0.6,,164,35,2.0,2019-10-23,89810.0,1.955672726035118,-1.4066512696444988,-0.7672625864004745,2.9411767577726566,3.0913980677723885,4.567144306056781,4.853041893227039
23105,GRAPHIC PACKAGING HOLDING CO,Graphic Packaging Holding shares are trading higher after the company reported better-than-expected Q3 EPS and sales results.,5,increase,0.85,0.6,,167,35,2.0,2019-10-22,89810.0,3.091398067772388,1.955672726035118,1.434160931687134,4.237285748022623,1.4314930886030195,1.708817475049229,2.268040681891148
23113,GRAPHIC PACKAGING HOLDING CO,"Graphic Packaging Holding Q3 Adj. EPS $0.20 Beats $0.19 Estimate, Sales $1.58B Beat $1.57B Estimate",5,increase,0.8,0.4,,178,35,2.0,2019-10-22,89810.0,3.091398067772388,1.955672726035118,1.434160931687134,4.237285748022623,1.4314930886030195,1.708817475049229,2.268040681891148
23121,GLOBAL PAYMENTS INC,Global Payments shares are trading higher after the company reported better-than-expected Q3 EPS and sales results.,5,increase,0.85,0.7,,160,35,2.0,2019-10-31,88873.0,2.198863960802555,1.8737519159913063,-0.1122988672075719,4.917843681502454,1.433821301907301,2.0591839694436898,2.6031964018808695
23129,GLOBAL PAYMENTS INC,"Global Payments Earlier Reported Q3 EPS $1.70 Beat $1.67 Estimate, Sales $1.306B Beat $1.16B Estimate",5,increase,0.85,0.7,,172,35,2.0,2019-10-31,88873.0,2.198863960802555,1.8737519159913063,-0.1122988672075719,4.917843681502454,1.433821301907301,2.0591839694436898,2.6031964018808695
23137,GLOBAL PAYMENTS INC,Global Payments Reports Strategic Partnership With Desjardins Group In Canada,5,increase,0.8,0.6,,153,35,2.0,2019-10-31,88873.0,2.198863960802555,1.8737519159913063,-0.1122988672075719,4.917843681502454,1.433821301907301,2.0591839694436898,2.6031964018808695
23145,GLOBAL PAYMENTS INC,JP Morgan Reinstates Overweight on Global Payments,5,increase,0.85,0.6,,150,35,2.0,2019-10-30,88873.0,1.433821301907301,2.198863960802555,0.9182095519082224,4.856837530263358,0.6165228318423033,1.1528453576574282,1.2155739471228166
23153,GLOBAL PAYMENTS INC,Global Payments shares are reading lower on seemingly no company-specific news.,5,decrease,0.7,0.3,,152,35,0.0,2019-10-22,88873.0,-3.8549743592739114,0.7348671089857817,5.202083287804582,7.348670976907679,0.7618817035108805,-1.1578040848694626,-2.075619431478515
23161,GLOBAL PAYMENTS INC,"UBS Initiates Coverage On Global Payments with Buy Rating, Announces $193 Price Target",5,increase,0.85,0.7,,157,35,2.0,2019-10-15,88873.0,0.4386506974697113,-0.0545895542018115,-5.901974942974475,-1.0069173073287585,0.7488345261663198,1.8617351280775465,1.893353464864256
23169,GREEN PLAINS INC,"Stephens & Co. Initiates Coverage On Green Plains with Equal-Weight Rating, Announces $12 Price Target",5,uncertain,0.6,0.3,,162,35,1.0,2019-10-08,91161.0,-5.178731307387352,-2.078300155699253,6.428225743039961,10.77815150139778,-0.4562061280012131,-5.931166668915466e-09,4.202479117888802
23177,GOPRO INC,GoPro shares are trading higher following reports indicating Alphabet has made an offer to acquire Fitbit. The report may have boosted investor confidence in acquisitions of smaller tech and electronics companies by larger tech companies.,5,increase,0.8,0.6,,175,35,2.0,2019-10-28,14694.0,2.272731065750122,2.2222140803933144,10.123452319946423,10.617279068475206,2.8571464121341705,2.061853642096567,5.039789414495255
23185,GOPRO INC,GoPro Shares Spike Following Reports Indicating Alphabet Has Made Offer To Acquire Fitbit,5,increase,0.7,0.5,,153,35,2.0,2019-10-28,14694.0,2.272731065750122,2.2222140803933144,10.123452319946423,10.617279068475206,2.8571464121341705,2.061853642096567,5.039789414495255
23193,GOPRO INC,GoPro Announces Available Of Its GoPro MAX,5,increase,0.7,0.5,,147,35,2.0,2019-10-24,14694.0,-0.7732012774795294,2.8571464121341705,8.051946630192663,15.45455252434329,2.917775511741638,6.301370441679577,7.47923086895208
23201,GOPRO INC,"GoPro To Report Q3 Earnings Thurs., Nov. 7, 2019 After Market Close",5,uncertain,0.5,0.3,,158,35,1.0,2019-10-15,14694.0,0.5494500044733286,0.2732237800955772,3.0054618120841425,13.114748093694262,-2.6737941429018974,7.69230749498615,3.851640492669661
23209,GOPRO INC,GoPro Says Has Begun Fulfilling Pre-Orders For HERO8 Black,5,increase,0.75,0.6,,154,35,2.0,2019-10-11,14694.0,10.650884360075,-2.6737941429018974,-3.475938653629151,5.882354134397616,-3.5663336515426636,-1.7441842988829448,-8.648647007997923
23217,GOPRO INC,"Wedbush Maintains Neutral, $5.50 Target On GoPro As Firm Expects 'more volatility in shares of GPRO before yearend, depending on holiday sell-through of its new product lineup'",5,uncertain,0.6,0.3,,179,35,1.0,2019-10-03,14694.0,-19.00584548711777,-4.452471062541008,-18.652227774491216,-8.543928543438007,-2.840910851955414,-1.0607489633289613,2.0895523778922342
23225,GOPRO INC,"GoPro Crashes 20% After Production Delay, Analysts Remain Cautious",5,decrease,0.9,0.8,,155,35,0.0,2019-10-03,14694.0,-19.00584548711777,-4.452471062541008,-18.652227774491216,-8.543928543438007,-2.840910851955414,-1.0607489633289613,2.0895523778922342
23233,GOPRO INC,GoPro Option Alert: Jan 17 $6 Puts Sweep (2) near the Bid: 3350 @ $2.041 vs 7692 OI; Earnings 10/31 After Close [est] Ref=$4.0701,5,decrease,0.8,0.7,,189,35,0.0,2019-10-03,14694.0,-19.00584548711777,-4.452471062541008,-18.652227774491216,-8.543928543438007,-2.840910851955414,-1.0607489633289613,2.0895523778922342
23241,GOPRO INC,"Morgan Stanley Maintains Underweight on GoPro, Lowers Price Target to $4.5",5,decrease,0.85,0.7,,157,35,0.0,2019-10-03,14694.0,-19.00584548711777,-4.452471062541008,-18.652227774491216,-8.543928543438007,-2.840910851955414,-1.0607489633289613,2.0895523778922342
23249,GOPRO INC,GoPro shares are trading lower after the company cut H2'19 EPS and sales guidance. The company also issued FY19 EPS and sales guidance below analyst estimates and issued Q3 EPS guidance below analyst estimates.,5,decrease,0.9,0.7,,179,34,0.0,2019-10-03,14694.0,-19.00584548711777,-4.452471062541008,-18.652227774491216,-8.543928543438007,-2.840910851955414,-1.0607489633289613,2.0895523778922342
23257,GOPRO INC,"GoPro Cites 'late stage production delay, HERO8 Black shipments will shift from the third quarter to the fourth quarter of 2019, resulting in a significant revenue shift between the quarters'",5,decrease,0.8,0.6,,176,35,0.0,2019-10-02,14694.0,-2.8409108519554143,-19.005845487117767,-31.67641258081225,-28.460038870262807,1.8322134390473368,5.074628913343293,12.82052160324676
23265,GOPRO INC,"GoPro Says Expects To Increase Cash Sharply During Q4 And To End Of Year With Cash, Cash Equivalents ~$200M",5,increase,0.8,0.6,,166,35,2.0,2019-10-02,14694.0,-2.8409108519554143,-19.005845487117767,-31.67641258081225,-28.460038870262807,1.8322134390473368,5.074628913343293,12.82052160324676
23273,GOPRO INC,"GoPro Sees Prelim. Q3 Sales $123M-$127M vs $308.2M Estimate, Adj. Loss $65M-$75M",5,,,,,171,35,,2019-10-02,14694.0,-2.8409108519554143,-19.005845487117767,-31.67641258081225,-28.460038870262807,1.8322134390473368,5.074628913343293,12.82052160324676
23281,GOPRO INC,"GoPro Sees Prelim. FY19 Adj. EPS $0.30-$0.35 vs $0.39 Estimate, Sales $1.215B-$1.25B vs $1.26B Est.",5,decrease,0.8,0.6,,183,35,0.0,2019-10-02,14694.0,-2.8409108519554143,-19.005845487117767,-31.67641258081225,-28.460038870262807,1.8322134390473368,5.074628913343293,12.82052160324676
23289,GOPRO INC,"UPDATE: GoPro Cuts Prelim. H2'19 Guidance: Adj. EPS From $0.37-$0.49 To $0.33-$0.39, Sales Growth From 9-12% To 6-9%, Or $680M-$715M",5,decrease,0.85,0.7,,195,35,0.0,2019-10-02,14694.0,-2.8409108519554143,-19.005845487117767,-31.67641258081225,-28.460038870262807,1.8322134390473368,5.074628913343293,12.82052160324676
23297,GOPRO INC,GoPro Cuts H2'19 Guidance,5,decrease,0.85,0.7,,146,35,0.0,2019-10-02,14694.0,-2.8409108519554143,-19.005845487117767,-31.67641258081225,-28.460038870262807,1.8322134390473368,5.074628913343293,12.82052160324676
23305,GAP INC,UPDATE: Credit Suisse On The Gap Also Notes 'and we have low confidence that the company will be able to achieve the offsets to dis-synergy costs laid out in its recent presentation',5,decrease,0.8,0.6,,173,35,0.0,2019-10-18,59010.0,-3.92715148627758,2.843610569834709,2.6658812516150876,0.3554581603615103,0.1139627303928136,1.4434180285195275,3.1708689406153345
23313,GAP INC,"UPDATE Credit Suisse Downgrades The Gap To Underperform, Lowers Target To $14 As Firm Believes 'We believe the pending spinoff of Old Navy will ultimately prove to have been destructive to equity value'",5,decrease,0.85,0.7,,179,25,0.0,2019-10-18,59010.0,-3.92715148627758,2.843610569834709,2.6658812516150876,0.3554581603615103,0.1139627303928136,1.4434180285195275,3.1708689406153345
23321,GAP INC,Gap shares are trading lower after Credit Suisse downgraded the company's stock from Neutral to Underperform and lowered the price target from $20 to $14.,5,decrease,0.9,0.7,,166,34,0.0,2019-10-18,59010.0,-3.92715148627758,2.843610569834709,2.6658812516150876,0.3554581603615103,0.1139627303928136,1.4434180285195275,3.1708689406153345
23329,GAP INC,"Credit Suisse Downgrades Gap to Underperform, Lowers Price Target to $14",5,decrease,0.85,0.7,,153,25,0.0,2019-10-18,59010.0,-3.92715148627758,2.843610569834709,2.6658812516150876,0.3554581603615103,0.1139627303928136,1.4434180285195275,3.1708689406153345
23337,GAP INC,Gap Option Alert: Dec 20 $17 Puts at the Ask: 4000 @ $2.03 vs 1341 OI; Earnings 11/19 After Close [est] Ref=$16.15,5,,,,,181,35,,2019-10-03,59010.0,0.3647383768111467,-1.6959460452198982,2.3745359828725388,8.031267679331133,-3.5756081342697144,-5.241934532350701,-4.249124283282235
23345,FLEXSHARES TRUST,3 Real Estate ETFs Entering The All-Time High Club,5,increase,0.8,0.6,,151,35,2.0,2019-10-08,14281.0,-0.6100374273955822,0.2126794774085283,0.9690045327487296,2.2542595679061472,0.1030453015118837,0.5983421135026923,1.4924401912645768
23353,GREEN BRICK PARTNERS INC,"Green Brick Partners Reports Its The Providence Group Of Georgia Subsidiary Purchased 115-Acre Tract Of Land In Peachtree Corners, Georgia, No Terms Disclosed",5,increase,0.75,0.6,,179,35,2.0,2019-10-21,92089.0,0.0934600830078125,-0.093372818082571,-4.855279794886503,-6.442573068645219,-0.093372818082571,1.421797272272718,3.481621415034319
23361,GORMAN RUPP CO,Gorman-Rupp Raises Qtr. Dividend From $0.135 To $0.145/Share,5,increase,0.8,0.3,,167,35,2.0,2019-10-25,53604.0,0.63977618701756,2.1835293620824814,3.344386541905142,0.995026437956481,0.0,0.6157325115054846,1.2676078074232322
23369,GORMAN RUPP CO,"Gorman-Rupp Company (The) Q3 Adj. EPS $0.33 Down From $0.45 YoY, Sales $99.298M Down From $102.893M YoY",5,decrease,0.8,0.6,,187,35,0.0,2019-10-25,53604.0,0.63977618701756,2.1835293620824814,3.344386541905142,0.995026437956481,0.0,0.6157325115054846,1.2676078074232322
23377,GLOBAL X FUNDS,3 ETFs Up At Least 30% This Year,5,increase,0.85,0.7,,150,35,2.0,2019-10-10,13122.0,1.764055714011192,2.6002246886491776,4.0086767191712225,6.717235836182733,1.7957335337996485,0.4429675753462536,1.4541401251506605
23385,GRIFOLS S A,Grifols shares are trading higher on seemingly no company-specific news.,5,increase,0.7,0.3,,155,35,2.0,2019-10-29,12886.0,2.174945548176765,-0.0925518630538135,-0.5090264192543548,-1.1105959074073857,0.6663464475423098,1.244615798706361,2.223291847661568
23393,GRIFOLS S A,Santander Upgrades Grifols to Buy,5,increase,0.8,0.6,,151,35,2.0,2019-10-28,12886.0,0.6663464475423098,2.1749455481767654,4.53901175839424,1.1347505800981097,0.5744415801018476,1.5466394232660496,1.0581977397258857
23401,GARMIN LTD,Garmin CEO: Nearly Every Business Segment Is Growing,5,increase,0.8,0.6,,148,35,2.0,2019-10-31,88837.0,-2.69849356263876,0.7573323789983988,1.2906658195983578,3.2000001643322395,9.600722044706345,9.925838079856696,10.455112983985336
23409,GARMIN LTD,Garmin shares trading lower following a nearly 10% rally yesterday on the heels of better-than-expected Q3 results and raised FY19 guidance.,5,decrease,0.75,0.4,,167,35,0.0,2019-10-31,88837.0,-2.69849356263876,0.7573323789983988,1.2906658195983578,3.2000001643322395,9.600722044706345,9.925838079856696,10.455112983985336
23417,GARMIN LTD,"Morgan Stanley Maintains Equal-Weight on Garmin, Raises Price Target to $85",5,uncertain,0.6,0.3,,154,35,1.0,2019-10-31,88837.0,-2.69849356263876,0.7573323789983988,1.2906658195983578,3.2000001643322395,9.600722044706345,9.925838079856696,10.455112983985336
23425,GARMIN LTD,Garmin shares are trading higher after the company reported better-than-expected Q3 EPS and sales results. The company also raised its FY19 EPS guidance above analyst estimates.,5,increase,0.9,0.7,,171,33,2.0,2019-10-30,88837.0,9.600722044706345,-2.6984935626387596,-3.248570090640402,-0.4774249462245694,0.296636763960123,0.7795486410486108,1.7594678236934724
23433,GARMIN LTD,"Garmin Raises FY19 Guidance: EPS From ~$3.90 To ~$4.15 vs $3.93 Estimate, Sales From ~$3.6B To ~$3.65B vs $3.61B Est.",5,increase,0.85,0.7,,183,35,2.0,2019-10-30,88837.0,9.600722044706345,-2.6984935626387596,-3.248570090640402,-0.4774249462245694,0.296636763960123,0.7795486410486108,1.7594678236934724
23441,GARMIN LTD,"Garmin Q3 Adj. EPS $1.27 Beats $0.96 Estimate, Sales $934.383M Beat $866.86M Estimate",5,increase,0.85,0.7,,169,35,2.0,2019-10-30,88837.0,9.600722044706345,-2.6984935626387596,-3.248570090640402,-0.4774249462245694,0.296636763960123,0.7795486410486108,1.7594678236934724
23449,GARMIN LTD,A Closer Look At Insider Sales By Garmin's Chairman,5,decrease,0.8,0.6,,149,35,0.0,2019-10-23,88837.0,-0.9723158553242685,-0.2079245867207646,11.297215039493036,7.681647000004332,0.4135086201131344,-0.0457362805536321,-0.080008836773493
23457,GLOBALSTAR INC,Globalstar's Globalstar Europe Satellite Services Unit Reports Orbsat's Global Telesat Communications Surpassed Sale Of 15K SPOT Device Milestone,5,increase,0.75,0.4,,169,35,2.0,2019-10-22,91612.0,6.450743228197098,-1.090263295918703,-2.0030424988460416,-3.651117078123834,3.636366873979569,6.465519639909578,5.345461818275066
23465,GREAT SOUTHERN BANCORP INC,Great Southern Bancorp Late Wednesday Reported Prelim Q3 EPS $1.38,5,increase,0.8,0.6,,165,35,2.0,2019-10-17,75906.0,3.3043503761291495,1.6666630282998085,0.9427568247174944,1.7171659771999526,0.5420552100986242,1.5901087048529217,1.6619494009299185
23473,G S I TECHNOLOGY INC,"GSI Technology Q2 EPS $(0.08) Beats $(0.09) Estimate, Sales $11.74M Miss $12.1M Estimate",5,uncertain,0.6,0.3,,176,35,1.0,2019-10-24,91901.0,-3.2765399664640427,4.33603897690773,5.962060167512728,5.691057755935547,-0.5215118639171124,-1.5483856008565056,0.6596331437101366
23481,G S K PLC,GlaxoSmithKline PLC shares are trading higher after the company reported better-than-expected Q3 sales results.,5,increase,0.85,0.7,,162,35,2.0,2019-10-30,75064.0,2.354786358773708,0.3505693515762687,-2.804554799592518,-2.1472383219435676,0.4279248416423797,1.757189623439026,1.2948653544990083
23489,G S K PLC,"GlaxoSmithKline Q3 Adj. EPS 38.6 Pence, Pharma Sales £4.5B, Consumer Sales £2.5B, Vaccines Sales £2.3B, Shingrix Sales £535M",5,,,,,188,35,,2019-10-30,75064.0,2.354786358773708,0.3505693515762687,-2.804554799592518,-2.1472383219435676,0.4279248416423797,1.757189623439026,1.2948653544990083
23497,G S K PLC,GlaxoSmithKline Says Intravenous Benlysta Is First Biologic Treatment To Be Approved For Children With Lupus In Europe,5,increase,0.8,0.6,,167,35,2.0,2019-10-29,75064.0,0.4279248416423797,2.3547863587737083,-0.7176490348568487,-0.1569852005542382,1.3236007653176785,0.8632464667806872,2.6115116507426928
23505,G S K PLC,Zai Lab Highlights Recent FDA Approval Of Partner GSK's Zejula For Late-Line Treatment For Women With Recurrent Ovarian Cancer,5,increase,0.85,0.7,,168,35,2.0,2019-10-24,75064.0,1.733302511274815,-0.4543406423181295,4.043613831124571,0.4316189344684362,1.7638757824897766,1.5727746460973746,1.7399522430656456
23513,G S K PLC,GlaxoSmithKline Reports FDA Approval Of Added Indication For Zejula For Late-Line Treatment For Women With Recurrent Ovarian Cancer,5,increase,0.85,0.6,,169,35,2.0,2019-10-23,75064.0,1.763875782489777,1.7333025112748146,5.477233548768012,2.519066732798625,-0.1877887756563723,-0.0235088721220466,0.1177283638459592
23521,G S K PLC,Bavarian Nordic Announces Acquisition of Two Established Commercial Vaccines from GlaxoSmithKline for ~€796M,5,increase,0.75,0.6,,163,35,2.0,2019-10-21,75064.0,0.1645889831706882,-0.1877887756563723,4.225359489962832,5.704226397870094,0.1412704470567405,0.5912961526168603,0.6150894834835441
23529,G S K PLC,New Street Upgrades GlaxoSmithKline to Hold,5,increase,0.7,0.3,,151,35,2.0,2019-10-16,75064.0,0.0236534688156098,0.4493908490985632,2.341536666353128,7.947021646967345,0.2371408510953188,0.2133716346865322,0.0473383729294285
23537,G S K PLC,Cantor Fitzgerald Upgrades GlaxoSmithKline to Buy,5,increase,0.85,0.6,,152,35,2.0,2019-10-11,75064.0,-0.1656797481700778,-0.0237129832385107,0.8297735446557652,3.8880971820909105,0.4039880353957414,0.8834740520965223,0.1184816446532233
23545,G S K PLC,GlaxoSmithKline Announces 5-Yr Collaboration With Lyell Immunopharma To Develop New Technologies To Improve Cell Therapies For Cancer Patients,5,increase,0.8,0.6,,169,35,2.0,2019-10-08,75064.0,-0.7582930848002434,0.4775567445904016,0.9312306472675004,1.5281742914200924,0.5001168698072433,1.8094088540675737,2.4520566862159754
23553,GLOBAL SHIP LEASE INC,Global Ship Lease 13G Shows B. Riley Has A 11.90% Passive Stake,5,increase,0.8,0.6,,163,35,2.0,2019-10-10,91453.0,-2.4691391736269,-2.78481338173151,-5.56962063363351,-6.329113497255879,3.1847193837165833,4.516133847963033,3.5805651647869308
23561,GRAN TIERRA ENERGY INC,National Bank Financial Initiates Coverage On Gran Tierra Energy with Sector Perform Rating,5,uncertain,0.6,0.3,,156,35,1.0,2019-10-11,92619.0,1.76990982145071,3.4782681614160538,-10.434782829941623,-1.7391284375752214,0.8928562514483929,6.603778741821964,1.8018000575023896
23569,GRAN TIERRA ENERGY INC,Gran Tierra Energy Appoints Tony Berthelet As COO,5,uncertain,0.6,0.3,,153,35,1.0,2019-10-03,92619.0,-2.564100176095963,-0.8771921508014202,-0.8771921509292513,-8.771931618140217,0.0,-6.400003284215927,-8.593751115119153
23577,CHART INDUSTRIES INC,Chart Industries shares are trading lower after the company reported worse-than-expected Q3 sales results.,5,decrease,0.85,0.7,,160,25,0.0,2019-10-17,91402.0,0.7821783423423767,-1.9908895716071129,-0.4892879338751155,-1.0798034047694305,-0.5916133988648653,-0.7258614199378011,0.8574858224497328
23585,CHART INDUSTRIES INC,"Chart Industries Q3 EPS $0.77, Inline, Sales $357.8M Miss $381.04M Estimate",5,decrease,0.75,0.4,,167,35,0.0,2019-10-17,91402.0,0.7821783423423767,-1.9908895716071129,-0.4892879338751155,-1.0798034047694305,-0.5916133988648653,-0.7258614199378011,0.8574858224497328
23593,CHART INDUSTRIES INC,"Morgan Stanley Maintains Overweight on Chart Industries, Lowers Price Target to $90",5,decrease,0.7,0.5,,159,35,0.0,2019-10-08,91402.0,-2.833937108516693,1.6183529049158096,5.210742124293533,5.5486375223053885,-1.4643292874097824,-0.2241397521365984,-1.732043575958342
23601,GETTY REALTY CORP NEW,Getty Realty Q3 AFFO $0.43,5,uncertain,0.6,0.3,,156,35,1.0,2019-10-23,62367.0,0.272975885309279,-1.2704233638942242,1.814877391958425,9.390626054539553e-08,-0.0606258166953921,0.4876557239628543,0.8873957142772504
23609,GETTY REALTY CORP NEW,Getty Realty Raises Qtr. Dividend From $0.35 to $0.37/Share,5,increase,0.8,0.4,,165,35,2.0,2019-10-23,62367.0,0.272975885309279,-1.2704233638942242,1.814877391958425,9.390626054539553e-08,-0.0606258166953921,0.4876557239628543,0.8873957142772504
23617,GRANITE CONSTRUCTION INC,Granite Awarded $25M Airport Taxiway Project In Southern California,5,increase,0.8,0.3,,156,35,2.0,2019-10-29,76135.0,-7.695295661687851,1.8526338040828705,14.736842015712812,15.410525875663428,-1.9809540361166,-30.271006119939447,-31.25835002065173
23625,GRANITE CONSTRUCTION INC,Granite Construction Incorporated Announces Proposed Offering Of $200 Million Of Convertible Senior Notes Due 2024,5,uncertain,0.6,0.3,,161,35,1.0,2019-10-29,76135.0,-7.695295661687851,1.8526338040828705,14.736842015712812,15.410525875663428,-1.9809540361166,-30.271006119939447,-31.25835002065173
23633,GRANITE CONSTRUCTION INC,"DA Davidson Downgrades Granite Construction to Neutral, Lowers Price Target to $30",5,decrease,0.85,0.6,,159,35,0.0,2019-10-28,76135.0,-1.9809540361166,-7.695295661687851,4.041977889598036,6.956863563460791,-28.861790895462036,-29.869088906785347,-28.590855781994986
23641,GRANITE CONSTRUCTION INC,"Granite Construction Q3 Adj. EPS $0.58 Down From $1.43 YoY, Sales $1.088B Miss $1.17B Estimate",5,decrease,0.85,0.7,,176,35,0.0,2019-10-25,76135.0,-28.861790895462043,-1.9809540361166,-3.885715956959024,6.476193636843486,-1.415973249822855,0.3808573716958863,1.6248969296483562
23649,GRANITE CONSTRUCTION INC,Granite Wins $15M Airfield Improvement Project In North Carolina,5,increase,0.75,0.3,,155,35,2.0,2019-10-22,76135.0,1.2393195182085042,1.8226386979222295,-35.391726591342874,-25.870507410029287,2.8611959889531136,4.010316661949798,4.519285081126023
23657,GRAINGER W W INC,"Morgan Stanley Maintains Underweight on W.W. Grainger, Raises Price Target to $281",5,uncertain,0.6,0.3,,163,35,1.0,2019-10-24,52695.0,0.8865666575729847,0.6757415365427732,-2.02087347101626,2.2080581167309488,-2.1116580814123154,-1.3700348123743322,0.7610990743758705
23665,GRAINGER W W INC,"Baird Maintains Neutral on W.W. Grainger, Raises Price Target to $340",5,increase,0.7,0.3,,162,35,2.0,2019-10-24,52695.0,0.8865666575729847,0.6757415365427732,-2.02087347101626,2.2080581167309488,-2.1116580814123154,-1.3700348123743322,0.7610990743758705
23673,GRAINGER W W INC,"Buckingham Maintains Neutral on W.W. Grainger, Raises Price Target to $329",5,uncertain,0.6,0.3,,162,35,1.0,2019-10-24,52695.0,0.8865666575729847,0.6757415365427732,-2.02087347101626,2.2080581167309488,-2.1116580814123154,-1.3700348123743322,0.7610990743758705
23681,GRAINGER W W INC,W. W. Grainger shares are trading lower after the company reported worse-than-expected Q3 EPS and sales results.,5,decrease,0.85,0.7,,168,35,0.0,2019-10-23,52695.0,-2.111658081412315,0.8865666575729847,-0.6593258584453809,2.822944346053058,0.7576216477900743,2.9347285892097563,2.716097898814973
23689,GRAINGER W W INC,"Grainger Reaffirms FY19 Guidance: EPS $17.10-$18.70 vs $17.54 Estimate, Sales Growth 2-5% Year Over Year",5,uncertain,0.6,0.3,,179,35,1.0,2019-10-23,52695.0,-2.111658081412315,0.8865666575729847,-0.6593258584453809,2.822944346053058,0.7576216477900743,2.9347285892097563,2.716097898814973
23697,GRAINGER W W INC,"W.W. Grainger Q3 Adj. EPS $4.26 Misses $4.4 Estimate, Sales $2.947B Miss $2.95B Estimate",5,decrease,0.8,0.3,,179,35,0.0,2019-10-23,52695.0,-2.111658081412315,0.8865666575729847,-0.6593258584453809,2.822944346053058,0.7576216477900743,2.9347285892097563,2.716097898814973
23705,GRAINGER W W INC,"JP Morgan Maintains Neutral on W.W. Grainger, Raises Price Target to $301",5,uncertain,0.6,0.3,,162,35,1.0,2019-10-10,52695.0,1.662030816078186,5.711621046066284,7.630494071482152,9.178760933434438,0.6378637626767159,-1.7233660299388551,-2.479310895149256
23713,GRAINGER W W INC,"Buckingham Maintains Neutral on W.W. Grainger, Raises Price Target to $325",5,uncertain,0.6,0.3,,162,35,1.0,2019-10-08,52695.0,-2.346263825893402,0.6378637626767159,8.912432563279559,13.108185873593726,-0.7692010141909122,0.0969894005073745,0.6233054292559048
23721,HYATT HOTELS CORP,"Hyatt Hotels Q3 EPS $0.37 Beats $0.29 Estimate, Adj. EBITDA $163M",5,increase,0.85,0.6,,167,35,2.0,2019-10-30,93098.0,0.3015781054273248,2.1456876769661903,6.888070213159825,3.5670364750196804,-0.2188533078879118,-0.8022898472620388,0.5374854129600815
23729,HYATT HOTELS CORP,"Wells Fargo Maintains Market Perform on Hyatt Hotels, Lowers Price Target to $76",5,decrease,0.8,0.4,,162,35,0.0,2019-10-18,93098.0,0.1000996679067612,1.900002546608448,5.057144110972001,7.614288168454797,-0.0571686658076942,-0.8788132458044884,-0.5687495197669645
23737,HAWAIIAN HOLDINGS INC,"Deutsche Bank Earlier Maintained Sell on Hawaiian Holdings, Raised Price Target to $28",5,increase,0.7,0.4,,163,35,2.0,2019-10-23,81666.0,-7.10255354642868,-1.6434408724308014,1.1432643302784928,9.431937719785344,2.2395651787519455,6.01688630802415,3.5395146075160033
23745,HAWAIIAN HOLDINGS INC,Hawaiian Holdings shares are trading lower after the company reported Q3 earnings results.,5,decrease,0.8,0.6,,162,35,0.0,2019-10-22,81666.0,2.239565178751945,-7.10255354642868,-6.770657183716688,0.1327611968034325,3.694578632712364,1.2714739411217924,-0.2369722586750611
23753,HAWAIIAN HOLDINGS INC,"Hawaiian Holdings Q3 EPS $1.7 Beats $1.65 Estimate, Sales $755.151M Beat $753.69M Estimate",5,increase,0.85,0.6,,177,35,2.0,2019-10-22,81666.0,2.239565178751945,-7.10255354642868,-6.770657183716688,0.1327611968034325,3.694578632712364,1.2714739411217924,-0.2369722586750611
23761,HAWAIIAN HOLDINGS INC,"Morgan Stanley Maintains Underweight on Hawaiian Holdings, Raises Price Target to $23",5,uncertain,0.6,0.3,,162,35,1.0,2019-10-10,81666.0,0.8002885617315769,-0.6856681313365698,5.016244515056734,-0.6495790446322536,1.8336689099669456,9.04403352808072,6.964976791297373
23769,HAWAIIAN HOLDINGS INC,"Bank of America Maintains Underperform on Hawaiian Holdings, Raises Price Target to $25",5,uncertain,0.6,0.3,,163,35,1.0,2019-10-08,81666.0,7.080531120300293,1.8336689099669456,5.575103333994558,11.613255192969008,-1.906621269881725,-1.2534336133104618,-3.520857626470575
23777,HAWAIIAN HOLDINGS INC,Hawaiian Holdings Reports Total September Traffic Up 3%,5,increase,0.7,0.4,,157,35,2.0,2019-10-07,81666.0,-1.9066212698817249,7.080531120300293,12.455380902119018,16.89805825399373,0.6658835336565971,-1.6456119439315686,-3.4197662243951266
23785,E T F MANAGERS TRUST,"'It's A Strange Time': A Q&A With Censys, An Ann Arbor-Based Internet Security Company",5,uncertain,0.4,0.2,,167,35,1.0,2019-10-30,15037.0,2.100081369280815,-0.7618060801178217,1.2442810064325016,4.215337210415693,0.3642971394583583,0.5736668362203767,0.8629654802127629
23793,E T F MANAGERS TRUST,Another Cybersecurity ETF Arrives,5,increase,0.75,0.6,,152,35,2.0,2019-10-30,15037.0,2.100081369280815,-0.7618060801178217,1.2442810064325016,4.215337210415693,0.3642971394583583,0.5736668362203767,0.8629654802127629
23801,HANMI FINANCIAL CORP,Hanmi Financial Q3 EPS $0.4 Misses $0.47 Estimate,5,decrease,0.8,0.6,,163,35,0.0,2019-10-22,88865.0,1.549978274852037,-3.4736834466457367,0.1578985320976889,6.129828602877807,1.7400745302438736,1.850834131318413,2.7457442528282305
23809,HAIN CELESTIAL GROUP INC,"Hain Celestial Shares Unaffected Amid Report 'Buyout firm PAI Partners bakes bid for Hain Daniels Group, the food company behind Mary Berry-branded desserts, Linda McCartney, Robertson's marmalade, Sun-Pat and Gale's honey'",5,uncertain,0.6,0.3,,199,35,1.0,2019-10-03,80167.0,0.951682310551405,0.0966906372923404,-2.248006626193344,8.387723648007995,-2.24236324429512,-4.586731495756046,-4.8746568991670625
23817,HALLIBURTON CO,Halliburton shares are trading lower. Not seeing any news to justify the price action.,5,decrease,0.8,0.6,,161,35,0.0,2019-10-30,23819.0,-4.612358659505844,-0.9773689322173597,5.96707698895238,6.069959941233183,0.3940883092582226,-0.4882831035108559,2.3606194264166103
23825,HALLIBURTON CO,UPDATE: Argus Downgrades Haliburton To Hold As Firm Expects Co.'to face pressure from rising crude oil inventories and moderating global demand' to face pressure from rising crude oil',5,decrease,0.85,0.7,,183,35,0.0,2019-10-23,23819.0,1.5577862970530991,-1.4844099059700966,-3.809988104372019,1.9297439611225764,1.4788322150707245,7.976121783849743,7.509450711454502
23833,HALLIBURTON CO,Argus Research Downgrades Halliburton to Hold,5,decrease,0.8,0.6,,155,35,0.0,2019-10-23,23819.0,1.5577862970530991,-1.4844099059700966,-3.809988104372019,1.9297439611225764,1.4788322150707245,7.976121783849743,7.509450711454502
23841,HALLIBURTON CO,"Cowen & Co. Maintains Outperform on Halliburton, Lowers Price Target to $27",5,decrease,0.7,0.4,,165,35,0.0,2019-10-22,23819.0,1.478832215070724,1.557786297053099,2.4120581526539286,5.778892443722605,6.402605772018433,5.942735410674316,7.1584774918092675
23849,HALLIBURTON CO,"Stifel Maintains Buy on Halliburton, Lowers Price Target to $26",5,decrease,0.7,0.4,,161,35,0.0,2019-10-22,23819.0,1.478832215070724,1.557786297053099,2.4120581526539286,5.778892443722605,6.402605772018433,5.942735410674316,7.1584774918092675
23857,HALLIBURTON CO,"RBC Capital Maintains Outperform on Halliburton, Lowers Price Target to $23",5,decrease,0.7,0.4,,163,35,0.0,2019-10-22,23819.0,1.478832215070724,1.557786297053099,2.4120581526539286,5.778892443722605,6.402605772018433,5.942735410674316,7.1584774918092675
23865,HALLIBURTON CO,"Halliburton Co shares are trading higher after the company reported Q3 earnings. From the conference call, the company said it sees more international sales and margin growth opportunities in FY20.",5,increase,0.85,0.7,,180,35,2.0,2019-10-21,23819.0,6.402605772018433,1.4788322150707245,3.518605936828223,7.445175896697109,-0.4321984015405178,0.7103883540318545,-1.44385266034055
23873,HALLIBURTON CO,"From Halliburton Q3 Earnings Conference Call: Further Improvement In Receivables, Draw Down On Inventory In Q4 Will Allow Co. To Generate ~$1B Of Free Cash Flow For FY19",5,increase,0.85,0.7,,184,35,2.0,2019-10-21,23819.0,6.402605772018433,1.4788322150707245,3.518605936828223,7.445175896697109,-0.4321984015405178,0.7103883540318545,-1.44385266034055
23881,HALLIBURTON CO,From Halliburton Q3 Earnings Conference Call: Will Keep Cutting Costs In North American Operations,5,increase,0.75,0.6,,162,35,2.0,2019-10-21,23819.0,6.402605772018433,1.4788322150707245,3.518605936828223,7.445175896697109,-0.4321984015405178,0.7103883540318545,-1.44385266034055
23889,HALLIBURTON CO,"From Halliburton Q3 Earnings Conference Call: Sees More Int'l. Sales, Margin Growth Opportunities During FY20 From Mature Fields, Shallow Water Markets",5,increase,0.8,0.6,,176,35,2.0,2019-10-21,23819.0,6.402605772018433,1.4788322150707245,3.518605936828223,7.445175896697109,-0.4321984015405178,0.7103883540318545,-1.44385266034055
23897,HALLIBURTON CO,"Halliburton Q3 EPS $0.34, Inline, Sales $5.55B Miss $5.83B Estimate",5,decrease,0.75,0.4,,170,35,0.0,2019-10-21,23819.0,6.402605772018433,1.4788322150707245,3.518605936828223,7.445175896697109,-0.4321984015405178,0.7103883540318545,-1.44385266034055
23905,HALLIBURTON CO,Halliburton shares are trading higher after Citigroup maintained its Buy rating on the stock.,5,increase,0.8,0.6,,161,35,2.0,2019-10-18,23819.0,-0.4321984015405178,6.402605772018433,11.123164267461272,9.007052375931291,1.1475464329123497,-1.0160455916058742,-1.3326225873952602
23913,HALLIBURTON CO,"Citigroup Maintains Buy on Halliburton, Lowers Price Target to $25",5,decrease,0.7,0.4,,161,35,0.0,2019-10-18,23819.0,-0.4321984015405178,6.402605772018433,11.123164267461272,9.007052375931291,1.1475464329123497,-1.0160455916058742,-1.3326225873952602
23921,HALLIBURTON CO,Borderlands: Halliburton Lays Off 650 Workers; DHL Expands El Paso Freight Operations,5,decrease,0.75,0.4,,164,35,0.0,2019-10-14,23819.0,-1.002641301602125,-0.3198265796527266,4.530918588887278,8.208949696176937,2.821489050984382,3.721950058520296,3.8356205456846704
23929,HALLIBURTON CO,"Halliburton Cutting 650 Oilfield Services Jobs Across Colorado, Wyoming, New Mexico, Dakota, Says Cutting 650 Oilfield Services Jobs Across Colorado, Wyoming, New Mexico, Dakotas",5,uncertain,0.6,0.3,,182,35,1.0,2019-10-09,23819.0,0.1095915446057916,0.8757517673075199,0.1641968755402567,10.618492166512183,-0.5991318263113499,-1.617246641232151,-2.092271465803497
23937,HALLIBURTON CO,"Morgan Stanley Maintains Overweight on Halliburton, Lowers Price Target to $30",5,decrease,0.7,0.4,,162,35,0.0,2019-10-08,23819.0,-0.5991318263113499,0.1095915446057915,2.4657575254046993,9.041093468488114,-1.0242514312267303,-1.502139434922345,1.0456825467473283
23945,HASBRO INC,"Leading The Way? Analysts Not Yet Ready To Buy Mattel Despite Earnings Beat, Stock Surge",5,uncertain,0.6,0.3,,156,35,1.0,2019-10-30,52978.0,0.6589634343981743,-1.3092993758618832,-3.7940587517537816,-4.666261630682911,2.0695364102721214,2.739295048938706,2.579030383655123
23953,HASBRO INC,"Hasbro's Wizards Of The Coast Subsidiary Acquires Digital Game Development Studio Tuque Games, Terms Not Disclosed",5,increase,0.8,0.6,,162,35,2.0,2019-10-29,52978.0,2.069536410272121,0.6589634343981743,-2.210685676471958,-3.6296968405655328,0.656178779900074,0.4991636009152422,-2.776662162852772
23961,HASBRO INC,"KeyBanc Maintains Overweight on Hasbro, Lowers Price Target to $110",5,decrease,0.7,0.4,,156,35,0.0,2019-10-28,52978.0,0.656178779900074,2.0695364102721214,1.8033141277110865,-0.4786586758453781,-0.1559915952384472,-3.4104622134119245,-4.009192910738824
23969,HASBRO INC,Hasbro shares are trading lower on seemingly no company-specific news.,5,decrease,0.7,0.3,,150,35,0.0,2019-10-24,52978.0,-3.2595552504062653,-0.1559915952384472,1.9030717628414573,-0.2960476931359368,-0.6198711693286896,-17.27696464809123,-18.497865638657903
23977,HASBRO INC,Hasbro CEO Defends Company After Post-Earnings Sell-Off,5,decrease,0.8,0.6,,150,35,0.0,2019-10-23,52978.0,-0.6198711693286896,-3.2595552504062653,-0.11066471975264,-3.900524787021553,-16.760990023612976,-17.989506231965755,-18.27763874830182
23985,HASBRO INC,"SunTrust Robinson Humphrey Maintains Hold on Hasbro, Lowers Price Target to $102",5,decrease,0.8,0.6,,157,35,0.0,2019-10-23,52978.0,-0.6198711693286896,-3.2595552504062653,-0.11066471975264,-3.900524787021553,-16.760990023612976,-17.989506231965755,-18.27763874830182
23993,HASBRO INC,"BMO Capital Maintains Market Perform on Hasbro, Lowers Price Target to $90",5,decrease,0.8,0.6,,156,35,0.0,2019-10-23,52978.0,-0.6198711693286896,-3.2595552504062653,-0.11066471975264,-3.900524787021553,-16.760990023612976,-17.989506231965755,-18.27763874830182
24001,HASBRO INC,From Hasbro Q3 Earnings Conference Call: Some Of Our Games Were Tariffed As Part Of List 3 Tariffs,5,decrease,0.75,0.4,,163,35,0.0,2019-10-22,52978.0,-16.76099002361298,-0.6198711693286896,-1.3797214847063977,-3.559905855940748,-1.4758899807929993,-1.8220408016854983,-1.500118239718895
24009,HASBRO INC,From Hasbro Q3 Earnings Conference Call: Co. On Track To Achieve Target To Source 50% For US Out Of China By Year End 2020,5,increase,0.8,0.6,,171,35,2.0,2019-10-22,52978.0,-16.76099002361298,-0.6198711693286896,-1.3797214847063977,-3.559905855940748,-1.4758899807929993,-1.8220408016854983,-1.500118239718895
24017,HASBRO INC,"Hasbro Shares Fall On Q3 Earnings, Sales Miss",5,decrease,0.85,0.7,,149,35,0.0,2019-10-22,52978.0,-16.76099002361298,-0.6198711693286896,-1.3797214847063977,-3.559905855940748,-1.4758899807929993,-1.8220408016854983,-1.500118239718895
24025,HASBRO INC,Hasbro shares are trading lower after the company reported worse-than-expected Q3 EPS and sales results.,5,decrease,0.85,0.7,,158,25,0.0,2019-10-22,52978.0,-16.76099002361298,-0.6198711693286896,-1.3797214847063977,-3.559905855940748,-1.4758899807929993,-1.8220408016854983,-1.500118239718895
24033,HASBRO INC,"Hasbro Q3 Adj. EPS $1.84 Misses $2.21 Estimate, Sales $1.58B Miss $1.72B Estimate",5,decrease,0.85,0.7,,170,25,0.0,2019-10-22,52978.0,-16.76099002361298,-0.6198711693286896,-1.3797214847063977,-3.559905855940748,-1.4758899807929993,-1.8220408016854983,-1.500118239718895
24041,HASBRO INC,Entertainment One Shareholders Vote To Approve Acquisition By Hasbro,5,increase,0.8,0.6,,150,35,2.0,2019-10-17,52978.0,0.3278969787061214,-0.3513361560180783,-21.431485583099185,-19.936270370747124,0.0245972274569794,0.901568524946672,0.5771266812141462
24049,HASBRO INC,"UBS Maintains Neutral on Hasbro, Raises Price Target to $117",5,increase,0.7,0.4,,153,35,2.0,2019-10-08,52978.0,-0.8244102820754051,1.2597491033375263,4.516236700824039,-14.285718230385536,-0.490522850304842,0.9090953915313004,2.037989896392367
24057,HASBRO INC,"Stifel Nicolaus Maintains Hold on Hasbro, Raises Price Target to $111",5,increase,0.75,0.4,,155,35,2.0,2019-10-01,52978.0,-1.339627522975206,-1.528608798980713,-0.3501246400322899,4.150299603299978,-0.1094068749807775,1.0988082367968,-0.1009974907143163
24065,HANNON ARMSTRONG SUST INFRA CAP,Hannon Armstrong Q3 EPS $0.38 Beats $0.35 Estimate,5,increase,0.8,0.6,,170,35,2.0,2019-10-30,13843.0,1.016601920127869,0.1677327905781567,-0.8386447382340179,-4.226770376016232,0.5108978599309921,1.2349935232511822,-0.706591810117041
24073,HUNTINGTON BANCSHARES INC,"Raymond James Maintains Outperform on Huntington Bancshares, Raises Price Target to $16",5,increase,0.8,0.6,,166,35,2.0,2019-10-25,42906.0,1.082022581249475,0.6906103808432817,-0.9668467198653774,3.453038651146989,-1.0020763613283634,-0.7276541018931271,-0.2437314996195039
24081,HUNTINGTON BANCSHARES INC,Bank of America Downgrades Huntington Bancshares to Neutral,5,decrease,0.8,0.6,,159,35,0.0,2019-10-25,42906.0,1.082022581249475,0.6906103808432817,-0.9668467198653774,3.453038651146989,-1.0020763613283634,-0.7276541018931271,-0.2437314996195039
24089,HUNTINGTON BANCSHARES INC,Huntington Bancshares Q3 EPS $0.34 Beats $0.33 Estimate,5,increase,0.75,0.4,,166,35,2.0,2019-10-24,42906.0,-1.002076361328363,1.0820225812494757,-1.361254491544528,4.572423890341137,0.2772000152617693,0.7660209768405979,1.9732254939352156
24097,HUNTINGTON BANCSHARES INC,"Huntington Appoints Zachary J. Wasserman As SVP And CFO Effective November 04, 2019",5,uncertain,0.6,0.3,,172,35,1.0,2019-10-17,42906.0,-0.1408415846526623,0.0705167476553469,1.0225635333789285,-0.3526106501926307,-0.3159008454531431,1.2116897889231426,1.5010724733677927
24105,HOME BANCORP INC,"Home Bancorp Q2 EPS $0.71 Misses $0.76 Estimate, Sales $21.875M Beat $21.58M Estimate",5,uncertain,0.6,0.3,,175,35,1.0,2019-10-29,92810.0,-0.3579631447792052,1.898891106247902,0.9751021439618812,-0.2315337207612788,0.1280062366276979,0.3077684757397003,-0.0255580848532277
24113,HANESBRANDS INC,Hanesbrands shares are trading lower after the company narrowed its Q4 sales guidance on the lower end of analyst estimates.,5,decrease,0.85,0.6,,165,35,0.0,2019-10-31,91416.0,-5.115412548184395,1.775144599378109,5.128203248432084,1.2112473239094923,-0.1246015657670795,0.1249247742238557,0.8810594169859076
24121,HANESBRANDS INC,"Hanesbrands Sees Q4 Adj. EPS $0.48-$0.54 vs $0.49 Est., Sales $1.719B-$1.769B vs $1.75B Est.; Narrows FY19 Adj. EPS Guidance From $1.72-$1.80 To $1.740-$1.80 vs $1.75 Est., Narrows Sales Guidance From $6.885B-$6.985B To $6.935B-$6.985B vs $6.96B Est.",5,uncertain,0.6,0.3,,252,35,1.0,2019-10-31,91416.0,-5.115412548184395,1.775144599378109,5.128203248432084,1.2112473239094923,-0.1246015657670795,0.1249247742238557,0.8810594169859076
24129,HANESBRANDS INC,"Hanesbrands Q3 Adj. EPS $0.54, Inline, Sales $1.87B Beat $1.86B Estimate",5,increase,0.7,0.4,,170,35,2.0,2019-10-31,91416.0,-5.115412548184395,1.775144599378109,5.128203248432084,1.2112473239094923,-0.1246015657670795,0.1249247742238557,0.8810594169859076
24137,HANESBRANDS INC,HanesBrands shares are trading lower after Credit Suisse lowered the company's Q3 and Q4 EPS and sales growth estimates. Credit Suisse also lowered the company's FY20 EPS and sales growth estimates.,5,decrease,0.85,0.7,,179,25,0.0,2019-10-18,91416.0,-3.851014003157616,2.757715620100498,4.333557469955385,1.6414967990276308,2.2595247253775597,2.457956701293895,3.3942588473568236
24145,HORIZON BANCORP INC,Horizon Bancorp Q3 EPS $0.46 Up From $0.32 YoY,5,increase,0.85,0.6,,167,35,2.0,2019-10-23,11565.0,0.1694846199825406,2.7072733268141747,3.722503533231203,6.486179730944297,-0.0564557965844869,1.20069175016293,1.6657146138237655
24153,H C A HEALTHCARE INC,"Baird Maintains Outperform on HCA Healthcare, Raises Price Target to $160",5,increase,0.85,0.7,,161,24,2.0,2019-10-30,12622.0,-0.1629759324714541,-0.912674143910408,0.0741936976951462,-0.2819654619338418,6.4002543687820435,6.905843986043747,7.992004480377268
24161,H C A HEALTHCARE INC,"UBS Maintains Buy on HCA Healthcare, Raises Price Target to $168",5,increase,0.85,0.7,,160,35,2.0,2019-10-30,12622.0,-0.1629759324714541,-0.912674143910408,0.0741936976951462,-0.2819654619338418,6.4002543687820435,6.905843986043747,7.992004480377268
24169,H C A HEALTHCARE INC,HCA Healthcare shares are trading higher after the company reported better-than-expected Q3 EPS and sales results.,5,increase,0.85,0.7,,165,35,2.0,2019-10-29,12622.0,6.4002543687820435,-0.1629759324714541,-0.4815238854142478,0.1111148181229593,0.4751770757138729,1.496002167511956,1.293415337168469
24177,H C A HEALTHCARE INC,"HCA Healthcare Sees FY19 EPS $10.30-$10.65 vs $10.37 Est., Sales $50B-$51.5B vs $50.96B Est.",5,,,,,183,35,,2019-10-29,12622.0,6.4002543687820435,-0.1629759324714541,-0.4815238854142478,0.1111148181229593,0.4751770757138729,1.496002167511956,1.293415337168469
24185,H C A HEALTHCARE INC,"HCA Healthcare Q3 Adj. EPS $2.23 Beats $2.13 Estimate, Sales $12.69B Beat $12.5B Estimate",5,increase,0.85,0.6,,176,35,2.0,2019-10-29,12622.0,6.4002543687820435,-0.1629759324714541,-0.4815238854142478,0.1111148181229593,0.4751770757138729,1.496002167511956,1.293415337168469
24193,WARRIOR MET COAL INC,"Warrior Met Coal shares trading lower following Q3 results: adjusted EPS $0.79 vs $0.89 estimate, sales $287.5 million. The company also reaffirmed FY19 guidance.",5,decrease,0.8,0.6,,186,35,0.0,2019-10-31,16653.0,-10.80586388707161,4.363451898097992,-0.770018566033337,-6.570835786469209,-4.960833117365837,-4.336398642834716,-2.018845948857395
24201,HERITAGE CRYSTAL CLEAN INC,"Heritage-Crystal Clean Q3 Adj. EPS $0.28 Misses $0.31 Estimate, Sales $104.84M Beat $104.06M Estimate",5,uncertain,0.6,0.3,,184,35,1.0,2019-10-16,92588.0,0.6097555160522461,2.272728830575943,-1.515150008874111,1.818180195884822,0.5749314557760954,1.9425019476220216,1.7054284750256166
24209,HEALTHCARE SERVICES GROUP INC,"Benchmark Reiterates Buy on Healthcare Services Group, Lowers Price Target to $34",5,uncertain,0.6,0.3,,159,35,1.0,2019-10-23,41292.0,-8.213866502046585,-0.5065463948994875,3.756856749838322,6.036303399740772,2.828681655228138,2.0359731668996295,4.198623341321883
24217,HEALTHCARE SERVICES GROUP INC,"Healthcare Services Group Q3 EPS $0.25 Misses $0.28 Estimate, Sales $455.606M Beat $451.31M Estimate; Raises Qtr. Dividend From $0.1988 To $0.20/Share",5,uncertain,0.6,0.3,,192,35,1.0,2019-10-22,41292.0,2.828681655228138,-8.213866502046585,-4.106933221924713,-0.8523799525948283,-0.7709021214395761,1.332256393879483,2.2403305594137723
24225,HOME DEPOT INC,"Raymond James Assumes Home Depot at Outperform, Announces $250 Price Target",5,increase,0.85,0.6,,156,35,2.0,2019-10-08,66181.0,-0.0308755930745974,1.0014577768743038,3.9484701022565183,4.645519457678371,-0.5220844876021147,-0.0308593099487941,0.5276003069374591
24233,H D F C BANK LTD,HDFC Bank shares are trading higher. Not seeing any company-specific news to justify price action.,5,increase,0.7,0.4,,162,35,2.0,2019-10-21,89056.0,2.698442153632641,0.2900497755035758,2.52516560491185,5.169764134943966,-1.0918562300503254,-0.4535184287506322,0.0701401483987007
24241,H D F C BANK LTD,"Top 10 Most Oversold Stocks Via Benzinga Pro's Screener Tool For Fri., October 04, 2019",5,decrease,0.75,0.6,,169,35,0.0,2019-10-04,89056.0,-4.165216535329819,1.0684536769986153,1.4849685864030349,3.3502324801482963,2.0364753901958466,0.3483119794203126,0.9991230035053088
24249,TURTLE BEACH CORP,Turtle Beach 13G From Morgan Stanley Shows 5% Stake,5,increase,0.8,0.6,,158,35,2.0,2019-10-24,13328.0,-0.7985816337168217,1.4311255887150764,-2.68336489623231,-10.554564505477924,0.9856685996055604,-3.675208134874008,-3.1786930450552697
24257,H & E EQUIPMENT SERVICES INC,"H&E Equipment Services Q3 EPS $0.79 Beats $0.68 Estimate, Sales $352.997M Beat $341.41M Estimate",5,increase,0.85,0.6,,177,35,2.0,2019-10-24,91080.0,4.513999819755554,9.678441286087036,6.998736731008415,17.559904404496685,0.0989468535408377,1.6069619519730516,2.98609124711795
24265,HELEN OF TROY LTD,"UPDATE: Bank Of America Reiterates Buy On Helen Of Troy, Raises Target To $175 'based on an unchanged 19x target P/E on our higher CY20e EPS, a premium to HELE's historical multiple but still well below large-cap HPC average'",5,increase,0.85,0.7,,198,35,2.0,2019-10-09,41452.0,-3.111262992024422,3.024243377149105,5.481011495830934,4.593100513103976,-2.895547077059746,-3.3749962206146455,-2.834513588602683
24273,HELEN OF TROY LTD,"Bank of America Maintains Buy on Helen Of Troy, Raises Price Target to $175",5,increase,0.85,0.6,,161,35,2.0,2019-10-09,41452.0,-3.111262992024422,3.024243377149105,5.481011495830934,4.593100513103976,-2.895547077059746,-3.3749962206146455,-2.834513588602683
24281,HELEN OF TROY LTD,Helen Of Troy Trades Lower Despite Q2 Earnings Beat,5,decrease,0.75,0.4,,154,35,0.0,2019-10-08,41452.0,-2.8955470770597462,-3.1112629920244217,-0.1681822704819646,1.849935726394647,-0.4937457852065563,0.0628534393839697,2.6300533112330493
24289,HELEN OF TROY LTD,Helen Of Troy Sees FY20 Adj. EPS $8.50-$8.75 vs $8.53 Est.,5,increase,0.75,0.4,,168,35,2.0,2019-10-08,41452.0,-2.8955470770597462,-3.1112629920244217,-0.1681822704819646,1.849935726394647,-0.4937457852065563,0.0628534393839697,2.6300533112330493
24297,HELEN OF TROY LTD,"Helen Of Troy Q2 Adj. EPS $2.24 Beats $1.96 Estimate, Sales $414M Beat $391.85M Estimate",5,increase,0.85,0.7,,174,35,2.0,2019-10-08,41452.0,-2.8955470770597462,-3.1112629920244217,-0.1681822704819646,1.849935726394647,-0.4937457852065563,0.0628534393839697,2.6300533112330493
24305,HELEN OF TROY LTD,"DA Davidson Maintains Buy on Helen Of Troy, Raises Price Target to $184",5,increase,0.8,0.6,,160,35,2.0,2019-10-07,41452.0,-0.4937457852065563,-2.895547077059746,-3.4294369672069336,0.3517351657070122,0.559361046180129,3.139299254192207,1.5808555054765303
24313,HOLLY ENERGY PARTNERS L P,Holly Energy Partners Q3 EPS $0.78 May Not Compare To $0.44 Estimate,5,increase,0.85,0.7,,166,35,2.0,2019-10-30,90253.0,2.293166518211365,0.4395621363073587,1.5384632568978152,0.5274762434642755,-0.7142850663512945,-2.155740337673029,-2.685925353206997
24321,HOLLY ENERGY PARTNERS L P,"Holly Energy Partners Says Expects To Hold 2019, 2020 Qtr. Distribution At $0.6725/Unit",5,decrease,0.7,0.4,,174,35,0.0,2019-10-17,90253.0,-2.027652226388454,8.795855939388275,10.677330744033252,10.658751786456232,-1.1389520950615406,-1.1389520950615406,-2.340227520561977
24329,HOLLY ENERGY PARTNERS L P,"UBS Maintains Neutral on Holly Energy Partners, Lowers Price Target to $22",5,decrease,0.75,0.4,,163,35,0.0,2019-10-17,90253.0,-2.027652226388454,8.795855939388275,10.677330744033252,10.658751786456232,-1.1389520950615406,-1.1389520950615406,-2.340227520561977
24337,HOME FEDERAL BANCORP INC LA,Home Federal Bancorp Q1 EPS $0.68 Up From $0.63 YoY,5,increase,0.8,0.4,,169,35,2.0,2019-10-28,12487.0,-2.074076421558857,1.361575722694397,-0.1815356901379128,11.195161480188707,2.1798402070999146,2.2727271888466793,1.1235954109075186
24345,HERITAGE FINANCIAL CORP WA,"Heritage Financial Q3 EPS $0.48 Beats $0.47 Estimate, Sales $58.701M Miss $59.18M Estimate",5,uncertain,0.6,0.2,,180,35,1.0,2019-10-24,85731.0,-2.56040059030056,1.1102857999503613,1.8874915419208271,7.564712017073982,0.2893306547775864,1.3966761081007917e-08,1.6123071454823945
24353,HOWARD HUGHES CORP,Howard Hughes Corporation Announces Transformation Plan And Leadership Changes Following Conclusion Of Strategic Review Process; Co. To Sell $2B In Non-Core Assets. Reduce Overhead Expenses By $45M-$50M per Annum And Grow MPC Assets,5,increase,0.8,0.6,,192,35,2.0,2019-10-21,12373.0,1.9455289468169208,-15.859173238277435,-12.213745383563534,-13.46783524088966,0.4146372899413109,0.1590685893491539,0.5910998011102508
24361,HILLENBRAND INC,"DA Davidson Reiterates Buy, $43 Target On Hillenbrand As Firm Notes 'Near-record PEG backlog, strong forward looking large polyolefin project funnel and healthy parts demand should drive L/MSD organic growth for this segment through FY20'",5,increase,0.85,0.7,,193,35,2.0,2019-10-01,92597.0,-3.011653013527393,-2.6377325877547264,-5.943240877253575,0.2003321269363533,-1.2472059577703476,0.5208328319558975,0.0972407616421922
24369,HARTFORD FINANCIAL SVCS GRP INC,The Hartford Financial Services shares are trading lower. Not seeing any news to justify the price action.,5,decrease,0.7,0.3,,172,35,0.0,2019-10-22,82775.0,-3.781791031360626,0.6434764247387648,-1.199997569362854,5.026086011602704,1.28813274204731,1.927336239400046,1.4600963958766977
24377,HARTFORD FINANCIAL SVCS GRP INC,Evercore ISI Group Upgrades Hartford Financial Servs to Outperform,5,increase,0.85,0.6,,168,35,2.0,2019-10-17,82775.0,-0.458404840901494,0.631074421107769,-1.9443958418334903,-2.6436962570293376,-0.9917635470628738,-0.4563066524284842,0.4433869917294775
24385,HIGHWOODS PROPERTIES INC,Highwoods Properties Q3 FFO $0.83 Down From $0.86 YoY; Narrows FY19 FFO Guidance From $3.32-$3.38 To $3.31-$3.33,5,decrease,0.8,0.4,,189,35,0.0,2019-10-22,80688.0,-0.1353821600787342,0.5422541406005621,3.999097467511703,5.219162779625108,0.6129408720880747,0.4305429678434835,1.1410314985411452
24393,HECLA MINING CO,"B. Riley Maintains Neutral on Hecla Mining, Lowers Price Target to $1.8",5,decrease,0.85,0.6,,162,35,0.0,2019-10-11,32651.0,-4.020102694630623,-1.570679247379303,4.18848417197526,9.947641284883543,1.0152274742722511,-0.9950238804377508,3.108811805152878
24401,HECLA MINING CO,Hecla Mining Q3 Silver Production Up 31% YoY,5,increase,0.85,0.7,,155,35,2.0,2019-10-07,32651.0,0.5208328366279602,4.1450802236795425,-2.590671112610554,1.5544092261887243,1.5873000025749209,-0.5181343217548928,4.347821633339866
24409,HARMONIC INC,Harmonic shares are trading higher after the company reported better-than-expected Q3 EPS and sales results. The company also issued Q4 sales guidance above analyst estimates.,5,increase,0.85,0.7,,175,35,2.0,2019-10-28,81621.0,3.924646973609924,17.52266436815262,20.09063426568085,20.543809675344725,-0.1567433937452733,-1.5455936138534687,-2.896342330779156
24417,HARMONIC INC,"Harmonic Sees Q4 Adj. EPS $0.03-$0.11 vs $0.04 Est., Sales $108M-$118M vs $105.76M Estl Sees FY19 Adj. EPS $0.20-$0.29 vs $0.17 Est., Sales $389M-$399M vs $385.59M Est.",5,,,,,218,35,,2019-10-28,81621.0,3.924646973609924,17.52266436815262,20.09063426568085,20.543809675344725,-0.1567433937452733,-1.5455936138534687,-2.896342330779156
24425,HARMONIC INC,"Harmonic Q3 Adj. EPS $0.25 Beats $0.21 Estimate, Sales $115.7M Beat $114.84M Estimate",5,increase,0.85,0.6,,174,35,2.0,2019-10-28,81621.0,3.924646973609924,17.52266436815262,20.09063426568085,20.543809675344725,-0.1567433937452733,-1.5455936138534687,-2.896342330779156
24433,HILTON WORLDWIDE HOLDINGS INC,"Deutsche Bank Maintains Hold on Hilton Worldwide Holdings, Lowers Price Target to $93",5,decrease,0.8,0.6,,168,35,0.0,2019-10-24,14338.0,1.190359238535166,0.8048691786825657,0.0515895252516163,2.2391874573866932,5.554935708642006,3.658401803003852,5.068562999826409
24441,HILTON WORLDWIDE HOLDINGS INC,"Barclays Maintains Equal-Weight on Hilton Worldwide Holdings, Raises Price Target to $100",5,uncertain,0.6,0.3,,169,35,1.0,2019-10-24,14338.0,1.190359238535166,0.8048691786825657,0.0515895252516163,2.2391874573866932,5.554935708642006,3.658401803003852,5.068562999826409
24449,HILTON WORLDWIDE HOLDINGS INC,"Nomura Maintains Buy on Hilton Worldwide Holdings, Lowers Price Target to $115",5,decrease,0.7,0.4,,167,35,0.0,2019-10-24,14338.0,1.190359238535166,0.8048691786825657,0.0515895252516163,2.2391874573866932,5.554935708642006,3.658401803003852,5.068562999826409
24457,HILTON WORLDWIDE HOLDINGS INC,Hilton Worldwide shares are trading higher after the company reported better-than-expected Q3 EPS and sales results.,5,increase,0.85,0.7,,171,33,2.0,2019-10-23,14338.0,5.554935708642006,1.1903592385351658,1.61846411339579,3.967842946081923,-1.7967268824577332,-0.46077685098318,-1.594353080836719
24465,HILTON WORLDWIDE HOLDINGS INC,"Hilton Worldwide Holdings Sees Q4 Adj. EPS $0.91-$0.96 vs $0.99 Est., Sees FY19 Adj. EPS $3.81-$3.86 vs $3.87 Est.",5,,,,,197,35,,2019-10-23,14338.0,5.554935708642006,1.1903592385351658,1.61846411339579,3.967842946081923,-1.7967268824577332,-0.46077685098318,-1.594353080836719
24473,HILTON WORLDWIDE HOLDINGS INC,"Hilton Worldwide Holdings Q3 Adj. EPS $1.05 Beats $1.02 Estimate, Sales $2.4B Beat $2.38B Estimate",5,increase,0.85,0.6,,183,35,2.0,2019-10-23,14338.0,5.554935708642006,1.1903592385351658,1.61846411339579,3.967842946081923,-1.7967268824577332,-0.46077685098318,-1.594353080836719
24481,HILTON WORLDWIDE HOLDINGS INC,"Wells Fargo Maintains Market Perform on Hilton Worldwide Holdings, Lowers Price Target to $95",5,decrease,0.7,0.4,,169,35,0.0,2019-10-18,14338.0,-1.138823665678501,1.3603925704956057,7.174987271626776,5.660994019656984,0.0,0.5891263950616121,0.7319984347799124
24489,HILTON WORLDWIDE HOLDINGS INC,"BMO Capital Initiates Coverage On Hilton Worldwide Holdings with Outperform Rating, Announces $104 Price Target",5,increase,0.8,0.6,,170,35,2.0,2019-10-17,14338.0,0.0,-1.1388236656785011,5.108467493846014,5.162692453225337,0.5891263950616121,0.7319984347799124,-1.31649726710521
24497,HILTON WORLDWIDE HOLDINGS INC,Hilton Worldwide shares are trading higher in sympathy with the overall market after President Trump made positive remarks on the U.S.-China trade talks. Trump is scheduled to meet with Chinese Vice Premier Liu He at the White House today.,5,increase,0.75,0.4,,194,35,2.0,2019-10-11,14338.0,2.053519524633884,-2.0336097106337547,-2.440328350347909,4.559565672755506,0.054648146033287,0.937162208152098,0.6043989448913045
24505,HONDA MOTOR LTD,'Honda Launches e:Technology Brand: Announces Accelerated EV Strategy',5,increase,0.8,0.6,,154,35,2.0,2019-10-23,59555.0,0.2629590220749378,0.5245387088507414,2.7351049260673443,3.671785205810107,-0.3742458065971732,-0.2622693755561678,-0.6716358484511131
24513,HONDA MOTOR LTD,CLSA Downgrades Honda Motor Co to Outperform,5,decrease,0.8,0.6,,151,35,0.0,2019-10-21,59555.0,0.1123970723710953,-0.3742458065971732,1.8338314322546845,3.592817961559125,-0.4104429390281439,-0.4847097849451809,-0.3360722681387207
24521,HONDA MOTOR LTD,Honda Subsidiary Acquires Startup Drivemode For Undisclosed Amount,5,increase,0.75,0.4,,155,35,2.0,2019-10-08,59555.0,-1.6028141602873798,1.787845604121685,6.396506046886885,5.760829238151777,-1.4258220791816711,-0.5829756400316133,-0.505636626675332
24529,HONDA MOTOR LTD,Honda Acquires Drivemode; Terms Not Disclosed,5,increase,0.75,0.4,,151,35,2.0,2019-10-08,59555.0,-1.6028141602873798,1.787845604121685,6.396506046886885,5.760829238151777,-1.4258220791816711,-0.5829756400316133,-0.505636626675332
24537,HORACE MANN EDUCATORS CORP NEW,Horace Mann Announces New Organizational Structure,5,uncertain,0.6,0.3,,159,35,1.0,2019-10-24,77120.0,-1.241129357367754,-0.9201073087751864,-2.2441649772291905,-2.648115354370839,-0.0443076161900535,-1.0526306172032762,0.5347545609368565
24545,H N I CORP,HNI Corp Narrows FY19 EPS From $2.50-$2.70 To $2.50-$2.60,5,decrease,0.7,0.3,,168,35,0.0,2019-10-23,42439.0,0.0522887799888849,0.7577761076390743,1.2281191954457205,3.370788832574223,1.217250805348158,2.9332619747705957,3.378378362700052
24553,H N I CORP,"HNI Q3 EPS $1.08 Beats $1.07 Estimate, Sales $625.4M Miss $640.3M Estimate",5,uncertain,0.6,0.3,,171,35,1.0,2019-10-23,42439.0,0.0522887799888849,0.7577761076390743,1.2281191954457205,3.370788832574223,1.217250805348158,2.9332619747705957,3.378378362700052
24561,HARLEY DAVIDSON INC,Leaks on Harley-Davidson Electric Bicycles Reveal New Details,5,increase,0.75,0.6,,156,35,2.0,2019-10-23,70033.0,-1.198800001293421,-2.047526091337204,1.4408485151670811,-2.578363080487367,7.982736825942993,9.488654974688115,9.100817331101396
24569,HARLEY DAVIDSON INC,Harley-Davidson Says Q4 Motorcycle Operating Margin As A Percent Of Revenue To Be A Loss Of Approximately 5.5%,5,decrease,0.85,0.7,,169,35,0.0,2019-10-22,70033.0,7.982736825942993,-1.1988000012934208,1.098897706000157,-1.473526869152364,1.394591573625803,1.0354252337210434,1.4223206753046336
24577,HARLEY DAVIDSON INC,Harley-Davidson shares are trading higher after the company reported better-than-expected Q3 EPS and sales results. The company also showed international retail sales up 2.7%.,5,increase,0.85,0.6,,179,35,2.0,2019-10-22,70033.0,7.982736825942993,-1.1988000012934208,1.098897706000157,-1.473526869152364,1.394591573625803,1.0354252337210434,1.4223206753046336
24585,HARLEY DAVIDSON INC,Harley-Davidson Trades Higher On Q3 Earnings Beat,5,increase,0.85,0.7,,155,35,2.0,2019-10-22,70033.0,7.982736825942993,-1.1988000012934208,1.098897706000157,-1.473526869152364,1.394591573625803,1.0354252337210434,1.4223206753046336
24593,HARLEY DAVIDSON INC,"Harley-Davidson International Retail Sales Up 2.7%, US Retail Sales Down 3.6%",5,uncertain,0.6,0.3,,165,35,1.0,2019-10-22,70033.0,7.982736825942993,-1.1988000012934208,1.098897706000157,-1.473526869152364,1.394591573625803,1.0354252337210434,1.4223206753046336
24601,HARLEY DAVIDSON INC,"Harley-Davidson Q3 Adj. EPS $0.70, GAAP EPS $0.55 vs $0.51 Estimate, Sales $1.97B Beat $1.04B Estimate",5,,,,,185,35,,2019-10-22,70033.0,7.982736825942993,-1.1988000012934208,1.098897706000157,-1.473526869152364,1.394591573625803,1.0354252337210434,1.4223206753046336
24609,HARLEY DAVIDSON INC,"Watching Harley-Davidson Shares As Hearing Co. Issued Statement Suggesting Has Resumed Livewire Production, Deliveries",5,increase,0.8,0.6,,167,35,2.0,2019-10-18,70033.0,-0.3542263293638825,1.394591573625803,7.711237746610244,7.547175385251204,0.38293048273772,0.7411486577385551,4.231757196485009
24617,HARLEY DAVIDSON INC,Harley-Davidson Pauses Production Of Electric Motorcycle,5,decrease,0.8,0.6,,154,35,0.0,2019-10-14,70033.0,0.3133920719847083,3.4649282693862915,5.310999112048265,14.598123878171808,3.846151754260063,5.53217154325174,5.8185119655218775
24625,HARLEY DAVIDSON INC,Harley-Davidson Spokesperson Says Does Not Have A Timeline As To When Production Of Electric Motorcycle Will Resume,5,decrease,0.8,0.6,,166,35,0.0,2019-10-14,70033.0,0.3133920719847083,3.4649282693862915,5.310999112048265,14.598123878171808,3.846151754260063,5.53217154325174,5.8185119655218775
24633,HARLEY DAVIDSON INC,UPDATE: Harley-Davidson Warns Quality Issues Were Found Related To Charging,5,decrease,0.8,0.6,,158,35,0.0,2019-10-14,70033.0,0.3133920719847083,3.4649282693862915,5.310999112048265,14.598123878171808,3.846151754260063,5.53217154325174,5.8185119655218775
24641,HARLEY DAVIDSON INC,UPDATE: Harley-Davidson Says Customers Shouldn't Use At-Home Charging Of Its Electric Motorcycles,5,decrease,0.8,0.6,,163,35,0.0,2019-10-14,70033.0,0.3133920719847083,3.4649282693862915,5.310999112048265,14.598123878171808,3.846151754260063,5.53217154325174,5.8185119655218775
24649,HARLEY DAVIDSON INC,Harley-Davidson Shares Fall As Hearing Co. Has Stopped Production Of Its Electric Motorcycle,5,decrease,0.8,0.6,,162,35,0.0,2019-10-14,70033.0,0.3133920719847083,3.4649282693862915,5.310999112048265,14.598123878171808,3.846151754260063,5.53217154325174,5.8185119655218775
24657,HARLEY DAVIDSON INC,"Wedbush Maintains Neutral on Harley-Davidson, Lowers Price Target to $33",5,decrease,0.8,0.6,,162,35,0.0,2019-10-09,70033.0,0.2713299822062254,1.6235746443271637,9.921837710055282,18.941681490601027,-2.7557972818613052,-6.2199629268169465,-5.4177405028525865
24665,HOME BANCSHARES INC,"Citigroup Maintains Buy on Home BancShares, Lowers Price Target to $21",5,uncertain,0.6,0.3,,161,35,1.0,2019-10-18,91356.0,-0.1607753802090883,2.522819302976131,-0.3757364908612004,0.9661852687729012,-0.7974461652338505,-1.0079603685422711,-2.7090196752510565e-08
24673,HOVNANIAN ENTERPRISES INC,"Buckingham Maintains Neutral on Hovnanian Enterprises, Raises Price Target to $24",5,increase,0.7,0.4,,168,35,2.0,2019-10-11,65285.0,6.864988803863525,6.638111919164658,15.03212001659282,21.970016977028205,0.3213943680748343,-3.190072332199745,9.74385052085518
24681,HELMERICH & PAYNE INC,"Morgan Stanley Maintains Underweight on Helmerich & Payne, Lowers Price Target to $45",5,decrease,0.8,0.6,,166,35,0.0,2019-10-07,32707.0,-2.793003618717194,-1.664883829653263,1.6380147790567845,3.195484616026767,-1.339171826839447,-0.4676546541145354,-2.270406562598426
24689,HUDSON PACIFIC PROPERTIES INC,Hudson Pacific Properties Raises FY19 FFO Guidance To $2.00-$2.06,5,increase,0.85,0.6,,165,35,2.0,2019-10-30,93419.0,2.489267289638519,0.2791693899780512,-0.8654421289122083,-2.791736473252826,1.7171133309602735,1.9842436402198071,1.7763558791084488
24697,HUDSON PACIFIC PROPERTIES INC,"Hudson Pacific Properties Q3 FFO $0.51 Up From $0.47 YoY, Sales $208.218M Beat $195.56M Estimate",5,increase,0.85,0.6,,180,35,2.0,2019-10-30,93419.0,2.489267289638519,0.2791693899780512,-0.8654421289122083,-2.791736473252826,1.7171133309602735,1.9842436402198071,1.7763558791084488
24705,HUDSON PACIFIC PROPERTIES INC,"Hudson Pacific Properties Reports Moody's Upgraded Rating To Baa2, Set Stable Outlook",5,increase,0.8,0.6,,164,35,2.0,2019-10-21,93419.0,1.340484898537397,-0.5878916941583157,0.999412555112067,5.967074540280537,-0.2377468859776854,0.4788980565610057,1.3893055663779077
24713,HEALTHEQUITY INC,"Goldman Sachs Initiates Coverage On HealthEquity with Neutral Rating, Announces $56 Price Target",5,uncertain,0.6,0.3,,163,35,1.0,2019-10-07,14803.0,-1.246791891753674,-2.5436297059059143,-0.6498373456591433,3.8061623144196366,0.0183424475835636,3.2954577024556064,-1.8711784881810576
24721,HERITAGE INSURANCE HOLDINGS INC,Heritage Insurance shares are trading higher after the company reported better-than-expected Q3 EPS and sales results.,5,increase,0.85,0.7,,169,33,2.0,2019-10-31,14625.0,-2.915455959737301,15.390391647815704,10.660661113804617,7.357360864060891,0.5865097045898438,1.479288451379723,0.7342171640654982
24729,HERITAGE INSURANCE HOLDINGS INC,"Heritage Insurance Hldgs Q3 EPS $0.28 May Not Compare To $0.14 Estimate, Sales $131.699M Beat $121.87M Estimate",5,increase,0.85,0.7,,184,35,2.0,2019-10-31,14625.0,-2.915455959737301,15.390391647815704,10.660661113804617,7.357360864060891,0.5865097045898438,1.479288451379723,0.7342171640654982
24737,HERON THERAPEUTICS INC,Heron Therapeutics Announces FDA Acceptance Of New Drug Application Resubmission For HTX-011 For Management Of Postoperative Pain,5,increase,0.8,0.6,,173,35,2.0,2019-10-28,11636.0,5.855627730488777,0.4291852936148643,2.7181764977644907,-1.8121086038435872,2.6956895366311073,2.962576337743994,6.591339433644583
24745,HERON THERAPEUTICS INC,Heron Announces FDA Approval of Supplemental New Drug Application To Expand CINVANTI Label For Single-Dose Regimen For Patients Receiving Moderately Emetogenic Chemotherapy,5,increase,0.85,0.7,,180,35,2.0,2019-10-22,11636.0,-2.389715425670147,3.524351492524147,13.317193812017749,14.178102365138944,3.2258130609989166,2.3655941579688644,6.666669286393412
24753,HERON THERAPEUTICS INC,Heron Therapeutics Late Thursday Priced 8.571M Shares At $17.50/Share,5,decrease,0.8,0.6,,169,35,0.0,2019-10-04,11636.0,-10.04389226436615,4.8220444470644,2.7267531084520513,5.884039058804835,3.889487311244011,10.27904546631122,4.675674533882623
24761,HERON THERAPEUTICS INC,"Heron Therapeutics Reports Offering Of Common Stock, No Size Disclosed",5,decrease,0.7,0.5,,162,35,0.0,2019-10-03,11636.0,3.889487311244011,-10.04389226436615,-8.5979810714109,-3.9504230779868865,6.150341406464577,0.7567533953491079,-4.897964164229974
24769,HERON THERAPEUTICS INC,"JMP Securities Reiterates Market Outperform on Heron Therapeutics, Lowers Price Target to $32",5,decrease,0.7,0.4,,170,35,0.0,2019-10-03,11636.0,3.889487311244011,-10.04389226436615,-8.5979810714109,-3.9504230779868865,6.150341406464577,0.7567533953491079,-4.897964164229974
24777,HERON THERAPEUTICS INC,Heron Announces Topline Results From Phase 3b Clinical Study Of HTX-011 In Total Knee Arthroplasty,5,increase,0.8,0.6,,173,35,2.0,2019-10-02,11636.0,6.150341406464577,3.889487311244011,-1.9313235669845108,-4.238192105014937,-5.081083998084068,-10.408167721655314,-6.843505896176339
24785,HERON THERAPEUTICS INC,Heron Therapeutics Resubmits New Drug Application To FDA For HTX-011 For The Management Of Postoperative Pain,5,increase,0.75,0.6,,172,35,2.0,2019-10-01,11636.0,-5.081083998084068,6.150341406464577,3.986337017913,1.5945371031938826,-5.6122466921806335,-1.856765724185783,-3.4446754772892385
24793,HORIZON TECHNOLOGY FINANCE CORP,Horizon Tech Finance Q3 EPS $0.42 Up From $0.30 YoY,5,increase,0.85,0.6,,169,35,2.0,2019-10-29,12355.0,-0.0821036810521036,1.807726174592972,2.300737376790707,3.6154444347569425,0.4122027195990085,0.6611563673440068,0.8278177310746315
24801,HORIZON TECHNOLOGY FINANCE CORP,Janney Capital Initiates Coverage On Horizon Tech Finance with Neutral Rating,5,uncertain,0.6,0.2,,163,35,1.0,2019-10-29,12355.0,-0.0821036810521036,1.807726174592972,2.300737376790707,3.6154444347569425,0.4122027195990085,0.6611563673440068,0.8278177310746315
24809,HORIZON TECHNOLOGY FINANCE CORP,Horizon Technology Offers Q3 Portfolio Update: Originated $46.6M In New Loans,5,increase,0.75,0.4,,169,35,2.0,2019-10-09,12355.0,-0.1692005433142185,0.0847477000206708,1.6101659324959885,3.2281244987730107,-0.1689227879978716,-0.1689227879978716,0.254450669162809
24817,H S B C HOLDINGS PLC,HSBC shares are trading lower after the company reported worse-than-expected Q3 financial results.,5,decrease,0.85,0.7,,164,34,0.0,2019-10-28,87033.0,-3.618421778082849,-0.3150405129417777,1.1289059946099522,-0.9976399802135272,0.152056198567152,0.4065036805155575,0.7906181724257166
24825,H S B C HOLDINGS PLC,HSBC Reports 18% Drop in Earnings,5,decrease,0.85,0.7,,155,35,0.0,2019-10-28,87033.0,-3.618421778082849,-0.3150405129417777,1.1289059946099522,-0.9976399802135272,0.152056198567152,0.4065036805155575,0.7906181724257166
24833,H S B C HOLDINGS PLC,Markets Across Asia Pacific Rise Amid US-China Good News,5,increase,0.8,0.6,,156,35,2.0,2019-10-28,87033.0,-3.618421778082849,-0.3150405129417777,1.1289059946099522,-0.9976399802135272,0.152056198567152,0.4065036805155575,0.7906181724257166
24841,H S B C HOLDINGS PLC,HSBC Hires Lazard For Sale Of Its French Retail Unit,5,increase,0.75,0.6,,159,35,2.0,2019-10-15,87033.0,0.9414141997694968,0.1554439775645733,1.5803125369287851,-1.632117272188338,0.1047144411131739,3.6314366778344542,4.950334650845556
24849,SCHEIN HENRY INC,Henry Schein Earlier Announced Adding $400M To Buyback,5,increase,0.8,0.6,,159,35,2.0,2019-10-31,82581.0,-0.342356925830245,1.1424465104937551,9.83462309763219,8.939843865567543,-0.5069703795015812,1.094656005739414,0.8835329084159849
24857,SCHEIN HENRY INC,"Henry Schein Announces it was Dismissed as a Defendant from Summit Country, Ohio's Opioid Litigation; Henry Schein to Donate $1M Toward Opioid Addiction and Pay $250K of Summit County's Legal Fees",5,increase,0.8,0.4,,194,35,2.0,2019-10-21,82581.0,0.1432895194739103,-0.6518280599266291,-1.2400676164292856,4.499208010272415,-1.1644341051578522,0.576462135041611,1.5685660280416291
24865,SCHEIN HENRY INC,Henry Schein Reports US FTC Judge Dismissed Claims Against Co.,5,increase,0.8,0.6,,159,35,2.0,2019-10-16,82581.0,0.986417569220066,1.761406660079956,1.281023572047291,0.5604459607901457,0.7822678424417973,-1.7476937364156453,-0.8656634165112087
24873,SCHEIN HENRY INC,'Administrative Law Judge Partially Rules in Favor of FTC's Complaint that Dental Products Distributors Conspired Not to Provide Discounts to Buying Groups' -FTC,5,decrease,0.8,0.6,,176,35,0.0,2019-10-16,82581.0,0.986417569220066,1.761406660079956,1.281023572047291,0.5604459607901457,0.7822678424417973,-1.7476937364156453,-0.8656634165112087
24881,HEIDRICK & STRUGGLES INTL INC,"Credit Suisse Maintains Neutral on Heidrick & Struggles Intl, Lowers Price Target to $31",5,decrease,0.8,0.6,,178,35,0.0,2019-10-29,86827.0,0.970875471830368,2.4928802624344826,8.475780403425581,8.086357951659107,0.3608819330111146,0.6514669168116605,-0.7494681880181875
24889,HEIDRICK & STRUGGLES INTL INC,Heidrick & Struggles Sees Q4 Sales $170M-$180M vs $180.5M Estimate,5,decrease,0.8,0.6,,181,35,0.0,2019-10-28,86827.0,0.3608819330111146,0.970875471830368,6.076952834413762,7.69022992454631,0.2895400859415531,-1.1063574767810835,1.131385025568887
24897,HEIDRICK & STRUGGLES INTL INC,"Heidrick & Struggles Intl Q3 Adj. EPS $0.7 Beats $0.68 Estimate, Sales $186.518M Beat $179.1M Estimate",5,increase,0.85,0.6,,193,35,2.0,2019-10-28,86827.0,0.3608819330111146,0.970875471830368,6.076952834413762,7.69022992454631,0.2895400859415531,-1.1063574767810835,1.131385025568887
24905,HEALTHSTREAM INC,HealthStream shares are trading lower after the company reported Q3 earnings results.,5,decrease,0.8,0.6,,152,35,0.0,2019-10-21,88167.0,0.7263017352670431,5.578744783997536,6.3757124854718406,4.440227825364751,-1.245752815157175,-0.342857678314501,-0.0191135220329319
24913,HEALTHSTREAM INC,"Healthstream Narrows FY19 Sales Guidance From $251M-$258M To $252M-$256M vs $255.5M Estimate, Raises Adj. Operating Income Guidance From $13.2M-$15.2M To $14.7M-$16.2M",5,increase,0.75,0.4,,196,35,2.0,2019-10-21,88167.0,0.7263017352670431,5.578744783997536,6.3757124854718406,4.440227825364751,-1.245752815157175,-0.342857678314501,-0.0191135220329319
24921,HEALTHSTREAM INC,"HealthStream Q3 EPS $0.11, Same YoY, Adj. EBITDA $11.5M, Sales $62.5M Up From $59.925M YoY",5,uncertain,0.6,0.3,,176,35,1.0,2019-10-21,88167.0,0.7263017352670431,5.578744783997536,6.3757124854718406,4.440227825364751,-1.245752815157175,-0.342857678314501,-0.0191135220329319
24929,HERSHEY CO,Hershey's Earnings: Sweet Treat Or Sour Candy?,5,,,,,151,35,,2019-10-25,16600.0,-2.090590819716454,-1.5072247013449669,-0.1674624707664551,-1.6328216153899566,-2.230987511575222,-2.2570983905768727,-4.694626017703884
24937,HERSHEY CO,"BMO Capital Maintains Market Perform on Hershey, Raises Price Target to $138",5,increase,0.7,0.3,,157,35,2.0,2019-10-25,16600.0,-2.090590819716454,-1.5072247013449669,-0.1674624707664551,-1.6328216153899566,-2.230987511575222,-2.2570983905768727,-4.694626017703884
24945,HERSHEY CO,The Hershey Company shares are trading lower after the company issued FY9 EPS guidance below analyst estimates,5,decrease,0.85,0.7,,159,25,0.0,2019-10-24,16600.0,-2.230987511575222,-2.0905908197164536,0.3415998758607319,-3.450152607351975,-0.0267067021923139,-2.519856182878333,-2.195074473322256
24953,HERSHEY CO,From Hershey Earnings Conference Call: No Longer Sees Tailwind In 2020 As Cocoa Prices Higher vs Last 2 Years,5,decrease,0.8,0.6,,166,35,0.0,2019-10-24,16600.0,-2.230987511575222,-2.0905908197164536,0.3415998758607319,-3.450152607351975,-0.0267067021923139,-2.519856182878333,-2.195074473322256
24961,HERSHEY CO,Hershey Sees FY19 Adj. EPS $5.68-$5.74 vs $5.76 Estimate,5,decrease,0.8,0.4,,164,35,0.0,2019-10-24,16600.0,-2.230987511575222,-2.0905908197164536,0.3415998758607319,-3.450152607351975,-0.0267067021923139,-2.519856182878333,-2.195074473322256
24969,HERSHEY CO,"Hershey Q3 Adj. EPS $1.61 Beats $1.6 Estimate, Sales $2.134B Beat $2.12B Estimate",5,increase,0.85,0.6,,172,35,2.0,2019-10-24,16600.0,-2.230987511575222,-2.0905908197164536,0.3415998758607319,-3.450152607351975,-0.0267067021923139,-2.519856182878333,-2.195074473322256
24977,HERSHEY CO,"RBC Capital Initiates Coverage On Hershey with Sector Perform Rating, Announces $158 Price Target",5,uncertain,0.6,0.3,,159,35,1.0,2019-10-17,16600.0,0.7919203490018845,0.2226226730272174,-4.164211869587908,-3.836836936304244,-0.6621178239583969,-2.4778001787997717,-2.4338412044612068
24985,HERSHEY CO,Hershey Announces Michele Buck Chairman of the Board,5,increase,0.7,0.3,,150,35,2.0,2019-10-14,16600.0,0.0450758641818538,-1.8277844414114952,-1.1584521640830014,-9.158199683975688,-0.6334008183330297,-0.7413585109700915,-0.6206816165534979
24993,HERSHA HOSPITALITY TRUST,"Deutsche Bank Maintains Hold on Hersha Hospitality, Lowers Price Target to $15",5,decrease,0.8,0.6,,166,35,0.0,2019-10-24,86563.0,0.0706230872310698,-0.705718994140625,-2.611149535898283,0.6351456256400434,1.5781942754983902,1.0706611477855787,4.8112482032883985
25001,HERSHA HOSPITALITY TRUST,"Wells Fargo Maintains Underperform on Hersha Hospitality, Lowers Price Target to $12.5",5,decrease,0.85,0.7,,169,35,0.0,2019-10-18,86563.0,0.0740757677704095,3.700962290167809,4.145073876140581,4.663213324055504,-3.017241880297661,-3.4334731897001314,-2.4566484100316366
25009,HOMETRUST BANCSHARES INC,HomeTrust Bancshares Q1 EPS $0.49 Up From $0.41 YoY,5,increase,0.8,0.6,,169,35,2.0,2019-10-29,13534.0,0.9153309278190136,0.982616189867258,2.0408198840786262,0.6424796389507215,-0.342075852677226,-0.3799406733069332,-0.3799406733069332
25017,HOMETRUST BANCSHARES INC,HomeTrust Bancshares Reports 889.1K Share Buyback,5,increase,0.85,0.6,,163,35,2.0,2019-10-16,13534.0,0.8313503116369247,1.845313049852848,3.3372611510829486,4.907734745882353,0.7578800898045301,7.079492547745758e-09,1.0400009413069178
25025,HERITAGE COMMERCE CORP,Heritage Commerce Q3 EPS $0.26 Down From $0.28 YoY,5,decrease,0.7,0.3,,166,35,0.0,2019-10-24,86302.0,-1.713794469833374,-0.3487354842945933,4.795119457936159,8.975738066487637,-0.4266227595508098,0.7772034531344785,1.4782615707797042
25033,HERCULES CAPITAL INC,Hercules Capital Q3 EPS $0.39 Beats $0.34 Estimate,5,increase,0.85,0.6,,161,35,2.0,2019-10-30,90731.0,0.7278048433363438,2.095375396311283,4.190750820247691,3.9345974505073262,0.218816427513957,0.6593417980253813,0.6593417980253813
25041,HILLTOP HOLDINGS INC,"Hilltop Holdings Q3 EPS $0.86 Beats $0.48 Estimate, Sales $113.211M Beat $107.33M Estimate",5,,,,,174,35,,2019-10-31,90037.0,-1.517701148986816,4.666096344590187,7.833903432411993,6.934926952790099,-2.185569889843464,-0.2103539697621781,0.721868717655938
25049,H WORLD GROUP LTD,"Huazhu Group Limited shares are trading higher. The company early Wednesday said it expects Q3 net revenue to rise 10%-55% YoY, inline with guidance. Not seeing any company-specific news from this session.",5,increase,0.75,0.4,,184,35,2.0,2019-10-17,93306.0,4.96494397521019,-1.196439377963543,3.4223696683517213,5.342243034993466,0.4989785142242908,-0.0291922148061618,-3.1126159463101155
25057,H WORLD GROUP LTD,Daiwa Capital Downgrades Huazhu Group to Sell,5,decrease,0.85,0.7,,153,35,0.0,2019-10-16,93306.0,0.4989785142242907,4.96494397521019,3.70910213124136,9.637847873016824,-0.525548355653882,-3.5936628550142236,0.6796677813412089
25065,HEARTLAND FINANCIAL USA INC,"Heartland Financial Q3 EPS $0.94 Beats $0.92 Estimate, Sales $140.721M Beat $138.55M Estimate",5,increase,0.8,0.4,,176,35,2.0,2019-10-28,89736.0,1.826087199151516,1.7292940989136696,2.9675477750320756,1.6865946063308046,1.2323974631726742,0.1960360665836935,0.3271571087368752
25073,HEARTLAND FINANCIAL USA INC,Heartland Financial Q3 EPS $0.94 Beats $0.92 Estimate,5,increase,0.8,0.3,,162,35,2.0,2019-10-28,89736.0,1.826087199151516,1.7292940989136696,2.9675477750320756,1.6865946063308046,1.2323974631726742,0.1960360665836935,0.3271571087368752
25081,HERTZ GLOBAL HOLDINGS INC NEW,"Hertz shares trading lower on no company-specific news. Shares had rallied 20% since the beginning of October, closing down just 2 days over the last 14 trading sessions.",5,decrease,0.7,0.3,,184,35,0.0,2019-10-24,16086.0,-4.676755890250206,0.4329034592956304,-2.5252485939496583,17.893221511910152,-0.0687300926074385,3.2670458624380228,5.976674137454641
25089,HUB GROUP INC,Hub Group Sees No Peak Season Coming,5,decrease,0.8,0.6,,146,35,0.0,2019-10-31,83272.0,-5.489062890410423,1.8777307122945783,8.05677433107066,9.279476423237789,-2.357449010014534,-2.5341956722290893,-3.0800017969283666
25097,HUB GROUP INC,"Hub Group Sees FY19 Adj. EPS $0.81-$0.85 vs $0.98 Est., Sees FY19 Adj. EPS $3.36-$3.40 vs $3.35 Est.",5,,,,,183,35,,2019-10-30,83272.0,-2.357449010014534,-5.489062890410423,1.3206759673336066,1.8984774428872475,-0.1810139743611216,-0.7399978591177359,1.4720940669481708
25105,HUB GROUP INC,"Hub Group Q3 Adj. EPS $0.97 Beats $0.8 Estimate, Sales $913.28M Miss $957.49M Estimate",5,uncertain,0.6,0.3,,169,35,1.0,2019-10-30,83272.0,-2.357449010014534,-5.489062890410423,1.3206759673336066,1.8984774428872475,-0.1810139743611216,-0.7399978591177359,1.4720940669481708
25113,HUB GROUP INC,M&A Bankers Are Looking For Amazon-Proof Logistics Businesses,5,increase,0.8,0.6,,150,35,2.0,2019-10-22,83272.0,1.925832033157349,-0.7638212293386459,-0.2412039420442657,-0.0200967962086684,-0.7725091651082039,0.7846398988632375,0.5355348612064548
25121,HUB GROUP INC,"JP Morgan Upgrades Hub Group to Overweight, Raises Price Target to $60",5,increase,0.85,0.7,,154,35,2.0,2019-10-04,83272.0,3.304348886013031,0.1893942593596875,-0.5681827222560387,3.5143060751239297,0.2178615890443325,1.905185195284864,-1.075268866516499
25129,HUMANA INC,"UPDATE: Mizuho On Humana Also Notes Co's 'potential market share gains in Medicaid, diversification into healthcare services'; Notes 'Medicare Advantage accounts for roughly 24% of HUM's total medical membership, versus the peer group average of 8%'",5,increase,0.85,0.7,,190,35,2.0,2019-10-18,48653.0,1.316991169005632,-0.7294530048966408,-0.4044850399435584,2.3992263983873885,3.6786887794733047,3.2027129753196215,8.143939446486769
25137,HUMANA INC,"UPDATE: Mizuho Initiates Humana With Buy, $316 Tgt As Firm Thinks Co's 'long-term earnings visibility is high given the underlying market growth, its leading market position in Medicare, growth and margin expansion potential in Medicare Advantage'",5,increase,0.85,0.7,,188,35,2.0,2019-10-18,48653.0,1.316991169005632,-0.7294530048966408,-0.4044850399435584,2.3992263983873885,3.6786887794733047,3.2027129753196215,8.143939446486769
25145,HUMANA INC,"Mizuho Initiates Coverage On Humana with Buy Rating, Announces $316 Price Target",5,increase,0.85,0.7,,156,35,2.0,2019-10-18,48653.0,1.316991169005632,-0.7294530048966408,-0.4044850399435584,2.3992263983873885,3.6786887794733047,3.2027129753196215,8.143939446486769
25153,HUMANA INC,Humana shares are trading higher. Not seeing any news to justify the price action.,5,uncertain,0.6,0.3,,154,35,1.0,2019-10-17,48653.0,3.6786887794733047,1.3169911690056324,0.3887864355923698,3.047289750814919,-0.4590874072164297,4.306816299067173,3.421462043677681
25161,HUMANA INC,Humana Reports Will Provide Medicare Advantage Plans To Florida's State Retirees,5,increase,0.85,0.7,,153,35,2.0,2019-10-14,48653.0,-0.848798081278801,4.787884280085564,8.768937156696467,9.609846676870148,1.9567359238862991,4.909380091002413,5.170443489883669
25169,HUMANA INC,Humana shares are trading higher after the company announced it has expanded its existing partnership with Accolade that includes a $20 million strategic investment from Humana.,5,increase,0.85,0.6,,169,35,2.0,2019-10-10,48653.0,2.895977534353733,1.9567359238862991,9.324145733640998,9.749183183080625,0.2488465746864676,-0.5641758477932357,-0.8826035221240813
25177,HUMANA INC,"Humana Reports Expanded Partnership with Accolade, Includes $20M Strategic Investment From Humana",5,increase,0.8,0.6,,157,35,2.0,2019-10-10,48653.0,2.895977534353733,1.9567359238862991,9.324145733640998,9.749183183080625,0.2488465746864676,-0.5641758477932357,-0.8826035221240813
25185,HUMANA INC,Humana To Expand Health Plan Choices For Medicare Beneficiaries In New Jersey; Will Offer Coverage In Total Of 13 Counties,5,increase,0.8,0.6,,163,35,2.0,2019-10-02,48653.0,0.4363553132861852,-0.7554142735898495,-0.661475027292191,7.781122146851827,-0.5045540165156126,-1.2461630894067044,-3.408935215322817
25193,HUNTSMAN CORP,Huntsman shares are trading lower after the company reported worse-than-expected Q3 EPS and sales results.,5,decrease,0.85,0.7,,165,25,0.0,2019-10-25,90558.0,-0.9361673146486282,-2.4484604597091675,-1.8470804196923816,0.8591015141711011,0.8583723567426205,0.7286758152162065,1.0752687778067038
25201,HUNTSMAN CORP,"Huntsman Q3 Adj. EPS $0.41 Misses $0.44 Estimate, Sales $1.687B Miss $1.8B Estimate",5,decrease,0.8,0.6,,177,35,0.0,2019-10-25,90558.0,-0.9361673146486282,-2.4484604597091675,-1.8470804196923816,0.8591015141711011,0.8583723567426205,0.7286758152162065,1.0752687778067038
25209,HUNTSMAN CORP,"Wells Fargo Initiates Coverage On Huntsman with Outperform Rating, Announces $28 Price Target",5,increase,0.85,0.6,,163,35,2.0,2019-10-16,90558.0,-0.9130395017564296,0.0438715273048728,2.2378162243448907,-1.1847321289606971,1.3215824961662292,-1.7933392809903914,4.261108719643691
25217,HUNTSMAN CORP,"Citigroup Maintains Neutral on Huntsman, Raises Price Target to $23",5,uncertain,0.6,0.3,,159,35,1.0,2019-10-09,90558.0,0.6520787253975868,2.0823638886213303,5.460436328758478,7.820447083188364,-2.0082179456949234,-2.9823763846420603,-3.3753377524323502
25225,HUNTSMAN CORP,"UBS Maintains Buy on Huntsman, Raises Price Target to $28",5,increase,0.8,0.6,,159,35,2.0,2019-10-02,90558.0,-1.959032192826271,0.908259954303503,-1.8619431100585728,3.4968230006974466,-3.4393858164548874,-1.9642111339820412,-2.390270064598621
25233,HURON CONSULTING GROUP INC,"Benchmark Maintains Buy on Huron Consulting Group, Raises Price Target to $70",5,increase,0.8,0.6,,162,35,2.0,2019-10-30,90409.0,10.08277535438538,-0.5263926461338997,1.8348642858025732,-0.4662317772690993,-0.4122011363506317,1.2403649353880386,1.6492821023661008
25241,HURON CONSULTING GROUP INC,Huron Sees FY19 Sales $850M-$865M,5,increase,0.75,0.6,,159,35,2.0,2019-10-29,90409.0,-0.4122011363506317,10.082775354385376,11.341057026326794,9.867548208980548,1.6594061627984047,2.0700158676458136,2.953660998637764
25249,HURON CONSULTING GROUP INC,"Huron Consulting Group Q3 EPS $0.79 Beats $0.65 Estimate, Sales $242.925M Beat $211.58M Estimate",5,increase,0.85,0.7,,177,35,2.0,2019-10-29,90409.0,-0.4122011363506317,10.082775354385376,11.341057026326794,9.867548208980548,1.6594061627984047,2.0700158676458136,2.953660998637764
25257,HAVERTY FURNITURE COS INC,Haverty Furniture Companies shares are trading lower after the company reported worse-than-expected Q3 EPS and sales results.,5,decrease,0.85,0.7,,173,25,0.0,2019-10-30,41217.0,0.9425107389688492,-15.312795341014862,-9.66386465642085,-7.236224833849492,0.6164018996059895,2.0682942813081917,1.9212277923146728
25265,HAVERTY FURNITURE COS INC,"Haverty Furniture Cos Q3 EPS $0.31 Misses $0.39 Estimate, Sales $209.32M Miss $212.06M Estimate",5,decrease,0.85,0.6,,183,35,0.0,2019-10-30,41217.0,0.9425107389688492,-15.312795341014862,-9.66386465642085,-7.236224833849492,0.6164018996059895,2.0682942813081917,1.9212277923146728
25273,HAWTHORN BANCSHARES INC,Hawthorn Bancshares Q3 EPS $0.61 vs $0.49 YoY,5,increase,0.85,0.6,,169,35,2.0,2019-10-30,88341.0,-0.0851808290462941,2.3017942905426025,1.7902817554659831,4.219956342777276,-0.5927234888076782,-0.1700719152916141,-1.3445365668720566
25281,HAWKINS INC,"Hawkins Q2 EPS $0.87 Up From $0.69 YoY, Sales $140.043M Down From $145.324M YoY",5,,,,,176,35,,2019-10-30,41241.0,0.4623962566256523,3.561049699783325,7.3158929065311185,4.1908906187674955,1.8339570611715317,3.1116729683349664,3.501257715226802
25289,HEXCEL CORP NEW,"Credit Suisse Maintains Neutral on Hexcel, Lowers Price Target to $78",5,decrease,0.7,0.4,,158,35,0.0,2019-10-23,61567.0,-1.9050071015954024,0.4045790992677212,0.7822006993482233,4.553225119781379,1.1102115735411644,-0.761456982681763,-1.4728946653251862
25297,HEXCEL CORP NEW,Hexcel Corporation shares are trading lower after the company reported worse-than-expected Q3 sales results. The company also cut FY19 sales guidance below analyst estimates and reaffirmed EPS guidance below analyst estimates.,5,decrease,0.85,0.7,,181,35,0.0,2019-10-21,61567.0,-1.851117238402367,1.1102115735411644,-0.8293240986324113,1.0053965989407443,-0.716896541416645,0.2368737272424814,-0.7815532671134329
25305,HEXCEL CORP NEW,Hexcel Corporation Cuts FY19 Sales Guidance From $2.375B-$2.475B To $2.34B-$2.40B vs $2.43B Est.; Reaffirms Adj. EPS Guidance Of $3.43-$3.53 vs $3.54 Est.,5,decrease,0.8,0.4,,202,35,0.0,2019-10-21,61567.0,-1.851117238402367,1.1102115735411644,-0.8293240986324113,1.0053965989407443,-0.716896541416645,0.2368737272424814,-0.7815532671134329
25313,HEXCEL CORP NEW,"Hexcel Q3 Adj. EPS $0.9 Beats $0.88 Estimate, Sales $572.5M Miss $599.42M Estimate",5,uncertain,0.6,0.3,,173,35,1.0,2019-10-21,61567.0,-1.851117238402367,1.1102115735411644,-0.8293240986324113,1.0053965989407443,-0.716896541416645,0.2368737272424814,-0.7815532671134329
25321,HEXCEL CORP NEW,Hexcel Q3 Earnings Preview,5,uncertain,0.5,0.3,,148,35,1.0,2019-10-21,61567.0,-1.851117238402367,1.1102115735411644,-0.8293240986324113,1.0053965989407443,-0.716896541416645,0.2368737272424814,-0.7815532671134329
25329,HEXCEL CORP NEW,"Wells Fargo Initiates Coverage On Hexcel with Market Perform Rating, Announces $85 Price Target",5,uncertain,0.6,0.3,,161,35,1.0,2019-10-16,61567.0,-1.0160203091800208,0.960657186806202,-2.4213663398491514,-1.6581055849450133,-0.8139598183333874,-1.0185675129079197,-0.6342292249758352
25337,HYSTER YALE MATERIALS HANDLG INC,"Hyster-Yale Materials Q3 EPS $0.76 Misses $0.8 Estimate, Sales $760M Miss $857.9M Estimate",5,decrease,0.85,0.7,,183,35,0.0,2019-10-29,13577.0,0.4403590690344572,-1.5249699354171753,8.215786067050622,10.75104718390103,1.3191082514822483,2.895983580604944,0.8106508188001627
25345,HORIZON THERAPEUTICS PLC,"Horizon Therapeutics Reports Data From Phase 2, Phase 3 Trial Of Teprotumumab For Treatment Of Active Thyroid Eye Disease vs Placebo",5,increase,0.85,0.7,,181,35,2.0,2019-10-31,12919.0,-0.7552328053861855,2.127290889620781,2.5596672312415025,3.1131084238880335,-0.1713541569188237,0.0686999327051074,2.462183829444431
25353,HORIZON THERAPEUTICS PLC,Horizon Therapeutics To Present New Combined Data From Phase 2 And Phase 3 Teprotumumab Clinical Trials At  American Thyroid Association Annual Meeting,5,increase,0.8,0.6,,181,35,2.0,2019-10-24,12919.0,1.9128618761897092,-1.1817870661616323,0.486615967364723,3.058738948064854,2.5054415687918663,1.9133529330375152,3.0291968022686744
25361,HORIZON THERAPEUTICS PLC,Horizon Therapeutics Initiates PROTECT Trial Evaluating KRYSTEXXA To Improve Management Of Uncontrolled Gout For Adults With Kidney Transplant,5,increase,0.8,0.6,,179,35,2.0,2019-10-17,12919.0,-0.4195833578705787,-3.792134672403336,1.0182615083472513,1.5098324988011005,1.43642732873559,4.838708567099936,5.691060543764426
25369,MARINEMAX INC,Longbow Research Downgrades MarineMax to Neutral,5,decrease,0.8,0.6,,152,35,0.0,2019-10-30,86128.0,-15.46900570392609,0.2595714526250958,9.474374021605223,5.905255452397418,0.3854608861729502,4.171425910879001,5.072041143677941
25377,MARINEMAX INC,MarineMax Sees FY20 EPS $1.58-$1.68 vs $1.64 Est.,5,uncertain,0.6,0.3,,163,35,1.0,2019-10-29,86128.0,0.3854608861729503,-15.469005703926086,-7.789358488589615,-8.88644502532162,3.771427646279335,4.668584689588751,5.950994733869797
25385,MARINEMAX INC,"MarineMax Q4 EPS $0.38 Down From $0.45 YoY, Sales $308.1M Down From $308.591M YoY",5,decrease,0.75,0.4,,175,35,0.0,2019-10-29,86128.0,0.3854608861729503,-15.469005703926086,-7.789358488589615,-8.88644502532162,3.771427646279335,4.668584689588751,5.950994733869797
25393,INTEGRA LIFESCIENCES HLDNGS CORP,Integra Lifesciences shares are trading lower after the company narrowed its FY19 sales guidance to the lower end of analyst estimates.,5,decrease,0.85,0.6,,187,35,0.0,2019-10-24,82179.0,-7.352208346128464,-0.3932103980332613,3.7712252644681583,3.610367039570628,0.2656480995938182,-2.2499181815379465,-3.3605413558024377
25401,INTEGRA LIFESCIENCES HLDNGS CORP,Integra Reaffirms FY19 Adj. EPS Guidance $2.70-$2.75,5,uncertain,0.6,0.3,,181,35,1.0,2019-10-24,82179.0,-7.352208346128464,-0.3932103980332613,3.7712252644681583,3.610367039570628,0.2656480995938182,-2.2499181815379465,-3.3605413558024377
25409,INTEGRA LIFESCIENCES HLDNGS CORP,"Integra Lifesciences Q3 Adj. EPS $0.68 Beats $0.65 Estimate, Sales $379.095M Beat $376.69M Estimate",5,increase,0.8,0.6,,196,35,2.0,2019-10-24,82179.0,-7.352208346128464,-0.3932103980332613,3.7712252644681583,3.610367039570628,0.2656480995938182,-2.2499181815379465,-3.3605413558024377
25417,INTEGRA LIFESCIENCES HLDNGS CORP,"Wells Fargo Maintains Market Perform on Integra Lifesciences, Lowers Price Target to $65",5,decrease,0.8,0.6,,183,35,0.0,2019-10-08,82179.0,-2.638654969632626,0.8458447642624378,6.7667843427261065,3.970307544751317,-0.9983335621654988,0.1346379648519802,1.5531658861583253
25425,ISHARES TRUST,Dept. Of Justice Says 2 Charities Will Pay $6M To Resolve Claims They Enabled Drugmakers To Pay Kickbacks,5,uncertain,0.4,0.2,,165,35,1.0,2019-10-25,88893.0,-0.1418588333763182,1.3353572227060797,4.034475155754591,4.517477515995583,0.0946596672292798,0.4178488139874092,2.085340782478462
25433,INDEPENDENT BANK CORP MICH,Independent Bank Q3 EPS $0.55 Beats $0.51 Estimate,5,increase,0.8,0.6,,163,35,2.0,2019-10-24,88912.0,1.039319764822721,1.7889069393277168,0.6708389910444534,2.2235563104218814,0.8659918792545795,2.596195883937824,4.043247154322027
25441,IBIO INC,IBio shares are trading lower after the company announced the pricing of an underwritten public offering with expected total gross proceeds of approximately $5 million.,5,decrease,0.85,0.7,,166,35,0.0,2019-10-25,12527.0,-43.25858056545258,-9.52380746603012,-21.428565446846015,-27.19047571867851,-22.067806124687195,-35.69070614716865,-25.980001303468192
25449,IBIO INC,iBio Prices $5M Offering,5,decrease,0.8,0.6,,145,35,0.0,2019-10-25,12527.0,-43.25858056545258,-9.52380746603012,-21.428565446846015,-27.19047571867851,-22.067806124687195,-35.69070614716865,-25.980001303468192
25457,IBIO INC,iBio shares are trading lower after the company reported a notice of noncompliance notice from NYSE American.,5,decrease,0.85,0.7,,159,35,0.0,2019-10-22,12527.0,15.10000228881836,-17.480452358722687,-70.44309335752072,-70.46046983247169,-3.938521444797516,0.6643870900937765,20.45290007558476
25465,IBIO INC,iBio Reported Notice Of Noncompliance Notice From NYSE American,5,decrease,0.85,0.7,,152,35,0.0,2019-10-22,12527.0,15.10000228881836,-17.480452358722687,-70.44309335752072,-70.46046983247169,-3.938521444797516,0.6643870900937765,20.45290007558476
25473,INTERACTIVE BROKERS GROUP INC,Interactive Brokers shares are trading lower after the company reported worse-than-expected Q3 EPS and sales results.,5,decrease,0.85,0.7,,166,25,0.0,2019-10-15,92043.0,0.8503352291882038,-2.8246209025382996,-3.204048212035271,1.3279955494345907,-1.8363883718848228,-0.5707048937115822,3.498350098165215
25481,INTERACTIVE BROKERS GROUP INC,"Interactive Brokers Group Q3 EPS $0.45 Misses $0.52 Estimate, Sales $466M Miss $492.65M Estimate",5,decrease,0.8,0.6,,175,35,0.0,2019-10-15,92043.0,0.8503352291882038,-2.8246209025382996,-3.204048212035271,1.3279955494345907,-1.8363883718848228,-0.5707048937115822,3.498350098165215
25489,INTERACTIVE BROKERS GROUP INC,Interactive Brokers Group' Q3 Earnings Outlook,5,uncertain,0.6,0.3,,154,35,1.0,2019-10-15,92043.0,0.8503352291882038,-2.8246209025382996,-3.204048212035271,1.3279955494345907,-1.8363883718848228,-0.5707048937115822,3.498350098165215
25497,INTERACTIVE BROKERS GROUP INC,"Compass Point Upgrades Interactive Brokers Group to Buy, Announces $56 Price Target",5,increase,0.85,0.7,,161,35,2.0,2019-10-02,92043.0,-2.90435329079628,-0.8772876113653183,-3.9213602464714943,-2.5473031156683645,-9.408697485923769,-8.746952701254907,-5.416418110649102
25505,INTERACTIVE BROKERS GROUP INC,"Interactive Brokers Reports Sep. Daily Average Revenue Trades 842K, Up 4% Year Over Year",5,increase,0.75,0.4,,166,35,2.0,2019-10-01,92043.0,-9.408697485923769,-2.90435329079628,-6.773405057956305,-2.6272630431410926,0.730472756549716,4.406912434727772,3.962882912263521
25513,INTERNATIONAL BUSINESS MACHS COR,"IBM Says Co, Samsung Electronics Announce New Joint Platform Leveraging Ibm Cloud And AI Capabilities, And Samsung's Mobile Offerings; Platform Will Help Clients Track Worker's Vitals, Including Heart Rate And Physical Activity",5,increase,0.8,0.6,,186,35,2.0,2019-10-29,12490.0,-1.5812266618013378,1.0685941204428673,3.0413927354678405,2.514781776519226,0.3913162741810083,1.417165516539498,1.183209021435272
25521,INTERNATIONAL BUSINESS MACHS COR,UBS Downgrades IBM On Expectations Of Continued Transactional Business Pressures,5,decrease,0.85,0.6,,157,35,0.0,2019-10-21,12490.0,-1.12610524520278,1.040884666144848,2.5569462743228577,3.8391885653903617,-0.1266186358407139,-5.643518710864548,-6.230771954754855
25529,INTERNATIONAL BUSINESS MACHS COR,"UPDATE: UBS Downgrades IBM To Neutral, Lowers Target To $140 Because Firm Believes 'it will be difficult for the company to achieve sustainable mid-single digit revenue growth'",5,decrease,0.85,0.6,,178,35,0.0,2019-10-21,12490.0,-1.12610524520278,1.040884666144848,2.5569462743228577,3.8391885653903617,-0.1266186358407139,-5.643518710864548,-6.230771954754855
25537,INTERNATIONAL BUSINESS MACHS COR,"UBS Downgrades IBM to Neutral, Lowers Price Target to $140",5,decrease,0.85,0.6,,158,25,0.0,2019-10-21,12490.0,-1.12610524520278,1.040884666144848,2.5569462743228577,3.8391885653903617,-0.1266186358407139,-5.643518710864548,-6.230771954754855
25545,INTERNATIONAL BUSINESS MACHS COR,Global Container Terminals Joins IBM-Maersk Blockchain Group,5,increase,0.8,0.6,,155,35,2.0,2019-10-18,12490.0,-0.126618635840714,-1.1261052452027798,1.0067911113611716,1.0739074576259444,-5.523894354701042,-6.111892113332107,-5.477329891029181
25553,INTERNATIONAL BUSINESS MACHS COR,"IBM 8-K Shows Speech Execs Gave During Q3 Earnings Conference Call, Text Included Q4 Guidance: Total Sales Increase Between $3.5B-$3.7B",5,increase,0.8,0.6,,179,35,2.0,2019-10-17,12490.0,-5.523894354701042,-0.1266186358407139,-0.1415068953883103,-0.3947554998797176,-0.6223772186785936,0.0492870269723999,-0.4553053661112471
25561,INTERNATIONAL BUSINESS MACHS COR,Wall Street Reacts To IBM's Weak Quarter,5,decrease,0.85,0.7,,151,35,0.0,2019-10-17,12490.0,-5.523894354701042,-0.1266186358407139,-0.1415068953883103,-0.3947554998797176,-0.6223772186785936,0.0492870269723999,-0.4553053661112471
25569,INTERNATIONAL BUSINESS MACHS COR,"UPDATE: Wedbush Maintains Neutral On IBM, Lowers Target To $155 As Firm Notes 'The bottom line, IBM's massive $34B acquisition of Red Had is yet to provide a positive catalyst/trigger for IBM's overall top line growth'",5,decrease,0.8,0.6,,193,35,0.0,2019-10-17,12490.0,-5.523894354701042,-0.1266186358407139,-0.1415068953883103,-0.3947554998797176,-0.6223772186785936,0.0492870269723999,-0.4553053661112471
25577,INTERNATIONAL BUSINESS MACHS COR,"UPDATE: Nomura Maintains Buy On IBM, Lowers Target To $170 As Firm Notes Co's 'GTS outsourcing unit fared materially worse in 3Q, which drags our 4Q and 2020 estimates lower. These negatives are partially balanced by a RHT acceleration'",5,decrease,0.7,0.4,,201,35,0.0,2019-10-17,12490.0,-5.523894354701042,-0.1266186358407139,-0.1415068953883103,-0.3947554998797176,-0.6223772186785936,0.0492870269723999,-0.4553053661112471
25585,INTERNATIONAL BUSINESS MACHS COR,"Wells Fargo Maintains Market Perform on IBM, Lowers Price Target to $140",5,decrease,0.8,0.6,,159,35,0.0,2019-10-17,12490.0,-5.523894354701042,-0.1266186358407139,-0.1415068953883103,-0.3947554998797176,-0.6223772186785936,0.0492870269723999,-0.4553053661112471
25593,INTERNATIONAL BUSINESS MACHS COR,IBM Stock Slides After Revenue Miss,5,decrease,0.85,0.7,,148,35,0.0,2019-10-17,12490.0,-5.523894354701042,-0.1266186358407139,-0.1415068953883103,-0.3947554998797176,-0.6223772186785936,0.0492870269723999,-0.4553053661112471
25601,INTERNATIONAL BUSINESS MACHS COR,"BMO Capital Maintains Market Perform on IBM, Lowers Price Target to $152",5,decrease,0.8,0.4,,159,35,0.0,2019-10-17,12490.0,-5.523894354701042,-0.1266186358407139,-0.1415068953883103,-0.3947554998797176,-0.6223772186785936,0.0492870269723999,-0.4553053661112471
25609,INTERNATIONAL BUSINESS MACHS COR,"Wedbush Maintains Neutral on IBM, Lowers Price Target to $155",5,decrease,0.75,0.4,,158,35,0.0,2019-10-17,12490.0,-5.523894354701042,-0.1266186358407139,-0.1415068953883103,-0.3947554998797176,-0.6223772186785936,0.0492870269723999,-0.4553053661112471
25617,INTERNATIONAL BUSINESS MACHS COR,"Nomura Maintains Buy on IBM, Lowers Price Target to $170",5,decrease,0.7,0.3,,157,35,0.0,2019-10-17,12490.0,-5.523894354701042,-0.1266186358407139,-0.1415068953883103,-0.3947554998797176,-0.6223772186785936,0.0492870269723999,-0.4553053661112471
25625,INTERNATIONAL BUSINESS MACHS COR,IBM shares are trading lower after the company reported worse-than-expected Q3 sales results. The company reaffirmed FY19 EPS guidance below analyst estimates.,5,decrease,0.85,0.7,,171,30,0.0,2019-10-17,12490.0,-5.523894354701042,-0.1266186358407139,-0.1415068953883103,-0.3947554998797176,-0.6223772186785936,0.0492870269723999,-0.4553053661112471
25633,INTERNATIONAL BUSINESS MACHS COR,IBM Shares Fall After Q3 Sales Miss,5,decrease,0.85,0.6,,150,25,0.0,2019-10-16,12490.0,-0.6223772186785936,-5.523894354701042,-5.439445392414877,-4.827246986413947,0.6758707109838724,0.1681181818315114,1.32501600152386
25641,INTERNATIONAL BUSINESS MACHS COR,International Business Machines Corporation shares are trading lower after the company reported worse-than-expected Q3 sales results. The company reaffirmed FY19 EPS guidance below analyst estimates.,5,,,,,174,35,,2019-10-16,12490.0,-0.6223772186785936,-5.523894354701042,-5.439445392414877,-4.827246986413947,0.6758707109838724,0.1681181818315114,1.32501600152386
25649,INTERNATIONAL BUSINESS MACHS COR,"IBM Reaffirms FY19 Guidance: Adj. EPS At Least $12.80 vs $12.81 Estimate, Free Cash Flow ~$12B",5,uncertain,0.6,0.2,,172,35,1.0,2019-10-16,12490.0,-0.6223772186785936,-5.523894354701042,-5.439445392414877,-4.827246986413947,0.6758707109838724,0.1681181818315114,1.32501600152386
25657,INTERNATIONAL BUSINESS MACHS COR,"IBM Q3 Adj. EPS $2.68 Beats $2.67 Estimate, Sales $18.03B Miss $18.22B Estimate",5,decrease,0.7,0.4,,172,35,0.0,2019-10-16,12490.0,-0.6223772186785936,-5.523894354701042,-5.439445392414877,-4.827246986413947,0.6758707109838724,0.1681181818315114,1.32501600152386
25665,INTERNATIONAL BUSINESS MACHS COR,"Greening The Supply Chain: More Carrot, Less Stick",5,increase,0.75,0.6,,154,35,2.0,2019-10-07,12490.0,-1.1958925053477292,-2.0526571199297905,0.5379349877934425,-6.157982159961318,0.6830032449215651,0.917498089215818,-0.4663776754557203
25673,I C I C I BANK LTD,ICICI Bank shares are trading higher on seemingly no company-specific news.,5,increase,0.7,0.3,,159,35,2.0,2019-10-22,87662.0,2.866506017744541,1.2738840654492378,5.971337412530686,4.378974719347006,0.3286767518147826,0.6595211999934181,0.5766037176581085
25681,I C I C I BANK LTD,ICICI Bank Option Alert: Nov 15 $12 Calls Sweep (37) near the Ask: 1460 @ $0.531 vs 1878 OI; Earnings 11/1 Before Open [est] Ref=$12.205,5,uncertain,0.6,0.3,,196,35,1.0,2019-10-21,87662.0,0.3286767518147826,2.866506017744541,7.534808243050106,8.35380436282842,0.3297606017440557,0.2471147570864751,0.9958496567219476
25689,INDEPENDENT BANK GROUP INC,Independent Bank Gr Q3 Adj. EPS $1.35 Beats $1.34 Estimate,5,increase,0.7,0.3,,162,35,2.0,2019-10-21,13877.0,1.8648898229002948,-1.9615154713392255,2.073604895355752,4.385926917994598,1.683434471487999,1.9794304083975869,1.6834344604987006
25697,INDEPENDENT BANK GROUP INC,"SunTrust Robinson Humphrey Maintains Hold on Independent Bank Gr, Lowers Price Target to $60",5,decrease,0.75,0.4,,164,35,0.0,2019-10-03,13877.0,-0.8453384041786194,0.736293476074934,-2.325132208636171,0.1356321325766352,-0.5540712736546993,-1.0644389826673706,-1.2895890327991433
25705,INDEPENDENT BANK GROUP INC,"Great Western Bancorp Reports Purchase Of Trust Assets Of Independent Bank, No Terms Disclosed",5,uncertain,0.6,0.3,,161,35,1.0,2019-10-01,13877.0,-0.513211265206337,-0.5540712736546993,-3.7065315417795897,-1.260985453805441,-0.227572419680655,0.4486885247912964,-1.0159941661264438
25713,ICAD INC,"icad Q3 EPS $(0.1) Down From $(0.06) YoY, Sales $7.857M Up From $6.192M YoY",5,uncertain,0.6,0.3,,173,35,1.0,2019-10-30,88779.0,-7.26783275604248,-0.4354097880423069,2.7576203254243703,-0.5805513803936013,-0.5354747176170349,-2.236843036680236,-3.631649790862268
25721,ICAD INC,"icad Q3 Adj. EPS $(0.10) Down From $(0.06) YoY, Sales $7.857M Up From $6.192M YoY",5,uncertain,0.6,0.3,,175,35,1.0,2019-10-30,88779.0,-7.26783275604248,-0.4354097880423069,2.7576203254243703,-0.5805513803936013,-0.5354747176170349,-2.236843036680236,-3.631649790862268
25729,INDEPENDENCE CONTRACT DRILLING,"Independence Contract Q3 Adj. EPS $(0.10), Inline, Sales $45.073M Beat $44.57M Estimate",5,uncertain,0.6,0.3,,175,35,1.0,2019-10-31,14852.0,6.868397444486618,3.1011225655674934,5.29213568162874,-1.9325835758775225,-6.416457891464233,-3.8448267194723384,8.155842934355274
25737,INDEPENDENCE CONTRACT DRILLING,Independence Contract Sees Q3 EPS $(0.11)-(0.10) vs $(0.08) Est,5,decrease,0.8,0.6,,171,35,0.0,2019-10-14,14852.0,14.15373086929321,-1.2409626506268978,-9.992445012406614,-6.539331235931678,-8.909335732460022,-18.81999945748216,-10.791210488103008
25745,INDEPENDENCE CONTRACT DRILLING,"Morgan Stanley Maintains Equal-Weight on Independence Contract, Lowers Price Target to $2",5,decrease,0.8,0.6,,164,35,0.0,2019-10-07,14852.0,2.752290852367878,-18.74999850988388,-17.25892977096616,-25.52678571627909,-1.8017999827861784,1.290257456432187e-07,-3.539819518442955
25753,INTERCONTINENTALEXCHANGE GRP INC,"Intercontinental Exchange Q3 Adj. EPS $1.06 Beats $0.96 Estimate, Sales $1.663B Beat $1.32B Estimate",5,increase,0.85,0.7,,182,35,2.0,2019-10-31,90993.0,1.2234378606081011,-1.473705843091011,-3.901611864856791,-1.219255226891358,2.0032860338687897,1.7248927696773553,1.3266650378035871
25761,INTERCONTINENTALEXCHANGE GRP INC,"Wells Fargo Maintains Market Perform on Intercontinental Exchange, Raises Price Target to $95",5,increase,0.7,0.4,,168,35,2.0,2019-10-04,90993.0,2.900932170450687,0.3829793771728873,-0.0638271512133359,0.4255335568583707,1.0173594579100609,-1.061413843390624,-0.9970719265520068
25769,I C L GROUP LTD,"ICL Updates 5-Year Supply Deal With Indian Potash, Updates Price By $10 Less/Tonne For All Shipments From Oct. 2019 To Mar. 2020",5,decrease,0.7,0.4,,179,35,0.0,2019-10-30,14919.0,-1.548676379024982,-0.674151349812746,4.269664399750961,6.516853532357936,-1.739128865301609,-1.9522809670136645,-1.3100425149918826
25777,ICON PLC NEW,ICON Raises FY19 Adj. EPS Guidance From $6.75-$6.95 To $6.81-$6.95 vs $6.88 Est.; Narrows Sales Guidance From $2.76B-$2.84B To $2.79B-$2.83B vs $2.81B Est.,5,increase,0.8,0.6,,204,35,2.0,2019-10-23,86072.0,0.1861224882304668,4.487316310405731,7.202574117197669,7.002503488058132,0.1505640335381031,-1.619834401999698,-1.6544570968203942
25785,ICON PLC NEW,"Icon Q3 Adj. EPS $1.74, Inline, Sales $710.4M Beat $709.52M Estimate",5,increase,0.7,0.3,,164,35,2.0,2019-10-23,86072.0,0.1861224882304668,4.487316310405731,7.202574117197669,7.002503488058132,0.1505640335381031,-1.619834401999698,-1.6544570968203942
25793,ICON PLC NEW,"UBS Maintains Neutral on Icon, Lowers Price Target to $158",5,decrease,0.7,0.4,,153,35,0.0,2019-10-18,86072.0,-0.0351927592419087,-1.7677368596196177,4.8735814810995315,5.859562096333892,-0.0703574682120233,0.7232938443541004,0.9954450269612948
25801,INTERCEPT PHARMACEUTICALS INC,"Raymond James Maintains Strong Buy on Intercept Pharmaceuticals, Lowers Price Target to $147",5,uncertain,0.6,0.3,,169,35,1.0,2019-10-21,13643.0,4.241589456796646,1.3563293032348156,9.789177985846331,12.103787500195118,1.0246793739497662,0.5563291575835905,1.276264107691949
25809,IDACORP INC,Idacorp Earlier Reported Q3 EPS $1.78 Misses $1.92 Estimate,5,decrease,0.8,0.6,,162,35,0.0,2019-10-31,21928.0,-1.184464991092682,0.380966393277049,-3.484279353554165,-2.483777673723153,1.0859530419111252,1.97565591134814,0.9173512863707378
25817,IDACORP INC,Idacorp Q3 EPS $1.78 Misses $1.92 Estimate,5,decrease,0.85,0.6,,159,35,0.0,2019-10-31,21928.0,-1.184464991092682,0.380966393277049,-3.484279353554165,-2.483777673723153,1.0859530419111252,1.97565591134814,0.9173512863707378
25825,INTELLICHECK INC,"B. Riley Initiates Coverage On Intellicheck with Buy Rating, Announces $8 Price Target",5,increase,0.8,0.6,,161,35,2.0,2019-10-18,87439.0,4.674797132611275,2.524274028837681,-1.3592266827331834,8.737860082234983,-1.4027995988726616,1.443302459650453,1.2345666198883665
25833,I D T CORP,"IDT Q4 EPS $0.15 Down From $0.4 YoY, Sales $356.1M Down From $392.6M YoY",5,decrease,0.85,0.6,,175,35,0.0,2019-10-10,88988.0,-1.116633042693138,0.2509407931938767,-7.904637893605027,-12.421578154455736,-6.060600280761719,-4.275530224166957,-11.135604040688118
25841,I D E X X LABORATORIES INC,IDEXX Cuts FY19 EPS Guidance From $4.82-$4.92 To $4.72-$4.78 vs $4.87 Estimate; FY20 EPS $5.30-$5.46 vs $5.56 Est.,5,decrease,0.85,0.6,,202,35,0.0,2019-10-31,76709.0,4.075225070118904,-2.856045216321945,-7.673413043609534,-9.70142226567452,1.1001627892255783,2.788826785755072,2.072383399204125
25849,I D E X X LABORATORIES INC,"IDEXX Laboratories Q3 EPS $1.24 Beats $1.14 Estimate, Sales $605.303M Beat $597.07M Estimate",5,increase,0.85,0.7,,183,35,2.0,2019-10-31,76709.0,4.075225070118904,-2.856045216321945,-7.673413043609534,-9.70142226567452,1.1001627892255783,2.788826785755072,2.072383399204125
25857,I D E X X LABORATORIES INC,IDEXX Laboratories Appoints Jay Mazelsky PResident And CEO,5,uncertain,0.6,0.3,,166,35,1.0,2019-10-24,76709.0,0.1492904499173163,-0.014898829977028,6.21623542274512,-1.9341750406148384,-1.074436493217945,-3.92642430111908,-5.268180404770117
25865,IDEX CORP,"Wells Fargo Maintains Outperform on IDEX, Lowers Price Target to $190",5,decrease,0.7,0.4,,158,35,0.0,2019-10-31,75591.0,-0.4544333554804325,2.2567957639694214,3.1183733624515098,3.992803135577039,-3.72195802628994,-1.9578283339900304,-1.5624973736444336
25873,IDEX CORP,"IDEX Q3 EPS $1.52 Beats $1.46 Estimate, Sales $624.246M Miss $640.69M Estimate",5,uncertain,0.6,0.3,,169,35,1.0,2019-10-29,75591.0,1.8323281779885288,-3.72195802628994,-1.0722243895383454,-0.4806500922353796,0.4032254219055176,0.9693966717405632,0.2390268755430469
25881,INTERNATIONAL FLAVORS & FRAG INC,"International Flavors & Fragrances Says on Oct 4 Frutarom Investor Filed Shareholder Motion Requesting Discovery Relating to $20M Bonus to Ori Yehudai, Former Ceo of Frutarom Industries",5,decrease,0.7,0.4,,192,35,0.0,2019-10-29,40272.0,1.6973132267594342,0.8917584083974361,10.005729137413088,6.815015651452905,0.1917333807796239,0.4009718208928259,0.1416479046824958
25889,INTERNATIONAL FLAVORS & FRAG INC,"Wells Fargo Initiates Coverage On Intl Flavors & Fragrances with Market Perform Rating, Announces $125 Price Target",5,uncertain,0.6,0.3,,172,35,1.0,2019-10-16,40272.0,-0.016778522694949,0.243364623747766,0.7217127566708781,3.4911008471909533,0.7183287758380175,0.8717721020745639,2.7679564040831828
25897,INTERNATIONAL FLAVORS & FRAG INC,"Citigroup Maintains Neutral on Intl Flavors & Fragrances, Lowers Price Target to $126",5,decrease,0.75,0.4,,169,35,0.0,2019-10-09,40272.0,0.8587414398789406,0.7558668497949839,3.52737204016067,4.274542290820604,-3.6148637533187866,-4.2215683496033325,-3.2225198497507157
25905,INTERNATIONAL FLAVORS & FRAG INC,"UBS Maintains Buy on Intl Flavors & Fragrances, Lowers Price Target to $163",5,decrease,0.7,0.4,,169,35,0.0,2019-10-02,40272.0,-3.806943446397781,0.7949399761855602,-1.6155221512135889,1.854864412282553,-0.8721164427697659,0.6704786061021206,1.5191983790473929
25913,I G C PHARMA INC,India Globalization Capital Granted Patent Titled 'Method And Composition For Treating CNS Disorders (With THC/CBD),5,increase,0.8,0.7,,168,35,2.0,2019-10-03,91201.0,5.413040891289711,-1.102286484092474,-10.290780686280732,3.1140450471229153,-3.946539387106895,-5.320571546350084,-11.538456578000078
25921,INTERNATIONAL GAME TECH PLC,"Suntrust On SGMS/IGT Brazlian Instant Lottery Contract Also Notes 'While we see a solid long-term opportunity, we think it will likely take some time for Brazil to ramp (minimally ~2-3 years, if not longer)'",5,uncertain,0.6,0.3,,192,35,1.0,2019-10-22,15331.0,2.469129860401154,-4.110559448599815,-4.535785932019632,1.2756931932738302,4.87433597445488,2.7612001248460194,-4.108629484606285
25929,INTERNATIONAL GAME TECH PLC,"SunTrust On SGMS/IGT Brazilian Instant Lottery Contract Notes 'We see today's win as a potentially meaningful long-term opportunity for both companies, with SGMS management noting it could eventually be among their largest contracts'",5,increase,0.85,0.7,,182,35,2.0,2019-10-22,15331.0,2.469129860401154,-4.110559448599815,-4.535785932019632,1.2756931932738302,4.87433597445488,2.7612001248460194,-4.108629484606285
25937,INTERNATIONAL GAME TECH PLC,"International Game Tech Spikes To High On News, 'IGT-Scientific Games consortium won LOTEX concession in historic auction'",5,increase,0.85,0.7,,164,35,2.0,2019-10-22,15331.0,2.469129860401154,-4.110559448599815,-4.535785932019632,1.2756931932738302,4.87433597445488,2.7612001248460194,-4.108629484606285
25945,INTERNATIONAL GAME TECH PLC,International Game Technology shares are trading higher. Not seeing any news to justify the price action.,5,uncertain,0.5,0.3,,157,35,1.0,2019-10-21,15331.0,4.87433597445488,2.4691298604011536,-2.396520412794778,2.541753204528474,-2.0149217918515205,-8.565456339336652,-6.414822516992357
25953,INTERNATIONAL GAME TECH PLC,International Game Technology shares are trading lower as a potential sell-off after the stock increased roughly 11% since Tuesday.,5,decrease,0.8,0.6,,162,35,0.0,2019-10-17,15331.0,-6.685236841440201,-2.0149217918515205,-0.6716360667894716,-1.194028992512175,2.3521021008491516,2.4251011589232263,1.5558649088668552
25961,INTERNATIONAL GAME TECH PLC,IGT And Pearl River Resort Launch CrystalBetting Terminal,5,increase,0.75,0.6,,151,35,2.0,2019-10-15,15331.0,0.0713215034920722,2.3521021008491516,0.5702062277151532,-3.991443038164688,-0.8486554957926273,3.316144158290335,3.164093376856147
25969,INTERNATIONAL GAME TECH PLC,International Game Technology shares are trading higher in sympathy with the overall market after President Trump made positive remarks on the U.S.-China trade talks as traders grew more optimistic over the possibility of a limited trade deal.,5,increase,0.7,0.4,,180,35,2.0,2019-10-11,15331.0,4.200446978211403,-0.8486554957926273,-7.142858359937854,-5.869871951025807,-0.1471703988499939,6.169065258632145e-09,-3.002144949114771
25977,INTERNATIONAL GAME TECH PLC,IGT Signs Five-Year Facilities Management And Product Sale Contract with Oregon Lottery,5,increase,0.85,0.6,,154,35,2.0,2019-10-07,15331.0,0.6474831141531466,-3.002144955098629,0.214443754822069,-1.572546881834902,-1.067619677633047,-1.2784112190693309,1.5691137278395217e-08
25985,INTERNATIONAL GAME TECH PLC,International Game Technology Launches a New Video Poker Machine,5,increase,0.75,0.4,,150,35,2.0,2019-10-07,15331.0,0.6474831141531466,-3.002144955098629,0.214443754822069,-1.572546881834902,-1.067619677633047,-1.2784112190693309,1.5691137278395217e-08
25993,ISHARES TRUST,iShares Expanded Tech-Software Sector ETF Option Alert: Nov 15 $210 Calls Sweep (25) near the Ask: 1000 @ $4.8 vs 762 OI; Ref=$210.66,5,increase,0.75,0.6,,184,35,2.0,2019-10-24,89060.0,2.401861734688282,0.4311996046453714,1.8385163525588055,3.3595581901703087,0.4092552233487367,-1.5948032766478717,-0.9135098372838436
26001,INSTEEL INDUSTRIES INC,"Insteel Industries Q4 EPS $(0.09) May Not Compare To $0.18 Estimate, Sales $113.4M Miss $126.88M Estimate",5,decrease,0.85,0.7,,178,35,0.0,2019-10-17,87725.0,-6.549997627735138,4.333865270018578,1.9261567260199677,2.033168235318361,-0.8428363129496574,0.7556656156683328,-0.842836152824622
26009,ILLUMINA INC,Illumina shares are trading higher potentially on a rebound after the stock fell approximately 9% following Q3 earnings.,5,increase,0.7,0.5,,165,35,2.0,2019-10-28,88446.0,4.617390036582947,-0.7465595845133066,-0.1249768782254245,-2.9796742437600665,-7.879551500082016,-7.021971757259637,-5.956956294248316
26017,ILLUMINA INC,"Canaccord Genuity Maintains Hold on Illumina, Raises Price Target to $310",5,increase,0.7,0.5,,161,35,2.0,2019-10-25,88446.0,-7.879551500082016,4.617390036582947,3.3753087806651427,0.9461877976207456,0.9309330955147744,2.087044990706288,0.5321395929049899
26025,ILLUMINA INC,"Piper Jaffray Maintains Overweight on Illumina, Lowers Price Target to $341",5,decrease,0.7,0.4,,163,35,0.0,2019-10-25,88446.0,-7.879551500082016,4.617390036582947,3.3753087806651427,0.9461877976207456,0.9309330955147744,2.087044990706288,0.5321395929049899
26033,ILLUMINA INC,﻿Illumina shares are trading lower despite the company reporting better-than-expected Q3 EPS and sales results and the company also issued FY19 EPS guidance above analyst estimates.,5,decrease,0.8,0.6,,176,35,0.0,2019-10-25,88446.0,-7.879551500082016,4.617390036582947,3.3753087806651427,0.9461877976207456,0.9309330955147744,2.087044990706288,0.5321395929049899
26041,ILLUMINA INC,"Guggenheim Initiates Coverage On Illumina with Buy Rating, Announces $350 Price Target",5,increase,0.85,0.7,,162,35,2.0,2019-10-25,88446.0,-7.879551500082016,4.617390036582947,3.3753087806651427,0.9461877976207456,0.9309330955147744,2.087044990706288,0.5321395929049899
26049,ILLUMINA INC,Illumina shares are trading lower despite the company reporting better-than-expected Q3 EPS and sales results and the company also issued FY19 EPS guidance above analyst estimates,5,decrease,0.8,0.6,,175,35,0.0,2019-10-24,88446.0,0.9309330955147744,-7.879551500082016,-6.332808329339191,-6.418383283605178,1.1454485356807709,-0.3951152440376249,1.017965966854928
26057,ILLUMINA INC,Illumina Sees FY19 Adj. EPS $6.40-$6.45 vs $6.04 Est.,5,,,,,166,35,,2019-10-24,88446.0,0.9309330955147744,-7.879551500082016,-6.332808329339191,-6.418383283605178,1.1454485356807709,-0.3951152440376249,1.017965966854928
26065,ILLUMINA INC,"Illumina Q3 Adj. EPS $1.93 Beats $1.4 Estimate, Sales $907M Beat $870.84M Estimate",5,increase,0.85,0.7,,172,35,2.0,2019-10-24,88446.0,0.9309330955147744,-7.879551500082016,-6.332808329339191,-6.418383283605178,1.1454485356807709,-0.3951152440376249,1.017965966854928
26073,ILLUMINA INC,Illumina Shares Unaffected Amid Headline GMI Has Again Sued Co. For Patent Infringement,5,uncertain,0.6,0.3,,165,35,1.0,2019-10-02,88446.0,-2.611303515732288,3.0212601646780968,3.0073821760024044,7.416144666466162,-2.695421874523163,-1.7458875268929308,-0.8905865372668464
26081,IMAX CORP,IMAX Sees FY19 Global Box Office Up In Low Double Digit Range,5,increase,0.8,0.6,,155,35,2.0,2019-10-31,80635.0,1.7635883763432498,1.3114696368575096,1.5456670349770718,-1.7798644020257215,-1.456089038401842,-2.099863529195911,-1.8249942777889383
26089,IMAX CORP,"Imax Q3 Adj. EPS $0.21 Beats $0.2 Estimate, Sales $86.4M Miss $86.88M Estimate",5,uncertain,0.6,0.3,,171,35,1.0,2019-10-31,80635.0,1.7635883763432498,1.3114696368575096,1.5456670349770718,-1.7798644020257215,-1.456089038401842,-2.099863529195911,-1.8249942777889383
26097,IMPERIAL OIL LTD,CiBC Upgrades Imperial Oil to Neutral,5,increase,0.75,0.4,,150,35,2.0,2019-10-15,33099.0,0.9884669445455074,-0.2854799851775169,3.3849913327508308,3.2218555048403763,-0.8979563601315022,1.717636497592956,2.102607171905224
26105,IMPERIAL OIL LTD,"AltaCorp Capital Upgrades Imperial Oil to Sector Perform, Announces $40 Price Target",5,increase,0.8,0.6,,158,35,2.0,2019-10-07,33099.0,-0.1605173223651946,-3.1350433826446533,-2.411569460287477,1.3263662663605569,0.8090646006166935,-0.4792365160977252,-2.8838649935105765
26113,CHIPMOS TECHNOLOGIES INC,ChipMOS Technologies Reports Q3 Sales Increase,5,increase,0.8,0.6,,152,35,2.0,2019-10-09,16348.0,-0.7239364087581636,-0.3402999369427562,-2.5279558050692374,-0.3403000239638354,-0.3846150357276201,-0.5758197691110745,-0.9086587171272752
26121,CHIPMOS TECHNOLOGIES INC,ChipMOS Prelim. Q3 Sales $173.9 Up From $161.2M YoY,5,increase,0.85,0.6,,165,35,2.0,2019-10-09,16348.0,-0.7239364087581636,-0.3402999369427562,-2.5279558050692374,-0.3403000239638354,-0.3846150357276201,-0.5758197691110745,-0.9086587171272752
26129,FIRST INTERNET BANCORP,First Internet Q3 EPS $0.63 Beats $0.61 Estimate,5,increase,0.8,0.4,,159,35,2.0,2019-10-23,13797.0,0.2203580224886537,-1.715036854147911,0.4397554221198696,1.5391397574101573,0.044092719326727,1.2494453321010068,1.977530521928483
26137,INCYTE CORP,Incyte shares are trading higher after the company reported better-than-expected Q3 EPS and sales results.,5,increase,0.85,0.7,,161,24,2.0,2019-10-29,79906.0,4.370145127177238,0.3719318425282836,0.9358113961034142,3.34733178324802,2.9787201434373856,3.0451620820221237,2.2535239162841947
26145,INCYTE CORP,Incyte Raises FY19 Jakafi Net Product Revenues,5,increase,0.85,0.7,,152,35,2.0,2019-10-29,79906.0,4.370145127177238,0.3719318425282836,0.9358113961034142,3.34733178324802,2.9787201434373856,3.0451620820221237,2.2535239162841947
26153,INCYTE CORP,"Incyte Q3 Adj. EPS $0.82 Beats $0.65 Estimate, Sales $551.581M Beat $534.88M Estimate",5,increase,0.85,0.7,,172,35,2.0,2019-10-29,79906.0,4.370145127177238,0.3719318425282836,0.9358113961034142,3.34733178324802,2.9787201434373856,3.0451620820221237,2.2535239162841947
26161,INCYTE CORP,Incyte Reports REACH2 Trial Of Jakai Met Primary Endpoint,5,increase,0.85,0.7,,154,35,2.0,2019-10-16,79906.0,-0.5094165913760662,-0.8832596242427826,-0.0256071708585436,7.091654805717296,1.3684450648725033,3.152908259299192,3.62940487979988
26169,INCYTE CORP,"Mizuho Initiates Coverage On Incyte with Buy Rating, Announces $95 Price Target",5,increase,0.85,0.7,,159,35,2.0,2019-10-03,79906.0,2.519162558019161,-0.0133473658934235,1.188567625518866,3.4054528875616885,-1.243913173675537,-1.603128631901396,0.3021165231040124
26177,ISHARES TRUST,Commerce Secretary Ross Says U.S. Renegotiating Grant of Special Trade Privilege to India,5,uncertain,0.5,0.3,,159,35,1.0,2019-10-03,17657.0,1.0723109357059,-0.6668724119663239,-0.6971910976654727,2.0309128288154454,-0.4270878620445728,-2.7703316073985462,-2.4506865594087435
26185,INDEPENDENT BANK CORP MA,Independent Bank shares are trading higher after the company reported better-than-expected Q3 earnings results.,5,increase,0.85,0.6,,164,35,2.0,2019-10-18,10252.0,5.5094242095947275,1.7613941803574562,2.3110536505973833,3.910052792162943,2.099320665001869,3.294766331605148,4.3603932696342
26193,INDEPENDENT BANK CORP MA,Independent Bank Q3 EPS $1.5 Beats $1.4 Estimate,5,increase,0.85,0.6,,161,35,2.0,2019-10-17,10252.0,2.0993206650018688,5.509424209594727,7.947803609514836,8.185051994834879,1.1708654463291168,2.214581438843388,1.962130062323575
26201,INFINITY PHARMACEUTICALS INC,"Infinity Pharmaceuticals Q3 EPS $(0.2) Misses $(0.1) Estimate, Sales $343K Down From $22M YoY",5,decrease,0.9,0.8,,180,35,0.0,2019-10-30,88434.0,-3.7735816091299057,1.9607825204730032,3.921565013020012,-6.862744974262592,-1.8518609926104543,-1.8518609926104543,-0.934589608559766
26209,INFINERA CORP,"Infinera Reports Gtd Deployed Co. Solutions To Increase Capacity Across Terrestrial Network In Chile, No Terms Disclosed",5,increase,0.75,0.6,,167,35,2.0,2019-10-29,92095.0,-0.7326000370085239,0.0,9.409589453008229,-0.5535095336611007,0.5524900741875172,0.367646711521119,-0.7272720265895094
26217,INFINERA CORP,"UPDATE: MKM On Infinera Also Notes Co 'has a strong technology product roadmap including 200G, 600G, 800G platforms and XR pluggable Optics'; Firm Thinks Co. 'could be an attractive acquisition target for an Optical components or Data Networking company'",5,increase,0.85,0.7,,201,35,2.0,2019-10-01,92095.0,-3.119258768856525,0.378787494264543,0.4734776411626118,3.4090875145252,-2.6785731315612793,-0.1831542538485386,-1.0889366259624669
26225,INFINERA CORP,"UPDATE: MKM Maintains Buy On Infinera, Raises Target To $7 As Firm Believes Co. Is 'seeing the strongest order trends in our coverage universe', 'Management appears to be highly committed to delivering non-GAAP EPS profitability and positive FCF by 4Q19'",5,increase,0.85,0.7,,200,35,2.0,2019-10-01,92095.0,-3.119258768856525,0.378787494264543,0.4734776411626118,3.4090875145252,-2.6785731315612793,-0.1831542538485386,-1.0889366259624669
26233,INFINERA CORP,"MKM Partners Maintains Buy on Infinera, Raises Price Target to $7",5,increase,0.8,0.6,,159,35,2.0,2019-10-01,92095.0,-3.119258768856525,0.378787494264543,0.4734776411626118,3.4090875145252,-2.6785731315612793,-0.1831542538485386,-1.0889366259624669
26241,INFOSYS LTD,Infosys shares are trading higher in sympathy with CDW after the company reported Q3 earnings results up from last year.,5,increase,0.75,0.4,,163,33,2.0,2019-10-31,86776.0,2.897000685334206,-0.7299238350242376,4.48384041926011,2.919705149160623,0.1074036001227796,1.746723273679618,1.3043466151918317
26249,INFOSYS LTD,"Infosys Faces SEC Probe, Class-Action Lawsuit In US After Whistleblower Complaint",5,decrease,0.85,0.7,,158,25,0.0,2019-10-24,86776.0,-1.216810382902622,3.0235106125473976,7.390815516806271,12.206048309521876,0.3329603932797909,-1.4764969108911896,-13.407439253337085
26257,INFOSYS LTD,"Infosys shares are trading lower after the company reported it is investigating whistleblower claims which accused two top executives of ""unethical practices"" to boost short-term profit.",5,decrease,0.85,0.7,,172,35,0.0,2019-10-22,86776.0,-1.803452521562576,0.3329603932797909,3.329635780117779,7.880133312877691,-12.109742313623428,-12.275733374010487,-12.358494006646692
26265,INFOSYS LTD,Infosys shares are trading lower after a whistle blower alleged the company is engaging in unethical practices to strengthen financial reports.,5,decrease,0.9,0.7,,162,35,0.0,2019-10-21,86776.0,-12.10974231362343,-1.8034525215625763,-0.1686640397795757,6.370510623429992,-0.1888617291115224,-0.2830253313295561,-0.9372106742910892
26273,INFOSYS LTD,"Infosys Continues To Face Margin Pressure, BMO Says",5,decrease,0.8,0.6,,152,35,0.0,2019-10-14,86776.0,-3.190523013472557,0.4708115942776203,-12.523539821453689,-12.671081153047014,-1.878354512155056,-1.7025052372384497,-1.348917461813104
26281,INFOSYS LTD,Infosys shares are trading lower after Baird maintained a Neutral on the stock and lowered the price target from $13 to $12.,5,decrease,0.8,0.4,,166,35,0.0,2019-10-14,86776.0,-3.190523013472557,0.4708115942776203,-12.523539821453689,-12.671081153047014,-1.878354512155056,-1.7025052372384497,-1.348917461813104
26289,INFOSYS LTD,"Baird Maintains Neutral on Infosys, Lowers Price Target to $12",5,decrease,0.8,0.6,,156,35,0.0,2019-10-14,86776.0,-3.190523013472557,0.4708115942776203,-12.523539821453689,-12.671081153047014,-1.878354512155056,-1.7025052372384497,-1.348917461813104
26297,INFOSYS LTD,"Infosys Reports Q2 Profit 38.29B Rupees vs 38.79B Rupees In Same Qtr. Last Year, Sales 196.66B Rupees vs 182.97B Rupees Year Over Year",5,,,,,188,35,,2019-10-11,86776.0,-1.878354512155056,-3.190523013472557,-3.6463132383040886,-15.088148777608144,0.1792155788280069,0.5395721277498655,-0.9743104839435524
26305,INFOSYS LTD,Infosys Wins a Contract from Volvo for Digital Transformation Services,5,increase,0.8,0.6,,151,35,2.0,2019-10-07,86776.0,0.6238831672817469,-1.505757961422205,-5.9344559692100285,-17.71479183417306,0.5376381799578667,1.2635409979122825,1.6304375387610426
26313,INFOSYS LTD,"SAP, Infosys Collaborate to Accelerate Enterprise Digital Transformation for Clients",5,increase,0.8,0.6,,154,35,2.0,2019-10-02,86776.0,0.362318498082459,0.7220209576189518,0.7220209713527437,-4.332125882714244,-2.902374044060707,-1.5165037934141257,-0.8086266859369529
26321,INGREDION INC,Ingredion Incorporated Sees FY19 Adj. EPS $6.45-$6.65 vs $6.62 Est.,5,uncertain,0.6,0.3,,164,35,1.0,2019-10-31,85645.0,-0.1895155059173703,4.037977755069733,6.822783907793983,5.468353826002681,-2.7043601498007774,-1.7136436836156954,-1.1242991460096552
26329,INGREDION INC,"Ingredion Q3 Adj. EPS $1.82 Beats $1.69 Estimate, Sales $2.457B Beat $1.46B Estimate",5,increase,0.9,0.7,,171,35,2.0,2019-10-31,85645.0,-0.1895155059173703,4.037977755069733,6.822783907793983,5.468353826002681,-2.7043601498007774,-1.7136436836156954,-1.1242991460096552
26337,INGREDION INC,Ingredion Late Tuesday Issued A Statement On Malware,5,decrease,0.8,0.4,,150,35,0.0,2019-10-16,85645.0,-1.405844651162624,1.1006941087543964,-0.412750720341104,-1.000619641711209,1.1097249574959278,0.7704673721383504,2.8408343731255448
26345,INGREDION INC,"Stephens & Co. Initiates Coverage On Ingredion with Overweight Rating, Announces $97 Price Target",5,increase,0.8,0.6,,161,35,2.0,2019-10-08,85645.0,-0.3318796399980783,0.0768411322496831,3.855013361122883,2.6255063998313233,-0.4574340768158436,0.1918325831759437,-0.3181066244262842
26353,INTUIT INC,Evercore ISI Group Downgrades Intuit to In-Line,5,decrease,0.8,0.6,,151,35,0.0,2019-10-22,78975.0,-3.382917493581772,1.0421187616884708,2.036864326696852,-0.0671053412016342,-0.1028647180646658,-1.6245775718314426,-2.5821964663860775
26361,INTUIT INC,"Intuit Reaffirms Prelim. Q1, FY20 Guidance",5,uncertain,0.6,0.3,,152,35,1.0,2019-10-03,78975.0,0.9790698997676373,1.5551316551864147,1.9266483993480856,1.5456571180682,-1.4566688798367975,-2.0643717604645007,-1.041069316933407
26369,IDETIVE INC,"Imperial Capital Maintains Outperform on Identiv, Lowers Price Target to $9",5,decrease,0.7,0.4,,158,35,0.0,2019-10-09,85502.0,3.191491588950157,-1.4432926662266254,-1.4432926768463528,-8.65979548121455,-3.4907612949609756,-4.858304429720761,-6.000003723196857
26377,INTERNATIONAL PAPER CO,"International Paper Q3 Adj. EPS $1.09 Beats $0.99 Estimate, Sales $5.568B Miss $5.59B Estimate",5,uncertain,0.6,0.3,,169,35,1.0,2019-10-31,21573.0,2.415002882480621,0.6410228554159403,4.052198830367693,5.362861553637255,-0.0936919706873595,-1.273146394607194,-0.8139499814013629
26385,INTERNATIONAL PAPER CO,International Paper shares are trading lower despite no company-specific news. This could potentially be profit taking after the stock rallied approximately over the past 12 trading sessions.,5,decrease,0.8,0.4,,168,35,0.0,2019-10-24,21573.0,-2.765616029500961,1.919889636337757,3.5316466795405788,7.726954855349311,1.2365813367068768,2.625356229910869,2.6739258983867975
26393,INTERNATIONAL PAPER CO,"Citigroup Maintains Neutral on International Paper, Lowers Price Target to $43",5,decrease,0.8,0.6,,154,35,0.0,2019-10-17,21573.0,-0.0477451860206201,0.931453052908182,0.7642695335992267,4.3229075127459105,1.1347205378115175,1.8477955408199964,0.7940279675525019
26401,INTERNATIONAL PAPER CO,International Paper Option Alert: Fri $42.5 Calls Sweep (27) near the Ask: 680 @ $0.455 vs 1724 OI; Earnings 10/31 Before Open Ref=$42.37,5,uncertain,0.6,0.3,,183,35,1.0,2019-10-16,21573.0,1.1347205378115182,-0.0477451860206201,3.580806843210338,1.8142805367523216,0.7050743792206049,-0.3368700367661237,2.9579881481485826
26409,INTERNATIONAL PAPER CO,International Paper Option Alert: Fri $42.5 Calls Sweep (3) near the Bid: 1530 @ $0.43 vs 1724 OI; Earnings 10/31 Before Open Ref=$42.4,5,uncertain,0.6,0.3,,184,35,1.0,2019-10-16,21573.0,1.1347205378115182,-0.0477451860206201,3.580806843210338,1.8142805367523216,0.7050743792206049,-0.3368700367661237,2.9579881481485826
26417,INTERNATIONAL PAPER CO,Shares of several packaging companies are trading higher in sympathy with the overall market after President Trump made positive remarks on US-China trade talks. Trump is scheduled to meet with Chinese Vice Premier Liu He at the White House today.,5,increase,0.75,0.4,,180,35,2.0,2019-10-11,21573.0,3.3059950917959213,-1.0346493683755398,1.684304466828901,3.4648666621298396,2.340366691350937,4.683838730071099,2.837425016001549
26425,INTERNATIONAL PAPER CO,International Paper Raises Quarterly Dividend From $0.50 To $0.5125/Share,5,increase,0.8,0.3,,156,35,2.0,2019-10-08,21573.0,-1.7638001590967178,2.2898804396390915,7.780374272733592,11.527453146089538,-0.1531428657472133,-0.5086489475887968,-0.8616324479415294
26433,INTERNATIONAL PAPER CO,"Wells Fargo Maintains Market Perform on International Paper, Lowers Price Target to $42",5,decrease,0.8,0.6,,156,35,0.0,2019-10-08,21573.0,-1.7638001590967178,2.2898804396390915,7.780374272733592,11.527453146089538,-0.1531428657472133,-0.5086489475887968,-0.8616324479415294
26441,INTERNATIONAL PAPER CO,International Paper Option Alert: Oct 18 $40 Calls Sweep (39) near the Ask: 724 @ $0.801 vs 4493 OI; Earnings 10/31 Before Open Ref=$39.4761,5,increase,0.75,0.6,,184,35,2.0,2019-10-03,21573.0,-0.354788126423955,-0.356051349081099,2.31434353593023,6.485247401443872,-1.645064540207386,-5.6432343313891025,-5.280846713334486
26449,INTERNATIONAL PAPER CO,"International Paper Co shares are trading lower in sympathy with the overall market on weak manufacturing PMI data, adding fear to an economic slowdown. During a slowdown, there will likely be less demand for packaging and paper.",5,decrease,0.85,0.7,,178,25,0.0,2019-10-01,21573.0,-4.065042361617088,-1.645064540207386,-4.212359620176375,3.2402773083940017,0.3840610850602388,1.210067816590521,1.112183497950192
26457,INTERMEDIATE PARFUMS INC,"Inter Parfums Q3 Adj. EPS $0.00, Sales $100.3M Down From $113.5M YoY",5,decrease,0.8,0.6,,175,35,0.0,2019-10-28,11884.0,0.7516745943576096,0.6794592831283808,3.9701617158762303,1.4921432050607475,0.9758759289979936,2.6029464851184736,3.5729177413437174
26465,INTERPUBLIC GROUP COS INC,IPG Launches Kinesso Marketing Intelligence Engine,5,increase,0.8,0.6,,152,35,2.0,2019-10-07,53065.0,1.247003488242626,-3.979157283902168,-3.6475623707202582,-1.4685047921559111,1.7073189839720726,1.608186775287712,-2.0206779573782585
26473,I P G PHOTONICS CORP,"Citigroup Maintains Buy on IPG Photonics, Lowers Price Target to $168.1",5,decrease,0.7,0.4,,170,35,0.0,2019-10-30,91668.0,7.320209592580795,0.5390844773501158,11.215930025002208,4.687039601909149,-13.474243879318236,-13.014615039203026,-10.531997684935511
26481,I P G PHOTONICS CORP,"IPG Photonics Q3 EPS $1.07 Misses $1.21 Estimate, Sales $329.1M Miss $336.93M Estimate",5,decrease,0.8,0.6,,182,35,0.0,2019-10-29,91668.0,-13.47424387931824,7.320209592580795,23.021301823924013,13.218157946603329,0.5312046501785517,3.400428180343229,5.0390780646017985
26489,I P G PHOTONICS CORP,IPG Photonics shares are trading lower after Needham downgraded the stock from Buy to Hold.,5,decrease,0.85,0.6,,170,30,0.0,2019-10-14,91668.0,-7.800891995429993,5.135561898350716,9.043065069123625,14.69696951389028,4.6552687883377075,7.02706364402681,9.052271527405487
26497,I P G PHOTONICS CORP,Needham Downgrades IPG Photonics to Hold,5,decrease,0.8,0.6,,161,30,0.0,2019-10-14,91668.0,-7.800891995429993,5.135561898350716,9.043065069123625,14.69696951389028,4.6552687883377075,7.02706364402681,9.052271527405487
26505,RENAISSANCE CAPITAL GREENWICH FD,"Uber, Lyft Will Have Homes In This New Travel Tech ETF",5,increase,0.75,0.6,,162,35,2.0,2019-10-29,14222.0,-1.103182323276997,1.6259761527180672,0.1331237164114318,0.30250029740162,2.7892543002963066,4.33414801459675,6.0014224357515245
26513,RENAISSANCE CAPITAL GREENWICH FD,Jim Cramer Tweets: Bigger threat to the U.S. markets than China: the IPO market. We are flooded with supply. Just say NO to the next IPO,5,decrease,0.8,0.6,,183,35,0.0,2019-10-07,14222.0,0.3159008454531431,-2.16935221105814,-0.2449256105483521,-0.5598317312994983,0.7425710093230009,3.2246354125603727,2.151310122487704
26521,INGERSOLL RAND INC,"Morgan Stanley Maintains Overweight on Ingersoll-Rand, Raises Price Target to $142",5,increase,0.85,0.7,,161,35,2.0,2019-10-30,16692.0,-2.7559049427509312,-0.8720045909285545,1.930859075486091,3.9551552552894886,2.1658439189195633,0.7014319483523934,2.3558652999554397
26529,INGERSOLL RAND INC,"Deutsche Bank Downgrades Ingersoll-Rand to Hold, Lowers Price Target to $135",5,decrease,0.85,0.6,,163,35,0.0,2019-10-30,16692.0,-2.7559049427509312,-0.8720045909285545,1.930859075486091,3.9551552552894886,2.1658439189195633,0.7014319483523934,2.3558652999554397
26537,INGERSOLL RAND INC,"KeyBanc Maintains Overweight on Ingersoll-Rand, Raises Price Target to $140",5,increase,0.85,0.7,,162,35,2.0,2019-10-30,16692.0,-2.7559049427509312,-0.8720045909285545,1.930859075486091,3.9551552552894886,2.1658439189195633,0.7014319483523934,2.3558652999554397
26545,INGERSOLL RAND INC,Ingersoll-Rand shares are trading higher after the company reported better-than-expected Q3 EPS and sales.,5,increase,0.85,0.7,,164,35,2.0,2019-10-29,16692.0,2.165843918919563,-2.755904942750931,-1.1508210493477056,1.8473668884560368,-1.4333674684166908,0.185993061621148,-0.7371059206632058
26553,INGERSOLL RAND INC,"Ingersoll-Rand Q3 Adj. EPS $1.99 Beats $1.91 Estimate, Sales $4.34B Beat $4.29B Estimate",5,increase,0.85,0.6,,176,35,2.0,2019-10-29,16692.0,2.165843918919563,-2.755904942750931,-1.1508210493477056,1.8473668884560368,-1.4333674684166908,0.185993061621148,-0.7371059206632058
26561,INGERSOLL RAND INC,"JP Morgan Maintains Overweight on Ingersoll-Rand, Lowers Price Target to $129",5,uncertain,0.6,0.3,,162,35,1.0,2019-10-10,16692.0,2.9271835461258893,5.119092017412186,5.439035697830152,14.681832047353115,1.1847452260553837,-0.8705106559800502,-3.1537895947087
26569,INGERSOLL RAND INC,Stephens & Co. Downgrades Ingersoll-Rand to Equal-Weight,5,decrease,0.8,0.6,,159,35,0.0,2019-10-07,16692.0,-2.303329668939114,-2.031191438436508,5.440696559200875,12.840047240013307,1.401363220065832,4.05604137549469,4.286769584967076
26577,IROBOT CORP,"UPDATE: Bank Of America On iRobot Also Notes 'However, IRBT's earnings are also sensitive to price and we have concerns there could be further price adjustments in the US and elsewhere over the coming quarters'",5,decrease,0.8,0.6,,183,35,0.0,2019-10-24,90971.0,-2.9759535565972333,4.558827728033066,0.9663924857985062,3.4663896232570712,-9.198588877916336,-11.984212692658437,-14.959260599937052
26585,IROBOT CORP,"UPDATE: Bank Of America Downgrades iRobot To Neutral, Lowers Tgt From $70 To $50 Firm Continues 'to see potential catalysts from the US-China trade situation, exemption from tariffs,' 'the patent lawsuit against Shark and/or improvement in volume trends'",5,decrease,0.85,0.7,,196,35,0.0,2019-10-24,90971.0,-2.9759535565972333,4.558827728033066,0.9663924857985062,3.4663896232570712,-9.198588877916336,-11.984212692658437,-14.959260599937052
26593,IROBOT CORP,"Canaccord Genuity Maintains Hold on iRobot, Lowers Price Target to $45",5,decrease,0.8,0.6,,161,35,0.0,2019-10-24,90971.0,-2.9759535565972333,4.558827728033066,0.9663924857985062,3.4663896232570712,-9.198588877916336,-11.984212692658437,-14.959260599937052
26601,IROBOT CORP,"Citi Maintains Neutral on iRobot, Lowers Price Target to $55",5,decrease,0.75,0.4,,158,35,0.0,2019-10-24,90971.0,-2.9759535565972333,4.558827728033066,0.9663924857985062,3.4663896232570712,-9.198588877916336,-11.984212692658437,-14.959260599937052
26609,IROBOT CORP,Bank of America Downgrades iRobot to Neutral,5,decrease,0.8,0.6,,152,35,0.0,2019-10-24,90971.0,-2.9759535565972333,4.558827728033066,0.9663924857985062,3.4663896232570712,-9.198588877916336,-11.984212692658437,-14.959260599937052
26617,IROBOT CORP,iRobot Option Alert: Nov 15 $55 Calls at the Ask: 1000 @ $0.451 vs 768 OI; Ref=$48.36,5,increase,0.75,0.6,,176,35,2.0,2019-10-23,90971.0,-9.198588877916336,-2.975953556597233,-0.2038367376672512,0.8153233264662108,-3.0678199604153633,-6.344253520768994,-6.780538803585312
26625,IROBOT CORP,"Analysts: iRobot Will Struggle Due To Trade Issues, Increasing Competition",5,decrease,0.85,0.7,,157,35,0.0,2019-10-23,90971.0,-9.198588877916336,-2.975953556597233,-0.2038367376672512,0.8153233264662108,-3.0678199604153633,-6.344253520768994,-6.780538803585312
26633,IROBOT CORP,"Piper Jaffray Reiterates Neutral on iRobot, Lowers Price Target to $51",5,decrease,0.8,0.6,,162,35,0.0,2019-10-23,90971.0,-9.198588877916336,-2.975953556597233,-0.2038367376672512,0.8153233264662108,-3.0678199604153633,-6.344253520768994,-6.780538803585312
26641,IROBOT CORP,"JP Morgan Maintains Neutral on iRobot, Lowers Price Target to $40",5,decrease,0.75,0.4,,158,35,0.0,2019-10-23,90971.0,-9.198588877916336,-2.975953556597233,-0.2038367376672512,0.8153233264662108,-3.0678199604153633,-6.344253520768994,-6.780538803585312
26649,IROBOT CORP,IRobot shares are trading lower after the company narrowed its FY19 revenue guidance from $1.2 - $1.25 billion to $1.2 - $1.21 billion and its operating income guidance from $75 - $100 million to $75 - $80 million,5,decrease,0.85,0.4,,198,35,0.0,2019-10-23,90971.0,-9.198588877916336,-2.975953556597233,-0.2038367376672512,0.8153233264662108,-3.0678199604153633,-6.344253520768994,-6.780538803585312
26657,IROBOT CORP,IRobot shares are trading lower after the company narrowed FY19 revenue guidance from $1.2 - $1.25 billion to $1.2 - $1.21 billion. The company also rolled back its pricing to pre-tariff levels.,5,decrease,0.8,0.6,,192,35,0.0,2019-10-22,90971.0,-3.067819960415363,-9.198588877916336,-9.124561321181757,-6.385336263990071,-3.380129858851433,-3.830223194870652,-2.722508745561925
26665,IROBOT CORP,iRobot Q3 Adj. EPS $1.50 vs $1.34 In Same Qtr. Last Year,5,increase,0.8,0.6,,165,35,2.0,2019-10-22,90971.0,-3.067819960415363,-9.198588877916336,-9.124561321181757,-6.385336263990071,-3.380129858851433,-3.830223194870652,-2.722508745561925
26673,IROBOT CORP,"iRobot Shares Resume Trade, Up 10%",5,increase,0.8,0.6,,151,35,2.0,2019-10-22,90971.0,-3.067819960415363,-9.198588877916336,-9.124561321181757,-6.385336263990071,-3.380129858851433,-3.830223194870652,-2.722508745561925
26681,IROBOT CORP,iRobot Shares To Resume Trade At 4:20p.m. EDT,5,uncertain,0.5,0.3,,157,35,1.0,2019-10-22,90971.0,-3.067819960415363,-9.198588877916336,-9.124561321181757,-6.385336263990071,-3.380129858851433,-3.830223194870652,-2.722508745561925
26689,IROBOT CORP,"iRobot Sees FY19 EPS $2.60-$2.80 vs $2.58 Est., Sales $1.2B-$1.21B vs $1.2B Est.",5,,,,,182,35,,2019-10-22,90971.0,-3.067819960415363,-9.198588877916336,-9.124561321181757,-6.385336263990071,-3.380129858851433,-3.830223194870652,-2.722508745561925
26697,IROBOT CORP,"iRobot Q3 EPS $1.24 Does Not Compare To $0.52 Estimate, Sales $289.4M Beat $259.38M Estimate",5,increase,0.85,0.7,,174,35,2.0,2019-10-22,90971.0,-3.067819960415363,-9.198588877916336,-9.124561321181757,-6.385336263990071,-3.380129858851433,-3.830223194870652,-2.722508745561925
26705,IROBOT CORP,iRobot Shares Halted News Pending,5,uncertain,0.5,0.5,,149,35,1.0,2019-10-22,90971.0,-3.067819960415363,-9.198588877916336,-9.124561321181757,-6.385336263990071,-3.380129858851433,-3.830223194870652,-2.722508745561925
26713,IROBOT CORP,SharkNinja Sues iRobot For Judgment That It Does Not Infringe iRobot Patents,5,decrease,0.7,0.4,,163,35,0.0,2019-10-16,90971.0,-0.813573133200407,1.1518321931362152,-14.380450199576,-14.554974296694567,3.586157411336899,1.6540534020053288,4.561086656130708
26721,IROBOT CORP,"JP Morgan Maintains Neutral on iRobot, Lowers Price Target to $69",5,decrease,0.75,0.4,,158,35,0.0,2019-10-16,90971.0,-0.813573133200407,1.1518321931362152,-14.380450199576,-14.554974296694567,3.586157411336899,1.6540534020053288,4.561086656130708
26729,IROBOT CORP,iRobot Files For A Preliminary Injunction Against SharkNinja For Patent Infringement,5,uncertain,0.6,0.3,,160,35,1.0,2019-10-15,90971.0,3.586157411336899,-0.813573133200407,-6.473951123622301,-15.007792804625796,-1.8652144819498064,0.9411771506518952,0.4502880310994994
26737,IROBOT CORP,UPDATE: Raymond James Downgrades iRobot To Underperform As Firm Thinks 'Street models aren't reflecting the beginning of a meaningful commoditization cycle across the RVC category',5,decrease,0.85,0.7,,177,30,0.0,2019-10-09,90971.0,-3.3089477568864822,-0.486312061548233,3.206049535084232,-11.635445021258285,-2.3137131705880165,-3.819099744277143,-3.1213130845471837
26745,IROBOT CORP,IRobot shares are trading lower after Raymond James downgraded the company's stock from Market Perform to Underperform.,5,decrease,0.85,0.7,,163,35,0.0,2019-10-09,90971.0,-3.3089477568864822,-0.486312061548233,3.206049535084232,-11.635445021258285,-2.3137131705880165,-3.819099744277143,-3.1213130845471837
26753,IROBOT CORP,Raymond James Downgrades iRobot to Underperform,5,decrease,0.85,0.6,,153,35,0.0,2019-10-09,90971.0,-3.3089477568864822,-0.486312061548233,3.206049535084232,-11.635445021258285,-2.3137131705880165,-3.819099744277143,-3.1213130845471837
26761,IRIDIUM COMMUNICATIONS INC,"Iridium Raises FY19 Guidance: Total Service Sales From ~$440M To $445M-$450M, OEBITDA Narrowed From $325M-$335M To $330M",5,increase,0.8,0.6,,185,35,2.0,2019-10-29,92596.0,2.034304849803448,-1.6028141602873802,-1.4073520428392383,-4.7302544965927895,2.326529286801815,3.1262863656042583,3.9386351404379294
26769,IRIDIUM COMMUNICATIONS INC,"Iridium Communications Q3 EPS $(0.14) Misses $(0.13) Estimate, Sales $144.785M Beat $142.05M Estimate",5,uncertain,0.6,0.3,,179,35,1.0,2019-10-29,92596.0,2.034304849803448,-1.6028141602873802,-1.4073520428392383,-4.7302544965927895,2.326529286801815,3.1262863656042583,3.9386351404379294
26777,IRIDIUM COMMUNICATIONS INC,Iridium Communications shares are trading higher after Sidoti & Co upgraded the stock from Neutral to Buy and announced a price target of $26 per share.,5,increase,0.85,0.6,,175,35,2.0,2019-10-09,92596.0,7.429132610559464,1.9563253968954089,8.166515455717583,9.736129811511418,-0.0488530960865318,-0.3409722398205916,-0.7759541895567934
26785,IRIDIUM COMMUNICATIONS INC,"Sidoti & Co. Upgrades Iridium Communications to Buy, Announces $26 Price Target",5,increase,0.85,0.6,,164,35,2.0,2019-10-09,92596.0,7.429132610559464,1.9563253968954089,8.166515455717583,9.736129811511418,-0.0488530960865318,-0.3409722398205916,-0.7759541895567934
26793,IRIDIUM COMMUNICATIONS INC,US Department of Defense Awards Iridium 5-Year Gateway Evolution Contract Worth Up To $76M,5,increase,0.85,0.6,,165,35,2.0,2019-10-01,92596.0,0.3289459273219109,-3.09133417904377,-4.1686243451652505,11.241215681317572,-1.2070576660335064,-3.7104058836061826,-3.7104058836061826
26801,IRIDEX CORP,IRIDEX Names Robert Gunst Chair; Ruediger Naumann-Etienee To Leave As Lead Independent Director,5,uncertain,0.6,0.3,,166,35,1.0,2019-10-28,83145.0,-2.150535583496094,0.5494500044733286,3.296699785934387,10.989005853263524,2.0016439259052277,2.1978000667952635,2.046414145648945
26809,IRADIMED CORP,iRadimed Sees Q4 Adj. EPS $0.19-$0.21 vs $0.23 Estimate; FY19 Adj. EPS $0.75-$0.77 vs $0.72 Est.,5,uncertain,0.6,0.3,,188,35,1.0,2019-10-30,14807.0,5.6808631867170325,-0.1976254396140575,-9.802369849584302,-7.154148161193763,0.251262029632926,-0.1251513674237925,1.4406786666633753
26817,IRADIMED CORP,"iRadimed Q3 Adj. EPS $0.23 Beats $0.15 Estimate, Sales $9.963M Beat $9.78M Estimate",5,increase,0.85,0.6,,176,35,2.0,2019-10-30,14807.0,5.6808631867170325,-0.1976254396140575,-9.802369849584302,-7.154148161193763,0.251262029632926,-0.1251513674237925,1.4406786666633753
26825,IRADIMED CORP,IRADIMED Resolves FDA Warning Letter Related To Its Infusion Pump System,5,increase,0.8,0.6,,160,35,2.0,2019-10-08,14807.0,-1.5652967616915698,-1.090412400662899,-1.0904125002088705,7.360285964061486,0.4492380190640688,2.3809543938786204,4.583730081414861
26833,I F BANCORP INC,IF Bancorp Q1 EPS $0.33 Up From $0.25 YoY,5,increase,0.8,0.6,,164,35,2.0,2019-10-30,12920.0,0.0,5.5288538336753845,3.3653884937781875,8.413462252983894,-0.0960636767558753,-2.8037400907432897,-2.712815403238622
26841,INDEPENDENCE REALTY TRUST INC,"Independence Realty Trust Q3 Adj. FFO $0.19, Same YoY, EPS $0.05",5,,,,,171,35,,2019-10-30,14071.0,1.3861388899385931,0.2604164183139801,-5.5989559756404965,-5.7942666901660385,0.5308554973453283,0.9999974599652184,0.7313807126246186
26849,INDEPENDENCE REALTY TRUST INC,JMP Securities Downgrades Independence Realty Trust to Market Perform,5,decrease,0.8,0.6,,158,35,0.0,2019-10-21,14071.0,0.26613415684551,-0.4644969943910837,4.224385286022425e-08,-1.1280694211103337,0.0665730680339038,0.8724840244515697,1.5540509332759411
26857,IRONWOOD PHARMACEUTICALS INC,Ironwood Pharmaceuticals shares are trading higher after the company reported better-than-expected Q3 EPS and sales results.,5,increase,0.85,0.7,,173,35,2.0,2019-10-31,93264.0,6.468713283538818,3.286851942539215,8.466139266211204,15.537852994617497,-2.2797856479883194,0.4259846925491306,3.0601169271522233
26865,IRONWOOD PHARMACEUTICALS INC,"Ironwood Pharmaceuticals Earlier Reported Q3 Adj. EPS $0.4 Beats $0.1 Estimate, Sales $131.167M Beat $96.38M Estimate",5,increase,0.85,0.7,,187,35,2.0,2019-10-31,93264.0,6.468713283538818,3.286851942539215,8.466139266211204,15.537852994617497,-2.2797856479883194,0.4259846925491306,3.0601169271522233
26873,ISSUER DIRECT CORP,"Issuer Direct Q3 EPS $0.11, Same YoY, Sales $4.019M Up From $3.255M YoY",5,increase,0.75,0.6,,171,35,2.0,2019-10-31,75754.0,-0.1901184092275798,2.380952425301075,2.952385083615061,-1.048569277757372,0.0,1.0566821321845057,-0.5417225216719168
26881,GARTNER INC,Gartner shares are trading higher after the company reported better-than-expected Q3 EPS and sales results.,5,increase,0.85,0.7,,160,24,2.0,2019-10-31,79698.0,5.05216047167778,1.3045135885477066,3.8421587213181008,2.907577715580323,1.075044833123684,0.3901383114613521,0.4313920450442321
26889,GARTNER INC,"Gartner Reaffirms FY19 Adj. EPS $3.39-$3.64 vs $3.53 Estimate, Sales $4.22B-$4.26B vs $4.24B Est.",5,uncertain,0.6,0.3,,183,35,1.0,2019-10-31,79698.0,5.05216047167778,1.3045135885477066,3.8421587213181008,2.907577715580323,1.075044833123684,0.3901383114613521,0.4313920450442321
26897,GARTNER INC,"Gartner Q3 Adj. EPS $0.7 Beats $0.43 Estimate, Sales $1.001B Beat $991.95M Estimate",5,increase,0.85,0.6,,171,35,2.0,2019-10-31,79698.0,5.05216047167778,1.3045135885477066,3.8421587213181008,2.907577715580323,1.075044833123684,0.3901383114613521,0.4313920450442321
26905,INTRA CELLULAR THERAPIES INC,Intra-Cellular Therapies shares are trading higher on a potential rebound after the stock dropped more than 10% yesterday.,5,increase,0.7,0.5,,175,35,2.0,2019-10-02,14432.0,8.264461159706116,2.1628446877002716,-0.4452968259752166,6.870222169787277,-2.8112391009926796,-3.1999968784761967,-6.140916506684391
26913,ITRON INC,"Canaccord Genuity Maintains Buy on Itron, Raises Price Target to $87",5,increase,0.8,0.6,,158,35,2.0,2019-10-21,79839.0,-0.8669748902320862,1.5141574665904045,0.6526563297539312,1.031198197401606,1.1121267452836037,1.912167861690861,2.8890935249590743
26921,ITRON INC,"Raymond James Maintains Outperform on Itron, Raises Price Target to $82",5,increase,0.85,0.7,,157,35,2.0,2019-10-01,79839.0,-3.326120972633362,1.230765413492918,-0.3916066385200478,5.048951997137485,1.3011873699724674,0.13538914519855,-1.883786525140374
26929,ILLINOIS TOOL WORKS INC,"Morgan Stanley Maintains Underweight on Illinois Tool Works, Raises Price Target to $142",5,uncertain,0.6,0.3,,165,35,1.0,2019-10-28,56573.0,-1.0884087532758708,1.4652172103524208,3.27174129035368,3.118749324292746,7.294068485498428,6.298330679100772,6.331226092665476
26937,ILLINOIS TOOL WORKS INC,"Credit Suisse Maintains Neutral on Illinois Tool Works, Raises Price Target to $152",5,uncertain,0.6,0.3,,164,35,1.0,2019-10-28,56573.0,-1.0884087532758708,1.4652172103524208,3.27174129035368,3.118749324292746,7.294068485498428,6.298330679100772,6.331226092665476
26945,ILLINOIS TOOL WORKS INC,"UBS Maintains Neutral on Illinois Tool Works, Raises Price Target to $168",5,uncertain,0.6,0.3,,164,35,1.0,2019-10-28,56573.0,-1.0884087532758708,1.4652172103524208,3.27174129035368,3.118749324292746,7.294068485498428,6.298330679100772,6.331226092665476
26953,ILLINOIS TOOL WORKS INC,"Wells Fargo Maintains Outperform on Illinois Tool Works, Raises Price Target to $190",5,increase,0.8,0.6,,166,35,2.0,2019-10-28,56573.0,-1.0884087532758708,1.4652172103524208,3.27174129035368,3.118749324292746,7.294068485498428,6.298330679100772,6.331226092665476
26961,ILLINOIS TOOL WORKS INC,Illinois Tool Works shares are trading higher after the company reported better-than-expected Q3 EPS results and reaffirmed its FY19 GAAP EPS $7.55 - $7.85.,5,increase,0.85,0.7,,185,35,2.0,2019-10-25,56573.0,7.294068485498428,-1.0884087532758713,0.5703949736616476,2.6773795820814072,-0.928045529872179,-0.8973864132695186,0.4012786142123081
26969,ILLINOIS TOOL WORKS INC,ITW Reaffirms FY19 GAAP EPS $7.55-$7.85,5,uncertain,0.6,0.3,,166,35,1.0,2019-10-25,56573.0,7.294068485498428,-1.0884087532758713,0.5703949736616476,2.6773795820814072,-0.928045529872179,-0.8973864132695186,0.4012786142123081
26977,ILLINOIS TOOL WORKS INC,"Illinois Tool Works Q3 EPS $2.04 May Not Compare To $1.94 Estimate, Sales $3.479B Miss $3.54B Estimate",5,decrease,0.75,0.4,,181,35,0.0,2019-10-25,56573.0,7.294068485498428,-1.0884087532758713,0.5703949736616476,2.6773795820814072,-0.928045529872179,-0.8973864132695186,0.4012786142123081
26985,ILLINOIS TOOL WORKS INC,"Morgan Stanley Maintains Underweight on Illinois Tool Works, Lowers Price Target to $136",5,decrease,0.85,0.6,,166,25,0.0,2019-10-16,56573.0,-0.0064259904320351,0.7704238872975111,3.768625148061955,9.277100819573114,1.1887759901583197,0.8024367283183897,3.9159510962201822
26993,ILLINOIS TOOL WORKS INC,"Citigroup Maintains Neutral on Illinois Tool Works, Lowers Price Target to $155",5,decrease,0.75,0.4,,165,35,0.0,2019-10-15,56573.0,1.188775990158319,-0.0064259904320351,3.7298564206435625,10.695247731620428,-0.381800509057939,2.695135976669105,3.8801539054761136
27001,INTEVAC INC,"Intevac Q3 EPS $(0.02) Beats $(0.07) Estimate, Sales $26.3M Beat $25.07M Estimate",5,increase,0.8,0.6,,172,35,2.0,2019-10-28,82587.0,0.9157544001936913,3.44826802611351,4.355712384823351,13.248629686744383,3.213611990213394,6.019416214279061,5.405409581104714
27009,INVESCO LTD,"Deutsche Bank Maintains Hold on Invesco, Raises Price Target to $18",5,increase,0.7,0.4,,155,35,2.0,2019-10-24,19583.0,-1.9675934687256809,0.6493429653346539,-0.7083873620500669,7.319951347714881,7.797878980636597,6.996911148735574,8.747642268474841
27017,INVESCO LTD,"Barclays Maintains Equal-Weight on Invesco, Raises Price Target to $17",5,increase,0.7,0.3,,157,35,2.0,2019-10-24,19583.0,-1.9675934687256809,0.6493429653346539,-0.7083873620500669,7.319951347714881,7.797878980636597,6.996911148735574,8.747642268474841
27025,INVESCO LTD,"BMO Capital Maintains Market Perform on Invesco, Lowers Price Target to $17",5,decrease,0.8,0.6,,157,35,0.0,2019-10-24,19583.0,-1.9675934687256809,0.6493429653346539,-0.7083873620500669,7.319951347714881,7.797878980636597,6.996911148735574,8.747642268474841
27033,INVESCO LTD,"Wells Fargo Maintains Market Perform on Invesco, Raises Price Target to $18",5,increase,0.7,0.4,,156,35,2.0,2019-10-24,19583.0,-1.9675934687256809,0.6493429653346539,-0.7083873620500669,7.319951347714881,7.797878980636597,6.996911148735574,8.747642268474841
27041,INVESCO LTD,Invesco shares are trading higher after the company reported better-than-expected Q3 EPS results.,5,increase,0.85,0.7,,157,33,2.0,2019-10-23,19583.0,7.797878980636597,-1.9675934687256813,-2.314823536348165,4.3981493917961245,-0.74302745051682,0.8810593462686311,2.5591846473552504
27049,INVESCO LTD,"Invesco Q3 EPS $0.7 Beats $0.57 Estimate, Sales $1.23B Inline",5,increase,0.85,0.6,,162,35,2.0,2019-10-23,19583.0,7.797878980636597,-1.9675934687256813,-2.314823536348165,4.3981493917961245,-0.74302745051682,0.8810593462686311,2.5591846473552504
27057,INVESCO LTD,"Morgan Stanley Maintains Equal-Weight on Invesco, Lowers Price Target to $19",5,decrease,0.8,0.6,,157,35,0.0,2019-10-21,19583.0,1.636244542896748,-0.74302745051682,7.368424804798357,10.092886608744678,1.6634691506624222,1.5335510058051227,0.6333146391570565
27065,INVESCO LTD,"Morgan Stanley Maintains Equal-Weight on Invesco, Lowers Price Target to $20",5,decrease,0.8,0.6,,157,35,0.0,2019-10-08,19583.0,-2.225044183433056,0.0650209956802427,2.6657986332871086,4.22627140584535,-1.0069276206195354,-0.2536519516005753,0.1273042917772304
27073,INVESCO LTD,"BMO Capital Initiates Coverage On Invesco with Market Perform Rating, Announces $18 Price Target",5,uncertain,0.6,0.3,,158,35,1.0,2019-10-08,19583.0,-2.225044183433056,0.0650209956802427,2.6657986332871086,4.22627140584535,-1.0069276206195354,-0.2536519516005753,0.1273042917772304
27081,JACK IN THE BOX INC,"SunTrust Robinson Humphrey Maintains Buy on Jack In The Box, Lowers Price Target to $106",5,decrease,0.7,0.4,,163,35,0.0,2019-10-18,77453.0,-0.5327763501554729,-1.222630962729454,-1.793200925953753,-4.145316209943351,-0.3002334153279662,-1.449611067553358,-2.857786843546206
27089,JAZZ PHARMACEUTICALS PLC,"Bernstein Earlier Reinstated Market Perform on Jazz Pharmaceuticals, Announced $150 Price Target",5,uncertain,0.6,0.3,,170,35,1.0,2019-10-14,92096.0,-0.8595235645771027,0.339992786757648,2.906925796164339,5.635356707861439,0.601898180320859,-0.2018378894611538,0.0758950749863096
27097,JAZZ PHARMACEUTICALS PLC,Jazz Pharmaceuticals Announces First Patient Enrolled In Phase 2 Clinical Trial Evaluating Defibrotide For The Prevention Of CAR-T Associated Neurotoxicity,5,increase,0.75,0.4,,181,35,2.0,2019-10-10,92096.0,-0.7989273406565189,0.601898180320859,2.687350154175139,4.68802887305817,0.2782946685329079,-5.318889277684091,-5.51449746684961
27105,JAZZ PHARMACEUTICALS PLC,Jazz Pharmaceuticals CFO Matthew Young To Resign,5,decrease,0.7,0.4,,160,35,0.0,2019-10-07,92096.0,-0.206596846692264,-5.581650510430336,-6.32215552136719,-3.599010094927113,-0.3562981495633721,1.198132699484744,-0.6395113950074305
27113,HUNT J B TRANSPORT SERVICES INC,JB Hunt Adjustments For Q3 Earnings: EPS $1.10,5,,,,,162,35,,2019-10-30,42877.0,-1.100752130150795,-0.1189459580928087,1.886152360062776,-0.7891394479019986,1.9008487462997437,1.9357620430945133,2.807532811564606
27121,HUNT J B TRANSPORT SERVICES INC,JB Hunt Offers Arbitration Update,5,uncertain,0.5,0.3,,153,35,1.0,2019-10-30,42877.0,-1.100752130150795,-0.1189459580928087,1.886152360062776,-0.7891394479019986,1.9008487462997437,1.9357620430945133,2.807532811564606
27129,HUNT J B TRANSPORT SERVICES INC,Railroads Face Major Challenges To Jump-Start Their Intermodal Business,5,increase,0.7,0.5,,161,35,2.0,2019-10-23,42877.0,-0.4175880923867225,-0.932816695421934,0.7274271510725683,2.6272998955130467,1.6987338662147522,1.5227500299581198,0.99844728949261
27137,HUNT J B TRANSPORT SERVICES INC,FreightWaves Announces 2020 FreightTech 100,5,increase,0.7,0.4,,160,35,2.0,2019-10-21,42877.0,-0.1730442745611072,1.6987338662147522,1.2220521320472688,4.576188910339618,-0.5164386704564095,-0.0605271688445263,3.5663114090779935
27145,HUNT J B TRANSPORT SERVICES INC,Key Freight Market Indicators Drag Down Carrier Pricing Power This Week,5,decrease,0.85,0.6,,159,35,0.0,2019-10-17,42877.0,0.4582782275974751,-0.5164386704564095,-0.3615063540419849,1.1878098070964738,3.6290351301431656,5.539331722983243,4.802902784741492
27153,HUNT J B TRANSPORT SERVICES INC,JB Hunt Sees Some Cost Headwinds From Digital Transformation,5,uncertain,0.6,0.3,,159,35,1.0,2019-10-16,42877.0,3.6290351301431665,0.458278227597475,1.037610871508421,1.772585885782818,1.8433989956974983,1.1327594174008304,3.7367509034357704
27161,HUNT J B TRANSPORT SERVICES INC,JB Hunt shares are trading higher after the company reported better-than-expected Q3 sales despite missing on EPS.,5,increase,0.7,0.4,,169,35,2.0,2019-10-16,42877.0,3.6290351301431665,0.458278227597475,1.037610871508421,1.772585885782818,1.8433989956974983,1.1327594174008304,3.7367509034357704
27169,HUNT J B TRANSPORT SERVICES INC,"UBS Maintains Neutral on JB Hunt Transport Servs, Raises Price Target to $114",5,uncertain,0.6,0.3,,166,35,1.0,2019-10-16,42877.0,3.6290351301431665,0.458278227597475,1.037610871508421,1.772585885782818,1.8433989956974983,1.1327594174008304,3.7367509034357704
27177,HUNT J B TRANSPORT SERVICES INC,"Morgan Stanley Maintains Equal-Weight on JB Hunt Transport Servs, Lowers Price Target to $86",5,decrease,0.75,0.4,,169,35,0.0,2019-10-16,42877.0,3.6290351301431665,0.458278227597475,1.037610871508421,1.772585885782818,1.8433989956974983,1.1327594174008304,3.7367509034357704
27185,HUNT J B TRANSPORT SERVICES INC,"JB Hunt Transport Servs Q3 EPS $1.40  Misses $1.45 Estimate, Sales $2.4B Beat $2.35B Estimate",5,uncertain,0.6,0.3,,182,35,1.0,2019-10-15,42877.0,1.843398995697498,3.6290351301431656,5.143367447086256,6.639788524201462,-0.6977767683565617,1.8590816159015588,3.348111934568232
27193,HUNT J B TRANSPORT SERVICES INC,Q3 Earnings Outlook For JB Hunt Transport,5,uncertain,0.6,0.3,,156,35,1.0,2019-10-15,42877.0,1.843398995697498,3.6290351301431656,5.143367447086256,6.639788524201462,-0.6977767683565617,1.8590816159015588,3.348111934568232
27201,HUNT J B TRANSPORT SERVICES INC,Cass Says Data Continues To Point Toward Economic Contraction,5,decrease,0.8,0.6,,160,35,0.0,2019-10-14,42877.0,-0.6977767683565617,1.8433989956974983,5.2929325231470425,6.579667049941285,2.5748249143362045,4.074318349838846,4.118505297921016
27209,HUNT J B TRANSPORT SERVICES INC,"Today's Pickup: JB Hunt, Schneider Lead SmartWay Excellence Award Winners",5,increase,0.75,0.3,,161,35,2.0,2019-10-08,42877.0,-1.9655905663967128,0.042457110248506,5.2979174719401945,10.713776281651713,-0.4328616894781589,-0.6159203735525587,1.3404576584268302
27217,HUNT J B TRANSPORT SERVICES INC,Susquehanna Downgrades JB Hunt Transport Servs to Neutral,5,decrease,0.8,0.6,,162,35,0.0,2019-10-08,42877.0,-1.9655905663967128,0.042457110248506,5.2979174719401945,10.713776281651713,-0.4328616894781589,-0.6159203735525587,1.3404576584268302
27225,JABIL INC,Jabil Inc Names Kathleen A. Walters To Its Board Of Directors,5,uncertain,0.6,0.2,,151,35,1.0,2019-10-16,79094.0,-1.233216654509306,1.0266340337693691,0.693673713819809,4.0787941225101765,2.3849671706557274,2.962762669802288,4.705891836480203
27233,JABIL INC,"JP Morgan Maintains Overweight on Jabil, Raises Price Target to $38",5,increase,0.85,0.7,,154,35,2.0,2019-10-16,79094.0,-1.233216654509306,1.0266340337693691,0.693673713819809,4.0787941225101765,2.3849671706557274,2.962762669802288,4.705891836480203
27241,JABIL INC,Apple's Stock Higher On Reports Of 'Much Busier' iPhone 11 Demand,5,increase,0.8,0.6,,155,35,2.0,2019-10-04,79094.0,2.481953054666519,0.2816172782331705,-0.197126684472515,1.943121526173286,0.0577547121793031,-0.8867207128630983,-3.1311123438346744
27249,JABIL INC,"Bank of America Reiterates Neutral on Jabil, Raises Price Target to $37",5,uncertain,0.6,0.3,,155,35,1.0,2019-10-04,79094.0,2.481953054666519,0.2816172782331705,-0.197126684472515,1.943121526173286,0.0577547121793031,-0.8867207128630983,-3.1311123438346744
27257,JETBLUE AIRWAYS CORP,JetBlue Airways shares are trading higher after JP Morgan upgraded the stock from Neutral to Overweight.,5,increase,0.85,0.7,,164,35,2.0,2019-10-28,89353.0,2.505326829850674,1.2480488047003746,1.0920488947855578,2.756113903358104,1.790558360517025,-0.6355877097042884,-0.2127608069126929
27265,JETBLUE AIRWAYS CORP,JetBlue Airways shares are trading higher after the company reported better-than-expected Q3 EPS and sales results.,5,increase,0.85,0.7,,167,24,2.0,2019-10-22,89353.0,7.305929064750671,0.4255315288901329,3.5638302914914988,4.361710813383812,3.301895037293434,1.9197202616586528,3.2106042151989422
27273,JETBLUE AIRWAYS CORP,From JetBlue Q3 Earnings Conference Call: Mgmt. Has Made No Changes To 2020 Aircraft Delivery Schedule,5,uncertain,0.6,0.3,,169,35,1.0,2019-10-22,89353.0,7.305929064750671,0.4255315288901329,3.5638302914914988,4.361710813383812,3.301895037293434,1.9197202616586528,3.2106042151989422
27281,JETBLUE AIRWAYS CORP,"JetBlue Airways Q3 EPS $0.59 Beats $0.52 Estimate, Sales $2.09B Beat $2.07B Estimate",5,increase,0.85,0.6,,176,35,2.0,2019-10-22,89353.0,7.305929064750671,0.4255315288901329,3.5638302914914988,4.361710813383812,3.301895037293434,1.9197202616586528,3.2106042151989422
27289,JETBLUE AIRWAYS CORP,"Stifel Nicolaus Upgrades JetBlue Airways to Buy, Raises Price Target to $24",5,increase,0.85,0.7,,164,35,2.0,2019-10-21,89353.0,3.301895037293434,7.305929064750671,9.760268549656724,10.958904349266918,-1.3379955664277077,-0.0883728435587261,-1.021308057523962
27297,JETBLUE AIRWAYS CORP,JetBlue Shares Up 2.6% From Session Lows; Hearing Stifel Upgraded Stock To Buy,5,increase,0.8,0.6,,168,35,2.0,2019-10-21,89353.0,3.301895037293434,7.305929064750671,9.760268549656724,10.958904349266918,-1.3379955664277077,-0.0883728435587261,-1.021308057523962
27305,JETBLUE AIRWAYS CORP,"Morgan Stanley Maintains Equal-Weight on JetBlue Airways, Lowers Price Target to $19",5,decrease,0.8,0.6,,165,35,0.0,2019-10-10,89353.0,0.8957874961197376,-0.2663514344021678,1.7460791600952597,9.085527244626856,1.208829041570425,0.8127647492351286,2.353302088360154
27313,JETBLUE AIRWAYS CORP,"JetBlue Air Reports Sep. Traffic: RPMs Up 3.4% Year Over Year, ASMs Up 2.5%, Load Factor Up 0.6 Points",5,increase,0.75,0.4,,182,35,2.0,2019-10-10,89353.0,0.8957874961197376,-0.2663514344021678,1.7460791600952597,9.085527244626856,1.208829041570425,0.8127647492351286,2.353302088360154
27321,JETBLUE AIRWAYS CORP,"Buckingham Upgrades JetBlue Airways to Buy, Raises Price Target to $22",5,increase,0.85,0.7,,162,35,2.0,2019-10-07,89353.0,1.528117340058088,-0.3913337364792824,1.8061362668355896,5.478626284059929,2.1223479881882668,1.48883227875225,-1.0284335593647276
27329,JETBLUE AIRWAYS CORP,"Morgan Stanley Maintains Equal-Weight on JetBlue Airways, Lowers Price Target to $20",5,decrease,0.8,0.6,,165,35,0.0,2019-10-02,89353.0,-2.480337768793106,-0.6203497294336557,3.877171088220432,5.303967238910556,-1.3134287670254707,-1.6071343253624248,-2.4203059845230968
27337,SANFILIPPO JOHN B & SON,John B. Sanfilippo & Son Declares $2/Share Special Dividend,5,increase,0.8,0.6,,165,35,2.0,2019-10-29,77165.0,10.25085970759392,2.9619500041007996,0.8140464886734922,-1.6771273994635294,-0.6232475861907005,-2.7038397358554844,-3.142019218397196
27345,SANFILIPPO JOHN B & SON,"John B Sanfilippo & Son Q1 EPS $1.12 Beats $0.91 Estimate, Sales $217.846M Beat $211.5M Estimate",5,increase,0.85,0.7,,183,35,2.0,2019-10-28,77165.0,-0.6232475861907005,10.250859707593918,11.310551836187477,7.947662075577822,-2.0936407148838043,-2.5345682677556436,-2.8094020913709383
27353,JOHN BEAN TECHNOLOGIES CORP,John Bean Technologies Sees FY19 Adj. EPS $4.80-$4.90 vs $4.83 Est.,5,uncertain,0.6,0.3,,172,35,1.0,2019-10-28,92729.0,2.913074940443039,-1.04769729077816,0.964987612892476,0.6249428841176741,0.2845518756657839,-1.5274279549144063,-0.2264772051069452
27361,JOHN BEAN TECHNOLOGIES CORP,"John Bean Technologies Q3 Adj. EPS $1.28 Beats $1.08 Estimate, Sales $489.4M Miss $508.2M Estimate",5,uncertain,0.6,0.3,,180,35,1.0,2019-10-28,92729.0,2.913074940443039,-1.04769729077816,0.964987612892476,0.6249428841176741,0.2845518756657839,-1.5274279549144063,-0.2264772051069452
27369,JOHN BEAN TECHNOLOGIES CORP,"JP Morgan Maintains Underweight on John Bean Technologies, Raises Price Target to $96",5,uncertain,0.6,0.3,,165,35,1.0,2019-10-10,92729.0,0.1231302507221699,4.037707298994064,8.423858514508598,8.044679680630807,2.2129004821181297,1.499690128551845,0.5882956587435206
27377,JOHNSON CONTROLS INTL PLC,Johnson Controls Intl Option Alert: Jan 17 $45 Calls at the Ask: 10202 @ $0.72 vs 1868 OI; Earnings 11/7 Before Open [est] Ref=$42.62,5,increase,0.75,0.6,,194,35,2.0,2019-10-21,45356.0,1.290324795991182,0.7077123038470745,0.6605303234155979,4.883226620626235,-1.7144277691841123,-0.3571465431367659,-0.8293893355661552
27385,JOHNSON CONTROLS INTL PLC,"JP Morgan Maintains Neutral on Johnson Controls Intl, Raises Price Target to $41",5,uncertain,0.6,0.3,,164,35,1.0,2019-10-10,45356.0,0.4567366559058428,2.2254135459661484,1.890406645764631,1.2203836676999202,0.7020021788775921,-1.5151590795908445,-1.97926528360437
27393,J D COM INC,Vertical Group Earlier Initiated Coverage On JD.com with Buy Rating,5,increase,0.8,0.6,,152,35,2.0,2019-10-22,14655.0,-2.449243329465389,1.618763618171215,4.988438021994002,8.952755524097157,3.675243631005287,0.9433993259167162,-0.6722120117551134
27401,J D COM INC,JD.com Option Alert: Nov 29 $27.5 Puts at the Bid: 3500 @ $0.531 vs 2 OI; Earnings 11/18 Before Open [est] Ref=$30.75,5,decrease,0.75,0.6,,187,35,0.0,2019-10-21,14655.0,3.675243631005287,-2.4492433294653893,2.2558776324873575,6.735411721299855,-2.635001577436924,-4.193340175050464,-3.4516119031284043
27409,J D COM INC,"86 Research Upgrades JD.com to Buy, Raises Price Target to $41",5,increase,0.8,0.6,,155,29,2.0,2019-10-11,14655.0,3.9538107812404633,0.4039072431623935,0.7404956266726659,4.880514570267924,0.7047243416309357,3.0652736220232013,-0.9358767964774196
27417,J D COM INC,JD.Com shares are trading higher in sympathy with the overall market on renewed optimism in the upcoming U.S.-China trade talks.,5,increase,0.8,0.6,,164,35,2.0,2019-10-09,14655.0,2.344030328094959,0.7047243416309357,10.077521735794948,8.386191530024778,-3.8821518421173096,-4.3463270622613015,-3.715276736901985
27425,J D COM INC,JD.com Option Alert: Nov 8 $30.5 Calls at the Ask: 1000 @ $0.72 vs 1 OI; Earnings 11/18 Before Open [est] Ref=$28.815,5,increase,0.75,0.6,,186,35,2.0,2019-10-07,14655.0,-0.482923025265336,-3.8821518421173096,3.396878627225486,7.5563268727621535,0.6597240921109915,3.314327643567805,2.837883078097647
27433,J D COM INC,JD.com Option Alert: Nov 15 $32 Calls Sweep (43) near the Ask: 900 @ $0.49 vs 16367 OI; Earnings 11/18 Before Open [est] Ref=$28.78,5,increase,0.7,0.5,,188,35,2.0,2019-10-07,14655.0,-0.482923025265336,-3.8821518421173096,3.396878627225486,7.5563268727621535,0.6597240921109915,3.314327643567805,2.837883078097647
27441,J D COM INC,JD.com Option Alert: Fri $28 Puts at the Bid: 3000 @ $0.31 vs 17062 OI; Earnings 11/18 Before Open [est] Ref=$28.125,5,decrease,0.7,0.4,,184,35,0.0,2019-10-02,14655.0,-0.4611602053046227,2.637205272912979,1.1404123994365634,11.332859442662402,-0.0708917097654193,1.329981455215612,-4.6991189842435555
27449,J & J SNACK FOODS CORP,J&J Snack Foods Corp. Acquires ICEE Distributor In Louisiana; Terms Not Disclosed,5,increase,0.75,0.4,,169,35,2.0,2019-10-03,10026.0,1.196410041302443,1.457089651376009,-0.4511331258602813,1.3741218384875298,0.6549439858645201,-0.7447878690185594,-0.4336398217335557
27457,JINKOSOLAR HOLDING CO LTD,Dubai Receives Lowest Ever Tariff Bid For Solar PV for 900mw Solar Project,5,increase,0.8,0.6,,165,35,2.0,2019-10-10,93380.0,2.732596546411514,-0.5066493060439825,-2.4699196626112085,-3.3565529493614132,-4.057431593537331,-1.78913560716214,-4.057431551763835
27465,JONES LANG LASALLE INC,Dubai Housing Needs Fixing to Avoid Credit Crunch,5,decrease,0.7,0.4,,153,35,0.0,2019-10-28,85246.0,1.278290059417486,0.074244471034035,1.862847146527713,9.503240325447138,1.1757361702620983,1.0150433787411428,1.5973245818128756
27473,JOHNSON & JOHNSON,"J&J Shares Unaffected As Hearing Co. Has Recalled Surgical Tool After Death Of Patient, Serious Injuries",5,decrease,0.7,0.3,,165,35,0.0,2019-10-31,22111.0,-0.6022305693477392,-0.6361681036651134,-0.4619816579776836,-0.8179237901358438,2.8775284066796303,2.833258916992931,3.4982391877786956
27481,JOHNSON & JOHNSON,Johnson & Johnson Says Independent Labs Found No Asbestos In Recalled Powder,5,increase,0.8,0.6,,156,35,2.0,2019-10-30,22111.0,2.87752840667963,-0.6022305693477392,-1.415228566787774,-1.1818669575147878,-0.0430312531534582,0.6033492354573067,1.2740430250033574
27489,JOHNSON & JOHNSON,J&J's Janssen Announces Health Canada Approval Of Darzalex In Combination With Lenalidomide And Dexamethasone For Newly Diagnosed Patients With Multiple Myeloma Who Are Transplant Ineligible,5,increase,0.85,0.6,,185,35,2.0,2019-10-30,22111.0,2.87752840667963,-0.6022305693477392,-1.415228566787774,-1.1818669575147878,-0.0430312531534582,0.6033492354573067,1.2740430250033574
27497,JOHNSON & JOHNSON,"J&J's Own Expert, Working for FDA, Found Asbestos in Baby Powder",5,decrease,0.9,0.7,,159,35,0.0,2019-10-30,22111.0,2.87752840667963,-0.6022305693477392,-1.415228566787774,-1.1818669575147878,-0.0430312531534582,0.6033492354573067,1.2740430250033574
27505,JOHNSON & JOHNSON,Johnson & Johnson Shares Resume Trade,5,uncertain,0.5,0.3,,148,35,1.0,2019-10-29,22111.0,-0.0430312531534582,2.8775284066796303,1.0033682641585218,1.7236100643946315,0.6466587539762259,1.3176412757098133,-0.5542734638493529
27513,JOHNSON & JOHNSON,UPDATE: Lab Undertook Probe And Determined That Portable Air Conditioner In Use In Auxiliary Room Was Contaminated With Asbestos,5,decrease,0.8,0.6,,167,35,0.0,2019-10-29,22111.0,-0.0430312531534582,2.8775284066796303,1.0033682641585218,1.7236100643946315,0.6466587539762259,1.3176412757098133,-0.5542734638493529
27521,JOHNSON & JOHNSON,"UPDATE: Additional 48 New Tests Of Samples From Single Lot Of Oct. 18 Recalled J&J Baby Powder Confirm It Does Not Contain Asbestos; Following Recall, Co. Contracted 2 3rd-party Laboratories To Expedite Large Number Of Tests Of Recalled Lot Of Baby Powder",5,increase,0.8,0.6,,203,35,2.0,2019-10-29,22111.0,-0.0430312531534582,2.8775284066796303,1.0033682641585218,1.7236100643946315,0.6466587539762259,1.3176412757098133,-0.5542734638493529
27529,JOHNSON & JOHNSON,Johnson & Johnson Says 15 New Tests From Same Bottle Of Co.'s Baby Powder Previously Tested By FDA Find No Asbestos; Over 60 New Tests Of Recalled Lot Conducted By Two Third Party Laboratories Find No Asbestos,5,increase,0.8,0.6,,188,35,2.0,2019-10-29,22111.0,-0.0430312531534582,2.8775284066796303,1.0033682641585218,1.7236100643946315,0.6466587539762259,1.3176412757098133,-0.5542734638493529
27537,JOHNSON & JOHNSON,"Johnson & Johnson Shares Halted, News Pending",5,uncertain,0.5,0.7,,151,35,1.0,2019-10-29,22111.0,-0.0430312531534582,2.8775284066796303,1.0033682641585218,1.7236100643946315,0.6466587539762259,1.3176412757098133,-0.5542734638493529
27545,JOHNSON & JOHNSON,"J&J Says All Product Returned To Company, Whether From Recalled Lot Or Not, Will Be Removed From Marketplace Permanently",5,decrease,0.8,0.6,,167,35,0.0,2019-10-25,22111.0,0.6666714325547218,0.6466587539762259,2.2204835903758102,3.622901159747371,-1.847570389509201,-1.3157870803116922,-0.4061898190884094
27553,JOHNSON & JOHNSON,"Credit Suisse Maintains Outperform on Johnson & Johnson, Raises Price Target to $163",5,increase,0.85,0.6,,159,35,2.0,2019-10-24,22111.0,-1.847570389509201,0.6666714325547218,3.5607789965754977,3.0823471927525325,0.5417933221906424,1.4685123701377425,1.7227854208593518
27561,JOHNSON & JOHNSON,"J&J Confirms Deal In Principle To Settle Opioid Litigation As Publicly Announced, Outlined By Committee Of State Attorneys General",5,increase,0.7,0.4,,171,35,2.0,2019-10-23,22111.0,0.5417933221906424,-1.847570389509201,2.263281450804566,0.8160222783782034,0.9217252023518084,1.174628042374537,-5.118602915251591
27569,JOHNSON & JOHNSON,"J&J Medical Devices Unit Auris Health Reports Results From BENEFIT Study Showing Safety, Feasibility Of Monarch Platform",5,increase,0.8,0.6,,166,35,2.0,2019-10-23,22111.0,0.5417933221906424,-1.847570389509201,2.263281450804566,0.8160222783782034,0.9217252023518084,1.174628042374537,-5.118602915251591
27577,JOHNSON & JOHNSON,How Much Litigation Risk Is Priced Into Johnson & Johnson?,5,decrease,0.8,0.6,,153,35,0.0,2019-10-21,22111.0,0.2505930606275797,0.9217252023518084,0.9060993319073952,1.726286059122284,-6.220167130231857,-5.526375368630876,-3.869316403383327
27585,JOHNSON & JOHNSON,"J&J's Actelion Pharma Reports Safety, Tolerability Findings From Trial Of Opsumit, Tadalafil Combo Therapy Consistent vs Previous Trials, Was Well Tolerated",5,increase,0.75,0.4,,179,35,2.0,2019-10-21,22111.0,0.2505930606275797,0.9217252023518084,0.9060993319073952,1.726286059122284,-6.220167130231857,-5.526375368630876,-3.869316403383327
27593,JOHNSON & JOHNSON,"FDA Alerts Consumers Of Voluntary Recall Of Johnson & Johnson's Baby Powder; Says That Testing Has Found That A Sample For One Lot Of The Product Contains Chrysotile Fibers, A Type Of Asbestos",5,decrease,0.9,0.7,,183,35,0.0,2019-10-18,22111.0,-6.220167130231857,0.2505930606275797,0.5090126855171517,2.740798819047807,0.73980912566185,2.506776409074152,4.169214229696783
27601,JOHNSON & JOHNSON,From J&J Conference Call To Discuss Powder Recall: Probe Into Asbestos Contamination Of Talc Could Take Up To 30 Days Or More,5,decrease,0.8,0.6,,171,35,0.0,2019-10-18,22111.0,-6.220167130231857,0.2505930606275797,0.5090126855171517,2.740798819047807,0.73980912566185,2.506776409074152,4.169214229696783
27609,JOHNSON & JOHNSON,Johnson & Johnson Voluntarily Recalls A Batch Of Baby Powder,5,decrease,0.8,0.3,,155,35,0.0,2019-10-18,22111.0,-6.220167130231857,0.2505930606275797,0.5090126855171517,2.740798819047807,0.73980912566185,2.506776409074152,4.169214229696783
27617,JOHNSON & JOHNSON,Johnson & Johnson shares are trading lower after the company recalled 1 lot of baby powder due to trace levels of asbestos.,5,decrease,0.8,0.6,,165,35,0.0,2019-10-18,22111.0,-6.220167130231857,0.2505930606275797,0.5090126855171517,2.740798819047807,0.73980912566185,2.506776409074152,4.169214229696783
27625,JOHNSON & JOHNSON,UPDATE: J&J Reports Its Consumer Unit's Recall Of Baby Powder Related To 'test indicating the presence of sub-trace levels of chrysotile asbestos contamination',5,decrease,0.85,0.6,,174,35,0.0,2019-10-18,22111.0,-6.220167130231857,0.2505930606275797,0.5090126855171517,2.740798819047807,0.73980912566185,2.506776409074152,4.169214229696783
27633,JOHNSON & JOHNSON,J&J's Consumer Unit To Voluntarily Recall1 Lot Of Johnson's Baby Powder,5,decrease,0.7,0.3,,160,35,0.0,2019-10-18,22111.0,-6.220167130231857,0.2505930606275797,0.5090126855171517,2.740798819047807,0.73980912566185,2.506776409074152,4.169214229696783
27641,JOHNSON & JOHNSON,European Medicines Agency Reports Positive Opinion From CHMP For J&J's Combo Treatment In Adults With Treatment-Resistant Major Depressive Disorder,5,increase,0.8,0.6,,169,35,2.0,2019-10-18,22111.0,-6.220167130231857,0.2505930606275797,0.5090126855171517,2.740798819047807,0.73980912566185,2.506776409074152,4.169214229696783
27649,JOHNSON & JOHNSON,J&J's Janssen Presents Four-Year TREMFYA Data Showing Maintained Rates Of Skin Clearance In Adult Patients With Moderate To Severe Plaque Psoriasis,5,increase,0.8,0.6,,173,35,2.0,2019-10-17,22111.0,0.73980912566185,-6.220167130231857,-6.367040079711939,-3.0329773089983747,1.7539910972118378,3.4042203710721086,2.923929221036392
27657,JOHNSON & JOHNSON,"Ohio AG Yost Says Multi-State Settlement Requires Johnson & Johnson, Ethicon Inc To Pay About $117M For 'Deceptive Marketing Of Transvaginal Surgical Mesh Devices'",5,decrease,0.8,0.3,,178,35,0.0,2019-10-17,22111.0,0.73980912566185,-6.220167130231857,-6.367040079711939,-3.0329773089983747,1.7539910972118378,3.4042203710721086,2.923929221036392
27665,JOHNSON & JOHNSON,Ohio AG Dave Yost Announces $117M Multi-State Settlement With Johnson & Johnson,5,decrease,0.7,0.3,,158,35,0.0,2019-10-17,22111.0,0.73980912566185,-6.220167130231857,-6.367040079711939,-3.0329773089983747,1.7539910972118378,3.4042203710721086,2.923929221036392
27673,JOHNSON & JOHNSON,"Analysts, Investors Like Johnson & Johnson's Improvement, But Lawsuits Loom",5,uncertain,0.6,0.3,,157,35,1.0,2019-10-16,22111.0,1.7539910972118382,0.73980912566185,-3.89879753692427,-1.7237568475773624,1.6217833384871485,1.1497712386601575,2.928869418190616
27681,JOHNSON & JOHNSON,"Credit Suisse Maintains Outperform on Johnson & Johnson, Raises Price Target to $158",5,increase,0.8,0.6,,159,35,2.0,2019-10-16,22111.0,1.7539910972118382,0.73980912566185,-3.89879753692427,-1.7237568475773624,1.6217833384871485,1.1497712386601575,2.928869418190616
27689,JOHNSON & JOHNSON,"Wells Fargo Maintains Outperform on Johnson & Johnson, Lowers Price Target to $155",5,decrease,0.7,0.3,,161,35,0.0,2019-10-16,22111.0,1.7539910972118382,0.73980912566185,-3.89879753692427,-1.7237568475773624,1.6217833384871485,1.1497712386601575,2.928869418190616
27697,JOHNSON & JOHNSON,Johnson & Johnson shares are trading higher after it was reported the company has offered $4 billion to settle opioid claims. Atlantic Equities analysts also upgraded the company's stock from Underweight to Neutral.,5,increase,0.8,0.6,,179,35,2.0,2019-10-16,22111.0,1.7539910972118382,0.73980912566185,-3.89879753692427,-1.7237568475773624,1.6217833384871485,1.1497712386601575,2.928869418190616
27705,JOHNSON & JOHNSON,Atlantic Equities Upgrades Johnson & Johnson to Neutral,5,increase,0.7,0.3,,152,35,2.0,2019-10-16,22111.0,1.7539910972118382,0.73980912566185,-3.89879753692427,-1.7237568475773624,1.6217833384871485,1.1497712386601575,2.928869418190616
27713,JOHNSON & JOHNSON,J&J Makes $4B Offer to Settle Opioid Claims,5,uncertain,0.6,0.3,,157,35,1.0,2019-10-16,22111.0,1.7539910972118382,0.73980912566185,-3.89879753692427,-1.7237568475773624,1.6217833384871485,1.1497712386601575,2.928869418190616
27721,JOHNSON & JOHNSON,UPDATE: J&J Also In Talks To Contribute Added Money For Opioid Litigation,5,decrease,0.8,0.6,,160,35,0.0,2019-10-15,22111.0,1.6217833384871478,1.7539910972118378,-2.7401384365311365,-2.7970429920460504,-0.4644792526960373,1.2862262762598498,1.1608109590321103
27729,JOHNSON & JOHNSON,Missouri Appeals Court Overturns Talc Case In Which Jury Had Awarded $110M To Virginia Woman,5,increase,0.8,0.6,,164,35,2.0,2019-10-15,22111.0,1.6217833384871478,1.7539910972118378,-2.7401384365311365,-2.7970429920460504,-0.4644792526960373,1.2862262762598498,1.1608109590321103
27737,JOHNSON & JOHNSON,Relmada Shares Hit 4-Year High As Depression Drug Aces Midstage Trial,5,uncertain,0.6,0.2,,158,35,1.0,2019-10-15,22111.0,1.6217833384871478,1.7539910972118378,-2.7401384365311365,-2.7970429920460504,-0.4644792526960373,1.2862262762598498,1.1608109590321103
27745,JOHNSON & JOHNSON,"Johnson & Johnson Trades Higher On Q3 Beat-And-Raise, Despite Legal Entanglements",5,increase,0.85,0.6,,160,35,2.0,2019-10-15,22111.0,1.6217833384871478,1.7539910972118378,-2.7401384365311365,-2.7970429920460504,-0.4644792526960373,1.2862262762598498,1.1608109590321103
27753,JOHNSON & JOHNSON,Johnson & Johnson shares are trading higher after the company reported better-than-expected Q3 EPS and sales results. The company also raised its FY19 EPS guidance.,5,increase,0.9,0.7,,173,35,2.0,2019-10-15,22111.0,1.6217833384871478,1.7539910972118378,-2.7401384365311365,-2.7970429920460504,-0.4644792526960373,1.2862262762598498,1.1608109590321103
27761,JOHNSON & JOHNSON,Johnson & Johnson Raises FY19 Adj. Operational EPS Guidance From $8.73-$8.83 To $8.84-$8.89,5,increase,0.85,0.6,,171,35,2.0,2019-10-15,22111.0,1.6217833384871478,1.7539910972118378,-2.7401384365311365,-2.7970429920460504,-0.4644792526960373,1.2862262762598498,1.1608109590321103
27769,JOHNSON & JOHNSON,"Johnson & Johnson Q3 Adj. EPS $2.12 Beats $2 Estimate, Sales $20.73B Beat $20.09B Estimate",5,increase,0.85,0.6,,172,35,2.0,2019-10-15,22111.0,1.6217833384871478,1.7539910972118378,-2.7401384365311365,-2.7970429920460504,-0.4644792526960373,1.2862262762598498,1.1608109590321103
27777,JOHNSON & JOHNSON,"Raymond James Maintains Outperform on Johnson & Johnson, Lowers Price Target to $145",5,decrease,0.7,0.3,,161,35,0.0,2019-10-14,22111.0,-0.4644792526960373,1.6217833384871485,-2.0654813468868216,-1.1780973276642517,1.7588751390576365,1.632874575353216,-0.3868284731462279
27785,JOHNSON & JOHNSON,Congo to Begin Using J&J Ebola Vaccine in November,5,increase,0.75,0.4,,154,35,2.0,2019-10-14,22111.0,-0.4644792526960373,1.6217833384871485,-2.0654813468868216,-1.1780973276642517,1.7588751390576365,1.632874575353216,-0.3868284731462279
27793,JOHNSON & JOHNSON,Bernstein Upgrades Johnson & Johnson to Outperform,5,increase,0.8,0.6,,152,35,2.0,2019-10-11,22111.0,1.7588751390576358,-0.4644792526960373,-2.764033451862058,-2.2690900472468356,-0.1238226774148643,-2.108615694966831,-3.0790072712008176
27801,JOHNSON & JOHNSON,Johnson & Johnson Hit With $8B Verdict In Risperdal Lawsuit,5,decrease,0.85,0.7,,157,35,0.0,2019-10-09,22111.0,-1.987253688275814,-0.1238226774148643,4.604547893241251,0.5262283564688053,-0.9912941604852676,-1.3616693698941251,0.4954599505473833
27809,JOHNSON & JOHNSON,Jury Says J&J Must Pay $8B In Case Over Male Breast Growth Linked To Risperdal,5,decrease,0.85,0.6,,164,35,0.0,2019-10-09,22111.0,-1.987253688275814,-0.1238226774148643,4.604547893241251,0.5262283564688053,-0.9912941604852676,-1.3616693698941251,0.4954599505473833
27817,JOHNSON & JOHNSON,J&J's Janssen Reports FDA Breakthrough Therapy Designation Granted For Niraparib For Treatment Of Metastatic Castration-Resistant Prostate Cancer,5,increase,0.85,0.6,,174,35,2.0,2019-10-03,22111.0,-0.6136345211416483,1.8827663734555244,-1.6236030906989662,3.796017577782451,1.5462685376405716,2.0250386999560055,2.64385209027469
27825,JOHNSON & JOHNSON,J&J's Janssen Submits Supplemental New Drug Application To FDA For SPRAVATO CIII Nasal Spray For The Rapid Reduction Of Depressive Symptoms In Adults With Major Depressive Disorder Who Have Active Suicidal Ideation With Intent,5,increase,0.8,0.6,,190,35,2.0,2019-10-02,22111.0,1.546268537640572,-0.6136345211416483,-2.1060597249142554,2.401513639633013,0.4714798182249069,1.0808703938020914,0.8847491951446296
27833,JOHNSON & JOHNSON,Johnson & Johnson shares are trading higher after the company reached a settlement agreement with two Ohio counties ahead of upcoming opioid trial. The company will pay a total of $20.4 million in relation to the settlement.,5,increase,0.8,0.4,,183,35,2.0,2019-10-02,22111.0,1.546268537640572,-0.6136345211416483,-2.1060597249142554,2.401513639633013,0.4714798182249069,1.0808703938020914,0.8847491951446296
27841,JOHNSON & JOHNSON,UPDATE: JNJ To Pay $5M Of Ohio Counties' Legal Fees And Will Direct $5.4M To Opiod-Related Charitable Programs,5,decrease,0.7,0.3,,174,35,0.0,2019-10-02,22111.0,1.546268537640572,-0.6136345211416483,-2.1060597249142554,2.401513639633013,0.4714798182249069,1.0808703938020914,0.8847491951446296
27849,JOHNSON & JOHNSON,Johnson & Johnson Reaches Settlement Agreement with Two Ohio Counties Ahead of Upcoming Opioid Trial; JNJ to Pay $10M to Cuyahoga and Summit Counties,5,uncertain,0.6,0.3,,176,35,1.0,2019-10-02,22111.0,1.546268537640572,-0.6136345211416483,-2.1060597249142554,2.401513639633013,0.4714798182249069,1.0808703938020914,0.8847491951446296
27857,JUNIPER NETWORKS INC,"Nomura Maintains Buy on Juniper Networks, Lowers Price Target to $30",5,decrease,0.7,0.4,,161,35,0.0,2019-10-25,86979.0,2.937573753297329,-0.3170825308188796,-2.933015433132413,3.725725733322016,-1.8028801307082176,-1.0096930397673454,1.0721658091558783
27865,JUNIPER NETWORKS INC,"Juniper Networks Sees Q4 Adj. EPS $0.54-$0.60 vs $0.57 Estimate, Sales $1.185B +/- $30M vs $1.22B Est.",5,decrease,0.8,0.6,,186,35,0.0,2019-10-24,86979.0,-1.802880130708218,2.937573753297329,1.2647876910378386,5.0591588421601275,0.8077498525381088,2.927831227322142,4.4351442261802765
27873,JUNIPER NETWORKS INC,"Juniper Networks Q3 Adj. EPS $0.48 Beats $0.46 Estimate, Sales $1.133B Miss $1.14B Estimate",5,uncertain,0.6,0.3,,176,35,1.0,2019-10-24,86979.0,-1.802880130708218,2.937573753297329,1.2647876910378386,5.0591588421601275,0.8077498525381088,2.927831227322142,4.4351442261802765
27881,JUNIPER NETWORKS INC,Juniper Reports $1B Buyback,5,increase,0.85,0.7,,152,35,2.0,2019-10-24,86979.0,-1.802880130708218,2.937573753297329,1.2647876910378386,5.0591588421601275,0.8077498525381088,2.927831227322142,4.4351442261802765
27889,JUNIPER NETWORKS INC,JP Morgan Upgrades Juniper Networks to Neutral,5,increase,0.7,0.4,,153,35,2.0,2019-10-22,86979.0,2.103093639016151,0.8077498525381088,-0.6462029014098314,2.342487741865406,1.464436762034893,1.0837858594708427,3.05992052681312
27897,ST JOE CO,"St. Joe Q3 EPS $0.1 Up From $0.09 YoY, Sales $32.8M Up From $23.7M YoY",5,increase,0.7,0.4,,174,35,2.0,2019-10-30,76123.0,0.8709844201803207,0.1079252571798861,-0.9174315726922178,-3.8855973037992264,0.4373970441520214,3.260258001250871,3.4929624985797103
27905,JAMES RIVER GROUP HLDS LTD,Mixed Reaction As Investors Dump James River Group Stock After Cancellation Of Uber Insurance Policies,5,decrease,0.85,0.7,,163,35,0.0,2019-10-09,15133.0,-22.599096596241,1.0295653715729711,-2.111930519877503,-7.1013792254195796,-2.1982459351420403,-3.1274778824687655,-0.951226936256344
27913,JAMES RIVER GROUP HLDS LTD,James River Group Holdings shares are trading lower after the company announced the early cancellation of insurance policies issued to its largest customer scheduled for Q3. The stock was also downgraded from a couple firms and lowered their price target.,5,decrease,0.85,0.7,,192,35,0.0,2019-10-09,15133.0,-22.599096596241,1.0295653715729711,-2.111930519877503,-7.1013792254195796,-2.1982459351420403,-3.1274778824687655,-0.951226936256344
27921,JAMES RIVER GROUP HLDS LTD,"SunTrust Robinson Humphrey Downgrades James River Group Hldgs to Hold, Lowers Price Target to $40",5,decrease,0.85,0.6,,172,30,0.0,2019-10-09,15133.0,-22.599096596241,1.0295653715729711,-2.111930519877503,-7.1013792254195796,-2.1982459351420403,-3.1274778824687655,-0.951226936256344
27929,JAMES RIVER GROUP HLDS LTD,"B. Riley Downgrades James River Group Hldgs to Sell, Lowers Price Target to $40",5,decrease,0.85,0.7,,170,25,0.0,2019-10-09,15133.0,-22.599096596241,1.0295653715729711,-2.111930519877503,-7.1013792254195796,-2.1982459351420403,-3.1274778824687655,-0.951226936256344
27937,NORDSTROM INC,Nordstrom shares are trading lower after UBS downgraded the stock from Neutral to Sell.,5,decrease,0.85,0.7,,159,25,0.0,2019-10-30,57817.0,-5.119917914271355,1.9596775993704796,4.3169568614235265,5.595005095862615,-2.4447957053780556,-0.3223179132218146,2.2877669169817816
27945,NORDSTROM INC,UBS Downgrades Nordstrom to Sell,5,decrease,0.85,0.7,,151,25,0.0,2019-10-30,57817.0,-5.119917914271355,1.9596775993704796,4.3169568614235265,5.595005095862615,-2.4447957053780556,-0.3223179132218146,2.2877669169817816
27953,NORDSTROM INC,"UPDATE: Nordstrom Filing Shows Co-Pres Presented Co.'s Independent Board Members With Proposals Involving Co. That, If Consummated, Would Have Resulted In Certain Members Of Nordstrom Family Raising Stake",5,increase,0.75,0.6,,185,35,2.0,2019-10-28,57817.0,2.175668440759182,-2.4447957053780556,-3.259731015638101,-1.6035767810208212,2.618524804711342,1.5825320888431582,0.812345677547488
27961,NORDSTROM INC,"Nordstrom 8-K Shows Ken Worzel Named COO; Co. Board Has Held Talks With Co.'s Co-Pres, Pete, Erik Nordstrom, About Succession Planning",5,uncertain,0.6,0.3,,178,35,1.0,2019-10-28,57817.0,2.175668440759182,-2.4447957053780556,-3.259731015638101,-1.6035767810208212,2.618524804711342,1.5825320888431582,0.812345677547488
27969,NORDSTROM INC,Nordstrom Enters New York City As Barneys Is Sold,5,increase,0.75,0.6,,154,35,2.0,2019-10-28,57817.0,2.175668440759182,-2.4447957053780556,-3.259731015638101,-1.6035767810208212,2.618524804711342,1.5825320888431582,0.812345677547488
27977,NORDSTROM INC,"320,000 Sq. Ft. Nordstrom Opens Today in Manhattan",5,increase,0.8,0.6,,155,35,2.0,2019-10-24,57817.0,-1.009557209908962,2.618524804711342,-1.0474016202281278,2.3428948539884864,-0.7581878453493118,2.6323227644922564,5.986117785223377
27985,NORDSTROM INC,"Wedbush Maintains Neutral on Nordstrom, Raises Price Target to $36",5,uncertain,0.6,0.3,,158,35,1.0,2019-10-23,57817.0,-0.7581878453493118,-1.0095572099089622,-3.9290652984161567,0.2182755090175847,3.416413441300392,6.795830793640589,5.393833593523523
27993,KELLOGG CO,Hearing Burger King Discontinues Morningstar Veggie Burger In US,5,decrease,0.7,0.3,,156,35,0.0,2019-10-31,26825.0,-0.5479058716446161,0.2361113205552101,0.3148130856327258,0.81851766175145,1.6064930707216265,4.618407636718813,4.910497269273373
28001,KELLOGG CO,Edward Jones Upgrades Kellogg to Buy,5,increase,0.8,0.6,,150,35,2.0,2019-10-30,26825.0,1.6064930707216258,-0.5479058716446161,0.8296846587018125,0.8296847047240652,2.964293397963047,3.251764822009995,1.96237292811261
28009,KELLOGG CO,Kellogg shares are trading higher after the company reported better-than-expected Q3 EPS and sales results.,5,increase,0.85,0.6,,163,35,2.0,2019-10-29,26825.0,2.964293397963047,1.6064930707216265,1.033881946137294,1.7496458409868687,0.2791952574625611,-0.9730756525254236,-1.8485736621917104
28017,KELLOGG CO,Kellogg Sees Gross Margin Decreasing YoY In 2019,5,decrease,0.8,0.6,,157,35,0.0,2019-10-29,26825.0,2.964293397963047,1.6064930707216265,1.033881946137294,1.7496458409868687,0.2791952574625611,-0.9730756525254236,-1.8485736621917104
28025,KELLOGG CO,Kellogg Trades Higher On Q3 Earnings Beat,5,increase,0.85,0.6,,152,35,2.0,2019-10-29,26825.0,2.964293397963047,1.6064930707216265,1.033881946137294,1.7496458409868687,0.2791952574625611,-0.9730756525254236,-1.8485736621917104
28033,KELLOGG CO,Kellogg Reaffirms Guidance,5,uncertain,0.6,0.3,,149,35,1.0,2019-10-29,26825.0,2.964293397963047,1.6064930707216265,1.033881946137294,1.7496458409868687,0.2791952574625611,-0.9730756525254236,-1.8485736621917104
28041,KELLOGG CO,"Kellogg Q3 Adj. EPS $1.03 Beats $0.91 Estimate, Sales $3.37B Beat $3.35B Estimate",5,increase,0.85,0.6,,174,35,2.0,2019-10-29,26825.0,2.964293397963047,1.6064930707216265,1.033881946137294,1.7496458409868687,0.2791952574625611,-0.9730756525254236,-1.8485736621917104
28049,KELLOGG CO,'Kellogg settles US legal suit linked to 'false health claims' on cereals' -Earlier One News Page Article,5,decrease,0.8,0.4,,166,35,0.0,2019-10-24,26825.0,-0.8841009810566902,-1.248784363269806,3.0327587565066594,3.3571193635605345,0.2094027819111943,-0.4640014596281716,0.4359064852655914
28057,KELLOGG CO,Evercore ISI Group Initiates Coverage On Kellogg with In-Line Rating,5,uncertain,0.6,0.2,,157,35,1.0,2019-10-24,26825.0,-0.8841009810566902,-1.248784363269806,3.0327587565066594,3.3571193635605345,0.2094027819111943,-0.4640014596281716,0.4359064852655914
28065,KELLOGG CO,"RBC Capital Initiates Coverage On Kellogg with Sector Perform Rating, Announces $65 Price Target",5,uncertain,0.6,0.3,,161,35,1.0,2019-10-17,26825.0,1.434856094419956,-0.4340145736932754,-0.8841009672809763,2.121845139724088,-0.9688332676887512,-1.6989862814965728,-1.287621443733333
28073,KADANT INC,"Kadant Q3 Adj. EPS $1.41 Beats $1.27 Estimate, Sales $174M Beat $172.89M Estimate",5,increase,0.85,0.6,,169,35,2.0,2019-10-29,78077.0,1.37907350435853,0.0224893461563624,9.308607804224046,10.241709710240896,1.8456138670444489,1.4921931662317256,0.838979143967844
28081,KAISER ALUMINUM CORP,"Kaiser Aluminum Q3 EPS $1.82 Misses $1.9 Estimate, Sales $375M Miss $393.94M Estimate",5,decrease,0.8,0.6,,177,35,0.0,2019-10-23,91403.0,-0.4563400521874428,3.259982168674469,11.376485473096595,13.784790242095934,0.4789089318364858,0.4686694645334333,-0.0304123927781785
28089,O P E N L A N E INC,Treaders Circulate Dealreporter Reports Indicating KAR Auction Services Has Nominated A Jana Partners Rep To Board,5,uncertain,0.6,0.3,,173,35,1.0,2019-10-22,93174.0,0.6299206521362066,-0.782468169927597,3.7558724832208017,-0.2738644207137097,2.3780740797519684,4.440789206817897,6.276150630037547
28097,K B HOME,"Wedbush Maintains Neutral On KB Home, Raises Price Target To $37",5,uncertain,0.6,0.3,,154,35,1.0,2019-10-17,70092.0,1.260859612375498,0.9407863020896912,1.8262309780874288,-1.2451597050011864,2.705032005906105,4.785664034690007,5.218161946587085
28105,K B R INC,"KeyBanc Maintains Overweight on KBR, Raises Price Target to $34",5,increase,0.8,0.6,,157,35,2.0,2019-10-31,91579.0,-3.8251392543315887,3.9062514901161194,3.657673152835472,6.17897682995221,12.098008394241331,12.485593406712914,15.776985588169534
28113,K B R INC,KBR Wins $45M Contract to Continue to Boost Global Army Readiness,5,increase,0.85,0.6,,155,35,2.0,2019-10-31,91579.0,-3.8251392543315887,3.9062514901161194,3.657673152835472,6.17897682995221,12.098008394241331,12.485593406712914,15.776985588169534
28121,K B R INC,KBR shares are trading higher after the company reported better-than-expected Q3 EPS and sales results.,5,increase,0.85,0.7,,160,35,2.0,2019-10-30,91579.0,12.09800839424133,-3.8251392543315887,0.102455214675845,2.5614758094136825,0.3457554848864674,3.2819291320408395,4.941749462959066
28129,K B R INC,"KBR Earlier Reported Q3 EPS $0.45 Beats $0.43 Estimate, Sales $1.425B Beat $1.42B Estimate",5,increase,0.8,0.3,,172,35,2.0,2019-10-30,91579.0,12.09800839424133,-3.8251392543315887,0.102455214675845,2.5614758094136825,0.3457554848864674,3.2819291320408395,4.941749462959066
28137,KIRBY CORP,Kirby Has Third Quarter Earnings Beat As Floodwaters Recede,5,increase,0.85,0.7,,154,35,2.0,2019-10-25,59045.0,-0.5029391963034868,-0.4931593313813209,-0.4191888369044161,2.453455508614999,-1.067967060953379,-1.2716520004635856,0.4559398082420784
28145,KIRBY CORP,"Kirby Q3 EPS $0.8 Beats $0.72 Estimate, Sales $666.809M Miss $724.17M Estimate",5,uncertain,0.6,0.3,,171,35,1.0,2019-10-25,59045.0,-0.5029391963034868,-0.4931593313813209,-0.4191888369044161,2.453455508614999,-1.067967060953379,-1.2716520004635856,0.4559398082420784
28153,KEYCORP NEW,"Wedbush Maintains Neutral on KeyCorp, Raises Price Target to $20",5,uncertain,0.6,0.3,,156,35,1.0,2019-10-18,64995.0,1.4848670922219749,2.0258789882063866,2.419810336439432,2.9262827941770597,-1.0175256989896295,-1.5185626668305583,-0.4548034350303376
28161,KEYCORP NEW,KeyCorp Q3 EPS $0.38 May Not Compare To $0.46 Estimate,5,decrease,0.8,0.6,,158,35,0.0,2019-10-17,64995.0,-1.01752569898963,1.484867092221975,3.8263853398002863,2.6270650126394512,-0.5061875563114882,0.5685069684639554,1.6666719129113885
28169,KEYCORP NEW,"Morgan Stanley Maintains Overweight on KeyCorp, Lowers Price Target to $20.5",5,decrease,0.75,0.4,,159,35,0.0,2019-10-03,64995.0,0.3519142279401422,0.9351246990263462,0.4675622572587912,2.337811663069145,-1.8987338989973068,-4.428256322034663,-4.53528200259875
28177,KEYCORP NEW,"UBS Maintains Buy on KeyCorp, Raises Price Target to $22",5,increase,0.8,0.6,,155,35,2.0,2019-10-03,64995.0,0.3519142279401422,0.9351246990263462,0.4675622572587912,2.337811663069145,-1.8987338989973068,-4.428256322034663,-4.53528200259875
28185,KEYSIGHT TECHNOLOGIES INC,Keysight Technologies shares are trading higher. Strength is potentially related to overall US market momentum amid US-China trade optimism. The company has exposure to both the US and China and a potential trade deal could be a positive catalyst.,5,increase,0.8,0.6,,189,35,2.0,2019-10-21,14939.0,4.793404042720795,-0.456444825977087,-0.5244255517488305,1.2916400633915526,1.257214788347483,2.793185410795096,0.5423091216877118
28193,KEYSIGHT TECHNOLOGIES INC,"Susquehanna Initiates Coverage On Keysight Technologies with Positive Rating, Announces $115 Price Target",5,increase,0.8,0.6,,166,35,2.0,2019-10-18,14939.0,1.2572147883474831,4.793404042720795,3.073474794722575,3.7044567079502544,1.5168999321758747,-0.7060293611216628,1.633847290455126
28201,KEYSIGHT TECHNOLOGIES INC,"Keysight Technologies, Integrated Device Technologies Report Collaboration On Component Characterization Of 5G mmWave Beamforming Integrated Circuits, No Terms Disclosed",5,increase,0.8,0.6,,175,35,2.0,2019-10-15,14939.0,2.35651433467865,-2.189713530242443,4.8807901659865705,6.814688870398045,0.5052667111158371,1.111938015624614,0.919567451551906
28209,KEYSIGHT TECHNOLOGIES INC,Keysight Technologies shares are trading higher as optimism around upcoming U.S. and China trade talks increases.,5,increase,0.8,0.6,,165,35,2.0,2019-10-09,14939.0,3.489392250776291,-0.1902550458908081,1.0358266834633143,9.322481099417024,-4.978693276643753,-5.34272457723225,-4.232139928703626
28217,KENTUCKY FIRST FEDERAL BANCORP,Kentucky First Federal Q1 EPS $0.03 Up From $0.02 YoY,5,increase,0.7,0.3,,173,35,2.0,2019-10-31,90636.0,0.5390838254243134,-0.8508340455591679,-1.6754500855510224,0.0406399433959592,1.1434254236519337,1.1434254236519337,2.6823049463337023
28225,KIMCO REALTY CORP,"Kimco Realty Q3 FFO $0.37 Up From $0.36 YoY, Sales $282.871M Miss $283.22M Estimate",5,uncertain,0.6,0.2,,179,35,1.0,2019-10-24,77129.0,-0.4703686572611332,-0.0472600600915029,1.8903572920283551,-1.275994796290747,-0.6077567115426064,0.1413127211181031,1.6252397692329668
28233,KIMCO REALTY CORP,"Capital One Financial Downgrades Kimco Realty to Equal-Weight, Announces $21 Price Target",5,decrease,0.8,0.6,,165,35,0.0,2019-10-23,77129.0,-0.6077567115426065,-0.4703686572611332,2.2577588208764876,0.6114729151520004,0.753649789839983,2.2466506508912687,3.8853775072863472
28241,KELSO TECHNOLOGIES INC,"Kelso Technologies Earlier Reported Q3 EPS $0.02 Up From $0.01 YoY, Sales $5.6M Up From $3.49M YoY",5,increase,0.8,0.6,,183,35,2.0,2019-10-31,14973.0,-2.2675437852740292,-1.2572910636663437,6.273491520448182,4.990280521249768,-0.0633021118119359,-1.312665821078074,1.1402930670053602
28249,K K R & CO INC,"KKR & Co Q3 EPS $0.43 Beats $0.42 Estimate, Sales $790.5M Miss $933.64M Estimate",5,decrease,0.7,0.4,,175,35,0.0,2019-10-29,11990.0,-0.2090640133246779,0.6284927017986774,2.513970797100007,3.16547761622199,1.9538229331374168,2.8305300336753714,0.3496517029903945
28257,K K R & CO INC,"KKR Acquires a Majority Stake in Hyperoptic, Terms Not Disclosed",5,increase,0.75,0.6,,159,35,2.0,2019-10-14,11990.0,-0.6463881582021713,2.5258392095565796,6.352858056125665,9.835444773712345,0.4967487882822752,0.266868832618683,2.334624318019518
28265,K K R & CO INC,UPDATE: BMO Capital On KKR Also Thinks 'investors are overly-concerned about recession risk and consequent risks for KKR's larger balance sheet',5,increase,0.7,0.4,,176,35,2.0,2019-10-08,11990.0,-2.132518962025642,2.062251977622509,4.241245597413412,6.887153663345491,1.468319445848465,2.258566641167503,3.4673014350748987
28273,K K R & CO INC,"UPDATE: BMO Capital Initiates KKR With Outperform, $40 Tgt Notes 'The market under-appreciates the reliability of KKR's P-Fees, consensus has yet to consider fully FRE growth acceleration, the market fails to value appropriately meaningful excess capital'",5,increase,0.85,0.7,,198,35,2.0,2019-10-08,11990.0,-2.132518962025642,2.062251977622509,4.241245597413412,6.887153663345491,1.468319445848465,2.258566641167503,3.4673014350748987
28281,K K R & CO INC,"BMO Capital Initiates Coverage On KKR & Co with Outperform Rating, Announces $40 Price Target",5,increase,0.8,0.6,,165,35,2.0,2019-10-08,11990.0,-2.132518962025642,2.062251977622509,4.241245597413412,6.887153663345491,1.468319445848465,2.258566641167503,3.4673014350748987
28289,K L A CORP,KLA Corp shares are trading lower despite beating Q1 EPS and sales estimates.,5,decrease,0.8,0.6,,157,35,0.0,2019-10-31,46886.0,-2.26642768830061,1.9995296373963356,1.721488211069544,4.472321942582069,1.5738829970359802,-1.0413045077723226,1.7771004142911109
28297,K L A CORP,"Wells Fargo Maintains Market Perform on KLA, Raises Price Target to $175",5,increase,0.7,0.4,,159,35,2.0,2019-10-31,46886.0,-2.26642768830061,1.9995296373963356,1.721488211069544,4.472321942582069,1.5738829970359802,-1.0413045077723226,1.7771004142911109
28305,K L A CORP,"Bank of America Maintains Buy on KLA, Raises Price Target to $190",5,increase,0.85,0.7,,158,35,2.0,2019-10-31,46886.0,-2.26642768830061,1.9995296373963356,1.721488211069544,4.472321942582069,1.5738829970359802,-1.0413045077723226,1.7771004142911109
28313,K L A CORP,"UBS Maintains Buy on KLA, Raises Price Target to $192",5,increase,0.8,0.6,,157,35,2.0,2019-10-31,46886.0,-2.26642768830061,1.9995296373963356,1.721488211069544,4.472321942582069,1.5738829970359802,-1.0413045077723226,1.7771004142911109
28321,K L A CORP,"KeyBanc Maintains Overweight on KLA, Raises Price Target to $204",5,increase,0.85,0.7,,159,35,2.0,2019-10-31,46886.0,-2.26642768830061,1.9995296373963356,1.721488211069544,4.472321942582069,1.5738829970359802,-1.0413045077723226,1.7771004142911109
28329,K L A CORP,"KLA Q1 Adj. EPS $2.48 Beats $2.2 Estimate, Sales $1.41B Beat $1.35B Estimate",5,increase,0.85,0.7,,173,35,2.0,2019-10-30,46886.0,1.5738829970359798,-2.2664276883006096,-0.254395564449239,1.9599902242278588,-2.574665285646915,0.2000685720177308,0.91264276118439
28337,K L A CORP,KLA shares are trading higher on seemingly no company-specific news,5,uncertain,0.6,0.3,,154,35,1.0,2019-10-24,46886.0,6.313006579875946,0.7111513987183571,0.1777811428312237,1.9023298353160856,-2.518121711909771,-3.21951136844858,-0.6074275970635479
28345,KIMBERLY CLARK CORP,Kimberly-Clark shares are trading higher after Deutsche Bank upgraded the stock from Sell to Hold and raised the price target from $123 to $124.,5,increase,0.7,0.3,,178,35,2.0,2019-10-23,17750.0,3.795013204216957,0.6701982114464045,-0.4616836829553938,-1.913762775901651,-7.047918438911438,-5.7134503647090495,-4.601084525809796
28353,KIMBERLY CLARK CORP,"Morgan Stanley Maintains Equal-Weight on Kimberly-Clark, Lowers Price Target to $139",5,decrease,0.7,0.4,,167,35,0.0,2019-10-23,17750.0,3.795013204216957,0.6701982114464045,-0.4616836829553938,-1.913762775901651,-7.047918438911438,-5.7134503647090495,-4.601084525809796
28361,KIMBERLY CLARK CORP,"Deutsche Bank Upgrades Kimberly-Clark to Hold, Raises Price Target to $124",5,increase,0.8,0.6,,165,35,2.0,2019-10-23,17750.0,3.795013204216957,0.6701982114464045,-0.4616836829553938,-1.913762775901651,-7.047918438911438,-5.7134503647090495,-4.601084525809796
28369,KIMBERLY CLARK CORP,Kimberly-Clark shares are trading lower after the company reported worse-than-expected Q3 sales results.,5,decrease,0.85,0.6,,169,30,0.0,2019-10-22,17750.0,-7.047918438911438,3.795013204216957,2.7515824819221546,0.7651802536794872,1.4356516301631927,2.632360536749867,3.333337441276907
28377,KIMBERLY CLARK CORP,Kimberly-Clark Sees FY19 Adj. EPS $6.75-$6.90 vs $6.81 Est.,5,uncertain,0.6,0.3,,174,35,1.0,2019-10-22,17750.0,-7.047918438911438,3.795013204216957,2.7515824819221546,0.7651802536794872,1.4356516301631927,2.632360536749867,3.333337441276907
28385,KIMBERLY CLARK CORP,"Kimberly-Clark Q3 Adj. EPS $1.84 Beats $1.8 Estimate, Sales $4.6B Miss $4.65B Estimate",5,uncertain,0.6,0.3,,182,35,1.0,2019-10-22,17750.0,-7.047918438911438,3.795013204216957,2.7515824819221546,0.7651802536794872,1.4356516301631927,2.632360536749867,3.333337441276907
28393,KIMBERLY CLARK CORP,"Wells Fargo Maintains Market Perform on Kimberly-Clark, Raises Price Target to $132",5,increase,0.7,0.3,,166,35,2.0,2019-10-15,17750.0,-0.910444837063551,0.6200058851391077,-3.353993222875684,-0.6946986309190328,-1.8382610753178596,-2.0233471061776864,-1.6381506617508037
28401,KIMBERLY CLARK CORP,"Morgan Stanley Maintains Equal-Weight on Kimberly-Clark, Raises Price Target to $149",5,uncertain,0.6,0.3,,166,35,1.0,2019-10-08,17750.0,-2.176086604595184,0.1750459428876638,-2.3630702036708917,-5.637806212063645,-1.0169507935643196,0.3149173661492588,0.2646902504993553
28409,KAMADA LTD,Kamada and Kedrion Biopharma Highlights Publication Of Results From Registration Study Of KEDRAB In Human Vaccines & Immunotherapeutics Medical Journal,5,increase,0.8,0.6,,171,35,2.0,2019-10-29,13930.0,-3.612168133258821,0.9861876256763936,4.930966262859915,8.34516727248673,2.019050531089306,2.734381731262858,1.3097133378933368
28417,KINDER MORGAN INC,"Goldman Sachs Downgrades Kinder Morgan to Neutral, Announces $21 Price Target",5,decrease,0.85,0.6,,158,25,0.0,2019-10-25,12558.0,-0.0978495925664901,-1.1753171682357788,1.6466695707231471,-0.6837628355996772,0.1960829133167863,0.5905553059630364,1.3888922494438738
28425,KINDER MORGAN INC,"UPDATE: Suntrust Maintains Buy On Kinder Morgan, Lowers Target To $22 As Firm 'anticipates after the 2020 dividend hike, priorities for capital quickly shift to opportunistic buybacks and a generally smaller annual opportunity set for capex projects'",5,uncertain,0.6,0.3,,193,35,1.0,2019-10-17,12558.0,0.2497464418411255,-0.2491242485120892,1.8435517259874912,0.7959632946223705,-0.7928634993731976,-0.5958239449792235,-1.0380578142704544
28433,KINDER MORGAN INC,"SunTrust Robinson Humphrey Maintains Buy on Kinder Morgan, Lowers Price Target to $22",5,decrease,0.7,0.3,,161,35,0.0,2019-10-17,12558.0,0.2497464418411255,-0.2491242485120892,1.8435517259874912,0.7959632946223705,-0.7928634993731976,-0.5958239449792235,-1.0380578142704544
28441,KINDER MORGAN INC,"Kinder Morgan Q3 EPS $0.22 Misses $0.24 Estimate, Sales $3.21B Miss $3.45B Estimate",5,decrease,0.85,0.6,,172,35,0.0,2019-10-16,12558.0,-0.7928634993731976,0.2497464418411255,1.8980976142513484,1.148848788016532,0.1986142946407199,-0.2471539080212248,-0.2964400394424915
28449,KINDER MORGAN INC,Kinder Morgan Reports Commercial In Service Of First Unit At Elba Island Facility,5,increase,0.8,0.6,,156,35,2.0,2019-10-04,12558.0,0.6869543809443712,-1.072130724787712,-1.4132598713878952,-2.4366472170953,1.0411457158625126,0.4435596458142399,-1.115970039778258
28457,KINDER MORGAN INC,TD Securities Initiates Coverage On Kinder Morgan with Buy Rating,5,increase,0.8,0.6,,153,35,2.0,2019-10-02,12558.0,-0.5914284382015467,1.0411457158625126,0.0495796768645417,-0.743676915161795,-1.5526427887380123,-1.8384090597015068,-1.1208553934277443
28465,KENNAMETAL INC,"BMO Capital Maintains Market Perform on Kennametal, Lowers Price Target to $25",5,decrease,0.8,0.6,,163,35,0.0,2019-10-22,44134.0,3.691276535391808,1.456313207745552,7.0873806721902355,8.543693555808197,-2.963203750550747,-0.1005721538354209,1.1884498175943836
28473,KENNAMETAL INC,Kennametal shares are trading lower after the company issued Q1 and FY20 preliminary EPS and sales guidance below analyst estimates.,5,decrease,0.85,0.7,,168,25,0.0,2019-10-21,44134.0,-2.963203750550747,3.691276535391808,9.966447507619636,15.738263467956417,2.950047515332699,4.278432232524065,3.7149559493611095
28481,KENNAMETAL INC,"Kennametal Lowers FY2020 EPS Guidance from $2.80-3.20 to $1.70-2.10 vs $2.81 Est, Sees Organic Sales Down 9% to 5%",5,decrease,0.9,0.7,,190,35,0.0,2019-10-21,44134.0,-2.963203750550747,3.691276535391808,9.966447507619636,15.738263467956417,2.950047515332699,4.278432232524065,3.7149559493611095
28489,KENNAMETAL INC,Kennametal Sees Q1 EPS $0.17 vs $0.49 Est; Sees Sales $518M vs $545.66M Est,5,,,,,176,35,,2019-10-21,44134.0,-2.963203750550747,3.691276535391808,9.966447507619636,15.738263467956417,2.950047515332699,4.278432232524065,3.7149559493611095
28497,KENNAMETAL INC,"Wells Fargo Maintains Market Perform on Kennametal, Lowers Price Target to $32",5,decrease,0.8,0.6,,163,35,0.0,2019-10-15,44134.0,1.230771280825138,-0.5403574556112289,4.356632852218878,11.75278467913554,-0.4424750339239836,3.0292377788689873,3.6498961504936256
28505,CARMAX INC,"CarMax Reports Treasurer Enrique Mayor-Mora Named CFO; Former CFO, Tom Reedy, To Transition To Role Of Exec VP Of Finance",5,uncertain,0.6,0.2,,165,35,1.0,2019-10-24,89508.0,0.5178119987249374,-0.3679626621305942,-2.050046725660859,-1.0828494734133831,0.477805221453309,-1.4476144112296252,0.3712330708109945
28513,CARMAX INC,"CarMax shares are trading higher in sympathy with the overall market after multiple companies reported earnings that topped expectations, bringing the whole market higher on positive sentiment.﻿",5,increase,0.7,0.4,,168,35,2.0,2019-10-15,89508.0,2.654669992625713,0.0216449610888957,1.9043521171468791,3.170309899581758,-0.5523031111806631,2.9973629144354863,3.960739333462504
28521,CARMAX INC,CarMax shares are trading lower amid recession fears causing demand concerns in multiple different sectors.,5,decrease,0.85,0.7,,154,35,0.0,2019-10-02,89508.0,-3.4840498119592667,-1.109809521585703,1.168224416122854,7.990658929952565,0.7840937003493309,1.3831721963915466,2.674236272812136
28529,KANDI TECHNOLOGIES GROUP INC,Kandi Technologies Reports Change Of Independent Accounting Firm To Marcum Bernstein & Pinchuk,5,uncertain,0.5,0.2,,165,35,1.0,2019-10-11,92589.0,3.289475664496422,4.883227497339249,11.25264808238946,14.225054568657324,-1.298700086772442,-0.6535993350150093,-3.594081997121523
28537,KANDI TECHNOLOGIES GROUP INC,Kandi To Launch Hainan Manufactured Pure EV Model K23 In American Market,5,increase,0.75,0.6,,163,35,2.0,2019-10-02,92589.0,0.0,0.4444440361112356,2.666663988315543,12.888886814208632,-3.4334734082221985,-4.862579849056814,-10.714285189612005
28545,KNOT OFFSHORE PARTNERS LP,"BTIG Initiates Coverage On KNOT Offshore Partners with Buy Rating, Announces $24 Price Target",5,increase,0.8,0.6,,167,35,2.0,2019-10-21,13867.0,0.7161192130297422,0.4570855759084224,0.7110176802768153,1.1630370260159897,0.6175961345434189,0.8251668494463571,0.462487957715596
28553,COCA COLA CO,"UPDATE:UBS On Coca-Cola Notes Co's 'navigating aggressive US price increases, digesting a transformational deal (Costa), completing a global refranchising','demonstrating strong innovation capabilities while reinvigorating growth in high-margin sparkling'",5,increase,0.8,0.6,,192,35,2.0,2019-10-23,11308.0,1.4670398086309429,-0.0549026008229702,-1.2811142085847105,-3.3674967922321275,-0.7007211446762085,-1.697700524219381,0.1115402725842429
28561,COCA COLA CO,"UPDATE: UBS Upgrades Coca-Cola To Buy, Raises Target To $63 As Firm Believes 'a sustainable fundamental inflection will drive 3 years of above-algorithm earnings growth and cash flow generation'",5,increase,0.85,0.7,,183,24,2.0,2019-10-23,11308.0,1.4670398086309429,-0.0549026008229702,-1.2811142085847105,-3.3674967922321275,-0.7007211446762085,-1.697700524219381,0.1115402725842429
28569,COCA COLA CO,"UBS Upgrades Coca-Cola to Buy, Raises Price Target to $63",5,increase,0.85,0.6,,157,24,2.0,2019-10-23,11308.0,1.4670398086309429,-0.0549026008229702,-1.2811142085847105,-3.3674967922321275,-0.7007211446762085,-1.697700524219381,0.1115402725842429
28577,COCA COLA CO,Big Growth Comes In Small Package For Coca-Cola,5,increase,0.8,0.6,,151,35,2.0,2019-10-21,11308.0,-1.004014723002911,-0.7007211446762085,-1.2170383019209583,-2.0099580127209027,1.8404867500066755,2.4116602087892236,2.3733890555051262
28585,COCA COLA CO,"BMO Capital Maintains Market Perform on Coca-Cola, Raises Price Target to $55",5,increase,0.7,0.3,,159,35,2.0,2019-10-21,11308.0,-1.004014723002911,-0.7007211446762085,-1.2170383019209583,-2.0099580127209027,1.8404867500066755,2.4116602087892236,2.3733890555051262
28593,COCA COLA CO,From Coca-Cola Q3 Earnings Conference Call: Sees 2 Point Headwind To Its Sales Growth,5,decrease,0.8,0.4,,162,35,0.0,2019-10-18,11308.0,1.840486750006676,-1.0040147230029106,-1.8802461340489576,-1.60642088571894,0.5608510691672564,0.5232715617381256,0.9193277481176044
28601,COCA COLA CO,From Coca-Cola Q3 Earnings Conference Call: Performance In Water Category Has Not Been As Strong As Mgmt. Would Have Liked,5,decrease,0.7,0.3,,168,35,0.0,2019-10-18,11308.0,1.840486750006676,-1.0040147230029106,-1.8802461340489576,-1.60642088571894,0.5608510691672564,0.5232715617381256,0.9193277481176044
28609,COCA COLA CO,Coca-Cola shares are trading higher after the company reported better-than-expected Q3 sales results.,5,increase,0.85,0.6,,161,35,2.0,2019-10-18,11308.0,1.840486750006676,-1.0040147230029106,-1.8802461340489576,-1.60642088571894,0.5608510691672564,0.5232715617381256,0.9193277481176044
28617,COCA COLA CO,Coca-Cola Trades Higher On Q3 Sales Beat,5,increase,0.85,0.6,,152,35,2.0,2019-10-18,11308.0,1.840486750006676,-1.0040147230029106,-1.8802461340489576,-1.60642088571894,0.5608510691672564,0.5232715617381256,0.9193277481176044
28625,COCA COLA CO,"Coca-Cola Sees FY19 Organic Sales Growth At Least 5%, Operating Income Up 12-13%, Earnings Down 1% To Up 1%; Sees FY20 Sales Up 1-2%, Operating Income Growth 2-3%",5,uncertain,0.6,0.3,,193,35,1.0,2019-10-18,11308.0,1.840486750006676,-1.0040147230029106,-1.8802461340489576,-1.60642088571894,0.5608510691672564,0.5232715617381256,0.9193277481176044
28633,COCA COLA CO,"Coca-Cola Q3 EPS $0.56, Inline, Sales $9.5B Beat $9.48B Estimate",5,increase,0.7,0.3,,168,35,2.0,2019-10-18,11308.0,1.840486750006676,-1.0040147230029106,-1.8802461340489576,-1.60642088571894,0.5608510691672564,0.5232715617381256,0.9193277481176044
28641,COCA COLA CO,Empty Miles And Tight Profit Margins: What Is LoadSmart Doing To Help?,5,uncertain,0.5,0.2,,157,35,1.0,2019-10-10,11308.0,-0.3158126957714558,-0.6708919536322355,0.2422680985957326,1.770407586196865,0.4665920045226812,-0.0742474272544924,-1.3017951587620755
28649,COCA COLA CO,Your Cannabis Brand's Survival Depends On A Proper Supply Chain,5,uncertain,0.4,0.2,,153,35,1.0,2019-10-07,11308.0,-1.2284598313272,-0.5383276380598545,-1.0581022850031707,0.6682765681872649,1.3001499697566032,2.750563305995279,-0.2012821379552942
28657,COCA COLA CO,Coca-Cola Option Alert: Nov 15 $50 Calls at the Ask: 2000 @ $4.05 vs 23522 OI; Earnings 10/18 Before Open Ref=$53.448,5,uncertain,0.6,0.3,,185,35,1.0,2019-10-03,11308.0,1.431797817349434,1.3001499697566032,-0.3343245262115157,-0.0928663892885706,-2.8728265315294266,-2.498157382180566,-2.2647754670339637
28665,COCA COLA CO,Coca-Cola Co shares are trading lower in sympathy with the overall market amid global recession concerns.,5,decrease,0.8,0.4,,160,25,0.0,2019-10-02,11308.0,-2.872826531529427,1.431797817349434,1.4129614472770502,0.7724185820826346,0.3857511095702648,0.626035992587437,0.4780329907438707
28673,KOSMOS ENERGY LTD DE,Kosmos Energy shares are trading higher on seemingly no company-specific news.,5,increase,0.7,0.4,,157,35,2.0,2019-10-29,12788.0,4.173623025417328,-1.923075132071972,9.9359038213771,19.871799504843167,1.8707424402236936,3.2758547007020855,2.7444227781294073
28681,KROGER CO,The Kroger Co shares are trading lower. Credit Suisse lowered its FY19 and FY20 estimates from $2.21 and $2.44 to $2.20 and $2.40 respectively.,5,decrease,0.8,0.3,,180,25,0.0,2019-10-29,16678.0,-2.76352446526289,0.4466123413294554,12.992289324230487,9.622415297931552,0.1977817853912711,1.604491061044544,1.4011224815835055
28689,KROGER CO,"Kroger Shares Unaffected Following Co. Press Release Highlighting Women In California, Colorado, Idaho, New Mexico, Oregon, Utah, Washington Can Obtain Contraceptives From A Kroger Health Pharmacy",5,uncertain,0.3,0.1,,180,35,1.0,2019-10-28,16678.0,0.1977817853912711,-2.76352446526289,-1.342282352304458,5.053299176899739,1.403932552784681,1.2009654053715568,1.730383519573353
28697,KROGER CO,Kroger Option Alert: Nov 8 $25 Calls at the Ask: 5000 @ $0.57 vs 971 OI; Earnings 12/5 Before Open [est] Ref=$24.945,5,uncertain,0.6,0.3,,184,35,1.0,2019-10-23,16678.0,0.5231354385614395,-0.2001570770516991,-0.9607675902322476,8.08647114451806,3.0692648142576218,3.801168860362325,1.7191980518980188
28705,KROGER CO,Kroger shares are trading higher on seemingly no company-specific news.,5,uncertain,0.5,0.3,,152,35,1.0,2019-10-22,16678.0,3.069264814257622,0.5231354385614395,-0.8853166752156305,11.991949745135177,0.7101089227944613,-1.3098635803724612,-1.6319853075453803
28713,KROGER CO,Tosca To Acquire Reusable Packaging Provider Polymer Logistics,5,uncertain,0.5,0.2,,151,35,1.0,2019-10-16,16678.0,0.8227098733186722,-0.3263970836997032,1.9175818746222315,0.9383907792224644,0.8713655173778534,0.2474205239803684,1.9714736185217685
28721,KROGER CO,Kroger shares are trading lower after Jefferies downgraded the company's stock from Buy to Hold and lowered the price target from $29 to $26.,5,decrease,0.85,0.6,,171,30,0.0,2019-10-10,16678.0,-2.812884375452995,1.7197979614138603,2.474832842818131,4.572148311514224,0.2861880930140614,-1.247984929338919,-1.048810852918047
28729,KROGER CO,"A Peek Into The Markets: US Stock Futures Down Ahead Of Consumer Price Index, Fed Speakers",5,uncertain,0.5,0.3,,158,35,1.0,2019-10-10,16678.0,-2.812884375452995,1.7197979614138603,2.474832842818131,4.572148311514224,0.2861880930140614,-1.247984929338919,-1.048810852918047
28737,KROGER CO,"Jefferies Downgrades Kroger to Hold, Lowers Price Target to $26",5,decrease,0.8,0.6,,158,35,0.0,2019-10-10,16678.0,-2.812884375452995,1.7197979614138603,2.474832842818131,4.572148311514224,0.2861880930140614,-1.247984929338919,-1.048810852918047
28745,KROGER CO,Kroger Shares Quiet As Traders Circulate Speculation From Dealreporter Co. Is An Activist Target,5,increase,0.7,0.5,,161,35,2.0,2019-10-03,16678.0,-1.836323738098145,0.81334188580513,-3.050020339956372,-0.6506704022241294,-2.110202796757221,-2.831657918944208,-2.680654710885977
28753,KILROY REALTY CORP,"Deutsche Bank Earlier Maintained Hold on Kilroy Realty, Lowered Price Target to $86",5,decrease,0.8,0.6,,165,35,0.0,2019-10-10,84392.0,-0.2974309492856264,1.2840439565479755,1.4656354245380363,6.290529869766659,0.3243383485823869,-0.412105177300559,-0.7062088110123543
28761,KEARNY FINANCIAL CORP NEW,Kearny Financial Q1 EPS $0.13 Up From $0.12 YoY,5,increase,0.7,0.3,,169,35,2.0,2019-10-30,90600.0,-0.2898548031225801,1.962205581367016,3.5610446799324125,2.325578998123534,0.4366843029856682,1.6949189244807483,1.6949189244807483
28769,KOHLS CORP,Evercore ISI Group Downgrades Kohl's to In-Line,5,decrease,0.85,0.6,,155,25,0.0,2019-10-23,77606.0,0.6044573150575161,-1.7649242654442787,-3.0792330490732933,2.1216691936793763,3.337886184453964,4.624506318232968,3.681937329075424
28777,KOHLS CORP,UPDATE: UBS On Kohl's Also Notes The UBS Evidence Lab Data 'shows not enough consumers think Kohl's offers terrific value'; Firm Thinks Co's 'value perception problem is fixable' And Thinks The Answer Is To Drive More People Into Co's Loyalty Program,5,uncertain,0.6,0.3,,195,35,1.0,2019-10-21,77606.0,1.245061401277781,3.337886184453964,4.84091259012791,5.58266733982189,-0.9009065106511116,-0.8232104242712035,-1.6520938089970238
28785,KOHLS CORP,"UPDATE: UBS Maintains Neutral On Kohl's, Raises Target To $49 As Firm Notes Co. 'has a three part plan to distinguish itself from its peers: 1) sell great brands; 2) offer terrific value; and 3) serve as a source of discovery for consumers'",5,uncertain,0.6,0.3,,201,35,1.0,2019-10-21,77606.0,1.245061401277781,3.337886184453964,4.84091259012791,5.58266733982189,-0.9009065106511116,-0.8232104242712035,-1.6520938089970238
28793,KOHLS CORP,"UBS Maintains Neutral on Kohl's, Raises Price Target to $49",5,uncertain,0.6,0.3,,157,35,1.0,2019-10-21,77606.0,1.245061401277781,3.337886184453964,4.84091259012791,5.58266733982189,-0.9009065106511116,-0.8232104242712035,-1.6520938089970238
28801,KOHLS CORP,Koh'ls Reports CFO Bruce Besanko To Step Down; Jill Timm Named Replacement,5,uncertain,0.6,0.3,,160,35,1.0,2019-10-10,77606.0,2.813194505870342,1.2992123141884804,0.5118151968157569,2.992126868851841,2.0867733284831047,2.171214279469802,4.726578102042289
28809,K T CORP,"New Street Upgrades KT to Buy, Announces $14.1 Price Target",5,increase,0.85,0.6,,155,24,2.0,2019-10-11,86869.0,1.7969435080885892,-0.8826158940792084,0.6178260691596993,0.2647813598182003,-0.08976865792647,0.5420092306954949,9.787082255741096e-09
28817,KEY TRONICS CORP,"Key Tronic Sees Q2 EPS $0.13-$0.18, Sales $117M-$122M",5,uncertain,0.6,0.3,,168,35,1.0,2019-10-29,47619.0,-2.702703885734081,-1.6339853405952454,1.7336616103576177,1.633985467713006,3.199346736073494,3.2840691191605043,5.008350697795683
28825,KEY TRONICS CORP,"Key Tronic Q1 EPS $0.14 Down From $0.15 YoY, Sales $105.3M Down From $127.472M YoY",5,decrease,0.8,0.6,,178,35,0.0,2019-10-29,47619.0,-2.702703885734081,-1.6339853405952454,1.7336616103576177,1.633985467713006,3.199346736073494,3.2840691191605043,5.008350697795683
28833,KRATOS DEFENSE & SECUR SOLS INC,Kratos Wins $5.1M In C5ISR Program Production Awards,5,increase,0.75,0.4,,169,35,2.0,2019-10-25,87430.0,-2.031486108899117,0.2073561772704124,0.5961627041265016,2.540175335816497,2.981169894337654,3.2511843818353148,1.7045450596818943
28841,KRATOS DEFENSE & SECUR SOLS INC,Kratos Awarded Multi-Million Dollar Applied Research Contract To Develop Virtual Prototyping Holodeck (VPH) For US Army; Terms Not Disclosed,5,increase,0.8,0.6,,187,35,2.0,2019-10-23,87430.0,0.2621979219838977,2.981169894337654,-0.86297538789466,-2.9550232745214844,-1.4979385770857334,-0.4437535535071424,-0.0524121449423264
28849,KRATOS DEFENSE & SECUR SOLS INC,"Kratos Wins $3.3M Sole-Source Contract For Production Of Jet Drone Target Aircraft, Related Systems",5,increase,0.75,0.3,,176,35,2.0,2019-10-11,87430.0,-0.6598046980798243,-1.062693167477846,1.780026662490353,2.497349892096578,2.377738803625107,2.8501608653329624,3.2425030927550447
28857,KRATOS DEFENSE & SECUR SOLS INC,"Kratos Receives $3.6M Sole-Source Contract For Tactical Jet Drone Capability Expansion, Mission System Integration And Test Work",5,increase,0.8,0.6,,180,35,2.0,2019-10-08,87430.0,0.3814697265625,0.4614499863237142,3.040170954484545,3.528771167751721,0.4104008898139,1.2693130896843652,3.380283774351578
28865,KRATOS DEFENSE & SECUR SOLS INC,"Kratos Wins Prime Contract Award To Deliver Up To 33 Oriole Rocket Motors To US Gov't. Customer, No Terms Disclosed",5,increase,0.8,0.6,,181,35,2.0,2019-10-03,87430.0,2.084511704742908,0.855401623994112,4.552973698629148,5.298008186599001,3.801167383790016,-4.544228898234803,-3.3750725551475735
28873,KRATOS DEFENSE & SECUR SOLS INC,Kratos Receives $5M Sole-Source Contract For Tactical Jet Drone Mission System Integration And Test Work,5,increase,0.75,0.4,,175,35,2.0,2019-10-02,87430.0,3.801167383790016,2.0845117047429085,4.253516360389242,9.746476449784591,-8.039790391921997,-6.913448200832328,-6.403941332681251
28881,KRATOS DEFENSE & SECUR SOLS INC,"Kratos Receives $17.6M Sole-Source Contract Award For New Tactical Jet Drone System Research, Development And Initial Production",5,increase,0.85,0.6,,180,35,2.0,2019-10-01,87430.0,-8.039790391921997,3.801167383790016,7.719296342494109,10.994147102273711,1.2248147279024124,1.7788661707193842,0.5135098226642487
28889,K V H INDUSTRIES INC,"KVH Industries Sees Q4 EPS Guidance $(0.06)-$0.02 Vs. $(0.02) Est., Sales $41M-$45M Vs. $43.24M Est.; FY19 EPS Guidance $(0.50)-$(0.41) Vs. $(0.67) Est., Sales $156.3M-$160.3M Vs. $158.56M Est.",5,uncertain,0.6,0.3,,229,35,1.0,2019-10-30,83390.0,-1.754388958215714,1.3888923451304436,-0.7936499712766887,3.670633928507505,0.3913890570402145,3.531789879458569,4.693877720328921
28897,K V H INDUSTRIES INC,"KVH Industries Q3 EPS $(0.06) Down From $0.04 YoY, Sales $39.311M Down From $39.312M YoY",5,decrease,0.7,0.4,,179,35,0.0,2019-10-30,83390.0,-1.754388958215714,1.3888923451304436,-0.7936499712766887,3.670633928507505,0.3913890570402145,3.531789879458569,4.693877720328921
28905,K V H INDUSTRIES INC,KVH Receives $4M Fiber Optic Gyro Order From Kongsberg Defence & Aerospace,5,increase,0.8,0.4,,164,35,2.0,2019-10-15,83390.0,0.3009000327438116,1.1999988928437233,-0.1000022392689148,2.600002214011221,1.6309872269630432,0.4028194286398001,0.6054533807136053
28913,K V H INDUSTRIES INC,KVH Reports 1M Share Buyback,5,increase,0.8,0.6,,153,35,2.0,2019-10-07,83390.0,-0.8080800995230675,1.2219947762787342,1.5275008592197548,4.073325885201506,4.9840860068798065,0.9174231645265872,-0.9009022493463914
28921,KENNEDY WILSON HOLDINGS INC,"Kennedy-Wilson Holdings Q3 GAAP EPS $0.15, Adj. Net Income $73.9M, Sales $143M Miss $163.3M Estimate",5,decrease,0.8,0.6,,189,35,0.0,2019-10-30,92502.0,0.7426827680319548,-0.2168223727494478,0.130098398687517,-2.254980677662788,1.4178099110722542,2.370298570544982,2.278821461505154
28929,KENNEDY WILSON HOLDINGS INC,Kennedy Wilson Reports $300M Perpetual Preferred Equity Investment From Eldridge Industries,5,increase,0.8,0.6,,169,35,2.0,2019-10-18,92502.0,1.429208181798458,2.377811260521412,-1.541164750272972,2.553949068580774,2.3776795715093613,2.2841480414518056,3.037274982584681
28937,KRANESHARES TRUST,"Jon Najarian Sees Unusual Options Activity In SmileDirectClub, Amarin",5,uncertain,0.3,0.1,,158,35,1.0,2019-10-11,14098.0,1.775568164885044,-0.4187026992440223,0.27913219641722,4.303322628755923,1.5873011201620102,2.949068754089579,0.9801573043179744
28945,QUAKER CHEMICAL CORP,"Sidoti & Co. Maintains Neutral on Quaker Chemical, Lowers Price Target to $156",5,decrease,0.8,0.6,,166,35,0.0,2019-10-21,64929.0,-8.143731206655502,1.3129415921866894,5.224689600126053,8.459664740096873,-1.39757189899683,0.2180588418653428,-0.1326436602690384
28953,QUAKER CHEMICAL CORP,Quaker Houghton Cuts FY19 Adj. EBITDA Guidance From Year-Over-Year Growth To Down ~2-4%,5,decrease,0.85,0.6,,169,35,0.0,2019-10-18,64929.0,-1.39757189899683,-8.143731206655502,-4.861374735455226,-2.262836791928158,1.6385303810238838,1.2828570889066304,3.5008277185923253
28961,LOEWS CORP,Loews shares are trading lower after the company reported worse-than-expected Q3 EPS results.,5,decrease,0.85,0.7,,160,25,0.0,2019-10-28,26710.0,-3.098042868077755,-0.060701702022925,0.7689217010701466,2.225824277486277,0.3147125244140625,-0.1956917318162609,0.2161537079429676
28969,LOEWS CORP,"Loews Q3 EPS $0.74 Misses $0.75 Estimate, Sales $3.675B Up From $3.608B YoY",5,decrease,0.7,0.3,,174,35,0.0,2019-10-28,26710.0,-3.098042868077755,-0.060701702022925,0.7689217010701466,2.225824277486277,0.3147125244140625,-0.1956917318162609,0.2161537079429676
28977,LITHIA MOTORS INC,"Guggenheim Maintains Buy on Lithia Motors, Raises Price Target to $171",5,increase,0.8,0.6,,162,35,2.0,2019-10-24,84319.0,0.9420916438102722,1.1277500540018082,2.0675369184452563,1.769400554284295,17.28821098804474,12.679699417012502,17.22525209751511
28985,LITHIA MOTORS INC,Lithia Motors shares are trading higher after the company reported better-than-expected Q3 EPS and sales results.,5,increase,0.85,0.7,,165,33,2.0,2019-10-23,84319.0,17.28821098804474,0.9420916438102722,3.1076217801147443,2.9963927925546585,-3.9292197674512863,-0.0536787883447575,1.6616000522924557
