custom_id,company_name,headline,prompt_type,headline type,confidence,magnitude,explanation,input_tokens,output_tokens,headline type num,date,permno,ret,ret_fd1,ret_fd5,ret_fd10,ret_ld1,ret_ld2,ret_ld3
3224,AGILENT TECHNOLOGIES INC,Agilent Companion Diagnostic Receives Expanded FDA Approval For PD-L1 IHC 22C3 PharmDx,3,increase,0.8,0.6,,149,29,2.0,2019-06-11,87432.0,-0.284542003646493,0.2853539539501071,2.5966720174211977,3.452712176514816,1.107601169496775,1.6338883908966428,2.838335761292088
3232,AGILENT TECHNOLOGIES INC,"Piper Jaffray Initiates Coverage On Agilent Technologies with Overweight Rating, Announces $83 Price Target",3,increase,0.8,0.6,,150,29,2.0,2019-06-11,87432.0,-0.284542003646493,0.2853539539501071,2.5966720174211977,3.452712176514816,1.107601169496775,1.6338883908966428,2.838335761292088
3240,ABBVIE INC,AbbVie shares are trading higher after the company's SKYRIZI maintained its complete skin clearance.,3,increase,0.85,0.7,,140,33,2.0,2019-06-11,13721.0,1.585446670651436,0.5117072258144617,0.1023434106663057,-15.952413666860677,-0.6199190858751535,-0.1557061721402464,-0.1427467083734646
3248,AXCELIS TECHNOLOGIES INC,Axcelis Cuts Q2 Prelim. Sales Guidance From $80M To $75M vs $82.93M,3,decrease,0.85,0.7,,153,34,0.0,2019-06-11,88417.0,-4.1296038776636115,-2.3194193840026855,-2.7170299942472553,-6.825710389608353,4.723886027932167,5.708525398773845,5.284280900502791
3256,ALBEMARLE CORP,Albemarle Corp Executive Says Company Sees Demand For Lithium Remaining Strong; Says Company Continues To Expect Annual Global Lithium Demand Will Hit 1 Million Tonnes By 2025,3,increase,0.85,0.7,,164,29,2.0,2019-06-11,80191.0,3.5246018320322037,-1.7023015767335892,-3.135714134330126,-7.214492815585771,2.6780521497130394,3.6079481039898553,5.284247248657303
3264,AMERICAN HOMES 4 RENT,Citigroup Downgrades American Homes 4 Rent to Neutral,3,decrease,0.8,0.6,,140,34,0.0,2019-06-11,14061.0,-0.3225803375244141,-0.0809002842288464,1.2555143277809266,-1.298164266090518,0.0403320736950263,-0.3215431160871862,-0.3615916257114104
3272,ARROW ELECTRONICS INC,"Deutsche Bank Reinstates Buy on Arrow Electronics, Announces $83 Price Target",3,increase,0.8,0.6,,142,33,2.0,2019-06-11,29209.0,1.752587966620922,-1.7654595896601677,-1.521454741984507,0.2870742653236835,2.838689275085926,4.105222289127308,4.057747764788644
3280,AEROVIRONMENT INC,AeroVironment Acquires VTOL UAS Developer Pulse Aerospace For $25.7M To Strengthen Family Of Small Unmanned Aircraft Systems,3,increase,0.75,0.6,,155,33,2.0,2019-06-11,91733.0,-0.7094447035342455,-0.873291864991188,-2.429340520862322,-2.65163237786199,-0.9215813130140303,-1.383705492604237,-3.1603047683696484
3288,BROADCOM INC,Analysts Discuss Broadcom's New Supply Agreement With Apple,3,increase,0.8,0.6,,133,33,2.0,2019-06-11,93002.0,1.166988909244537,-1.322844624519348,-1.9154870933766444,-1.515319435214224,1.9427353516221049,2.7200348084727377,5.453104984608759
3296,BROADCOM INC,Broadcom  shares are trading higher after the company disclosed an agreement to supply radio frequency components and modules for Apple devices.,3,increase,0.85,0.7,,145,33,2.0,2019-06-11,93002.0,1.166988909244537,-1.322844624519348,-1.9154870933766444,-1.515319435214224,1.9427353516221049,2.7200348084727377,5.453104984608759
3304,BROADCOM INC,Broadcom Late Monday Disclosed Agreement With Apple For A Supply Arrangement; Co. To Supply Apple With Radio Frequency Components And Modules For Apple Devices,3,increase,0.8,0.6,,150,33,2.0,2019-06-11,93002.0,1.166988909244537,-1.322844624519348,-1.9154870933766444,-1.515319435214224,1.9427353516221049,2.7200348084727377,5.453104984608759
3312,AVNET INC,"Deutsche Bank Reinstates Hold on Avnet, Announces $44 Price Target",3,uncertain,0.6,0.2,,136,34,1.0,2019-06-11,27684.0,0.5867711734026669,-0.5160411354154348,-2.557772958048377,-3.2533112266805664,1.6051381826400757,3.3831096352035184,4.20978585700138
3320,BUNGE LTD,"Floods Raising Freight Rates, Washing Away Revenues",3,decrease,0.8,0.6,,132,34,0.0,2019-06-11,89138.0,-0.3546112682670355,1.601419411599636,3.1672575625123933,-0.5693945176010851,2.266545780003071,2.359352305490514,3.429310107359562
3328,BAIDU INC,Baidu Reports Its DuerOS For Apollo Internet Of Vehicles Solution Platform Signed New Partnerships With 60 Automotive Manufacturers Across 300+ Car Models To Date,3,increase,0.8,0.6,,152,29,2.0,2019-06-11,90857.0,3.2301366329193124,-1.9762558862566948,1.3695016939488711,-1.828898807668733,1.775798760354519,2.6356899087164987,2.4005889194227192
3336,CITIGROUP INC,"Citi To Report Q2 Earnings Before Market Open On Mon., Jul. 15, 2019",3,uncertain,0.6,0.5,,143,34,1.0,2019-06-11,70519.0,1.132292114198208,-1.576310768723488,0.1473276850777249,-1.9740666645978624,2.176891826093197,0.9778870433108322,2.037099398542108
3344,CITIGROUP INC,Citigroup CFO Says Bank Expects Investment Banking Revenue To Be Down In Mid Teen Range,3,decrease,0.8,0.6,,139,34,0.0,2019-06-11,70519.0,1.132292114198208,-1.576310768723488,0.1473276850777249,-1.9740666645978624,2.176891826093197,0.9778870433108322,2.037099398542108
3352,CITIGROUP INC,Citigroup CFO Mark Mason Speaking At An Investor Conference Says Slow Down In Market Activity Has Persisted Through Most Of Q2; Says Bank Expects Trading Revenue To Be Down Mid Single Digits,3,decrease,0.75,0.6,,160,34,0.0,2019-06-11,70519.0,1.132292114198208,-1.576310768723488,0.1473276850777249,-1.9740666645978624,2.176891826093197,0.9778870433108322,2.037099398542108
3360,CASEYS GENERAL STORES INC,Casey's General Stores Inc. shares are trading higher after the company reported better-than-expected Q4 EPS and sales results.,3,increase,0.85,0.7,,150,33,2.0,2019-06-11,21742.0,10.03458127379417,2.3908736184239388,4.071320964919667,5.649295993162773,-0.642270827665925,-0.8422187339420462,1.4410975629221223
3368,CASEYS GENERAL STORES INC,"Casey's General Reports Big Q4 Earnings Beat, Shares Rise 10%",3,increase,0.85,0.7,,140,33,2.0,2019-06-11,21742.0,10.03458127379417,2.3908736184239388,4.071320964919667,5.649295993162773,-0.642270827665925,-0.8422187339420462,1.4410975629221223
3376,CYMABAY THERAPEUTICS INC,"CymaBay Therapeutics Shares Slightly Higher After Hours As Hearing Raymond James Upgraded To Strong Buy, Set $19 Price Target",3,increase,0.8,0.6,,160,33,2.0,2019-06-11,14691.0,-45.446348190307624,1.9834691658616064,17.272719625389033,13.388427926421675,-3.649001568555832,-2.7192937226745983,-9.46938656056615
3384,CYMABAY THERAPEUTICS INC,CymaBay Therapeutics shares are trading lower after the company reported data from its Phase 2b study of Seladelpar in patients with nonalcoholic steatohepatitis. Data showed reductions in liver fat were minimal and not significant compared to the placebo.,3,decrease,0.85,0.7,,187,34,0.0,2019-06-11,14691.0,-45.446348190307624,1.9834691658616064,17.272719625389033,13.388427926421675,-3.649001568555832,-2.7192937226745983,-9.46938656056615
3392,CYMABAY THERAPEUTICS INC,Viking Therapeutics Shares Up 5.7% Following Concerning Data From A Phase 2b Study Of Seladelpar In Patients With Nonaloholic Steatohepatitis By CymaBay Therapeutics,3,decrease,0.8,0.6,,178,34,0.0,2019-06-11,14691.0,-45.446348190307624,1.9834691658616064,17.272719625389033,13.388427926421675,-3.649001568555832,-2.7192937226745983,-9.46938656056615
3400,CYMABAY THERAPEUTICS INC,CymaBay Therapeutics Plummets 40% Following Liver Disease Data,3,decrease,0.9,0.4,,149,34,0.0,2019-06-11,14691.0,-45.446348190307624,1.9834691658616064,17.272719625389033,13.388427926421675,-3.649001568555832,-2.7192937226745983,-9.46938656056615
3408,CYMABAY THERAPEUTICS INC,"CymaBay Therapeutics Reports Data From Phase 2b Study Of Seladelpar In Patients With Nonalcoholic Steatohepatitis; Reductions In Liver Fat Were Minimal, Not Significant Compared To Placebo, Reductions In Markers Of Liver Injury Were Clinically Meaningful",3,decrease,0.8,0.6,,192,34,0.0,2019-06-11,14691.0,-45.446348190307624,1.9834691658616064,17.272719625389033,13.388427926421675,-3.649001568555832,-2.7192937226745983,-9.46938656056615
3416,C D W CORP NEW,"Deutsche Bank Reinstates Buy on CDW, Announces $113 Price Target",3,increase,0.85,0.7,,142,29,2.0,2019-06-11,13949.0,-0.4982128273695707,-0.4534678533673286,-1.62494219896675,1.5257418785003862,1.4495485462248323,2.0725350083130367,3.1013732507722436
3424,COHERUS BIOSCIENCES INC,Coherus BioSciences shares are trading higher after Barclays initiated coverage on the company's stock with an overweight rating and a $30 price target.,3,increase,0.85,0.7,,156,29,2.0,2019-06-11,15059.0,1.7381183803081508,1.993168517947197,10.250576325394412,20.387243820198563,-3.6292552947998047,-3.9510245383226006,-7.403429296604836
3432,COHERUS BIOSCIENCES INC,"Barclays Initiates Coverage On Coherus BioSciences with Overweight Rating, Announces $30 Price Target",3,increase,0.75,0.6,,151,29,2.0,2019-06-11,15059.0,1.7381183803081508,1.993168517947197,10.250576325394412,20.387243820198563,-3.6292552947998047,-3.9510245383226006,-7.403429296604836
3440,CHICOS FAS INC,Chico's FAS Q1 Comparable Sales Down 7.0%,3,decrease,0.85,0.7,,138,34,0.0,2019-06-11,78963.0,8.21114256978035,-3.7940409034490585,-13.529834796041929,-11.305517145864709,0.2941173501312732,1.1869496201192709,-4.48178860014754
3448,CHICOS FAS INC,"Chico's FAS Q1 Adj. EPS $0.05 Beats $0.03 Estimate, Sales $517.73M Miss $518.3M Estimate",3,uncertain,0.6,0.3,,158,34,1.0,2019-06-11,78963.0,8.21114256978035,-3.7940409034490585,-13.529834796041929,-11.305517145864709,0.2941173501312732,1.1869496201192709,-4.48178860014754
3456,COLGATE PALMOLIVE CO,"Argus Research Maintains Buy on Colgate-Palmolive, Raises Price Target to $82",3,increase,0.75,0.6,,149,33,2.0,2019-06-11,18729.0,0.4107942804694175,-0.3818338736891746,-0.60003059254089,0.7909475019902912,-1.2974713928997517,-0.1094265918438197,1.543382537743132
3464,COMCAST CORP NEW,5 Tips To Spring Clean Your Finances,3,uncertain,0.5,0.1,,132,29,1.0,2019-06-11,89525.0,-0.1695318263955414,0.5579804535955191,4.924790788522904,3.711787338279726,-0.4580487497150898,0.3402172154952199,-0.0242090099533798
3472,CANADIAN NATIONAL RAILWAY CO,Alberta Premier Say Government May Have To Consider Extending Oil Curtailments Into Next Year Because Of Delay To Line 3 Pipeline,3,decrease,0.75,0.6,,156,34,0.0,2019-06-11,84181.0,0.3428502473980188,0.8376440964639187,1.0580833578401894,0.7494767596837537,-0.8878715336322784,-0.5280565302073881,-0.4830517568442882
3480,CANADIAN NATIONAL RAILWAY CO,Alberta Government Has Started Talks With The Private Sector About Offloading Crude-By-Rail Contracts Signed By Previous Government,3,uncertain,0.6,0.3,,154,34,1.0,2019-06-11,84181.0,0.3428502473980188,0.8376440964639187,1.0580833578401894,0.7494767596837537,-0.8878715336322784,-0.5280565302073881,-0.4830517568442882
3488,CORCEPT THERAPEUTICS INC,"Corcept Therapeutics 8-K Shows Co. Received Paragraph IV Notice Letter Advising Sun Pharma Submitted Abbreviated New Drug Application For FDA Authorization To Manufacture, Use Or Sell Generic Version Of KORLYM, 300mg In US",3,decrease,0.75,0.6,,178,34,0.0,2019-06-11,90125.0,1.290964428335428,2.0588239654898643,2.9411783882498987,1.2745109975953015,-0.4940730519592762,1.614529337739734,-1.1776239260633536
3496,CATALYST PHARMACEUTICALS INC,"Catalyst Pharmaceuticals CEO Buys 25,000 @ Avg Price: $3.23",3,increase,0.75,0.6,,152,29,2.0,2019-06-11,91606.0,9.1743104159832,2.8011245653033257,5.042018850346097,1.680677554242016,-4.664725437760353,-3.254441713318268,-6.303725631164781
3504,SALESFORCE INC,"Tableau Wanted Salesforce Shares, Benioff Tells Cramer: 'I Can't Blame Them'",3,increase,0.7,0.5,,142,33,2.0,2019-06-11,90215.0,-1.727861538529396,0.7525840308517218,0.2930419419090446,-0.5394588386503973,-5.258269235491753,-4.09265233903342,-3.5660244548829767
3512,SALESFORCE INC,"Volatility Still Elevated Despite Rally, Pointing To Possible Anxiety In Market",3,uncertain,0.6,0.3,,136,34,1.0,2019-06-11,90215.0,-1.727861538529396,0.7525840308517218,0.2930419419090446,-0.5394588386503973,-5.258269235491753,-4.09265233903342,-3.5660244548829767
3520,C V S HEALTH CORP,Federal Judge Nears Blocking CVS-Aetna Deal,3,decrease,0.8,0.6,,135,34,0.0,2019-06-11,17005.0,-1.926217600703239,-0.5743957124650478,1.2784854188800263,-0.5373372710459123,2.058606594800949,1.700236890649931,3.4982145390159314
3528,DEUTSCHE BANK A G,"'Deutsche Bank threatens to axe 1,000 clients in compliance push' -FT",3,decrease,0.75,0.6,,146,34,0.0,2019-06-11,89199.0,1.306243147701025,-1.4326633885502815,1.4326634750699618,2.005728861341183,1.9230714067816737,2.0740720021411807,-0.4335291173109268
3536,DEERE & CO,JLD-Laguë Acquires Quebec Peterbilt Dealer Transdiff,3,uncertain,0.4,0.2,,135,29,1.0,2019-06-11,19350.0,0.1268289517611265,-0.8066711015999317,6.253336625900374,10.873331690560503,0.7396885193884373,2.266360844465809,2.4552019988489437
3544,DENNYS CORP,Maxim Group Downgrades Denny's to Hold,3,decrease,0.75,0.6,,135,34,0.0,2019-06-11,85726.0,-0.4826181568205356,0.0,-0.6789588087350196,-2.376341747947408,0.3875965485349297,0.3389815856639444,2.7777751971390874
3552,DANAHER CORP,"Piper Jaffray Initiates Coverage On Danaher with Neutral Rating, Announces $148 Price Target",3,uncertain,0.6,0.2,,144,34,1.0,2019-06-11,49680.0,-0.0434859452070668,0.6235955283045769,2.2478361331374597,3.1107195100982032,0.3272229107096791,2.260601101567783,2.8092431420481567
3560,DICKS SPORTING GOODS INC,Dick's Sporting Goods Option Alert: Jul 19 $37 Calls Sweep (34) near the Ask: 600 @ $0.65 vs 2301 OI; Ref=$34.83,3,increase,0.7,0.5,,166,33,2.0,2019-06-11,89540.0,-1.7776446416974072,-1.4938248321413994,-1.9274994873640372,-1.406144483834515,0.7390514947474003,-0.8394040620697929,-1.991153711045257
3568,DOLLAR TREE INC,Dollar Tree shares are trading higher after JP Morgan upgraded the company's stock from Neutral to Overweight and announced a $122 price target.,3,increase,0.85,0.7,,149,29,2.0,2019-06-11,81481.0,2.649836242198944,1.426832191646099,2.759788426964871,2.271658876711369,1.1106775142252443,1.5261177318885544,3.4799060407109783
3576,DOLLAR TREE INC,"JP Morgan Upgrades Dollar Tree to Overweight, Announces $122 Price Target",3,increase,0.85,0.7,,139,33,2.0,2019-06-11,81481.0,2.649836242198944,1.426832191646099,2.759788426964871,2.271658876711369,1.1106775142252443,1.5261177318885544,3.4799060407109783
3584,DARDEN RESTAURANTS INC,"Wells Fargo Maintains Market Perform on Darden Restaurants, Lowers Price Target to $117",3,decrease,0.75,0.6,,149,34,0.0,2019-06-11,81655.0,0.0420200201915577,-1.0249527171254158,-0.9241355232269988,3.452911613715548,-1.9287804141640663,-1.4086816457910545,0.8219652255190057
3592,DESWELL INDUSTRIES INC,"Deswell 2H EPS $0.10 Down From $0.16 YoY, Sales $31.8M Up From $30.9M YoY,",3,decrease,0.7,0.3,,160,34,0.0,2019-06-11,81861.0,-0.499253161251545,2.2807037457823753,1.929826805253998,0.7125044230195998,0.5017581861466169,0.4982271436206886,0.5017581860284004
3600,DEXCOM INC,DexCom Shares Closed Up Nearly 10% On Mon.; Piper Jaffray Analyst JP McKim Tells Benzinga Upside Attributed To 'Positive Developments At The American Diabetes Association',3,increase,0.85,0.1,,160,33,2.0,2019-06-11,90664.0,0.0650074682198464,4.865376278758049,10.1133292042322,3.6021120794677675,9.89045798778534,14.702351290564364,12.133487460882208
3608,CENTRAIS ELETRICAS BRASILEIRAS S,"CORRECTION: Bank of America Reiterated $80 Price Target On EBR Properties; A Prior Headline Had Indicated Firm Set A $20 Price Target, This Was Incorrect",3,increase,0.75,0.6,,175,33,2.0,2019-06-11,92802.0,2.516406215727329,-1.7075758427381516,-4.695833582733522,-8.751331214554858,-1.5086141414940355,-0.544061369749238,2.812148391809277
3616,ENZO BIOCHEM INC,Enzo Biochem shares are trading higher after the company reported better-than-expected Q3 EPS and sales results.,3,increase,0.85,0.7,,148,33,2.0,2019-06-11,33209.0,13.06818276643753,8.29145535826683,3.01507252750548,-6.28140688524711,1.1494241654872894,3.225803326522936,2.0289835305077553
3624,E P R PROPERTIES,"Bank of America Downgrades EPR Props to Underperform, Reiterates $80 Price Target",3,decrease,0.85,0.7,,144,34,0.0,2019-06-11,85604.0,-1.371430885046721,0.2446278464049101,1.1201271513869626,-1.429124025999784,-1.2043646536767485,-1.1547610921928242,-1.9058280557679108
3632,ISHARES INC,'Mexico Foreign Minister Ebrard will hold a news conference at 5:30pm in CDMX to answer questions on the US tariff deal...' -Tweet From Bloomberg Reporter Eric Martin,3,uncertain,0.6,0.3,,159,34,1.0,2019-06-11,83223.0,0.5349929910153152,-0.3991137724369764,-1.2198083331793508,-0.5410638501220366,2.960754930973053,3.340245944465825,2.560582725125138
3640,ISHARES INC,Migration Deal Document Held By Trump Outside White House Outlines Regional Asylum Plan With Mexico; Document Says Mexico Agreed To Examine Domestic Laws And Regulations With View To Possible Changes In Order To Implement Migrant Deal,3,uncertain,0.6,0.3,,163,34,1.0,2019-06-11,83223.0,0.5349929910153152,-0.3991137724369764,-1.2198083331793508,-0.5410638501220366,2.960754930973053,3.340245944465825,2.560582725125138
3648,ISHARES INC,Mexican Central Bank Governor Says Sees 'Considerable Uncertainty' About Economic Outlook For Mexico,3,decrease,0.75,0.6,,141,34,0.0,2019-06-11,83223.0,0.5349929910153152,-0.3991137724369764,-1.2198083331793508,-0.5410638501220366,2.960754930973053,3.340245944465825,2.560582725125138
3656,ISHARES INC,"'If Mexico produces (which I think they will). Biggest part of deal with Mexico has not yet been revealed! China is similar, except they devalue currency and subsidize companies to lessen effect of 25% Tariff...' -Tweet From Pres Trump",3,uncertain,0.6,0.3,,173,34,1.0,2019-06-11,83223.0,0.5349929910153152,-0.3991137724369764,-1.2198083331793508,-0.5410638501220366,2.960754930973053,3.340245944465825,2.560582725125138
3664,ISHARES INC,"Mexican Foreign Minister Says We Will Pay For The Migration Measures With Our Own Funds, We Have Not Asked The US For Funds; Says We Will Take Steps To Determine How Much Funding Is Needed For Mexico",3,uncertain,0.6,0.2,,162,34,1.0,2019-06-11,83223.0,0.5349929910153152,-0.3991137724369764,-1.2198083331793508,-0.5410638501220366,2.960754930973053,3.340245944465825,2.560582725125138
3672,ISHARES INC,Mexican Foreign Minister Says  Migrants Who Do Not Register Will Have To Be Sent Back,3,uncertain,0.5,0.1,,140,29,1.0,2019-06-11,83223.0,0.5349929910153152,-0.3991137724369764,-1.2198083331793508,-0.5410638501220366,2.960754930973053,3.340245944465825,2.560582725125138
3680,ISHARES INC,Mexican President Says  Foreign Minister Ebrard Will Oversee A Mexican Commission To Tackle The Migration Issue,3,uncertain,0.5,0.2,,144,34,1.0,2019-06-11,83223.0,0.5349929910153152,-0.3991137724369764,-1.2198083331793508,-0.5410638501220366,2.960754930973053,3.340245944465825,2.560582725125138
3688,ISHARES INC,Mexican Foreign Minister Says National Guard Deployment Will Be Accelerated On The Southern Border To Address Migration,3,uncertain,0.5,0.2,,141,34,1.0,2019-06-11,83223.0,0.5349929910153152,-0.3991137724369764,-1.2198083331793508,-0.5410638501220366,2.960754930973053,3.340245944465825,2.560582725125138
3696,EXPEDIA GROUP INC,Nustay Files EU Complaint Against Expedia And Booking.Com,3,decrease,0.75,0.6,,133,34,0.0,2019-06-11,90808.0,1.075973361730576,0.9426326490938663,3.681130334649829,5.4363746133598845,-0.6933103315532207,1.0205803437638217,0.9786848702234564
3704,FORD MOTOR CO DEL,Hearing Volkswagen Now Eyeing A Deal To Combine Its Autonomous Efforts With Ford,3,increase,0.75,0.6,,140,33,2.0,2019-06-11,25785.0,1.018333900719881,-0.7056420668959618,1.8145191044163231,-0.8064509414636767,0.6147486157715321,0.717945591974023,0.4089975894939535
3712,FEDEX CORP,What The Truck?!? Headhaul – FedEx Ex Amazon,3,decrease,0.75,0.6,,134,34,0.0,2019-06-11,60628.0,-1.482942420989275,1.21048204600811,4.327642924644937,-1.7855247452323586,2.4174103513360023,3.1813770341066583,2.049309527590837
3720,FIRST HORIZON CORP,"First Horizon National Reports Will Combine Capital Bank, First Tennessee Bank, FTB Advisors, FTN Financial Into First Horizon Bank, First Horizon Advisors, FHN Financial, Respectively",3,increase,0.7,0.6,,161,33,2.0,2019-06-11,36397.0,2.322307601571083,0.756531348451972,0.4106618384919214,-0.9087006794390672,1.427550334483385,0.6373948429396536,0.6373948429396536
3728,NATIONAL BEVERAGE CORP,Hearing False Statements Were Make In Lawsuit Brought By Former Worker,3,uncertain,0.6,0.3,,140,34,1.0,2019-06-11,76839.0,-4.827143996953964,0.6865947972983122,-2.2148393511656983,-4.407534016690439,-1.9429566338658333,-2.866505949852882,-2.0846277014125225
3736,NATIONAL BEVERAGE CORP,National Beverage Shares Fall Amid LaCroix Suit Over Chemical Content,3,decrease,0.85,0.7,,138,34,0.0,2019-06-11,76839.0,-4.827143996953964,0.6865947972983122,-2.2148393511656983,-4.407534016690439,-1.9429566338658333,-2.866505949852882,-2.0846277014125225
3744,NATIONAL BEVERAGE CORP,"National Beverage Shares Fall To Session Low, Down 4%; Traders Circulate Business Insider Article 'LaCroix slammed with new lawsuit alleging execs sparred over whether to falsely claim its cans were free of toxic chemicals'",3,decrease,0.85,0.7,,169,34,0.0,2019-06-11,76839.0,-4.827143996953964,0.6865947972983122,-2.2148393511656983,-4.407534016690439,-1.9429566338658333,-2.866505949852882,-2.0846277014125225
3752,FLUOR CORP NEW,Fluor Wins Position On Us Dept. Of State's Diplomatic Platform Support Services Program; Co. Eligible To Compete For Work Worth Combined Value Of ~$6B,3,increase,0.8,0.6,,160,29,2.0,2019-06-11,88853.0,1.359156053513288,-1.5085509978234768,4.223936437827458,6.268859702353158,0.1361038303002715,0.1020431524404896,-0.0339681723587004
3760,FORMFACTOR INC,"Needham Initiates Coverage On FormFactor with Buy Rating, Announces $19 Price Target",3,increase,0.75,0.6,,139,33,2.0,2019-06-11,89753.0,1.038285810500383,-4.4958241283893585,-5.587668146437174,-7.642900609265013,4.333103448152542,4.545455190063663,5.25955939374072
3768,FORTINET INC,"Morgan Stanley Maintains Equal-Weight on Fortinet, Lowers Price Target to $77",3,decrease,0.75,0.6,,140,34,0.0,2019-06-11,93132.0,1.740764640271664,1.329289935529232,-1.3556282426120505,-1.4609114407515555,1.1649968102574348,1.4811850097092183,2.091590928376408
3776,FULLER H B CO,"HB Fuller Will Sell Its Surfactants, Tickeners, Dispersants Unit To Tiarco For $71M",3,decrease,0.75,0.5,,149,34,0.0,2019-06-11,37875.0,0.5099704023450613,1.1761954054236412,2.8597737175656945,3.5055361247925187,0.4657679703086614,0.5360045211610043,0.4891662716590694
3784,GENERAL DYNAMICS CORP,General Dynamics Option Alert: Jul 19 $180 Calls Sweep (47) near the Ask: 693 @ $0.951 vs 158 OI; Earnings 7/24 Before Open [est] Ref=$169.2999,3,increase,0.75,0.6,,174,33,2.0,2019-06-11,12052.0,-2.1108504384756093,0.1826415886171162,2.2742006229470313,4.6603451865879775,-0.3333918750286102,0.8198648678634957,0.8433155929491454
3792,GLOBUS MARITIME LTD,"Globus Maritime Q1 EPS $(0.15) Up From $(0.48) YoY, Sales $3.54M Down From $3.938M YoY",3,uncertain,0.6,0.3,,164,34,1.0,2019-06-11,12397.0,1.388887502253056,-12.6712366938591,-20.547949784347473,-25.68493105095566,-3.0303001403808594,-0.3011699065464057,2.8571485475404
3800,ALPHABET INC,"From Earlier: 'Antitrust Chief Rips Google and Amazon, Citing Historic Breakups' -Bloomberg",3,decrease,0.75,0.6,,144,34,0.0,2019-06-11,90319.0,-0.1588505925610662,-0.1794626819901168,2.2385804284004163,0.6049651617620277,1.3469130732119083,3.340459740281032,3.649103591800462
3808,GOLD RESOURCE CORP,Gold Resource shares are trading higher after Roth Capital initiated coverage on the company's stock with a buy rating and announced a $6.5 price target.,3,increase,0.85,0.7,,150,33,2.0,2019-06-11,12049.0,12.14286312460899,-0.9554206393659116,0.3184708795912483,8.280254048356571,-3.0565207824110985,-5.667790359267655,-2.0396237464559097
3816,GOLD RESOURCE CORP,"Roth Capital Initiates Coverage On Gold Resource with Buy Rating, Announces $6.5 Price Target",3,increase,0.75,0.6,,142,33,2.0,2019-06-11,12049.0,12.14286312460899,-0.9554206393659116,0.3184708795912483,8.280254048356571,-3.0565207824110985,-5.667790359267655,-2.0396237464559097
3824,GAP INC,"An Analyst's Q1 Review Of Gap, Express",3,uncertain,0.6,0.3,,128,25,1.0,2019-06-11,59010.0,0.8269103243947029,-2.515040896832943,-1.5308949118720827,-4.373980916939368,-0.3844025079160929,0.8898768370500854,-1.6269042210139473
3832,GAP INC,"MKM Partners Maintains Neutral on Gap, Lowers Price Target to $18",3,decrease,0.75,0.6,,134,34,0.0,2019-06-11,59010.0,0.8269103243947029,-2.515040896832943,-1.5308949118720827,-4.373980916939368,-0.3844025079160929,0.8898768370500854,-1.6269042210139473
3840,H D F C BANK LTD,Nomura Downgrades HDFC Bank to Neutral,3,decrease,0.8,0.6,,136,34,0.0,2019-06-11,89056.0,1.189457159489393,-1.4367012307047844,-2.5737599965129587,-1.5131674054570945,-0.0932000926695764,0.6967332366489387,0.4686449354207811
3848,INTERPUBLIC GROUP COS INC,"Interpublic Group CFO Frank Mergenthaler To Retire; VP Of Finance, Treasurer Ellen Johnson Named Successor",3,uncertain,0.6,0.2,,147,34,1.0,2019-06-11,53065.0,1.407134812325239,1.156336721032858,2.7752010186091303,3.469010113962412,-2.8701642528176308,-2.470269464962771,-1.705859087680095
3856,JAZZ PHARMACEUTICALS PLC,"Barclays Initiates Coverage On Jazz Pharmaceuticals with Overweight Rating, Announces $164 Price Target",3,increase,0.8,0.6,,153,29,2.0,2019-06-11,92096.0,-0.4645689856261015,-0.0233362734434194,2.80824617360369,6.184361538874095,-1.3896367512643335,0.2950918190344209,-0.9585889077828648
3864,JETBLUE AIRWAYS CORP,"Citigroup Upgrades JetBlue Airways to Buy, Raises Price Target to $26",3,increase,0.8,0.6,,144,33,2.0,2019-06-11,89353.0,4.602740705013275,0.7857496850192547,0.8905189572681049,-4.085912545562998,-0.2732198918238282,1.8415173735776056,0.6618910184975846
3872,JOHNSON & JOHNSON,Janssen Invokana Incidence Rates Of Adverse Events & Serious Adverse Events Were Numerically Lower For Patients Treated With Invokana Vs Placebo,3,increase,0.8,0.6,,155,29,2.0,2019-06-11,22111.0,0.5466799717396498,1.3592745177447796,0.3219322981405703,3.1907331814665874,0.3392285900190472,1.712036682050644,3.4528941432526494
3880,JOHNSON & JOHNSON,Janssen Invokana Significantly Reduced Major Cardiovascular Events & Kidney Failure In Patients With Type 2 Diabetes & Chronic Kidney Disease In New Credence Analysis,3,increase,0.85,0.7,,156,29,2.0,2019-06-11,22111.0,0.5466799717396498,1.3592745177447796,0.3219322981405703,3.1907331814665874,0.3392285900190472,1.712036682050644,3.4528941432526494
3888,KIMCO REALTY CORP,"Bank of America Upgrades Kimco Realty to Buy, Raises Price Target to $21",3,increase,0.85,0.7,,145,33,2.0,2019-06-11,77129.0,0.438836682587862,0.3823030972853303,3.713819280400488,1.6384552400007468,-0.5455558188259602,-0.6539555163214028,-0.5997852216436006
3896,LIGAND PHARMACEUTICALS INC,"Barclays Initiates Coverage On Ligand Pharmaceuticals with Equal-Weight Rating, Announces $131 Price Target",3,uncertain,0.6,0.3,,155,30,1.0,2019-06-11,78081.0,-3.4535396844148645,2.508598566055298,6.187869448270611,1.783894653325535,-1.8316257745027544,-1.8575517481340784,-1.986983062986214
3904,LATTICE SEMICONDUCTOR CORP,Lattice Semiconductor ECP FPGA Family Selected For Magewell Video Capture Devices,3,increase,0.75,0.6,,146,29,2.0,2019-06-11,75854.0,1.9008873030543332,-3.864090144634247,-2.131916501722131,-9.060630435960723,3.079073317348957,2.791344145124297,6.971670522581919
3912,LIVE NATION ENTERTAINMENT INC,"Atlantic Equities Initiates Coverage On Live Nation Entertainment with Overweight Rating, Announces $75 Price Target",3,increase,0.8,0.6,,148,33,2.0,2019-06-11,91041.0,2.315790019929409,0.3323822049424052,4.9540950956328045,5.207345639808003,-0.7075070403516293,-0.4192844922669358,-0.3228422056375413
3920,MCDONALDS CORP,"UBS Maintains Neutral on McDonald's, Raises Price Target from $185 to $203",3,increase,0.75,0.6,,146,33,2.0,2019-06-11,43449.0,0.9736668318510056,0.8216069079935551,0.6149758870396038,1.205358709811688,-2.034257724881172,-0.8618566528548754,0.5846190662887718
3928,MCDONALDS CORP,'Nestle may extend plant-based burger partnership with McDonald's' -Reuters,3,increase,0.7,0.6,,143,33,2.0,2019-06-11,43449.0,0.9736668318510056,0.8216069079935551,0.6149758870396038,1.205358709811688,-2.034257724881172,-0.8618566528548754,0.5846190662887718
3936,MOODYS CORP,"Morgan Stanley Maintains Underweight on Moody's, Raises Price Target to $150",3,decrease,0.7,0.3,,140,34,0.0,2019-06-11,48506.0,-1.078401692211628,0.4950508009642362,2.190851224904833,2.05918920332393,1.074189506471157,1.6092283318303924,2.7349607891658634
3944,MEDIWOUND LTD,MediWound Appoints Mr. Boaz Gur-Lavie As CFO,3,uncertain,0.6,0.2,,138,34,1.0,2019-06-11,14546.0,-6.698558479547501,1.025640033185482,-8.461542434317437,-17.94871916163351,7.455005496740341,0.9661824793317564,5.025120683795614
3952,3M CO,"3M Announces That It No Longer Meets The Criteria Of Control To Continue Consolidating Its Venezuelan Operations, And Therefore Deconsolidated Its Venezuelan Subsidiary As Of May 31, 2019",3,decrease,0.75,0.6,,164,34,0.0,2019-06-11,22592.0,0.3684178460389376,0.0591977033764123,1.7464904898270015,1.8471347979134525,1.0083384811878204,2.1673094091445355,2.7097876511986474
3960,MERIT MEDICAL SYSTEMS INC,"Merit Medical Systems Wins Int'l. Fluid Mgmt. Deal With Premier, No Terms Disclosed",3,increase,0.7,0.6,,148,29,2.0,2019-06-11,76392.0,-0.3016826463863254,0.0889982853550463,7.725169387783848,4.752577813282244,2.138844132423401,4.778727629302937,4.062782720196312
3968,M P L X L P,"Bank of America Earlier Upgraded MPLX to Buy, Maintained $39 Price Target",3,increase,0.8,0.6,,143,33,2.0,2019-06-11,13618.0,1.063829567283392,-0.3189804730936885,0.925036626082254,1.6267948995895898,-0.1287798047997057,-0.1287798047997057,-0.0966144231510646
3976,MERCK & CO INC NEW,FDA Approves Two New Indications For Merck's KEYTRUDA,3,increase,0.85,0.7,,140,33,2.0,2019-06-11,22752.0,0.606207549571991,0.879724882543087,2.496210991684933,3.40604841570451,0.0242593654547818,1.2770148344452448,0.9670717259712358
3984,MORGAN STANLEY DEAN WITTER & CO,Morgan Stanley CEO  James Gorman Says Q2 Trading Revenue Unlikely To Beat Q1; Says Last Two Weeks Have Been 'Quite Hard',3,decrease,0.8,0.6,,164,30,0.0,2019-06-11,69032.0,0.8777945302426815,-2.404394932091236,-0.7556630086549165,-2.3127967905472224,1.381733361631632,1.1212322534312813,2.0268692276118383
3992,MAGNACHIP SEMICONDUCTOR CORP,MagnaClip Semiconductor shares are trading higher after the company raised its Q2 sales guidance above analyst estimates and raised Q2 profit margins guidance.,3,increase,0.85,0.7,,161,33,2.0,2019-06-11,12629.0,0.2270091092213987,12.117777019739153,16.76104776108247,19.47905195771005,0.8009227924048901,0.8009227924048901,0.3416934791234061
4000,MAGNACHIP SEMICONDUCTOR CORP,"UPDATE: MagnaChip Says 'revenue for both OLED Display drivers and 8"" Foundry services is now expected to substantially exceed the Company's previously anticipated financial results'",3,increase,0.85,0.7,,166,29,2.0,2019-06-11,12629.0,0.2270091092213987,12.117777019739153,16.76104776108247,19.47905195771005,0.8009227924048901,0.8009227924048901,0.3416934791234061
4008,MAGNACHIP SEMICONDUCTOR CORP,"MagnaChip Says Strategic Evaluation Process For Its Foundry Business, Fab 4 Remains Ongoing",3,uncertain,0.6,0.3,,154,34,1.0,2019-06-11,12629.0,0.2270091092213987,12.117777019739153,16.76104776108247,19.47905195771005,0.8009227924048901,0.8009227924048901,0.3416934791234061
4016,MAGNACHIP SEMICONDUCTOR CORP,MagnaChip Raises Q2 Gross Profit Margin Guidance From 16-18% To At Least 21%,3,increase,0.85,0.1,,155,29,2.0,2019-06-11,12629.0,0.2270091092213987,12.117777019739153,16.76104776108247,19.47905195771005,0.8009227924048901,0.8009227924048901,0.3416934791234061
4024,MAGNACHIP SEMICONDUCTOR CORP,UPDATE: MagnaChip Raises Prelim. Q2 Sales Guidance From $173M-$181M To At Least $194M vs $177M Estimate,3,increase,0.85,0.7,,164,33,2.0,2019-06-11,12629.0,0.2270091092213987,12.117777019739153,16.76104776108247,19.47905195771005,0.8009227924048901,0.8009227924048901,0.3416934791234061
4032,MAGNACHIP SEMICONDUCTOR CORP,MagnaChip Raises Q2 Guidance,3,increase,0.85,0.7,,141,33,2.0,2019-06-11,12629.0,0.2270091092213987,12.117777019739153,16.76104776108247,19.47905195771005,0.8009227924048901,0.8009227924048901,0.3416934791234061
4040,NEUROCRINE BIOSCIENCES INC,"Neurocrine Biosciences Highlights Will Present Data On INGREZZA, Opicapone At World Congress on Parkinson's Disease and Related Disorders",3,increase,0.75,0.6,,162,29,2.0,2019-06-11,83534.0,0.3655898850411177,1.4448790811002254,4.128219329600413,-1.8576964186309384,-0.4247131291776895,1.5217069416646467,0.2565658011698168
4048,NOVABAY PHARMACEUTICALS INC,NovaBay Pharmaceuticals shares are trading lower on what looks to be a sell-off after the stock price rose over 500% yesterday.,3,decrease,0.85,0.7,,159,34,0.0,2019-06-11,92345.0,-31.93548619747162,1.4218109659850595,-7.108998201100136,-16.587673859766372,874.8427391052246,868.7499596384715,903.236230341127
4056,NOVABAY PHARMACEUTICALS INC,A Look At Benzinga Pro's Most-Searched Tickers For June 11,3,uncertain,0.5,0.2,,150,29,1.0,2019-06-11,92345.0,-31.93548619747162,1.4218109659850595,-7.108998201100136,-16.587673859766372,874.8427391052246,868.7499596384715,903.236230341127
4064,NOVABAY PHARMACEUTICALS INC,What You Should Know About The Eye Care Product That Sent NovaBay Shares Soaring Nearly 900%,3,increase,0.85,0.9,,153,33,2.0,2019-06-11,92345.0,-31.93548619747162,1.4218109659850595,-7.108998201100136,-16.587673859766372,874.8427391052246,868.7499596384715,903.236230341127
4072,NOVABAY PHARMACEUTICALS INC,"Benzinga Pro's Top 10 Most-Searched Tickers For Morning of Tue., June 11, 2019",3,uncertain,0.5,0.2,,159,34,1.0,2019-06-11,92345.0,-31.93548619747162,1.4218109659850595,-7.108998201100136,-16.587673859766372,874.8427391052246,868.7499596384715,903.236230341127
4080,NOVABAY PHARMACEUTICALS INC,"NovaBay Pharma Shares Halted, Down 4.5% For Session",3,decrease,0.8,0.4,,149,34,0.0,2019-06-11,92345.0,-31.93548619747162,1.4218109659850595,-7.108998201100136,-16.587673859766372,874.8427391052246,868.7499596384715,903.236230341127
4088,NVIDIA CORP,Analyst: AMD's New Graphics Cards Make 'Meaningful Improvement' But Cost More Than Expected,3,decrease,0.7,0.5,,139,34,0.0,2019-06-11,86580.0,1.563031412661076,-3.018244169652462,1.412938617773829,0.4842426421890033,2.013740688562393,3.2341034743347485,5.0608677032129235
4096,NVIDIA CORP,"Super Micro Computer Reports Support for NVIDIA EGX Platform On Co.'s NGC-Ready Industry-Leading 1U, 2U GPU Servers, Edge Computing Servers",3,increase,0.75,0.6,,154,33,2.0,2019-06-11,86580.0,1.563031412661076,-3.018244169652462,1.412938617773829,0.4842426421890033,2.013740688562393,3.2341034743347485,5.0608677032129235
4104,NOVA LIFESTYLE INC,Nova Lifestyle shares are trading higher after the company announced a $2 million buyback.,3,increase,0.8,0.6,,142,33,2.0,2019-06-11,14435.0,14.374162256717678,-7.025183737277985,-9.390445948544512,-12.37938259457919,1.7808152362704277,3.0513112946448873,1.8087126243915508
4112,NOVA LIFESTYLE INC,"Nova LifeStyle, Inc. Announces $2M Buyback",3,increase,0.75,0.6,,138,33,2.0,2019-06-11,14435.0,14.374162256717678,-7.025183737277985,-9.390445948544512,-12.37938259457919,1.7808152362704277,3.0513112946448873,1.8087126243915508
4120,NOVO NORDISK A S,Novo Nordisk's Oral Semaglutide Diabetes Drug Shows No Greater Risk Of Heart Problems And Death Than Placebo; Oral Semaglutide Demonstrates Non-Inferiority To Placebo In Type 2 Diabetes Patients At High Risk Of Heart Problems,3,increase,0.8,0.6,,178,29,2.0,2019-06-11,63263.0,0.742044672369957,1.7057590186595917,1.163013186985018,-0.7947272475817058,3.8110624998807903,4.595588226614722,5.262070788522388
4128,NOVO NORDISK A S,Barclays Upgrades Novo Nordisk to Equal-Weight,3,increase,0.75,0.5,,140,29,2.0,2019-06-11,63263.0,0.742044672369957,1.7057590186595917,1.163013186985018,-0.7947272475817058,3.8110624998807903,4.595588226614722,5.262070788522388
4136,OPTICAL CABLE CORP,"Optical Cable Q2 EPS $(0.08) Down From $0.18 YoY, Sales $18.957M Down From $26.887M YoY",3,decrease,0.85,0.7,,161,34,0.0,2019-06-11,83399.0,-2.3076960816979413,0.771656446158886,-2.624669362806986,4.72441123500984,3.1746063381433487,0.4947454748639224,-8.276302409211011
4144,OCULAR THERAPEUTIX INC,Social Media Posts Draw Attention To Recent Ocular Therapeutix Buys Ahead Of July 1st 'Soft Launch',3,increase,0.7,0.6,,152,33,2.0,2019-06-11,14823.0,20.00000327825546,-2.0512862130999565,14.871792748294066,8.461536842000639,-2.4024002254009247,16.487457232527582,14.840992912092531
4152,OCULAR THERAPEUTIX INC,Ocular Therapeutics shares are trading higher potentially on trader optimism after a recent cluster of insider buying from management.,3,increase,0.75,0.6,,151,33,2.0,2019-06-11,14823.0,20.00000327825546,-2.0512862130999565,14.871792748294066,8.461536842000639,-2.4024002254009247,16.487457232527582,14.840992912092531
4160,PLAINS ALL AMERN PIPELINE L P,Plains All American Pipeline Has Completed 90% Of Construction Of Cactus II Pipeline,3,increase,0.75,0.6,,149,29,2.0,2019-06-11,89858.0,1.199660170823336,-1.1431009508669376,0.2540196605740785,1.1430928005471852,1.8324609845876696,1.346067891410052,2.0550908531137058
4168,PHIBRO ANIMAL HEALTH CORP,"Barclays Initiates Coverage On Phibro Animal Health with Underweight Rating, Announces $25 Price Target",3,decrease,0.8,0.6,,152,30,0.0,2019-06-11,14603.0,-6.2541767954826355,4.8876166343688965,5.494109827892646,9.703886178189403,-0.2002652501687407,1.2529594257123966,-0.2002652319388009
4176,P B F ENERGY INC,PBF Energy Acquires Shell Martinez Refinery For $900M-$1B,3,increase,0.75,0.6,,140,33,2.0,2019-06-11,13730.0,2.745101042091846,-6.8702332675457,-6.145040380871503,6.106863684998354,2.8225837275385857,3.532281138000193,-1.009317699297374
4184,PETROLEO BRASILEIRO SA PETROBRAS,"Petrobas Confirms Agreement With Cade On Sale Of Refineries; With Vote Of The President, Council Approved Agreement With Petrobras For Sale Of Refineries",3,increase,0.75,0.6,,168,29,2.0,2019-06-11,88490.0,2.986070141196251,-1.9974254071712496,1.739687531241385,2.9639116468516136,-2.0156074315309525,0.8026747543907087,2.447312276680691
4192,PACIRA BIOSCIENCES INC,"Barclays Initiates Coverage On Pacira BioSciences with Overweight Rating, Announces $52 Price Target",3,increase,0.8,0.6,,148,29,2.0,2019-06-11,12583.0,0.0464694632682949,0.8824831806123257,1.6488598362979443,1.1611704450592564,-2.7124790474772453,1.7253592385852334,-1.1483694148400003
4200,PARKER HANNIFIN CORP,Parker Aerospace Receives Supplemental Type Certificate for Modification of the Wheels and Brakes on the Piaggio Aerospace P.180 Aircraft,3,increase,0.7,0.5,,155,29,2.0,2019-06-11,41355.0,0.1678649685345589,-1.3406784273684025,-0.3112307603635456,0.8917915464080606,0.7611512672156096,2.956613038341116,2.7283415310027648
4208,DAVE & BUSTERS ENTERTAINMENT INC,"Dave & Buster's Crushed After Q1 Sales Miss, Guidance Cut",3,decrease,0.85,0.7,,149,34,0.0,2019-06-11,15014.0,1.898356899619102,-22.375313937664032,-23.15156377060479,-23.776374041845173,2.742784284055233,2.1822549510256195,0.2179956700191221
4216,DAVE & BUSTERS ENTERTAINMENT INC,Dave & Buster's shares are trading lower after the company reported worse-than-expected Q1 sales results; the company also cut its FY19 guidance below analyst estimates.,3,decrease,0.85,0.7,,167,34,0.0,2019-06-11,15014.0,1.898356899619102,-22.375313937664032,-23.15156377060479,-23.776374041845173,2.742784284055233,2.1822549510256195,0.2179956700191221
4224,DAVE & BUSTERS ENTERTAINMENT INC,Dave & Buster's Entertainment Cuts FY19 Sales Guidance From $1.37B-$1.40B To $1.365B-$1.390B vs $1.40B Est.,3,decrease,0.8,0.6,,174,34,0.0,2019-06-11,15014.0,1.898356899619102,-22.375313937664032,-23.15156377060479,-23.776374041845173,2.742784284055233,2.1822549510256195,0.2179956700191221
4232,DAVE & BUSTERS ENTERTAINMENT INC,Dave & Buster's Entertainment Cuts Guidance,3,decrease,0.85,0.7,,142,34,0.0,2019-06-11,15014.0,1.898356899619102,-22.375313937664032,-23.15156377060479,-23.776374041845173,2.742784284055233,2.1822549510256195,0.2179956700191221
4240,DAVE & BUSTERS ENTERTAINMENT INC,"Dave & Buster's Enter Q1 EPS $1.13 Beats $1.12 Estimate, Sales $363.6M Miss $371.01M Estimate, Comparable Store Sales Down 0.3%",3,decrease,0.75,0.6,,176,34,0.0,2019-06-11,15014.0,1.898356899619102,-22.375313937664032,-23.15156377060479,-23.776374041845173,2.742784284055233,2.1822549510256195,0.2179956700191221
4248,PLUG POWER INC,Plug Power Acquires EnergyOr; Terms Not Disclosed,3,uncertain,0.6,0.3,,133,34,1.0,2019-06-11,87337.0,-1.503766886889935,-0.7633580826222897,-11.832059316874622,-21.75572373685132,4.313730821013451,3.9062556985927976,4.724414415072697
4256,PUBLIC STORAGE,KeyBanc Upgrades 2 Storage Companies,3,increase,0.75,0.6,,127,33,2.0,2019-06-11,64653.0,-0.3569649998098612,0.4484063014388084,0.2657253002291249,-1.00892996395765,-0.6076446734368801,-0.4086302962418742,-0.4777648095481424
4264,PUBLIC STORAGE,KeyBanc Upgrades Public Storage to Sector Weight,3,increase,0.75,0.6,,128,33,2.0,2019-06-11,64653.0,-0.3569649998098612,0.4484063014388084,0.2657253002291249,-1.00892996395765,-0.6076446734368801,-0.4086302962418742,-0.4777648095481424
4272,P T C INC,PTC Intends To Increase Its Target Stock Repurchases From 40% Of Annual Free Cash Flow To 50% Of Annual Free Cash Flow For FY2020,3,increase,0.75,0.6,,155,33,2.0,2019-06-11,75912.0,-2.699126489460468,-0.9624077007174492,-2.004072390036049,-2.55887924379814,2.264527417719364,4.165707222468162,5.558784645653425
4280,UNIQURE N V,uniQure shares are trading lower despite no clear catalyst to justify price action. One analyst suggested downside may be due to profit taking following recent strength.,3,decrease,0.75,0.6,,153,34,0.0,2019-06-11,14466.0,-12.01654002070427,5.972415208816528,18.25072119647604,13.688038132141813,-0.7544667925685644,4.138893688444689,1.051221761248966
4288,UNIQURE N V,"Janney Reiterates Buy On uniQure As Firm 'Would Be Buyers On Today's Weakness' As Firm Believes Co.  Should Have 'the first FDA approval for an AAV gene therapy for hemophilia B, 2) the first AAV gene therapy program in the clinic for Huntingon's'",3,increase,0.8,0.6,,187,29,2.0,2019-06-11,14466.0,-12.01654002070427,5.972415208816528,18.25072119647604,13.688038132141813,-0.7544667925685644,4.138893688444689,1.051221761248966
4296,DR REDDYS LABORATORIES LTD,"Barclays Initiates Coverage On Dr Reddy's Laboratories with Equal-Weight Rating, Announces $39 Price Target",3,uncertain,0.6,0.2,,155,34,1.0,2019-06-11,88957.0,0.1055332482792437,-0.790720246732235,-2.3458075956372726,-4.4016821451517085,0.6105743814259768,-1.0185411223858742,-3.5623352203077774
4304,REVANCE THERAPEUTICS INC,"Barclays Initiates Coverage On Revance Therapeutics with Overweight Rating, Announces $28 Price Target",3,increase,0.8,0.6,,151,29,2.0,2019-06-11,14467.0,1.218370348215103,-0.9259294718503952,6.388884987440124,12.499994369587377,-1.477376278489828,-1.5682663848408884,-4.390679116197926
4312,SAIA INC,Less-Than-Truckload Carriers Are Left Out Of The Weak Volume Conversation,3,uncertain,0.6,0.3,,136,34,1.0,2019-06-11,89506.0,-1.405420806258917,1.8279392272233963,3.4378657201942886,-0.721113813450458,3.384614735841751,3.703703584869422,3.313971064840593
4320,STARBUCKS CORP,"KeyBanc Takes Bullish Stance On China's Luckin Coffee, Sees Profitability On Horizon",3,decrease,0.7,0.5,,146,34,0.0,2019-06-11,77702.0,0.5370467901229858,0.6798561662435532,0.667713244858037,2.282380978236054,-0.6668319925665855,0.6511041503981962,2.4637333994530275
4328,ORIGIN AGRITECH LTD,Origin Argritech shares are trading lower after the company received a non-compliance notification from NASDAQ; the company is pursuing options to resolve the issue.,3,decrease,0.85,0.7,,156,34,0.0,2019-06-11,90976.0,-1.861246302723885,-3.96551750600338,-4.410348902913741,0.1724096703142441,2.42634080350399,1.8965457149378695,-3.1147549768672067
4336,ORIGIN AGRITECH LTD,Origin Agritech Receives Non-Compliance Notification From NASDAQ; Co. Pursuing Options To Resolve,3,decrease,0.8,0.6,,146,34,0.0,2019-06-11,90976.0,-1.861246302723885,-3.96551750600338,-4.410348902913741,0.1724096703142441,2.42634080350399,1.8965457149378695,-3.1147549768672067
4344,S L R INVESTMENT CORP,"Solar Capital, Solar Senior Capital Names Bruce Spohler Co-CEO",3,uncertain,0.6,0.3,,142,34,1.0,2019-06-11,93267.0,-0.0478708912851288,-0.6704952102154493,-0.1915661556626369,-1.427048695374589,0.5777512211352587,0.8204637156378647,0.8691468522664669
4352,SUPERCOM LTD,SuperCom Wins New Contract To Deploy PureSecurity EM Suite In Southeastern US,3,increase,0.75,0.6,,134,33,2.0,2019-06-11,92230.0,-3.4698624163866043,-0.9008999913930892,-5.405410742769579,-0.9008998265984224,-4.175007343292236,-1.3215526691095605,4.536357399336777
4360,SIMON PROPERTY GROUP INC NEW,"Deutsche Bank Maintains Hold on Simon Property Group, Lowers Price Target to $188",3,decrease,0.75,0.6,,144,34,0.0,2019-06-11,80100.0,0.7931090891361237,-0.073765980778262,2.127009680229097,-0.7253905562958574,-1.2240651063621044,-1.368945426834545,-2.158228320797906
4368,TEVA PHARMACEUTICAL INDS LTD,"Teva Pharmaceuticals USA Expands Voluntary Nationwide Recall Of Losartan Potassium To 50 Mg And 100 Mg Tablets Usp, Sold Exclusively To Golden State Medical Supply",3,decrease,0.8,0.6,,169,34,0.0,2019-06-11,75652.0,-2.260495536029339,-4.074888676404953,-7.929518556425141,-2.973562688937814,0.3239711979404092,-1.2752378751058835,-2.5183606750763365
4376,TEVA PHARMACEUTICAL INDS LTD,"Barclays Initiates Coverage On Teva Pharmaceutical Indus with Underweight Rating, Announces $8 Price Target",3,decrease,0.85,0.7,,156,34,0.0,2019-06-11,75652.0,-2.260495536029339,-4.074888676404953,-7.929518556425141,-2.973562688937814,0.3239711979404092,-1.2752378751058835,-2.5183606750763365
4384,TELEFLEX INC,"Wells Fargo Initiates Coverage On Teleflex with Outperform Rating, Announces $345 Price Target",3,increase,0.8,0.6,,141,33,2.0,2019-06-11,44329.0,-0.4438028205186128,2.009239047765732,7.116322189586399,8.579641901310753,1.8573157489299776,3.0454673566654877,4.289646027842942
4392,T G THERAPEUTICS INC,TG Therapeutics Confirms Registration Path For Umbralisib In Marginal Zone Lymphoma Following FDA Meeting,3,increase,0.75,0.6,,152,29,2.0,2019-06-11,82670.0,-0.4184129647910595,-3.36134135723114,8.823531041258526,-4.341736026929144,-3.887398913502693,1.7021260956296969,1.1283487826477367
4400,T MOBILE U S INC,New York State Attorney General Says 'We Are Seeking To Stop The Merger In Its Tracks';  Says Lawsuit Was Not Filed To Influence The Department Of Justice,3,decrease,0.75,0.6,,156,34,0.0,2019-06-11,91937.0,-1.578191109001637,-0.1060188631527125,1.2987057731727705,-1.1661772015468808,-0.467351172119379,0.9479937561691631,0.4980957474790326
4408,T MOBILE U S INC,"New York Attorney General Has Spoken To Department Of Justice, Sprint And T-Mobile, And Negotiations Are Ongoing",3,uncertain,0.6,0.3,,146,34,1.0,2019-06-11,91937.0,-1.578191109001637,-0.1060188631527125,1.2987057731727705,-1.1661772015468808,-0.467351172119379,0.9479937561691631,0.4980957474790326
4416,T MOBILE U S INC,"T-Mobile, Sprint Continue Talks With Dept. Of Justice; States Did Not Notify DoJ Prior To Suit",3,uncertain,0.6,0.3,,145,34,1.0,2019-06-11,91937.0,-1.578191109001637,-0.1060188631527125,1.2987057731727705,-1.1661772015468808,-0.467351172119379,0.9479937561691631,0.4980957474790326
4424,T MOBILE U S INC,Connecticut Attorney General Joins Multistate Lawsuit To Halt Proposed Merger Of T-Mobile and Sprint,3,decrease,0.8,0.6,,145,34,0.0,2019-06-11,91937.0,-1.578191109001637,-0.1060188631527125,1.2987057731727705,-1.1661772015468808,-0.467351172119379,0.9479937561691631,0.4980957474790326
4432,T MOBILE U S INC,New York Attorney General Moves to Block T-Mobile and Sprint Merger,3,decrease,0.85,0.7,,137,34,0.0,2019-06-11,91937.0,-1.578191109001637,-0.1060188631527125,1.2987057731727705,-1.1661772015468808,-0.467351172119379,0.9479937561691631,0.4980957474790326
4440,T MOBILE U S INC,Shares of Sprint and T-Mobile are trading lower following reports indicating several US State Attorney Generals are preparing to file a lawsuit to block the proposed merger between the two companies.,3,decrease,0.85,0.7,,157,34,0.0,2019-06-11,91937.0,-1.578191109001637,-0.1060188631527125,1.2987057731727705,-1.1661772015468808,-0.467351172119379,0.9479937561691631,0.4980957474790326
4448,T MOBILE U S INC,At Least Ten US State Attorneys General Preparing To File Lawsuit As Soon As Today To Stop Merger Of Sprint And T-Mobile,3,decrease,0.85,0.7,,149,34,0.0,2019-06-11,91937.0,-1.578191109001637,-0.1060188631527125,1.2987057731727705,-1.1661772015468808,-0.467351172119379,0.9479937561691631,0.4980957474790326
4456,VULCAN MATERIALS CO,Vulcan Materials shares are trading lower after the company's VP and Chief Administrative Officer disclosed the sale of shares late Monday.,3,decrease,0.75,0.6,,149,34,0.0,2019-06-11,15202.0,-3.385951742529869,-0.1374421059153974,1.0918475112511097,2.611283633520367,0.8781014010310173,0.3702058636931182,1.6268072233534658
4464,WERNER ENTERPRISES INC,Werner Enterprises Expands Mexico Operations With New $8 million Cross-Dock Facility,3,increase,0.75,0.6,,144,29,2.0,2019-06-11,10397.0,-0.2368855988606811,1.6282210126519203,2.645863859305453,0.0339219030839998,1.651185192167759,1.060189647614096,0.4418733812314279
4472,WELLS FARGO & CO NEW,"William Demchak, Richard Davis Took A Pass On Potentially Replacing Wells Fargo CEO Tim Sloan",3,uncertain,0.6,0.2,,149,34,1.0,2019-06-11,38703.0,-0.0216168918996118,-2.918284758925438,-0.3458708411340438,-0.2594009942119002,1.4025846496224403,0.7622001404640422,0.8940249523890387
4480,WHIRLPOOL CORP,'Whirlpool faces tumble dryer recall notice over fire fears' -Sky News,3,decrease,0.85,0.7,,141,34,0.0,2019-06-11,25419.0,0.0537408341187983,-0.1074356492608785,8.809758295157,5.594358691596724,1.1651390232145786,1.6150482950334055,3.702531504310591
4488,SELECT SECTOR SPDR TRUST,"BP Review Shows Global Energy Demand Was Up 2.9% Over 2018, Global Oil Supply Up 2.2M Barrels/Day, Renewables Up 14.5%, Electricity Generation Up 3.7%",3,increase,0.75,0.6,,173,29,2.0,2019-06-11,86454.0,0.1952789723873138,-1.4130241237580776,1.299332815014176,2.4147418328715142,0.2937821205705404,0.7542204862478918,2.621909898554464
4496,EXXON MOBIL CORP,This Day In Market History: Compaq Buys Digital Equipment,3,uncertain,0.3,0.1,,140,29,1.0,2019-06-11,11850.0,-0.0934552401304245,-1.0823057033121586,1.2025675693644766,1.9107433776962113,0.4424803424626589,0.8074366057944316,2.6445604372157705
4504,SPDR SERIES TRUST,"Retail Economist/Goldman Sachs Chain Store Sales Up 1.4% In June 8 Week, Up 1.8% YoY",3,increase,0.75,0.6,,151,33,2.0,2019-06-11,91316.0,0.9657207876443864,-0.3108585951849818,1.4347166702271208,-0.5246628209875759,0.5828020162880421,1.6940796251954993,1.32093220102949
4512,ZOETIS INC,"Barclays Initiates Coverage On Zoetis with Overweight Rating, Announces $120 Price Target",3,increase,0.8,0.6,,144,33,2.0,2019-06-11,13788.0,-0.0544343667570501,1.1619451455771923,2.92301526031129,3.3587481455763957,0.1453785807825625,1.2214178324895908,1.585254614354037
4520,APPLIED OPTOELECTRONICS INC,"Applied Optoelectronics shares are trading higher after Rosenblatt upgraded the stock from Sell to Neutral, and announced a $10 per share price target.",3,increase,0.75,0.6,,161,33,2.0,2019-06-27,14145.0,11.27503365278244,-2.6515215635299683,-6.723484944361613,-5.587122996958572,4.285707324743271,4.171241732371067,2.152850369375625
4528,APPLIED OPTOELECTRONICS INC,"Rosenblatt Upgrades Applied Optoelectronics to Neutral, Announces $10 Price Target",3,increase,0.7,0.5,,150,33,2.0,2019-06-27,14145.0,11.27503365278244,-2.6515215635299683,-6.723484944361613,-5.587122996958572,4.285707324743271,4.171241732371067,2.152850369375625
4536,ARCH CAPITAL GROUP LTD NEW,Deutsche Bank Upgrades Arch Capital Group to Buy,3,increase,0.85,0.7,,134,33,2.0,2019-06-27,82276.0,2.608443796634674,2.459251880645752,4.946120563816381,5.802714593833835,-1.782231591641903,-2.51520123041179,-3.21075241754043
4544,ACCENTURE PLC IRELAND,Accenture PLC shares are trading lower despite the company reporting better-than-expected Q3 EPS and sales results. The company also raised its FY19 guidance above analyst estimates.,3,uncertain,0.6,0.3,,161,34,1.0,2019-06-27,89071.0,-0.1691111014224589,0.9672154672443868,4.584699104460599,7.218582884520686,-0.859922356903553,-1.504488268612736,-1.2125458533814193
4552,ACCENTURE PLC IRELAND,Accenture Ticks Lower Despite Q3 Earnings Beat,3,decrease,0.7,0.4,,138,34,0.0,2019-06-27,89071.0,-0.1691111014224589,0.9672154672443868,4.584699104460599,7.218582884520686,-0.859922356903553,-1.504488268612736,-1.2125458533814193
4560,ACCENTURE PLC IRELAND,Accenture Sees Q4 Sales $10.85B-$11.15B vs $11B Estimate,3,uncertain,0.6,0.2,,150,34,1.0,2019-06-27,89071.0,-0.1691111014224589,0.9672154672443868,4.584699104460599,7.218582884520686,-0.859922356903553,-1.504488268612736,-1.2125458533814193
4568,ACCENTURE PLC IRELAND,"UPDATE: Accenture Raises FY19 EPS Guidance From $7.18-$7.32 To $7.28-$7.35 vs $7.31 Estimate; Reaffirms Operating, Free Cash Flow",3,increase,0.8,0.6,,170,29,2.0,2019-06-27,89071.0,-0.1691111014224589,0.9672154672443868,4.584699104460599,7.218582884520686,-0.859922356903553,-1.504488268612736,-1.2125458533814193
4576,ACCENTURE PLC IRELAND,Accenture Raises FY19 Guidance,3,increase,0.85,0.7,,134,33,2.0,2019-06-27,89071.0,-0.1691111014224589,0.9672154672443868,4.584699104460599,7.218582884520686,-0.859922356903553,-1.504488268612736,-1.2125458533814193
4584,ACCENTURE PLC IRELAND,"Accenture Q3 EPS $1.93 Beats $1.89 Estimate, Sales $11.1B Beat $11.04B Estimate",3,increase,0.85,0.7,,157,33,2.0,2019-06-27,89071.0,-0.1691111014224589,0.9672154672443868,4.584699104460599,7.218582884520686,-0.859922356903553,-1.504488268612736,-1.2125458533814193
4592,ANALOG DEVICES INC,Analog Devices Option Alert: Jul 5 $115 Calls Sweep (57) near the Ask: 4118 @ $0.994 vs 117 OI; Earnings 8/21 Before Open [est] Ref=$112.85,3,increase,0.75,0.6,,172,33,2.0,2019-06-27,60871.0,1.7768500372767448,0.0265919981757178,0.0177279335340951,2.977668081381158,0.5350054241716862,-1.7980502882020466,-2.4632669010265285
4600,ADAMIS PHARMACEUTICALS CORP,Adamis Pharma Reports Filed 2 Motions In Delaware Court Related To kaleo's Patent Infringement Suit Regarding ZIMHI,3,uncertain,0.6,0.3,,163,34,1.0,2019-06-27,82163.0,-0.7692300714552401,0.7751930970698595,-0.775193215859904,8.527132976576368,3.1746000051498413,3.1746000051498413,1.5624984174907208
4608,ABERCROMBIE & FITCH CO,Abercrombie & Fitch To Sell CBD Products At 160 Stores,3,increase,0.7,0.5,,146,33,2.0,2019-06-27,83976.0,0.1896377187222241,1.198741514235735,8.201887959699716,14.19558342921652,2.994791977107525,-1.861049210213117,-2.3456855234327723
4616,APOGEE ENTERPRISES INC,Apogee Trades Higher On Q1 Earnings Beat,3,increase,0.8,0.6,,138,33,2.0,2019-06-27,14526.0,11.015228182077411,-0.6858780048787594,-1.0974013322811005,-1.4860574213426792,3.46638560295105,2.4441042010190817,3.330711889541349
4624,APOGEE ENTERPRISES INC,Apogee Enterprises shares are trading higher after the company reported better-than-expected Q1 EPS and sales results. The company also issued FY20 guidance above analyst estimates.,3,increase,0.85,0.7,,161,33,2.0,2019-06-27,14526.0,11.015228182077411,-0.6858780048787594,-1.0974013322811005,-1.4860574213426792,3.46638560295105,2.4441042010190817,3.330711889541349
4632,APOGEE ENTERPRISES INC,"Apogee Reaffirms FY20 Guidance: Sales Growth 1-3% Year Over  Year, EPS $3-$3.20 vs $3.06 Estimate",3,uncertain,0.6,0.2,,163,30,1.0,2019-06-27,14526.0,11.015228182077411,-0.6858780048787594,-1.0974013322811005,-1.4860574213426792,3.46638560295105,2.4441042010190817,3.330711889541349
4640,APOGEE ENTERPRISES INC,"Apogee Enterprises Q1 EPS $0.58 Beats $0.57 Estimate, Sales $355.365M Beat $327.39M Estimate",3,increase,0.8,0.6,,159,33,2.0,2019-06-27,14526.0,11.015228182077411,-0.6858780048787594,-1.0974013322811005,-1.4860574213426792,3.46638560295105,2.4441042010190817,3.330711889541349
4648,ARROWHEAD PHARMACEUTICALS INC,Arrowhead Pharma Reports Received Fast Track Designation For ARO-AAT For Treatment Of Alpha-1 Liver Disease,3,increase,0.8,0.6,,156,29,2.0,2019-06-27,80069.0,4.043317213654518,-8.049964159727097,-7.945867416971475,-5.794587175719568,0.6540708709508181,0.7272755053626456,-1.4935990774324504
4656,ASSEMBLY BIOSCIENCES INC,Assembly Biosciences Reports First Patient Dosed With ABI-M201 In Phase 1b Trial For Mildly-To-Moderately Active Ulcerative Colitis,3,increase,0.75,0.6,,160,29,2.0,2019-06-27,12497.0,3.66491973400116,-2.669551968574524,5.916310666979352,-3.4632004692784157,-3.535351902246475,3.6434132993284463,1.9054880068623437
4664,AUTOHOME INC,Autohome shares are trading higher after Bernstein initiated coverage on the stock with an Outperform rating and announced a $110 price target.,3,increase,0.85,0.7,,146,33,2.0,2019-06-27,14332.0,5.2285242825746545,-4.399279877543449,-4.466279728198963,-8.999551095959479,3.9956066757440567,-4.381531559449248,-4.862506492494623
4672,AUTOHOME INC,"Bernstein Initiates Coverage On Autohome with Outperform Rating, Announces $110 Price Target",3,increase,0.85,0.7,,139,33,2.0,2019-06-27,14332.0,5.2285242825746545,-4.399279877543449,-4.466279728198963,-8.999551095959479,3.9956066757440567,-4.381531559449248,-4.862506492494623
4680,ANGLOGOLD ASHANTI LTD,"BMO Capital Upgrades Anglogold Ashanti to Outperform, Raises Price Target to $21",3,increase,0.8,0.6,,148,33,2.0,2019-06-27,86341.0,0.8465097285807133,-0.3357659326866269,-0.7274820413087135,1.0632269813183326,2.5462882593274117,-0.2252304379865788,3.747069081209764
4688,GOLDEN MINERALS CO,"Golden Minerals Reports Deal For Sale Of Velardena, Other Properties To Compania Minera Autlan For $22M",3,increase,0.75,0.6,,150,33,2.0,2019-06-27,93285.0,-6.227810680866241,-2.6152819395065308,1.0323434328569858,3.234689927246359,-1.6190513968467712,9.621500892798364,20.5836519621708
4696,AVALONBAY COMMUNITIES INC,"Morgan Stanley Maintains Equal-Weight on AvalonBay Communities, Raises Price Target to $217",3,increase,0.7,0.5,,150,29,2.0,2019-06-27,80381.0,0.8346600458025932,0.8637758903205395,3.1920137188973463,4.48768524403631,-1.5312385745346546,-3.2958588022506174,-3.1376342893943754
4704,AMERICAN AXLE & MFG HLGDS INC,"Credit Suisse Initiates Coverage On American Axle & Mfg Hldgs with Outperform Rating, Announces $15 Price Target",3,increase,0.75,0.6,,161,29,2.0,2019-06-27,86547.0,7.053937017917633,-1.0852666571736336,-8.992247116546038,-11.550386144439994,2.118644118309021,2.4659861052564125,-0.4954537422288574
4712,ASTRAZENECA PLC,AstraZeneca Announces Imfinzi Improves Overall Survival at Interim Analysis in Phase III CASPIAN Trial in 1st-line Extensive-stage Small Cell Lung Cancer,3,increase,0.85,0.7,,158,33,2.0,2019-06-27,79363.0,0.0488173216581344,0.7074825465679169,-0.1219884899411272,-1.90290953283736,-1.0386480018496511,-1.2533150574214558,-0.9429385054877448
4720,BANK OF AMERICA CORP,Bank of America shares are trading higher after the company reported a $30.9 billion buyback and an increase in its quarterly dividend from $0.15 to $0.18 per share.,3,increase,0.85,0.7,,164,33,2.0,2019-06-27,59408.0,1.074880827218294,2.800428681075573,3.722088510803645,4.39561049344952,0.5403444636613131,-0.2501775822887686,-0.7468029132138287
4728,BANK OF AMERICA CORP,"Bank of America Reports $30.9B Buyback, Raises Quarterly Dividend From $0.15 To $0.18/Share",3,increase,0.85,0.7,,153,29,2.0,2019-06-27,59408.0,1.074880827218294,2.800428681075573,3.722088510803645,4.39561049344952,0.5403444636613131,-0.2501775822887686,-0.7468029132138287
4736,BRUNSWICK CORP,"Brunswick Structures Organization For 'Sharper Marine Focus', Expects $17M In Cost Reductions",3,increase,0.75,0.6,,145,29,2.0,2019-06-27,10874.0,-2.030461095273495,3.3791396766901016,1.847262573621267,3.942329799457611,0.3543739672750234,-0.6577488408518573,-3.6981888891386983
4744,BRUNSWICK CORP,Northcoast Research Downgrades Brunswick to Neutral,3,decrease,0.75,0.6,,136,34,0.0,2019-06-27,10874.0,-2.030461095273495,3.3791396766901016,1.847262573621267,3.942329799457611,0.3543739672750234,-0.6577488408518573,-3.6981888891386983
4752,B G C PARTNERS INC,"BGC Partners Sees Q2 Sales, Pre-Tax Adj. Earnings Above Midpoint Of Previously-Issued Range",3,increase,0.8,0.6,,150,29,2.0,2019-06-27,87487.0,2.5896437466144557,1.5533965080976486,6.21358612295837,6.213586113953196,0.0,-2.144252136349678,-2.713175842872062
4760,BANK OF NEW YORK MELLON CORP,Bank of New York Mellon shares are trading higher after the company announced a $3.94 billion buyback and an increase in quarterly dividend from $0.28 to $0.31 per share.,3,increase,0.85,0.7,,171,29,2.0,2019-06-27,49656.0,0.6261606235057117,1.7515605315566063,2.627332014237993,0.3917999891831725,-0.7137954700738192,0.0928437911355661,-0.6680509286875802
4768,BANK OF NEW YORK MELLON CORP,BNY Mellon Raises Quarterly Dividend From $0.28 To $0.31/Share; Co. Reports $3.94B Buyback,3,increase,0.8,0.6,,161,33,2.0,2019-06-27,49656.0,0.6261606235057117,1.7515605315566063,2.627332014237993,0.3917999891831725,-0.7137954700738192,0.0928437911355661,-0.6680509286875802
4776,BRISTOL MYERS SQUIBB CO,Lupus Therapeutics Expands Collaboration with Bristol-Myers Squibb to Test Potential Treatment for Lupus,3,increase,0.75,0.6,,154,33,2.0,2019-06-27,19393.0,0.4007130861282348,0.5543237552046776,2.6476740364626883,-0.9759722044417553,-1.8571166321635248,-1.6637524743090548,-8.958253211418354
4784,BSQUARE CORP,Bsquare Reports Selected By Arcus FM To Help Develop Distributed Intelligence Solution For Facilities Mgmt. In Retail,3,increase,0.7,0.6,,143,33,2.0,2019-06-27,87302.0,-3.278695046901703,-1.6949137672781944,2.542380570622371,4.237294350887844,-1.6129016876220703,3.206156065261112,9.451990301556634e-08
4792,BOSTON SCIENTIFIC CORP,"Canaccord Genuity Maintains Buy on Boston Scientific, Raises Price Target to $46",3,increase,0.8,0.6,,148,33,2.0,2019-06-27,77605.0,1.304665207862854,2.5041718035936356,1.6455965651178015,0.7631760588025394,-0.7909919135272503,-1.475836610770498,-0.7195952053827281
4800,BORGWARNER INC,"Credit Suisse Initiates Coverage On BorgWarner with Outperform Rating, Announces $50 Price Target",3,increase,0.75,0.6,,143,33,2.0,2019-06-27,79545.0,1.298391260206699,-0.3560444340109825,-3.2281048041104543,-5.126987317315546,0.2410182496532797,-0.2637904465859986,-0.999757645148025
4808,CITIGROUP INC,"Citi Reports No Objection By Fed To 2019 Capital Plan; Raises Qtr. Dividend From $0.45 To $0.51/Share, $17.1B Buyback",3,increase,0.85,0.7,,162,29,2.0,2019-06-27,70519.0,1.38351721689105,2.758616581559181,4.7688920897551945,5.311804928164254,1.0219421237707138,-0.2818608934594069,-1.1034279719438378
4816,CONAGRA BRANDS INC,Conagra Brands shares are trading lower after the company reported worse-than-expected Q4 EPS and sales results. The company also lowered its FY20 EPS guidance.,3,decrease,0.85,0.7,,157,34,0.0,2019-06-27,56274.0,-12.09816783666611,4.286276549100876,10.342112126159677,8.572553221143476,0.1384593895636499,2.953736402538931,0.7312012959936443
4824,CONAGRA BRANDS INC,"Conagra Falls On Q4 Earnings Miss, Lower Guidance",3,decrease,0.85,0.7,,137,30,0.0,2019-06-27,56274.0,-12.09816783666611,4.286276549100876,10.342112126159677,8.572553221143476,0.1384593895636499,2.953736402538931,0.7312012959936443
4832,CONAGRA BRANDS INC,Conagra Sees FY22 Adj. EPS $2.68-$2.78,3,increase,0.75,0.6,,143,33,2.0,2019-06-27,56274.0,-12.09816783666611,4.286276549100876,10.342112126159677,8.572553221143476,0.1384593895636499,2.953736402538931,0.7312012959936443
4840,CONAGRA BRANDS INC,UPDATE: Conagra Cuts FY20 EPS Guidance From $2.10-$2.20 To $2.08-$2.18 vs $2.16 Estimate,3,decrease,0.75,0.6,,159,34,0.0,2019-06-27,56274.0,-12.09816783666611,4.286276549100876,10.342112126159677,8.572553221143476,0.1384593895636499,2.953736402538931,0.7312012959936443
4848,CONAGRA BRANDS INC,Conagra Cuts FY20 Guidance,3,decrease,0.85,0.7,,132,34,0.0,2019-06-27,56274.0,-12.09816783666611,4.286276549100876,10.342112126159677,8.572553221143476,0.1384593895636499,2.953736402538931,0.7312012959936443
4856,CONAGRA BRANDS INC,"Conagra Brands Q4 EPS $0.36 Misses $0.41 Estimate, Sales $2.613B Miss $2.66B Estimate",3,decrease,0.85,0.7,,157,34,0.0,2019-06-27,56274.0,-12.09816783666611,4.286276549100876,10.342112126159677,8.572553221143476,0.1384593895636499,2.953736402538931,0.7312012959936443
4864,CALAMP CORP,CalAmp shares are trading higher after the company reported better-than-expected Q1 EPS and sales results.,3,increase,0.85,0.7,,142,33,2.0,2019-06-27,20670.0,2.463054284453392,12.307699024677277,8.557695309611614,11.538468626105548,1.297396793961525,0.0986122438830339,1.1964097044814492
4872,CALAMP CORP,"CalAmp Q1 Adj. EPS $0.12 Beats $0.09 Estimate, Sales $89.07M Beat $87.04M Estimate",3,increase,0.8,0.6,,153,33,2.0,2019-06-27,20670.0,2.463054284453392,12.307699024677277,8.557695309611614,11.538468626105548,1.297396793961525,0.0986122438830339,1.1964097044814492
4880,CITIZENS FINANCIAL GROUP INC,Citizens Financial Reports $1.275B Buyback,3,increase,0.75,0.6,,141,33,2.0,2019-06-27,14889.0,1.104975491762161,1.6968654468655586,3.2211644882547352,2.8185202230360584,0.1456005731597542,-0.2031331963213922,-1.149759994517341
4888,CHICOS FAS INC,"Chico's FAS, Inc. Board Of Directors Unanimously Rejects Unsolicited Proposal From Sycamore Partners",3,decrease,0.75,0.6,,150,34,0.0,2019-06-27,78963.0,3.785485401749611,2.431608736515045,5.167175758359854,5.775078034677028,-0.6269586272537708,-4.518068031261258,-6.213018571038242
4896,CLEARSIGN TECHNOLOGIES CORP,ClearSign Combustion Files For $50M Mixed Shelf Offering,3,decrease,0.75,0.6,,143,34,0.0,2019-06-27,13369.0,2.941173687577248,9.52381193637848,17.142864128464353,27.619056016900775,-6.823787093162537,-1.9230751167428897,-6.422022826298546
4904,CAPITAL ONE FINANCIAL CORP,Capital One Reports $2.2B Buyback,3,increase,0.75,0.6,,138,33,2.0,2019-06-27,81055.0,-0.0559358042664825,1.57841257750988,3.593416542874883,1.947831372202602,0.6304858718067408,0.7439089375890218,-2.3382861133506516
4912,CANADIAN PACIFIC KANSAS CITY LTD,National Bank Financial Downgrades Canadian Pacific Railway to Sector Perform,3,decrease,0.75,0.6,,146,34,0.0,2019-06-27,89125.0,0.449766032397747,0.474095856770873,1.870751065857812,2.1227527490321307,-0.3963487222790718,-1.9549392306756672,-2.572118617855157
4920,COMMUNITY HEALTH SYS INC NEW,"Community Health Systems Announces Definitive Agreement To Sell Bluefield, West Virginia Hospital",3,decrease,0.7,0.5,,139,34,0.0,2019-06-27,88284.0,0.7812492549419403,3.4883782267570496,9.689922872894808,-5.038755284378704,-1.5384601429104805,-0.3891046784106899,-5.535058948864902
4928,DANA INC,"Credit Suisse Initiates Coverage On Dana with Outperform Rating, Announces $22 Price Target",3,increase,0.8,0.6,,137,33,2.0,2019-06-27,92570.0,5.549513176083565,2.7835099026560783,-1.2371122648088262,-4.948449015436296,4.254112392663956,2.566958958917853,2.395533936903216
4936,DEUTSCHE BANK A G,Deutsche Bank shares are trading higher after the company passed the Fed stress test.,3,increase,0.85,0.7,,143,33,2.0,2019-06-27,89199.0,2.306649647653103,1.1936360038816929,6.498670856979438,1.7241394356924733,3.511235862970352,3.802816533705533,2.6462402737824853
4944,DEUTSCHE BANK A G,Deutsche Bank Has Passed Fed Stress Test,3,increase,0.85,0.7,,136,29,2.0,2019-06-27,89199.0,2.306649647653103,1.1936360038816929,6.498670856979438,1.7241394356924733,3.511235862970352,3.802816533705533,2.6462402737824853
4952,DEUTSCHE BANK A G,Deutsche Bank Shares Spike 3.3% Higher After Hours On Uptick In Volume,3,increase,0.8,0.3,,146,33,2.0,2019-06-27,89199.0,2.306649647653103,1.1936360038816929,6.498670856979438,1.7241394356924733,3.511235862970352,3.802816533705533,2.6462402737824853
4960,DISCOVER FINANCIAL SERVICES,"Discover Reports $1.63B Buyback, Raises Quarterly Dividend From $0.40 To $0.44/Share",3,increase,0.8,0.6,,151,29,2.0,2019-06-27,92121.0,0.0,0.0,3.3638364634165585,4.76866188046563,0.2195791341364383,-1.8945955915228296e-08,-1.007911395410099
4968,DANAHER CORP,Danaher Announces New Public Dental Company to Be Named Envista Holdings Corporation,3,increase,0.75,0.6,,138,33,2.0,2019-06-27,49680.0,0.8799886330962181,0.6620668340474367,1.7396825912430414,-1.3734306302763732,-0.9071682579815388,-0.8723111055687238,-1.962006568697072
4976,SPDR DOW JONES IND AVG ETF TRUST,Fed's Daly Says Balance Sheet Trimming Has Been Well,3,increase,0.7,0.6,,145,33,2.0,2019-06-27,85765.0,-0.0263959431322291,0.264006108045578,1.553835666195269,3.107682773259879,-0.0150827647303231,-0.7298769121721893,-0.7038580581287701
4984,DURECT CORP,DURECT Reports FDA Submission Of Full Response to PSIMIR Complete Response Letter,3,uncertain,0.6,0.3,,140,34,1.0,2019-06-27,88626.0,-3.5294100642204276,-0.6097573321312666,2.317066333729234,0.914630744789946,3.721780702471733,8.608848583920548,11.47540805289966
4992,DEXCOM INC,DexCom Shares Do Not Appear To Be Impacted Following Earlier Article Highlighting Possible Competitor In Diabetes Space 'Apple continues expanding into health care by selling its first diabetes product in stores',3,uncertain,0.6,0.3,,159,34,1.0,2019-06-27,90664.0,3.038227371871471,2.7497733011841774,0.7954492953393455,2.2903355103019107,-1.38657009229064,-4.1514321581546,-6.14721761585697
5000,ENBRIDGE INC,Michigan Attorney General Files Lawsuit Seeking Decommissioning Of Enbridge's To Line 5 Pipeline Under Straits Of Mackinac,3,decrease,0.8,0.6,,148,34,0.0,2019-06-27,76932.0,1.369080226868391,1.5194172970950603,2.3916670526427097,2.7293116456565736,0.6314615719020367,-0.1424074297137312,-0.284409808947561
5008,ESSEX PROPERTY TRUST INC,"Morgan Stanley Maintains Overweight on Essex Property Trust, Raises Price Target to $320",3,increase,0.8,0.6,,141,29,2.0,2019-06-27,80681.0,0.7006616331636906,1.234524231404066,4.414471389891816,5.402787151454702,-1.998778060078621,-3.255037703460129,-3.893600537699926
5016,EVOKE PHARMA INC,Evoke Pharma shares are trading higher after the company requested a Type A FDA meeting to plan for the resubmission of Gimoti NDA.,3,increase,0.75,0.6,,153,33,2.0,2019-06-27,14158.0,7.97811895608902,9.170307219028471,19.66812719446709,53.7467332994052,-5.557533353567123,-10.135588393011608,-14.483870931200428
5024,EVOKE PHARMA INC,Evoke Pharma Reports Requested Type-A FDA Meeting To Plan For Resubmission Of Gimoti New Drug Application,3,increase,0.75,0.6,,147,29,2.0,2019-06-27,14158.0,7.97811895608902,9.170307219028471,19.66812719446709,53.7467332994052,-5.557533353567123,-10.135588393011608,-14.483870931200428
5032,EVERTEC INC,"EVERTEC Reports Collaboration With Banco Santander To Open Chilean Merchant Acquiring Market, No Terms Disclosed",3,increase,0.75,0.6,,140,33,2.0,2019-06-27,13837.0,1.592977158725262,4.640002548694611,5.504003962652648,5.952002053549599,0.0325210683513432,1.3509056077595671,0.5557374899390455
5040,ISHARES INC,US Senate-Passed Border Aid Bill Secures Enough Votes In House For Passage; Voting Continues,3,uncertain,0.5,0.2,,141,34,1.0,2019-06-27,83223.0,-1.51515593752265,-0.3903517266735434,1.2629144347414467,-0.0918505862785301,0.5914516281336546,0.3176029349483356,0.3403710393653281
5048,ISHARES INC,House To Vote On Senate-Passed Border Aid Bill,3,uncertain,0.5,0.2,,132,34,1.0,2019-06-27,83223.0,-1.51515593752265,-0.3903517266735434,1.2629144347414467,-0.0918505862785301,0.5914516281336546,0.3176029349483356,0.3403710393653281
5056,ISHARES INC,Mexico Central Bank Leaves Benchmark Interest Rate Unchanged At 8.25%,3,uncertain,0.6,0.2,,136,34,1.0,2019-06-27,83223.0,-1.51515593752265,-0.3903517266735434,1.2629144347414467,-0.0918505862785301,0.5914516281336546,0.3176029349483356,0.3403710393653281
5064,ISHARES INC,Mexican Pres Obrador Says The Letter He Is Sending To Other G20 Leaders For Upcoming Summit Focuses On Migration,3,uncertain,0.4,0.2,,145,34,1.0,2019-06-27,83223.0,-1.51515593752265,-0.3903517266735434,1.2629144347414467,-0.0918505862785301,0.5914516281336546,0.3176029349483356,0.3403710393653281
5072,FORD MOTOR CO DEL,Ford Motor Co shares are trading higher after Credit Suisse initiated coverage on the stock with an Outperform rating and announced a $13 price target.,3,increase,0.8,0.6,,151,29,2.0,2019-06-27,25785.0,2.926336601376534,0.2941150451079011,7.94206256315988e-08,2.8431371263653027,0.7113790139555931,-0.4020096804127737,-0.8008000556085526
5080,FORD MOTOR CO DEL,"Ford To Cut ~12K Jobs At Wholly-Owned Plants, Consolidated Joint Ventures In Europe By End Of 2020",3,decrease,0.8,0.6,,149,34,0.0,2019-06-27,25785.0,2.926336601376534,0.2941150451079011,7.94206256315988e-08,2.8431371263653027,0.7113790139555931,-0.4020096804127737,-0.8008000556085526
5088,FORD MOTOR CO DEL,"Credit Suisse Initiates Coverage On Ford Motor with Outperform Rating, Announces $13 Price Target",3,increase,0.75,0.6,,142,33,2.0,2019-06-27,25785.0,2.926336601376534,0.2941150451079011,7.94206256315988e-08,2.8431371263653027,0.7113790139555931,-0.4020096804127737,-0.8008000556085526
5096,FUELCELL ENERGY INC,"FuelCell Energy Reports Contract With Drax Power Station In UK For Application Of Co.'s Carbon Capture Solution, No Terms Disclosed",3,increase,0.7,0.6,,150,29,2.0,2019-06-27,77699.0,6.920021027326584,-6.419096142053604,324.40318750512887,284.13792904260436,13.741937279701231,-4.236826799827043,-11.894053317590847
5104,FACTSET RESEARCH SYSTEMS INC,"Regulatory, Industry Headwinds Pressuring FactSet's Revenue, Goldman Sachs Says In Downgrade",3,decrease,0.85,0.7,,148,34,0.0,2019-06-27,83597.0,-1.354848500341177,0.402926979586482,3.517749299662243,3.892640318956953,1.4303195290267467,-1.3636518755258176,-2.9354536866807224
5112,FACTSET RESEARCH SYSTEMS INC,"UPDATE: Goldman Downgrades FactSet To Sell, Lowers Target To $246 As Firm Believes Co. 'faces secular challenges in the financial services end-market due to MiFID II and the ongoing shift from active to passive asset management'",3,decrease,0.85,0.7,,176,34,0.0,2019-06-27,83597.0,-1.354848500341177,0.402926979586482,3.517749299662243,3.892640318956953,1.4303195290267467,-1.3636518755258176,-2.9354536866807224
5120,FACTSET RESEARCH SYSTEMS INC,FactSet Research Systems shares are trading lower after Goldman Sachs downgraded the stock from Neutral to Sell and lowered the price target from $256 to $246.,3,decrease,0.85,0.7,,159,34,0.0,2019-06-27,83597.0,-1.354848500341177,0.402926979586482,3.517749299662243,3.892640318956953,1.4303195290267467,-1.3636518755258176,-2.9354536866807224
5128,FACTSET RESEARCH SYSTEMS INC,"Goldman Sachs Downgrades FactSet Research Systems to Sell, Lowers Price Target to $246",3,decrease,0.85,0.7,,148,34,0.0,2019-06-27,83597.0,-1.354848500341177,0.402926979586482,3.517749299662243,3.892640318956953,1.4303195290267467,-1.3636518755258176,-2.9354536866807224
5136,FIFTH THIRD BANCORP,Fifth Third Sees $2B In Buybacks And Sees Dividend Raises Through Q2 2020,3,increase,0.85,0.7,,150,29,2.0,2019-06-27,34746.0,0.9904647246003152,2.2352462634444237,3.88420481975178,3.334554379434951,0.6275380961596966,0.2943337656394984,-0.3654985033481495
5144,NATIONAL BEVERAGE CORP,"UPDATE: Jefferies Maintains Underperform On National Beverage, Lowers Target To $33 As Firm Notes Intensified Competition In Sparkling Water, And Does Not 'foresee a quick, inexpensive, or even certain turnaround at this point for the co.'s LaCroix brand'",3,decrease,0.85,0.7,,183,34,0.0,2019-06-27,76839.0,4.3581243604421624,1.293689664453268,3.2001810297249467,-4.312304770770048,-2.1779393777251244,-4.39311287044627,-3.8487784933200486
5152,NATIONAL BEVERAGE CORP,"Jefferies Maintains Underperform on National Beverage, Lowers Price Target to $33",3,decrease,0.85,0.7,,144,30,0.0,2019-06-27,76839.0,4.3581243604421624,1.293689664453268,3.2001810297249467,-4.312304770770048,-2.1779393777251244,-4.39311287044627,-3.8487784933200486
5160,GENERAL MILLS INC,"Morgan Stanley Maintains Equal-Weight on General Mills, Raises Price Target to $52",3,uncertain,0.6,0.2,,139,30,1.0,2019-06-27,17144.0,1.773533038794994,0.5744910798966885,3.7533494474443208,3.276890661814269,-4.45065051317215,-4.397236529566328,-4.575040047626089
5168,GENERAL MILLS INC,"UBS Maintains Neutral on General Mills, Raises Price Target to $52",3,increase,0.7,0.5,,137,29,2.0,2019-06-27,17144.0,1.773533038794994,0.5744910798966885,3.7533494474443208,3.276890661814269,-4.45065051317215,-4.397236529566328,-4.575040047626089
5176,GEOPARK LTD,"GeoPark Reports Was Awarded Llanos 86, 87, 104 Blocks In Partnership With Hocol; Winning Bids Consisted Of Commitments To Register 550 Sq. Km. Of 3D Seismic, Drilling Of 6 Exploration Wells During First Phase, Investment Of $80M-$110M",3,increase,0.75,0.6,,187,33,2.0,2019-06-27,14493.0,-1.323041785508394,3.5754263401031494,1.7877078399871404,2.9608977663261538,0.2763915807008743,-1.144419577505551,-2.3155644570230782
5184,GRIFOLS S A,Grifols shares are trading higher after JP Morgan upgraded the stock from Neutral to Overweight.,3,increase,0.85,0.7,,142,33,2.0,2019-06-27,12886.0,3.366834670305252,2.576571144163609,5.347595538419148,3.9377709926168514,-1.0934453457593918,-0.6986092153895784,-0.5497281653676023
5192,GRIFOLS S A,"JP Morgan Upgrades Grifols to Overweight, Raises Price Target to $22.5",3,increase,0.85,0.7,,143,33,2.0,2019-06-27,12886.0,3.366834670305252,2.576571144163609,5.347595538419148,3.9377709926168514,-1.0934453457593918,-0.6986092153895784,-0.5497281653676023
5200,CHART INDUSTRIES INC,"Morgan Stanley Initiates Coverage On Chart Industries with Overweight Rating, Announces $90 Price Target",3,increase,0.8,0.6,,142,29,2.0,2019-06-27,91402.0,3.963284939527513,2.835734374821186,-1.6452694939361412,-1.003210520387876,1.0965927504003048,2.1303791193335364,2.4797000864454466
5208,HUNTINGTON BANCSHARES INC,"Huntington Bancshares Raises Qtr. Dividend From $0.14 To $0.15/Share, Announces $513M Buyback Over Next 4 Quarters As Related To 2019 Capital Plan",3,increase,0.75,0.6,,173,29,2.0,2019-06-27,42906.0,1.486987434327602,1.2454218231141567,1.9780254073790584,1.6117235893063908,0.2982845762744546,0.4480915850984202,0.9002242131203264
5216,HOWARD HUGHES CORP,"Howard Hughes Shares Resume Trade, Remain Near Session Highs, Up 31.8%",3,increase,0.85,0.4,,146,33,2.0,2019-06-27,12373.0,41.75397455692291,-5.6457169353961945,-0.8914269971699085,-1.2495231913851157,-2.6188530027866364,-4.967673136439643,-9.65066997934999
5224,HOWARD HUGHES CORP,"Howard Hughes Reports Review Of Strategic Alternatives, Board Has Retained Centerview Partners",3,uncertain,0.6,0.3,,143,34,1.0,2019-06-27,12373.0,41.75397455692291,-5.6457169353961945,-0.8914269971699085,-1.2495231913851157,-2.6188530027866364,-4.967673136439643,-9.65066997934999
5232,HOWARD HUGHES CORP,"Report: Howard Hughes Exploring Strategic Alternatives, Possible Sale",3,uncertain,0.6,0.3,,138,34,1.0,2019-06-27,12373.0,41.75397455692291,-5.6457169353961945,-0.8914269971699085,-1.2495231913851157,-2.6188530027866364,-4.967673136439643,-9.65066997934999
5240,HOWARD HUGHES CORP,Howard Hughes Shares Halted News Pending,3,uncertain,0.6,0.5,,135,34,1.0,2019-06-27,12373.0,41.75397455692291,-5.6457169353961945,-0.8914269971699085,-1.2495231913851157,-2.6188530027866364,-4.967673136439643,-9.65066997934999
5248,HOWARD HUGHES CORP,"Howard Hughes shares are trading higher after CNBC reported the company has hired Centerview Partners to explore alternatives, including a sale.",3,increase,0.8,0.6,,151,33,2.0,2019-06-27,12373.0,41.75397455692291,-5.6457169353961945,-0.8914269971699085,-1.2495231913851157,-2.6188530027866364,-4.967673136439643,-9.65066997934999
5256,HOWARD HUGHES CORP,"'Howard Hughes Corp hires Centerview Partners to explore alternatives, including a sale: Sources' -CNBC",3,increase,0.75,0.6,,149,33,2.0,2019-06-27,12373.0,41.75397455692291,-5.6457169353961945,-0.8914269971699085,-1.2495231913851157,-2.6188530027866364,-4.967673136439643,-9.65066997934999
5264,HONDA MOTOR LTD,"Honda Sets Monthly Records for Automobile Production Worldwide, Overseas, in North America, Asia and China",3,increase,0.85,0.7,,140,29,2.0,2019-06-27,59555.0,1.293610036373138,0.0,1.238388924952161,2.4767777905368327,-0.9320379234850408,-1.2770894650668052,-1.2770894650668052
5272,HEALTHEQUITY INC,"HealthEquity shares are trading higher after the company announced it will acquire Wageworks for $51.35 per share in cash, or approximately $2 billion.",3,increase,0.75,0.6,,157,33,2.0,2019-06-27,14803.0,4.9694377928972235,0.1991801662370562,-0.9498928714181344,9.805426594884636,-3.880046308040619,-6.58052489981208,-7.525279090876602
5280,HEALTHEQUITY INC,HealthEquity Is Buying WageWorks In A $2B Deal,3,increase,0.75,0.6,,139,33,2.0,2019-06-27,14803.0,4.9694377928972235,0.1991801662370562,-0.9498928714181344,9.805426594884636,-3.880046308040619,-6.58052489981208,-7.525279090876602
5288,HEALTHEQUITY INC,HealthEquity To Buy WageWorks For $51.35/Share In Cash,3,increase,0.75,0.6,,142,33,2.0,2019-06-27,14803.0,4.9694377928972235,0.1991801662370562,-0.9498928714181344,9.805426594884636,-3.880046308040619,-6.58052489981208,-7.525279090876602
5296,HERSHEY CO,"Success Is Sweet For Hershey, A Shipper Of Choice",3,increase,0.8,0.6,,134,33,2.0,2019-06-27,16600.0,0.5441751796752214,-0.6301943212747574,2.505923357405715,1.6978003748605142,-2.2230343893170357,-2.400875368338906,-2.1731283833214654
5304,I C F INTERNATIONAL INC NEW,ICF Wins Blanket Purchase Agreement For GSA IT Modernization Contract,3,increase,0.75,0.6,,139,29,2.0,2019-06-27,91468.0,-0.0138514558784663,0.8310333825647831,8.379505941026455,12.382275418015464,0.1247869338840246,-0.4000012593659452,-1.8085420413973097
5312,INFINITY PHARMACEUTICALS INC,"Oppenheimer Initiates Coverage On Infinity Pharmaceuticals with Outperform Rating, Announces $3 Price Target",3,increase,0.7,0.5,,151,29,2.0,2019-06-27,88434.0,3.5714324563741675,3.4482724964618683,-0.5747120818212048,-5.172415612026537,-0.2967356238514185,3.7037001260370017,4.999995141368019
5320,JINKOSOLAR HOLDING CO LTD,JinkoSolar Q1 Earnings Outlook,3,uncertain,0.6,0.3,,137,34,1.0,2019-06-27,93380.0,2.436784841120243,-2.6481155306100845,3.9497266258240016,-9.82944548562874,3.6701641976833344,-3.1180431976878475,-2.2471908004088936
5328,NORDSTROM INC,"Goldman Turns Bearish On Fashion Retailers Nordstrom, Ross Stores",3,decrease,0.85,0.7,,138,34,0.0,2019-06-27,57817.0,-2.329192496836185,1.303656119853258,1.685210823583594,-0.2861688036230547,-1.7393948510289192,-1.4687868587760278,-3.592816466377335
5336,NORDSTROM INC,Nordstroms shares are trading lower after Goldman Sachs downgraded the stock from Neutral to Sell and lowered the price target from $37 to $30.,3,decrease,0.85,0.7,,154,34,0.0,2019-06-27,57817.0,-2.329192496836185,1.303656119853258,1.685210823583594,-0.2861688036230547,-1.7393948510289192,-1.4687868587760278,-3.592816466377335
5344,NORDSTROM INC,UPDATE: Goldman Downgrades Nordstrom To Sell As Firm Notes 'Ongoing comp headwinds in full line and off price stores are compounded in FY19 by EBIT headwinds from ongoing strategic investments and the opening of the company's 7-floor flagship in NYC',3,decrease,0.85,0.7,,175,34,0.0,2019-06-27,57817.0,-2.329192496836185,1.303656119853258,1.685210823583594,-0.2861688036230547,-1.7393948510289192,-1.4687868587760278,-3.592816466377335
5352,NORDSTROM INC,"Goldman Sachs Downgrades Nordstrom to Sell, Lowers Price Target to $30",3,decrease,0.85,0.7,,142,34,0.0,2019-06-27,57817.0,-2.329192496836185,1.303656119853258,1.685210823583594,-0.2861688036230547,-1.7393948510289192,-1.4687868587760278,-3.592816466377335
5360,K B HOME,'A Clearer Path To Earnings Growth': KB Home's Strong Q2 Triggers Analyst Upgrades,3,increase,0.85,0.7,,139,33,2.0,2019-06-27,70092.0,7.904796302318573,1.339110545814037,2.2449773011046004,3.859793138210144,-1.2174601666629314,-3.8414329095221023,-4.42729527284923
5368,K B HOME,"UPDATE: Buckingham Upgrades KB Home, Firm Notes 'Continued community count growth should bolster order growth in 2H19, and gross margins should experience tailwinds from lower interest, improving geographic mix, firming prices and improving volume'",3,increase,0.8,0.6,,167,33,2.0,2019-06-27,70092.0,7.904796302318573,1.339110545814037,2.2449773011046004,3.859793138210144,-1.2174601666629314,-3.8414329095221023,-4.42729527284923
5376,K B HOME,"KB Home shares are trading higher after better-than-expected Q2 EPS and sales results. KeyBanc and Buckingham Research upgraded the company to Overweight and Buy, respectively.",3,increase,0.85,0.7,,154,33,2.0,2019-06-27,70092.0,7.904796302318573,1.339110545814037,2.2449773011046004,3.859793138210144,-1.2174601666629314,-3.8414329095221023,-4.42729527284923
5384,K B HOME,"Buckingham Research Upgrades KB Home to Buy, Raises Price Target to $30",3,increase,0.85,0.7,,136,33,2.0,2019-06-27,70092.0,7.904796302318573,1.339110545814037,2.2449773011046004,3.859793138210144,-1.2174601666629314,-3.8414329095221023,-4.42729527284923
5392,K B HOME,"KeyBanc Upgrades KB Home to Overweight, Announces $30 Price Target",3,increase,0.8,0.6,,136,29,2.0,2019-06-27,70092.0,7.904796302318573,1.339110545814037,2.2449773011046004,3.859793138210144,-1.2174601666629314,-3.8414329095221023,-4.42729527284923
5400,COCA COLA CO,"Coca-Cola, A Shipper Of Choice That Quenches Drivers' Thirsts For Efficiency",3,increase,0.75,0.6,,144,33,2.0,2019-06-27,11308.0,-0.0782415911089629,-0.313241290859878,2.0164423106738383,2.0360161427087853,-1.2364748865365982,-1.5408306082132284,-0.8341422069944149
5408,KROGER CO,Kroger Raises Quarterly Dividend From $0.14 To $0.16/Share,3,increase,0.8,0.6,,139,33,2.0,2019-06-27,16678.0,-0.1866584876552224,1.496024802327156,1.6830323682354376,2.337540969565577,-1.9221970811486244,-2.9438387911330244,-3.6420838932282984
5416,KRATOS DEFENSE & SECUR SOLS INC,Kratos Defense & Security Solutions Wins $4.1M C5ISR System Contract Award,3,increase,0.75,0.6,,154,29,2.0,2019-06-27,87430.0,-0.0901733874343335,3.2942216843366623,8.709387393857536,8.574005309438682,1.5102971345186234,-0.8936498807923243,-0.2697816630766181
5424,COMSTOCK INC,Comstock Mining Reports Tonogol Resources Paid Added Non-Refundable Cash Deposit Of $600K Toward Purchase Of Lucerne Properties,3,increase,0.75,0.6,,149,33,2.0,2019-06-27,12840.0,-0.052604783559218,0.0,-4.631578945413228,-11.842101822374584,0.7953316904604435,-2.51281740656496,0.0526324254682464
5432,LIGHTPATH TECHNOLOGIES INC,LightPath Technologies Wins $1.9M Order For BD6 Infrared Optics,3,increase,0.75,0.6,,143,29,2.0,2019-06-27,83149.0,-1.265537925064564,4.142829775810242,14.442666502285384,2.7695146903865098,-0.840335339307785,-0.7068362896104907,-2.747256569432166
5440,MCKESSON H B O C INC,"McKesson Issues Press Release Congratulating Change Healthcare On Thurs. IPO, Says Co. Holds Majority Ownership Stake In Change's Operating Subsidiary",3,increase,0.75,0.6,,162,33,2.0,2019-06-27,81061.0,2.865040116012096,0.3509567119181156,4.562425827387462,7.974916463658777,-1.221548207104206,-0.7168476973745674,-2.156917999159591
5448,MEDTRONIC PLC,FDA Safety Communication Says Certain Medtronic MiniMed Insulin Pumps Have Potential Cybersecurity Risks,3,decrease,0.8,0.6,,142,34,0.0,2019-06-27,60097.0,0.2674368675798178,-0.0923306972254067,1.2002433497359632,2.3761501560187304,-1.698685809969902,-1.9564364275633572,-2.1734716040336055
5456,MAGNA INTERNATIONAL INC,"Credit Suisse Initiates Coverage On Magna International with Neutral Rating, Announces $55 Price Target",3,uncertain,0.6,0.2,,139,30,1.0,2019-06-27,78045.0,1.102709956467152,0.383765809237957,-2.625730678376015,-3.6558221770366273,0.6577588617801666,0.2661774649973747,0.4100897415637572
5464,MIX TELEMATICS LTD,MiX Telematics Reports Establishment Of Office In Mexico 'to capitalize on the growing opportunity within the region',3,increase,0.75,0.6,,146,33,2.0,2019-06-27,14075.0,0.0670706154778599,0.7372631225734949,4.82573890233613,3.284180592014452,-0.467287702485919,-1.7139105126489085,-4.115757801107178
5472,MCCORMICK & CO INC,McCormick Reports Mixed Q2 Earnings,3,uncertain,0.6,0.3,,134,34,1.0,2019-06-27,52090.0,3.478715941309929,-0.5517422221601009,3.939184949111918,2.052771154839994,-1.6068924218416214,-2.2834831278094936,-2.448027187245938
5480,MCCORMICK & CO INC,McCormick Reports Mixed Q2 Earnings,3,uncertain,0.6,0.3,,134,34,1.0,2019-06-27,52090.0,3.478715941309929,-0.5517422221601009,3.939184949111918,2.052771154839994,-1.6068924218416214,-2.2834831278094936,-2.448027187245938
5488,MCCORMICK & CO INC,McCormick Raises FY19 Guidance: Adj. EPS From $5.17-$5.27 To $5.20-$5.30 vs $5.26 Estimate,3,increase,0.8,0.6,,161,33,2.0,2019-06-27,52090.0,3.478715941309929,-0.5517422221601009,3.939184949111918,2.052771154839994,-1.6068924218416214,-2.2834831278094936,-2.448027187245938
5496,MCCORMICK & CO INC,McCormick Raises FY19 Guidance: Adj. EPS From $5.17-$5.27 To $5.20-$5.30 vs $5.26 Estimate,3,increase,0.8,0.6,,161,33,2.0,2019-06-27,52090.0,3.478715941309929,-0.5517422221601009,3.939184949111918,2.052771154839994,-1.6068924218416214,-2.2834831278094936,-2.448027187245938
5504,MCCORMICK & CO INC,"McCormick & Co Q2 EPS $1.16 Beats $1.08 Estimate, Sales $1.3019B Miss $1.31B Estimate",3,uncertain,0.6,0.2,,159,34,1.0,2019-06-27,52090.0,3.478715941309929,-0.5517422221601009,3.939184949111918,2.052771154839994,-1.6068924218416214,-2.2834831278094936,-2.448027187245938
5512,MCCORMICK & CO INC,"McCormick & Co Q2 EPS $1.16 Beats $1.08 Estimate, Sales $1.3019B Miss $1.31B Estimate",3,uncertain,0.6,0.2,,159,34,1.0,2019-06-27,52090.0,3.478715941309929,-0.5517422221601009,3.939184949111918,2.052771154839994,-1.6068924218416214,-2.2834831278094936,-2.448027187245938
5520,3M CO,"Bank of America Maintains Neutral on 3M, Lowers Price Target to $185",3,decrease,0.75,0.6,,140,34,0.0,2019-06-27,22592.0,-0.2210873179137707,1.072884164750576,0.2915451315323114,1.0728839929812215,-0.0871905474923551,-0.8651516620510113,-0.8479960554938715
5528,MORGAN STANLEY DEAN WITTER & CO,"Morgan Stanley Raises Buyback From $4.7B To $6.0B, Raises Quarterly Dividend From $0.30 To $0.35/Share",3,increase,0.85,0.7,,169,33,2.0,2019-06-27,69032.0,1.163061149418354,0.7358006201684475,1.6555469761382335,3.1731368237919666,0.7735626772046089,-0.1857394935621648,-1.3538322662901003
5536,MICRON TECHNOLOGY INC,"Wedbush Initiates Coverage On Micron Technology with Neutral Rating, Announces $30 Price Target",3,uncertain,0.6,0.2,,143,34,1.0,2019-06-27,53613.0,2.780774235725403,1.3659060932695866,3.546095413499528,16.916203516074724,13.341495394706726,11.599887217999338,11.398499348785696
5544,MYRIAD GENETICS INC,Myriad Genetics Highlights Publication Of Results From Study Showing Prolaris Test Can Accurately Predict 10-Year Risk Of Metastases In Men Newly Diagnosed With Localized Prostate Cancer,3,increase,0.75,0.6,,166,29,2.0,2019-06-27,82508.0,0.9049764834344388,3.811660781502724,3.32585699094603,-3.886401266904904,16.982798278331757,15.104164106995643,12.755101725495832
5552,NEOGENOMICS INC,NeoGenomics Reports New $250M Credit Deal,3,increase,0.75,0.6,,136,33,2.0,2019-06-27,13704.0,1.7958462238311772,1.8570084124803543,8.07799316754776,2.692664544941392,-6.2887512147426605,-8.398270281868669,-9.417810969980422
5560,NEUROMETRIX INC,"NeuroMetrix Reports Will Sublet Corporate Office, Consolidate Operations At Manufacturing, Fulfillment Plant, Sees Costs ~$200K",3,decrease,0.7,0.5,,155,34,0.0,2019-06-27,90288.0,-22.480614483356483,2.499997615814209,6.999999105076471,12.4999952134101,-4.444453120231628,-4.2316309198870865,-1.2440201804779338
5568,NEUROMETRIX INC,"NeuroMetrix Reports Cut Workforce By 11 Employees, Sees $200K Charge",3,decrease,0.7,0.5,,146,34,0.0,2019-06-27,90288.0,-22.480614483356483,2.499997615814209,6.999999105076471,12.4999952134101,-4.444453120231628,-4.2316309198870865,-1.2440201804779338
5576,NOVAVAX INC,Novavax shares are trading higher after the company entered a strategic partnership with Catalent Biologics; the company also announced it will utilize the accelerated approval pathway for licensure of NanoFlu.,3,increase,0.75,0.6,,161,33,2.0,2019-06-27,82779.0,11.1913338303566,-4.870125278830528,-16.72077518727617,-20.45454181816264,-1.423486229032278,2.4029597398307123,-1.5985814685783415
5584,NOVAVAX INC,Novavax Reports Accelerated Approval Pathway Available For Licensure Of NanoFlu,3,increase,0.75,0.6,,139,33,2.0,2019-06-27,82779.0,11.1913338303566,-4.870125278830528,-16.72077518727617,-20.45454181816264,-1.423486229032278,2.4029597398307123,-1.5985814685783415
5592,NOVAVAX INC,"UPDATE: 100+ Novavax Employees Will Transfer To Paragon; Deal Cuts Novavax Operating Costs, Provides $18M Cash Payment At Closing",3,increase,0.7,0.5,,153,29,2.0,2019-06-27,82779.0,11.1913338303566,-4.870125278830528,-16.72077518727617,-20.45454181816264,-1.423486229032278,2.4029597398307123,-1.5985814685783415
5600,NOVAVAX INC,"UPDATE: Paragon To Assume Leases To 2 Novavax Project Development, Manufacturing Facilities In Maryland",3,uncertain,0.6,0.3,,143,34,1.0,2019-06-27,82779.0,11.1913338303566,-4.870125278830528,-16.72077518727617,-20.45454181816264,-1.423486229032278,2.4029597398307123,-1.5985814685783415
5608,NOVAVAX INC,Novavax Reports Arrangement With Catalent Biologics' Paragon Gene Therapy Unit,3,increase,0.7,0.6,,139,33,2.0,2019-06-27,82779.0,11.1913338303566,-4.870125278830528,-16.72077518727617,-20.45454181816264,-1.423486229032278,2.4029597398307123,-1.5985814685783415
5616,NVIDIA CORP,NVIDIA shares are trading higher after Wedbush initiated coverage on the stock with an Outperform rating and announced a $184 price target.,3,increase,0.85,0.7,,147,33,2.0,2019-06-27,86580.0,2.492779865860939,0.6126325111836195,-1.8378973965699985,2.683333636182539,5.1359910517930984,4.323326980273179,4.942014052919341
5624,NVIDIA CORP,"Wedbush Initiates Coverage On NVIDIA with Outperform Rating, Announces $184 Price Target",3,increase,0.8,0.6,,138,33,2.0,2019-06-27,86580.0,2.492779865860939,0.6126325111836195,-1.8378973965699985,2.683333636182539,5.1359910517930984,4.323326980273179,4.942014052919341
5632,OWENS CORNING NEW,Owens-Corning shares are trading higher after Bank of America upgraded the stock from Neutral to Buy and raised the price target from $58 to $72.,3,increase,0.85,0.7,,154,33,2.0,2019-06-27,91531.0,4.322345554828644,2.176969312131405,1.0884879624252664,-1.211374093850548,7.311315834522247,7.121831141006507,6.246350047463034
5640,OWENS CORNING NEW,"Bank of America Upgrades Owens-Corning to Buy, Raises Price Target to $72",3,increase,0.85,0.7,,141,33,2.0,2019-06-27,91531.0,4.322345554828644,2.176969312131405,1.0884879624252664,-1.211374093850548,7.311315834522247,7.121831141006507,6.246350047463034
5648,OWENS CORNING NEW,Seaport Global Upgrades Owens-Corning to Neutral,3,increase,0.7,0.5,,134,33,2.0,2019-06-27,91531.0,4.322345554828644,2.176969312131405,1.0884879624252664,-1.211374093850548,7.311315834522247,7.121831141006507,6.246350047463034
5656,O F G BANCORP,OFG Bancorp shares are trading higher after the company announced the purchase of Scotiabank operations in Puerto Rico and US Virgin Islands for $550 million in cash.,3,increase,0.8,0.6,,161,33,2.0,2019-06-27,11208.0,14.6376758813858,0.4649222828447819,1.6906155929479638,1.05663574741508,1.024895068258047,0.4854387669121829,0.3879724892743352
5664,GRUPO AEROPORTUARIO DEL CENTRO N,UBS Downgrades Central North Airport Gr to Neutral,3,decrease,0.8,0.6,,149,34,0.0,2019-06-27,91617.0,-1.7760582268238072,-3.9308175444602966,-1.4347474737944066,-0.4323923418380837,1.528809778392315,1.0731692168315154,2.3917751633892204
5672,ONCONOVA THERAPEUTICS INC,Onconova Therapeutics Shares Resume Trade,3,uncertain,0.5,0.2,,140,34,1.0,2019-06-27,14056.0,-8.89570415019989,-4.040408134460449,-4.377108180410827,-13.468016724221163,-0.6097555160522461,-12.83422497597826,-13.06666681697598
5680,ONCONOVA THERAPEUTICS INC,Onconova Therapeutics Shares Halted On Circuit Breaker,3,uncertain,0.6,0.3,,144,34,1.0,2019-06-27,14056.0,-8.89570415019989,-4.040408134460449,-4.377108180410827,-13.468016724221163,-0.6097555160522461,-12.83422497597826,-13.06666681697598
5688,OPKO HEALTH INC,"Jefferies  Out Positive On Opko Health, Says Novitas Local Coverage Decision Covering Co.'s 4Kscore Diagnostic Is A Positive For Test's Potential",3,increase,0.8,0.6,,156,29,2.0,2019-06-27,82567.0,10.44776290655136,9.909910708665848,6.30629987034268,-2.70270067216355,0.4999995231628418,-0.9852207619077568,-2.3032609153261777e-08
5696,ORANGE,Hearing Orange Launches Sale Of Remaining Stake In BT Group,3,decrease,0.75,0.6,,130,34,0.0,2019-06-27,85425.0,0.1273042871616781,-0.0635681848507374,-0.4450075871078818,-4.450094266358507,-0.0636146869510412,-0.443597565989462,-0.0636146801668124
5704,O REILLY AUTOMOTIVE INC NEW,Northcoast Research Downgrades O'Reilly Automotive to Neutral,3,decrease,0.75,0.6,,145,34,0.0,2019-06-27,79103.0,-0.1683899899944663,0.4760997835546732,5.024893405359276,9.320667581040263,-1.674408279359341,-1.9441231544346735,-2.147390676592542
5712,OVERSTOCK COM INC DEL,"Overstock.com Issues New Digital Voting Series A-1 Preferred Stock, OSTKO",3,uncertain,0.6,0.3,,142,34,1.0,2019-06-27,89394.0,-3.555552288889885,4.454684257507324,13.05683401875859,46.006141604753005,25.464680790901184,22.17194299195837,16.681074099757144
5720,OVERSTOCK COM INC DEL,Betting On Bitcoin? A Look At Some Large Overstock Option Trades,3,increase,0.7,0.6,,139,33,2.0,2019-06-27,89394.0,-3.555552288889885,4.454684257507324,13.05683401875859,46.006141604753005,25.464680790901184,22.17194299195837,16.681074099757144
5728,OVERSTOCK COM INC DEL,Overstock.com Option Alert: Jul 19 $13 Calls Sweep (29) near the Ask: 1001 @ $1.849 vs 351 OI; Earnings 8/8 After Close [est] Ref=$13.61,3,increase,0.75,0.6,,175,33,2.0,2019-06-27,89394.0,-3.555552288889885,4.454684257507324,13.05683401875859,46.006141604753005,25.464680790901184,22.17194299195837,16.681074099757144
5736,OVERSTOCK COM INC DEL,Overstock.com Option Alert: Sep 20 $12.5 Calls Sweep (40) near the Ask: 1000 @ $2.312 vs 8260 OI; Earnings 8/8 After Close [est] Ref=$12.62,3,increase,0.75,0.6,,178,33,2.0,2019-06-27,89394.0,-3.555552288889885,4.454684257507324,13.05683401875859,46.006141604753005,25.464680790901184,22.17194299195837,16.681074099757144
5744,OVERSTOCK COM INC DEL,Overstock.com Issues Press Release Highlighting tZERO Launched A Crypto Mobile App,3,increase,0.75,0.6,,142,33,2.0,2019-06-27,89394.0,-3.555552288889885,4.454684257507324,13.05683401875859,46.006141604753005,25.464680790901184,22.17194299195837,16.681074099757144
5752,OCCIDENTAL PETROLEUM CORP,"Icahn To Occidental Petroleum: Kick Out 4 Board Members, Change Company Charter",3,uncertain,0.6,0.3,,146,34,1.0,2019-06-27,34833.0,-1.328834146261215,1.0653241537511349,-0.9447260727672102,3.959801442659572,2.106110006570816,1.0623347470194,-0.3754246937061056
5760,OCCIDENTAL PETROLEUM CORP,Occidental Petroleum Responds to Icahn Filing,3,uncertain,0.6,0.3,,139,34,1.0,2019-06-27,34833.0,-1.328834146261215,1.0653241537511349,-0.9447260727672102,3.959801442659572,2.106110006570816,1.0623347470194,-0.3754246937061056
5768,P G & E CORP,PG&E Option Alert: Jul 19 $31 Calls at the Ask: 4000 @ $0.3 vs 168 OI; Earnings 7/25 Before Open [est] Ref=$22.68,3,uncertain,0.6,0.3,,170,34,1.0,2019-06-27,13688.0,10.26704162359238,-4.30062897503376,-9.01878793419777,-18.997916102429425,0.5555505864322186,0.2307302022422241,-5.400695999707739
5776,P G & E CORP,PG&E shares are trading higher on lighter-than-average volume. Shares have been volatile recently as the company continues to make progress on its legal situation following California fires.,3,increase,0.7,0.6,,157,33,2.0,2019-06-27,13688.0,10.26704162359238,-4.30062897503376,-9.01878793419777,-18.997916102429425,0.5555505864322186,0.2307302022422241,-5.400695999707739
5784,P G & E CORP,"PG&E Announces Bar Date of October 21, 2019; Will Provide Broad Public Notice of Process for Filing Claims",3,decrease,0.75,0.6,,150,34,0.0,2019-06-27,13688.0,10.26704162359238,-4.30062897503376,-9.01878793419777,-18.997916102429425,0.5555505864322186,0.2307302022422241,-5.400695999707739
5792,PATTERSON COMPANIES INC,Patterson Falls After Mixed Q4 Earnings,3,decrease,0.75,0.6,,136,34,0.0,2019-06-27,78034.0,-4.867260530591011,-3.1712472438812256,-4.735724743013458,-8.328780373225209,2.7272719889879227,5.967611115505744,4.629631121720812
5800,PATTERSON COMPANIES INC,Patterson Companies shares are trading lower after the company reported worse-than-expected Q4 EPS results; the company also issued FY20 EPS guidance below analyst estimates.,3,decrease,0.85,0.7,,159,34,0.0,2019-06-27,78034.0,-4.867260530591011,-3.1712472438812256,-4.735724743013458,-8.328780373225209,2.7272719889879227,5.967611115505744,4.629631121720812
5808,PATTERSON COMPANIES INC,Patterson Cos. Sees FY20 Adj. EPS $1.33-$1.43 vs $1.51 Estimate,3,decrease,0.85,0.7,,153,34,0.0,2019-06-27,78034.0,-4.867260530591011,-3.1712472438812256,-4.735724743013458,-8.328780373225209,2.7272719889879227,5.967611115505744,4.629631121720812
5816,PATTERSON COMPANIES INC,"Patterson Companies Q4 EPS $0.37 Misses $0.39 Estimate, Sales $1.437B Beat $1.43B Estimate",3,uncertain,0.6,0.2,,159,34,1.0,2019-06-27,78034.0,-4.867260530591011,-3.1712472438812256,-4.735724743013458,-8.328780373225209,2.7272719889879227,5.967611115505744,4.629631121720812
5824,PFIZER INC,Former FDA Commissioner Scott Gottlieb Elected To Pfizer's Board Of Directors,3,increase,0.75,0.6,,134,33,2.0,2019-06-27,21936.0,1.023490633815527,-0.2532825572416186,1.128247430777107,-2.3716295783070107,-1.759590208530426,-1.759590208530426,-1.55712508638981
5832,INSULET CORP,"JP Morgan Maintains Neutral on Insulet, Raises Price Target to $120",3,uncertain,0.6,0.2,,139,30,1.0,2019-06-27,92050.0,1.144938543438911,2.3754365742206573,2.778490507895759,3.121515688327725,-0.6634470541030169,-2.0642204240717943,-3.740499163727195
5840,PROGRESS SOFTWARE CORP,"Progress Software Sees Q3 Adj. EPS $0.68-$0.70 vs $0.66 Estimate, Sales $109M-$112M vs $110.9M Est.; FY19 Adj. EPS $2.52-$2.57 vs $2.51 Est., Sales $422M-$428M vs $423M Est.",3,increase,0.75,0.5,,195,29,2.0,2019-06-27,76752.0,1.9317623227834704,7.359088957309723,0.2953457278626059,2.805807084763323,0.9880906902253628,-1.507290751321766,-1.798471333385132
5848,PROGRESS SOFTWARE CORP,"Progress Software Q2 Adj. EPS $0.65 Beats $0.57 Estimate, Adj. Sales $103.475M Beat $98.2M Estimate",3,increase,0.85,0.7,,157,33,2.0,2019-06-27,76752.0,1.9317623227834704,7.359088957309723,0.2953457278626059,2.805807084763323,0.9880906902253628,-1.507290751321766,-1.798471333385132
5856,PRIMORIS SERVICES CORP,Primoris Services Wins 2 Contracts Valued $69M+,3,increase,0.75,0.6,,140,33,2.0,2019-06-27,92773.0,2.252258732914925,2.7491381391882896,4.221888358283454,1.3745643208826763,2.1994901821017265,3.846152708637152,1.8867868587230552
5864,PATTERSON U T I ENERGY INC,Wells Fargo Downgrades Patterson-UTI Energy to Market Perform,3,decrease,0.8,0.6,,144,34,0.0,2019-06-27,79857.0,-3.4596379846334457,-1.7918091267347336,-2.2184319541021846,-0.9385718387949104,2.7072813361883163,1.0824322165635447,1.251047305232178
5872,QIWI PLC,QIWI Names Vladislav Poshmorga CFO,3,uncertain,0.5,0.2,,132,34,1.0,2019-06-27,13941.0,-1.379304379224777,-2.2477559745311737,0.9490440900997044,0.8991024546363802,2.889000065624714,-0.7820131204445913,-2.215804477795913
5880,RITE AID CORP,Rite Aid Says New Amazon Partnership Will Create A 'Stronger' Customer Experience,3,increase,0.75,0.6,,142,29,2.0,2019-06-27,46922.0,20.53445130586624,-6.534416228532791,6.301050270712061,2.8004755897401257,3.795623779296875,12.857141310053066,6.596702057444981
5888,RITE AID CORP,Rite Aid shares are trading higher after the company earlier announced a partnership with Amazon in which Amazon shoppers can pick up packages at designated Rite Aid stores.,3,increase,0.75,0.6,,155,33,2.0,2019-06-27,46922.0,20.53445130586624,-6.534416228532791,6.301050270712061,2.8004755897401257,3.795623779296875,12.857141310053066,6.596702057444981
5896,RITE AID CORP,Rite Aid Option Alert: Fri $9.5 Calls Sweep (6) near the Ask: 520 @ $0.451 vs 574 OI; Ref=$9.62,3,increase,0.7,0.5,,164,33,2.0,2019-06-27,46922.0,20.53445130586624,-6.534416228532791,6.301050270712061,2.8004755897401257,3.795623779296875,12.857141310053066,6.596702057444981
5904,REGIONS FINANCIAL CORP NEW,"Regions Says Will Consider Increase In Qtr. Dividend, Effective For Q3'19",3,increase,0.75,0.6,,147,29,2.0,2019-06-27,35044.0,1.0394983924925332,2.469133399426937,4.320988516271451,4.38957730644578,0.2779705449938774,-0.551343318174935,-1.3670526498703597
5912,REGIONS FINANCIAL CORP NEW,Regions Financial Reports $1.37B Buyback,3,increase,0.75,0.6,,140,33,2.0,2019-06-27,35044.0,1.0394983924925332,2.469133399426937,4.320988516271451,4.38957730644578,0.2779705449938774,-0.551343318174935,-1.3670526498703597
5920,RINGCENTRAL INC,RingCentral Shares Quiet In Premarket Trade; Hearing Baird Added Stock To Its 'Fresh Picks' List,3,increase,0.7,0.6,,145,33,2.0,2019-06-27,14136.0,3.182472661137581,0.4106607753783464,3.232856806637985,7.444302684685633,-0.2159099327400326,-2.4621904553692286,-3.2871254293871277
5928,SINCLAIR INC,FCC Opens Probe into Sinclair Disclosures on Failed Tribune Deal,3,decrease,0.8,0.6,,133,34,0.0,2019-06-27,81740.0,-1.2437315657734869,0.8082712069153786,7.725565113250599,10.996237753722982,0.7857776246964931,0.6351581169427689,-0.3330255510862412
5936,SUNSTONE HOTEL INVESTORS INC NEW,"Wells Fargo Upgrades Sunstone Hotel Investors to Outperform, Announces $15 Price Target",3,increase,0.8,0.6,,146,29,2.0,2019-06-27,90394.0,4.1698258370161065,0.1460953848436474,0.9495991407328042,-1.3148236555252324,-0.5279083736240864,-1.420033874383675,-2.8002956560414627
5944,SCHLUMBERGER LTD,"Gabelli & Co. Initiates Coverage On Schlumberger with Buy Rating, Announces $55 Price Target",3,increase,0.8,0.6,,147,29,2.0,2019-06-27,14277.0,0.230651325546205,1.6108438372612,1.1761673301716735,4.3467161888877115,1.1404836550354958,0.9573063535213366,0.3600806919938248
5952,S M ENERGY CO,KeyBanc Initiates Coverage On SM Energy with Sector Weight Rating,3,uncertain,0.6,0.2,,135,34,1.0,2019-06-27,78170.0,-2.149685099720955,1.871444284915924,-5.614317269218027,-11.960946084985355,5.280805379152298,4.666670041544974,6.4406796468738925
5960,SUMMIT MIDSTREAM PARTNERS LP,"Summit Midstream Partners Reports Final Investment Decision To Proceed With Double E Pipeline Project, Secured Sufficient Commitments",3,increase,0.8,0.6,,151,29,2.0,2019-06-27,13583.0,0.1451412099413574,7.826086133718491,9.130436285267796,14.492753588202875,-0.2894353354349732,-1.711845345899421,-2.130683173453074
5968,SEAGATE TECHNOLOGY HOLDINGS PLC,Wedbush Initiates Coverage On Seagate Technology with Neutral Rating,3,uncertain,0.6,0.2,,143,34,1.0,2019-06-27,89641.0,-1.12169049680233,0.8561594411730766,1.1344151056647878,1.9263648909706663,2.2505970671772957,-0.1479283309510637,1.7003893902431733
5976,CONSTELLATION BRANDS INC,Constellation Brands Q1 Earnings Preview,3,uncertain,0.6,0.3,,133,25,1.0,2019-06-27,69796.0,1.724139228463173,4.638433456420898,4.930661770135059,6.051750230113773,0.6090322975069284,2.0743737436302867,0.7021219001223766
5984,CONSTELLATION BRANDS INC,Constellation Brands Q1 Earnings Preview,3,uncertain,0.5,0.2,,133,34,1.0,2019-06-27,69796.0,1.724139228463173,4.638433456420898,4.930661770135059,6.051750230113773,0.6090322975069284,2.0743737436302867,0.7021219001223766
5992,SUNCOKE ENERGY INC,"SunCoke Energy, Inc. Stockholders Approve Acquisition Of SunCoke Energy Partners, L.P.",3,increase,0.75,0.6,,145,33,2.0,2019-06-27,12905.0,-0.4581897519528866,2.18642745167017,-4.9482092630087955,0.9206085705640854,4.676251485943794,8.717307896940497,6.204370531957193
6000,HANOVER INSURANCE GROUP INC,"The Hanover Insurance Group, Inc. Announces $150M Accelerated Share Repurchase Program",3,increase,0.75,0.6,,143,33,2.0,2019-06-27,82292.0,0.7913019508123398,1.7446506768465042,2.7835068069260283,4.004754408205269,-2.940258756279946,-0.7850896149677711,-2.204330375280006
6008,TOYOTA MOTOR CORP,Toyota To Invest $2B In Electric Vehicles From 2019-2023 In Indonesia,3,increase,0.75,0.6,,144,29,2.0,2019-06-27,76655.0,0.3082141745835543,0.2587528899312019,2.34495161992907,3.2667591571330146,-0.5164200440049171,-1.2020193552864322,-1.2336784891295638
6016,TRIPADVISOR INC,"TripAdvisor shares are trading higher after DA Davidson upgraded the stock from Neutral to Buy, citing improving fundamentals.",3,increase,0.8,0.6,,146,33,2.0,2019-06-27,13168.0,5.7434793561697015,-0.6225867196917534,2.1253710794088887,-2.8982445224542963,-1.0334735736250875,-5.08511244684664,-6.871036260652053
6024,TRIPADVISOR INC,"DA Davidson Upgrades TripAdvisor to Buy, Announces $55 Price Target",3,increase,0.8,0.6,,140,33,2.0,2019-06-27,13168.0,5.7434793561697015,-0.6225867196917534,2.1253710794088887,-2.8982445224542963,-1.0334735736250875,-5.08511244684664,-6.871036260652053
6032,TRAVELERS COMPANIES INC,Deutsche Bank Downgrades Travelers Companies to Sell,3,decrease,0.85,0.7,,138,34,0.0,2019-06-27,59459.0,0.3362474963068962,0.2144821221008896,3.277479648426307,2.808312811231839,-2.892971783876419,-2.183927853720158,-1.8352249531512377
6040,UNITED AIRLINES HOLDINGS INC,United Continental 8-K Shows To Change Corporate Name To 'United Airline Holdings',3,uncertain,0.6,0.2,,141,34,1.0,2019-06-27,91103.0,1.289111003279686,1.2958494946360588,4.813139002269962,5.553630766670081,0.3174280282109976,-1.4095911038786937,-1.6028589523561676
6048,UNITED AIRLINES HOLDINGS INC,IATA May Force Boeing's Hand On Improving 737 MAX Pilot Training,3,uncertain,0.6,0.3,,140,34,1.0,2019-06-27,91103.0,1.289111003279686,1.2958494946360588,4.813139002269962,5.553630766670081,0.3174280282109976,-1.4095911038786937,-1.6028589523561676
6056,UNIFIRST CORP,"JP Morgan Maintains Neutral on UniFirst, Raises Price Target to $183",3,increase,0.7,0.5,,139,29,2.0,2019-06-27,65306.0,4.143509641289711,1.6604678705334663,2.8519021766929997,0.1132091431916171,6.915183365345001,5.272177675522927,5.860326903491364
6064,UNIVERSAL STNLESS & ALY PRODS IN,"Universal Stainless Reports North Jackson, Ohio Forge Is Back To Fully Operational",3,increase,0.8,0.6,,149,29,2.0,2019-06-27,81184.0,0.0,4.918032884597778,2.8196740055512315,1.7049194674075618,2.0749693736433983,6.867550925357757,6.792719127346802
6072,U S BANCORP DEL,"US Bancorp Reports Fed Gave No Objective To 2019 Capital Plan; Raises Qtr. Dividend From $0.37 To $0.42/Share, $3B Buyback",3,increase,0.8,0.6,,167,29,2.0,2019-06-27,66157.0,0.7118122652173042,0.8080068975687027,3.27049007906528,3.1165812021055617,-0.1152985612861812,-0.6118541003493405,-0.535780295380095
6080,VASCULAR BIOGENICS LTD NEW,"Oppenheimer Initiates Coverage On Vascular Biogenics with Outperform Rating, Announces $2 Price Target",3,increase,0.75,0.6,,152,29,2.0,2019-06-27,15020.0,8.247418701648712,3.1746000051498413,3.1746000515432415,9.515871832640157,-2.1848756819963455,-4.590163303497885,0.3448333851105989
6088,WALGREENS BOOTS ALLIANCE INC,Walgreens shares are trading higher after the company reported better-than-expected Q3 EPS and sales results.,3,increase,0.85,0.7,,152,33,2.0,2019-06-27,19502.0,4.0855277329683295,0.2751241903752088,1.2289034248221586,2.2377131426054797,-1.0764867067337036,0.8277194211951056,-0.1334599776827705
6096,WALGREENS BOOTS ALLIANCE INC,Walgreens Trades Higher After Q3 Earnings Beat,3,increase,0.85,0.7,,141,33,2.0,2019-06-27,19502.0,4.0855277329683295,0.2751241903752088,1.2289034248221586,2.2377131426054797,-1.0764867067337036,0.8277194211951056,-0.1334599776827705
6104,WALGREENS BOOTS ALLIANCE INC,Walgreens Boots Alliance Reaffirms FY19 Adj. EPS Guidance Of About Flat On Year-Over-Year Basis,3,decrease,0.75,0.6,,154,34,0.0,2019-06-27,19502.0,4.0855277329683295,0.2751241903752088,1.2289034248221586,2.2377131426054797,-1.0764867067337036,0.8277194211951056,-0.1334599776827705
6112,WALGREENS BOOTS ALLIANCE INC,"Walgreens Boots Alliance Q3 Adj. EPS $1.47 Beats $1.43 Estimate, Sales $34.591B Beat $34.47B Estimate",3,increase,0.8,0.6,,165,29,2.0,2019-06-27,19502.0,4.0855277329683295,0.2751241903752088,1.2289034248221586,2.2377131426054797,-1.0764867067337036,0.8277194211951056,-0.1334599776827705
6120,WESTERN DIGITAL CORP,"Wedbush Initiates Coverage On Western Digital with Underperform Rating, Announces $32.5 Price Target",3,decrease,0.8,0.6,,145,34,0.0,2019-06-27,66384.0,2.154196798801422,6.734006851911545,8.911338683309356,24.130191437902027,7.299270480871201,7.482329614044869,10.1398539778232
6128,WERNER ENTERPRISES INC,ATA's Position On Twin-33 Trailer Fight? No Position,3,uncertain,0.5,0.2,,140,34,1.0,2019-06-27,10397.0,3.073839098215103,1.0372756980359554,0.74469630498748,0.4521166948709965,1.4920330606400969,1.7681076945130547,-0.7625979465911037
6136,WELLS FARGO & CO NEW,Wells Fargo Raises Qtr. Dividend From $0.45 To $0.51/Share,3,increase,0.8,0.6,,150,33,2.0,2019-06-27,38703.0,1.069872640073299,2.225099876523018,3.197233750790951,2.3115136564567207,-0.7368880789726973,-1.015779587602883,-2.324589843994418
6144,WELLS FARGO & CO NEW,Wells Fargo Reports Received No Objection To 2019 Capital Plan,3,increase,0.8,0.6,,144,29,2.0,2019-06-27,38703.0,1.069872640073299,2.225099876523018,3.197233750790951,2.3115136564567207,-0.7368880789726973,-1.015779587602883,-2.324589843994418
6152,BERKLEY W R CORP,Deutsche Bank Downgrades WR Berkley to Sell,3,decrease,0.85,0.7,,139,34,0.0,2019-06-27,17743.0,0.0,1.3372314162552357,3.688904973786156,4.319098159612378,-2.5318387895822525,-2.473394540201468,-2.7212914382358844
6160,WYNN RESORTS LTD,Nevada Gaming Control Board Gaming Commission Reports Las Vegas Strip Gaming Win Down 11.07% During Month Of May,3,decrease,0.8,0.7,,149,34,0.0,2019-06-27,89533.0,2.218369394540787,0.0322718173265457,7.1480440791657385,8.019364648138637,1.9334256649017336,-0.6228441267802753,-0.1975290122918083
6168,EXXON MOBIL CORP,"W&T Offshore Reports Purchase, Sale Deal With ExxonMobil To Buy Interests In, Operatorship Of Oil, Gas Producing Properties In Eastern Region Of Gulf Of Mexico For $200M",3,decrease,0.7,0.4,,164,34,0.0,2019-06-27,11850.0,-1.0182752273976798,1.0683164931833744,0.4088599850509133,2.387229796296353,0.4326757974922657,-0.4548388260395497,-1.403016974018001
6176,EXXON MOBIL CORP,Iraqi Oil Minister Says Exxon has Completed Staff Evacuation from Iraq,3,decrease,0.75,0.6,,143,34,0.0,2019-06-27,11850.0,-1.0182752273976798,1.0683164931833744,0.4088599850509133,2.387229796296353,0.4326757974922657,-0.4548388260395497,-1.403016974018001
6184,YELP INC,P	 Yelp Option Alert: Jul 19 $33 Calls at the Ask: 500 @ $1.7 vs 1875 OI; Earnings 8/7 After Close [est] Ref=$33.8499,3,uncertain,0.6,0.3,,168,34,1.0,2019-06-27,13318.0,2.75423675775528,0.677465507760644,2.857135199516625,6.156112228375932,1.0088713839650154,-0.4219391342778378,0.6703266737875024
6192,YELP INC,Yelp Option Alert: Jul 12 $35 Calls Sweep (30) near the Ask: 988 @ $0.368 vs 77 OI; Earnings 8/7 After Close [est] Ref=$33.19,3,increase,0.7,0.6,,169,33,2.0,2019-06-27,13318.0,2.75423675775528,0.677465507760644,2.857135199516625,6.156112228375932,1.0088713839650154,-0.4219391342778378,0.6703266737875024
6200,YANDEX N V,Western Intelligence Agencies Hacked Russian Internet Company Yandex In Late 2018 To Spy On User Accounts,3,decrease,0.85,0.7,,144,34,0.0,2019-06-27,12799.0,3.105925209820271,-2.1627191454172134,0.9268812313782072,3.8362558304062766,0.212817289866507,-3.63264774688784,-3.4597701204922338
6208,ALLIANCEBERNSTEIN HOLDING L P,"Goldman Sachs Upgrades AllianceBernstein Holding to Buy, Raises Price Target to $35",3,increase,0.85,0.7,,154,29,2.0,2019-06-12,75278.0,2.850021980702877,3.3252477645874023,1.1776868759846737,0.2771038318565066,-0.7425777614116669,0.249998934686757,-0.2132935192995955
6216,ABBVIE INC,AbbVie Reports To Present New Long-Term Data from Upadacitinib Phase 3 Studies in Rheumatoid Arthritis Including Results on Clinical Remission at 48 Weeks at EULAR,3,increase,0.75,0.6,,158,29,2.0,2019-06-12,13721.0,0.5117072258144617,0.483641680330038,-1.221839191203733,-13.452971792732216,1.585446670651436,0.9556990982685364,1.427271860188983
6224,ALKERMES PLC,Alkermes Initiates Monotherapy Expansion Phase Of ARTISTRY-1 In Patients With Renal Cell Carcinoma Or Melanoma,3,increase,0.75,0.6,,152,33,2.0,2019-06-12,76736.0,1.025867741554976,-1.05960164219141,-1.4128021179639516,-5.209714447491553,-1.5371118672192097,-1.7958819416461935,-1.102778979212227
6232,BANK OF NEW YORK MELLON CORP,BNY Mellon Names William Daley Vice Chair,3,increase,0.7,0.5,,141,33,2.0,2019-06-12,49656.0,-0.8988798595964909,0.975057389587164,-3.1972787026622207,-2.2222212365919702,-0.8908719755709171,0.2252217893622177,1.55180359200755
6240,B P PLC,"Israel-based Start-up StoreDot, Backed by BP, Demonstrates Recharge of Electric Scooter in Five Minutes",3,increase,0.75,0.6,,141,33,2.0,2019-06-12,29890.0,-3.023143112659454,0.3896732581779361,0.0730608241260144,2.4841705462518293,0.6178666837513447,0.4746102434379118,1.7543847727100823
6248,CONAGRA BRANDS INC,"Evercore ISI Group Initiates Coverage On Conagra Brands with Outperform Rating, Announces $36 Price Target",3,increase,0.8,0.6,,148,29,2.0,2019-06-12,56274.0,-0.8389261551201344,0.8460236713290215,-1.0490677142453109,-2.0981353099910116,1.5332158654928207,0.5737431677458549,0.5059009781050339
6256,CASEYS GENERAL STORES INC,"Wells Fargo Maintains Market Perform on Casey's General Stores, Raises Price Target to $145",3,increase,0.75,0.6,,145,29,2.0,2019-06-12,21742.0,2.390873618423939,1.601170189678669,2.501834816633197,1.6211942937044863,10.034581273794174,9.327861257928236,9.107849416491586
6264,CASEYS GENERAL STORES INC,"Barclays Maintains Equal-Weight on Casey's General Stores, Raises Price Target to $140",3,increase,0.7,0.5,,146,29,2.0,2019-06-12,21742.0,2.390873618423939,1.601170189678669,2.501834816633197,1.6211942937044863,10.034581273794174,9.327861257928236,9.107849416491586
6272,CYMABAY THERAPEUTICS INC,"UPDATE: Raymond James Upgrades CymaBay Therapeutics To Strong Buy As Firm Notes '1) NASH is now a ""free call option"", 2) PBC provides ""valuation floor,"" 3) market reaction to surrogate endpoint data is ""overblown""'",3,increase,0.8,0.6,,189,33,2.0,2019-06-12,14691.0,1.983469165861607,9.400323033332825,13.776334867062978,8.265797759803517,-45.44634819030762,-47.43701180054778,-46.92982221945834
6280,CYMABAY THERAPEUTICS INC,Raymond James Upgrades CymaBay Therapeutics to Strong Buy,3,increase,0.85,0.7,,147,33,2.0,2019-06-12,14691.0,1.983469165861607,9.400323033332825,13.776334867062978,8.265797759803517,-45.44634819030762,-47.43701180054778,-46.92982221945834
6288,CAMECO CORP,Cameco Option Alert: Sep 20 $12 Calls Sweep (20) near the Ask: 1324 @ $0.25 vs 4821 OI; Earnings 7/24 After Close [est] Ref=$10.1081,3,uncertain,0.6,0.3,,175,34,1.0,2019-06-12,83188.0,0.0980414566583931,1.8609166145324707,1.9588619845336996,3.330069908933364,0.1964587718248367,-0.6816031455491145,0.8902092382221838
6296,CHOICE HOTELS INTERNATIONAL INC,Bank of America Downgrades Choice Hotels Intl to Neutral,3,decrease,0.8,0.6,,137,34,0.0,2019-06-12,85517.0,-1.477264426648617,0.2007152419537305,1.3459261331903116,0.4486479222519657,0.2565611852332949,0.5026891355636609,2.7366167399617947
6304,CHICOS FAS INC,"BofA Skeptical Of Chico's Turnaround Prospects, Cuts Estimates After Q1 Report",3,decrease,0.85,0.7,,144,34,0.0,2019-06-12,78963.0,-3.7940409034490594,-1.6901392489671707,-7.229696219195714,-8.385711270204455,8.21114256978035,8.529410314853369,9.495554315439067
6312,CLEARWATER PAPER CORP,Clearwater Paper Option Alert: Jan 17 $30 Calls at the Ask: 2500 @ $0.6 vs 0 OI; Earnings 7/31 After Close [est] Ref=$18.83,3,uncertain,0.6,0.3,,171,34,1.0,2019-06-12,92854.0,4.101458191871643,0.0518316286616027,-0.6220884335733201,-10.108868256506575,0.1621658680960536,2.262692227622809,2.944448287626167
6320,CHIPOTLE MEXICAN GRILL INC,"Evercore ISI Group Initiates Coverage On Chipotle Mexican Grill with Outperform Rating, Announces $825 Price Target",3,increase,0.8,0.6,,157,29,2.0,2019-06-12,91068.0,1.165597047656775,-0.7387442979961634,-0.1884152458679344,-1.3893784365364037,1.2102329172194004,2.7286679297965355,5.354098392493056
6328,COMMSCOPE HOLDING CO INC,"Rosenblatt Upgrades CommScope Holding Co to Buy, Lowers Price Target to $22",3,increase,0.7,0.5,,147,29,2.0,2019-06-12,14239.0,-1.6343852505087848,0.9230745956301688,-3.9384635746438135,-4.7999982510830375,-1.1961654759943483,-0.1209217413757235,0.9163079899509708
6336,CAMPBELL SOUP CO,What To Expect From Campbell Soup's Investor Day,3,uncertain,0.6,0.3,,135,34,1.0,2019-06-12,25320.0,-0.2351245610043406,0.4949306603521108,-2.757487624386956,-4.642944156383577,1.2378016486763954,-1.2767016260814112,-1.116018580500877
6344,CAMPBELL SOUP CO,"Evercore ISI Group Initiates Coverage On Campbell Soup with In-Line Rating, Announces $43 Price Target",3,uncertain,0.6,0.3,,147,30,1.0,2019-06-12,25320.0,-0.2351245610043406,0.4949306603521108,-2.757487624386956,-4.642944156383577,1.2378016486763954,-1.2767016260814112,-1.116018580500877
6352,CURIS INC,Curis Highlights Publication In Nature Cell Biology Identifying Cancer-Causing Form Of IRAK4 In Patients With AML And MDS,3,increase,0.75,0.6,,146,33,2.0,2019-06-12,88511.0,-0.7092191837728025,2.142855152487755,15.000002957861655,27.142857197496184,-2.758626267313957,-1.3986001866742148,-2.083339619045288
6360,SALESFORCE INC,Tableau CEO On Synergies With Salesforce: The 'Best Of Both Worlds',3,increase,0.75,0.6,,137,33,2.0,2019-06-12,90215.0,0.7525840308517218,0.0396599411033093,1.8905345073021216,-1.48070157906659,-1.727861538529396,-6.895275162308767,-5.749798511890947
6368,CISCO SYSTEMS INC,William Blair Downgrades Cisco Systems to Market Perform,3,decrease,0.8,0.6,,134,34,0.0,2019-06-12,76076.0,-2.188758552074432,0.5549544468522072,0.4833519929072105,1.324736593277831,1.2229749001562595,2.1097806047124745,3.6479168988330817
6376,CANADIAN SOLAR INC,US Grants Tariff Exemption For Bifacial Solar Panels,3,increase,0.85,0.7,,138,33,2.0,2019-06-12,91607.0,0.3786082612350583,2.4988247081637383,5.421978125966209,0.4714776006550458,-0.8446753025054932,-0.891184493439634,-0.3771802022938697
6384,C S X CORP,"Deutsche Bank Maintains Buy on CSX, Lowers Price Target to $87",3,uncertain,0.6,0.3,,141,34,1.0,2019-06-12,62148.0,-0.470731733366847,-0.7541914004832506,-1.0737618354793477,-2.6204818529832807,-0.0889788963831961,0.6788763892238148,1.40626540820612
6392,CHARLES & COLVARD LTD,"Roth Capital Initiates Coverage On Charles & Colvard with Buy Rating, Announces $2.50 Price Target",3,increase,0.75,0.6,,150,29,2.0,2019-06-12,85539.0,0.6134963594377041,-7.926829159259796,-6.09756263318525,-6.70731818101965,0.6172833498567343,1.8749981922784544,-19.70443326968041
6400,DUPONT DE NEMOURS INC,"Deutsche Bank Maintains Buy on DuPont de Nemours, Raises Price Target to $88",3,increase,0.8,0.6,,147,29,2.0,2019-06-12,16851.0,-0.366206793114543,1.8649643287062645,-0.6670268056437556,0.5172845602824161,-0.0271140917902812,0.1222215727376019,1.4726116579272477
6408,DEERE & CO,US Ag Secretary Perdue Says Farm Trade-Aide Payments Can Begin Within 2 Months,3,increase,0.75,0.6,,139,33,2.0,2019-06-12,19350.0,-0.8066711015999317,1.841525360941887,7.493789659672445,11.647289814108564,0.1268289517611265,0.8674556103450026,2.396064197929104
6416,DISH NETWORK CORP,DISH Network Option Alert: Jun 21 $40 Calls Sweep (2) near the Ask: 510 @ $0.59 vs 4960 OI; Earnings 8/2 Before Open [est] Ref=$37.87,3,increase,0.7,0.6,,173,33,2.0,2019-06-12,81696.0,0.7787247188389301,0.9592343121767044,3.677061359780609,-0.0532917894631057,-0.2945028012618422,0.3773671691285729,2.929799217256402
6424,DARDEN RESTAURANTS INC,"Evercore ISI Group Initiates Coverage On Darden Restaurants with Outperform Rating, Announces $135 Price Target",3,increase,0.8,0.6,,152,33,2.0,2019-06-12,81655.0,-1.024952717125416,0.9252219460904598,-0.3395245955124859,1.8674175283686756,0.0420200201915577,-1.887570867891997,-1.367253553911496
6432,BRINKER INTERNATIONAL INC,"Telsey Advisory Group Upgrades Brinker International to Outperform, Announces $47 Price Target",3,increase,0.8,0.6,,142,29,2.0,2019-06-12,23297.0,1.376718934625387,-0.8641937747597694,-5.975304053079034,-5.407403905373487,2.462167292833328,4.499087747542774,2.9904609588126796
6440,BRINKER INTERNATIONAL INC,"Evercore ISI Group Initiates Coverage On Brinker International with In-Line Rating, Announces $40 Price Target",3,uncertain,0.6,0.2,,146,34,1.0,2019-06-12,23297.0,1.376718934625387,-0.8641937747597694,-5.975304053079034,-5.407403905373487,2.462167292833328,4.499087747542774,2.9904609588126796
6448,EQUIFAX INC,It's Home Buying Season! Here Are 4 Ways To Boost Your Credit Before You Apply For A Mortgage,3,increase,0.75,0.6,,142,29,2.0,2019-06-12,52476.0,1.818897575139999,1.2520034797489643,2.1986331091420785,0.0839763959757711,-1.198074407875538,-1.1677070310003312,-0.3485763565104993
6456,ENPHASE ENERGY INC,"B. Riley FBR Reinstates Buy on Enphase Energy, Announces $21 Price Target",3,increase,0.75,0.6,,143,29,2.0,2019-06-12,13323.0,0.0585836474783718,2.5175662711262703,9.074937175737595,-1.6978865569684864,5.435448512434959,4.339847389349161,8.864791868619726
6464,ISHARES INC,Tehran-Japan Pm Abe Says Japan Aims To Play A Role For Easing Tension Surrounding Iran,3,uncertain,0.6,0.3,,145,34,1.0,2019-06-12,83225.0,-1.112936716526747,-0.1107036368921399,1.4106199009337184,0.7962323993931486,0.3294898429885506,0.7907324306825503,2.0100536934514635
6472,ISHARES INC,Mexico Central Bank Chief Says Any US Tariffs On Mexican Imports Would Have Adverse Effect On Economy And Price Formation,3,decrease,0.75,0.6,,144,34,0.0,2019-06-12,83223.0,-0.3991137724369764,-0.5565450061112642,0.0164891276574152,0.4480898076329564,0.5349929910153151,3.5115877533502093,3.893109017166707
6480,ISHARES INC,JP Morgan's Jamie Dimon Says Direct Effect On Further US Tariffs Would Be Negative,3,decrease,0.75,0.6,,139,34,0.0,2019-06-12,83223.0,-0.3991137724369764,-0.5565450061112642,0.0164891276574152,0.4480898076329564,0.5349929910153151,3.5115877533502093,3.893109017166707
6488,ISHARES INC,"Mexico Foreign Minister Ebrard Says Mexico Will Reveal Details, Costs Of New Migration Plan On Friday",3,uncertain,0.6,0.2,,141,34,1.0,2019-06-12,83223.0,-0.3991137724369764,-0.5565450061112642,0.0164891276574152,0.4480898076329564,0.5349929910153151,3.5115877533502093,3.893109017166707
6496,FORD MOTOR CO DEL,Ford Motor Company Announces Field Service Action To Correct Suspension Issue In 2011-2017 Explorer Models,3,decrease,0.75,0.6,,144,34,0.0,2019-06-12,25785.0,-0.7056420668959618,2.131979912519455,1.9289295915524864,0.6091315047727974,1.018333900719881,1.639342710050018,1.743590576045695
6504,FORD MOTOR CO DEL,This Day In Market History: Ford Agrees To Make Rolls-Royce Engines,3,increase,0.75,0.6,,140,33,2.0,2019-06-12,25785.0,-0.7056420668959618,2.131979912519455,1.9289295915524864,0.6091315047727974,1.018333900719881,1.639342710050018,1.743590576045695
6512,FUELCELL ENERGY INC,"FuelCell Energy Shares Halted On Circuit Breaker To Downside, Up 40% For Session",3,uncertain,0.6,0.3,,144,34,1.0,2019-06-12,77699.0,27.543112635612488,-16.715651750564575,-54.066233419498445,-65.45169348779119,-8.318057656288147,-31.088532596869634,-37.249060219532495
6520,FUELCELL ENERGY INC,FuelCell Energy Shares Resume,3,uncertain,0.5,0.3,,129,34,1.0,2019-06-12,77699.0,27.543112635612488,-16.715651750564575,-54.066233419498445,-65.45169348779119,-8.318057656288147,-31.088532596869634,-37.249060219532495
6528,FUELCELL ENERGY INC,FuelCell shares are trading higher after the company reported a license deal with ExxonMobil Research and Engineering company.,3,increase,0.8,0.6,,144,33,2.0,2019-06-12,77699.0,27.543112635612488,-16.715651750564575,-54.066233419498445,-65.45169348779119,-8.318057656288147,-31.088532596869634,-37.249060219532495
6536,FUELCELL ENERGY INC,FuelCell Energy Shares Halted On Circuit Breaker,3,uncertain,0.6,0.3,,134,34,1.0,2019-06-12,77699.0,27.543112635612488,-16.715651750564575,-54.066233419498445,-65.45169348779119,-8.318057656288147,-31.088532596869634,-37.249060219532495
6544,FUELCELL ENERGY INC,"FuelCell Energy Shares Resume Trade, Up 87.5%",3,increase,0.85,0.75,,136,33,2.0,2019-06-12,77699.0,27.543112635612488,-16.715651750564575,-54.066233419498445,-65.45169348779119,-8.318057656288147,-31.088532596869634,-37.249060219532495
6552,FUELCELL ENERGY INC,FuelCell Energy Shares To Resume Trade At 12:00 p.m.,3,uncertain,0.5,0.2,,138,34,1.0,2019-06-12,77699.0,27.543112635612488,-16.715651750564575,-54.066233419498445,-65.45169348779119,-8.318057656288147,-31.088532596869634,-37.249060219532495
6560,FUELCELL ENERGY INC,"FuelCell Energy Shares Earlier Halted With Code News Pending; BZ NOTE: 2 News Items Recently Impacted Stock: Filing Of Non-Timely 10-Q On Tues. Afternoon, Concerns With Fuel-Cell Usage Following Explosion Of Hydrogen Fueling Station",3,decrease,0.75,0.6,,177,34,0.0,2019-06-12,77699.0,27.543112635612488,-16.715651750564575,-54.066233419498445,-65.45169348779119,-8.318057656288147,-31.088532596869634,-37.249060219532495
6568,FUELCELL ENERGY INC,FuelCell Energy Shares Halted News Pending,3,uncertain,0.7,0.5,,132,34,1.0,2019-06-12,77699.0,27.543112635612488,-16.715651750564575,-54.066233419498445,-65.45169348779119,-8.318057656288147,-31.088532596869634,-37.249060219532495
6576,FEDEX CORP,"KeyBanc Maintains Overweight on FedEx, Lowers Price Target to $190",3,uncertain,0.6,0.3,,140,34,1.0,2019-06-12,60628.0,1.21048204600811,2.664685621857643,3.2162128970843584,-0.5089809950892143,-1.482942420989275,0.8986191267573718,1.6512566235070023
6584,NATIONAL BEVERAGE CORP,"CFRA Downgrades National Beverage to Hold, Announces $50 Price Target",3,decrease,0.8,0.6,,141,34,0.0,2019-06-12,76839.0,0.6865947972983122,-0.3299553878605366,-3.1676169299284185,-7.127140198975434,-4.827143996953964,-6.676311316304728,-7.5552795769262
6592,GILEAD SCIENCES INC,Gilead Sciences Option Alert: Jun 28 $66 Calls Sweep (3) near the Ask: 500 @ $1.301 vs 838 OI; Earnings 7/24 After Close [est] Ref=$66.67,3,increase,0.75,0.6,,175,33,2.0,2019-06-12,77274.0,1.028744783252478,1.257860288023949,3.177518604334306,0.7892873990860583,-0.0302544940495863,1.147666401130687,3.718812087674306
6600,GENERAL MILLS INC,"Evercore ISI Group Initiates Coverage On General Mills with In-Line Rating, Announces $56 Price Target",3,uncertain,0.6,0.2,,143,30,1.0,2019-06-12,17144.0,0.458280835300684,0.7222981657832861,1.3495515637092614,-2.471011577023219,2.006230503320694,1.0808675840698667,2.0260997428386274
6608,ALPHABET INC,Vietnam Asked Companies Not to Advertise on YouTube Videos Containing Anti-state Propaganda,3,decrease,0.75,0.6,,139,34,0.0,2019-06-12,90319.0,-0.1794626819901167,1.1037006974220276,2.354743237739565,0.1130543333683009,-0.1588505925610661,1.1859229012527672,3.176302807628262
6616,GROUPON INC,Groupon Reports Card-Linked Offers Distribution Partnership With GasBuddy,3,increase,0.7,0.5,,133,29,2.0,2019-06-12,13108.0,1.648350059986115,-0.8108099922537804,-5.405406699871573,-5.405406576411487,0.2754818182438612,3.116151189695593,7.692307099432094
6624,CHART INDUSTRIES INC,Chart Industries Prices 3.5M Share Common Stock Offering At $73.50/Share,3,decrease,0.75,0.6,,143,25,0.0,2019-06-12,91402.0,0.05340576171875,2.7221789583563805,-5.230858650019732,-4.0432326185656065,-6.71316385269165,-7.45088185713012,-5.987192984065826
6632,HAIN CELESTIAL GROUP INC,"Evercore ISI Group Initiates Coverage On Hain Celestial Group with In-Line Rating, Announces $22 Price Target",3,uncertain,0.6,0.3,,154,30,1.0,2019-06-12,80167.0,-0.8037828840315342,0.6673084106296301,-1.1439455636486295,-0.6196337181209155,1.927709020674229,0.6184545972455213,3.070171345464612
6640,HASBRO INC,Mattel Moving On M&A Reports,3,uncertain,0.6,0.3,,127,34,1.0,2019-06-12,52978.0,1.012490224093199,0.721308309584856,0.5433272146903922,-1.2552658548259377,-0.0567406474146992,-0.2265840961702014,1.1679123758233212
6648,HASBRO INC,'Periodic reminder that Dealreporter aggregation is generally not accurate $MAT' -Tweet From Dealreporter Analyst Kevin Ketcham,3,uncertain,0.6,0.3,,146,34,1.0,2019-06-12,52978.0,1.012490224093199,0.721308309584856,0.5433272146903922,-1.2552658548259377,-0.0567406474146992,-0.2265840961702014,1.1679123758233212
6656,HASBRO INC,"Mattel Shares Tick Higher On Uptick In Volume, At Session High Up 8%; Traders Circulating Speculation From Dealreporter Suggesting Hasbro Is 'Eyeing' Mattel",3,increase,0.7,0.5,,159,33,2.0,2019-06-12,52978.0,1.012490224093199,0.721308309584856,0.5433272146903922,-1.2552658548259377,-0.0567406474146992,-0.2265840961702014,1.1679123758233212
6664,HOOKER FURNISHINGS CORP,Hooker Furniture shares are trading lower after the company reported worse-than-expected Q1 EPS results.,3,decrease,0.85,0.7,,151,34,0.0,2019-06-12,89416.0,-24.35944825410843,2.356404066085815,-1.0073852677206507,0.229404141873557,0.4475973080843687,2.0849171179255777,1.316780856588129
6672,HOOKER FURNISHINGS CORP,"Hooker Furniture Q1 EPS $0.17 Misses $0.23 Estimate, Sales $135.518M Beat $127.26M Estimate",3,uncertain,0.6,0.3,,163,34,1.0,2019-06-12,89416.0,-24.35944825410843,2.356404066085815,-1.0073852677206507,0.229404141873557,0.4475973080843687,2.0849171179255777,1.316780856588129
6680,HERSHEY CO,"Evercore ISI Group Initiates Coverage On Hershey with In-Line Rating, Announces $145 Price Target",3,uncertain,0.6,0.2,,143,34,1.0,2019-06-12,16600.0,1.023237686604261,-0.4268530756235122,-0.2315202896769896,-2.944586435102059,0.0585065281484276,-0.8622471069068771,-0.3060318824220864
6688,HERCULES CAPITAL INC,Hercules Capital shares are trading lower after the company reported a 5 million share offering.,3,decrease,0.85,0.7,,144,34,0.0,2019-06-12,90731.0,-0.0774611078668385,-0.5426333285868168,-0.5426333172307674,-1.5503861774935346,-0.1546825747936964,0.1551551938459905,0.1551551938459905
6696,HERCULES CAPITAL INC,Hercules Capital Reports 5M Share Common Stock Offering,3,decrease,0.75,0.6,,138,34,0.0,2019-06-12,90731.0,-0.0774611078668385,-0.5426333285868168,-0.5426333172307674,-1.5503861774935346,-0.1546825747936964,0.1551551938459905,0.1551551938459905
6704,ICAD INC,"iCAD Reports Common Stock Offering, Size Not Disclosed",3,decrease,0.7,0.5,,131,34,0.0,2019-06-12,88779.0,-3.57142873108387,-3.0595822259783745,-3.381643092022757,7.085346883128918,-3.736920654773712,-4.309063222603182,-7.999998992858082
6712,INFOSYS LTD,Infosys Selected by Posti as Key Digital Transformation Technology Partner,3,increase,0.8,0.6,,134,33,2.0,2019-06-12,86776.0,-0.3690033219754696,-0.2751972526311874,-0.4629982150577416,0.1004136586168824,0.5565901752561331,1.9755412337811864,2.9439736877270306
6720,I F BANCORP INC,IF Bancorp Reports New Buyback Plan For ~89.5K Shares,3,increase,0.75,0.6,,143,33,2.0,2019-06-12,12920.0,1.246882881969213,1.4778382144868374,5.911334126884005,0.8867011747472064,-1.231527142226696,0.350348806156564,4.427075221691923
6728,HUNT J B TRANSPORT SERVICES INC,"Carrier Drug Survey Reveals Need To ""Purge"" 300,000 Drivers",3,decrease,0.75,0.6,,146,34,0.0,2019-06-12,42877.0,0.9100163355469704,1.521810982376337,0.8905432352731113,-0.4058172680746597,-0.8235511370003223,0.5950386717953338,0.1937609062227396
6736,JETBLUE AIRWAYS CORP,"JetBlue Airways May RPMs Up 5.7% YoY, ASMs Up 5.4% YoY",3,increase,0.75,0.6,,153,33,2.0,2019-06-12,89353.0,0.7857496850192547,1.0395050048828125,-0.9875288374236568,-5.925152963381142,4.602740705013275,4.316945210014289,6.529018348334437
6744,JOHNSON CONTROLS INTL PLC,"Barclays Reinstates Equal-Weight on Johnson Controls Intl, Announces $39 Price Target",3,uncertain,0.6,0.3,,149,30,1.0,2019-06-12,45356.0,1.6979672014713292,1.8720002844929695,-1.1889638566628058,3.423823406220161,0.1545930281281471,-0.6136581066177871,-1.4702201355897393
6752,J D COM INC,"Farfetch Launches On JD.com, Analysts Bullish On China Prospects",3,increase,0.75,0.6,,137,29,2.0,2019-06-12,14655.0,-2.714286558330059,1.101325824856758,5.212922700164047,10.646107390346147,2.714599296450615,4.477614999495838,6.707318071243229
6760,JOHNSON & JOHNSON,J&J Says Co 'Will Pursue An Appeal Because Johnson's Baby Powder Does Not Contain Asbestos Or Cause Cancer',3,increase,0.75,0.6,,149,29,2.0,2019-06-12,22111.0,1.35927451774478,-0.6846315693110228,-0.8681506120106319,0.1199982440789337,0.5466799717396498,0.8877630565187422,2.2680760154399016
6768,JUNIPER NETWORKS INC,"Rosenblatt Upgrades Juniper Networks to Neutral, Raises Price Target to $27",3,increase,0.75,0.6,,143,29,2.0,2019-06-12,86979.0,0.0742683187127113,-0.1484264037571847,-0.3710589459610558,-0.7050112024361344,0.2606094349175691,0.7105480209885995,1.240601214746384
6776,ST JOE CO,"The St. Joe Company Announces Construction Of Two Buildings At Cedar Grove Commerce Park In Panama City, Florida Offering Nearly 20,000 Square Feet Of Rentable Space",3,increase,0.75,0.6,,154,33,2.0,2019-06-12,76123.0,-1.285971142351627,0.186096632387489,-2.419362718236673,1.1166156047696996,0.92706810683012,-0.244354929406132,6.77041978036641e-08
6784,KELLOGG CO,Kellogg Company Takes Home First Place Shipper Of Choice Award By Making Drivers A Priority,3,increase,0.75,0.6,,142,29,2.0,2019-06-12,26825.0,1.006110943853855,0.6937021855264902,-2.06332228899343,-4.927072803216214,1.624976098537445,-0.5893942397469765,-0.1972397679579018
6792,K B R INC,KBR Wins Seat On $6B State Department Contract,3,increase,0.85,0.7,,133,33,2.0,2019-06-12,91579.0,1.540430821478367,1.0535188019275663,2.408693471009271,4.226850839991103,0.0,0.0428091967478394,0.5161326377391529
6800,K K R & CO INC,KKR Announces Public Takeover Offer on Basis of Investor Agreement with Axel Springer for €63/Share,3,increase,0.85,0.7,,146,33,2.0,2019-06-12,11990.0,0.2495817840099335,0.8713655173778534,0.7883839504670087,1.7842335686509614,0.3338974667713046,0.3338974667713046,1.0508616721329078
6808,LIGAND PHARMACEUTICALS INC,Ligand Pharma Reports Subsidiary Vernalis And PhoreMost Report Drug Discovery Collaboration For Novel Oncology Target,3,increase,0.75,0.6,,155,29,2.0,2019-06-12,78081.0,2.508598566055298,3.1269799917936325,3.562041426124951,0.8791816349758674,-3.4535396844148636,-5.221909535925196,-5.246940145768586
6816,LAM RESH CORP,Lam Research shares are trading lower after Evercore ISI downgraded the company's stock from Outperform to In-Line.,3,decrease,0.85,0.7,,149,34,0.0,2019-06-12,48486.0,-5.286432802677155,0.172335747629404,0.8561228369590834,0.7782934392424057,-0.078464183025062,2.324837024456627,3.4553719816516004
6824,LAM RESH CORP,Evercore ISI Group Downgrades Lam Research to In-Line,3,decrease,0.75,0.6,,139,34,0.0,2019-06-12,48486.0,-5.286432802677155,0.172335747629404,0.8561228369590834,0.7782934392424057,-0.078464183025062,2.324837024456627,3.4553719816516004
6832,LIGHTBRIDGE CORP,European Patent Register Shows Lightbridge Granted Patent For Nuclear Fuel Assembly Component,3,increase,0.75,0.6,,137,33,2.0,2019-06-12,93083.0,-1.793339662253857,0.3913088236004114,-5.101501443505185e-08,-2.9420252629094756,-1.3202261179685593,0.9482790177278932,5.022417303311899
6840,MANPOWERGROUP,Credit Suisse Downgrades ManpowerGroup to Neutral,3,decrease,0.85,0.7,,130,34,0.0,2019-06-12,75285.0,-2.010159566998482,1.963161863386631,3.6836926376057737,4.025589159106113,2.4922464042901993,4.223924486179387,3.779716359524032
6848,MCDONALDS CORP,"Evercore ISI Group Initiates Coverage On McDonald's with Outperform Rating, Announces $225 Price Target",3,increase,0.8,0.6,,149,29,2.0,2019-06-12,43449.0,0.8216069079935551,-0.2147012157365679,-0.185424130184808,-0.1854241948606616,0.9736668318510056,-1.0803977857717029,0.1034185666291875
6856,MONDELEZ INTERNATIONAL INC,"Evercore ISI Group Initiates Coverage On Mondelez International with Outperform Rating, Announces $62 Price Target",3,increase,0.8,0.6,,148,29,2.0,2019-06-12,89006.0,1.037224568426609,0.1833222573623061,0.934925992259772,-0.1649865247057236,-0.3690661629661917,-0.0555327194182719,0.991400318707414
6864,MARKETAXESS HLDGS INC,"Buckingham Research Downgrades MarketAxess Holdings to Underperform, Announces $245 Price Target",3,decrease,0.85,0.7,,147,30,0.0,2019-06-12,90454.0,-2.607860043644905,-2.339518442749977,1.8783865885025008,-3.8766555524888617,-1.7387477681040764,-0.1852888223090265,2.181363655734736
6872,MARSH & MCLENNAN COS INC,Keefe Bruyette & Woods Downgrades Marsh & McLennan to Market Perform,3,decrease,0.8,0.6,,150,34,0.0,2019-06-12,45751.0,-0.3147899871692061,-0.162978540174663,-0.2750296699199905,-0.6111830879726443,-0.7258000317960978,-0.705784396345932,-0.5151980322835259
6880,MAGNACHIP SEMICONDUCTOR CORP,MagnaChip Higher By 24% After Raising Q2 Sales Guidance,3,increase,0.85,0.2,,148,33,2.0,2019-06-12,12629.0,12.11777701973915,2.929292619228363,7.373742662374427,3.8383851964262306,0.2270091092213988,1.0297500693228878,1.0297500693228878
6888,MAGNACHIP SEMICONDUCTOR CORP,MagnaChip Semiconductor shares are trading higher after the company raised its Q2 sales guidance above analyst estimates and raised Q2 profit margins guidance.,3,increase,0.85,0.7,,161,33,2.0,2019-06-12,12629.0,12.11777701973915,2.929292619228363,7.373742662374427,3.8383851964262306,0.2270091092213988,1.0297500693228878,1.0297500693228878
6896,MYRIAD GENETICS INC,Myriad Genetics Option Alert: Jul 19 $26 Calls Sweep (23) near the Ask: 760 @ $0.9 vs 851 OI; Ref=$24.235,3,increase,0.7,0.6,,166,33,2.0,2019-06-12,82508.0,3.5593226552009583,6.342058628797531,-0.7364992980969376,8.510637272336474,-2.2369470447301865,-5.63774434198141,-5.144689914514766
6904,NEPTUNE WELLNESS SOLUTIONS INC,Neptune Wellness Solns Q4 Sales $5.79M Up From $5.394M YoY,3,increase,0.7,0.5,,152,33,2.0,2019-06-12,92222.0,5.387931317090988,-13.087932765483856,-9.815952033344589,-11.656436191877862,1.0893183760344982,-8.48126810387927,16.876570248618595
6912,NEPTUNE WELLNESS SOLUTIONS INC,"The Green Organic Dutchman, Neptune Wellness Strike Organic Product Manufacturing, Processing Deal",3,increase,0.75,0.6,,145,33,2.0,2019-06-12,92222.0,5.387931317090988,-13.087932765483856,-9.815952033344589,-11.656436191877862,1.0893183760344982,-8.48126810387927,16.876570248618595
6920,NEPTUNE WELLNESS SOLUTIONS INC,"Neptune Wellness Solns Option Alert: Jan, 2021 $5 Calls Sweep (4) near the Bid: 790 @ $1.5 vs 1464 OI; Earnings 6/12 After Close Ref=$4.73",3,uncertain,0.6,0.3,,180,34,1.0,2019-06-12,92222.0,5.387931317090988,-13.087932765483856,-9.815952033344589,-11.656436191877862,1.0893183760344982,-8.48126810387927,16.876570248618595
6928,NEPTUNE WELLNESS SOLUTIONS INC,Neptune Wellness shares are trading higher after the company signed a multi-year contract with the Green Organic Dutchman to extract and purify cannabinoids and terpenes from cannabis and hemp biomass.,3,increase,0.8,0.6,,166,29,2.0,2019-06-12,92222.0,5.387931317090988,-13.087932765483856,-9.815952033344589,-11.656436191877862,1.0893183760344982,-8.48126810387927,16.876570248618595
6936,NEPTUNE WELLNESS SOLUTIONS INC,"Neptune Signs Multi-Year Extraction Agreement For 230,000 kg Including Turnkey Solutions With The Green Organic Dutchman",3,increase,0.75,0.6,,153,29,2.0,2019-06-12,92222.0,5.387931317090988,-13.087932765483856,-9.815952033344589,-11.656436191877862,1.0893183760344982,-8.48126810387927,16.876570248618595
6944,NORFOLK SOUTHERN CORP,"Deutsche Bank Maintains Hold on Norfolk Southern, Lowers Price Target to $196",3,decrease,0.75,0.5,,147,30,0.0,2019-06-12,64311.0,0.1306702033616602,-1.365256868302822,-3.4281995036223756,-3.2324461731667364,-1.2114604003727436,-2.004527310550719,-0.4453115026804566
6952,NETWORK 1 TECHNOLOGIES INC,Network-1 Raises Buyback Plan To $5M,3,increase,0.75,0.6,,139,29,2.0,2019-06-12,34936.0,-0.4310340620577335,-1.7316000536084175,1.2987001971255685,6.926410975441621,1.7543843016028404,-0.8547000454599218,-1.7993162515494987e-08
6960,NOVARTIS A G,Novartis Announces Cosentyx Provides Long-lasting Inhibition of Radiographic Progression in Psoriatic Arthritis,3,increase,0.8,0.6,,146,29,2.0,2019-06-12,88233.0,0.9988704696297646,0.6855394225567579,3.292875086367042,2.494935512366836,-0.1360266935080289,0.0454246096114552,0.5019333782172675
6968,N X P SEMICONDUCTORS N V,"UPDATE: Morgan Stanley Upgrades NXP Semiconductor To Overweight, Raises Target To $114 As Firm Notes Co's 'leaner inventory in distribution, levers to pull on margins, and relative valuation after a period of significant underperformance in the stock'",3,increase,0.85,0.7,,182,29,2.0,2019-06-12,12084.0,-1.780847460031509,0.9918944910168648,2.895383096252502,3.879207323368128,0.0733826367650181,3.0440410511738847,3.4348228979065087
6976,N X P SEMICONDUCTORS N V,"Morgan Stanley Upgrades NXP Semiconductors to Overweight, Raises Price Target to $114",3,increase,0.85,0.7,,151,29,2.0,2019-06-12,12084.0,-1.780847460031509,0.9918944910168648,2.895383096252502,3.879207323368128,0.0733826367650181,3.0440410511738847,3.4348228979065087
6984,OIL DRI CORP OF AMERICA,Oil-Dri Raises Quarterly Dividend From $0.24 To $0.25/Share,3,increase,0.75,0.2,,150,33,2.0,2019-06-12,59185.0,-1.7525780946016312,1.0493152774870396,4.057362193279146,6.645678909654573,-2.999998815357685,0.5876256032343541,0.7268986156211632
6992,ORION S A,"Orion Engineered Carbons To Expand Capacity For Gas Blacks At Cologne Plant, Germany",3,increase,0.75,0.6,,139,29,2.0,2019-06-12,14786.0,0.241892784833908,-1.592663861811161,-6.515440384686566,0.1167483491550713,-0.0483570067444816,2.8358192981261743,5.35167772282239
7000,OPKO HEALTH INC,Neovasc 13D Filing From Opko Health Shows 5% Stake,3,increase,0.7,0.5,,138,33,2.0,2019-06-12,82567.0,3.2258033752441415,1.562504842877388,4.687501824898566,4.687501814026396,-3.1249970197677612,-3.626939576659627,-4.123713344231361
7008,OXFORD INDUSTRIES INC,Oxford Industries shares are trading higher after the company reported better-than-expected Q1 EPS and sales results; the company also reaffirmed FY19 guidance.,3,increase,0.85,0.7,,155,33,2.0,2019-06-12,34948.0,-2.258838340640068,8.401160687208176,10.406970507147118,7.1220837799639725,-2.1681690588593483,-0.5650538109517655,1.38268617096291
7016,OXFORD INDUSTRIES INC,"UPDATE: Oxford Industries Reaffirms FY19 Guidance: Adj. EPS $4.45-$4.65, Sales $1.135B-$1.155B",3,increase,0.75,0.6,,160,33,2.0,2019-06-12,34948.0,-2.258838340640068,8.401160687208176,10.406970507147118,7.1220837799639725,-2.1681690588593483,-0.5650538109517655,1.38268617096291
7024,OXFORD INDUSTRIES INC,"Oxford Industries Sees Q2 Adj. EPS $1.80-$1.90 vs $1.93 Estimate, Sales $300M-$310M vs $313.1M Est.",3,decrease,0.75,0.5,,164,34,0.0,2019-06-12,34948.0,-2.258838340640068,8.401160687208176,10.406970507147118,7.1220837799639725,-2.1681690588593483,-0.5650538109517655,1.38268617096291
7032,OXFORD INDUSTRIES INC,Oxford Industries Reaffirms FY19 Guidance,3,increase,0.75,0.6,,134,33,2.0,2019-06-12,34948.0,-2.258838340640068,8.401160687208176,10.406970507147118,7.1220837799639725,-2.1681690588593483,-0.5650538109517655,1.38268617096291
7040,OXFORD INDUSTRIES INC,"Oxford Industries Q1 Adj. EPS $1.3 Beats $1.21 Estimate, Sales $281.973M Beat $277.29M Estimate",3,increase,0.85,0.7,,157,33,2.0,2019-06-12,34948.0,-2.258838340640068,8.401160687208176,10.406970507147118,7.1220837799639725,-2.1681690588593483,-0.5650538109517655,1.38268617096291
7048,PACIRA BIOSCIENCES INC,Pacira BioSciences Highlights New Data Showing Use Of EXPAREL Was Associated With Improved Clinical And Economic Outcomes Following Hip Replacement Surgery,3,increase,0.8,0.6,,152,29,2.0,2019-06-12,12583.0,0.8824831806123257,1.473303884267807,0.4373904637369419,-0.5524812902089504,0.0464694632682949,-2.667270058663574,1.7726304670311557
7056,PENN ENTERTAINMENT INC,Penn National Gaming Receives Regulatory Approval For Hollywood Casino Morgantown; Development Of The Nearly $111 Million Facility Expected To Begin As Soon As Possible,3,increase,0.75,0.6,,155,29,2.0,2019-06-12,80563.0,-0.1509848283603787,0.7056420668959618,-0.7056420953974629,-7.862900610051304,-1.045812200754881,0.7606568614519249,5.355250177222715
7064,PFIZER INC,"Pfizer Announces Results From XELJANZ XR ORAL Shift Study, The First Phase 3b/4 Study To Evaluate Methotrexate Withdrawal With JAK Inhibitor",3,uncertain,0.6,0.3,,157,34,1.0,2019-06-12,21936.0,0.9608710184693336,-1.3463365845382214,0.9749260847170538,-0.2089140004676748,-0.9287242777645588,-0.5824790890470055,-0.0936570779905721
7072,PROGRESSIVE CORP OH,"Progressive Issues Correction, Says May Net PRemiums Written Up 16% YoY, Not 10%",3,increase,0.75,0.6,,148,33,2.0,2019-06-12,64390.0,-1.743977703154087,0.628623366355896,0.7518804704517601,-3.130779049702115,-0.0242119436734356,-0.7333501005528542,-0.6975367722313108
7080,PROGRESSIVE CORP OH,"Progressive Reports May EPS $0.13, Net Premiums Written Up 10% YoY",3,increase,0.75,0.6,,146,33,2.0,2019-06-12,64390.0,-1.743977703154087,0.628623366355896,0.7518804704517601,-3.130779049702115,-0.0242119436734356,-0.7333501005528542,-0.6975367722313108
7088,PARKER HANNIFIN CORP,"Parker Aerospace JV Company ACE Services Expanding Capabilities to Become Center of Excellence for Boeing 747-400, 747-800 Flight Control Maintenance, Repair, and Overhaul",3,increase,0.75,0.6,,166,29,2.0,2019-06-12,41355.0,-1.340678427368402,0.5823870189487934,1.6925555545731497,3.2759094948765277,0.167864968534559,0.9302939420853696,3.12944112442215
7096,DAVE & BUSTERS ENTERTAINMENT INC,Wells Fargo On Dave & Buster's: Time To Hit 'Pause',3,decrease,0.75,0.6,,149,34,0.0,2019-06-12,15014.0,-22.37531393766403,0.1500034355558455,-2.9249955262124483,-1.5790640666246136,1.8983568996191025,4.693209018372357,4.122038838074782
7104,DAVE & BUSTERS ENTERTAINMENT INC,"UPDATE: SunTrust Downgrades Dave & Buster's To Hold As Firm Notes 'sharp deceleration in SSS in the back half of 1Q19, slow start to 2Q19 and increasingly difficult year-ago compares shakes our confidence that PLAY will generate positive SSS in '19'",3,decrease,0.85,0.7,,195,34,0.0,2019-06-12,15014.0,-22.37531393766403,0.1500034355558455,-2.9249955262124483,-1.5790640666246136,1.8983568996191025,4.693209018372357,4.122038838074782
7112,DAVE & BUSTERS ENTERTAINMENT INC,Gordon Haskett Downgrades Dave & Buster's Enter to Hold,3,decrease,0.75,0.6,,150,34,0.0,2019-06-12,15014.0,-22.37531393766403,0.1500034355558455,-2.9249955262124483,-1.5790640666246136,1.8983568996191025,4.693209018372357,4.122038838074782
7120,DAVE & BUSTERS ENTERTAINMENT INC,Wells Fargo Downgrades Dave & Buster's Enter to Market Perform,3,decrease,0.8,0.6,,149,34,0.0,2019-06-12,15014.0,-22.37531393766403,0.1500034355558455,-2.9249955262124483,-1.5790640666246136,1.8983568996191025,4.693209018372357,4.122038838074782
7128,DAVE & BUSTERS ENTERTAINMENT INC,"SunTrust Robinson Humphrey Downgrades Dave & Buster's Enter to Hold, Lowers Price Target to $47",3,decrease,0.8,0.6,,158,30,0.0,2019-06-12,15014.0,-22.37531393766403,0.1500034355558455,-2.9249955262124483,-1.5790640666246136,1.8983568996191025,4.693209018372357,4.122038838074782
7136,DAVE & BUSTERS ENTERTAINMENT INC,Dave & Buster's shares are trading lower after the company reported worse-than-expected Q1 sales results; the company also cut its FY19 guidance.,3,decrease,0.85,0.7,,164,34,0.0,2019-06-12,15014.0,-22.37531393766403,0.1500034355558455,-2.9249955262124483,-1.5790640666246136,1.8983568996191025,4.693209018372357,4.122038838074782
7144,P N M RESOURCES INC,UBS Upgrades PNM Resources to Neutral,3,increase,0.75,0.6,,135,33,2.0,2019-06-12,55511.0,2.075272798538208,0.7175615523010492,2.531394304069745,1.833769225612114,-1.0070493444800377,-1.2655630485016944,-1.4239853485214615
7152,POST HOLDINGS INC,"Evercore ISI Group Initiates Coverage On Post Holdings with Outperform Rating, Announces $125 Price Target",3,increase,0.8,0.6,,143,29,2.0,2019-06-12,13188.0,0.1514612464234233,-0.9451795369386672,-0.359172817459541,-2.9395089898685556,0.2277019433677196,-1.0768812798401028,-0.4147835974566249
7160,P T C INC,"PTC Forms Strategic Alliance With Vodafone Business, Enabling Customers To Develop New IoT And Augmented Reality Applications",3,increase,0.75,0.6,,144,33,2.0,2019-06-12,75912.0,-0.9624077007174492,-1.31473820656538,0.5601895870615436,-0.2515161698742552,-2.6991264894604683,-0.4957215311338636,1.3541430258926956
7168,QUALCOMM INC,Qualcomm shares are trading lower on concerns that LG may not be able to renew its chip license deal with the company due to differences over how to handle Qualcomm's request that US courts put their antitrust decision against it on hold.,3,decrease,0.8,0.6,,165,34,0.0,2019-06-12,77178.0,-2.316116727888584,0.4885816946625709,3.175753513336277,7.702257371606125,0.9923404082655908,3.712323983293664,5.400209777258791
7176,QUALCOMM INC,Sales of LG Electronics' New 5g Smartphone in Doubt over Failure to Renew Chip License With Qualcomm,3,decrease,0.75,0.6,,141,34,0.0,2019-06-12,77178.0,-2.316116727888584,0.4885816946625709,3.175753513336277,7.702257371606125,0.9923404082655908,3.712323983293664,5.400209777258791
7184,RESTAURANT BRANDS INTL INC,Evercore ISI Group Initiates Coverage On Restaurant Brands Intl with Outperform Rating,3,increase,0.75,0.6,,148,33,2.0,2019-06-12,15113.0,1.777184009552002,0.2201049588620662,2.629189900359674,0.5745375224406546,0.2095171948894858,-0.0746202702897158,1.99542648597697
7192,R F INDUSTRIES LTD,"RF Industries Q2 EPS $0.11 Down From $0.34 YoY, Sales $13.6M Down From $22.38M YoY",3,decrease,0.85,0.7,,157,34,0.0,2019-06-12,86474.0,-1.196810510009527,5.921939015388489,1.3305290202936249e-08,5.518173982863539,-0.7902453653514385,0.266666396596027,-1.5706790912948576
7200,R H,RH shares are trading higher after the company reported better-than-expected Q1 EPS and sales results; the company also raised its FY19 guidance.,3,increase,0.85,0.7,,146,33,2.0,2019-06-12,13687.0,1.758712530136108,15.828859806060793,23.616824177200417,14.975234461009013,0.9199117310345172,4.834179924529214,5.869661585025443
7208,R H,RH Raises FY19 Sales Guidance From $2.585B-$2.635B To $2.6428B-$2.6628B,3,increase,0.85,0.7,,148,33,2.0,2019-06-12,13687.0,1.758712530136108,15.828859806060793,23.616824177200417,14.975234461009013,0.9199117310345172,4.834179924529214,5.869661585025443
7216,R H,RH Raises FY19 Adj. EPS Guidance From $8.01-$8.69 To $8.76-$9.27 vs $8.40 Est.,3,increase,0.85,0.7,,150,33,2.0,2019-06-12,13687.0,1.758712530136108,15.828859806060793,23.616824177200417,14.975234461009013,0.9199117310345172,4.834179924529214,5.869661585025443
7224,R H,"RH Says Sees A Clear Path $4-$5B In North American Sales, Int'l. Opportunity Could Lead To RH Becoming $7B-$10B Global Brand",3,increase,0.8,0.6,,152,33,2.0,2019-06-12,13687.0,1.758712530136108,15.828859806060793,23.616824177200417,14.975234461009013,0.9199117310345172,4.834179924529214,5.869661585025443
7232,R H,"RH Q1 Adj. EPS $1.85 Beats $1.55 Estimate, Sales $598.421M Beat $586.62M Estimate",3,increase,0.85,0.7,,148,33,2.0,2019-06-12,13687.0,1.758712530136108,15.828859806060793,23.616824177200417,14.975234461009013,0.9199117310345172,4.834179924529214,5.869661585025443
7240,R P M INTERNATIONAL INC,"RPM Reports Purchase Of Schul Int'l. And Willseal, No Terms Disclosed",3,uncertain,0.6,0.3,,140,34,1.0,2019-06-12,65307.0,1.167835760861635,0.577180553227663,-0.3792868849929354,-2.3416855574322715,0.6887281313538551,0.8921036565422424,2.216915530826191
7248,RED ROBIN GOURMET BURGERS INC,'.@redrobinburgers has installed a poison pill and hired a top #activist defense adviser who has had some success in the past defending companies against Vintage Capital's Brian Kahn. Sources tell @rorol Vintage is likely pushing for some M&A...',3,uncertain,0.6,0.3,,187,34,1.0,2019-06-12,89453.0,-3.924531862139702,31.500396132469177,22.113124063684552,19.5601012326704,0.7987792603671551,1.2223058646341878,1.4936781455711312
7256,STARBUCKS CORP,"Evercore ISI Group Initiates Coverage On Starbucks with In-Line Rating, Announces $82 Price Target",3,uncertain,0.6,0.3,,146,34,1.0,2019-06-12,77702.0,0.6798561662435532,0.5064490251243114,1.0611326268241903,0.5426226520623523,0.5370467901229858,-0.1333664022551861,1.1916476744612714
7264,SEAGEN INC,Seattle Genetics Announces Multiple ADCETRIS Presentations At Congress Of The European Hematology Association And The International Conference On Malignant Lymphoma Jun. 13-16,3,increase,0.75,0.6,,154,33,2.0,2019-06-12,88949.0,0.0901676539797335,3.5435445606708527,8.678676996718583,1.5165198056509954,-2.103869803249836,-5.683915009851104,-3.593155455795005
7272,STREAMLINE HEALTH SOLUTIONS INC,"Streamline Health Solns Q1 EPS $0.01, Inline, Sales $5.357M Miss $5.65M Estimate",3,decrease,0.75,0.6,,154,34,0.0,2019-06-12,83391.0,1.438847556710243,24.822697043418884,21.276601164152844,27.65957421371801,-3.472227230668068,-3.472227230668068,1.459852262193695
7280,TANDEM DIABETES CARE INC,"Trader Idea Feed: 'Worth watching the $72.05 area in this Tandem Diabetes. This stock has that ""angry"" look... if it breaks resistance, it could make a fierce run up to $80 area' @traderstewie Via Twitter",3,increase,0.75,0.6,,182,33,2.0,2019-06-12,14325.0,2.907921001315117,-1.4128698036074638,-4.452694365262799,-13.6577704457849,1.7483536154031754,-5.034868796561098,-3.349894795268271
7288,TRUECAR INC,Watching TrueCar Shares Following 947K Share Block Trade At $5.26; Shares Currently Trading At Session Highs At $5.40/Share,3,increase,0.75,0.6,,151,33,2.0,2019-06-12,14677.0,4.5627329498529425,0.7272720336914062,-1.6363663491879454,-4.545454475195743,-2.5925900787115097,-3.486230922815292,5.899438715317729e-08
7296,TYSON FOODS INC,Bernstein Downgrades Beyond Meat Amid Growing Valuation Concerns,3,increase,0.7,0.5,,137,33,2.0,2019-06-12,77730.0,-0.5102638620883226,0.7815354503691196,-5.0433475990596,-2.8941298262096793,-0.2182086464017629,-0.169799147523586,0.6234651530695912
7304,ISHARES INC,"Turkey's Erdogan Says Turkey Has Already Bought S400 Defence System From Russia, Says S400 Will Be Delivered Next Month",3,uncertain,0.6,0.3,,145,34,1.0,2019-06-12,92600.0,-0.596757885068655,-2.830187976360321,3.8102881723429016,3.0181778069406917,-1.635225489735603,0.5141343489723393,2.7145313637941593
7312,TEXAS ROADHOUSE INC,"Evercore ISI Group Initiates Coverage On Texas Roadhouse with In-Line Rating, Announces $55 Price Target",3,uncertain,0.6,0.2,,146,30,1.0,2019-06-12,90427.0,-0.9939276613295078,0.6134932395070791,-2.4168045988592346,-1.3757234721781697,-1.300806924700737,-1.5320794629434695,-2.079223942436159
7320,UNIVERSAL HEALTH RLTY INCM TR,Universal Health Realty Income Trust Raises Qtr. Dividend From $0.675 To $0.68/Share,3,increase,0.8,0.6,,154,33,2.0,2019-06-12,72864.0,2.171013876795769,2.029913477599621,6.220329551896686,-2.1098160222158935,0.1579169766046106,-1.1272364616220942,-0.9371697831419112
7328,VIA RENEWABLES INC,"'@CBS board members scheduled to meet Friday to discuss M&A matters including possible @Viacom merger--sources. Meeting will not be with full board, just members who deal w M&A more now' -FBN's Charlie Gasparino Tweets",3,uncertain,0.6,0.3,,178,34,1.0,2019-06-12,14830.0,6.06936514377594,0.9990885853767396,1.4532229229643925,-2.4523202722605775,-2.535206638276577,0.2898526269042634,2.2660149834014875
7336,VOXX INTERNATIONAL CORP,VOXX Int'l. Reports Deal To Sell Its German Accessories Business To HF Co. For $19M,3,increase,0.7,0.5,,145,29,2.0,2019-06-12,75033.0,10.85714623332024,-0.2577378414571285,-0.7732012250992293,4.38144531018958,-0.9901014156639576,-2.777775238621416,-0.849857649645247
7344,VERIZON COMMUNICATIONS INC,"Huawei Tells Verizon It Owes Licensing Fees For More Than 200 Patents, Says Verizon Should Pay Fees For Patents Used In Its Network; Huawei, Verizon Executives Met To Discuss Patent Issue Last Week",3,decrease,0.75,0.6,,170,34,0.0,2019-06-12,65875.0,0.932603795081377,0.4532746039330959,0.4707120639406703,-0.6450469400392844,1.2110423296689987,-0.7162820758830346,-1.2339226586963958
7352,WATERS CORP,Waters Shares Down 2.4%; Hearing Cleveland Research Downgraded Stock To Underperform,3,decrease,0.85,0.6,,144,34,0.0,2019-06-12,82651.0,-1.698012836277485,-0.1712693832814693,2.950674740059256,3.2736359765976,-1.2305189855396748,-0.4215187972611112,0.4153991055111383
7360,WENDYS CO,"Evercore ISI Group Initiates Coverage On Wendy's with In-Line Rating, Announces $20 Price Target",3,uncertain,0.6,0.2,,143,34,1.0,2019-06-12,19828.0,-0.2573399106040597,0.515997875481844,0.722400964622083,0.6191993976464971,-0.3589727915823459,-2.2635758594301447,-1.719778224383084
7368,WELLS FARGO & CO NEW,"Wells Fargo shares trading lower, leading the big bank stocks lower amid a broad sell off in the stock market. Not seeing company-specific news to justify the move lower.",3,decrease,0.75,0.6,,163,34,0.0,2019-06-12,38703.0,-2.918284758925438,0.8461390621960163,1.6477436988000085,1.9817399970390115,-0.0216168918996118,1.3806645625153102,0.7404184845839934
7376,WYNN RESORTS LTD,Shares of casino companies are trading lower in a potential sell off following strength earlier in the week. Recent unrest in Hong Kong and US-China trade concerns may also be weighing on casinos with Macau exposure.,3,decrease,0.75,0.6,,164,30,0.0,2019-06-12,89533.0,-2.886164747178555,2.1526942029595375,6.6062419142515205,5.682416346490871,1.26853808760643,6.4222707890978725,7.428621419363335
7384,YUM BRANDS INC,"Evercore ISI Group Initiates Coverage On Yum Brands with Outperform Rating, Announces $120 Price Target",3,increase,0.8,0.6,,145,29,2.0,2019-06-12,85348.0,1.273591816425323,0.0367182976333424,0.4681425596718691,1.0831652838534378,-0.9940191172063352,-1.3752635554778014,-0.7839867429034642
7392,ABBVIE INC,AbbVie Shares Tick Higher Over Last Few Mins. Following Mention Of Unusual Option Activity By Jon Najarian On CNBC's 'Fast Money: Halftime Report',3,increase,0.7,0.5,,154,33,2.0,2019-06-28,13721.0,3.885716199874878,0.9350938722491264,-2.062706162027139,-1.8979052806705752,2.9411764815449715,6.544906120473493,-10.771188655773202
7400,ACCENTURE PLC IRELAND,Sell-Side Weighs In On Accenture's 'Steady' Quarter,3,uncertain,0.6,0.2,,144,34,1.0,2019-06-28,89071.0,0.9672154672443868,1.1365431360900402,2.998318516649645,5.709802862933477,-0.1691111014224589,-1.0275792341568724,-1.6710551133533702
7408,ALBANY INTERNATIONAL CORP NEW,Alembic Global Initiates Coverage On Albany International with Neutral Rating,3,uncertain,0.6,0.2,,141,34,1.0,2019-06-28,11731.0,2.764010056853294,0.8081029169261456,-1.218190914935835,-3.377159434168986,-0.2965865889564156,0.3607425230379713,0.6361508544149741
7416,ARROWHEAD PHARMACEUTICALS INC,Arrowhead Pharmaceuticals shares are trading lower after Cantor Fitzgerald downgraded the stock from Overweight to Neutral.,3,decrease,0.85,0.7,,155,34,0.0,2019-06-28,80069.0,-8.049964159727097,-0.0377367134205997,-0.905659500864342,4.905657629036431,4.043317213654518,4.723834244719982,4.799998774716174
7424,ARROWHEAD PHARMACEUTICALS INC,Cantor Fitzgerald Downgrades Arrowhead Pharmaceuticals to Neutral,3,decrease,0.75,0.6,,145,34,0.0,2019-06-28,80069.0,-8.049964159727097,-0.0377367134205997,-0.905659500864342,4.905657629036431,4.043317213654518,4.723834244719982,4.799998774716174
7432,AMTECH SYSTEMS INC,Amtech Announces Sale Of Its SoLayTec Solar Business,3,uncertain,0.6,0.3,,135,34,1.0,2019-06-28,65008.0,5.769234523177147,4.3636322021484375,11.81818360759972,8.727273088686015,0.7751930970698595,1.9607825010311777,-9.72222939810351
7440,AUTOZONE INC,Oppenheimer Upgrades AutoZone to Outperform,3,increase,0.8,0.6,,130,33,2.0,2019-06-28,76605.0,1.419638376682997,-0.0618417630903422,4.070143089050249,7.177097777587105,-0.2319178776815533,-1.252470851999532,-2.418650391326571
7448,BANK OF AMERICA CORP,"Bank of America shares are trading higher after the company reported a $30.9 billion buyback, and increased its quarterly dividend from $0.15 to $0.18.",3,increase,0.85,0.7,,161,33,2.0,2019-06-28,59408.0,2.800428681075573,1.4482760801911354,0.6896578025555211,0.7586183824950687,1.074880827218294,1.621033349920431,0.822014134063509
7456,BECTON DICKINSON & CO,"Raymond James Maintains Strong Buy on Becton, Raises Price Target to $288",3,increase,0.85,0.7,,150,29,2.0,2019-06-28,39642.0,1.147903129458427,1.007899921387434,-0.4126793439504062,0.4880802728192801,0.4191662184894085,0.3746646906642059,-0.3320273135898555
7464,BAIDU INC,"JP Morgan Maintains Neutral on Baidu, Lowers Price Target to $120",3,decrease,0.75,0.6,,138,34,0.0,2019-06-28,90857.0,1.137538533657789,0.5538526922464371,-3.544652032900908,-1.474099645767879,0.2332247328013181,2.454528273072709,-0.565549262309506
7472,BIOGEN INC,"Piper Jaffray Downgrades Biogen to Neutral, Lowers Price Target to $250",3,decrease,0.85,0.7,,140,34,0.0,2019-06-28,76841.0,-2.460695244371891,0.692696962505579,-1.2955909839057256,-0.1068969200898939,0.7140744011849165,-0.2164006354719805,1.6362174761283432
7480,BIOLINERX LTD,BioLineRx Announces Change In Ratio Of American Depositary Shares To Ordinary Shares,3,uncertain,0.6,0.2,,141,34,1.0,2019-06-28,12912.0,1.388887502253056,-6.849316507577896,-13.972602369893682,-15.176335684211084,0.0277901068329811,-2.7027001004057083,-5.263153024003753
7488,POPULAR INC,Popular Reports Richard Carrion To Transition From Executive Chair To Non-Exec Chair,3,uncertain,0.5,0.2,,135,34,1.0,2019-06-28,16505.0,1.440060697495937,1.4749247580766678,2.9314160427519997,3.005157151512039,1.7120059579610825,2.708412962643747,1.4803617556744753
7496,BORGWARNER INC,"Morgan Stanley Maintains Overweight on BorgWarner, Lowers Price Target to $47",3,uncertain,0.6,0.2,,142,34,1.0,2019-06-28,79545.0,-0.3560444340109825,-0.0714596942998468,-4.097192032202668,-5.383511927917228,1.2983912602066994,1.5425388697489772,1.0311757815169686
7504,CONAGRA BRANDS INC,"Conagra Brands shares are trading higher, rebounding after dipping on Thursday following weak Q4 earnings and a 2020 guidance cut.",3,increase,0.7,0.5,,152,33,2.0,2019-06-28,56274.0,4.286276549100876,1.4328776858747003,7.352936703228252,3.7707390703996646,-12.098167836666107,-11.976459496437483,-9.501779421559032
7512,CONAGRA BRANDS INC,Conagra Analysts React To Q4 Miss: 'We View These Issues As Temporary',3,uncertain,0.6,0.2,,142,34,1.0,2019-06-28,56274.0,4.286276549100876,1.4328776858747003,7.352936703228252,3.7707390703996646,-12.098167836666107,-11.976459496437483,-9.501779421559032
7520,CONAGRA BRANDS INC,"Citigroup Maintains Buy on Conagra Brands, Lowers Price Target to $34",3,uncertain,0.6,0.3,,143,34,1.0,2019-06-28,56274.0,4.286276549100876,1.4328776858747003,7.352936703228252,3.7707390703996646,-12.098167836666107,-11.976459496437483,-9.501779421559032
7528,CHEESECAKE FACTORY INC,"JP Morgan Maintains Neutral on Cheesecake Factory, Lowers Price Target to $45",3,decrease,0.75,0.6,,147,34,0.0,2019-06-28,77902.0,-0.4553664941340685,-1.4181215316057203,-0.8234232622046367,0.2516024222544599,2.0683230832219124,0.7801659799208549,1.1748406810830003
7536,CHEESECAKE FACTORY INC,"Deutsche Bank Initiates Coverage On Cheesecake Factory with Hold Rating, Announces $46 Price Target",3,uncertain,0.6,0.2,,149,30,1.0,2019-06-28,77902.0,-0.4553664941340685,-1.4181215316057203,-0.8234232622046367,0.2516024222544599,2.0683230832219124,0.7801659799208549,1.1748406810830003
7544,CALAMP CORP,CalAmp shares are trading higher after the company reported better-than-expected Q1 EPS and sales results; Northland upgraded the stock from Market Perform to Outperform.,3,increase,0.85,0.7,,154,33,2.0,2019-06-28,20670.0,12.30769902467728,-1.6267169266939163,-6.250004279087951,-2.739731761042885,2.463054284453392,3.7924066657349487,2.5640954014343853
7552,CALAMP CORP,Northland Upgrades CalAmp to Outperform,3,increase,0.8,0.6,,131,33,2.0,2019-06-28,20670.0,12.30769902467728,-1.6267169266939163,-6.250004279087951,-2.739731761042885,2.463054284453392,3.7924066657349487,2.5640954014343853
7560,CHINA GREEN AGRICULTURE INC,"China Green Agriculture Reports 1-For-12 Reverse Stock Split, Effective Jun. 28, 2019",3,decrease,0.7,0.5,,153,34,0.0,2019-06-28,92897.0,-7.703603059053421,3.66065464913845,-5.2346565907696485,-12.041515667513092,0.8264392614364624,1.5634449686331875,0.6236125880811239
7568,CHIPOTLE MEXICAN GRILL INC,"JP Morgan Maintains Neutral on Chipotle Mexican Grill, Raises Price Target to $650",3,increase,0.75,0.6,,151,29,2.0,2019-06-28,91068.0,1.209745556116104,-1.0219940915703771,2.1722496084354503,3.682729772841009,-0.4632359370589256,-1.2410976386799,-0.0013822987474543
7576,CUMMINS INC,Cummins To Buy Hydrogenics For Total Value Of $290M,3,increase,0.75,0.6,,137,33,2.0,2019-06-28,41080.0,1.8365506082773209,0.8871275000274181,-1.330686831012784,-0.1284003888116225,-0.3907428123056888,-0.3553486051856347,-1.122475117225208
7584,CUMMINS INC,Cummins To Purchase Hydrogenics At $15/Share In Cash For Total Value Of $290M,3,increase,0.75,0.6,,144,33,2.0,2019-06-28,41080.0,1.8365506082773209,0.8871275000274181,-1.330686831012784,-0.1284003888116225,-0.3907428123056888,-0.3553486051856347,-1.122475117225208
7592,CANADIAN PACIFIC KANSAS CITY LTD,Wolfe Research Downgrades Canadian Pacific Railway to Peer Perform,3,decrease,0.75,0.6,,147,34,0.0,2019-06-28,89125.0,0.474095856770873,1.4495784416794777,1.3348066674136794,0.7354172838715645,0.449766032397747,0.0516346681960211,-1.5139658508915188
7600,SALESFORCE INC,KeyBanc: Salesforce Poised To Benefit From Data Opportunity After Tableau Acquisition,3,increase,0.8,0.6,,137,29,2.0,2019-06-28,90215.0,0.6901541259139776,1.5356237068772316,0.7117918847175497,5.219797250213376,1.107091549783945,0.9039816285285164,-1.225743954921832
7608,CYTOKINETICS INC,Cytokinetics Reports Preclinical Data For Reldesemtiv Was Presented At 2019 Annual Cure SMA Conference,3,uncertain,0.6,0.3,,149,34,1.0,2019-06-28,90126.0,1.626018993556499,-0.0888909213244915,-3.8222248339614406,-1.6000026331700834,2.2160643711686134,2.1217669538795336,2.310536102515459
7616,DEUTSCHE BANK A G,Hearing Deutsche Bank Considering Cutting Half Its Equities Jobs,3,decrease,0.8,0.6,,139,34,0.0,2019-06-28,89199.0,1.193636003881693,0.1310583436861634,-1.17955641959675,1.8348605619530776,2.306649647653103,5.89887742028492,6.197183835534226
7624,DUCOMMUN INC DE,"Ducommun 8-K Shows CFO, Treasurer Douglas Groves No Longer With Co., Controller, Chief Accounting Officer Christopher Wampler Named Interim Replacement At CFO, Treasurer Roles",3,uncertain,0.6,0.3,,157,34,1.0,2019-06-28,63132.0,0.2000892767682672,1.4422044157981873,0.5103162375865944,-2.72908703486896,1.534989383071661,2.483481772521534,1.1695916315512145
7632,DINE BRANDS GLOBAL INC,"Deutsche Bank Initiates Coverage On Dine Brands Global with Buy Rating, Announces $116 Price Target",3,increase,0.8,0.6,,146,29,2.0,2019-06-28,76732.0,1.187072321772575,-0.073321140371263,3.980303103988691,4.022202096066718,2.066200785338878,1.049583076568794,-1.1006321540837585
7640,DARDEN RESTAURANTS INC,Stephens & Co. Downgrades Darden Restaurants to Equal-Weight,3,decrease,0.8,0.6,,145,34,0.0,2019-06-28,81655.0,0.1563291414640844,-0.1150143914856016,2.669843041934361,3.770954576174357,1.2748926877975464,-1.2993329375260432,-0.3688802944459612
7648,DARDEN RESTAURANTS INC,"Citigroup Maintains Buy on Darden Restaurants, Lowers Price Target to $144",3,uncertain,0.6,0.2,,147,34,1.0,2019-06-28,81655.0,0.1563291414640844,-0.1150143914856016,2.669843041934361,3.770954576174357,1.2748926877975464,-1.2993329375260432,-0.3688802944459612
7656,BRINKER INTERNATIONAL INC,"JP Morgan Maintains Neutral on Brinker International, Lowers Price Target to $44",3,decrease,0.75,0.6,,141,34,0.0,2019-06-28,23297.0,0.7940511219203472,-0.9402768686413764,-1.3214654853365149,0.7623966019669526,1.9055064767599104,1.9853766348431725,4.636825325785376
7664,BRINKER INTERNATIONAL INC,Deutsche Bank Initiates Coverage On Brinker International with Hold Rating,3,uncertain,0.6,0.2,,137,34,1.0,2019-06-28,23297.0,0.7940511219203472,-0.9402768686413764,-1.3214654853365149,0.7623966019669526,1.9055064767599104,1.9853766348431725,4.636825325785376
7672,ELTEK LTD,Having Trouble Finding Good Setups? Try Looking For This Pattern,3,uncertain,0.5,0.2,,134,34,1.0,2019-06-28,84419.0,-2.466370724141598,-6.206896156072617,-6.896545369469642,-8.04597519558885,0.4504499956965446,14.066494249992113,15.245482082755313
7680,EOG RESOURCES INC,"JP Morgan Maintains Overweight on EOG Resources, Lowers Price Target to $109",3,uncertain,0.6,0.2,,142,30,1.0,2019-06-28,75825.0,1.139944698661566,-0.075147405732423,-3.2310024499064283,-4.73379485694122,-1.0527401231229303,2.298977744090158,1.711575732781756
7688,E Q T CORP,ISS Recommends EQT Shareholders Vote For All Rice Team's Nominees,3,increase,0.75,0.6,,140,33,2.0,2019-06-28,24328.0,9.56341028213501,1.644524186849594,-4.617333821344161,-1.2017747637042886,-2.434074692428112,0.2779706506296664,-6.176851976930275
7696,EVERTEC INC,Evertec shares are trading higher after Susquehanna initiated coverage on the stock with a Positive rating and announced a $36 price target.,3,increase,0.85,0.7,,148,33,2.0,2019-06-28,13837.0,4.6400025486946115,-0.3975567873567343,-0.5810472412676959,1.9877605397310871,1.5929771587252617,1.6260162802672171,2.96540238425238
7704,EVERTEC INC,"Susquehanna Initiates Coverage On Evertec with Positive Rating, Announces $36 Price Target",3,increase,0.8,0.6,,139,33,2.0,2019-06-28,13837.0,4.6400025486946115,-0.3975567873567343,-0.5810472412676959,1.9877605397310871,1.5929771587252617,1.6260162802672171,2.96540238425238
7712,DIAMONDBACK ENERGY INC,MKM Partners Initiates Coverage On Diamondback Energy with Buy Rating,3,increase,0.8,0.6,,141,29,2.0,2019-06-28,13641.0,1.376875396817923,0.3487173002213239,-1.844546529180946,-2.349268614317357,0.2424643374979496,2.1573813771991412,-0.139354771051603
7720,F T I CONSULTING INC,FTI Consulting Will Acquire German-Based Andersch AG,3,increase,0.75,0.6,,136,33,2.0,2019-06-28,83509.0,-0.1904805540107191,0.5248120985925198,1.7533412214870925,10.698952576187647,2.6769373565912247,-0.4975104094766314,-0.1782550631065804
7728,F T I CONSULTING INC,FTI Consulting to Acquire Andersch AG; Terms Not Disclosed,3,uncertain,0.6,0.2,,139,34,1.0,2019-06-28,83509.0,-0.1904805540107191,0.5248120985925198,1.7533412214870925,10.698952576187647,2.6769373565912247,-0.4975104094766314,-0.1782550631065804
7736,PHOENIX NEW MEDIA LTD,Phoenix New Media Reports Sent Completion Confirmation Letter To Run Liang Tai Related To $448M Investment,3,increase,0.75,0.6,,146,33,2.0,2019-06-28,12751.0,-10.71428805589676,0.0,-6.461539607933631,-9.538459797562028,1.1111167259514332,1.3927630269012117,1.675982767366757
7744,FIBROGEN INC,"FibroGen To Present Interim Phase 2 Data On Pamrevlumab In Subjects With Duchenne Muscular Dystrophy At Parent Project Muscular Dystophy Conference Fri., Jun. 28, 2019",3,increase,0.7,0.5,,168,33,2.0,2019-06-28,15065.0,1.414143852889538,1.615758240222931,-5.378486647353952,2.7667107157224757,5.418838188052177,5.393893461882326,2.3197020997885787
7752,FULLER H B CO,"KeyBanc Cuts HB Fuller Estimates On Weaker Demand, Uncertainty In China And Europe",3,decrease,0.85,0.7,,142,34,0.0,2019-06-28,37875.0,1.001312397420406,0.3232709132134914,0.732758927388466,1.4439614769483633,2.2479375824332237,2.361848425287727,2.4988821451060295
7760,FULLER H B CO,"JP Morgan Maintains Neutral on H.B. Fuller, Lowers Price Target to $46",3,decrease,0.75,0.6,,142,34,0.0,2019-06-28,37875.0,1.001312397420406,0.3232709132134914,0.732758927388466,1.4439614769483633,2.2479375824332237,2.361848425287727,2.4988821451060295
7768,HERON THERAPEUTICS INC,Heron Therapeutics Shares Up 1% To Session High; Hearing Cowen Said Form 483S Filed With FDA Indicates CMC Issues Are Resolvable,3,increase,0.75,0.5,,161,29,2.0,2019-06-28,11636.0,0.8681489154696465,1.8827347084879875,-3.980633170182158,-1.613766511364012,1.0416695848107338,1.6547223162590052,3.772522845856341
7776,ISHARES TRUST,Hydrogenics Enters Agreement In Which Atlantis AcquisitionCo Canada Corporation Will Acquire All Outstanding Shares Of Co. For $15/Share In Cash,3,uncertain,0.6,0.3,,150,34,1.0,2019-06-28,91933.0,0.0344220054103061,0.029623057343997,0.0296230326363167,0.2254863500290804,0.2761452691629529,0.2300225226376184,-0.1946841371992747
7784,ISHARES TRUST,Gold ETFs Are Having A Moment,3,increase,0.8,0.6,,128,33,2.0,2019-06-28,90525.0,0.1483713509514928,-1.851851865649223,-1.3333355693374571,0.2962960823831073,0.0,-1.0279026813805103,-0.8094231662234219
7792,ILLUMINA INC,"Illumina Files Patent Infringement Suits Related To BGI In Switzerland, Turkey And US",3,increase,0.7,0.6,,145,33,2.0,2019-06-28,88446.0,3.267880529165268,0.6845089141279459,1.8932503724625516,-17.889443883559863,0.0364803097909316,-0.4412384442028849,-0.3466177257812175
7800,INOGEN INC,Needham Downgrades Inogen to Buy,3,decrease,0.75,0.6,,131,34,0.0,2019-06-28,14459.0,1.93923395127058,-0.0748997146729379,-4.5835848875327105,-6.201322695768463,1.819027028977871,-3.634492600359407,-8.006748730299485
7808,JINKOSOLAR HOLDING CO LTD,JinkoSolar Reports Mixed Q1 Earnings,3,uncertain,0.6,0.3,,138,34,1.0,2019-06-28,93380.0,-2.648115530610085,3.4117091447114944,3.2272881485102545,-6.4084889211267875,2.436784841120243,6.196383043616938,-0.7572383605484512
7816,JOHNSON & JOHNSON,J&J's Janssen Reports Received Positive CHMP Opinion Recommending Expanded Use Of Imbruvica For 2 Indications,3,increase,0.75,0.6,,151,29,2.0,2019-06-28,22111.0,-1.00220600143075,0.0574395700823515,1.213384842080334,-3.2811547558902032,-0.8177678100764751,-2.461177860637187,-1.6566441868980486
7824,O P E N L A N E INC,"Jefferies Analyst Bret Jordan Comments On Strength In KAR Auction Shares, Tells Benzinga, 'maybe a relief rally after the spin went effective today and the shares didn't come under pressure from those wanting IAA but not the KAR portion'",3,uncertain,0.6,0.2,,179,34,1.0,2019-06-28,93174.0,2.738395519554615,0.839996337890625,-1.040000906891847,-0.7600021114045674,0.0806110794655978,0.943092453443195,-0.3371312258597991
7832,K B HOME,UPDATE: Raymond James Upgrades KB Home To Market Perform As Firm Notes Co's Q2 Results 'outperformed our expectations and successfully navigated an otherwise challenging competitive backdrop',3,increase,0.8,0.6,,153,29,2.0,2019-06-28,70092.0,1.3391105458140369,0.8550377562642097,2.914885551159263,2.293043766319025,7.904796302318573,6.59109838941907,3.7597059462085136
7840,KAMADA LTD,Cannabics Pharmaceuticals Gets New Directors,3,uncertain,0.5,0.2,,129,29,1.0,2019-06-28,13930.0,1.845016703009605,-0.1811549300327897,5.072467715825701,6.159423149128362,0.5565901752561331,0.1848471198853118,-0.5504538163901285
7848,K T CORP,South Korea's KT Corporation Opens World's First 5G Village At Demilitarized Zone,3,increase,0.8,0.6,,140,29,2.0,2019-06-28,86869.0,-0.4025780130177736,-0.1616774825379252,-2.586901415173548,-2.5869014327936757,0.6482976023107767,0.8935796524578876,0.6482975996831675
7856,COMSTOCK INC,"Comstock Mining Reports Deal For Mercury Remediation Systems, Will Invest $2M",3,increase,0.7,0.5,,138,33,2.0,2019-06-28,12840.0,0.0,-3.368423134088516,-10.6315784514451,-5.947367068113962,-0.052604783559218,0.742308524386881,-2.564100327966212
7864,SOUTHWEST AIRLINES CO,Boeing Gives September Estimate For 737 MAX Fix,3,uncertain,0.6,0.3,,135,34,1.0,2019-06-28,58683.0,0.0788275501690805,1.4966564252972605,2.5600690205636267,2.914532394630309,0.0788972654845565,-0.5098006504166364,-0.937133050348382
7872,LIVE NATION ENTERTAINMENT INC,"Citi Downgrades Live Nation, Breaks Down 'Tricky' Valuation",3,decrease,0.75,0.6,,145,34,0.0,2019-06-28,91041.0,-1.01598734036088,1.3735904358327389,3.5622650408165812,6.913210331961017,1.3323198072612286,0.6920401457016556,0.5256810933620182
7880,LIVE NATION ENTERTAINMENT INC,"UPDATE: Citigroup Downgrades Live Nation To Sell, Maintains $63 Target As Firm Notes 'We like Live Nation's growth prospects and consistent operating performance. However, we fear that investors have either become too willing to pay a premium for growth'",3,decrease,0.75,0.6,,178,34,0.0,2019-06-28,91041.0,-1.01598734036088,1.3735904358327389,3.5622650408165812,6.913210331961017,1.3323198072612286,0.6920401457016556,0.5256810933620182
7888,LIVE NATION ENTERTAINMENT INC,Live Nation Entertainment shares are trading lower after Citigroup downgraded the stock from Neutral to Sell and announced a $63 price target.,3,decrease,0.85,0.7,,154,34,0.0,2019-06-28,91041.0,-1.01598734036088,1.3735904358327389,3.5622650408165812,6.913210331961017,1.3323198072612286,0.6920401457016556,0.5256810933620182
7896,LIVE NATION ENTERTAINMENT INC,"Citigroup Downgrades Live Nation Entertainment to Sell, Announces $63 Price Target",3,decrease,0.85,0.7,,144,34,0.0,2019-06-28,91041.0,-1.01598734036088,1.3735904358327389,3.5622650408165812,6.913210331961017,1.3323198072612286,0.6920401457016556,0.5256810933620182
7904,MACERICH CO,"Citigroup Maintains Neutral on Macerich, Lowers Price Target to $34",3,decrease,0.75,0.6,,139,34,0.0,2019-06-28,80399.0,0.149530661292374,-3.1352732330560684,0.3583127207055669,0.597184013681118,3.8509249687194824,2.1692608818571824,1.5179113981189651
7912,MCDONALDS CORP,"JP Morgan Maintains Overweight on McDonald's, Raises Price Target to $215",3,increase,0.85,0.7,,144,29,2.0,2019-06-28,43449.0,0.6738737225532532,-0.6549169775098562,2.1670037534848197,3.154195830785178,0.8408707566559315,0.2722266583273569,1.1524156353476922
7920,MCCORMICK & CO INC,"Citigroup Maintains Neutral on McCormick & Co, Raises Price Target to $166",3,increase,0.7,0.5,,144,33,2.0,2019-06-28,52090.0,-0.5517422221601009,0.4451341461390257,3.3893678580906306,3.505904490403644,3.478715941309929,1.8159242966300004,1.11579692191619
7928,MCCORMICK & CO INC,"Citigroup Maintains Neutral on McCormick & Co, Raises Price Target to $166",3,increase,0.7,0.5,,144,29,2.0,2019-06-28,52090.0,-0.5517422221601009,0.4451341461390257,3.3893678580906306,3.505904490403644,3.478715941309929,1.8159242966300004,1.11579692191619
7936,MCCORMICK & CO INC,"JP Morgan Maintains Neutral on McCormick & Co, Raises Price Target to $148",3,increase,0.7,0.5,,144,29,2.0,2019-06-28,52090.0,-0.5517422221601009,0.4451341461390257,3.3893678580906306,3.505904490403644,3.478715941309929,1.8159242966300004,1.11579692191619
7944,MCCORMICK & CO INC,"JP Morgan Maintains Neutral on McCormick & Co, Raises Price Target to $148",3,increase,0.7,0.5,,144,29,2.0,2019-06-28,52090.0,-0.5517422221601009,0.4451341461390257,3.3893678580906306,3.505904490403644,3.478715941309929,1.8159242966300004,1.11579692191619
7952,MARKETAXESS HLDGS INC,"Barclays Maintains Equal-Weight on MarketAxess Holdings, Raises Price Target to $289",3,increase,0.7,0.5,,148,29,2.0,2019-06-28,90454.0,1.605872437357903,0.3608901519328356,6.247273380630114,12.248769206968667,1.1737559922039509,-0.8462926698603601,-5.00870603977519
7960,MOTORCAR PARTS OF AMERICA INC,Motorcar Parts of America shares are trading higher after the company reported better-than-expected Q4 EPS results; the company also issued FY20 sales guidance above analyst estimates.,3,increase,0.85,0.7,,163,33,2.0,2019-06-28,80341.0,15.917707979679111,-3.4563276916742325,-12.237267255982076,-14.666041035353627,3.705782443284989,2.440369386217589,4.056334035687725
7968,MOTORCAR PARTS OF AMERICA INC,Motorcar Parts Of America Reports Mixed Q4 Earnings,3,uncertain,0.6,0.3,,140,34,1.0,2019-06-28,80341.0,15.917707979679111,-3.4563276916742325,-12.237267255982076,-14.666041035353627,3.705782443284989,2.440369386217589,4.056334035687725
7976,MOTORCAR PARTS OF AMERICA INC,"Motorcar Parts America Sees FY20 Sales $552M-$562M vs $530.3M Estimate, Adj. Gross Margin ~27%",3,increase,0.75,0.6,,159,33,2.0,2019-06-28,80341.0,15.917707979679111,-3.4563276916742325,-12.237267255982076,-14.666041035353627,3.705782443284989,2.440369386217589,4.056334035687725
7984,MOTORCAR PARTS OF AMERICA INC,"Motorcar Parts of America Q4 EPS $0.63 Beats $0.53 Estimate, Sales $129.1M Miss $131.53M Estimate",3,uncertain,0.6,0.3,,162,34,1.0,2019-06-28,80341.0,15.917707979679111,-3.4563276916742325,-12.237267255982076,-14.666041035353627,3.705782443284989,2.440369386217589,4.056334035687725
7992,MORGAN STANLEY DEAN WITTER & CO,Morgan Stanley Likely to Gain Majority Control of China Securities JV in H2,3,increase,0.8,0.6,,151,29,2.0,2019-06-28,69032.0,0.7358006201684475,0.3195603378117084,-0.7304261268558654,1.4151995291827868,1.163061149418354,1.9456208335879357,0.9751613919674496
8000,NETGEAR INC,"Deutsche Bank Initiates Coverage On Netgear with Hold Rating, Announces $28 Price Target",3,uncertain,0.6,0.3,,140,34,1.0,2019-06-28,89800.0,-2.693339250981808,2.451557479798794,1.5025667451607383,3.95413175547632,3.175860270857811,5.010099945179292,2.2825654709980103
8008,NOVARTIS A G,PeptiDream Announces New Peptide Drug Conjugate  Collaboration Agreement with Novartis,3,increase,0.75,0.6,,142,29,2.0,2019-06-28,88233.0,0.4068562760949135,0.6023470312356949,-0.6242467322410739,-2.2341484080141027,-0.2850817050784826,-1.5481219422303627,-2.0043108918981423
8016,OPKO HEALTH INC,OPKO Health Reports Novitas Solutions Issued New Proposed Local Coverage Determination For 4Kscore Test,3,increase,0.7,0.6,,143,33,2.0,2019-06-28,82567.0,9.909910708665848,1.2295070104300976,-9.836065934877226,-12.29507995590301,10.44776290655136,11.000001194428144,9.35960861533336
8024,OVERSTOCK COM INC DEL,Analyst Calls Overstock's Crypto Wallet App A 'Significant Milestone',3,increase,0.75,0.6,,140,29,2.0,2019-06-28,89394.0,4.454684257507324,-6.617651134729385,22.352933819749783,26.617639599875663,-3.555552288889885,21.003718461291896,17.828055676526546
8032,P G & E CORP,PG&E shares are trading lower following reports indicating the company could face further financial penalties related to California wildfires.,3,decrease,0.85,0.7,,147,34,0.0,2019-06-28,13688.0,-4.30062897503376,1.8760921433568,-5.1919741499036665,-22.600350046081495,10.267041623592377,10.879630819973697,10.521460991736989
8040,P G & E CORP,Traders Circulating Earlier Sacramento Bee Article 'PG&E faces more financial woes over California wildfires. Wine country inferno killed 44 people'; PG&E Shares At Afternoon Lows Down 2.5% For Session,3,decrease,0.85,0.7,,171,34,0.0,2019-06-28,13688.0,-4.30062897503376,1.8760921433568,-5.1919741499036665,-22.600350046081495,10.267041623592377,10.879630819973697,10.521460991736989
8048,P G & E CORP,Wolfe Research Downgrades PG&E to Peer Perform,3,decrease,0.75,0.6,,138,34,0.0,2019-06-28,13688.0,-4.30062897503376,1.8760921433568,-5.1919741499036665,-22.600350046081495,10.267041623592377,10.879630819973697,10.521460991736989
8056,P G & E CORP,PG&E Shares Down 1.7%; Hearing Wolfe Research Downgraded Stock,3,decrease,0.85,0.7,,143,34,0.0,2019-06-28,13688.0,-4.30062897503376,1.8760921433568,-5.1919741499036665,-22.600350046081495,10.267041623592377,10.879630819973697,10.521460991736989
8064,P G & E CORP,PG&E Responds to CPUC Investigation for 2017 Northern California Wildfires,3,uncertain,0.6,0.3,,142,34,1.0,2019-06-28,13688.0,-4.30062897503376,1.8760921433568,-5.1919741499036665,-22.600350046081495,10.267041623592377,10.879630819973697,10.521460991736989
8072,PATTERSON COMPANIES INC,"JP Morgan Maintains Underweight on Patterson Companies, Lowers Price Target to $20",3,decrease,0.85,0.7,,145,30,0.0,2019-06-28,78034.0,-3.1712472438812265,-2.838426269590854,-1.6593849651779902,-4.7518689415154025,-4.867260530591011,-2.272731974684961,0.8098914044705641
8080,PFIZER INC,Pfizer Reports Phase 3 Trial Of Revatio In Newborns With Persistent Pulmonary Hypertension Did Not Meet Primary Efficacy Endpoint,3,decrease,0.85,0.7,,148,34,0.0,2019-06-28,21936.0,-0.2532825572416186,1.0387829504907131,-0.0461690861464414,-1.3157886510564154,1.023490633815527,-0.7541088156927445,-0.7541088156927445
8088,PFIZER INC,"Sarepta Shares Up 14% For Session; Hearing RBC Recently Suggesting Buying Stock, Said Pfizer Data Removed An Overhang",3,increase,0.75,0.6,,146,33,2.0,2019-06-28,21936.0,-0.2532825572416186,1.0387829504907131,-0.0461690861464414,-1.3157886510564154,1.023490633815527,-0.7541088156927445,-0.7541088156927445
8096,PFIZER INC,Pfizer Presents Initial Preclinical Data On Phase 1b Gene Therapy Study For Duchenne Muscular Dystrophy At Annual Parent Project Muscular Dystrophy Connect Conference,3,increase,0.75,0.6,,154,29,2.0,2019-06-28,21936.0,-0.2532825572416186,1.0387829504907131,-0.0461690861464414,-1.3157886510564154,1.023490633815527,-0.7541088156927445,-0.7541088156927445
8104,PFIZER INC,Pfizer Reports Received FDA Approval For ZIRABEV,3,increase,0.85,0.7,,131,33,2.0,2019-06-28,21936.0,-0.2532825572416186,1.0387829504907131,-0.0461690861464414,-1.3157886510564154,1.023490633815527,-0.7541088156927445,-0.7541088156927445
8112,PROCTER & GAMBLE CO,"Goldman Sachs Upgrades Procter & Gamble to Buy, Raises Price Target to $125",3,increase,0.85,0.7,,146,29,2.0,2019-06-28,18163.0,-0.1184161519631743,0.7660705130547285,4.012769175705033,5.316919002993781,0.0455622182926163,-1.7364862919021171,-2.270099762036049
8120,DAVE & BUSTERS ENTERTAINMENT INC,"Deutsche Bank Initiates Coverage On Dave & Buster's Enter with Hold Rating, Announces $42 Price Target",3,uncertain,0.6,0.2,,156,34,1.0,2019-06-28,15014.0,1.990929618477821,-1.0625161230564115,-0.8401287592469275,2.1250324016405697,1.1728686280548573,1.4055691991370578,0.0756589603519541
8128,P P G INDUSTRIES INC,"PPG Wins 5-Year $78M Contract To Supply Coatings, Technical Services To US Navy Military Sealift Command",3,increase,0.8,0.6,,150,29,2.0,2019-06-28,22509.0,0.707567250356078,1.6451016068458555,-0.2827538179233868,0.8568244112802104,0.311607914045453,-0.3268231341507777,-0.8639881369765678
8136,PROGRESS SOFTWARE CORP,Progress Software Trades Sharply Higher On Q2 Earnings,3,increase,0.85,0.7,,134,33,2.0,2019-06-28,76752.0,7.359088957309723,-5.502058193087578,-7.909217933238577,-4.676747228442569,1.9317623227834704,2.93894057667754,0.3953542966328882
8144,P T C THERAPEUTICS INC,"UPDATE: PTC Says Plans To Request Reexamination Of Procedure Within Next 2 Weeks, Sees New Examination Lasting ~4 Months",3,uncertain,0.6,0.3,,160,34,1.0,2019-06-28,13967.0,4.311545193195343,0.3777737030759454,-3.288887916383987,-3.0666690729622914,4.303672164678574,2.6653950603297893,2.0340603658891343
8152,P T C THERAPEUTICS INC,PTC Therapeutics Reports Negative EMA's CHMP Completed Review Of Proposed Indication Extension For Translarna; Co. Was Informed EMA Reps That EPAR Will Be Updated To Clarify Patients Who Start Translarna Not Required To Discontinue Treatment,3,decrease,0.75,0.6,,183,34,0.0,2019-06-28,13967.0,4.311545193195343,0.3777737030759454,-3.288887916383987,-3.0666690729622914,4.303672164678574,2.6653950603297893,2.0340603658891343
8160,QUALYS INC,"Nomura Initiates Coverage On Qualys with Buy Rating, Announces $108 Price Target",3,increase,0.8,0.6,,137,33,2.0,2019-06-28,13600.0,1.89562700688839,-0.6545701529830694,0.2296702917617965,4.065228231224882,2.790473587810993,-0.4890521741876985,-2.720545476147229
8168,REGENERON PHARMACEUTICALS INC,Regeneron Pharma Reports CHMP Recommended Approval Of Dupixent For Moderate To Severe Atopic Dermatitis In Adolescents,3,increase,0.8,0.6,,158,29,2.0,2019-06-28,76614.0,0.7499875966459513,1.1373793706297874,-3.2460074801272665,-4.7284305657616095,1.8323151394724848,-0.7126815264199116,-0.6014955735522132
8176,SHERWIN WILLIAMS CO,Sherwin-Williams 8-K Shows Will Recognize Charge Of ~$77M In Q2 Related To Loss Of Investment With DC Solar,3,decrease,0.8,0.6,,155,34,0.0,2019-06-28,36468.0,0.7784515619277954,0.656784838065505,0.9819110205172344,3.399591137326352,0.105666450690478,-1.8518091089750557,-2.4057842026762977
8184,SANOFI,Sanofi Reports CHMP Recommended Approval Of Dupixent For Moderate-To-Sever Atopic Dermatitis In Adolescents,3,increase,0.75,0.6,,143,33,2.0,2019-06-28,89475.0,0.3944361582398414,0.6933192256838083,-0.6470967195104094,-3.743930945230356,-0.1158819184638559,-0.896765201869798,-1.6879600439180908
8192,SIMON PROPERTY GROUP INC NEW,Simon To Make Strategic Investment In Allied Esports And Black Ridge Acquisition Corp.,3,increase,0.7,0.6,,140,33,2.0,2019-06-28,80100.0,-0.1062953611835837,-0.7010485511273146,2.8292465173202386,1.7776737132451317,0.414383364841342,-0.9660119611430428,-1.2960600311010206
8200,SIMON PROPERTY GROUP INC NEW,"Citigroup Maintains Buy on Simon Property Group, Lowers Price Target to $185",3,uncertain,0.6,0.3,,143,30,1.0,2019-06-28,80100.0,-0.1062953611835837,-0.7010485511273146,2.8292465173202386,1.7776737132451317,0.414383364841342,-0.9660119611430428,-1.2960600311010206
8208,SEQUANS COMMUNICATIONS S A,Sequans Reports Received NYSE Non-Compliance Notice For Minimum Average Share Price Requirement,3,decrease,0.8,0.6,,146,34,0.0,2019-06-28,12680.0,-1.111110113561153,4.494384676218033,8.213486858838138,6.707866453638167,1.4198788441717625,2.4007264383122173,2.272725092047878
8216,CONSTELLATION BRANDS INC,Mid-Afternoon Market Update: Crude Oil Down Over 2%; Highpower International Shares Spike Higher,3,uncertain,0.5,0.2,,147,34,1.0,2019-06-28,69796.0,4.6384334564208975,-0.4316066391766071,1.6045514313348883,0.8378154898654788,1.724139228463173,2.343672090725435,3.834278063552321
8224,CONSTELLATION BRANDS INC,Mid-Afternoon Market Update: Crude Oil Down Over 2%; Highpower International Shares Spike Higher,3,uncertain,0.5,0.2,,147,34,1.0,2019-06-28,69796.0,4.6384334564208975,-0.4316066391766071,1.6045514313348883,0.8378154898654788,1.724139228463173,2.343672090725435,3.834278063552321
8232,CONSTELLATION BRANDS INC,Why Is Constellation Brands Moving?,3,uncertain,0.6,0.3,,133,25,1.0,2019-06-28,69796.0,4.6384334564208975,-0.4316066391766071,1.6045514313348883,0.8378154898654788,1.724139228463173,2.343672090725435,3.834278063552321
8240,CONSTELLATION BRANDS INC,Why Is Constellation Brands Moving?,3,uncertain,0.6,0.3,,133,25,1.0,2019-06-28,69796.0,4.6384334564208975,-0.4316066391766071,1.6045514313348883,0.8378154898654788,1.724139228463173,2.343672090725435,3.834278063552321
8248,CONSTELLATION BRANDS INC,Constellation Brands shares trading higher after the company reported better-than-expected Q1 EPS and sales results and issued FY20 EPS guidance above analyst estimates.,3,increase,0.85,0.7,,155,33,2.0,2019-06-28,69796.0,4.6384334564208975,-0.4316066391766071,1.6045514313348883,0.8378154898654788,1.724139228463173,2.343672090725435,3.834278063552321
8256,CONSTELLATION BRANDS INC,Constellation Brands shares trading higher after the company reported better-than-expected Q1 EPS and sales results and issued FY20 EPS guidance above analyst estimates.,3,increase,0.85,0.7,,155,33,2.0,2019-06-28,69796.0,4.6384334564208975,-0.4316066391766071,1.6045514313348883,0.8378154898654788,1.724139228463173,2.343672090725435,3.834278063552321
8264,CONSTELLATION BRANDS INC,Constellation Brands Trades Higher On Q1 Earnings,3,increase,0.8,0.6,,135,33,2.0,2019-06-28,69796.0,4.6384334564208975,-0.4316066391766071,1.6045514313348883,0.8378154898654788,1.724139228463173,2.343672090725435,3.834278063552321
8272,CONSTELLATION BRANDS INC,Constellation Brands Trades Higher On Q1 Earnings,3,increase,0.8,0.6,,135,33,2.0,2019-06-28,69796.0,4.6384334564208975,-0.4316066391766071,1.6045514313348883,0.8378154898654788,1.724139228463173,2.343672090725435,3.834278063552321
8280,CONSTELLATION BRANDS INC,Constellation Brands Earlier Gave Guidance: Sees FY20 Adj. EPS $8.65-$8.95 vs $8.57 Estimate,3,increase,0.75,0.6,,155,33,2.0,2019-06-28,69796.0,4.6384334564208975,-0.4316066391766071,1.6045514313348883,0.8378154898654788,1.724139228463173,2.343672090725435,3.834278063552321
8288,CONSTELLATION BRANDS INC,Constellation Brands Earlier Gave Guidance: Sees FY20 Adj. EPS $8.65-$8.95 vs $8.57 Estimate,3,increase,0.75,0.6,,155,33,2.0,2019-06-28,69796.0,4.6384334564208975,-0.4316066391766071,1.6045514313348883,0.8378154898654788,1.724139228463173,2.343672090725435,3.834278063552321
8296,CONSTELLATION BRANDS INC,"Constellation Brands Q1 Adj. EPS $2.2 Beats $2.06 Estimate, Sales $2.097B Beat $2.06B Estimate",3,increase,0.85,0.7,,158,33,2.0,2019-06-28,69796.0,4.6384334564208975,-0.4316066391766071,1.6045514313348883,0.8378154898654788,1.724139228463173,2.343672090725435,3.834278063552321
8304,CONSTELLATION BRANDS INC,"Constellation Brands Q1 Adj. EPS $2.2 Beats $2.06 Estimate, Sales $2.097B Beat $2.06B Estimate",3,increase,0.85,0.7,,158,33,2.0,2019-06-28,69796.0,4.6384334564208975,-0.4316066391766071,1.6045514313348883,0.8378154898654788,1.724139228463173,2.343672090725435,3.834278063552321
8312,TEVA PHARMACEUTICAL INDS LTD,Teva Shares Tick Lower On Spike In Volume; Hearing CBS Show 'Whistleblowers' Will Feature An Undercover Pharma Salesperson,3,decrease,0.75,0.6,,161,34,0.0,2019-06-28,75652.0,1.651978120207787,0.975083000957966,-0.650048246982704,-7.258929050045449,2.137228101491928,3.0646935118689766,10.060605595005988
8320,TUPPERWARE BRANDS CORP,"Citigroup Maintains Neutral on Tupperware Brands, Lowers Price Target to $20",3,decrease,0.75,0.6,,148,34,0.0,2019-06-28,83462.0,-0.9370036423206328,-2.364691346883774,-1.8917530395390123,-6.253286610018261,-2.139582671225071,0.5232782995088447,-0.5178683432403686
8328,TEXAS ROADHOUSE INC,"Deutsche Bank Initiates Coverage On Texas Roadhouse with Hold Rating, Announces $56 Price Target",3,uncertain,0.6,0.3,,143,30,1.0,2019-06-28,90427.0,-1.378169842064381,-1.0061433538794518,0.9502555050314498,-1.4533236263233107,2.582467347383499,2.48587515767853,4.093342389944521
8336,UNITIL CORP,Janney Capital Downgrades Unitil to Neutral,3,decrease,0.8,0.6,,132,34,0.0,2019-06-28,67360.0,0.1672494923695922,-0.2838506828993559,0.4007374768250971,-1.0686247889146294,-0.4329697228968143,-2.0478374980176683,-2.4155370708960566
8344,WALGREENS BOOTS ALLIANCE INC,A Walgreens Analyst's Takeaways From Q3 Earnings,3,uncertain,0.6,0.3,,142,34,1.0,2019-06-28,19502.0,0.2751241903752089,-0.0365769956260919,1.3901630757937822,2.2315735392460123,4.08552773296833,2.965060863289315,4.947063860667522
8352,WALGREENS BOOTS ALLIANCE INC,"JP Morgan Maintains Overweight on Walgreens Boots Alliance, Lowers Price Target to $73",3,decrease,0.7,0.5,,150,34,0.0,2019-06-28,19502.0,0.2751241903752089,-0.0365769956260919,1.3901630757937822,2.2315735392460123,4.08552773296833,2.965060863289315,4.947063860667522
8360,WESTERN DIGITAL CORP,"Benchmark Analyst Mark Miller Tells Benzinga Strength In Western Digital Is Tied To Jun. 15 Power Outage At Japanese Wafer Fab, Which Is Expected To Cut NAND Output And Could Stabilize NAND Prices; Says Thinks Impact Is 'Overstated'",3,increase,0.7,0.6,,176,33,2.0,2019-06-28,66384.0,6.734006851911545,4.416408762335777,4.879074369021397,14.910621177768558,2.154196798801422,9.610707930707418,9.79771051786782
8368,WESTERN DIGITAL CORP,"Western Digital shares are trading higher, potentially due to June 15th power outage at Japanese wafer fab which is expected to cut NAND output and possible stabilize NAND prices.",3,increase,0.75,0.6,,156,33,2.0,2019-06-28,66384.0,6.734006851911545,4.416408762335777,4.879074369021397,14.910621177768558,2.154196798801422,9.610707930707418,9.79771051786782
8376,WENDYS CO,"JP Morgan Maintains Overweight on Wendy's, Raises Price Target to $21",3,increase,0.8,0.6,,138,29,2.0,2019-06-28,19828.0,0.4617760423570871,-2.196120098233223,0.4085797830374327,-1.7875402928844597,-0.0512832251843065,0.1027244920604353,1.7754578106264909
8384,YUM BRANDS INC,"JP Morgan Maintains Neutral on Yum Brands, Raises Price Target to $102",3,uncertain,0.6,0.2,,139,30,1.0,2019-06-28,85348.0,0.0994940404780209,-1.066233217716217,-0.5602196443479146,1.1385218340487446,0.3995594102889299,0.2266340533447541,-0.0903723927170196
8392,ABBVIE INC,"AbbVie shares are trading higher, rebounding after dipping on Monday following the announcement that the company will acquire Allergan for $60 billion. SVB Leerink upgraded the stock from Market Perform to Outperform.",3,increase,0.8,0.6,,163,29,2.0,2019-06-26,13721.0,3.500765934586525,2.9411764815449715,10.235292979183486,4.764703016073657,-16.252391040325165,-16.603201701609827,-16.13479736688698
8400,ABBVIE INC,SVB Leerink Upgrades AbbVie to Outperform,3,increase,0.85,0.7,,133,33,2.0,2019-06-26,13721.0,3.500765934586525,2.9411764815449715,10.235292979183486,4.764703016073657,-16.252391040325165,-16.603201701609827,-16.13479736688698
8408,A E C O M,AECOM Wins Contract With US Department Of State To Provide Diplomatic Platform Support Services; Contract Ceiling Is $6B Over 5-Yr Period,3,increase,0.8,0.6,,153,33,2.0,2019-06-26,91975.0,0.7652330677956343,1.491725631058216,1.6002174172170536,-0.5153204506111564,0.1368342549540102,-0.0273178218109904,-0.3811581712109602
8416,ACCENTURE PLC IRELAND,A Preview Of Accenture's Q3 Earnings,3,uncertain,0.6,0.3,,137,25,1.0,2019-06-26,89071.0,-0.859922356903553,-0.1691111014224589,4.178715696667101,6.197152783090498,-0.6501567550003529,-0.3556820862570919,-0.8685451108889963
8424,ACCENTURE PLC IRELAND,Accenture Will Acquire Australian Cybersecurity Firm BCT Solutions,3,increase,0.75,0.6,,139,24,2.0,2019-06-26,89071.0,-0.859922356903553,-0.1691111014224589,4.178715696667101,6.197152783090498,-0.6501567550003529,-0.3556820862570919,-0.8685451108889963
8432,ACCENTURE PLC IRELAND,Accenture to Acquire Privately Held BCT Solutions,3,increase,0.75,0.6,,138,24,2.0,2019-06-26,89071.0,-0.859922356903553,-0.1691111014224589,4.178715696667101,6.197152783090498,-0.6501567550003529,-0.3556820862570919,-0.8685451108889963
8440,ACASTI PHARMA INC,Acasti Pharma Trades Higher Despite 'Material Uncertainty',3,uncertain,0.6,0.3,,139,34,1.0,2019-06-26,13750.0,14.2857238650322,-9.166667610406876,13.33332958937261,16.666659341582402,3.960392251610756,4.999995182683303,3.960392264331647
8448,ACASTI PHARMA INC,Acasti Pharma Says There Exists A Material Uncertainty About Co.'s Ability To Continue As A Going Concern.,3,decrease,0.85,0.7,,150,34,0.0,2019-06-26,13750.0,14.2857238650322,-9.166667610406876,13.33332958937261,16.666659341582402,3.960392251610756,4.999995182683303,3.960392264331647
8456,ACASTI PHARMA INC,"H.C. Wainwright Initiates Coverage On Acasti Pharma with Buy Rating, Announces $6 Price Target",3,increase,0.75,0.6,,151,29,2.0,2019-06-26,13750.0,14.2857238650322,-9.166667610406876,13.33332958937261,16.666659341582402,3.960392251610756,4.999995182683303,3.960392264331647
8464,ACASTI PHARMA INC,Acasti Pharma shares are trading higher on continued strength after a bullish blog post was published on Seeking Alpha on Tuesday.,3,increase,0.75,0.6,,151,29,2.0,2019-06-26,13750.0,14.2857238650322,-9.166667610406876,13.33332958937261,16.666659341582402,3.960392251610756,4.999995182683303,3.960392264331647
8472,ARCHER DANIELS MIDLAND CO,"Stifel Maintains Buy on Archer-Daniels Midland, Lowers Price Target to $51",3,decrease,0.7,0.3,,149,30,0.0,2019-06-26,10516.0,0.1979263499379158,0.1728387549519539,3.3827133857171843,3.0370358886190107,-0.761113129556179,-1.6066300778455167,-2.130753260043794
8480,A M C ENTERTAINMENT HOLDINGS INC,UPDATE: B. Riley FBR Continues 'to believe that AMC is well positioned to take advantage of a box office environment tilting towards a blockbuster-heavy world'; 'with the 8.4% dividend yield paying investors to wait from the current entry point',3,increase,0.75,0.6,,184,33,2.0,2019-06-26,14328.0,-0.3164528869092464,0.4232800099998712,-3.703697730848676,-1.999526100249227e-08,-5.294711887836456,-10.566045098967091,-13.26624613064551
8488,A M C ENTERTAINMENT HOLDINGS INC,"B. Riley FBR Reiterates Buy, $20 Tgt On AMC Entertainment As Firm Believes 'underperformance of a handful of films has created additional weakness for AMC shares with the misunderstanding and concerns associated with the balance sheet presentation shift'",3,increase,0.7,0.5,,180,29,2.0,2019-06-26,14328.0,-0.3164528869092464,0.4232800099998712,-3.703697730848676,-1.999526100249227e-08,-5.294711887836456,-10.566045098967091,-13.26624613064551
8496,ASIA PACIFIC WIRE & CBLE CORP LT,"Asia Pacific Wire & Cable Q1 EPS $(0.05) Down From $0.01 YoY, Sales $81.6M Down From $106.076M YoY",3,decrease,0.85,0.7,,175,34,0.0,2019-06-26,84650.0,-2.4830622598528858,-2.314823493361473,-2.314823493382978,-5.555561061791748,1.6054974868893623,-0.6726505244896708,0.6818120402771743
8504,ATHERSYS INC,"'$ATHX is using the story of a stroke survivor to promote the development of an experimental stem cell therapy. But by doing so, the company has obscured the treatment's clinical trial failure' -STAT's Adam Feuerstein",3,decrease,0.8,0.7,,167,34,0.0,2019-06-26,92456.0,-4.624279960989952,-4.848480224609375,-0.6060597138278001,-3.0302998859147112,-1.1428560130298138,-1.7045437954698706,-3.888885305589085
8512,ANGLOGOLD ASHANTI LTD,RBC Capital Upgrades Anglogold Ashanti to Outperform,3,increase,0.8,0.6,,141,33,2.0,2019-06-26,86341.0,2.546288259327412,0.8465097285807133,0.3950429893052609,1.805878392787652,-2.702700160443783,1.1709646855727396,1.706891836043023
8520,BROADCOM INC,Broadcom Says Believes EC Action Will Not Have Material Impact on its Set-top Box or Broadband Modem Businesses; Believes it Complies With European Competition Rules and That Commission's Concerns Are Without Merit,3,uncertain,0.6,0.3,,163,34,1.0,2019-06-26,93002.0,1.7829345539212231,1.517193391919136,1.225843079298028,-1.911598917352153,-0.9634679183363914,0.9197487453963982,0.0481617513147236
8528,ALIBABA GROUP HOLDING LTD,Alibaba Group Holding Option Alert: Jul 19 $180 Calls Sweep (16) near the Ask: 538 @ $2.63 vs 15566 OI; Earnings 8/22 Before Open [est] Ref=$170.925,3,increase,0.7,0.6,,177,33,2.0,2019-06-26,14888.0,1.924006268382072,1.1302375234663486,3.3611413080467,-1.443873658251249,-1.36823495849967,-1.0444643205302917,-1.456164600403953
8536,BAXTER INTERNATIONAL INC,"Baxter Investors 'Know What They're Getting,' KeyBanc Says",3,increase,0.7,0.6,,138,33,2.0,2019-06-26,27887.0,-1.358131133019924,1.302400603890419,1.7985572320236454,2.369134160456432,-0.6563672330230474,-0.8251429301311286,-0.3778614731287488
8544,BAXTER INTERNATIONAL INC,"UPDATE: KeyBanc Initiates Coverage On Baxter With Sector Weight, Notes 'We do not see obvious new catalysts that would materially drive upside to its LT targets'",3,decrease,0.7,0.5,,156,34,0.0,2019-06-26,27887.0,-1.358131133019924,1.302400603890419,1.7985572320236454,2.369134160456432,-0.6563672330230474,-0.8251429301311286,-0.3778614731287488
8552,BAXTER INTERNATIONAL INC,"Wells Fargo Maintains Outperform on Baxter International, Raises Price Target to $91",3,increase,0.75,0.6,,141,33,2.0,2019-06-26,27887.0,-1.358131133019924,1.302400603890419,1.7985572320236454,2.369134160456432,-0.6563672330230474,-0.8251429301311286,-0.3778614731287488
8560,BAXTER INTERNATIONAL INC,KeyBanc Initiates Coverage On Baxter International with Sector Weight Rating,3,uncertain,0.6,0.2,,137,34,1.0,2019-06-26,27887.0,-1.358131133019924,1.302400603890419,1.7985572320236454,2.369134160456432,-0.6563672330230474,-0.8251429301311286,-0.3778614731287488
8568,BANK OF NEW YORK MELLON CORP,"UBS Maintains Neutral on Bank of New York Mellon, Lowers Price Target to $45",3,decrease,0.75,0.6,,151,30,0.0,2019-06-26,49656.0,-0.7137954700738192,0.6261606235057116,3.5250474275706933,1.229134111788288,0.8124384097754955,0.0460734113090666,0.7189271622693338
8576,B O S BETTER ONLINE SOLNS LTD,B.O.S Receives An $870K Order For Robotic System From A US Manufacturer,3,increase,0.8,0.6,,150,33,2.0,2019-06-26,83486.0,6.7924462258815765,0.0,-2.120139362998952,-2.826852521703993,-1.851850003004074,3.921574262865679,1.5325746938322782
8584,BOSTON SCIENTIFIC CORP,UPDATE: Boston Scientific Sees Double-Digit Adj. EPS Growth Through 2019-2022 Period,3,increase,0.85,0.7,,151,29,2.0,2019-06-26,77605.0,-0.7909919135272503,1.304665207862854,2.995896886149118,4.373040372830195,-0.6903049536049366,0.0719659530133531,-0.3344466603597551
8592,BOSTON SCIENTIFIC CORP,"Boston Scientific, At Investor Day Wed., Will Highlight Plans To Launch ~75 New Products By 2022, Sees Moderate-, High-Growth Markets Reaching ~80% Of Sales By 2022, Sees Compound Annual Growth Rate Through 2022 6-9%",3,increase,0.8,0.6,,186,29,2.0,2019-06-26,77605.0,-0.7909919135272503,1.304665207862854,2.995896886149118,4.373040372830195,-0.6903049536049366,0.0719659530133531,-0.3344466603597551
8600,CONAGRA BRANDS INC,Q4 Earnings Outlook For ConAgra Foods,3,uncertain,0.6,0.3,,135,34,1.0,2019-06-26,56274.0,0.1384593895636499,-12.098167836666107,-2.3159352816578105,-5.012100706005784,2.8113843873143196,0.5919223343791247,-1.0616485213304938
8608,CAREDX INC,CareDx Receives New Transplant Patent Entitled 'Non-invasive diagnosis of graft rejection in organ transplant patients',3,increase,0.8,0.6,,141,33,2.0,2019-06-26,14797.0,-2.61162668466568,3.7197258323431015,4.6424469953206815,15.570938320428551,4.031554609537125,-6.363392745278751,-6.780105025760241
8616,CONOCOPHILLIPS,ConocoPhillips shares are trading higher after Mizuho upgraded the stock from Neutral to Buy and raised the price target from $74 to $80.,3,increase,0.85,0.7,,156,33,2.0,2019-06-26,13928.0,4.985778033733368,-2.3585649207234383,-3.5856571787167613,-2.0557781657883467,-1.2392597272992134,-0.9282303091082688,-1.5321256685759677
8624,CONOCOPHILLIPS,"Mizuho Upgrades ConocoPhillips to Buy, Raises Price Target to $80",3,increase,0.85,0.7,,144,33,2.0,2019-06-26,13928.0,4.985778033733368,-2.3585649207234383,-3.5856571787167613,-2.0557781657883467,-1.2392597272992134,-0.9282303091082688,-1.5321256685759677
8632,TEUCRIUM COMMODITY TRUST,"Wet Spring Reduces Crop, Raises Corn Prices: 'It's Hard To Get Your Head Around Just How Bad It Is'",3,increase,0.8,0.7,,153,33,2.0,2019-06-26,93424.0,-0.5847975611686708,-0.5882375407963991,-1.4117633460760226,-0.58823748940392,-0.1168251037597656,0.4700348078317429,-0.4076860529886761
8640,CORMEDIX INC,CorMedix Inc. Set To Join the Russell 2000 Index,3,increase,0.8,0.6,,138,33,2.0,2019-06-26,93371.0,-0.1297046546824276,-2.07792017608881,20.389619112349312,21.6883129364831,-0.772200059145689,-3.2622302953432714,-2.1573613229261768
8648,CYBERARK SOFTWARE LTD,CyberArk Software 6-K Shows Co. Delayed Annual General Meeting Of Shareholders To Give Shareholders More Time To Vote On Proposals,3,uncertain,0.6,0.3,,152,34,1.0,2019-06-26,14928.0,-1.0253935120999809,2.82476544380188,4.702547410305691,6.556042704086251,-1.8014481291174889,-1.077740371311342,-5.0433626104229194
8656,DILLARDS INC,MoxReports Posts Additional Tweet Supporting Its Bull Thesis On Dillard's,3,increase,0.75,0.6,,136,33,2.0,2019-06-26,49429.0,0.7250998169183731,-1.4557644724845886,-0.8628986005436601,0.7073992102637705,5.239952728152275,2.9870613818064884,4.197448013275018
8664,QUEST DIAGNOSTICS INC,This Day In Market History: First Draft Of Human Genome Completed,3,uncertain,0.6,0.2,,138,34,1.0,2019-06-26,84373.0,-1.296642143279314,0.8122718892991543,4.261933349814506,4.323335854876897,0.1288377097807824,-0.2468404369995847,0.6876644037944857
8672,DARDEN RESTAURANTS INC,"Darden Restaurant shares are trading lower, but not seeing any news to justify the price action.",3,decrease,0.7,0.5,,148,34,0.0,2019-06-26,81655.0,-2.541820146143436,1.2748926877975464,1.4165459983204176,2.66494864145721,0.9427014738321304,1.5755142782009068,3.766749269446601
8680,EBAY INC,Sneakers As An Asset Class: 'The New Wave Of E-Commerce' Or A Bubble?,3,increase,0.75,0.6,,138,33,2.0,2019-06-26,86356.0,0.4613026510924101,0.2295922255143523,1.7857162047545394,1.0204023873704229,-1.7375942319631577,-2.5717823819596863,-2.254503489578241
8688,EBAY INC,eBay Has Launched New Payments API Capabilities,3,increase,0.75,0.6,,130,33,2.0,2019-06-26,86356.0,0.4613026510924101,0.2295922255143523,1.7857162047545394,1.0204023873704229,-1.7375942319631577,-2.5717823819596863,-2.254503489578241
8696,EBAY INC,"StockX Reaches $1B Valuation, Latest VC Funding Round The Largest Ever For A Michigan Company",3,uncertain,0.6,0.3,,141,34,1.0,2019-06-26,86356.0,0.4613026510924101,0.2295922255143523,1.7857162047545394,1.0204023873704229,-1.7375942319631577,-2.5717823819596863,-2.254503489578241
8704,EBAY INC,eBay Announces July 15 Crash Sale,3,decrease,0.7,0.5,,128,34,0.0,2019-06-26,86356.0,0.4613026510924101,0.2295922255143523,1.7857162047545394,1.0204023873704229,-1.7375942319631577,-2.5717823819596863,-2.254503489578241
8712,ELDORADO GOLD CORP NEW,JP Morgan Upgrades Eldorado Gold to Neutral,3,increase,0.75,0.6,,139,33,2.0,2019-06-26,89648.0,4.58715595304966,0.877196341753006,9.473683682264312,18.421056388571458,-0.728596793487668,0.3683238143099343,6.653613992612284
8720,ELLOMAY CAPITAL LTD,Ellomay Capital shares are trading higher after the company reported Q1 sales are up 56% since last year.,3,increase,0.85,0.7,,149,33,2.0,2019-06-26,82511.0,3.49586121737957,-3.8666702806949615,11.787558852548274,8.093329296942176,0.6481453310698271,6.048779493049672,3.523808505707726
8728,ELLOMAY CAPITAL LTD,Ellomay Capital Reports Q1 Sales Up 56% YoY,3,increase,0.85,0.7,,140,33,2.0,2019-06-26,82511.0,3.49586121737957,-3.8666702806949615,11.787558852548274,8.093329296942176,0.6481453310698271,6.048779493049672,3.523808505707726
8736,ALPS E T F TRUST,Low Leverage In Midstream Space Benefits This ETF,3,increase,0.75,0.6,,136,33,2.0,2019-06-26,14265.0,0.8688475005328655,-0.1379291294142604,2.5451298314843607,4.548860549468792,-1.1974158696830273,-2.213795370933014,-1.7591855515742494
8744,ERICSSON,Ericsson to Build Company's First Smart Factory in the U.S.,3,increase,0.75,0.6,,134,33,2.0,2019-06-26,33452.0,-1.440332736819983,0.1043865224346518,1.0438452613934723,-1.1482218994368631,-1.6194315627217293,-2.5075224421102216,-3.187247895256995
8752,ELBIT SYSTEMS LTD,Elbit Systems Highlights US Appeals Court Affirmed Patent Infringement Judgment Of ~$30M In Favor Of Co. Against Hughes Network,3,increase,0.75,0.6,,151,29,2.0,2019-06-26,84207.0,-1.534081902354956,-0.0805925519671291,-1.242365272181345,3.955408768351054,-2.951938658952713,-3.858873006780617,-5.220607943122635
8760,ELBIT SYSTEMS LTD,Elbit Systems Wins $26M Contract From US Customs And Border Protection To Install Integrated Fixed Towers,3,increase,0.75,0.6,,143,29,2.0,2019-06-26,84207.0,-1.534081902354956,-0.0805925519671291,-1.242365272181345,3.955408768351054,-2.951938658952713,-3.858873006780617,-5.220607943122635
8768,ELBIT SYSTEMS LTD,Elbit Systems U.S. Subsidiary Awarded Additional $26M Contract to Provide Integrated Fixed Towers System in Arizona,3,increase,0.75,0.6,,148,29,2.0,2019-06-26,84207.0,-1.534081902354956,-0.0805925519671291,-1.242365272181345,3.955408768351054,-2.951938658952713,-3.858873006780617,-5.220607943122635
8776,ESPERION THERAPEUTICS INC NEW,"Esperion Shares Now Open For Trade, But Not Yet Seeing Updated Last Price",3,uncertain,0.5,0.1,,149,34,1.0,2019-06-26,13954.0,-0.7753463927656412,0.4112703260034323,-2.9200122887365954,-3.8659284318442455,0.7606885861605406,-3.00811511367729,-3.0273103264684353
8784,ESPERION THERAPEUTICS INC NEW,Esperion Shares To Resume Trade At 4:40 p.m. EDT,3,uncertain,0.5,0.5,,149,34,1.0,2019-06-26,13954.0,-0.7753463927656412,0.4112703260034323,-2.9200122887365954,-3.8659284318442455,0.7606885861605406,-3.00811511367729,-3.0273103264684353
8792,ESPERION THERAPEUTICS INC NEW,Esperion Says Initial Mid-Single Digit Repayment Rate On US Sales To Step Down To Less Than 1% Upon Certain Sales Milestones,3,decrease,0.75,0.6,,162,30,0.0,2019-06-26,13954.0,-0.7753463927656412,0.4112703260034323,-2.9200122887365954,-3.8659284318442455,0.7606885861605406,-3.00811511367729,-3.0273103264684353
8800,ESPERION THERAPEUTICS INC NEW,Esperion Has Reacquired 100% Of Sales Rights Upon Repayment Completion,3,increase,0.75,0.6,,150,33,2.0,2019-06-26,13954.0,-0.7753463927656412,0.4112703260034323,-2.9200122887365954,-3.8659284318442455,0.7606885861605406,-3.00811511367729,-3.0273103264684353
8808,ESPERION THERAPEUTICS INC NEW,"UPDATE: Esperion To Receive $125M Upfront Payment, $25M Upon FDA Approval, $50M At Esperion's Option After Launch",3,increase,0.8,0.6,,164,33,2.0,2019-06-26,13954.0,-0.7753463927656412,0.4112703260034323,-2.9200122887365954,-3.8659284318442455,0.7606885861605406,-3.00811511367729,-3.0273103264684353
8816,ESPERION THERAPEUTICS INC NEW,Esperion Reports $200M Funding Deal With Oberland,3,increase,0.75,0.6,,145,33,2.0,2019-06-26,13954.0,-0.7753463927656412,0.4112703260034323,-2.9200122887365954,-3.8659284318442455,0.7606885861605406,-3.00811511367729,-3.0273103264684353
8824,ISHARES INC,"Senate Approves Amendment To Advance Its Own Version Of Border Aid Funding, Clearing Way For Passage Of Bill",3,uncertain,0.5,0.2,,143,29,1.0,2019-06-26,83223.0,0.5914516281336546,-1.5151559375226498,-0.5427446293962523,-1.4925369337482564,-0.2722385339438915,-0.2496043000716485,-1.3686350091520416
8832,ISHARES INC,US Senate Defeats House-Passed Border Aid Bill Opposed By Trump,3,uncertain,0.6,0.3,,137,34,1.0,2019-06-26,83223.0,0.5914516281336546,-1.5151559375226498,-0.5427446293962523,-1.4925369337482564,-0.2722385339438915,-0.2496043000716485,-1.3686350091520416
8840,ISHARES INC,"Trump Says Wants Strong Laws On Border, Wall Is Being Built",3,uncertain,0.4,0.2,,134,34,1.0,2019-06-26,83223.0,0.5914516281336546,-1.5151559375226498,-0.5427446293962523,-1.4925369337482564,-0.2722385339438915,-0.2496043000716485,-1.3686350091520416
8848,ISHARES INC,Moon Says Kim Jong Un Wants 'Economic Development Instead of Nuclear Arsenal,3,uncertain,0.6,0.3,,135,34,1.0,2019-06-26,88214.0,0.928895827382803,0.5856798961758614,-2.643905759379672,-3.848727202561209,-0.4539348650723696,-0.2526979838269438,-0.7043467555833072
8856,ISHARES INC,"South Korean President Moon Says U.S., N. Korea Have Been Engaged in Talks for Third Trump-Kim Summit",3,uncertain,0.6,0.3,,145,34,1.0,2019-06-26,88214.0,0.928895827382803,0.5856798961758614,-2.643905759379672,-3.848727202561209,-0.4539348650723696,-0.2526979838269438,-0.7043467555833072
8864,EXTREME NETWORKS INC,Extreme Networks To Acquire Aerohive Networks For $272M,3,increase,0.75,0.6,,138,33,2.0,2019-06-26,86822.0,4.537517577409744,3.5058438777923584,8.84808422690153,11.686149023516856,1.595747470855713,0.1748292663465767,-1.2068994153261126
8872,EXTREME NETWORKS INC,Extreme Networks To Acquire Aerohive Networks For $4.45/Share In Cash,3,increase,0.8,0.6,,143,33,2.0,2019-06-26,86822.0,4.537517577409744,3.5058438777923584,8.84808422690153,11.686149023516856,1.595747470855713,0.1748292663465767,-1.2068994153261126
8880,FACTSET RESEARCH SYSTEMS INC,"UPDATE: Morgan Stanley Maintains Equal-Weight On FactSet, Notes 'Annual Subscription Value growth was underwhelming in the quarter and Annual Subscription Value guidance was lowered, signifying challenging future growth'",3,decrease,0.85,0.7,,167,30,0.0,2019-06-26,83597.0,1.430319529026747,-1.354848500341177,2.326067498731832,1.7765231083924249,-2.754572220146656,-4.304209269949199,-5.314349466027169
8888,FACTSET RESEARCH SYSTEMS INC,"Bank of America Maintains Neutral on FactSet Research Systems, Raises Price Target to $300",3,increase,0.7,0.5,,146,33,2.0,2019-06-26,83597.0,1.430319529026747,-1.354848500341177,2.326067498731832,1.7765231083924249,-2.754572220146656,-4.304209269949199,-5.314349466027169
8896,FACTSET RESEARCH SYSTEMS INC,"UBS Maintains Sell on FactSet Research Systems, Raises Price Target to $233",3,decrease,0.75,0.5,,145,34,0.0,2019-06-26,83597.0,1.430319529026747,-1.354848500341177,2.326067498731832,1.7765231083924249,-2.754572220146656,-4.304209269949199,-5.314349466027169
8904,FACTSET RESEARCH SYSTEMS INC,"Stifel Nicolaus Maintains Hold on FactSet Research Systems, Raises Price Target to $242",3,uncertain,0.6,0.2,,147,34,1.0,2019-06-26,83597.0,1.430319529026747,-1.354848500341177,2.326067498731832,1.7765231083924249,-2.754572220146656,-4.304209269949199,-5.314349466027169
8912,FEDEX CORP,Commentary: Attempt To Protect Chinese Market Share Is Basis Of FedEx Lawsuit Against U.S. Department Of Commerce,3,uncertain,0.6,0.3,,145,34,1.0,2019-06-26,60628.0,2.525966428220272,2.119809575378895,0.937969057623933,1.6758429649715412,-3.0577989295125008,-5.6667735358817195,-7.066372911534491
8920,FEDEX CORP,A Top Technical Analyst's Take On FedEx And A New Trade Deal,3,increase,0.75,0.6,,136,33,2.0,2019-06-26,60628.0,2.525966428220272,2.119809575378895,0.937969057623933,1.6758429649715412,-3.0577989295125008,-5.6667735358817195,-7.066372911534491
8928,FEDEX CORP,"Credit Suisse Maintains Outperform on FedEx, Lowers Price Target to $175",3,decrease,0.7,0.4,,139,34,0.0,2019-06-26,60628.0,2.525966428220272,2.119809575378895,0.937969057623933,1.6758429649715412,-3.0577989295125008,-5.6667735358817195,-7.066372911534491
8936,FEDEX CORP,"Citigroup Maintains Buy on FedEx, Lowers Price Target to $180",3,uncertain,0.6,0.3,,138,34,1.0,2019-06-26,60628.0,2.525966428220272,2.119809575378895,0.937969057623933,1.6758429649715412,-3.0577989295125008,-5.6667735358817195,-7.066372911534491
8944,FEDEX CORP,"JP Morgan Maintains Neutral on FedEx, Lowers Price Target to $172",3,decrease,0.75,0.6,,138,34,0.0,2019-06-26,60628.0,2.525966428220272,2.119809575378895,0.937969057623933,1.6758429649715412,-3.0577989295125008,-5.6667735358817195,-7.066372911534491
8952,FEDEX CORP,"Raymond James Maintains Outperform on FedEx, Lowers Price Target to $190",3,uncertain,0.6,0.2,,140,34,1.0,2019-06-26,60628.0,2.525966428220272,2.119809575378895,0.937969057623933,1.6758429649715412,-3.0577989295125008,-5.6667735358817195,-7.066372911534491
8960,FEDEX CORP,"Commerce Secretary Ross, Asked About Lawsuit, Says FedEx CEO Has Misinterpreted Shipping Regulations Over Chinese Exports",3,uncertain,0.6,0.3,,145,34,1.0,2019-06-26,60628.0,2.525966428220272,2.119809575378895,0.937969057623933,1.6758429649715412,-3.0577989295125008,-5.6667735358817195,-7.066372911534491
8968,NATIONAL BEVERAGE CORP,"National Beverage FY19 EPS $3.02 Down From $3.21 YoY, Sales $1.014B Up From $975.734M YoY",3,decrease,0.75,0.5,,159,30,0.0,2019-06-26,76839.0,-2.177939377725124,4.358124360442162,7.910942736518711,-0.9947938844906634,-2.2644927725195885,-1.7080391733380162,-0.1850181076688661
8976,FLUOR CORP NEW,Fluor Option Alert: Jul 19 $33 Calls Sweep (43) near the Ask: 501 @ $1.35 vs 80 OI; Earnings 8/1 After Close [est] Ref=$32.715,3,increase,0.7,0.6,,174,33,2.0,2019-06-26,88853.0,2.208204194903374,1.728387363255024,-0.4629678547506843,-1.4814861568046012,1.8964966759085655,-1.1228965433911609,0.4754405455676291
8984,FULLER H B CO,H.B. Fuller Co shares are trading lower after the company reported worse-than-expected Q2 EPS and sales results; the company also cut FY19 EPS guidance.,3,decrease,0.85,0.7,,156,34,0.0,2019-06-26,37875.0,0.11140649439767,2.2479375824332237,4.2288038389602045,2.114401894851703,0.1338718691840767,0.6503720950288949,0.0222913680728131
8992,FULLER H B CO,"UPDATE: H.B. Fuller Cuts FY19 Adj. EPS Guidance From $3.15-$3.45 To $3.10-$3.30, Adj. EBITDA From $465M-$485M To $455M-$465M",3,decrease,0.85,0.7,,173,34,0.0,2019-06-26,37875.0,0.11140649439767,2.2479375824332237,4.2288038389602045,2.114401894851703,0.1338718691840767,0.6503720950288949,0.0222913680728131
9000,FULLER H B CO,H.B. Fuller Cuts Guidance,3,decrease,0.85,0.7,,130,34,0.0,2019-06-26,37875.0,0.11140649439767,2.2479375824332237,4.2288038389602045,2.114401894851703,0.1338718691840767,0.6503720950288949,0.0222913680728131
9008,FULLER H B CO,"H.B. Fuller Q2 Adj. EPS $0.88 Misses $0.89 Estimate, Sales $759.583M Miss $778M Estimate",3,decrease,0.75,0.6,,156,34,0.0,2019-06-26,37875.0,0.11140649439767,2.2479375824332237,4.2288038389602045,2.114401894851703,0.1338718691840767,0.6503720950288949,0.0222913680728131
9016,GREIF INC,Greif Announces Exploration Of Strategic Alternatives Including Potential Sale OF Consumer PAckaging Business And Related Mill Assets,3,uncertain,0.6,0.3,,140,34,1.0,2019-06-26,83233.0,-1.30158681422472,3.5702817142009735,10.03537772687002,7.976839969519167,0.6711380090564489,0.0953310927568118,-5.575541267834083
9024,GREIF INC,Greif Announces Exploration Of Strategic Alternatives Including Potential Sale OF Consumer PAckaging Business And Related Mill Assets,3,uncertain,0.6,0.3,,140,34,1.0,2019-06-26,83233.0,-1.30158681422472,3.5702817142009735,10.03537772687002,7.976839969519167,0.6711380090564489,0.0953310927568118,-5.575541267834083
9032,GENESIS ENERGY L P,Raymond James Downgrades Genesis Energy to Market Perform,3,decrease,0.75,0.6,,135,34,0.0,2019-06-26,84167.0,1.065799593925476,-0.3209522925317287,-0.32095226842066,5.135263243620947,-1.685652881860733,-1.640841307592611,-2.7927963623395
9040,GEO GROUP INC NEW,"The GEO Group Sees No Impact To Revolving Credit Facility Following BofA Decision To No Longer Extended Financing To Correctional, Rehab Service Providers",3,uncertain,0.6,0.3,,151,34,1.0,2019-06-26,80774.0,-4.22062836587429,3.9559386670589447,4.406615401586778,-5.007511397930897,-4.049697145819664,-5.184171944831062,-11.988181083723347
9048,GOLD FIELDS LTD NEW,Gold Fields shares are trading lower after RBC Capital downgraded the company's stock from Outperform to Sector Perform.,3,decrease,0.85,0.7,,145,34,0.0,2019-06-26,30796.0,-1.621624268591404,-0.7326000370085239,-5.128208619428742,-4.761908485282795,-1.245546154677868,3.738323136878874,2.7777794293511127
9056,GENERAL MILLS INC,"General Mills CEO Says Experienced Challenges In US Snacks, Which Held Back From Fully Realizing Our Top Line Ambitions",3,decrease,0.75,0.6,,144,34,0.0,2019-06-26,17144.0,-4.45065051317215,1.7735330387949944,5.905279133751096,5.344568028707886,0.0559019856154918,-0.1301835492570013,-0.5923726272755503
9064,GENERAL MILLS INC,General Mills Falls After Q4 Sales Miss,3,decrease,0.85,0.7,,130,34,0.0,2019-06-26,17144.0,-4.45065051317215,1.7735330387949944,5.905279133751096,5.344568028707886,0.0559019856154918,-0.1301835492570013,-0.5923726272755503
9072,GENERAL MILLS INC,General Mills shares are trading lower after the company reported worse-than-expected Q4 sales.,3,decrease,0.85,0.7,,139,34,0.0,2019-06-26,17144.0,-4.45065051317215,1.7735330387949944,5.905279133751096,5.344568028707886,0.0559019856154918,-0.1301835492570013,-0.5923726272755503
9080,GENERAL MILLS INC,"General Mills Q4 Adj. EPS $0.83 Beats $0.76 Estimate, Sales $4.16B Miss $4.25B Estimate",3,uncertain,0.6,0.3,,153,34,1.0,2019-06-26,17144.0,-4.45065051317215,1.7735330387949944,5.905279133751096,5.344568028707886,0.0559019856154918,-0.1301835492570013,-0.5923726272755503
9088,ALPHABET INC,Instagram's Mosseri On Deepfakes: 'If It Takes Too Long To Identify It...The Damage Is Done',3,uncertain,0.6,0.3,,145,34,1.0,2019-06-26,90319.0,-0.6675380282104015,-0.3415600629523396,3.94975991991815,5.901956117903873,-2.607683092355728,-3.3580102355409536,-2.3014729866907335
9096,G S K PLC,Liquidia Restructures Collaboration Agreement With GSK;  Amended Collaboration Agreement Provides The Company With The Right To Develop And Commercialize Three Additional PRINT-Based Therapeutics Delivered Via Inhalation,3,increase,0.75,0.6,,160,33,2.0,2019-06-26,75064.0,-1.230617705732584,-0.4236281383782625,2.9902834097683684,1.9935190474384743,0.0985486898571252,0.8939672263698517,0.5444227125569023
9104,G S K PLC,Genocea Biosciences Shares Spike Higher On Uptick In Volume Amid Filing Showing GlaxoSmithKline Purchased ~1.86M Shares Of Co.'s Common Stock,3,increase,0.75,0.6,,157,33,2.0,2019-06-26,75064.0,-1.230617705732584,-0.4236281383782625,2.9902834097683684,1.9935190474384743,0.0985486898571252,0.8939672263698517,0.5444227125569023
9112,HARTFORD FINANCIAL SVCS GRP INC,"B. Riley Maintains Buy on Hartford Financial Servs, Raises Price Target to $69",3,increase,0.8,0.6,,154,29,2.0,2019-06-26,82775.0,-2.052467875182629,0.9475226514041424,4.154516529211172,3.6078707319127767,0.6105228327214718,0.5563488071790079,0.7190323663213594
9120,H S B C HOLDINGS PLC,How Brands Can Benefit From Pride Month When Making A Genuine Effort,3,increase,0.75,0.6,,141,33,2.0,2019-06-26,87033.0,0.4392393864691256,0.6073858123272657,2.2837672859241653,1.311955543944121,-0.1948412740603089,-0.2919682113451505,-1.6086481707837552
9128,INOVIO PHARMACEUTICALS INC,Inovio Pharmaceuticals shares are trading higher after the company announced the completion of enrollment in its VGX-3100 phase 3 trial for the treatment of HPV-related Cervical Pre-Cancer.,3,increase,0.75,0.6,,172,29,2.0,2019-06-26,86444.0,19.84127014875412,-3.3112552016973495,-0.3311254873663238,-2.980129683960875,4.132227227091789,-3.816790698395734,-5.263161950621297
9136,INOVIO PHARMACEUTICALS INC,Inovio Reports Completion Of Enrollment Of VGX-3100 Phase 3 Trial (REVEAL 1) For Treatment Of HPV-Related Cervical Pre-Cancer,3,increase,0.75,0.6,,169,29,2.0,2019-06-26,86444.0,19.84127014875412,-3.3112552016973495,-0.3311254873663238,-2.980129683960875,4.132227227091789,-3.816790698395734,-5.263161950621297
9144,ILLINOIS TOOL WORKS INC,"Northcoast Research Downgrades Illinois Tool Works to Sell, Announces $121 Price Target",3,decrease,0.85,0.7,,148,34,0.0,2019-06-26,56573.0,-0.4972815047949553,0.0066598964622244,0.6909046662798346,-1.4758688899922825,-0.8089415729045868,-0.7305899823444428,-0.8936689307249446
9152,JOHNSON & JOHNSON,Morphic Holding IPO: What You Need To Know,3,uncertain,0.5,0.2,,134,34,1.0,2019-06-26,22111.0,-1.656960137188435,-0.8177678100764751,0.2044365434832995,-1.2266517496653415,0.8248343132436275,1.5131319879349237,1.4274655203111442
9160,K B HOME,KB Home shares are trading higher after the company reported better-than-expected Q2 EPS and sales results.,3,increase,0.85,0.7,,140,33,2.0,2019-06-26,70092.0,-1.217460166662931,7.904796302318573,13.00467196129822,9.81725176798669,-2.6563122868537903,-3.2493951983840863,-6.62485509987083
9168,K B HOME,"KB Home Q2 EPS $0.51 Beats $0.4 Estimate, Sales $1.02B Beat $936.35M Estimate",3,increase,0.8,0.6,,149,33,2.0,2019-06-26,70092.0,-1.217460166662931,7.904796302318573,13.00467196129822,9.81725176798669,-2.6563122868537903,-3.2493951983840863,-6.62485509987083
9176,KINDER MORGAN INC,Raymond James Downgrades Kinder Morgan to Market Perform,3,decrease,0.85,0.7,,135,34,0.0,2019-06-26,12558.0,0.291542592458427,-1.1143389157950878,2.131785508407158,3.0523307229850305,-2.741020545363426,-3.7418114250341694,-2.464457194777836
9184,COCA COLA CO,'Coca-Cola in exclusive talks with Cafe Coffee Day for acquiring stake' -India's Economic Times,3,increase,0.75,0.6,,143,33,2.0,2019-06-26,11308.0,-1.236474886536598,-0.0782415911089629,1.917057028148661,1.799690889162453,-0.3081661183387041,0.4073697036228507,0.1935703945079581
9192,KROGER CO,Kroger Option Alert: Jan 17 $24 Calls Sweep (12) near the Ask: 500 @ $1.051 vs 391 OI; Ref=$21.535,3,increase,0.75,0.6,,159,33,2.0,2019-06-26,16678.0,-1.922197081148624,-0.1866584876552224,0.5599576679816032,1.5398969540567853,-1.0416645556688309,-1.7535943515197716,-5.533933647718314
9200,KROGER CO,Kroger Option Alert: Jan 17 $24 Calls Sweep (17) near the Ask: 1000 @ $1.078 vs 391 OI; Ref=$21.6,3,increase,0.75,0.6,,160,33,2.0,2019-06-26,16678.0,-1.922197081148624,-0.1866584876552224,0.5599576679816032,1.5398969540567853,-1.0416645556688309,-1.7535943515197716,-5.533933647718314
9208,KRATOS DEFENSE & SECUR SOLS INC,Kratos Receives $5.9M Missile Defense System Contract Award,3,increase,0.8,0.6,,150,29,2.0,2019-06-26,87430.0,1.510297134518623,-0.0901733874343335,8.250675507775075,8.250675586953736,-2.3681804537773132,-1.75359431293588,-4.082529757384579
9216,LENNAR CORP,Analysts Say Homebuilder Environment Still Looks Good For Lennar,3,increase,0.8,0.6,,136,33,2.0,2019-06-26,52708.0,-1.389469020068645,1.8506858497858047,3.5120968053772295,0.2720417062733071,-6.205016002058983,-6.09541856769823,-8.553002952858414
9224,LENNAR CORP,Analysts Say Homebuilder Environment Still Looks Good For Lennar,3,increase,0.8,0.6,,136,33,2.0,2019-06-26,52708.0,-1.389469020068645,1.8506858497858047,3.5120968053772295,0.2720417062733071,-6.205016002058983,-6.09541856769823,-8.553002952858414
9232,LENNAR CORP,"Bank of America Maintains Buy on Lennar, Lowers Price Target to $55",3,uncertain,0.6,0.3,,141,30,1.0,2019-06-26,52708.0,-1.389469020068645,1.8506858497858047,3.5120968053772295,0.2720417062733071,-6.205016002058983,-6.09541856769823,-8.553002952858414
9240,LENNAR CORP,"Bank of America Maintains Buy on Lennar, Lowers Price Target to $55",3,uncertain,0.6,0.3,,141,30,1.0,2019-06-26,52708.0,-1.389469020068645,1.8506858497858047,3.5120968053772295,0.2720417062733071,-6.205016002058983,-6.09541856769823,-8.553002952858414
9248,LENNAR CORP,"JP Morgan Maintains Overweight on Lennar, Lowers Price Target to $54",3,uncertain,0.6,0.3,,141,34,1.0,2019-06-26,52708.0,-1.389469020068645,1.8506858497858047,3.5120968053772295,0.2720417062733071,-6.205016002058983,-6.09541856769823,-8.553002952858414
9256,LENNAR CORP,"JP Morgan Maintains Overweight on Lennar, Lowers Price Target to $54",3,uncertain,0.6,0.2,,141,34,1.0,2019-06-26,52708.0,-1.389469020068645,1.8506858497858047,3.5120968053772295,0.2720417062733071,-6.205016002058983,-6.09541856769823,-8.553002952858414
9264,LILLY ELI & CO,Eli Lilly shares trading lower with the other major drugmakers. The downside comes despite news empagliflozin was granted Fast Track Designation by the FDA. The company also announced a Type-2 diabetes drug trial met endpoints.,3,decrease,0.7,0.5,,174,34,0.0,2019-06-26,50876.0,-3.4847471863031387,0.1167638693004846,2.766303062585873,-1.36518499106143,-0.2335005206987261,-0.1125614877213965,-0.1730676363714156
9272,LILLY ELI & CO,Lilly's Heart Drug Snags Fast Track Designation; Type 2 Diabetes Drug Found Effective At Higher Doses,3,increase,0.8,0.6,,151,29,2.0,2019-06-26,50876.0,-3.4847471863031387,0.1167638693004846,2.766303062585873,-1.36518499106143,-0.2335005206987261,-0.1125614877213965,-0.1730676363714156
9280,LILLY ELI & CO,Lilly Announces AWARD-11 Trial Studying Higher Investigational Doses Of Trulicity Demonstrated Superiority In A1C Reduction In People With Type 2 Diabetes,3,increase,0.75,0.6,,163,29,2.0,2019-06-26,50876.0,-3.4847471863031387,0.1167638693004846,2.766303062585873,-1.36518499106143,-0.2335005206987261,-0.1125614877213965,-0.1730676363714156
9288,LILLY ELI & CO,"Eli Lilly, Boehringer Ingelheim Announce FDA Grants Fast Track Designation To Empagliflozin For The Reduction Of The Risk Of Cardiovascular Death And Hospitalization For Heart Failure In People With Chronic Heart Failure",3,increase,0.75,0.6,,174,33,2.0,2019-06-26,50876.0,-3.4847471863031387,0.1167638693004846,2.766303062585873,-1.36518499106143,-0.2335005206987261,-0.1125614877213965,-0.1730676363714156
9296,ALLIANT ENERGY CORP,"Bank of America Upgrades Alliant Energy to Buy, Raises Price Target to $54",3,increase,0.85,0.7,,141,33,2.0,2019-06-26,58819.0,-1.6070695593953128,-0.1020809286274015,2.4499811882481737,2.674563918854944,-0.0602340733166784,-0.3602888563879358,-0.4001616027411003
9304,SOUTHWEST AIRLINES CO,FAA Reassigns Senior Managers in Office Overseeing Southwest Airlines,3,uncertain,0.6,0.2,,136,25,1.0,2019-06-26,58683.0,-0.5882338155061008,0.0788972654845565,2.347137223988338,2.248519420032724,-0.429522106423974,-0.4878048949610414,-1.0093176887491897
9312,LYONDELLBASELL INDUSTRIES N V,LyondellBasell Sees Prelim Q2 EPS $2.79-$2.91 vs $2.84 Est.,3,uncertain,0.6,0.2,,160,34,1.0,2019-06-26,12345.0,-0.3465438960120082,0.4288892727345228,1.2518858600936156,-1.564852780658299,-0.4484813660383224,0.1272271552489101,-0.0230934918292735
9320,MARATHON DIGITAL HOLDINGS INC,Shares of several blockchain and cryptocurrency-related companies are trading higher in sympathy with a 10% rise in the price of Bitcoin this morning. Strength in the crypto space may also be linked to the recent announcement of Facebook's Libra.,3,increase,0.75,0.6,,172,29,2.0,2019-06-26,14813.0,29.21348214149475,-21.449275314807892,-19.710146435228015,-28.40579714451329,7.66129270195961,23.041473248381127,20.27027146443703
9328,MCCORMICK & CO INC,McCormick Q2 Earnings Preview,3,uncertain,0.5,0.3,,133,25,1.0,2019-06-26,52090.0,-1.606892421841621,3.478715941309929,7.787290153317894,4.59690516763378,-0.6876403465867043,-0.8548716328896977,-1.8465120910612696
9336,MCCORMICK & CO INC,McCormick Q2 Earnings Preview,3,uncertain,0.6,0.3,,133,34,1.0,2019-06-26,52090.0,-1.606892421841621,3.478715941309929,7.787290153317894,4.59690516763378,-0.6876403465867043,-0.8548716328896977,-1.8465120910612696
9344,ARCELORMITTAL S A LUXEMBOURG,Shares of ArcelorMittal are trading high after Nucor on Tuesday announced it will hike sheet prices.,3,increase,0.8,0.7,,160,33,2.0,2019-06-26,85261.0,4.474145919084549,-0.5561756435781717,-3.2258060576419445,-9.45494363663908,1.9549759104847908,-0.6924456557637404,-0.2318893192039373
9352,MICRON TECHNOLOGY INC,Wall Street Sees More Upside For Micron Following Earnings Pop,3,increase,0.8,0.6,,137,33,2.0,2019-06-26,53613.0,13.34149539470673,2.780774235725403,6.884447202628152,17.386605058672956,-1.536602433770895,-1.7142848161254998,-4.304542250288157
9360,MICRON TECHNOLOGY INC,Micron Technology Option Alert: Fri $40 Calls Sweep (53) near the Ask: 2501 @ $0.091 vs 2138 OI; Ref=$37.4,3,increase,0.7,0.5,,162,33,2.0,2019-06-26,53613.0,13.34149539470673,2.780774235725403,6.884447202628152,17.386605058672956,-1.536602433770895,-1.7142848161254998,-4.304542250288157
9368,MICRON TECHNOLOGY INC,Micron Technology Option Alert: Jul 19 $39 Calls Sweep (16) above Ask!: 500 @ $0.942 vs 8208 OI; Ref=$37.23,3,increase,0.75,0.6,,162,33,2.0,2019-06-26,53613.0,13.34149539470673,2.780774235725403,6.884447202628152,17.386605058672956,-1.536602433770895,-1.7142848161254998,-4.304542250288157
9376,MICRON TECHNOLOGY INC,Needham Upgrades Micron Technology to Buy,3,increase,0.85,0.7,,133,33,2.0,2019-06-26,53613.0,13.34149539470673,2.780774235725403,6.884447202628152,17.386605058672956,-1.536602433770895,-1.7142848161254998,-4.304542250288157
9384,MICRON TECHNOLOGY INC,"Morgan Stanley Maintains Underweight on Micron Technology, Lowers Price Target to $31",3,decrease,0.85,0.7,,142,34,0.0,2019-06-26,53613.0,13.34149539470673,2.780774235725403,6.884447202628152,17.386605058672956,-1.536602433770895,-1.7142848161254998,-4.304542250288157
9392,MUELLER WATER PRODUCTS INC,"Goldman Sachs Downgrades Mueller Water Products to Sell, Lowers Price Target to $8",3,decrease,0.85,0.7,,145,34,0.0,2019-06-26,91234.0,-4.476089403033257,2.3429106920957565,3.514376215804238,0.5324734401117137,-1.0070531629025936,-2.0916338629266784,-4.003904815355963
9400,MAGNACHIP SEMICONDUCTOR CORP,MagnaChip Introduces New Component To Enhance 5G/LTE Smartphone Battery Life And Protection,3,increase,0.75,0.6,,153,29,2.0,2019-06-26,12629.0,-2.559245936572552,0.1945569878444075,0.1945569803302405,-1.556418732099074,-1.6775336116552353,-3.9162054705789378,-2.4051824045877246
9408,MYRIAD GENETICS INC,Myriad Genetics Option Alert: Jul 19 $26 Calls Sweep (2) near the Ask: 500 @ $1.25 vs 1890 OI; Earnings 8/20 After Close [est] Ref=$24.625,3,increase,0.7,0.6,,177,33,2.0,2019-06-26,82508.0,16.98279827833176,0.9049764834344388,5.467567056729572,-5.052791096077458,-1.6059063374996183,-3.613947191429956,-5.30493076616827
9416,NOVABAY PHARMACEUTICALS INC,NovaBay Reports $2.4M Private Placement,3,uncertain,0.6,0.3,,144,34,1.0,2019-06-26,92345.0,-4.545456916093826,2.9761947691440582,-4.761900058424118,-13.690470457294634,-3.2967064529657364,-8.333331521902554,-13.725488852774705
9424,NETFLIX INC,"Netflix's Tough Week: Disney Poaches Top Executive, 'The Office' Moving To NBC",3,decrease,0.75,0.6,,140,34,0.0,2019-06-26,89393.0,0.5273451097309589,2.159021608531475,5.3892844130749795,4.776363056317212,-2.8945721685886383,-2.4132618218997037,-1.3444330135508054
9432,NOVAGOLD RESOURCES INC,Novagold Resources Q2 EPS $(0.02) Up From $(0.03) YoY,3,increase,0.7,0.3,,147,33,2.0,2019-06-26,89965.0,3.0965406447649,2.120147831737995,4.0024650260761525e-08,3.886930832874525,-1.2589959427714348,5.172413493126049,5.780341118290155
9440,NOKIA CORP,Nokia has Announced that China Mobile will Adopt its New AirScale mMIMO Adaptive Antenna,3,increase,0.75,0.6,,142,33,2.0,2019-06-26,87128.0,0.6012066267430782,-0.996019784361124,1.9920298235554632,0.7968118529896984,-0.992067251354456,-3.29457527811583,-3.4816306731359936
9448,NEWELL BRANDS INC,Newell Brands Announces Appointment Of Chief Financial Officer Christopher Peterson As Interim CEO,3,uncertain,0.6,0.3,,138,34,1.0,2019-06-26,60986.0,3.5690218210220337,-1.2353740632534027,0.5201554992408708,-4.941483949049374,0.8146696723997593,-3.3203077645100887,-1.459849476921593
9456,OWENS CORNING NEW,Owens-Corning shares are trading higher after a Reuters report indicated HG Vora Capital Management has built a stake in the company and is pushing for changes.,3,increase,0.75,0.6,,154,33,2.0,2019-06-26,91531.0,7.311315834522247,4.322345554828644,5.989011986885906,1.2637407249531218,-0.1765747554600238,-0.9924077239919616,3.4566912546468043
9464,OWENS CORNING NEW,Hg Vora Builds Owens Corning Stake To Push For Changes,3,increase,0.75,0.6,,136,33,2.0,2019-06-26,91531.0,7.311315834522247,4.322345554828644,5.989011986885906,1.2637407249531218,-0.1765747554600238,-0.9924077239919616,3.4566912546468043
9472,O F G BANCORP,OFG Bancorp shares are trading higher after the company reported the purchase of Scotiabank operations in Puerto Rico and US Virgin Islands for $550 million in cash.,3,increase,0.8,0.6,,161,33,2.0,2019-06-26,11208.0,1.0248950682580469,14.637675881385803,14.250059469597788,15.316002448860957,-0.5339835304766893,-0.6304610151323109,-1.2054001934628134
9480,O F G BANCORP,"OFG Bancorp Reports Purchase Of Scotiabank Operations In Puerto Rico, US Virgin Islands For $550M In Cash",3,increase,0.75,0.6,,153,29,2.0,2019-06-26,11208.0,1.0248950682580469,14.637675881385803,14.250059469597788,15.316002448860957,-0.5339835304766893,-0.6304610151323109,-1.2054001934628134
9488,OVERSTOCK COM INC DEL,"'Bitcoin price dives $1,500 in minutes as Coinbase website goes down' -MarketWatch",3,decrease,0.75,0.6,,145,34,0.0,2019-06-26,89394.0,25.464680790901177,-3.555552288889885,9.481479650224257,31.999998494095607,-2.624434046447277,-7.000860031503819,7.385226580270676
9496,OVERSTOCK COM INC DEL,"Overstock.Com shares are trading lower in sympathy with Bitcoin after the cryptocurrency fell from $13,690 to $11,975 in after-hours trade.",3,decrease,0.75,0.6,,155,34,0.0,2019-06-26,89394.0,25.464680790901177,-3.555552288889885,9.481479650224257,31.999998494095607,-2.624434046447277,-7.000860031503819,7.385226580270676
9504,OVERSTOCK COM INC DEL,"Overstock.com Shares Down 5.5% After Hours As Bitcoin Pulls Back From ~$13,690 To $11,975",3,decrease,0.8,0.6,,153,34,0.0,2019-06-26,89394.0,25.464680790901177,-3.555552288889885,9.481479650224257,31.999998494095607,-2.624434046447277,-7.000860031503819,7.385226580270676
9512,OCCIDENTAL PETROLEUM CORP,UPDATE: Carl Icahn Seeking To Replace 4 Occidental Directors,3,uncertain,0.6,0.3,,142,34,1.0,2019-06-26,34833.0,2.106110006570816,-1.3288341462612152,-2.4791749972580934,0.0396677527927602,-1.022245641797781,-2.430348879334676,-3.742686626974867
9520,OCCIDENTAL PETROLEUM CORP,"Occidental Shares Unaffected After Hours Amid Report Carl Icahn Expressed Belief Co.'s Current Directors Made A Number Of Mistakes In How, At What Cost They Pursued Purchase Of Anadarko",3,uncertain,0.6,0.3,,170,34,1.0,2019-06-26,34833.0,2.106110006570816,-1.3288341462612152,-2.4791749972580934,0.0396677527927602,-1.022245641797781,-2.430348879334676,-3.742686626974867
9528,PAYCHEX INC,Paychex Shares Fall After Q4 Earnings Miss,3,decrease,0.85,0.7,,132,34,0.0,2019-06-26,61621.0,-3.5731207579374313,0.4035732708871364,3.46092938455802,4.353681459402159,-1.6012964770197868,-1.9879723734762544,-3.1521181260716458
9536,PAYCHEX INC,Paychex shares are trading lower after the company reported worse-than-expected Q4 EPS and sales results.,3,decrease,0.85,0.7,,143,34,0.0,2019-06-26,61621.0,-3.5731207579374313,0.4035732708871364,3.46092938455802,4.353681459402159,-1.6012964770197868,-1.9879723734762544,-3.1521181260716458
9544,PAYCHEX INC,"Paychex Q4 Adj. EPS $0.63 Misses $0.65 Estimate, Sales $980.4M Miss $981.11M Estimate",3,decrease,0.75,0.6,,155,34,0.0,2019-06-26,61621.0,-3.5731207579374313,0.4035732708871364,3.46092938455802,4.353681459402159,-1.6012964770197868,-1.9879723734762544,-3.1521181260716458
9552,PACIRA BIOSCIENCES INC,Pacira BioSciences Says New Retrospective Analysis Shows EXPAREL Is Associated With Significantly Less Opioid Use Following Third Molar Extraction,3,increase,0.8,0.6,,157,29,2.0,2019-06-26,12583.0,-0.8264476433396339,1.7129579558968544,-0.0462974062859777,-2.199075910267534,1.0204138234257698,-0.9549753231678282,-0.2747227798443274
9560,PFIZER INC,Pfizer Says 'Revised Recommendation Reinforces That Prevnar 13 Is Considered Safe And Effective By The Fda And Acip',3,increase,0.75,0.6,,147,29,2.0,2019-06-26,21936.0,-1.759590208530426,1.023490633815527,3.279832115111936,-0.0232660771007808,0.0,0.2060914877802133,0.366972134499699
9568,PFIZER INC,"UPDATE: Baird Notes 'We remain positively inclined into this dataset as Sarepta has set the bar so high with its results last year, we think Pfizer is likely to fall short on safety, efficacy or both'; Believes Sarepta Will Retain Clear Advantage",3,decrease,0.75,0.6,,172,34,0.0,2019-06-26,21936.0,-1.759590208530426,1.023490633815527,3.279832115111936,-0.0232660771007808,0.0,0.2060914877802133,0.366972134499699
9576,PFIZER INC,"Baird Maintains Outperform, $202 Target On Sarepta Therapeutics As Firm Notes 'When Pfizer presents the first data for its DMD gene therapy Friday morning, we expect the results to have meaningful ramifications to Sarepta'",3,uncertain,0.6,0.3,,165,34,1.0,2019-06-26,21936.0,-1.759590208530426,1.023490633815527,3.279832115111936,-0.0232660771007808,0.0,0.2060914877802133,0.366972134499699
9584,PRIMORIS SERVICES CORP,Primoris Services Corporation Announces Civil Award Valued Over $24M,3,increase,0.75,0.6,,141,33,2.0,2019-06-26,92773.0,2.199490182101727,2.2522587329149246,5.615489853803202,3.155805160326519,1.611223816871643,-0.3059734670119107,0.4624878214684713
9592,PRUDENTIAL FINANCIAL INC,"B. Riley Maintains Buy on Prudential Financial, Raises Price Target to $122",3,increase,0.8,0.6,,145,33,2.0,2019-06-26,89258.0,0.2544011455029249,0.720672681927681,3.9890383316360634,2.6593615282626493,-1.0372672230005264,-1.3353431931221291,-1.8575857911418912
9600,QUALCOMM INC,"Qualcomm, Tencent QQ Collaborate to Bring Watch QQ Experiences to Snapdragon Wear Platforms",3,increase,0.7,0.6,,136,33,2.0,2019-06-26,77178.0,3.308054804801941,0.6404314655810595,2.241494852161585,-1.6544335660418907,-0.8337897248566151,-0.2337708460898202,-0.2611971542647473
9608,RITE AID CORP,Rite Aid shares are trading lower after the stock reported worse-than-expected Q1 EPS and sales results.,3,decrease,0.85,0.7,,147,34,0.0,2019-06-26,46922.0,3.795623779296875,20.53445130586624,21.097038985023666,27.1448630926568,8.730153739452362,2.698647761975126,2.238807155711431
9616,RITE AID CORP,"Rite Aid Reaffirms FY20 Guidance; Sees Adj. EPS $(0.14)-$0.72 vs $(0.02) Est., Sales $21.5B-$21.9B vs $21.6B Est.",3,uncertain,0.6,0.3,,176,34,1.0,2019-06-26,46922.0,3.795623779296875,20.53445130586624,21.097038985023666,27.1448630926568,8.730153739452362,2.698647761975126,2.238807155711431
9624,RITE AID CORP,"Rite Aid Q1 Adj. EPS $(0.14) Misses $(0.07) Estimate, Sales $5.37B Miss $5.38B Estimate",3,decrease,0.8,0.6,,161,34,0.0,2019-06-26,46922.0,3.795623779296875,20.53445130586624,21.097038985023666,27.1448630926568,8.730153739452362,2.698647761975126,2.238807155711431
9632,RING ENERGY INC,Ring Energy Filing Shows Registration For ~4.58M Share Common Stock Via Selling Shareholders,3,decrease,0.75,0.6,,140,34,0.0,2019-06-26,14137.0,-0.9202444925904274,-0.309597235172987,0.6191946170715834,1.2383892958164555,0.928791705518961,2.194355239480439,-1.2121200198311757
9640,RENASANT CORP,"SunTrust Robinson Humphrey Initiates Coverage On Renasant with Hold Rating, Announces $37 Price Target",3,uncertain,0.6,0.3,,145,34,1.0,2019-06-26,77526.0,-0.2010907512158155,1.669539324939251,3.0512305129619444,1.6119674614902155,0.3748588962480426,-1.5832557672257883,-4.236580946412227
9648,EXCHANGE TRADED CONCEPTS TR,ROBO Global Expands With Health Care Innovation ETF,3,increase,0.7,0.6,,140,33,2.0,2019-06-26,14259.0,0.5433352664113045,1.312399189919233,3.1394780825490853,-0.6176060075637091,-0.922832079231739,-1.528658487627066,-2.1271210521255135
9656,ROLLINS INC,Rollins shares are trading lower after Stifel downgraded the company's stock from Hold to Sell and lowered the price target from $36.5 to $25.,3,decrease,0.85,0.7,,154,34,0.0,2019-06-26,36003.0,-3.3569857478141776,3.4453578293323517,4.659704879580606,5.252755094694539,-0.0272909557679668,-2.5013369155377108,-3.502770085098572
9664,ROLLINS INC,"Stifel Nicolaus Downgrades Rollins to Sell, Lowers Price Target to $25",3,decrease,0.85,0.7,,141,34,0.0,2019-06-26,36003.0,-3.3569857478141776,3.4453578293323517,4.659704879580606,5.252755094694539,-0.0272909557679668,-2.5013369155377108,-3.502770085098572
9672,RUSH ENTERPRISES INC,Family Feud Continues Over Estate Left By The Founder Of Rush Enterprises,3,uncertain,0.6,0.3,,140,34,1.0,2019-06-26,89455.0,1.459855306893587,0.6364126689732075,0.5810710445449452,-3.9568354928810168,0.8493749424815178,0.7922998548971716,-0.8075770742560828
9680,SCHNITZER STEEL INDUSTRIES INC,Schnitzer Steel Industries shares are trading higher after the company reported better-than-expected Q3 EPS and sales results.,3,increase,0.85,0.7,,155,33,2.0,2019-06-26,79866.0,5.344754830002785,0.4260287154465914,-5.538343760125075,-5.809450138998118,1.0305028408765793,-0.5275940517987188,-0.4872064420517907
9688,SCHNITZER STEEL INDUSTRIES INC,Schnitzer Steel Reports Mixed Q3 Earnings,3,uncertain,0.6,0.3,,141,34,1.0,2019-06-26,79866.0,5.344754830002785,0.4260287154465914,-5.538343760125075,-5.809450138998118,1.0305028408765793,-0.5275940517987188,-0.4872064420517907
9696,SCHNITZER STEEL INDUSTRIES INC,"Schnitzer Steel Indus Q3 Adj. EPS $0.63 Beats $0.58 Estimate, Sales $547M Beat $527.12M Estimate",3,increase,0.75,0.6,,165,33,2.0,2019-06-26,79866.0,5.344754830002785,0.4260287154465914,-5.538343760125075,-5.809450138998118,1.0305028408765793,-0.5275940517987188,-0.4872064420517907
9704,TRANSACT TECHNOLOGIES INC,TransAct Wins 100% Of Electronic Gaming Machine Printer Footprint At New Encore Boston Harbor Company,3,increase,0.85,0.7,,147,29,2.0,2019-06-26,83910.0,1.801799982786179,-1.8584074452519417,2.566371103899523,13.982299672154207,-0.8042824454605579,-4.062224053359675,-5.692438853394465
9712,TUCOWS INC,UPDATE: Kerrisdale's Full Report On Tucows 'Three Terrible Businesses In One',3,decrease,0.8,0.6,,142,34,0.0,2019-06-26,83382.0,2.159386686980724,-0.2348589012399315,4.495890461198271,-14.108370148908778,-2.130158431828022,-3.217784715113736,-3.760518814116598
9720,TUCOWS INC,"Hearing Kerrisdale Is Short On Tucows, Sets $25 Price Target",3,decrease,0.8,0.6,,140,34,0.0,2019-06-26,83382.0,2.159386686980724,-0.2348589012399315,4.495890461198271,-14.108370148908778,-2.130158431828022,-3.217784715113736,-3.760518814116598
9728,TELEFLEX INC,Teleflex Announces That Anthem Is Not Covering Its UroLift System For Patients With Enlarged Prostate,3,decrease,0.85,0.7,,143,34,0.0,2019-06-26,44329.0,-2.734061889350414,0.2477511297911405,1.945306595113783,2.7650360042474897,1.0006061755120754,0.4182457440601528,0.3852612262854382
9736,T MOBILE U S INC,T-Mobile shares are trading lower after CNBC's David Faber said that the merger talks with Sprint are expected to drag into next week.,3,decrease,0.75,0.6,,150,34,0.0,2019-06-26,91937.0,-2.064897865056992,0.3422782057896256,3.80613193016488,7.146770692932325,-1.270848698914051,-1.4795180844754283,-4.298727708217543
9744,TARGA RESOURCES CORP,Targa Resources Option Alert: Oct 18 $41 Calls at the Ask: 1000 @ $1.531 vs 96 OI; Earnings 8/8 Before Open [est] Ref=$38.6,3,increase,0.75,0.6,,173,33,2.0,2019-06-26,12476.0,2.683123201131821,0.1567843602970242,3.605960325727331,9.40684189413794,-0.3742298576980829,-3.744836701912579,-3.345438066462658
9752,T ROWE PRICE GROUP INC,"Fidelity Investments, Capital Group, Wellington Management, T. Rowe Price Planning Private Conferences Where Analysts Can Meet CEOs, Meetings Would Allow Sources To Bypass Bank Handlers",3,uncertain,0.6,0.3,,160,30,1.0,2019-06-26,10138.0,0.915786623954773,1.543644443154335,2.6382259140146136,2.2733654435476147,-1.0648229159414768,-2.215658742608728,-3.348844135398743
9760,ISHARES INC,Russia To Deliver First S-400 Missile To Turkey In July,3,uncertain,0.5,0.2,,134,34,1.0,2019-06-26,92600.0,0.0855085847433656,0.9824841283261776,8.030760450074869,6.663816404491185,0.3001702250912785,1.2115914307442743,0.1284194179169251
9768,UNITED AIRLINES HOLDINGS INC,"United Air Says Has Decided To Pull Boeing's 737 MAX Flights Out Of Its Schedule Til Sep. 3, 2019",3,decrease,0.8,0.6,,153,34,0.0,2019-06-26,91103.0,0.3174280282109976,1.289111003279686,6.258052515694756,4.8634728921193915,-1.7215544357895851,-1.9142107391620369,-2.3869655083748498
9776,UNIFIRST CORP,UniFirst shares are trading higher after the company reported better-than-expected Q3 EPS and sales results; the company also issued its FY19 EPS and sales guidance above analyst estimates.,3,increase,0.85,0.7,,159,33,2.0,2019-06-26,65306.0,6.915183365345001,4.143509641289711,6.799169591720644,5.726796537508272,-1.5367374755442142,-0.9866292407216148,-1.9077933985088391
9784,UNIFIRST CORP,UniFirst Reports Q3 Earnings Beat,3,increase,0.8,0.6,,131,33,2.0,2019-06-26,65306.0,6.915183365345001,4.143509641289711,6.799169591720644,5.726796537508272,-1.5367374755442142,-0.9866292407216148,-1.9077933985088391
9792,UNIFIRST CORP,"UniFirst Corporation Sees FY19 EPS $8.75-$8.85 vs $7.96 Est., Sales $1.802B-$1.809B vs $1.79B Est.",3,increase,0.85,0.7,,165,33,2.0,2019-06-26,65306.0,6.915183365345001,4.143509641289711,6.799169591720644,5.726796537508272,-1.5367374755442142,-0.9866292407216148,-1.9077933985088391
9800,VERACYTE INC,Veracyte Reports Its Percepta Genomic Sequencing Classifer Now Available To Physicians,3,increase,0.75,0.6,,140,33,2.0,2019-06-26,14263.0,-3.08618638664484,3.029128909111023,13.51456138677043,9.78640960134518,-2.4954140186309814,-4.493170567193139,-6.476593408042408
9808,VALLEY NATIONAL BANCORP,Valley National Bancorp To Acquire Oritani Financial Corp; Transaction Estimated To Be Valued At $740M,3,increase,0.75,0.6,,151,29,2.0,2019-06-26,80072.0,-0.5893950816243887,3.6561254411935806,6.719370790359647,6.027664806302591,-0.0981283141300082,-1.4520776384948864,-1.5473872894206877
9816,WAYFAIR INC,Wayfair Employees Protest Contract To Supply Beds To U.S. Detention Facilities,3,decrease,0.75,0.6,,137,34,0.0,2019-06-26,14983.0,0.9764568880200386,1.2619136832654476,-1.961457215931317,2.9970476317348727,-5.255566909909248,-6.093522880811242,-5.879288478672273
9824,WESTERN DIGITAL CORP,Western Digital shares are trading higher. Craig-Hallum upgraded the stock from Hold to Buy after Micron on its earnings call said the NAND environment is improving.,3,increase,0.8,0.6,,155,29,2.0,2019-06-26,66384.0,7.299270480871201,2.154196798801422,9.92754540541434,24.41945348870003,0.1706061302684247,2.6473465143068253,3.683146094608447
9832,WHIRLPOOL CORP,Whirlpool And Nidec Receive European Commission Final Approval For Whirlpool's Sale Of Embraco To Nidec,3,increase,0.75,0.6,,149,33,2.0,2019-06-26,25419.0,1.5552320517599578,1.8391240388154984,4.644332304909526,2.068125974403423,-1.7844395712018013,-2.872867988953498,-2.577173050023085
9840,WILLIAMS COS,Raymond James Upgrades Williams Companies to Strong Buy,3,increase,0.85,0.7,,132,33,2.0,2019-06-26,38156.0,2.650239132344723,0.1454578712582588,3.236361312693159,4.399996609742551,-1.325962133705616,-3.285198021097935,-1.9758471642333797
9848,WORTHINGTON INDUSTRIES INC,Worthington Industries shares are trading lower after the company reported worse-than-expected Q4 sales results.,3,decrease,0.85,0.7,,145,34,0.0,2019-06-26,83601.0,2.338706701993942,2.206462249159813,5.489887655356562,-0.1050717728879768,-1.3785801827907562,-2.643282795140478,-2.7959229014163034
9856,WORTHINGTON INDUSTRIES INC,"Worthington Sees Steel Pricing, Softening Of Auto Market To Continue To Be Headwinds, 'our growth levers combined with investments in technology have us positioned well to deliver on our goal of year over year earnings growth'",3,decrease,0.7,0.5,,170,34,0.0,2019-06-26,83601.0,2.338706701993942,2.206462249159813,5.489887655356562,-0.1050717728879768,-1.3785801827907562,-2.643282795140478,-2.7959229014163034
9864,WORTHINGTON INDUSTRIES INC,"Worthington Industries Q4 Adj. EPS $0.77, Inline, Sales $938.8M Miss $986.47M Estimate",3,decrease,0.75,0.6,,154,34,0.0,2019-06-26,83601.0,2.338706701993942,2.206462249159813,5.489887655356562,-0.1050717728879768,-1.3785801827907562,-2.643282795140478,-2.7959229014163034
9872,YELP INC,Yelp Option Alert: Jul 19 $35 Calls Sweep (2) near the Ask: 1806 @ $0.451 vs 4183 OI; Earnings 8/7 After Close [est] Ref=$32.9,3,increase,0.7,0.6,,171,33,2.0,2019-06-26,13318.0,1.008871383965015,2.7542367577552795,5.115007870373378,8.202176177912769,-1.416519656777382,-0.335163343119238,-1.2975266297204913
9880,YUM BRANDS INC,Yum! Brands Names Chris Turner CFO,3,uncertain,0.6,0.3,,132,34,1.0,2019-06-26,85348.0,-0.172237167134881,0.3995594102889299,0.7809668332394493,1.253175847338461,-0.3162896260619163,0.0362754265792464,-0.2802433427928186
9888,ABBVIE INC,AbbVie Receives Positive Recommendation From INESSS For The Combination VENCLEXTA With Rituximab As A Treatment For Patients With Chronic Lymphocytic Leukemia,3,increase,0.8,0.6,,157,29,2.0,2019-06-25,13721.0,-16.252391040325158,3.500765934586525,12.983267864756032,9.05632434139656,-0.4188903607428074,0.1404143651370537,1.0823300108165013
9896,ABBVIE INC,AbbVie CEO Says Feels Comfortable With Risk Related To Allergan's Opioid Exposure,3,uncertain,0.6,0.3,,140,30,1.0,2019-06-25,13721.0,-16.252391040325158,3.500765934586525,12.983267864756032,9.05632434139656,-0.4188903607428074,0.1404143651370537,1.0823300108165013
9904,ABBVIE INC,Abbvie CEO Says Believes It Is Highly Unlikely There Will Be A Botox Biosimilar For A Long Time,3,increase,0.75,0.6,,145,29,2.0,2019-06-25,13721.0,-16.252391040325158,3.500765934586525,12.983267864756032,9.05632434139656,-0.4188903607428074,0.1404143651370537,1.0823300108165013
9912,ABBVIE INC,AbbVie Says Allergan Deal Mitigates Impact Of 2023 US Humira Loss Of Exclusivity,3,increase,0.75,0.6,,143,33,2.0,2019-06-25,13721.0,-16.252391040325158,3.500765934586525,12.983267864756032,9.05632434139656,-0.4188903607428074,0.1404143651370537,1.0823300108165013
9920,ABBVIE INC,AbbVie shares are trading lower after the company announced it will acquire Allergan for $188.24/share.,3,decrease,0.75,0.6,,143,34,0.0,2019-06-25,13721.0,-16.252391040325158,3.500765934586525,12.983267864756032,9.05632434139656,-0.4188903607428074,0.1404143651370537,1.0823300108165013
9928,ABBVIE INC,AbbVie To Acquire Allergan For $188.24/Share In Cash And Stock,3,increase,0.75,0.6,,139,33,2.0,2019-06-25,13721.0,-16.252391040325158,3.500765934586525,12.983267864756032,9.05632434139656,-0.4188903607428074,0.1404143651370537,1.0823300108165013
9936,ABBVIE INC,"UPDATE: AbbVie Would Pay $188/Share In Cash And Stock For Allergan, Representing 45% Premium To Allergan's Monday Close, According To Sources Cited By WSJ",3,increase,0.8,0.6,,161,33,2.0,2019-06-25,13721.0,-16.252391040325158,3.500765934586525,12.983267864756032,9.05632434139656,-0.4188903607428074,0.1404143651370537,1.0823300108165013
9944,AXCELIS TECHNOLOGIES INC,Axcelis Announces First Order For 'Purion XE Power Series' Implanter,3,increase,0.8,0.6,,145,29,2.0,2019-06-25,88417.0,-1.8156373873353,2.7026966214179993,7.894734091779543,6.614504391648124,-0.9681904688477516,-2.1857967376586407,-2.0519849094135068
9952,ACASTI PHARMA INC,Acasti Pharma shares are trading higher following a bullish Seeking Alpha blog post that mentioned potential valuation around $55 per share.,3,increase,0.8,0.6,,152,33,2.0,2019-06-25,13750.0,3.960392251610756,14.285723865032196,20.95238417930112,32.38095606175653,0.9999990463256836,1.2236278656985178e-08,1.2236278656985178e-08
9960,ACASTI PHARMA INC,Acasti Pharma Shares Moving Higher Following Bullish Blog Post Mentioning Potential Valuation Around $55/Share,3,increase,0.8,0.6,,150,29,2.0,2019-06-25,13750.0,3.960392251610756,14.285723865032196,20.95238417930112,32.38095606175653,0.9999990463256836,1.2236278656985178e-08,1.2236278656985178e-08
9968,ALDEYRA THERAPEUTICS INC,No Solace For Aldeyra As Late-Stage Study Of Lead Drug In Anterior Uveitis Fails,3,decrease,0.85,0.7,,157,34,0.0,2019-06-25,14647.0,-12.35003545880318,0.3220608923584223,-2.8985478511349028,-3.542677348279466,-4.514825344085693,1.2142860743435513,0.2121619950673059
9976,ALDEYRA THERAPEUTICS INC,Aldeyra Therapeutics Shares Resume Trade,3,uncertain,0.5,0.5,,143,34,1.0,2019-06-25,14647.0,-12.35003545880318,0.3220608923584223,-2.8985478511349028,-3.542677348279466,-4.514825344085693,1.2142860743435513,0.2121619950673059
9984,ALDEYRA THERAPEUTICS INC,Aldeyra Therapeutics shares are trading lower after the company announced its SOLACE trial in noninfectious anterior uveitis did not achieve statistical significance in its primary or secondary endpoints.,3,decrease,0.85,0.7,,171,34,0.0,2019-06-25,14647.0,-12.35003545880318,0.3220608923584223,-2.8985478511349028,-3.542677348279466,-4.514825344085693,1.2142860743435513,0.2121619950673059
9992,ALDEYRA THERAPEUTICS INC,Aldeyra Therapeutics Announces SOLACE Trial In Noninfectious Anterior Uveitis Did Not Achieve Statistical Significance In Its Primary Or Secondary Endpoints,3,decrease,0.85,0.7,,167,34,0.0,2019-06-25,14647.0,-12.35003545880318,0.3220608923584223,-2.8985478511349028,-3.542677348279466,-4.514825344085693,1.2142860743435513,0.2121619950673059
10000,A M C ENTERTAINMENT HOLDINGS INC,Amcor Enters Agreement For Sale Of Three Flexible Packaging Planks In UK And Ireland Fro $394M,3,uncertain,0.5,0.1,,153,29,1.0,2019-06-25,14328.0,-5.294711887836456,-0.3164528869092464,-2.848096167476033,-2.742608482606479,-5.566038936376572,-8.417200772746735,-13.18299696680687
10008,ACTINIUM PHARMACEUTICALS INC,Actinium Highlights Presentation Of New Data Demonstrating Effective Lymphodepletion With Lutetium-177 For CAR-T At The 2019 Society Of Nuclear Medicine And Molecular Imaging Annual Meeting,3,increase,0.75,0.6,,171,29,2.0,2019-06-25,14497.0,-1.844034343957901,-2.152637578547001,-3.131110241729229,-6.027394450345847,-1.7364999279379845,-1.364153469198437,-0.6867609512815842
10016,AEROVIRONMENT INC,AeroVironment shares are trading lower after the company reported fiscal Q4 revenue decreased 23% from last year and fiscal Q4 gross margin decreased 27% from last year.,3,decrease,0.85,0.7,,161,34,0.0,2019-06-25,91733.0,-0.8249729871749878,-8.840322494506836,-9.75370942417364,-10.21040913551432,-3.3911578357219696,-5.24218007120314,-0.1292437426931747
10024,AEROVIRONMENT INC,"Aerovironment Sees FY20 Sales $350M-$370M vs $351.2M Estimate, Adj. EPS $1.47-$1.67 vs $1.61 Est.",3,uncertain,0.6,0.3,,164,34,1.0,2019-06-25,91733.0,-0.8249729871749878,-8.840322494506836,-9.75370942417364,-10.21040913551432,-3.3911578357219696,-5.24218007120314,-0.1292437426931747
10032,AEROVIRONMENT INC,"AeroVironment Q4 Adj. EPS $0.26, Inline, Sales $87.93M Beat $82.44M Estimate",3,increase,0.75,0.6,,154,33,2.0,2019-06-25,91733.0,-0.8249729871749878,-8.840322494506836,-9.75370942417364,-10.21040913551432,-3.3911578357219696,-5.24218007120314,-0.1292437426931747
10040,AMERICAN EXPRESS CO,Fintech Focus Rewind: This CEO Wants To Make Business Expenses Easier,3,increase,0.75,0.6,,137,33,2.0,2019-06-25,59176.0,-0.789427850395441,0.3491333685815334,1.5751824610273246,3.347829874874231,-0.473024882376194,-0.6243986390741862,-0.4331094807932589
10048,BIG LOTS INC,Big Lots Reports Tim Johnson To Step Down As CFO; Jonathan Ramsden Named Replacement,3,uncertain,0.6,0.3,,138,34,1.0,2019-06-25,67467.0,1.128508895635605,2.6277881115674973,-2.0518415877176843,-6.263498037128601,-5.210490897297859,-6.405454993500692,-8.798145516716216
10056,CITIGROUP INC,How Shipping Banks' GHG Focus Impacts Fleets And Freight Rates,3,uncertain,0.6,0.3,,136,34,1.0,2019-06-25,70519.0,-1.290613692253828,1.0219421237707138,5.861138374463826,6.898100811354757,-0.8238893002271652,-1.013208273500732,-0.2663007568806774
10064,CYMABAY THERAPEUTICS INC,"Stifel Nicolaus Initiates Coverage On CymaBay Therapeutics with Buy Rating, Announces $14 Price Target",3,increase,0.8,0.6,,156,33,2.0,2019-06-25,14691.0,1.329396665096283,-2.623911015689373,2.4781353795970684,0.8746344283216301,-4.243284091353416,-1.0241619774475909e-07,-3.561253571931544
10072,CAMECO CORP,Cameco Option Alert: Jan 17 $15 Calls Sweep (35) near the Ask: 1000 @ $0.201 vs 10200 OI; Earnings 7/24 After Close [est] Ref=$10.49,3,increase,0.7,0.6,,174,33,2.0,2019-06-25,83188.0,-1.7924578860402112,1.3448640704154968,3.1700281238457473,2.7857825495563704,-0.2822176087647676,0.1890402391144574,1.825173175223904
10080,CIRCOR INTERNATIONAL INC,"Crane Co.Criticizes CIRCOR's Revised Business Plan, Says Its $45/Share All-Cash Offer Represents A Better Option For Shareholders",3,decrease,0.75,0.6,,155,34,0.0,2019-06-25,87268.0,-0.1092879450879991,-0.3282309044152498,0.5908106464960428,-0.6345753406652443,-0.1963354181498289,-0.5218562046880426,-2.222699070066958
10088,CHIPOTLE MEXICAN GRILL INC,"UPDATE: Credit Suisse Initiates Chipotle With Outperform, $870 Tgt As Firm Notes Co. 'has returned to a narrative of growth rather than recovery, with on-trend initiatives that well position the company to appeal to its target base and outperform peers'",3,increase,0.8,0.6,,186,33,2.0,2019-06-25,91068.0,1.255294773727655,-0.7814818061888218,-1.3829348008489784,1.335211671251968,-0.374213489703834,-1.985650194431643,-1.6595330429674982
10096,CHIPOTLE MEXICAN GRILL INC,"Credit Suisse Initiates Coverage On Chipotle Mexican Grill with Outperform Rating, Announces $870 Price Target",3,increase,0.8,0.6,,154,33,2.0,2019-06-25,91068.0,1.255294773727655,-0.7814818061888218,-1.3829348008489784,1.335211671251968,-0.374213489703834,-1.985650194431643,-1.6595330429674982
10104,CRITEO S A,"Criteo Reports COO Mollie Spilman To Leave; CEO JB Rudelle To Directly Manage Sales, Operations Teams",3,uncertain,0.6,0.3,,149,34,1.0,2019-06-25,14240.0,-0.6087471731007099,-7.516695559024811,-1.2249405515747491,0.0556805463517884,-1.8468232825398443,-2.692514933077861,-2.640085130628511
10112,DELEK U S HOLDINGS INC NEW,"Goldman Sachs Downgrades Delek US Hldgs to Sell, Announces $37 Price Target",3,decrease,0.85,0.7,,152,30,0.0,2019-06-25,91215.0,-1.9943716004490848,0.0260848435573279,3.522041175365409,3.1306987321201074,-1.634803228080273,-1.8815855908351553,2.7587998506024336
10120,DOMINOS PIZZA INC,"UPDATE: Credit Suisse Initiates Domino's Pizza With Outperform, $320 Target As Firm Notes Co. 'is one of the best growth stories in restaurants, with ~10% revenue growth (~4% SSS, ~7% unit growth), margin expansion and benefits from repurchases'",3,increase,0.85,0.7,,185,29,2.0,2019-06-25,90248.0,1.0095926932990549,-0.4582591820508241,-1.2015649845878662,-0.6458860805522271,-2.126062847673893,-2.643535659479501,-2.248110993022212
10128,DOMINOS PIZZA INC,"Credit Suisse Initiates Coverage On Domino's Pizza with Outperform Rating, Announces $320 Price Target",3,increase,0.8,0.6,,147,29,2.0,2019-06-25,90248.0,1.0095926932990549,-0.4582591820508241,-1.2015649845878662,-0.6458860805522271,-2.126062847673893,-2.643535659479501,-2.248110993022212
10136,DURECT CORP,DURECT Receives Approval From Nasdaq For Transfer Of Listing To Nasdaq Capital Market,3,increase,0.7,0.5,,140,33,2.0,2019-06-25,88626.0,4.711708426475525,3.721780702471733,2.1964613028772284,3.6607663363235288,2.6393424719572067,7.282388806272611,7.61430421084579
10144,E Q T CORP,EQT Highlights 'Strong Shareholder Support' For Co.'s Board Nominees,3,increase,0.75,0.6,,140,33,2.0,2019-06-25,24328.0,-6.436929851770401,2.779705449938774,4.794993578639217,10.771363484915495,0.9849020279943944,-1.0932481196497146,1.4511890130914251
10152,ELBIT SYSTEMS LTD,"Elbit Systems' Subsidiary, BrightWay Vision, Raises $25 Million Investment",3,increase,0.75,0.6,,141,29,2.0,2019-06-25,84207.0,-2.951938658952713,-1.5340819023549557,-1.2629692441105234,3.2930047849160093,-0.9345208294689656,-2.337676047126125,-2.606248937300837
10160,ISHARES INC,"Hearing China's Consul General In Montreal, Canada Says China Will Stop All Imports Of Meat Products From Canada Wed.",3,decrease,0.75,0.6,,144,34,0.0,2019-06-25,83211.0,-0.7329810876399279,0.1054809428751468,1.0900121522047668,1.8635680311803735,0.2098617143929004,-0.4171040645490786,0.7029836636942566
10168,ISHARES INC,'TSA says hundreds of its workers being diverted from airports to southern border' -Washington Post,3,uncertain,0.4,0.2,,140,34,1.0,2019-06-25,83223.0,-0.2722385339438914,0.5914516281336546,-0.1592349899185219,-1.819834531439568,0.0226960211875848,-1.0993894368934942,0.113565900938517
10176,ISHARES INC,'Mexican forces will not detain migrants crossing US border: president' -Tweet From AFP,3,uncertain,0.4,0.2,,141,34,1.0,2019-06-25,83223.0,-0.2722385339438914,0.5914516281336546,-0.1592349899185219,-1.819834531439568,0.0226960211875848,-1.0993894368934942,0.113565900938517
10184,ISHARES INC,"US House Democratic Caucus Chair Jefferies Says House On Tues. Will Pass Aid To Address Migrant Surge At US, Mexico Border",3,uncertain,0.5,0.2,,149,34,1.0,2019-06-25,83223.0,-0.2722385339438914,0.5914516281336546,-0.1592349899185219,-1.819834531439568,0.0226960211875848,-1.0993894368934942,0.113565900938517
10192,ISHARES INC,Mexican President Lopez Obrador Says Mexican National Guard Does Have Legal Right To Detain Migrants,3,uncertain,0.5,0.2,,141,34,1.0,2019-06-25,83223.0,-0.2722385339438914,0.5914516281336546,-0.1592349899185219,-1.819834531439568,0.0226960211875848,-1.0993894368934942,0.113565900938517
10200,ISHARES INC,"Brazil Central Bank President Roberto Campos Neto Says Economic, Fiscal Reforms Essential For Sustained Economic Recovery",3,increase,0.7,0.6,,141,33,2.0,2019-06-25,88396.0,-2.65885591506958,0.8101816289126873,0.6481452944823607,8.171293385012923,0.0225425654207356,0.4526952652797122,2.494230652621754
10208,FACTSET RESEARCH SYSTEMS INC,"FactSet Reports Q3 Earnings Beats, Shares Rise",3,increase,0.85,0.7,,138,33,2.0,2019-06-25,83597.0,-2.754572220146656,1.4303195290267467,2.6573133404807825,2.18405273359763,-1.5935320407152176,-2.632285449631,-2.886939848863479
10216,FACTSET RESEARCH SYSTEMS INC,FactSet Sees FY19 Adj. EPS $9.80-$9.90 vs $9.59 Est.,3,increase,0.8,0.5,,151,29,2.0,2019-06-25,83597.0,-2.754572220146656,1.4303195290267467,2.6573133404807825,2.18405273359763,-1.5935320407152176,-2.632285449631,-2.886939848863479
10224,FACTSET RESEARCH SYSTEMS INC,FactSet Adds $210M To Buyback,3,increase,0.75,0.6,,137,33,2.0,2019-06-25,83597.0,-2.754572220146656,1.4303195290267467,2.6573133404807825,2.18405273359763,-1.5935320407152176,-2.632285449631,-2.886939848863479
10232,FACTSET RESEARCH SYSTEMS INC,"FactSet Research Systems Q3 Adj. EPS $2.62 Beats $2.36 Estimate, Sales $364.5M Beat $359.25M Estimate",3,increase,0.85,0.7,,161,33,2.0,2019-06-25,83597.0,-2.754572220146656,1.4303195290267467,2.6573133404807825,2.18405273359763,-1.5935320407152176,-2.632285449631,-2.886939848863479
10240,FEDEX CORP,FedEx Posts Weak Results For Fiscal Fourth Quarter And Full Year,3,decrease,0.85,0.7,,134,34,0.0,2019-06-25,60628.0,-3.057798929512501,2.525966428220272,2.442619347466457,2.5708487186244966,-2.691268175840378,-4.135014408335258,-3.018429925565813
10248,FEDEX CORP,"Fedex CFO Says Decision to Not Renew Fedex Express Contract With Amazon to Be Near Term Headwind, Which Co Expects to Become a Positive In FY 2021",3,uncertain,0.6,0.3,,156,34,1.0,2019-06-25,60628.0,-3.057798929512501,2.525966428220272,2.442619347466457,2.5708487186244966,-2.691268175840378,-4.135014408335258,-3.018429925565813
10256,FEDEX CORP,"FedEx Is Now The World's Policeman, Lawsuit Says",3,decrease,0.75,0.6,,134,34,0.0,2019-06-25,60628.0,-3.057798929512501,2.525966428220272,2.442619347466457,2.5708487186244966,-2.691268175840378,-4.135014408335258,-3.018429925565813
10264,FEDEX CORP,FedEx Reports Mixed Q4 Earnings,3,uncertain,0.6,0.3,,129,34,1.0,2019-06-25,60628.0,-3.057798929512501,2.525966428220272,2.442619347466457,2.5708487186244966,-2.691268175840378,-4.135014408335258,-3.018429925565813
10272,FEDEX CORP,FedEx Sees FY20 Adj. EPS Down In Mid Single Digit Percent Range,3,decrease,0.85,0.7,,138,34,0.0,2019-06-25,60628.0,-3.057798929512501,2.525966428220272,2.442619347466457,2.5708487186244966,-2.691268175840378,-4.135014408335258,-3.018429925565813
10280,FEDEX CORP,"FedEx Q4 Adj. EPS $5.01 Beats $4.93 Estimate, Sales $17.8B Miss $17.88B Estimate",3,uncertain,0.6,0.2,,153,34,1.0,2019-06-25,60628.0,-3.057798929512501,2.525966428220272,2.442619347466457,2.5708487186244966,-2.691268175840378,-4.135014408335258,-3.018429925565813
10288,FEDEX CORP,Today's Pickup: UPS Seeks To Kick Open Doors To Global Trade For Women-Owned Businesses,3,uncertain,0.5,0.2,,139,34,1.0,2019-06-25,60628.0,-3.057798929512501,2.525966428220272,2.442619347466457,2.5708487186244966,-2.691268175840378,-4.135014408335258,-3.018429925565813
10296,FEDEX CORP,"UPS, On FedEx's Lawsuit Against The U.S. Government, Says Will Not Join The Lawsuit Filed By FedEx",3,uncertain,0.6,0.2,,148,34,1.0,2019-06-25,60628.0,-3.057798929512501,2.525966428220272,2.442619347466457,2.5708487186244966,-2.691268175840378,-4.135014408335258,-3.018429925565813
10304,FEDEX CORP,What The Truck?!? – Headhaul /Backhaul Double Album Of Freight,3,uncertain,0.5,0.3,,137,34,1.0,2019-06-25,60628.0,-3.057798929512501,2.525966428220272,2.442619347466457,2.5708487186244966,-2.691268175840378,-4.135014408335258,-3.018429925565813
10312,FEDEX CORP,Tuesday's Market Minute: FedEx Fights Back,3,uncertain,0.6,0.3,,132,34,1.0,2019-06-25,60628.0,-3.057798929512501,2.525966428220272,2.442619347466457,2.5708487186244966,-2.691268175840378,-4.135014408335258,-3.018429925565813
10320,FEDEX CORP,Q4 Earnings Outlook For FedEx,3,uncertain,0.6,0.3,,129,25,1.0,2019-06-25,60628.0,-3.057798929512501,2.525966428220272,2.442619347466457,2.5708487186244966,-2.691268175840378,-4.135014408335258,-3.018429925565813
10328,NATIONAL BEVERAGE CORP,Hearing Jefferies Saying National Beverage Sales Declined 9.8% For The Nielsen Beverage Trends For 4 Weeks Ended 6/15; Reiterates $34 PT,3,decrease,0.8,0.6,,164,34,0.0,2019-06-25,76839.0,-2.264492772519588,-2.1779393777251244,3.104726939363034,-1.876740952389444,0.5693464074283838,2.1276552645403735,0.3180358786723625
10336,GLACIER BANCORP INC NEW,Glacier Bancorp Raises Qtr. Dividend From $0.26 To $0.27/Share,3,increase,0.75,0.5,,153,33,2.0,2019-06-25,87952.0,-0.2289497526362537,0.86690504103899,2.524216904719512,1.8534037191023425,-1.0072971694171429,-1.4045587174912333,-1.280759192380032
10344,SPDR GOLD TRUST,Hearing BMO Capital Says Macro Uncertainty Already Priced Into Gold,3,uncertain,0.6,0.2,,136,34,1.0,2019-06-25,90448.0,0.1941126654855907,-0.9165393188595772,-0.58866864451943,-0.2757043160928285,1.4850785955786705,2.158494235687747,4.7306301813993645
10352,GASLOG PARTNERS LP,"Stifel Nicolaus Downgrades GasLog Partners to Hold, Announces $22 Price Target",3,decrease,0.8,0.6,,142,34,0.0,2019-06-25,14643.0,-2.784332819283009,1.7475664615631104,2.4757291327318853,2.42718424650592,-1.4876787550747397,-0.8423037294296276,-0.9350110808046708
10360,ALPHABET INC,Needham's Checks Suggest Angi Homeservices Faces Growing Competition From Google,3,decrease,0.75,0.6,,136,34,0.0,2019-06-25,14542.0,-2.614927850663662,-0.6029297132045031,2.2920812625955467,4.982740908918859,-0.5669042468070984,0.3688952230236353,1.1965621770080093
10368,HALOZYME THERAPEUTICS INC,Halozyme Announces CRADA With National Institute Of Allergy And Infectious Diseases For Use Of ENHANZE Drug Delivery Technology,3,increase,0.75,0.6,,157,29,2.0,2019-06-25,90436.0,1.055245660245419,0.2456941409036517,6.756746894655152,5.528252678197476,-1.9476547837257383,-2.4227716680269795,-3.126870499687473
10376,INTERNATIONAL BUSINESS MACHS COR,Investors Sell The News Of IBM-Cloudera Rumor,3,decrease,0.75,0.6,,136,34,0.0,2019-06-25,12490.0,-0.7104452233761549,0.1156429992988705,1.3443195849590197,1.525007696027525,0.1077651977539062,0.3601008032065866,1.6559703865197006
10384,INTERNATIONAL BUSINESS MACHS COR,Hearing Dealreporter Out Saying IBM Could Acquire Cloudera,3,uncertain,0.6,0.3,,137,34,1.0,2019-06-25,12490.0,-0.7104452233761549,0.1156429992988705,1.3443195849590197,1.525007696027525,0.1077651977539062,0.3601008032065866,1.6559703865197006
10392,INTERCEPT PHARMACEUTICALS INC,"Stifel Nicolaus Initiates Coverage On Intercept Pharmaceuticals with Hold Rating, Announces $89 Price Target",3,uncertain,0.6,0.2,,152,30,1.0,2019-06-25,13643.0,-1.6689695417881008,-0.7529402151703835,0.3828523193587507,-5.385402343375767,-2.088704891502857,-3.112458963402942,-4.299260566954444
10400,INTUIT INC,Xero Aggressively Targets Underpenetrated Cloud Accounting Market,3,decrease,0.75,0.6,,132,34,0.0,2019-06-25,78975.0,-1.8487483263015752,-0.3844771767035126,3.433141773882165,6.911794386432835,0.3173823235556483,-1.6200431847367858,-0.1180268548623186
10408,JACK IN THE BOX INC,"UPDATE: Credit Suisse Initiates Jack In The Box With Underperform As Firm Notes 'With limited visibility into the drivers supporting a sustainable inflection in SSS and unit growth, and fewer levers to unlock value, JACK warrants a valuation discount'",3,decrease,0.85,0.7,,172,34,0.0,2019-06-25,77453.0,-3.029574081301689,-0.9459728375077248,1.3193989582422685,-0.8712933882893292,-2.6210663840174675,-2.9404897885906056,-3.235230263415867
10416,JACK IN THE BOX INC,"Credit Suisse Initiates Coverage On Jack In The Box with Underperform Rating, Announces $75 Price Target",3,decrease,0.85,0.7,,144,30,0.0,2019-06-25,77453.0,-3.029574081301689,-0.9459728375077248,1.3193989582422685,-0.8712933882893292,-2.6210663840174675,-2.9404897885906056,-3.235230263415867
10424,JONES LANG LASALLE INC,"Xencor To Replace HFF In The S&P SmallCap 600, Shares Rise",3,uncertain,0.6,0.3,,144,34,1.0,2019-06-25,85246.0,-0.8439458906650543,-0.5796414334326982,0.9391840562916088,0.6089966873987773,-1.5048413537442684,-2.302939460228559,-1.2784593101166308
10432,KELLOGG CO,"Consumer Edge Research Downgrades Kellogg to Underweight, Announces $49 Price Target",3,decrease,0.85,0.7,,141,34,0.0,2019-06-25,26825.0,-2.258473075926304,-1.9805574789643288,-2.237295813719442,0.4584636523668139,0.3597783157601952,1.0871576459276389,1.3258255128344445
10440,KANDI TECHNOLOGIES GROUP INC,Kandi Technologies Group shares are trading higher after the company's joint venture with Geely Group received a national subsidy payment of $127.7 million from the Chinese government for sales of new energy vehicles.,3,increase,0.85,0.7,,168,29,2.0,2019-06-25,92589.0,-1.0526356287300591,-0.2127606887370348,11.063829614908016,20.63830422514117,-6.126481294631958,-3.258652880091162,-7.945733724041237
10448,KROGER CO,Possible Grocery Strike Raises Questions About Online Delivery In Southern California,3,decrease,0.75,0.6,,133,34,0.0,2019-06-25,16678.0,-1.041664555668831,-1.9221970811486244,-1.8764294523910707,-0.9153352556830696,-0.7194237783551216,-4.539556038285031,-6.598982839999701
10456,KRATOS DEFENSE & SECUR SOLS INC,Kratos Defense & Security Option Alert: Aug 16 $25 Calls Sweep (36) near the Ask: 979 @ $0.8 vs 1683 OI; Earnings 8/1 After Close [est] Ref=$22.2,3,increase,0.7,0.6,,187,33,2.0,2019-06-25,87430.0,-2.368180453777313,1.5102971345186234,9.016014761832714,10.343250057510025,0.6294936873018742,-1.7559329648625832,1.634871428307738
10464,LENNAR CORP,Mid-Day Market Update: Allergan Jumps On Acquisition News; Conatus Pharmaceuticals Shares Plunge,3,uncertain,0.5,0.1,,143,29,1.0,2019-06-25,52708.0,-6.205016002058983,-1.3894690200686457,0.6843592970486867,0.497712551156626,0.1168478629551827,-2.5033182487146366,-1.3054335240440196
10472,LENNAR CORP,Mid-Day Market Update: Allergan Jumps On Acquisition News; Conatus Pharmaceuticals Shares Plunge,3,uncertain,0.5,0.1,,143,29,1.0,2019-06-25,52708.0,-6.205016002058983,-1.3894690200686457,0.6843592970486867,0.497712551156626,0.1168478629551827,-2.5033182487146366,-1.3054335240440196
10480,LENNAR CORP,Lennar shares are trading lower after the company issued Q3 EPS guidance below consensus estimates.,3,decrease,0.85,0.7,,142,34,0.0,2019-06-25,52708.0,-6.205016002058983,-1.3894690200686457,0.6843592970486867,0.497712551156626,0.1168478629551827,-2.5033182487146366,-1.3054335240440196
10488,LENNAR CORP,Lennar shares are trading lower after the company issued Q3 EPS guidance below consensus estimates.,3,decrease,0.85,0.7,,142,34,0.0,2019-06-25,52708.0,-6.205016002058983,-1.3894690200686457,0.6843592970486867,0.497712551156626,0.1168478629551827,-2.5033182487146366,-1.3054335240440196
10496,LENNAR CORP,"Lennar Corp Expects Q3 Deliveries Between 13,000 And 13,250 Homes,  Expects Q3 Average Sales Price To Be Between $385,000 And $390,000; Sees Q3 Gross Margin 20.25%-20.50%",3,increase,0.75,0.6,,181,33,2.0,2019-06-25,52708.0,-6.205016002058983,-1.3894690200686457,0.6843592970486867,0.497712551156626,0.1168478629551827,-2.5033182487146366,-1.3054335240440196
10504,LENNAR CORP,"Lennar Corp Expects Q3 Deliveries Between 13,000 And 13,250 Homes,  Expects Q3 Average Sales Price To Be Between $385,000 And $390,000; Sees Q3 Gross Margin 20.25%-20.50%",3,increase,0.75,0.6,,181,33,2.0,2019-06-25,52708.0,-6.205016002058983,-1.3894690200686457,0.6843592970486867,0.497712551156626,0.1168478629551827,-2.5033182487146366,-1.3054335240440196
10512,LENNAR CORP,Hearing Lennar Sees Q3 EPS $1.25-$1.35 vs $1.52 Est.,3,decrease,0.8,0.6,,147,34,0.0,2019-06-25,52708.0,-6.205016002058983,-1.3894690200686457,0.6843592970486867,0.497712551156626,0.1168478629551827,-2.5033182487146366,-1.3054335240440196
10520,LENNAR CORP,Hearing Lennar Sees Q3 EPS $1.25-$1.35 vs $1.52 Est.,3,decrease,0.8,0.6,,147,34,0.0,2019-06-25,52708.0,-6.205016002058983,-1.3894690200686457,0.6843592970486867,0.497712551156626,0.1168478629551827,-2.5033182487146366,-1.3054335240440196
10528,LENNAR CORP,"Lennar Corp Says US Tariffs On Chinese Goods Has Been A Headwind; On Average, The Impact For Lennar Is About $500 Per Home",3,decrease,0.75,0.6,,155,34,0.0,2019-06-25,52708.0,-6.205016002058983,-1.3894690200686457,0.6843592970486867,0.497712551156626,0.1168478629551827,-2.5033182487146366,-1.3054335240440196
10536,LENNAR CORP,"Lennar Corp Says US Tariffs On Chinese Goods Has Been A Headwind; On Average, The Impact For Lennar Is About $500 Per Home",3,decrease,0.75,0.6,,155,30,0.0,2019-06-25,52708.0,-6.205016002058983,-1.3894690200686457,0.6843592970486867,0.497712551156626,0.1168478629551827,-2.5033182487146366,-1.3054335240440196
10544,LENNAR CORP,Lennar Corp Says Expects To See Margin Improvement Through Remainder Of FY 2019 As Incentives Subside,3,increase,0.75,0.6,,149,29,2.0,2019-06-25,52708.0,-6.205016002058983,-1.3894690200686457,0.6843592970486867,0.497712551156626,0.1168478629551827,-2.5033182487146366,-1.3054335240440196
10552,LENNAR CORP,Lennar Corp Says Expects To See Margin Improvement Through Remainder Of FY 2019 As Incentives Subside,3,increase,0.75,0.6,,149,29,2.0,2019-06-25,52708.0,-6.205016002058983,-1.3894690200686457,0.6843592970486867,0.497712551156626,0.1168478629551827,-2.5033182487146366,-1.3054335240440196
10560,LENNAR CORP,"Anticipation Of Powell Speech, G20 Summit Has Market In Wait-And-See Mode",3,uncertain,0.7,0.2,,142,34,1.0,2019-06-25,52708.0,-6.205016002058983,-1.3894690200686457,0.6843592970486867,0.497712551156626,0.1168478629551827,-2.5033182487146366,-1.3054335240440196
10568,LENNAR CORP,"Anticipation Of Powell Speech, G20 Summit Has Market In Wait-And-See Mode",3,uncertain,0.7,0.2,,142,34,1.0,2019-06-25,52708.0,-6.205016002058983,-1.3894690200686457,0.6843592970486867,0.497712551156626,0.1168478629551827,-2.5033182487146366,-1.3054335240440196
10576,LENNAR CORP,Lennar Trades Higher After Q2 Earnings Beat,3,increase,0.85,0.7,,134,29,2.0,2019-06-25,52708.0,-6.205016002058983,-1.3894690200686457,0.6843592970486867,0.497712551156626,0.1168478629551827,-2.5033182487146366,-1.3054335240440196
10584,LENNAR CORP,Lennar Trades Higher After Q2 Earnings Beat,3,increase,0.85,0.7,,134,33,2.0,2019-06-25,52708.0,-6.205016002058983,-1.3894690200686457,0.6843592970486867,0.497712551156626,0.1168478629551827,-2.5033182487146366,-1.3054335240440196
10592,LENNAR CORP,"Lennar Q2 EPS $1.3 Beats $1.14 Estimate, Sales $5.6B Beat $5.1B Estimate",3,increase,0.85,0.7,,154,29,2.0,2019-06-25,52708.0,-6.205016002058983,-1.3894690200686457,0.6843592970486867,0.497712551156626,0.1168478629551827,-2.5033182487146366,-1.3054335240440196
10600,LENNAR CORP,"Lennar Q2 EPS $1.3 Beats $1.14 Estimate, Sales $5.6B Beat $5.1B Estimate",3,increase,0.85,0.7,,154,33,2.0,2019-06-25,52708.0,-6.205016002058983,-1.3894690200686457,0.6843592970486867,0.497712551156626,0.1168478629551827,-2.5033182487146366,-1.3054335240440196
10608,LOCKHEED MARTIN CORP,US Army Awards Lockheed Martin $561.8M Contract For ATACMS Missile,3,increase,0.8,0.6,,145,33,2.0,2019-06-25,21178.0,0.1611163257621229,-0.293986452743411,1.944200562350584,2.107833873548226,0.1725360751152038,-0.7772814422627339,1.1947262180196594
10616,LOCKHEED MARTIN CORP,U.S. Envoy to Nato Says Turkey Will Lose F-35 if Russia S-400 Deal Goes Ahead,3,decrease,0.75,0.6,,150,34,0.0,2019-06-25,21178.0,0.1611163257621229,-0.293986452743411,1.944200562350584,2.107833873548226,0.1725360751152038,-0.7772814422627339,1.1947262180196594
10624,LINCOLN NATIONAL CORP,Goldman Sachs Upgrades Lincoln National to Buy,3,increase,0.85,0.7,,135,33,2.0,2019-06-25,49015.0,-1.41494944691658,1.3223730958998203,4.563776903210348,5.414743588113002,-0.0476700777653604,-1.611135256811291,0.286990302638257
10632,LIPOCINE INC,"Lipocine Set To Join Russell Microcap Index , Effective Jul. 1",3,increase,0.75,0.6,,140,33,2.0,2019-06-25,14545.0,3.714289143681526,4.132227227091789,6.3360818322135914,4.132227329464655,-4.371586814522743,-2.2346346434875985,-3.8461564755637334
10640,LIGHTPATH TECHNOLOGIES INC,LightPath Technologies Announces That It Is Experiencing Significant Interest In Its New Line Of Infrared Optics For Commercial Applications Fueled By The Use Of Proprietary Chalcogenide Glass Material,3,increase,0.8,0.6,,164,29,2.0,2019-06-25,83149.0,0.1346303964965045,-0.840335339307785,12.044819734594348,3.8319339717006295,-2.0549453794956207,-2.5901637407972578,-3.119564490355653
10648,L S I INDUSTRIES INC,Accretive Capital Management Reports 6.16% Stake in LSI Industries; Says Shares are Undervalued,3,increase,0.75,0.6,,149,33,2.0,2019-06-25,89456.0,-5.7220716029405585,1.445085275918245,8.959535537866525,14.45086659093251,1.3812207616865635,0.5479446251939191,1.3812206991532738
10656,MCDONALDS CORP,"McDonald's Hit New All-Time High After Quarter Pounder Update, Bullish Rating",3,increase,0.85,0.7,,144,33,2.0,2019-06-25,43449.0,0.8777993731200695,-0.5639024078845978,1.881286735993526,3.5438204338431145,-0.1664527342654764,-0.5850219334699758,-0.3079955550994717
10664,MCDONALDS CORP,McDonald's Shares Hit All-Time High Of $206.39,3,increase,0.85,0.7,,140,33,2.0,2019-06-25,43449.0,0.8777993731200695,-0.5639024078845978,1.881286735993526,3.5438204338431145,-0.1664527342654764,-0.5850219334699758,-0.3079955550994717
10672,MCDONALDS CORP,"UPDATE: Credit Suisse On McDonald's Also Notes Co's 'SSS represent the greatest source of upside to shares, with MCD's slate of on-trend sales initiatives supporting outperformance'",3,increase,0.8,0.6,,165,29,2.0,2019-06-25,43449.0,0.8777993731200695,-0.5639024078845978,1.881286735993526,3.5438204338431145,-0.1664527342654764,-0.5850219334699758,-0.3079955550994717
10680,MCDONALDS CORP,"UPDATE: Credit Suisse Initiates McDonald's With Outperform, $230 Target As Firm Believes Co. Is 'expanding its competitive moat relative to peers'",3,increase,0.8,0.6,,159,33,2.0,2019-06-25,43449.0,0.8777993731200695,-0.5639024078845978,1.881286735993526,3.5438204338431145,-0.1664527342654764,-0.5850219334699758,-0.3079955550994717
10688,MCDONALDS CORP,McDonald's Option Alert: Fri $207.5 Calls Sweep (2) near the Ask: 1000 @ $0.561 vs 3986 OI; Earnings 7/25 Before Open [est] Ref=$205.87,3,uncertain,0.6,0.3,,177,34,1.0,2019-06-25,43449.0,0.8777993731200695,-0.5639024078845978,1.881286735993526,3.5438204338431145,-0.1664527342654764,-0.5850219334699758,-0.3079955550994717
10696,MCDONALDS CORP,"Credit Suisse Initiates Coverage On McDonald's with Outperform Rating, Announces $230 Price Target",3,increase,0.8,0.6,,146,33,2.0,2019-06-25,43449.0,0.8777993731200695,-0.5639024078845978,1.881286735993526,3.5438204338431145,-0.1664527342654764,-0.5850219334699758,-0.3079955550994717
10704,MCDONALDS CORP,Credit Suisse Initiates McDonald's with Outperform; $230 Price Target,3,increase,0.8,0.6,,142,29,2.0,2019-06-25,43449.0,0.8777993731200695,-0.5639024078845978,1.881286735993526,3.5438204338431145,-0.1664527342654764,-0.5850219334699758,-0.3079955550994717
10712,MICROCHIP TECHNOLOGY INC,"UPDATE: Wells Fargo Sees 3 Main Reasons For New Outperform Rating On Microchip: Mgmt. Efforts To Pay Down Debt, Microsemi Acquisition, Efforts To Drive Additional EPS Acceleration From The Acquisition",3,increase,0.8,0.6,,170,29,2.0,2019-06-25,78987.0,-1.397856045514345,3.847981616854668,6.909691863857703,6.456990843279464,0.035251211374998,-0.5258291475528809,0.4483743359162906
10720,MICROCHIP TECHNOLOGY INC,"Wells Fargo Initiates Coverage On Microchip Technology with Outperform Rating, Announces $105 Price Target",3,increase,0.8,0.6,,146,29,2.0,2019-06-25,78987.0,-1.397856045514345,3.847981616854668,6.909691863857703,6.456990843279464,0.035251211374998,-0.5258291475528809,0.4483743359162906
10728,M D C HOLDINGS INC,MDC Holdings Filing Shows Registration For $2B Mixed Securities Offering,3,uncertain,0.6,0.3,,139,34,1.0,2019-06-25,66245.0,-2.794162184000015,-0.862339697778225,6.419675118498813,16.8955580327115,-0.7396045606583357,-3.3893253193970296,-2.334749714992357
10736,MEDTRONIC PLC,Morgan Stanley: Medtronic's $4B Financing Could Be 10-Cent EPS Tailwind,3,increase,0.75,0.1,,144,29,2.0,2019-06-25,60097.0,-0.2622046507894993,-1.698685809969902,-0.8594524287134586,0.4995651447229798,-0.2213660627603531,-0.1007439733702209,0.4151935821666175
10744,METLIFE INC,Tycoon Richard Li's FWD in Talks to Buy MetLife Hong Kong,3,uncertain,0.6,0.3,,137,34,1.0,2019-06-25,87842.0,-0.7333481684327127,0.2872961107641458,2.606198363138379,3.26287740038691,0.3680235240608454,-0.5470025626317043,0.697436173719157
10752,MARKETAXESS HLDGS INC,MarketAxess shares trading lower despite news yesterday evening the company will replace L3 Technologies in the S&P 500. Axon will replace MarketAxess in the S&P MidCap 400,3,decrease,0.75,0.6,,167,34,0.0,2019-06-25,90454.0,-4.197940230369568,-1.9966132938861847,3.7142696255057177,9.5160433494738,-0.0180129587533883,0.5009668296769298,0.4918598159376453
10760,MAGELLAN MIDSTREAM PTNRS L P,"U.S. Pipeline Operator Magellan Midstream Partners Is Exploring The Sale Of A 35% Stake In Its Longhorn Crude Oil Pipeline In Texas For As Much As $2 Billion, Four People Familiar With The Matter Said On Tuesday",3,uncertain,0.6,0.3,,181,34,1.0,2019-06-25,88901.0,1.2715227901935582,0.7787693757563829,1.907191090944216,4.291170816949941,-0.1446482609026134,0.4202394623787686,0.5177150973969757
10768,MERCK & CO INC NEW,Intensity Therapeutics Announces Clinical Collaboration With Merck For A Phase 1/2 Clinical Trial To Evaluate Co'S Int230-6 In Combination With Keytruda For Multiple Solid Tumor Types,3,increase,0.75,0.6,,164,29,2.0,2019-06-25,22752.0,-0.3157575381919742,-1.994365267455578,0.3167577722357206,-0.4927243395441372,1.111508160829544,1.0756544738794505,0.1757281684062972
10776,MICRON TECHNOLOGY INC,"From Micron Q3 Earnings Conference Call: Mgmt. Unable To Predict Volumes, Time Periods Over Which We'll Be Able To Ship Products To Huawei",3,decrease,0.75,0.6,,155,34,0.0,2019-06-25,53613.0,-1.536602433770895,13.341495394706726,21.175025424288577,31.272953851174012,-0.1804552623070776,-2.811135797599784,-2.2097821022317943
10784,MICRON TECHNOLOGY INC,From Micron Q3 Earnings Conference Call: Sees Q4 Gross Margin 27.5-30.5%,3,increase,0.75,0.6,,147,33,2.0,2019-06-25,53613.0,-1.536602433770895,13.341495394706726,21.175025424288577,31.272953851174012,-0.1804552623070776,-2.811135797599784,-2.2097821022317943
10792,MICRON TECHNOLOGY INC,"From Micron Q3 Earnings Conference Call: Sees Q4 EPS $0.38-$0.52 May Not Compare To $0.78 Estimate, Sales $4.3B-$4.7B vs $4.9B Est.",3,decrease,0.85,0.7,,174,34,0.0,2019-06-25,53613.0,-1.536602433770895,13.341495394706726,21.175025424288577,31.272953851174012,-0.1804552623070776,-2.811135797599784,-2.2097821022317943
10800,MICRON TECHNOLOGY INC,From Micron Q3 Earnings Conference Call: Co. Would Have Hit High End Of Q3 Guidance If Huawei Ban Not In Place,3,decrease,0.75,0.5,,150,30,0.0,2019-06-25,53613.0,-1.536602433770895,13.341495394706726,21.175025424288577,31.272953851174012,-0.1804552623070776,-2.811135797599784,-2.2097821022317943
10808,MICRON TECHNOLOGY INC,From Micron Q3 Earnings Conference Call: Co. In H2'19 Will Start Cutting Wafer Starts By 10%,3,decrease,0.75,0.6,,149,34,0.0,2019-06-25,53613.0,-1.536602433770895,13.341495394706726,21.175025424288577,31.272953851174012,-0.1804552623070776,-2.811135797599784,-2.2097821022317943
10816,MICRON TECHNOLOGY INC,Micron Technology Says It Reviewed Huawei Ban And Resumed Shipping A 'Subset' Of Products Two Weeks Ago,3,increase,0.7,0.5,,145,29,2.0,2019-06-25,53613.0,-1.536602433770895,13.341495394706726,21.175025424288577,31.272953851174012,-0.1804552623070776,-2.811135797599784,-2.2097821022317943
10824,MICRON TECHNOLOGY INC,Micron Trades Higher After Big Q3 Earnings Beat,3,increase,0.85,0.7,,134,33,2.0,2019-06-25,53613.0,-1.536602433770895,13.341495394706726,21.175025424288577,31.272953851174012,-0.1804552623070776,-2.811135797599784,-2.2097821022317943
10832,MICRON TECHNOLOGY INC,"Micron Q3 Earnings Filing Shows Comment 'Micron will host a conference call on Tuesday, June 25, 2019 at 2:30 p.m. MT to discuss financial results and provide forward-looking guidance for its fiscal fourth quarter.'",3,uncertain,0.6,0.5,,173,34,1.0,2019-06-25,53613.0,-1.536602433770895,13.341495394706726,21.175025424288577,31.272953851174012,-0.1804552623070776,-2.811135797599784,-2.2097821022317943
10840,MICRON TECHNOLOGY INC,"Micron Technology Q3 Adj. EPS $1.05 Beats $0.83 Estimate, Sales $4.788B Beat $4.77B Estimate",3,increase,0.85,0.7,,156,33,2.0,2019-06-25,53613.0,-1.536602433770895,13.341495394706726,21.175025424288577,31.272953851174012,-0.1804552623070776,-2.811135797599784,-2.2097821022317943
10848,MICRON TECHNOLOGY INC,Micron Technology Option Alert: Fri $36 Calls Sweep (44) near the Ask: 1000 @ $0.448 vs 7138 OI; Ref=$33.6835,3,increase,0.7,0.6,,163,33,2.0,2019-06-25,53613.0,-1.536602433770895,13.341495394706726,21.175025424288577,31.272953851174012,-0.1804552623070776,-2.811135797599784,-2.2097821022317943
10856,MICRON TECHNOLOGY INC,Micron Technology Q3 Earnings Preview,3,uncertain,0.6,0.3,,131,25,1.0,2019-06-25,53613.0,-1.536602433770895,13.341495394706726,21.175025424288577,31.272953851174012,-0.1804552623070776,-2.811135797599784,-2.2097821022317943
10864,MICRON TECHNOLOGY INC,"NAND Flash, Low-power DDR Chip Suppliers Continue to Digest Excess inventory",3,decrease,0.75,0.6,,138,34,0.0,2019-06-25,53613.0,-1.536602433770895,13.341495394706726,21.175025424288577,31.272953851174012,-0.1804552623070776,-2.811135797599784,-2.2097821022317943
10872,NEXTERA ENERGY INC,"Bank of America Maintains Buy on NextEra Energy, Raises Price Target to $225",3,increase,0.8,0.6,,143,33,2.0,2019-06-25,24205.0,-0.9510066360235214,-1.527491956949234,0.6982844532331445,1.580833204295562,0.3131746081635356,0.8818645317558715,0.950344937075065
10880,NETFLIX INC,'NBC is removing 'The Office' from Netflix in 2021 and putting it on its new streaming service' -CNBC,3,decrease,0.8,0.6,,148,34,0.0,2019-06-25,89393.0,-2.894572168588638,0.5273451097309589,4.199279828032987,5.7452158288554545,0.4956575110554695,1.5963465582264913,2.068667430283977
10888,NETFLIX INC,'Disney+ Hires Away Netflix Director Of Original Film Matt Brodlie For Key International Content Role'  -Deadline,3,decrease,0.7,0.5,,146,34,0.0,2019-06-25,89393.0,-2.894572168588638,0.5273451097309589,4.199279828032987,5.7452158288554545,0.4956575110554695,1.5963465582264913,2.068667430283977
10896,NETAPP INC,"JP Morgan Maintains Neutral on NetApp, Raises Price Target to $67",3,increase,0.7,0.5,,135,33,2.0,2019-06-25,82598.0,-0.4734708927571774,-0.5413353443145752,1.5912094823292475,-0.3559316612985919,-0.3416841616854071,-2.265834099914199,-0.7615055544535787
10904,NOVARTIS A G,NASH Disappointment Forces Conatus To Explore Strategic Alternatives,3,uncertain,0.6,0.3,,135,34,1.0,2019-06-25,88233.0,-0.4633623640984297,-1.266651228070259,-0.2923072761867318,-1.0609541035427994,0.3351769875735044,0.4655194254442607,0.9683379043458727
10912,NYMOX PHARMACEUTICAL CORP,Nymox Releases End Of Q2 Investor PResentation On Website,3,uncertain,0.6,0.3,,148,34,1.0,2019-06-25,85706.0,-2.8901774436235432,-9.52380746603012,-10.11904503295813,1.7857198082294137,-8.94736647605896,-3.351952431702099,-4.945056882505138
10920,OCEAN POWER TECHNOLOGIES INC,"Ocean Power Technologies 8-K Shows Contract Amendment With Premier Oil UK To Amend Terms Of Deal By Modifying Contract Milestones Such That Delivery Of PB3 For Initial Trial Phase Shall Occur No Later Than Jul. 19, 2019",3,uncertain,0.6,0.3,,178,34,1.0,2019-06-25,91964.0,-2.040820382535458,-1.0416656732559204,-3.1249969833432756,10.416663586830843,-2.9702942818403244,-4.854364447760428,-7.547163012965963
10928,ORRSTOWN FINANCIAL SERVICES INC,Orrstown Financial Names Thomas Brugger CFO,3,uncertain,0.6,0.3,,139,34,1.0,2019-06-25,92919.0,0.9212380275130272,-0.593332527205348,-0.6389747839681492,-0.8671862790941565,-1.0934016667306423,1.8292653869295572,1.353870170134619
10936,OCCIDENTAL PETROLEUM CORP,Occidental Mulls Sale of Anadarko's Western Stake,3,uncertain,0.6,0.3,,141,34,1.0,2019-06-25,34833.0,-1.022245641797781,2.106110006570816,-1.2150713745666897,1.7415971246949935,-1.422646176069975,-2.748537792978978,-0.8151091158293933
10944,PAYCHEX INC,A Preview Of Paychex's Q4 Earnings,3,uncertain,0.6,0.3,,132,25,1.0,2019-06-25,61621.0,-1.6012964770197868,-3.5731207579374313,-1.379723916865827,0.7782970421566393,-0.3929684869945049,-1.5760590267225094,-1.1016744308449231
10952,P G & E CORP,What's Next For PG&E? Bondholders Look To Forge New Path For The Company,3,uncertain,0.6,0.3,,142,34,1.0,2019-06-25,13688.0,-0.323025812394917,0.5555505864322186,3.703700072233751,-0.9259293842144524,-5.618462711572647,-8.061093075645632,5.552846826540003
10960,P G & E CORP,"UPDATE: PG&E Bondholder Commitee Says Centerpiece Of Plan Is Up To $30B In New Money, Primarily Equity, To Be Invested In Debtors",3,increase,0.75,0.6,,161,33,2.0,2019-06-25,13688.0,-0.323025812394917,0.5555505864322186,3.703700072233751,-0.9259293842144524,-5.618462711572647,-8.061093075645632,5.552846826540003
10968,P G & E CORP,"Court Filing Shows PG&E Bondholder Committee Is Seeking Court Permission To File Competing Bankruptcy Reorganization Plan, Says Co. Has Been Too Slow",3,decrease,0.75,0.6,,154,34,0.0,2019-06-25,13688.0,-0.323025812394917,0.5555505864322186,3.703700072233751,-0.9259293842144524,-5.618462711572647,-8.061093075645632,5.552846826540003
10976,PACIRA BIOSCIENCES INC,Pacira BioSciences Announces Validation Of EXPAREL Marketing Authorization Application From European Medicines Agency,3,increase,0.8,0.6,,144,33,2.0,2019-06-25,12583.0,1.02041382342577,-0.8264476433396339,-2.341598806511125,-0.9641919061321946,-1.955435611307621,-1.282054343524941,-1.1689252561633443
10984,PARAMOUNT GROUP INC,Paramount Group Reports Purchase Of Office Building At 55 Second Street In San Francisco's South Financial District For $408M,3,increase,0.75,0.6,,146,33,2.0,2019-06-25,15048.0,-1.112655363976955,-4.641348868608475,0.1648262173746362,1.7940952058092874,-1.843000017106533,-3.489929508982048,-3.489929508982048
10992,PARATEK PHARMACEUTICALS INC,Paratek Pharma Reports Promotion Of Evan Loh To CEO,3,increase,0.7,0.5,,144,33,2.0,2019-06-25,91279.0,-0.5291000474244356,0.5319143645465374,6.64894259987554,1.8617003435947188,-0.2638519974425435,-0.2638519974425435,-1.5624985194054974
11000,PAPA JOHNS INTL INC,"UPDATE: Credit Suisse Initiates Papa John's With Neutral, $45 Target As Firm Notes 'While we see risk to numbers and the multiple, short interest of ~30% of float (8 days to cover), activist involvement and takeout potential keep us Neutral'",3,uncertain,0.6,0.3,,179,30,1.0,2019-06-25,79299.0,-2.947844192385674,-0.8644835092127323,4.275705195340462,7.406546705431616,-0.6085203029215336,-6.488552611240395,-10.256412207439636
11008,PAPA JOHNS INTL INC,"Credit Suisse Initiates Coverage On Papa John's International with Neutral Rating, Announces $45 Price Target",3,uncertain,0.6,0.3,,146,34,1.0,2019-06-25,79299.0,-2.947844192385674,-0.8644835092127323,4.275705195340462,7.406546705431616,-0.6085203029215336,-6.488552611240395,-10.256412207439636
11016,RESTAURANT BRANDS INTL INC,"UPDATE: Credit Suisse Initiates Restaurant Brands International With Outperform, $78 Target As Firm Notes Co. is 'well positioned to generate global market share gains across its portfolio with contribution from SSS and unit growth'",3,increase,0.8,0.6,,174,33,2.0,2019-06-25,15113.0,-0.9816509671509266,-2.241375856101513,-0.0862033488337021,2.212645194242513,0.4286370240151882,1.0204068099199493,1.238658509485835
11024,RESTAURANT BRANDS INTL INC,Credit Suisse Initiates Coverage On Restaurant Brands Intl with Outperform Rating,3,increase,0.75,0.6,,145,29,2.0,2019-06-25,15113.0,-0.9816509671509266,-2.241375856101513,-0.0862033488337021,2.212645194242513,0.4286370240151882,1.0204068099199493,1.238658509485835
11032,R L J LODGING TRUST,"Capital One Financial Initiates Coverage On RLJ Lodging with Equal-Weight Rating, Announces $21 Price Target",3,uncertain,0.6,0.3,,150,30,1.0,2019-06-25,12756.0,-1.081391796469688,0.1726161572150886,4.376047995882781,4.434654669241533,-1.4582177624106407,-3.4084706156950695,-3.0888001905405194
11040,RAMBUS INC,Visa Will Acquire Payments Portfolio From Rambus,3,decrease,0.75,0.6,,128,34,0.0,2019-06-25,84827.0,-0.4329020623117685,3.826083242893219,5.30434485206952,5.3913034628856105,-0.9433932602405548,-2.2015259916411622,-2.0356214691621632
11048,RAMBUS INC,Visa To Acquire Rambus Payments Portfolio; Terms Not Disclosed,3,increase,0.75,0.6,,132,33,2.0,2019-06-25,84827.0,-0.4329020623117685,3.826083242893219,5.30434485206952,5.3913034628856105,-0.9433932602405548,-2.2015259916411622,-2.0356214691621632
11056,ROCKWELL MEDICAL INC DE,"Cantor Fitzgerald Initiates Coverage On Rockwell Medical with Overweight Rating, Announces $11 Price Target",3,increase,0.75,0.6,,148,29,2.0,2019-06-25,85744.0,4.729725047945976,-3.5483837127685547,-6.451606942950416,-4.193544575220065,-1.0033435188233852,-1.9867530446765147,-5.128200524463944
11064,STARBUCKS CORP,"UPDATE: Credit Suisse Initiates Starbucks With Outperform, $92 Target As Firm Notes 'An evolving digital ecosystem, beverage innovation, improved food platform, enhanced operations and pricing power support our 3-4%
SSS estimate long term'",3,increase,0.8,0.6,,173,33,2.0,2019-06-25,77702.0,0.7172725163400173,-1.0326442308723929,1.495551528957706,4.902073827465503,-0.202813372015953,-1.2280090734264837,-0.1909032746683081
11072,STARBUCKS CORP,"Credit Suisse Initiates Coverage On Starbucks with Outperform Rating, Announces $92 Price Target",3,increase,0.8,0.6,,143,33,2.0,2019-06-25,77702.0,0.7172725163400173,-1.0326442308723929,1.495551528957706,4.902073827465503,-0.202813372015953,-1.2280090734264837,-0.1909032746683081
11080,SCHNITZER STEEL INDUSTRIES INC,Q3 Earnings Preview For Schnitzer Steel,3,uncertain,0.6,0.3,,140,34,1.0,2019-06-25,79866.0,1.0305028408765788,5.344754830002785,8.60873334851011,0.3671974321603821,-1.5422044321894646,-1.502228772748726,0.6221467872363329
11088,STEELCASE INC,Steelcase 8-K Shows Co. Entered Stock Buyback Plan With An Independent Third-Party Broker For Up To 1.5M Shares,3,increase,0.75,0.6,,152,29,2.0,2019-06-25,85796.0,2.63326819986105,0.7509439252316952,7.537500707145273,9.1783204487065,0.711511354893446,-1.330798770377284,-12.38042051095346
11096,SANGAMO THERAPEUTICS INC,Sangamo Therapeutics Option Alert: Jul 19 $10 Calls Sweep (38) near the Ask: 782 @ $0.601 vs 2211 OI; Earnings 8/7 After Close [est] Ref=$9.77,3,increase,0.7,0.6,,185,33,2.0,2019-06-25,88195.0,1.671889796853065,-1.23329795897007,14.799594978390452,15.827348376805816,-3.819096833467483,-0.8290148676569076,-1.441816192426726
11104,SHERWIN WILLIAMS CO,Northcoast Research Downgrades Sherwin-Williams to Neutral,3,decrease,0.75,0.6,,141,34,0.0,2019-06-25,36468.0,-0.5644272081553936,-1.9554093480110168,0.0129557169988858,-1.2496446295201746,0.0579761224798858,-1.2085002425976432,0.2064497280874322
11112,TD SYNNEX CORP,"Synnex Sees Q3 Adj. EPS $2.80-$2.92 vs $2.79 Est., Sales $5.55B-$5.85B vs $5.58B Est.",3,increase,0.75,0.5,,169,33,2.0,2019-06-25,89900.0,-0.4328084178268908,7.998262345790863,8.269942517610174,4.422951763687677,-1.6389962285757065,-3.042385074349785,-2.10783323865551
11120,TD SYNNEX CORP,"Synnex Q2 Adj. EPS $2.86 Beats $2.71 Estimate, Sales $5.72B Beat $5.52B Estimate",3,increase,0.85,0.7,,158,29,2.0,2019-06-25,89900.0,-0.4328084178268908,7.998262345790863,8.269942517610174,4.422951763687677,-1.6389962285757065,-3.042385074349785,-2.10783323865551
11128,TD SYNNEX CORP,A Preview Of Synnex's Q2 Earnings,3,uncertain,0.6,0.3,,136,34,1.0,2019-06-25,89900.0,-0.4328084178268908,7.998262345790863,8.269942517610174,4.422951763687677,-1.6389962285757065,-3.042385074349785,-2.10783323865551
11136,SPARTANNASH CO,"Loop Capital Initiates Coverage On SpartanNash with Buy Rating, Announces $15 Price Target",3,increase,0.8,0.6,,142,33,2.0,2019-06-25,88568.0,5.6014660745859155,-1.565220020711422,-1.0434773171585143,-0.4347842565012527,-0.5479403305798769,-2.8545914022954366,-3.113873997149907
11144,SHUTTERSTOCK INC,Shutterstock Announces Co-COO And CFO Steven Berns To Depart Company; CAO Steve Ciardiello Appointed Interim CFO And Stan Pavlovsky Named President And COO,3,uncertain,0.6,0.3,,161,34,1.0,2019-06-25,13625.0,-2.197529375553131,-4.670543596148491,-2.1711705219428223,-2.903311199942016,1.2500000186264515,1.656626132391703,1.83555328697369
11152,CONSTELLATION BRANDS INC,Canopy Growth CEO Looks To The 'Pharmaceutical World' After String Of M&A Deals,3,uncertain,0.6,0.3,,144,34,1.0,2019-06-25,69796.0,1.456471066921949,0.6090322975069284,8.026106803565348,9.184339380870355,-1.344364695250988,-2.411979594175895,-1.6601631674584172
11160,CONSTELLATION BRANDS INC,Canopy Growth CEO Looks To The 'Pharmaceutical World' After String Of M&A Deals,3,uncertain,0.6,0.3,,144,34,1.0,2019-06-25,69796.0,1.456471066921949,0.6090322975069284,8.026106803565348,9.184339380870355,-1.344364695250988,-2.411979594175895,-1.6601631674584172
11168,TREEHOUSE FOODS INC,"""Shipper Of Choice"" TreeHouse Foods Bakes-In Driver Satisfaction",3,increase,0.75,0.6,,138,29,2.0,2019-06-25,90775.0,-1.907558552920818,-1.4584869146347046,2.5617032884931445,5.179507084269508,-0.9087604470551014,-1.2676580143790694,-2.8683423784521156
11176,T J X COMPANIES INC NEW,UPDATE: Nomura On TJX Companies Says Sees 'a structural share taker well positioned to capitalize on competitor weakness domestically & abroad',3,increase,0.8,0.6,,158,29,2.0,2019-06-25,40539.0,0.5115583073347807,-0.3770042676478624,-0.508954694470376,3.9773812112990914,-0.283396034501493,-1.9505908528715368,-2.512007142324957
11184,T J X COMPANIES INC NEW,"Nomura Maintains Buy on TJX Companies, Raises Price Target to $60",3,increase,0.8,0.6,,146,29,2.0,2019-06-25,40539.0,0.5115583073347807,-0.3770042676478624,-0.508954694470376,3.9773812112990914,-0.283396034501493,-1.9505908528715368,-2.512007142324957
11192,T MOBILE U S INC,'@TMobile - @sprint execs believe @JusticeATR announcement on controversial $26b merger is imminent could be as early as today so stay tuned interesting to note @JohnLegere and @marceloclaure spent the weekend and into Monday in DC story developing',3,uncertain,0.6,0.3,,180,34,1.0,2019-06-25,91937.0,-1.270848698914051,-2.0648978650569916,1.206759959425474,5.430404323316718,-0.2113553928211331,-3.0668540845343872,-3.5002528148804113
11200,THOMSON REUTERS CORP,Macquarie Downgrades Thomson Reuters to Neutral,3,decrease,0.75,0.6,,138,34,0.0,2019-06-25,89444.0,-1.655786111950874,-1.4982969500124454,1.2202671450063374,2.7803569803452,-0.2424549777060747,-1.03727424124761,-1.2599315166623382
11208,TYSON FOODS INC,Tyson Foods Option Alert: Fri $82 Calls Sweep (47) near the Ask: 518 @ $0.45 vs 195 OI; Earnings 8/5 Before Open [est] Ref=$79.74,3,increase,0.7,0.6,,170,33,2.0,2019-06-25,77730.0,-1.05171799659729,-0.5627167411148548,1.6381112070668724,2.5759628830612336,1.929623819887638,2.7851996404750334,3.935181846276992
11216,TEXAS INSTRUMENTS INC,This Day In Market History: Texas Instruments Patents Hand-Held Calculator,3,increase,0.8,0.6,,142,33,2.0,2019-06-25,15579.0,-1.108844112604856,2.6462117210030556,4.108354975914996,4.628629297732911,0.3650317434221506,0.0177484464765509,1.284816092516916
11224,UNILEVER PLC,"'Unilever to shut ice cream facility in Nevada, cut 300 jobs' -Tweet from Reuters",3,decrease,0.75,0.6,,142,34,0.0,2019-06-25,28302.0,-0.7150814402848482,-1.152370683848858,0.9122914217322142,0.3201036963531134,0.9626158513128756,1.1248606371321743,0.7041104395675069
11232,USANA HEALTH SCIENCES INC,Usana Health Sciences shares are trading higher after it was announced the company will replace Fidelity Southern Corp in the S&P SmallCap 600.,3,increase,0.8,0.6,,153,33,2.0,2019-06-25,84010.0,7.575343549251556,-0.5911065265536308,-1.413516336977061,-22.025185552872507,-0.8361900225281715,0.9630073315295418,0.4303728013517638
11240,WENDYS CO,"UPDATE: Credit Suisse Initiates Wendy's With Neutral, $20 Target As Firm Notes Following Co's Transformation 'the story shifts to execution, and we are cautious on a meaningful acceleration in SSS and unit growth from recent levels'",3,decrease,0.7,0.5,,167,34,0.0,2019-06-25,19828.0,1.671016775071621,0.1540867378935217,-0.0513622888413389,0.2568111994035948,-1.1357832700014114,-1.9959124641229289,-1.895496140965536
11248,WENDYS CO,"Credit Suisse Initiates Coverage On Wendy's with Neutral Rating, Announces $20 Price Target",3,uncertain,0.6,0.2,,139,34,1.0,2019-06-25,19828.0,1.671016775071621,0.1540867378935217,-0.0513622888413389,0.2568111994035948,-1.1357832700014114,-1.9959124641229289,-1.895496140965536
11256,XENCOR INC,Xencor shares are trading higher after it was announced the company would replace HFF Inc in the S&P SmallCap 600.,3,increase,0.8,0.6,,148,33,2.0,2019-06-25,14359.0,13.84706944227219,1.348548848181963,14.13380923222296,15.171157607623398,-3.668944537639618,-3.5042722861079345,-2.2510895557851796
11264,SPDR SERIES TRUST,Redbook Reports US Retail Sales For Week Ended June 2 Up 5% YoY,3,increase,0.75,0.6,,141,33,2.0,2019-06-25,91316.0,-0.6239460781216621,0.4346783738583326,1.738713468965769,2.5597716140121296,-1.535920426249504,-1.617435125539013,-1.199476831689994
11272,SPDR SERIES TRUST,"Redbook Reports US Retail Sales During First 3 Weeks Of June Down 2.5% Month Over Month, Up 5.1% YoY",3,decrease,0.7,0.6,,153,34,0.0,2019-06-25,91316.0,-0.6239460781216621,0.4346783738583326,1.738713468965769,2.5597716140121296,-1.535920426249504,-1.617435125539013,-1.199476831689994
11280,SPDR SERIES TRUST,"US Retail Economist/Goldman Chain Store Sales Up 2.7% During Week Ended Jun. 22, 2019, Up 2.8% Year Over Year",3,increase,0.75,0.6,,159,33,2.0,2019-06-25,91316.0,-0.6239460781216621,0.4346783738583326,1.738713468965769,2.5597716140121296,-1.535920426249504,-1.617435125539013,-1.199476831689994
11288,YUM BRANDS INC,Yum Brands Option Alert: Fri $111 Calls Sweep (15) near the Ask: 962 @ $0.61 vs 56 OI; Earnings 8/1 Before Open [est] Ref=$111.29,3,uncertain,0.6,0.3,,170,34,1.0,2019-06-25,85348.0,-0.3162896260619164,-0.172237167134881,0.5348599999033254,0.6073845156651991,0.3536837175488472,0.0361606556717131,1.1055337880038207
11296,YUM BRANDS INC,"Credit Suisse Initiates Coverage On Yum Brands with Neutral Rating, Announces $106 Price Target",3,uncertain,0.6,0.2,,141,30,1.0,2019-06-25,85348.0,-0.3162896260619164,-0.172237167134881,0.5348599999033254,0.6073845156651991,0.3536837175488472,0.0361606556717131,1.1055337880038207
11304,ABBVIE INC,AbbVie Announces US FDA Lifts Partial Clinical Hold on Phase 3 Study of Venetoclax in Patients with Multiple Myeloma Positive for the t(11;14) Genetic Abnormality,3,increase,0.75,0.6,,161,29,2.0,2019-06-24,13721.0,-0.4188903607428074,-16.252391040325165,-6.437215758707559,-9.1905665028304,0.5616574548184872,1.5075352915805196,0.6773147443744465
11312,ACASTI PHARMA INC,Acasti Pharma Awarded Notice Of Allowance For Second Patent In China Covering CaPre's Omega-3 Phospholipid Composition,3,increase,0.75,0.6,,156,29,2.0,2019-06-24,13750.0,0.9999990463256836,3.960392251610756,14.851482599407271,45.544557614647815,-0.990098062902689,-0.990098062902689,8.108106964971306
11320,AGNICO EAGLE MINES LTD,Agnico Eagle Reiterates Offer To Acquire Alexandria Minerals Corporation At 'Substantial' Premium To Offer By Chantrell,3,increase,0.75,0.6,,156,29,2.0,2019-06-24,78223.0,3.916503489017487,-1.9131433218717575,-3.921942255728472,-1.1670185585211934,0.801598560065031,3.904150721790955,5.318259967172301
11328,AFFIMED N V,Affimed Announces Clinical Data Update on Lead Product Candidate AFM13 in CD30+ lymphoma at ICML 2019,3,increase,0.75,0.6,,148,33,2.0,2019-06-24,14923.0,-14.662756025791172,-7.903780788183212,2.061853507280431,-3.0927887790422104,0.8875730447471142,1.7910501975090254,3.3333373660241694
11336,A G C O CORP,"Jefferies Upgrades AGCO to Buy, Raises Price Target to $90",3,increase,0.85,0.7,,142,33,2.0,2019-06-24,77520.0,2.368215657770634,0.4051725845783949,1.476927486106483,-0.0784278596698717,-0.7041302043944597,-0.2136230441600495,0.1339743761279876
11344,AGILE THERAPEUTICS INC,"Agile Therapeutics Announces FDA Advisory Committee Meeting For Its Investigational Transdermal Low-Dose Contraceptive Patch, Twirla (AG200-15)",3,uncertain,0.6,0.3,,162,34,1.0,2019-06-24,14645.0,-1.379317231476307,0.6993083748966455,2.7972087063820483,4.195808950668978,2.1126825362443924,4.316551292890458,5.839419185489669
11352,AGILYSYS INC,Agilysys Reports Vice Chair Keith Kolerus To Retire,3,uncertain,0.5,0.2,,137,34,1.0,2019-06-24,63125.0,-3.285326436161995,-1.8613290041685104,3.489995439356086,4.932524436355612,-0.8478381671011448,-0.1348345517912408,0.1803381714597707
11360,ALNYLAM PHARMACEUTICALS INC,Alnylam Presents New ONPATTRO Results at the 2019 Peripheral Nerve Society Annual Meeting,3,increase,0.75,0.6,,155,33,2.0,2019-06-24,90178.0,-3.455694019794464,-0.9192251600325108,0.2924777671365453,2.005563710961966,1.266340259462595,3.334724804856748,1.8488169277785849
11368,ALLIANCE RESOURCE PARTNERS,Alliance Resource Partners to Acquire Permian Basin Oil and Gas Mineral Interests From Wing Resources for $145M Cash,3,increase,0.75,0.6,,147,33,2.0,2019-06-24,87198.0,0.0589288712944835,-0.5889303982257843,0.1766825305520969,5.948175941917211,-0.7602401543408632,0.4141994175185015,-0.3523274569273926
11376,BROADCOM INC,AMD Option Trader Betting The Rally Will Resume,3,uncertain,0.6,0.3,,130,34,1.0,2019-06-24,93002.0,1.901537366211414,-0.9634679183363914,7.575212471979476,-1.3144744847415568,-0.8636436425149441,-0.306317331190542,-0.5071021690643773
11384,ARMSTRONG WORLD INDS INC NEW,"Deutsche Bank Reinstates Buy on Armstrong World Indus, Announces $107 Price Target",3,increase,0.8,0.6,,148,29,2.0,2019-06-24,91516.0,-0.5211548414081335,-0.5033362656831741,1.2532114011144957,0.5341596552364214,-0.2954670460894704,0.7515735357191078,0.938631961812142
11392,AXALTA COATING SYSTEMS LTD,Hearing Nouryon Seen As Another Potential Buyer For Axalta Coating Systems,3,increase,0.75,0.6,,145,33,2.0,2019-06-24,15053.0,0.5668558645993471,1.5915105119347572,0.6299753371467709,-1.160478664123743,0.6713623646646738,2.250255187077443,16.15027224048726
11400,AXALTA COATING SYSTEMS LTD,Jana Partners May Be Building A Stake In Axalta Coating Systems,3,increase,0.75,0.6,,144,29,2.0,2019-06-24,15053.0,0.5668558645993471,1.5915105119347572,0.6299753371467709,-1.160478664123743,0.6713623646646738,2.250255187077443,16.15027224048726
11408,ALIBABA GROUP HOLDING LTD,China's Parcel Industry Still In High-Growth Mode Despite Macro Backdrop,3,increase,0.75,0.6,,142,33,2.0,2019-06-24,14888.0,0.3282620338723063,-1.36823495849967,4.134441952884438,0.4164170920148757,-0.4160457290709018,1.2631429296036334,1.232559149839041
11416,BOISE CASCADE CO,Goldman Sachs Upgrades Boise Cascade to Buy,3,increase,0.85,0.7,,133,33,2.0,2019-06-24,13766.0,0.772359874099493,3.06574534624815,15.570788696335702,11.9806339172573,-3.187719359993934,-1.560621942709084,-2.9968463983125915
11424,BRISTOL MYERS SQUIBB CO,Bristol-Myers Slips As Regulatory Hiccups Delay Celgene Deal; Liver Cancer Study Faces Setback,3,decrease,0.85,0.7,,156,34,0.0,2019-06-24,19393.0,-7.417916506528854,0.1970231067389249,1.0945708837039492,1.6756162992033197,0.9204352274537086,1.5017476579769706,3.243354704944168
11432,BRISTOL MYERS SQUIBB CO,Bristol-Myers Squibb shares are trading lower after the company announced its CheckMate -459 study evaluating Opdivo did not reach its primary endpoint and announced plans to sell OTEZLA to help ease FTC concerns regarding its acquisition of Celgene.,3,decrease,0.85,0.7,,184,34,0.0,2019-06-24,19393.0,-7.417916506528854,0.1970231067389249,1.0945708837039492,1.6756162992033197,0.9204352274537086,1.5017476579769706,3.243354704944168
11440,BRISTOL MYERS SQUIBB CO,Bristol-Myers Squibb to Sell OTEZLA to Help Ease Federal Trade Commission Concerns Regarding its Acquisition of Celgene,3,decrease,0.7,0.5,,160,34,0.0,2019-06-24,19393.0,-7.417916506528854,0.1970231067389249,1.0945708837039492,1.6756162992033197,0.9204352274537086,1.5017476579769706,3.243354704944168
11448,BLUELINX HOLDINGS INC,"BlueLinx Holdings Sells its Distribution Facility in Yulee, Florida for $22M in a Sale-Leaseback Transaction",3,increase,0.75,0.6,,154,29,2.0,2019-06-24,90496.0,-3.751875832676888,-0.5717287305742502,4.885657744055338,1.715176312565414,-6.501400470733643,-7.539319978629877,-9.17764838795061
11456,CACI INTERNATIONAL INC,"Morgan Stanley Maintains Equal-Weight on CACI International, Raises Price Target to $224",3,uncertain,0.6,0.2,,140,30,1.0,2019-06-24,20512.0,-0.6488435436040163,0.5937127396464348,3.5078231001350657,3.626559571887422,-2.96670850366354,-1.3432928021716473,-0.2891712807613911
11464,CARNIVAL CORP,Carnival Gets Price Target Cut On Weak Continental Europe Demand,3,decrease,0.85,0.7,,135,34,0.0,2019-06-24,75154.0,-1.351063791662455,-1.1956505477428436,0.6304367491499319,-0.1739169872300494,-4.446717724204063,-11.752458642013908,-10.97747224305574
11472,CHICOS FAS INC,Chico's FAS Chair Sends Open Letter To Shareholders,3,uncertain,0.6,0.3,,136,25,1.0,2019-06-24,78963.0,-1.775153167545795,-3.9156589657068257,1.2048184275311735,2.710848391620879,0.895528681576252,5.295952449907482,8.681679436230706
11480,CIRCOR INTERNATIONAL INC,"Crane Spokesperson Offers Comment Following News CIRCOR Board Rejected Co.'s Offer, Tells Benzinga Is Skeptical Of CIRCOR's New 2020 Targets, Sees CIRCOR Missing Revised Goals",3,decrease,0.8,0.6,,171,34,0.0,2019-06-24,87268.0,-0.1963354181498289,-0.1092879450879991,0.5464481211935324,0.8743202528581184,-0.3261611564084887,-2.0303499479773945,-0.2393919839502434
11488,CIRCOR INTERNATIONAL INC,Circor's Board Rejects Crane's $45/Share Acquisition Offer,3,decrease,0.75,0.6,,138,34,0.0,2019-06-24,87268.0,-0.1963354181498289,-0.1092879450879991,0.5464481211935324,0.8743202528581184,-0.3261611564084887,-2.0303499479773945,-0.2393919839502434
11496,CIRCOR INTERNATIONAL INC,"Circor's Board Rejected Crane's $45/Share Acquisition Offer, Reaffirms Q2 2019 Guidance",3,decrease,0.75,0.6,,148,34,0.0,2019-06-24,87268.0,-0.1963354181498289,-0.1092879450879991,0.5464481211935324,0.8743202528581184,-0.3261611564084887,-2.0303499479773945,-0.2393919839502434
11504,CIRCOR INTERNATIONAL INC,CIRCOR Issues an Open Letter to Shareholders,3,uncertain,0.6,0.3,,134,34,1.0,2019-06-24,87268.0,-0.1963354181498289,-0.1092879450879991,0.5464481211935324,0.8743202528581184,-0.3261611564084887,-2.0303499479773945,-0.2393919839502434
11512,CHINA JO JO DRUGSTORES INC,China Jo-Jo Drugstores Announces a Strategic Cooperation Framework With Zhejiang Medical Insurance,3,increase,0.75,0.6,,147,33,2.0,2019-06-24,93347.0,-2.678568847477436,-2.7523018419742584,2.752290961069792,3.639622603301973e-07,-0.8849549107253551,0.9008999546317176,-1.7543844628096328
11520,COMCAST CORP NEW,This Day In Market History: AT&T Buys TCI For $31B,3,uncertain,0.6,0.3,,140,34,1.0,2019-06-24,89525.0,0.0918207049835473,-1.949537917971611,-2.0412831745047044,-0.939353951718358,-0.2747228369116783,0.97357900615338,0.7167661629858824
11528,COMTECH TELECOMMUNICATIONS CORP,Comtech Telecommunications Corp. Receives $4.0M Contract To Provide Satellite Equipment To The Brazilian Military,3,increase,0.75,0.6,,151,29,2.0,2019-06-24,26201.0,1.997817680239677,-2.065526880323887,1.6737868867339856,-1.2820533975472004,-2.9950616881251335,-2.6520508792115205,-2.7895445715749423
11536,CENTENE CORP DEL,Centene And WellCare Stockholders Approve Proposals Regarding Centene's Pending Acquisition Of WellCare,3,increase,0.8,0.6,,144,33,2.0,2019-06-24,89269.0,-1.8449479714035992,-2.5664230808615685,-7.1932102197098775,-8.819810106485049,1.7876449972391129,1.640821884502386,2.0086872895147545
11544,COLUMBIA SPORTSWEAR CO,Columbia Sportswear Issues Press Release Highlighting It Testified Before Office Of US Trade Rep To Warn Against Trump's Proposed 25% Tariffs On Products Manufactured In China,3,uncertain,0.6,0.3,,163,34,1.0,2019-06-24,85863.0,-0.8731461130082607,-0.779585586860776,2.2881463518275247,1.630050378503256,-0.687732920050621,0.7482283261245115,-1.150797206986498
11552,CORECIVIC INC,CoreCivic Issues Statement Related To Elizabeth Warren's Proposal,3,decrease,0.75,0.6,,135,25,0.0,2019-06-24,85234.0,-0.8046504110097885,-2.5687232613563538,-7.0386154559927805,-9.615769024982956,-6.008396670222282,-6.401668498858026,-7.062728888404212
11560,CYTOKINETICS INC,"Cytokinetics Reports Will Present Preclinical Data For Reldesemtiv At SMA Conference Jun. 28, 29",3,increase,0.7,0.6,,151,33,2.0,2019-06-24,90126.0,-3.3928580582141885,0.1848471234552562,3.8817012944318607,3.1423304549369924,0.5385948345065117,0.5385948345065117,1.449273946953955
11568,DEUTSCHE BANK A G,'Ex-Deutsche Bank Trader Says He Didn't Know Bittar Rigged Rates' -Bloomberg,3,decrease,0.75,0.6,,148,34,0.0,2019-06-24,89199.0,-1.114205084741116,0.2816898748278618,7.605633232894937,2.5352155268362653,0.1394665567204356,0.1394665567204356,1.4124280713882165
11576,DEUTSCHE BANK A G,Italy's UniCredit Puts Possible Commerzbank Bid On Ice For Now,3,uncertain,0.6,0.2,,143,34,1.0,2019-06-24,89199.0,-1.114205084741116,0.2816898748278618,7.605633232894937,2.5352155268362653,0.1394665567204356,0.1394665567204356,1.4124280713882165
11584,3 D SYSTEMS CORP DEL,"B. Riley Upgrades 3D Systems to Neutral, Announces $8 Price Target",3,increase,0.7,0.5,,147,33,2.0,2019-06-24,78664.0,-5.1396653056144705,2.002356573939323,7.067142193611398,7.302707758557148,5.791959539055824,7.314144564079417,7.185621692323085
11592,DILLARDS INC,MOX Reports Releases Bullish Post On Dillard's,3,increase,0.75,0.6,,133,33,2.0,2019-06-24,49429.0,-2.140718698501587,5.239952728152275,0.9609085018867036,5.69982244017182,1.175280287861824,2.6750719438467963,1.7046384869816134
11600,DEERE & CO,"Jefferies Upgrades Deere, Cites 'Significantly Improved Farmer Income Outlook'",3,increase,0.85,0.7,,139,33,2.0,2019-06-24,19350.0,1.582667417824268,-0.3415671875700354,-0.5863674694031373,-1.6639363908529492,0.9338930249214172,2.713515260758803,3.0744094418825085
11608,DEERE & CO,Deere & Co shares are trading higher after Jeffries upgraded the stock from Hold to Buy and raised the price target from $150 to $190.,3,increase,0.85,0.7,,151,33,2.0,2019-06-24,19350.0,1.582667417824268,-0.3415671875700354,-0.5863674694031373,-1.6639363908529492,0.9338930249214172,2.713515260758803,3.0744094418825085
11616,DEERE & CO,"Jefferies Upgrades Deere to Buy, Raises Price Target to $190",3,increase,0.85,0.7,,137,33,2.0,2019-06-24,19350.0,1.582667417824268,-0.3415671875700354,-0.5863674694031373,-1.6639363908529492,0.9338930249214172,2.713515260758803,3.0744094418825085
11624,DEERE & CO,Jefferies Upgrades Deere & Co to Buy from Hold; Raises Price Target to $190 from $150,3,increase,0.85,0.7,,144,33,2.0,2019-06-24,19350.0,1.582667417824268,-0.3415671875700354,-0.5863674694031373,-1.6639363908529492,0.9338930249214172,2.713515260758803,3.0744094418825085
11632,SPDR DOW JONES IND AVG ETF TRUST,Trump Compares Federal Reserve To 'Stubborn Child',3,uncertain,0.6,0.3,,144,34,1.0,2019-06-24,85765.0,0.0262101559201255,-0.7149019744247198,-0.0748632708645669,0.2582520229522211,-0.1278873882256448,0.8198330225280825,0.9072323766595723
11640,DOMINOS PIZZA INC,Analyst Tries To Debunk Bear Thesis Against Wingstop's Growth,3,uncertain,0.6,0.2,,142,34,1.0,2019-06-24,90248.0,-2.126062847673893,1.009592693299055,-1.191817378653881,2.051975258029337,-0.5287135951220989,-0.1246993315067723,-0.7154310034610423
11648,D T E ENERGY CO,DTE Announces Jerry Norcia CEO,3,uncertain,0.6,0.3,,131,34,1.0,2019-06-24,11674.0,0.366101530380547,-1.0411088354885578,-2.515386957959409,-0.2811726378042944,-0.0533557496964931,0.4905337353602546,1.6593000920793743
11656,ENNIS INC,Ennis shares are trading higher after the company reported better-than-expected Q1 EPS and sales results.,3,increase,0.85,0.7,,142,33,2.0,2019-06-24,47511.0,8.934174478054047,-2.1103141829371452,-1.8225470328342763,-1.5347706608825673,-0.7776128593832254,-0.4162327250603503,0.7898873777304916
11664,ENNIS INC,"Earnings Scheduled For June 24, 2019",3,uncertain,0.5,0.5,,133,34,1.0,2019-06-24,47511.0,8.934174478054047,-2.1103141829371452,-1.8225470328342763,-1.5347706608825673,-0.7776128593832254,-0.4162327250603503,0.7898873777304916
11672,ENNIS INC,"Ennis Q1 EPS $0.37 Beats $0.33 Estimate, Sales $108M Beat $103.62M Estimate",3,increase,0.8,0.6,,149,33,2.0,2019-06-24,47511.0,8.934174478054047,-2.1103141829371452,-1.8225470328342763,-1.5347706608825673,-0.7776128593832254,-0.4162327250603503,0.7898873777304916
11680,EBIX INC,Ebix Says its ADAM Health Services Division in India Has Annualized Revenue of $3.5M to $4M,3,increase,0.7,0.5,,145,33,2.0,2019-06-24,11481.0,1.384526304900646,-2.4415481835603714,4.489961045448698,4.283053451593188,1.1028560809791088,1.8154602832673783,0.2734481567927105
11688,ISHARES INC,Trump has No Plans to Meet with N. Korea's Kim Jong Un During Visit to Seoul; Senior Admin Official Does Not Comment on Whether Trump will Travel to DMZ,3,uncertain,0.6,0.2,,155,34,1.0,2019-06-24,88214.0,0.2021545311436057,-0.4539348650723696,0.2689977105066354,-5.043712349004847,-0.4527929704636335,1.124360899009913,1.835648793776712
11696,EZCORP INC,EZCORP Acquires Seven Pawn Stores In Nevada,3,increase,0.75,0.6,,132,33,2.0,2019-06-24,76798.0,3.293086588382721,1.7003173008561134,1.806589714413187,2.125396624290232,-0.1096516381949186,0.3303935126341306,-0.3282351010265527
11704,FACTSET RESEARCH SYSTEMS INC,FactSet Research Systems Q3 Earnings Outlook,3,uncertain,0.5,0.3,,136,25,1.0,2019-06-24,83597.0,-1.593532040715218,-2.754572220146656,-2.2466152693201735,-0.7909103093237113,-1.0555743239820004,-1.3143524353332103,-0.7723061185539226
11712,FEDEX CORP,FedEx In The News Ahead Of Q4 Print,3,uncertain,0.6,0.3,,132,34,1.0,2019-06-24,60628.0,-2.6912681758403783,-3.0577989295125008,1.286517795292208,-1.0627667418049105,-1.483675930649042,-0.3362100641868704,-0.2043947761261155
11720,FEDEX CORP,China's Foreign Ministry Says Fedex Should Offer Proper Explanation on Huawei Matter,3,decrease,0.75,0.6,,136,34,0.0,2019-06-24,60628.0,-2.6912681758403783,-3.0577989295125008,1.286517795292208,-1.0627667418049105,-1.483675930649042,-0.3362100641868704,-0.2043947761261155
11728,FAIR ISAAC CORP,FICO Announces Michael McLaughlin CFO,3,uncertain,0.6,0.3,,132,34,1.0,2019-06-24,11533.0,-1.260751392692327,-1.9451938569545744,5.320210182593477,12.422696260138611,-0.4380317870527506,-0.3533393739965862,-0.499819966854087
11736,F M C CORP,"FMC Reports Will Invest $50M+ Over Next 3 Years In Capital Improvement Projects At Co.'s Global R&D HQ In Newark, Delaware",3,increase,0.75,0.6,,154,29,2.0,2019-06-24,19166.0,-0.9564176201820374,0.9778792969882488,4.436304408503511,1.1200900815821369,0.6580562330782413,0.6825908895175647,2.3797697631883663
11744,GILEAD SCIENCES INC,"Gilead, Carna Biosciences Announce Research and Development Collaboration to Develop Novel Immuno-Oncology Therapies",3,increase,0.75,0.6,,150,33,2.0,2019-06-24,77274.0,-0.778323644772172,-0.5229415837675333,-1.467162263845467,-1.5833764898547042,1.181271020323038,1.6407779890827312,1.7302057644032145
11752,G S K PLC,GlaxoSmithKline Says the FDA Accepted its Application for Zejula in late Stage Ovarian Cancer with Priority Review,3,increase,0.8,0.6,,147,29,2.0,2019-06-24,75064.0,0.794635433703661,0.0985486898571252,-0.3941853674189088,0.3941853996130007,-0.3464473877102136,-1.7804867113219711,0.1243143872086793
11760,H C A HEALTHCARE INC,"UBS Maintains Buy on HCA Healthcare, Raises Price Target to $181",3,increase,0.8,0.6,,142,29,2.0,2019-06-24,12622.0,2.230367809534073,3.119991160929203,2.6317774157383456,2.9750623433463685,0.1171095413155853,-1.437363754884058,-0.6431131348249464
11768,H S B C HOLDINGS PLC,Hearing HSBC Proposes a $0.10/Share Special Dividend,3,increase,0.8,0.6,,142,33,2.0,2019-06-24,87033.0,-0.097316550090909,-0.1948412740603089,1.97271679602673,1.899655953747481,-1.3205355033278463,-0.7725729262886505,-0.3394839799649385
11776,INSTALLED BUILDING PRODUCTS INC,"Installed Building Products Reports Purchase Of Expert Insulation, No Terms Disclosed",3,uncertain,0.6,0.3,,140,34,1.0,2019-06-24,14479.0,0.4440363962203264,-0.9762435220181942,6.20740278516605,3.094493270827603,-0.7528458721935749,1.942660808782981,1.2931008208602934
11784,INFOSYS LTD,Infosys Wins a Contract From Toyota Material Handling Europe to Help the Company Scale to a Digital Hybrid Cloud Platform,3,increase,0.8,0.6,,143,33,2.0,2019-06-24,86776.0,-0.3731339704245329,-0.2809053054079413,0.1872612530635198,-2.434458986741262,-0.4642542917281389,1.1320742854664667,-0.2790673527743315
11792,JETBLUE AIRWAYS CORP,'JetBlue sues Walmart for trademark infringement over Jetblack service' -CNBC; BZ NOTE: Hearing This News Was Out Via Another Source Last Week,3,uncertain,0.6,0.3,,160,34,1.0,2019-06-24,89353.0,-0.7530897855758667,-0.7588145788758993,0.8130060060166588,2.926823721837035,-1.536011788994074,-2.414693503855181,-3.4787128049186156
11800,JONES LANG LASALLE INC,Damn The Speculative Industrial Supply – More Demand Lies Ahead!,3,increase,0.75,0.6,,138,33,2.0,2019-06-24,85246.0,-1.504841353744268,-0.8439458906650543,2.677343012139466,-0.1309515552990969,-0.8102917112410069,0.2298407827745929,1.5573825541035369
11808,CARMAX INC,"CarMax Analyst Raises Price Target After Strong Q1, But Says Comp Growth Could Slow",3,increase,0.7,0.5,,137,33,2.0,2019-06-24,89508.0,-3.5030361264944077,0.8833535015583038,5.469511501774615,5.977737782518733,3.1807221472263336,2.5751605683704604,2.354489363096124
11816,CARMAX INC,CarMax shares are trading lower after Buckingham Research downgraded the stock from Buy to Neutral.,3,decrease,0.85,0.7,,138,34,0.0,2019-06-24,89508.0,-3.5030361264944077,0.8833535015583038,5.469511501774615,5.977737782518733,3.1807221472263336,2.5751605683704604,2.354489363096124
11824,CARMAX INC,"Baird Maintains Outperform on CarMax, Raises Price Target to $99",3,increase,0.8,0.6,,136,33,2.0,2019-06-24,89508.0,-3.5030361264944077,0.8833535015583038,5.469511501774615,5.977737782518733,3.1807221472263336,2.5751605683704604,2.354489363096124
11832,CARMAX INC,"Buckingham Research Downgrades CarMax to Neutral, Raises Price Target to $94",3,decrease,0.7,0.3,,137,34,0.0,2019-06-24,89508.0,-3.5030361264944077,0.8833535015583038,5.469511501774615,5.977737782518733,3.1807221472263336,2.5751605683704604,2.354489363096124
11840,COCA COLA CO,"Organisers Of Olympic Games Sign Sponsorship Deal with Coca-Cola, China Mengniu Dairy Worth Combined $3B; Deal to Include Summer and Winter Olympics from 2021-2032",3,increase,0.8,0.6,,161,29,2.0,2019-06-24,11308.0,0.7177476771175861,-0.3081661183387041,-0.6163322383170189,-0.6355893963634895,-0.2129318891093135,0.8411586975859864,1.7969981608390917
11848,LEIDOS HOLDINGS INC,Leidos Wins a Contract From the Department of Health and Human Services,3,increase,0.75,0.6,,137,33,2.0,2019-06-24,91547.0,0.0506853975821286,0.2152965636923909,1.5324203577857354,3.242144957665616,-0.9289548732340336,0.3688171457938871,0.3688171457938871
11856,LIGHTINTHEBOX HOLDING CO LTD,"CORRECTION: LightInTheBox Holding Q1 EPS $(0.21) Down From $(0.12) YoY, Sales $50.873M Miss $78.49M Estimate",3,decrease,0.85,0.7,,170,34,0.0,2019-06-24,13999.0,0.4801281727850437,-0.4512911662459373,-3.563849773298744,-6.6233147611014065,0.6442982237786055,-2.6233708408630263,-1.986922866336971
11864,LOWES COMPANIES INC,"Barclays Maintains Equal-Weight on Lowe's Companies, Raises Price Target to $105",3,increase,0.7,0.5,,145,29,2.0,2019-06-24,61399.0,-1.8048390746116645,-0.8079130202531815,3.2114727844893,5.897802527315088,-0.5914886482059956,2.1371345360614136,1.5406291527211955
11872,MERRIMACK PHARMACEUTICALS INC,"Merrimack Pharma 8-K Shows Amendment For Asset Purchase Deal To Extend Closing Date For Transaction From Jun. 24, 2019 To Jun. 28, 2019",3,uncertain,0.6,0.2,,174,34,1.0,2019-06-24,13325.0,-1.587304286658764,3.5842344164848328,8.064521251462974,1.6129058197245527,1.4311255887150764,0.3539819353264972,0.1766824716654458
11880,MCCORMICK & CO INC,Sustainability Spices Up McCormick & Co. Supply Chain,3,increase,0.75,0.6,,140,33,2.0,2019-06-24,52090.0,-0.1683891983702779,-0.6876403465867043,1.0055159193402607,2.9050371339863545,-1.000190805643797,-0.8603508161781903,0.5011742914048156
11888,MCCORMICK & CO INC,Sustainability Spices Up McCormick & Co. Supply Chain,3,increase,0.75,0.6,,140,33,2.0,2019-06-24,52090.0,-0.1683891983702779,-0.6876403465867043,1.0055159193402607,2.9050371339863545,-1.000190805643797,-0.8603508161781903,0.5011742914048156
11896,MERCURY SYSTEMS INC,Mercury Systems Receives $16M In DRFM Jammer Orders From US Navy,3,increase,0.8,0.6,,143,29,2.0,2019-06-24,85738.0,-1.09447306022048,-2.781018801033497,0.3494435407633833,1.6307552187902363,-0.3444286296144128,1.565013386668701,0.7398841382386001
11904,THE9 LTD,The9 Files For Up To $50M  Offering,3,uncertain,0.6,0.3,,131,34,1.0,2019-06-24,90483.0,-11.53846010565758,4.347832500934601,8.695655175225792,4.3478330164875345,0.0,0.0,-2.1820951253175735
11912,NEPTUNE WELLNESS SOLUTIONS INC,The Secret Sauce Behind The Best Performing Cannabis ETF In Canada,3,increase,0.75,0.6,,141,33,2.0,2019-06-24,92222.0,1.6018345952034,-1.8017999827861784,-2.702699937184472,-0.2252302143193274,-2.672603353857994,-0.907028604789284,-3.53201572920393
11920,MINERVA NEUROSCIENCES INC,Mid-Morning Market Update: Markets Edge Higher; Eldorado To Buy Caesars For $17.3B,3,uncertain,0.5,0.1,,153,29,1.0,2019-06-24,14822.0,40.18912017345428,-6.070820614695549,-3.709945963162365,15.682973642321564,0.7142907474189997,-5.580356926574326,-3.203658136234089
11928,MINERVA NEUROSCIENCES INC,Minerva Neurosciences shares are trading higher after the company announced that its Phase 2B trial for the clinical trial of Seltorexant achieved its primary and key secondary objectives.,3,increase,0.85,0.7,,169,33,2.0,2019-06-24,14822.0,40.18912017345428,-6.070820614695549,-3.709945963162365,15.682973642321564,0.7142907474189997,-5.580356926574326,-3.203658136234089
11936,MINERVA NEUROSCIENCES INC,Minerva Neurosciences and Del Frisco's to Resume Trading at 8:00am ET,3,uncertain,0.5,0.2,,152,29,1.0,2019-06-24,14822.0,40.18912017345428,-6.070820614695549,-3.709945963162365,15.682973642321564,0.7142907474189997,-5.580356926574326,-3.203658136234089
11944,MINERVA NEUROSCIENCES INC,Minerva Neurosciences Cmn Shares To Resume Trade At 8:00 a.m. EDT,3,uncertain,0.5,0.5,,152,34,1.0,2019-06-24,14822.0,40.18912017345428,-6.070820614695549,-3.709945963162365,15.682973642321564,0.7142907474189997,-5.580356926574326,-3.203658136234089
11952,MINERVA NEUROSCIENCES INC,Minerva Neurosciences Achieves Primary and Key Secondary Objectives in its Phase 2B Clinical Trial of Seltorexant,3,increase,0.8,0.6,,158,33,2.0,2019-06-24,14822.0,40.18912017345428,-6.070820614695549,-3.709945963162365,15.682973642321564,0.7142907474189997,-5.580356926574326,-3.203658136234089
11960,MINERVA NEUROSCIENCES INC,"Minerva Neurosciences Halted, News Pending",3,uncertain,0.6,0.5,,142,34,1.0,2019-06-24,14822.0,40.18912017345428,-6.070820614695549,-3.709945963162365,15.682973642321564,0.7142907474189997,-5.580356926574326,-3.203658136234089
11968,NORFOLK SOUTHERN CORP,May U.S. Rail Employment Levels Dropped. Will They Keep Falling?,3,decrease,0.75,0.6,,144,34,0.0,2019-06-24,64311.0,-1.998074166476727,-0.5122926086187363,3.968951188670067,2.307894894897644,0.4482730757445097,2.4896095103744686,1.9385855710007505
11976,N V 5 GLOBAL INC,NV5 Wins a $3M Contract From the California Energy Commission,3,increase,0.75,0.6,,139,33,2.0,2019-06-24,14166.0,0.5184014327824116,0.301884114742279,3.471700840455094,2.3270420725486796,0.1900099916383624,1.5536712138933373,1.4885102587395949
11984,NOVARTIS A G,Glenmark Pharmaceuticals To Partner With Novartis In Brazil on Three Respiratory Products,3,increase,0.7,0.5,,141,29,2.0,2019-06-24,88233.0,0.3351769875735044,-0.4633623640984297,-1.012933589057774,-1.87500580767922,0.1299070194363594,0.6310457964814997,1.3033896833150704
11992,OCCIDENTAL PETROLEUM CORP,Morgan Stanley Downgrades Occidental Petroleum to Equal-Weight,3,decrease,0.8,0.6,,141,34,0.0,2019-06-24,34833.0,-1.4226461760699751,-1.022245641797781,-0.2204862645711625,-0.5612321996976255,-1.3450265862047672,0.6163048983093056,0.5163895347047642
12000,P G & E CORP,PG&E shares are trading lower after spiking last week on reports of California proposing a wildfire fund to tackle the company's bankruptcy concerns.,3,decrease,0.75,0.6,,151,34,0.0,2019-06-24,13688.0,-5.618462711572647,-0.323025812394917,7.752654590190633,1.0152252283277765,-2.588038332760334,11.8363292854337,19.95820231177003
12008,PARK CITY GROUP INC,DA Davidson On Park City Group: 'The Time For Execution Is Now',3,increase,0.75,0.6,,136,33,2.0,2019-06-24,12380.0,0.912412256002426,-0.7233351934701204,-5.063294676586216,-5.063294676307417,-0.3636360168457031,1.858734209036328,0.7352933980722121
12016,PUBLIC SERVICE ENTERPRISE GP INC,"Public Service Enterprise Group's PSEG Power To Sell 776MW Interest In Keystone, Conemaugh Generation Facilities In Western Pennsylvania, No Terms Disclosed",3,uncertain,0.6,0.3,,156,34,1.0,2019-06-24,23712.0,0.1146596157923341,-1.6034023836255074,-4.417540522107255,-1.7997356883518667,-0.1308716367930174,0.8257638679001866,0.75919970002436
12024,PEPSICO INC,Pepsico: A Trucker In Shipper's Clothing,3,uncertain,0.6,0.3,,134,34,1.0,2019-06-24,13856.0,0.1343629905022681,-0.2460130024701357,-1.692265040994234,-1.7891710268722938,-0.149073451757431,0.8355291831084077,1.4387468904395018
12032,POST HOLDINGS INC,Post Narrows 2019 EBITDA Guidance From $1.20B-$1.24B to $1.205B-$1.225B,3,decrease,0.7,0.3,,152,34,0.0,2019-06-24,13188.0,-1.57969743013382,0.8852100931107998,2.3249019875875243,4.571981346883036,0.2399232238531112,-0.9201301499893288,-0.2578344715235547
12040,PALATIN TECHNOLOGIES INC,"5 Stocks To Watch For June 24, 2019",3,uncertain,0.5,0.5,,140,34,1.0,2019-06-24,79702.0,-9.7014918923378,-9.090910106897354,-9.91735509373568,-23.10743873322395,4.687504842877388,2.2900831562384427,2.2900831562384427
12048,PALATIN TECHNOLOGIES INC,"Palatin Technolog Shares Rise 52% Premarket; On Friday, FDA Approved NDA for Vyleesi for Treatment of Premenopausal Women with Acquired HSDD",3,increase,0.85,0.6,,164,33,2.0,2019-06-24,79702.0,-9.7014918923378,-9.090910106897354,-9.91735509373568,-23.10743873322395,4.687504842877388,2.2900831562384427,2.2900831562384427
12056,PAPA JOHNS INTL INC,Papa John's International Option Alert: Jan 17 $42.5 Calls Sweep (49) near the Ask: 2001 @ $6.0 vs 211 OI; Earnings 8/6 After Close [est] Ref=$44.1673,3,increase,0.75,0.6,,180,33,2.0,2019-06-24,79299.0,-0.6085203029215336,-2.9478441923856735,1.9954672542584984,4.195016544089758,-5.916032567620277,-9.706960731365076,-9.448981736150284
12064,QUALCOMM INC,Hearing Qualcomm is Facing an EU Antitrust Fine for Stopping Rival Suppliers to Apple,3,decrease,0.85,0.7,,137,34,0.0,2019-06-24,77178.0,0.6050638388842344,-0.8337897248566151,5.959530827926596,4.633678543233288,-0.0274905731203034,1.281334440760462,1.0561452926934445
12072,R B GLOBAL INC,Ritchie Bros CEO Ravi Saligram To Step Down,3,decrease,0.75,0.6,,132,34,0.0,2019-06-24,85925.0,-3.9678141474723825,-2.369256503880024,-2.802661702991549,-2.8604498023223623,0.3899704199284315,-0.6067220719033983,0.4179479953522413
12080,ROYAL CARIBBEAN CRUISES LTD,"Royal Caribbean and ITM Group Partner to Form a Destination Company Call Holistica, The Company's First Project Will be a $275M Development in The Bahamas",3,increase,0.75,0.6,,166,29,2.0,2019-06-24,79145.0,1.967957429587841,-0.905207172036171,0.8283529650676247,-5.021347071655313,-3.284488618373871,-6.367717389536454,-6.352443429469479
12088,ROCKWELL MEDICAL INC DE,Rockwell Medical shares are trading higher after Cantor Fitzgerald initiated coverage on the company's stock with a Buy rating and an $11 price target.,3,increase,0.8,0.6,,155,29,2.0,2019-06-24,85744.0,-1.003343518823385,4.729725047945976,1.0135125225897434,3.716212539887187,-0.9933765046298504,-4.166662948283372,-1.3201308177394733
12096,ROCKWELL MEDICAL INC DE,Cantor Fitzgerald Initiates Coverage On Rockwell Medical With Overweight Rating And $11 Price Target,3,increase,0.75,0.6,,147,29,2.0,2019-06-24,85744.0,-1.003343518823385,4.729725047945976,1.0135125225897434,3.716212539887187,-0.9933765046298504,-4.166662948283372,-1.3201308177394733
12104,ROCKWELL MEDICAL INC DE,"Piper Jaffray Initiates Coverage On Rockwell Medical with Overweight Rating, Announces $10 Price Target",3,increase,0.75,0.6,,150,29,2.0,2019-06-24,85744.0,-1.003343518823385,4.729725047945976,1.0135125225897434,3.716212539887187,-0.9933765046298504,-4.166662948283372,-1.3201308177394733
12112,SPROUTS FARMERS MARKET INC,"Bernstein Upgrades Sprouts Farmers Market to Market Perform, Announces $23 Price Target",3,increase,0.7,0.5,,147,33,2.0,2019-06-24,14102.0,-1.2711852788925169,-0.912017561495304,-0.9656669140982066,0.5901320384210207,-3.328220546245575,-2.6804146207444313,-6.163029775166917
12120,SYNOVUS FINANCIAL CORP,Synovus Announces Commencement of Preferred Stock Public Offering,3,uncertain,0.6,0.3,,141,34,1.0,2019-06-24,20053.0,-1.21158342808485,-0.5085311830043793,4.905771465855557,4.6963796322988305,1.0450834408402443,1.621624351209583,1.4404788300945714
12128,EMEREN GROUP LTD,"ReneSola and X-Elio North America to Develop Solar Projects in North America, ReneSola Will Originate and Develop Large Utility Solar Projects for X-Elio",3,uncertain,0.6,0.3,,158,34,1.0,2019-06-24,92543.0,1.587300002574921,-0.7812492549419403,-1.562498677067914,3.9062556507612145,-0.7874008268117905,-1.5624985186608598,-2.3255792350722393
12136,SONOCO PRODUCTS CO,"Goldman Sachs Downgrades Sonoco Products to Sell, Announces $59 Price Target",3,decrease,0.85,0.7,,141,34,0.0,2019-06-24,71176.0,-1.54434572905302,0.5280384793877602,2.2208422504928604,2.1897867770678037,-0.4111415240913629,0.1684800625832982,0.5535064933146483
12144,SPLUNK INC,"Piper Jaffray Assumes Splunk at Overweight, Announces $160 Price Target",3,increase,0.75,0.6,,138,29,2.0,2019-06-24,13379.0,-1.133984327316284,-4.018549248576164,1.9523316704294968,7.67103231404207,-0.1044467557221651,1.8262187642569483,3.547630297475912
12152,CONSTELLATION BRANDS INC,"Cramer On Cannabis: Innovative Industrial Won't 'Let You Sleep Soundly,' Constellation A Safer Bet",3,increase,0.75,0.6,,149,29,2.0,2019-06-24,69796.0,-1.344364695250988,1.4564710669219494,8.181618917578358,9.257419998364536,-1.082163117825985,-0.3201018079017181,0.96718928477868
12160,CONSTELLATION BRANDS INC,"Cramer On Cannabis: Innovative Industrial Won't 'Let You Sleep Soundly,' Constellation A Safer Bet",3,increase,0.75,0.6,,149,29,2.0,2019-06-24,69796.0,-1.344364695250988,1.4564710669219494,8.181618917578358,9.257419998364536,-1.082163117825985,-0.3201018079017181,0.96718928477868
12168,T A L EDUCATION GROUP,TAL Education Shares Down 3.9%; Tigress Analyst Aaron Ju Tells Benzinga Downside Related To Article 'Online education national regulatory documents will be released',3,decrease,0.8,0.4,,159,34,0.0,2019-06-24,12339.0,-3.3439546823501587,-0.1922012539580464,7.9077465537789715,1.5925368651440452,-0.7898874580860138,-1.1283136074998643,1.0187696201422902
12176,TEVA PHARMACEUTICAL INDS LTD,Oklahoma Judge Approves Teva Pharmaceutical Industries Ltd'S $85 Million Opioid Lawsuit Settlement,3,decrease,0.75,0.6,,154,34,0.0,2019-06-24,75652.0,-2.366861701011658,6.78788423538208,12.969693710369532,13.575756780933368,4.064038395881653,3.300727199075215,1.07655685704251
12184,TELEFLEX INC,Teleflex Reports Global Voluntary Recall Of Select Hudson RCI Sheridan Endotracheal Tubes,3,decrease,0.8,0.6,,141,34,0.0,2019-06-24,44329.0,-0.5765910260379314,1.0006061755120754,0.9224782614938308,0.7632238554314386,-0.0328471360262483,0.3236976116319789,0.943909786277497
12192,TUTOR PERINI CORP,Tutor Perini Wins a $122M Contract From the Guam Waterworks Authority,3,increase,0.75,0.6,,141,33,2.0,2019-06-24,50550.0,0.8308202959597111,-1.423224899917841,7.640445430644704,7.565537278532175,0.3030300140380859,3.0350146505047526,1.7601209378881322e-08
12200,TUTOR PERINI CORP,TPC Announces Black Construction Awarded $122M Wastewater Treatment Plant Project in Guam,3,increase,0.75,0.6,,142,33,2.0,2019-06-24,50550.0,0.8308202959597111,-1.423224899917841,7.640445430644704,7.565537278532175,0.3030300140380859,3.0350146505047526,1.7601209378881322e-08
12208,TEMPUR SEALY INTERNATIONAL INC,"Loop Capital Upgrades Tempur Sealy Intl to Hold, Announces $70 Price Target",3,increase,0.7,0.5,,145,33,2.0,2019-06-24,89971.0,-2.551022358238697,-0.4684540443122387,3.168910614671061,3.816473564713041,1.3747136108577251,3.4300806911580217,5.750394702195605
12216,TYSON FOODS INC,Tyson Foods Option Alert: Jul 19 $85 Calls Sweep (40) near the Bid: 910 @ $0.651 vs 5119 OI; Earnings 8/5 Before Open [est] Ref=$81.49,3,uncertain,0.6,0.3,,173,34,1.0,2019-06-24,77730.0,1.929623819887638,-1.05171799659729,0.1732236619170546,1.6456345211766532,0.8393789641559124,1.967590923256246,2.733869600231542
12224,ULTA BEAUTY INC,"UPDATE: DA Davidson On Sally Beauty Notes Estimate '19% of operating profit is directly threatened, with an additional 33% potentially at risk for heightened competition'",3,decrease,0.75,0.6,,155,34,0.0,2019-06-24,92322.0,-2.605319954454899,0.6204172037541866,-1.7775736055871905,0.5598204577536237,-0.7060330361127853,-0.5672922995168861,2.476888946999245
12232,ULTA BEAUTY INC,"Ulta Salon Shares Tick Slightly Higher On Volume Uptick As Hearing Jefferies Says Sees Little Impact To Ulta Stemming From Amazon's Pro Platform, Notes Co. Does Not Offer Wholesale To Professional Sources",3,increase,0.7,0.5,,167,33,2.0,2019-06-24,92322.0,-2.605319954454899,0.6204172037541866,-1.7775736055871905,0.5598204577536237,-0.7060330361127853,-0.5672922995168861,2.476888946999245
12240,ULTA BEAUTY INC,Shares of multiple professional beauty-products companies are trading lower as traders circulate Amazon Business Blog's post describing the launch of Amazon's Professional Beauty business.,3,decrease,0.75,0.6,,151,34,0.0,2019-06-24,92322.0,-2.605319954454899,0.6204172037541866,-1.7775736055871905,0.5598204577536237,-0.7060330361127853,-0.5672922995168861,2.476888946999245
12248,ULTA BEAUTY INC,Ulta Investors Pull Back As Amazon Enters Space,3,decrease,0.85,0.7,,134,34,0.0,2019-06-24,92322.0,-2.605319954454899,0.6204172037541866,-1.7775736055871905,0.5598204577536237,-0.7060330361127853,-0.5672922995168861,2.476888946999245
12256,ULTA BEAUTY INC,Hearing Morgan Stanley Out Saying Amazon Beauty Business Should Impact Sally Beauty More Than Ulta,3,uncertain,0.6,0.3,,141,34,1.0,2019-06-24,92322.0,-2.605319954454899,0.6204172037541866,-1.7775736055871905,0.5598204577536237,-0.7060330361127853,-0.5672922995168861,2.476888946999245
12264,ULTA BEAUTY INC,"Ulta Shares Now Down 3.5% To Under $345 After Breaking Below The $355 Level; Amazon's Professional Beauty Has Been Around For At Least A Year; A Sep., 2018-Dated Review From Publication 'American Spa' Describes What Amazon's Pro Beauty Unit Does",3,decrease,0.75,0.6,,183,34,0.0,2019-06-24,92322.0,-2.605319954454899,0.6204172037541866,-1.7775736055871905,0.5598204577536237,-0.7060330361127853,-0.5672922995168861,2.476888946999245
12272,ULTA BEAUTY INC,UPDATE: 'Professional beauty products now available' -Post From Amazon's Business Blog,3,decrease,0.75,0.6,,140,34,0.0,2019-06-24,92322.0,-2.605319954454899,0.6204172037541866,-1.7775736055871905,0.5598204577536237,-0.7060330361127853,-0.5672922995168861,2.476888946999245
12280,ULTA BEAUTY INC,Ulta Salon Shares Plunge Below $355 Level On Uptick In Volume Amid Chatter Of Competition Concerns Related To Amazon,3,decrease,0.8,0.7,,149,34,0.0,2019-06-24,92322.0,-2.605319954454899,0.6204172037541866,-1.7775736055871905,0.5598204577536237,-0.7060330361127853,-0.5672922995168861,2.476888946999245
12288,USANA HEALTH SCIENCES INC,USANA Health Sciences To Join S&P SmallCap 600,3,increase,0.8,0.6,,138,33,2.0,2019-06-24,84010.0,-0.8361900225281715,7.575343549251556,6.082391076850491,-17.0168622955701,1.8143689259886744,1.2772430024296844,-2.0279375190281113
12296,VISTA GOLD CORP,Vista Gold Corp. Appoints Douglas Tobler As CFO,3,uncertain,0.6,0.3,,135,34,1.0,2019-06-24,69446.0,-0.0123477278975769,-3.444867581129074,-7.395973291885638,-5.568585685435168,-0.1109841628931462,3.846158052290094,9.518658578900464
12304,WABTEC CORP,Westinghouse Air Brake Technologies shares are trading lower after Buckingham Research downgraded the stock from Buy to Neutral and lowered the price target from $93 to $81.,3,decrease,0.85,0.7,,157,34,0.0,2019-06-24,81677.0,-6.377129256725311,0.5284800194203854,7.692304216785906,6.092180924263446,0.6501607596874237,2.6668538233414862,4.1660754337544015
12312,WABTEC CORP,"Buckingham Research Downgrades Westinghouse Air Brake to Neutral, Lowers Price Target to $81",3,decrease,0.8,0.6,,145,34,0.0,2019-06-24,81677.0,-6.377129256725311,0.5284800194203854,7.692304216785906,6.092180924263446,0.6501607596874237,2.6668538233414862,4.1660754337544015
12320,WORKDAY INC,"UPDATE: CFRA's Freeman Tells Benzinga 'when the valuation get this stretched, one or two big sells by institutional investors or hedge funds can tend to start a mini trend'",3,decrease,0.75,0.6,,156,34,0.0,2019-06-24,13628.0,-3.355981409549713,-2.1763060241937637,2.104555087377924,4.625243897732867,-1.7173225060105324,0.2641859586249184,1.4490698347569442
12328,WORKDAY INC,"CFRA Analyst John Freeman Tells Benzinga Can't Attribute Weakness In Software Sector To Anything In Particular, Notes Downside More Pronounced In Higher Beta, Valuation Stocks Which Have Yet to Demonstrate Profitability",3,decrease,0.7,0.6,,162,34,0.0,2019-06-24,13628.0,-3.355981409549713,-2.1763060241937637,2.104555087377924,4.625243897732867,-1.7173225060105324,0.2641859586249184,1.4490698347569442
12336,W E C ENERGY GROUP INC,"Bank of America Downgrades WEC Energy Group to Underperform, Raises Price Target to $85",3,decrease,0.75,0.6,,146,34,0.0,2019-06-24,23536.0,-0.1873051282018423,-0.375322182662785,-2.498246266085302,0.5160624731707752,0.0351314898580312,0.5650997117152556,1.3887218337664151
12344,W P CAREY INC,WP Carey Announces $53M of Recent Investments,3,increase,0.75,0.6,,133,33,2.0,2019-06-24,85763.0,0.0467409612610936,-1.8570473417639732,-4.9869693989176405,0.0043800534568205,-0.4883699584752321,-0.0350411948863538,0.481394469218066
12352,XENCOR INC,Xencor To Join S&P SmallCap 600,3,increase,0.8,0.6,,133,33,2.0,2019-06-24,14359.0,-3.668944537639618,13.847069442272186,29.760856335080877,29.93799710819296,0.1709440955892205,1.471856583579556,1.7950171392554282
12360,ABBVIE INC,AbbVie Reports Recommendation From Pan-Canadian Oncology Drug Review Expert Review Committee For Combo VENCLEXTA With Rituxuimab As Treatment For Patients With Chronic Lymphocytic Leukemia,3,increase,0.75,0.6,,160,29,2.0,2019-06-06,13721.0,0.0129796739201992,0.4671086091548204,2.439337253150864,1.647848220164683,0.403905613347888,1.7965663112322616,0.4562618896953418
12368,A B M INDUSTRIES INC,ABM Industries shares are trading higher after the company reported better-than-expected Q2 EPS results; the company also provided FY19 EPS guidance above analyst estimates.,3,increase,0.85,0.7,,157,33,2.0,2019-06-06,47730.0,6.706009060144424,-1.0558024048805237,0.0754212958281819,0.5530448090488971,-0.8510630577802658,2.6149102522720957,2.8413759160929253
12376,AETERNA ZENTARIS INC,Aeterna Zentaris Announces Workforce Reduction,3,decrease,0.8,0.6,,138,34,0.0,2019-06-06,88240.0,-13.38027715682983,-15.85366278886795,11.788616353977387,9.756098136158563,1.0676146484911442,-0.3508769003028544,-5.333336099307385
12384,GALLAGHER ARTHUR J & CO,"Arthur J. Gallagher Reports Purchase Of MDV Wealth Planning, No Terms Disclosed",3,increase,0.7,0.5,,150,29,2.0,2019-06-06,38093.0,-0.0227946336963214,0.5497690755873919,-0.2176094317368204,0.217618198738223,2.201000787317753,2.5473244959050234,4.22803479412639
12392,ALIMERA SCIENCES INC,Alimera Reports 3-Year Trial Results For ILUVIEN Support Launch in Europe for the Prevention of Relapse in Recurrent Non-Infectious Uveitis Affecting the Posterior Segment,3,increase,0.75,0.6,,166,33,2.0,2019-06-06,93339.0,0.0,1.1304344981908798,1.8566281845266985e-08,3.162912154408559e-08,-0.5297847092151642,0.0870336577092345,4.545457034160738
12400,A M C ENTERTAINMENT HOLDINGS INC,"B. Riley FBR Reiterates Buy, $20 Target On AMC Entertainment As Firm Notes 'Recent 30%+ Stock Price Decline Seems Based on Box Office Overreactions and ASC 842 Misunderstandings'",3,increase,0.75,0.6,,177,29,2.0,2019-06-06,14328.0,-0.8050102740526199,-1.2623999267816544,0.574577076647298,0.3908835791724518,-5.093373730778694,-6.0504144876739385,-6.677790097759284
12408,AMPHENOL CORP NEW,"Evercore ISI Group Initiates Coverage On Amphenol with Outperform Rating, Announces $102 Price Target",3,increase,0.8,0.6,,150,29,2.0,2019-06-06,84769.0,1.255644205957651,1.3706103898584845,5.395408606585006,4.551667249536018,1.3620645739138126,4.188663673575044,4.356322861330408
12416,ACTIVISION BLIZZARD INC,"Nomura Initiates Coverage On Activision Blizzard with Neutral Rating, Announces $49 Price Target",3,uncertain,0.6,0.2,,144,34,1.0,2019-06-06,79678.0,-0.988316722214222,2.9491813853383064,4.469140874394539,3.6070694746601184,2.0866770297288895,5.049550165311301,2.651606059041866
12424,ARMSTRONG WORLD INDS INC NEW,"KeyBanc Maintains Overweight on Armstrong World Indus, Raises Price Target to $110",3,increase,0.8,0.6,,149,29,2.0,2019-06-06,91516.0,1.817003265023232,0.2217600122094154,0.4857516131824724,3.643088256740712,0.3344176802784204,2.8985537746482937,4.859081551475231
12432,ASTRAZENECA PLC,AstraZeneca Announces Calquence Phase III ELEVATE-TN Trial Met Primary Endpoint,3,increase,0.85,0.7,,143,33,2.0,2019-06-06,79363.0,1.22523782774806,0.489308824762702,2.781349448942083,7.159409304099906,-0.5960081238299608,1.2137178405830396,2.621721521931719
12440,ALIBABA GROUP HOLDING LTD,What To Know About Alibaba's Russian Joint Venture,3,uncertain,0.6,0.3,,137,25,1.0,2019-06-06,14888.0,-0.0989079475402832,1.8019773066043856,5.828384104626805,11.056105580969412,-1.6217969357967377,1.1606900365281447,1.6012325803952845
12448,BROWN & BROWN INC,"Brown & Brown Announced Late Wednesday Asset Acquisition of Twinbrook Insurance Brokerage, Inc. and Twinbrook Insurance Agency, Inc., No Terms Disclosed",3,increase,0.7,0.6,,155,33,2.0,2019-06-06,63467.0,-0.1841662684455514,1.0762560181319714,0.5227495143777627,2.70603021641167,1.6219601035118103,2.003760997374182,3.199246484398177
12456,CATO CORP NEW,"Cato Reports May Sales $76.1M, Down 2% Year Over Year, Comps Up 1%",3,decrease,0.7,0.3,,148,34,0.0,2019-06-06,11267.0,0.940437987446785,1.2422354891896248,-0.5898466232466926,-1.4660550973021214,-0.7003902923315763,-0.3903215592076403,2.986278087336136
12464,C D W CORP NEW,"Evercore ISI Group Initiates Coverage On CDW with Outperform Rating, Announces $120 Price Target",3,increase,0.8,0.6,,147,33,2.0,2019-06-06,13949.0,1.0079481638967989,0.6140850018709898,1.813470855510313,3.732488194165984,0.6830571219325066,3.844605140793189,4.815113504224144
12472,CHEGG INC,"Needham Initiates Coverage On Chegg with Buy Rating, Announces $44 Price Target",3,increase,0.8,0.6,,137,33,2.0,2019-06-06,14273.0,5.3751904517412195,-0.5555490497499704,-1.9191877330335336,0.8838442736771812,1.6499880701303482,4.534077926591418,0.3203490562848854
12480,CIENA CORP,Ciena Trades Higher After Positive Q2 Earnings,3,increase,0.85,0.7,,131,33,2.0,2019-06-06,84519.0,26.7837256193161,-0.5715588573366404,-6.638822526672151,-2.5500105927248606,0.7016558665782213,3.3410133286342125,2.690333413276358
12488,CIENA CORP,"Ciena Q2 Adj. EPS $0.48 Beats $0.41 Estimate, Sales $865M Beat $819M Estimate",3,increase,0.85,0.7,,149,33,2.0,2019-06-06,84519.0,26.7837256193161,-0.5715588573366404,-6.638822526672151,-2.5500105927248606,0.7016558665782213,3.3410133286342125,2.690333413276358
12496,CENTERPOINT ENERGY INC,"Morgan Stanley Initiates Coverage On CenterPoint Energy with Equal-Weight Rating, Announces $30 Price Target",3,uncertain,0.6,0.2,,142,34,1.0,2019-06-06,21792.0,0.3787833964452147,-1.13207520917058,0.3773606371475502,3.0531778217753436,0.7633630186319351,1.325893474113693,2.1097059267593643
12504,GLOBAL CORD BLOOD CORP,"Global Cord Blood Reports Formation Of Special Committee To Review Non-Binding Offer From Cordlife Group, No Terms Disclosed",3,uncertain,0.6,0.3,,151,34,1.0,2019-06-06,93123.0,-0.5925920326262711,0.4470899235457182,-3.874817046122681,-17.436662767950562,-1.4598526060581207,7.313196301562619,5.633805099723155
12512,CAMPBELL SOUP CO,"Wells Fargo Maintains Market Perform on Campbell Soup, Raises Price Target to $41",3,uncertain,0.6,0.3,,143,30,1.0,2019-06-06,25320.0,2.575716748833656,0.1627610181458294,-0.8602626818897674,-4.603579806214498,10.023614764213562,12.202305293968884,15.477826244837756
12520,SALESFORCE INC,"After Month In Red, Stocks On A Roll Despite Trade Fears As Jobs Data Loom",3,increase,0.7,0.6,,139,33,2.0,2019-06-06,90215.0,0.5491006653755903,1.2303099036216736,-5.002825659338184,-1.3244623383030565,5.059349536895752,9.193656775920456,4.643021555017768
12528,CISCO SYSTEMS INC,"Cisco To Purchase Sentryo, No Terms Disclosed",3,increase,0.7,0.5,,135,33,2.0,2019-06-06,76076.0,0.639266613870859,1.5063554979860785,1.941923266301848,4.192380006099361,2.855533547699451,5.735807945391902,5.227755804240131
12536,CANADIAN SOLAR INC,Canadian Solar Reports Signing Of 500 MW Module Supply Contract For Projects In Spain,3,increase,0.8,0.6,,141,29,2.0,2019-06-06,91607.0,1.6778450459241872,0.518626207485795,2.498824732287397,3.6775139399900736,1.213003322482109,5.03524641115578,9.271872375580648
12544,CHARLES & COLVARD LTD,"Charles & Colvard Sees Q2 Sales $7.0M-$7.2M, FY19 Sales $31.6M-$31.8M",3,uncertain,0.6,0.3,,161,34,1.0,2019-06-06,85539.0,-6.018523499369621,-21.182264387607574,-25.61576367131068,-24.137932590429923,4.34783361852169,-4.424774745445747,-11.475408393039576
12552,CHARLES & COLVARD LTD,Charles & Colvard shares are trading lower after the company reported a common stock offering with no disclosed size.,3,decrease,0.75,0.6,,148,34,0.0,2019-06-06,85539.0,-6.018523499369621,-21.182264387607574,-25.61576367131068,-24.137932590429923,4.34783361852169,-4.424774745445747,-11.475408393039576
12560,CHARLES & COLVARD LTD,Charles & Colvard Reports Common Stock Offering; Size Not Disclosed,3,decrease,0.7,0.5,,141,34,0.0,2019-06-06,85539.0,-6.018523499369621,-21.182264387607574,-25.61576367131068,-24.137932590429923,4.34783361852169,-4.424774745445747,-11.475408393039576
12568,CALAVO GROWERS INC,"Calavo Growers Q2 Adj. EPS $0.92 Beats $0.76 Estimate, Sales $286.236M Beat $282.98M Estimate",3,increase,0.85,0.7,,161,33,2.0,2019-06-06,89447.0,-2.307272516191006,2.977393940091133,8.227005052885428,9.547802429663111,1.7015110701322556,6.349574607118025,4.574042484468133
12576,DUPONT DE NEMOURS INC,DuPont De Nemours shares are trading lower after Suntrust Robinson Humphrey initiated coverage on the stock with a hold rating.,3,decrease,0.75,0.6,,152,34,0.0,2019-06-06,16851.0,-2.938815020024776,1.3487416319549084,2.9865098717817062,3.192952850024322,1.01200919598341,-1.6294322009215323,-18.239411505322877
12584,DUPONT DE NEMOURS INC,"SunTrust Robinson Humphrey Initiates Coverage On DuPont de Nemours with Hold Rating, Announces $79 Price Target",3,uncertain,0.6,0.3,,151,34,1.0,2019-06-06,16851.0,-2.938815020024776,1.3487416319549084,2.9865098717817062,3.192952850024322,1.01200919598341,-1.6294322009215323,-18.239411505322877
12592,DISCOVER FINANCIAL SERVICES,Discover Financial Reports CFO Mark Graf To Retire; Search For Replacement Will Be Conducted By Crist Kolder Associates,3,uncertain,0.6,0.2,,148,34,1.0,2019-06-06,92121.0,0.488931080326438,0.05121756112203,-0.8322682515653046,0.3713200128945271,0.6344656925648451,4.028914607432865,4.2521770118630675
12600,D R HORTON INC,"KeyBanc Maintains Overweight on D.R. Horton, Raises Price Target to $52",3,increase,0.8,0.6,,145,29,2.0,2019-06-06,77661.0,1.209941972047091,0.9519599378108978,0.6420210289116657,1.1512075899662744,0.4953866824507713,3.1430566626226897,4.373252666318739
12608,SPDR DOW JONES IND AVG ETF TRUST,"Fed's Williams Says There's A Shift From Tailwind Of Fiscal Policies To Headwind Of Trade, Tariff Issues",3,decrease,0.75,0.6,,156,34,0.0,2019-06-06,85765.0,0.7781666237860918,0.9816850535571576,1.4899877077495294,4.019860851802903,0.8200283162295818,2.909454924528365,3.0255395305246013
12616,SPDR DOW JONES IND AVG ETF TRUST,"Fed's Williams Says He Does Not Take Inverted Yield Curve As An 'Oracle' On Chance Of Recession; Says He Does Take Yield Curve Into Account As He Assesses Outlook, Suggests Heightened Uncertainty",3,uncertain,0.6,0.2,,177,34,1.0,2019-06-06,85765.0,0.7781666237860918,0.9816850535571576,1.4899877077495294,4.019860851802903,0.8200283162295818,2.909454924528365,3.0255395305246013
12624,DISH NETWORK CORP,"'AT&T May Spinoff DirecTV, UBS Says, Clearing Way for Dish to Buy' -Bloomberg",3,increase,0.75,0.6,,148,33,2.0,2019-06-06,81696.0,0.7238367106765509,2.542836219072342,4.726365603046134,8.04311724932283,-0.9103498421609402,1.0976622301364536,-0.5261767836839848
12632,DEXCOM INC,"Dexcom Shares Volatile Over Last Few Mins. Following Senseonics FDA Doc On Eversense, Very Large Volume Spike As Doc Was Circulated By Traders; Piper Jaffray Noted Co. Also Has A Non-Adjunctive Claim",3,uncertain,0.6,0.3,,172,34,1.0,2019-06-06,90664.0,-2.239591255784035,4.378809034824371,21.231209277855847,28.96972082424296,-1.034068875014782,2.0667988860528563,1.7807056091052598
12640,DIXIE GROUP INC,The Dixie Group Says It Is Unaware Of Any Material Change In Operations That Would Account For Today's Unusual Trading Volume,3,uncertain,0.6,0.3,,147,34,1.0,2019-06-06,10886.0,-27.85443365573883,55.39085865020752,39.85177375747215,64.95337988956294,3.535715490579605,1.719301151460706,1.683616769008367
12648,ELECTRONIC ARTS INC,"Nomura Initiates Coverage On Electronic Arts with Buy Rating, Announces $120 Price Target",3,increase,0.85,0.7,,143,33,2.0,2019-06-06,75828.0,1.196849718689919,0.6224696524441242,-2.9256142852304268,-3.3198432133201505,1.1898468248546124,4.314973840344782,2.331325983570509
12656,ISHARES INC,"Williams Says Uncertainty Around Trade Is Affecting Business Leaders, Tendency Is To Hold Off On Investment",3,decrease,0.75,0.6,,142,34,0.0,2019-06-06,83211.0,0.6108518689870834,0.5357129033654928,0.3571441965686706,3.68359147235493,0.107916141860187,1.5693441645276085,1.829491367151692
12664,ISHARES INC,Russia's Putin Says There Are Questions About Japan's Military Cooperation With The US,3,uncertain,0.6,0.3,,137,34,1.0,2019-06-06,83225.0,0.1117968582548201,1.2097553350031376,0.7630743384317462,3.293072949351461,0.0559261359740048,1.206862912638096,1.8019668612493156
12672,ISHARES INC,'The FED is now the only game in town to address the global weakness....boj and ecb are out of the QE business' -Tweet From @FXMacro,3,increase,0.75,0.6,,155,33,2.0,2019-06-06,83225.0,0.1117968582548201,1.2097553350031376,0.7630743384317462,3.293072949351461,0.0559261359740048,1.206862912638096,1.8019668612493156
12680,ISHARES TRUST,UK PM Candidate Matt Hancock Vows To 'Save' High Street With Tax Cut For Small Retailers Funded By New Amazon Tax,3,uncertain,0.6,0.3,,148,34,1.0,2019-06-06,14907.0,0.8099755272269249,1.2051897123456,1.2360868964577554,2.3443935746205513,-0.0933787494432181,1.070523409055446,1.2937769760733353
12688,ISHARES TRUST,"UK PM May's Spokeswoman, Responding To Putin Comments, Says Russian Aggression Undermines Its Claims To Be Responsible International Partner; Says Relationship With Russia Can Only Change If Russia Changes Its Behaviour",3,uncertain,0.6,0.3,,163,34,1.0,2019-06-06,14907.0,0.8099755272269249,1.2051897123456,1.2360868964577554,2.3443935746205513,-0.0933787494432181,1.070523409055446,1.2937769760733353
12696,ISHARES TRUST,"Russia's Putin Says He Hopes The New UK Prime Minister Will Make The Choice To Improve Relations With Russia, Says He Had A Great Meeting With UK Businesses, We Consider Them Our Friends",3,uncertain,0.6,0.3,,159,34,1.0,2019-06-06,14907.0,0.8099755272269249,1.2051897123456,1.2360868964577554,2.3443935746205513,-0.0933787494432181,1.070523409055446,1.2937769760733353
12704,ISHARES INC,"U.S., Mexico Make Progress on Migration Issues, but Tariffs Still Loom",3,uncertain,0.6,0.2,,137,34,1.0,2019-06-06,83223.0,-0.7544623222202063,0.3685783129185438,2.9025531239038616,4.764829089706968,0.6442765705287457,2.5076249409877516,1.910539517845522
12712,ISHARES INC,'Trump plans to declare new national emergency to impose tariffs' -The Hill,3,decrease,0.75,0.6,,137,34,0.0,2019-06-06,83223.0,-0.7544623222202063,0.3685783129185438,2.9025531239038616,4.764829089706968,0.6442765705287457,2.5076249409877516,1.910539517845522
12720,ISHARES INC,US Vice President Pence Says Encouraged Mexican Officials Went Into Talks On Thursday Offering To Do More On Immigration; Pence Says It Will Be Up To Trump To Decide Whether To Move Forward On Tariffs,3,uncertain,0.6,0.3,,160,34,1.0,2019-06-06,83223.0,-0.7544623222202063,0.3685783129185438,2.9025531239038616,4.764829089706968,0.6442765705287457,2.5076249409877516,1.910539517845522
12728,ISHARES INC,Hearing Spokesperson For Mexico Says US Is Focused On Controlling Migration While Mexico Is Focused On Development,3,uncertain,0.5,0.2,,145,34,1.0,2019-06-06,83223.0,-0.7544623222202063,0.3685783129185438,2.9025531239038616,4.764829089706968,0.6442765705287457,2.5076249409877516,1.910539517845522
12736,ISHARES INC,"'Just in from White House: ""Position has not changed, and we are still moving forward with tariffs at this time."" Sarah Sanders' -LA Times' Noah Bierman",3,decrease,0.75,0.6,,157,34,0.0,2019-06-06,83223.0,-0.7544623222202063,0.3685783129185438,2.9025531239038616,4.764829089706968,0.6442765705287457,2.5076249409877516,1.910539517845522
12744,ISHARES INC,"Mexico, US Reportedly Discussing Migration Plans; Tariffs Could Be Delayed Or Avoided",3,increase,0.7,0.6,,141,33,2.0,2019-06-06,83223.0,-0.7544623222202063,0.3685783129185438,2.9025531239038616,4.764829089706968,0.6442765705287457,2.5076249409877516,1.910539517845522
12752,ISHARES INC,'US-Mexico tariff talks to resume at 5:30 pm ET at State Department after 'very good discussion'' -CNBC,3,uncertain,0.6,0.3,,149,34,1.0,2019-06-06,83223.0,-0.7544623222202063,0.3685783129185438,2.9025531239038616,4.764829089706968,0.6442765705287457,2.5076249409877516,1.910539517845522
12760,ISHARES INC,"UPDATE: 'Faced with President Trump's threat to impose escalating tariffs on Mexican goods beginning Monday, Mexican officials have pledged to deploy up to 6,000 National Guard troops to the country's border region with Guatemala.' -Washington Post",3,decrease,0.7,0.5,,167,34,0.0,2019-06-06,83223.0,-0.7544623222202063,0.3685783129185438,2.9025531239038616,4.764829089706968,0.6442765705287457,2.5076249409877516,1.910539517845522
12768,ISHARES INC,'Mexico aims to avoid tariffs with potential deal that stems migrant travel' -Washington Post,3,uncertain,0.6,0.3,,139,34,1.0,2019-06-06,83223.0,-0.7544623222202063,0.3685783129185438,2.9025531239038616,4.764829089706968,0.6442765705287457,2.5076249409877516,1.910539517845522
12776,ISHARES INC,Mexican Finance Ministry Says  Has Blocked Bank Accounts Of 26 People For Alleged Involvement In Human Trafficking,3,uncertain,0.6,0.2,,148,34,1.0,2019-06-06,83223.0,-0.7544623222202063,0.3685783129185438,2.9025531239038616,4.764829089706968,0.6442765705287457,2.5076249409877516,1.910539517845522
12784,ISHARES INC,"Mexico's Interior Ministry Says Mexico Will Reinforce Its Southern Border After Wednesday's 'Incursion' Of Hundreds Of Central American Migrants; Says Seeks Migration That Is Orderly, Secure And Regular",3,uncertain,0.6,0.3,,161,34,1.0,2019-06-06,83223.0,-0.7544623222202063,0.3685783129185438,2.9025531239038616,4.764829089706968,0.6442765705287457,2.5076249409877516,1.910539517845522
12792,ISHARES INC,"Fed's Williams Says Economy Vulnerable To Uncertainty Around Trade, Says Tariffs Do Boost Inflation A Bit",3,uncertain,0.6,0.3,,143,34,1.0,2019-06-06,83223.0,-0.7544623222202063,0.3685783129185438,2.9025531239038616,4.764829089706968,0.6442765705287457,2.5076249409877516,1.910539517845522
12800,ISHARES INC,"Mexican Foreign Minister Ebrard Says Thinks US, Mexico Talks Have Made Some Advances Thurs.",3,increase,0.7,0.5,,141,33,2.0,2019-06-06,83223.0,-0.7544623222202063,0.3685783129185438,2.9025531239038616,4.764829089706968,0.6442765705287457,2.5076249409877516,1.910539517845522
12808,ISHARES INC,'SCOOP-Key members of GOP leadership worried trade war could cost senate and house seats as biz and agriculture feel impact of foreign retaliatory tariffs more no' -FBN's Charlie Gasparino,3,decrease,0.75,0.6,,161,34,0.0,2019-06-06,83223.0,-0.7544623222202063,0.3685783129185438,2.9025531239038616,4.764829089706968,0.6442765705287457,2.5076249409877516,1.910539517845522
12816,ISHARES INC,House Ways And Means Committee Chairman Neal Says He Would Introduce Resolution Of Disapproval If Trump Declares National Emergency To Impose Tariff On Mexican Goods,3,uncertain,0.6,0.3,,152,34,1.0,2019-06-06,83223.0,-0.7544623222202063,0.3685783129185438,2.9025531239038616,4.764829089706968,0.6442765705287457,2.5076249409877516,1.910539517845522
12824,ISHARES INC,"Hearing Trump Aide Schlapp Says Moving Toward Path Of Mexico Tariffs, Mexico Not Offering Enough To Avert Tariffs",3,decrease,0.75,0.6,,148,34,0.0,2019-06-06,83223.0,-0.7544623222202063,0.3685783129185438,2.9025531239038616,4.764829089706968,0.6442765705287457,2.5076249409877516,1.910539517845522
12832,ISHARES INC,"Pence Says Talks Between US, Mexico Were Positive But Mexico Needs To Do More",3,uncertain,0.5,0.2,,138,34,1.0,2019-06-06,83223.0,-0.7544623222202063,0.3685783129185438,2.9025531239038616,4.764829089706968,0.6442765705287457,2.5076249409877516,1.910539517845522
12840,ISHARES INC,"US Vice Pres Pence Notes US, Mexico Talks Will Continue Thurs. At State Dept.",3,uncertain,0.6,0.2,,138,34,1.0,2019-06-06,83223.0,-0.7544623222202063,0.3685783129185438,2.9025531239038616,4.764829089706968,0.6442765705287457,2.5076249409877516,1.910539517845522
12848,ISHARES INC,Mexican Pres Obrador Says Hopes To Reach A Deal With US Thursday,3,uncertain,0.6,0.3,,137,34,1.0,2019-06-06,83223.0,-0.7544623222202063,0.3685783129185438,2.9025531239038616,4.764829089706968,0.6442765705287457,2.5076249409877516,1.910539517845522
12856,ISHARES INC,"Mexican Pres Obrador Says He Is Confident Mexico, US Will reach Deal To Avoid Tariffs",3,increase,0.75,0.6,,142,33,2.0,2019-06-06,83223.0,-0.7544623222202063,0.3685783129185438,2.9025531239038616,4.764829089706968,0.6442765705287457,2.5076249409877516,1.910539517845522
12864,ISHARES INC,Mexican Pres Obrador Highlights Talks With US Over Tariff Threats Will Resume Thurs. Morning In Washington DC,3,uncertain,0.6,0.3,,144,34,1.0,2019-06-06,83223.0,-0.7544623222202063,0.3685783129185438,2.9025531239038616,4.764829089706968,0.6442765705287457,2.5076249409877516,1.910539517845522
12872,FORD MOTOR CO DEL,Analyst: Failed Fiat Chrysler-Renault Merger A Positive For FCA,3,uncertain,0.6,0.2,,139,34,1.0,2019-06-06,25785.0,-0.3067457349970937,0.102566450368613,3.1794914584760914,2.974358562043511,-1.411293726414442,1.7689914335994317,2.731084655846794
12880,FORD MOTOR CO DEL,UPDATE:  Ford Motor Issues Safety Recall For Select 2013-16 Fusion Vehicles Equipped With 2.5-Liter Engine For Shifter Cable Bushing Issue,3,decrease,0.75,0.5,,157,34,0.0,2019-06-06,25785.0,-0.3067457349970937,0.102566450368613,3.1794914584760914,2.974358562043511,-1.411293726414442,1.7689914335994317,2.731084655846794
12888,FORD MOTOR CO DEL,Ford Motor Company Issues Two Recalls In North America,3,decrease,0.75,0.6,,134,34,0.0,2019-06-06,25785.0,-0.3067457349970937,0.102566450368613,3.1794914584760914,2.974358562043511,-1.411293726414442,1.7689914335994317,2.731084655846794
12896,FORD MOTOR CO DEL,"Ford Announces Closure Of 1,700-Employee Plant In Wales; Union Says It's 'Economic Betrayal'",3,decrease,0.75,0.6,,146,34,0.0,2019-06-06,25785.0,-0.3067457349970937,0.102566450368613,3.1794914584760914,2.974358562043511,-1.411293726414442,1.7689914335994317,2.731084655846794
12904,FORD MOTOR CO DEL,UPDATE: Ford Says To Take Pre-Tax Special Item Charges Of ~$650M Related To Closing Of Bridgend Plant,3,decrease,0.75,0.6,,147,34,0.0,2019-06-06,25785.0,-0.3067457349970937,0.102566450368613,3.1794914584760914,2.974358562043511,-1.411293726414442,1.7689914335994317,2.731084655846794
12912,FORD MOTOR CO DEL,"Ford Confirms Commencement Of Consultation On Potential Closure Of Ofbridgend Engine Plant, Says we Are Committed To UK",3,decrease,0.75,0.6,,148,34,0.0,2019-06-06,25785.0,-0.3067457349970937,0.102566450368613,3.1794914584760914,2.974358562043511,-1.411293726414442,1.7689914335994317,2.731084655846794
12920,FORD MOTOR CO DEL,Ford Expected to Announce Closure of Welsh Engine Factory,3,decrease,0.75,0.6,,134,34,0.0,2019-06-06,25785.0,-0.3067457349970937,0.102566450368613,3.1794914584760914,2.974358562043511,-1.411293726414442,1.7689914335994317,2.731084655846794
12928,FASTENAL CO,"Fastenal Reports May Sales $472.4M, Up 9.5% Year Over Year",3,increase,0.8,0.6,,142,33,2.0,2019-06-06,11618.0,-0.6836582440882921,0.938670989125967,2.4092631249909013,4.005014541777419,1.2586520053446293,4.277380667256003,5.1977775665594805
12936,FUELCELL ENERGY INC,Oppenheimer Downgrades FuelCell Energy to Perform,3,decrease,0.85,0.7,,135,34,0.0,2019-06-06,77699.0,-18.25640648603439,-8.939771354198456,-33.34378679776682,-66.17001262764045,-33.33333432674408,-32.758622252564315,-34.453788070193525
12944,FEDEX CORP,FedEx To Hire 700 Flexible Rural And Residential Drivers,3,increase,0.7,0.5,,133,33,2.0,2019-06-06,60628.0,-1.097162626683712,0.7459343876689672,5.623201416953316,7.427474220519104,-0.6266057025641203,4.102665070004141,2.793620345756276
12952,FIVE BELOW INC,"The Street's Reaction To Five Below's Earnings, Tariff Commentary",3,uncertain,0.6,0.3,,133,34,1.0,2019-06-06,13527.0,-1.007724832743406,4.687627777457237,8.529677253126632,6.937030987105852,-2.788749150931835,-1.1646560520527038,-4.412330194643155
12960,FLEX LTD,"UPDATE: Goldman Upgrades Flex To Buy, Adds To Conviction Buy List As Firm Sees Co's Valuation As Attractive; Firm Is Also Positive On 'new CEO's strategy to focus on higher margins, more sustainable businesses, operational discipline, and free cash flow'",3,increase,0.85,0.7,,171,29,2.0,2019-06-06,80329.0,2.994649484753609,-1.2461047619581225,-2.1806858181828037,-0.830736956429412,-2.0942388102412224,3.3149192020588414,4.586138932487183
12968,FLEX LTD,"Goldman Sachs Upgrades Flex to Buy, Announces $11 Price Target",3,increase,0.85,0.7,,132,33,2.0,2019-06-06,80329.0,2.994649484753609,-1.2461047619581225,-2.1806858181828037,-0.830736956429412,-2.0942388102412224,3.3149192020588414,4.586138932487183
12976,FLEETCOR TECHNOLOGIES INC,"Citron Research Targets Fleetcor Technologies, Calls For CEO's Resignation",3,decrease,0.8,0.6,,144,34,0.0,2019-06-06,12449.0,-0.127157592214644,3.047781065106392,8.574385432146059,10.52002824410314,-0.7884880527853966,0.5514003444504256,-2.5405669136242315
12984,FLEETCOR TECHNOLOGIES INC,Citron Research Calls Fleetcor 'Largest Clean Energy Fraud In US History',3,decrease,0.85,0.7,,144,34,0.0,2019-06-06,12449.0,-0.127157592214644,3.047781065106392,8.574385432146059,10.52002824410314,-0.7884880527853966,0.5514003444504256,-2.5405669136242315
12992,FLEETCOR TECHNOLOGIES INC,Citron Research Releases Negative Report On Fleetcor Technologies,3,decrease,0.85,0.7,,140,34,0.0,2019-06-06,12449.0,-0.127157592214644,3.047781065106392,8.574385432146059,10.52002824410314,-0.7884880527853966,0.5514003444504256,-2.5405669136242315
13000,GREIF INC,Greif shares are trading lower after the company reported worse-than-expected Q2 sales results and narrowed FY19 EPS guidance.,3,decrease,0.85,0.7,,144,34,0.0,2019-06-06,83233.0,-12.41627931594849,0.7941190153360367,5.8529460892582374,-0.5913293468937209,0.2064997795969247,3.519999280388064,9.537249685236793
13008,GREIF INC,Greif shares are trading lower after the company reported worse-than-expected Q2 sales results and narrowed FY19 EPS guidance.,3,decrease,0.85,0.7,,144,34,0.0,2019-06-06,83233.0,-12.41627931594849,0.7941190153360367,5.8529460892582374,-0.5913293468937209,0.2064997795969247,3.519999280388064,9.537249685236793
13016,G III APPAREL GROUP INC,"KeyBanc Maintains Overweight on G-III Apparel Group, Lowers Price Target to $45",3,uncertain,0.6,0.3,,149,34,1.0,2019-06-06,75905.0,-4.569566994905472,7.738355547189712,8.550662814934507,14.065844141611583,-9.39001515507698,-4.9631665248958345,-4.741544274387377
13024,G III APPAREL GROUP INC,"Bank of America Maintains Buy on G-III Apparel Group, Lowers Price Target to $35",3,uncertain,0.6,0.3,,148,34,1.0,2019-06-06,75905.0,-4.569566994905472,7.738355547189712,8.550662814934507,14.065844141611583,-9.39001515507698,-4.9631665248958345,-4.741544274387377
13032,GOLAR L N G LTD,The Rise And Fall Of The Cool Pool: What It Means To LNG Shipping,3,uncertain,0.6,0.3,,141,34,1.0,2019-06-06,89618.0,0.1674145460128784,-1.949862763285637,-4.770360468487256,-6.906568245857625,-3.3962219953536987,-3.811052663006864,-1.4843345412461462
13040,GASLOG PARTNERS LP,"GasLog, GasLog Partners Report Will Assume Commercial Control Of LNG Carriers Operating In Spot Market",3,increase,0.75,0.6,,143,33,2.0,2019-06-06,14643.0,-2.192169800400734,-0.1430556993000209,-0.1907438715843978,1.907494300776702,-1.4705868437886238,-0.3254286796834371,1.467114822738225
13048,GRIFOLS S A,Grifols SA shares are trading higher after the company declared a $0.1736 per share semi-annual dividend; the company is set to go ex-dividend tomorrow.,3,increase,0.75,0.6,,159,33,2.0,2019-06-06,12886.0,3.718091174960135,2.6518870145082474,5.621821731460419,8.267766011777432,-0.6067220587283373,-0.1661982547697116,2.4445723757134052
13056,G S K PLC,Glaxosmithkline Says Nucala (Mepolizumab) Gains FDA Approval For Two New Self-Administration Options,3,increase,0.75,0.6,,149,33,2.0,2019-06-06,75064.0,0.8016586303710938,2.1036421880126,2.9502349381201887,3.6685489478165856,-0.5657012574374676,-0.947752897988874,0.0776365763595299
13064,CHART INDUSTRIES INC,"Chart Industries Reports Booked $10.4M Order For Liquefier, Compressor, Tank Equipment Content On Utility-Scale Liquefied Nat Gas Project In Northeastern US",3,increase,0.75,0.6,,159,29,2.0,2019-06-06,91402.0,1.8928196281194691,1.5815265476703644,-3.3764211190458027,-9.074928537858462,-1.025313325226307,0.9424262757842694,2.03576314849796
13072,HAWAIIAN HOLDINGS INC,"Hawaiian Air May Passengers Down 0.4%, RPMs Up 5.8%, ASMs Up 4.1%, Load Factor Up 1.4 Points",3,uncertain,0.6,0.2,,165,34,1.0,2019-06-06,81666.0,-0.4931754898279905,-2.5162022560834885,3.164315372726456,-0.9531071018393122,-2.116597443819046,2.091405563926685,5.524423720809968
13080,HOVNANIAN ENTERPRISES INC,"Hovnanian Enterprises Q2 EPS $(2.56) Misses $(1.77) Estimate, Sales $440.691M Miss $441M Estimate",3,decrease,0.85,0.7,,165,34,0.0,2019-06-06,65285.0,-10.13039350509644,-5.691966786980629,-8.593755017457205,-15.178573180129574,-0.4990038927644491,0.6054532491565956,4.94737125369944
13088,INTERNATIONAL BUSINESS MACHS COR,"Evercore ISI Group Initiates Coverage On IBM with Outperform Rating, Announces $150 Price Target",3,uncertain,0.6,0.3,,144,34,1.0,2019-06-06,12490.0,0.5551720038056374,0.8243808522820473,2.6773508274778868,5.014373580589937,-0.9043612517416476,2.510330555867246,3.5435920522300046
13096,INTERCEPT PHARMACEUTICALS INC,"Baird Out Defending Intercept Pharmaceuticals, Says 'sharp selloff in shares on FDA Draft guidance that doesn't even address the primary commercial opportunity for OCA is silly'",3,increase,0.75,0.6,,165,29,2.0,2019-06-06,13643.0,-5.7444017380476,-0.0879614148288965,2.588587051918778,3.355112145501016,-0.7873069494962692,1.8333090867967972,1.9439756125011476
13104,ICAHN ENTERPRISES L P,"Icahn, Caesars Rejects Too Low Takeover Offer from Eldorado Resorts",3,uncertain,0.6,0.3,,143,34,1.0,2019-06-06,75113.0,0.8755864575505257,-0.4479906056076288,-1.245974235054692,0.9519815980132628,0.2974491333588958,1.2728824369482084,2.3265905910019535
13112,ISHARES TRUST,US Treasury Amends General Licenses Relating To Venezuela Sanctions And PDVSA; Says Amendments Clarify That Licenses Do Not Authorize Transactions Related To Export Of Diluents To Venezuela,3,decrease,0.75,0.6,,162,34,0.0,2019-06-06,89190.0,1.0742739774286751,0.6680875085294247,2.2471845088095854,5.142454607612512,-1.570986956357956,-0.0613394146837698,0.6176675373974039
13120,JINKOSOLAR HOLDING CO LTD,"JinkoSolar, REC Group Report Petition For Review Of Hanwha Q CELLS Patent",3,uncertain,0.6,0.3,,148,34,1.0,2019-06-06,93380.0,0.3524225670844316,0.9657563641667366,8.472336668870838,-0.5706811910380916,-1.304344553500414,6.723085034213883,12.87916435806633
13128,KIRKLANDS INC,Kirklands shares are trading lower after the company reported worse-than-expected Q1 EPS and sales results.,3,decrease,0.85,0.7,,147,34,0.0,2019-06-06,89449.0,-50.35461187362671,-1.428570132702589,19.0476250214652,9.523812698907651,-3.644643723964691,3.6764728780267264,4.962774053354679
13136,KIRKLANDS INC,"Kirkland's Q1 Adj. EPS $(0.53) Misses $(0.36) Estimate, Sales $129.648M Miss $132.98M Estimate",3,decrease,0.85,0.7,,162,34,0.0,2019-06-06,89449.0,-50.35461187362671,-1.428570132702589,19.0476250214652,9.523812698907651,-3.644643723964691,3.6764728780267264,4.962774053354679
13144,KOHLS CORP,Kohl's Option Alert: Jul 19 $52.5 Calls at the Ask: 1500 @ $0.651 vs 640 OI; Ref=$47.61,3,increase,0.75,0.6,,161,33,2.0,2019-06-06,77606.0,-1.901840977370739,0.4377716686576605,3.003746290479814,-0.9067148776221612,-2.9569316655397415,-2.744624646702254,-0.8515778045332878
13152,KRATOS DEFENSE & SECUR SOLS INC,Kratos Wins $25.4M Contact From US Navy For Lot 3 Of Low Rate Initial Production For The BQM-177A Subsonic Aerial Target,3,increase,0.75,0.6,,170,29,2.0,2019-06-06,87430.0,-1.68142057955265,0.7200713269412518,-1.0801072139819734,2.5202580381756157,-0.7901681587100029,1.1185681450132543,2.494336316648349
13160,KRATOS DEFENSE & SECUR SOLS INC,"Goldman Sachs Downgrades Kratos Defense & Security to Neutral, Raises Price Target to $24",3,decrease,0.7,0.5,,156,34,0.0,2019-06-06,87430.0,-1.68142057955265,0.7200713269412518,-1.0801072139819734,2.5202580381756157,-0.7901681587100029,1.1185681450132543,2.494336316648349
13168,LILLY ELI & CO,"Eli Lilly Highlights Will Present Data For Taltz, Olumiant At EULAR 2019 Jun. 12-15, 2019",3,uncertain,0.6,0.3,,159,34,1.0,2019-06-06,50876.0,0.4101891536265611,0.7234029471874237,-4.8340426639017275,-1.6510658206101092,-0.4593406803905964,0.2140961055570711,0.9315112995445852
13176,LA Z BOY INC,"Sidoti & Co. Downgrades La-Z-Boy to Neutral, Lowers Price Target to $35",3,decrease,0.85,0.7,,146,34,0.0,2019-06-06,48347.0,-12.44404166936874,0.0,5.248803707692895,6.134966552669985,-1.033674832433462,4.003715280826103,4.100651640521336
13184,MACYS INC,Macy's Option Alert: Jun 21 $20.5 Calls Sweep (33) near the Ask: 920 @ $0.391 vs 2104 OI; Ref=$20.309,3,increase,0.75,0.6,,161,33,2.0,2019-06-06,77462.0,-2.754035778343678,-0.2441368997097015,8.142094437490655,8.887214922563968,-2.5902004912495613,-0.472591578662096,2.3821088872494345
13192,MIX TELEMATICS LTD,Large FMCG Company Expands Adoption of MiX Telematics' Solutions into Southeast Asia,3,increase,0.8,0.6,,142,33,2.0,2019-06-06,14075.0,-0.887763686478138,0.9596904739737512,1.3435703348515071,1.4715262890833136,-0.3790237940847873,-0.0633667723102138,-1.3141370337205305
13200,MARTIN MARIETTA MATERIALS INC,DA Davidson Upgrades Martin Marietta Materials to Buy,3,increase,0.85,0.7,,142,29,2.0,2019-06-06,80204.0,1.5674090012907975,0.5405664909631014,-2.9730992858327476,-2.345353040591691,0.97916591912508,4.439309240315015,7.292164495632569
13208,3M CO,3M And Dai Nippon Printing Complete Patent License Agreement For Metal Mesh Technology,3,increase,0.75,0.6,,137,33,2.0,2019-06-06,22592.0,0.5309704691171646,1.1474012397229671,2.5072880435115907,5.59737828171083,-0.2678113058209419,2.380662961799884,2.5665140040211476
13216,3M CO,"3M Shares Volatile As Co. Currently Presents At UBS Conference, Say sees Q2 EPS Similar On YoY Basis",3,uncertain,0.6,0.3,,146,34,1.0,2019-06-06,22592.0,0.5309704691171646,1.1474012397229671,2.5072880435115907,5.59737828171083,-0.2678113058209419,2.380662961799884,2.5665140040211476
13224,ALTRIA GROUP INC,"Analyst Likes Cronos, But Valuation Suggests 'Downside Potential'",3,uncertain,0.6,0.3,,139,34,1.0,2019-06-06,13901.0,2.133228816092014,1.241381373256445,2.482756748022852,0.5815910135845481,-1.447837334126234,-0.818363012933021,1.2841361424557496
13232,MERCURY SYSTEMS INC,Mercury Systems Receives $8.2M Order For SWaP-Optimized Memory For Advanced Airborne C2I Application,3,increase,0.75,0.6,,153,29,2.0,2019-06-06,85738.0,0.6018731743097305,-0.0145952668390236,0.7004280194659707,1.6780992925103266,2.4977484717965126,5.6779455816172275,-0.9307730682144189
13240,VAIL RESORTS INC,Vail Resorts Sees FY19 New Income $301M-$317M,3,increase,0.75,0.6,,141,33,2.0,2019-06-06,84588.0,-0.0733053835574537,8.72037261724472,6.845166647747214,6.991884990135877,0.0733591616153717,2.3828517888547784,1.4690174974540948
13248,VAIL RESORTS INC,"Vail Resorts Q3 EPS $7.12 Beats $7.06 Estimate, Sales $958M Miss $958.75M Estimate",3,uncertain,0.6,0.3,,154,34,1.0,2019-06-06,84588.0,-0.0733053835574537,8.72037261724472,6.845166647747214,6.991884990135877,0.0733591616153717,2.3828517888547784,1.4690174974540948
13256,MICRON TECHNOLOGY INC,"Barclays Maintains Overweight on Micron Technology, Lowers Price Target to $40",3,uncertain,0.6,0.3,,143,34,1.0,2019-06-06,53613.0,0.3899252275004983,1.5536313876509666,-0.2688979339985908,2.031670969857569,-3.3343039453029633,1.9883803659548336,2.238575654054964
13264,MICRON TECHNOLOGY INC,DRAMeXchange Reports DRAM ASP Falls Sharper than Expected,3,decrease,0.85,0.7,,138,34,0.0,2019-06-06,53613.0,0.3899252275004983,1.5536313876509666,-0.2688979339985908,2.031670969857569,-3.3343039453029633,1.9883803659548336,2.238575654054964
13272,N C R CORP NEW,NCR to Acquire Key OKI Assets in Brazil; Financial Details Not Disclosed,3,increase,0.7,0.6,,142,33,2.0,2019-06-06,84372.0,1.611343771219254,0.6660294253379107,2.8227004220561236,-0.6343191883847243,-0.7675080560147762,1.9717397250283764,1.4052298087501969
13280,NORFOLK SOUTHERN CORP,May U.S. Intermodal Volumes Drop 5.9 Percent,3,decrease,0.75,0.6,,144,34,0.0,2019-06-06,64311.0,-1.527397520840168,1.5911100432276726,-1.676176450832667,-1.7762449184506646,0.8647278882563114,3.371707451380934,4.0073830203240846
13288,NETAPP INC,"Evercore ISI Group Initiates Coverage On NetApp with In-Line Rating, Announces $65 Price Target",3,uncertain,0.6,0.3,,141,34,1.0,2019-06-06,82598.0,-0.0654358183965087,0.3437536070123315,1.751513627364365,2.586344664316198,-0.0327072077197954,3.768462622395408,3.2601357823376587
13296,NVIDIA CORP,"Morgan Stanley Upgrades AMD, Says 'Table Is Set Well' For 2020",3,uncertain,0.6,0.3,,137,34,1.0,2019-06-06,86580.0,1.7695356160402302,1.1962729506194592,3.115868574265024,7.177637820693561,-1.2027980759739876,5.606219094428155,4.296465104925162
13304,NVIDIA CORP,"Barclays Maintains Overweight on NVIDIA, Lowers Price Target to $180",3,decrease,0.7,0.5,,137,34,0.0,2019-06-06,86580.0,1.7695356160402302,1.1962729506194592,3.115868574265024,7.177637820693561,-1.2027980759739876,5.606219094428155,4.296465104925162
13312,N V R INC,"Evercore ISI Group Initiates Coverage On NVR with In-Line Rating, Announces $3.467K Price Target",3,uncertain,0.6,0.2,,146,34,1.0,2019-06-06,79785.0,0.173089443705976,0.8478838950395584,0.9909343487384704,1.47212327102344,1.1794812977313995,2.754461152860732,4.844806072730834
13320,NOVARTIS A G,"Novartis Announced New Early Stage Histology Data in Kidney Transplantation, Suggesting That With Investigational Compound Iscalimab it May Be Possible to Prolong Durability of Transplanted Kidneys",3,increase,0.75,0.6,,167,29,2.0,2019-06-06,88233.0,0.137083325535059,0.4563014954328537,2.201679907373477,5.373030970896142,0.13727149926126,-0.1368956662721854,2.2185913350148523
13328,NYMOX PHARMACEUTICAL CORP,"Nymox Director Robinson Buys 11,000 @ Avg Price: $1.55",3,increase,0.7,0.5,,153,33,2.0,2019-06-06,85706.0,-5.7692255824804315,0.6802714429795742,4.081629061250913,21.768702601488975,-3.703707456588745,-2.5000049477373665,-1.8867980430415263
13336,ONEOK INC NEW,"Mitsubishi UFJ Initiates Coverage On ONEOK with Neutral Rating, Announces $74 Price Target",3,uncertain,0.6,0.2,,142,34,1.0,2019-06-06,25232.0,1.118779089301825,0.0151477812323719,-1.439837055097959,2.697785277041298,0.2304170979186892,2.304799738507013,2.5620891460902184
13344,OPKO HEALTH INC,OPKO Health 8-K Shows Co.'s BioReference Labs Unit Was Notified By American Medical Collection Agency About Unauthorized ACtivity On Web Payment Page,3,decrease,0.75,0.6,,153,34,0.0,2019-06-06,82567.0,-0.512820016592741,-0.5154695361852646,0.515463613888012,4.639170787178748,-1.5151500701904297,4.278077151619719,8.938552456019867
13352,PALO ALTO NETWORKS INC,CrowdStrike Hikes IPO Price Range,3,uncertain,0.6,0.3,,136,34,1.0,2019-06-06,13511.0,-0.8383180014789104,-1.0124532505869863,4.014380844644405,4.606665081800898,-1.2394030578434467,1.2760598592963524,-0.4646711267348724
13360,PROTALIX BIOTHERAPEUTICS INC,"Protalix BioTherapeutics, Chiesi Report Will Apply For Accelerated Approval Of Pegunigalsidase Alfa For Treatment Of Fabry Disease In US",3,increase,0.8,0.6,,168,29,2.0,2019-06-06,86080.0,35.17167270183563,0.0,-13.999998455848385,-11.799997113500083,0.4071608651429415,1.6487997068908022,-0.0270314704184593
13368,PALATIN TECHNOLOGIES INC,Palatin Technologies Reports Granted FDA Orphan Drug Designation For PL-8177 For Treatment Of Non-Infectious Uveitis,3,increase,0.75,0.6,,154,33,2.0,2019-06-06,79702.0,-6.617649644613266,-1.574801653623581,0.7874006429451796,0.7874005382628502,1.4925358816981316,1.4925358816981316,1.4925358816981316
13376,QUALCOMM INC,"Barclays Maintains Overweight on Qualcomm, Lowers Price Target to $90",3,uncertain,0.6,0.3,,137,30,1.0,2019-06-06,77178.0,0.8504919707775116,1.6274688765406609,3.462056801780111,7.619473189036108,-1.1833460070192814,1.4701364467692324,1.2271729663948516
13384,QORVO INC,"UPDATE: Barclays Downgrades Qorvo To Equal-Weight, Lowers Target To $60 As Firm Believes 'the BAW story is running out of steam as BAW filters are less critical in 5G (3-6GHz deployments) vs 4G and that is where QRVO has been most successful'",3,decrease,0.85,0.7,,188,34,0.0,2019-06-06,85035.0,0.0157662929268553,1.46571546792984,-0.2206453673286534,2.1906939687778015,-1.153009757399559,2.521004393344928,3.694014880121821
13392,QORVO INC,"Barclays Downgrades Qorvo to Equal-Weight, Lowers Price Target to $60",3,decrease,0.85,0.7,,143,34,0.0,2019-06-06,85035.0,0.0157662929268553,1.46571546792984,-0.2206453673286534,2.1906939687778015,-1.153009757399559,2.521004393344928,3.694014880121821
13400,Q 2 HOLDINGS INC,Q2 Holdings Earlier Announced Upsizing and Pricing of Public Offering of ~2.638M Share Common Stock At Price Of $69.50/Share,3,decrease,0.75,0.6,,157,34,0.0,2019-06-06,14516.0,-0.0994280911982059,-2.374180033802986,4.40717437181346,11.08900159806483,-3.3360693603754044,2.073064825413362,-3.8640011876857727
13408,ROYAL CARIBBEAN CRUISES LTD,Royal Caribbean Offers Comment On Cuba Travel Policy Change: Sees FY19 Adj. EPS Being Impacted By $0.25-$0.35,3,decrease,0.75,0.3,,165,34,0.0,2019-06-06,79145.0,0.1434947014786303,1.9639261066913605,3.228255208075592,0.0842874101273816,-2.501852437853813,-1.8475524377934984,-2.1377576815113652
13416,REWALK ROBOTICS LTD,"A Look At Benzinga Pro's Most-Searched Tickers For June 6, 2019",3,uncertain,0.5,0.5,,148,34,1.0,2019-06-06,14936.0,-29.054054617881768,30.095237493515015,4.0000017995204695,-12.00000129099008,122.89156913757324,134.92062643681865,108.450705941975
13424,REWALK ROBOTICS LTD,"Benzinga Pro's Top 10 Most-Searched Tickers For Morning of Thur., June 6, 2019",3,uncertain,0.5,0.2,,153,34,1.0,2019-06-06,14936.0,-29.054054617881768,30.095237493515015,4.0000017995204695,-12.00000129099008,122.89156913757324,134.92062643681865,108.450705941975
13432,SPIRIT AIRLINES INC,UPDATE: Goldman Downgrades Spirit Airlines To Neutral As Firm Notes 'SAVE's revenue growth is becoming increasingly volatile which we expect to drive increased share price volatility',3,decrease,0.8,0.6,,155,30,0.0,2019-06-06,12796.0,-0.9716471657156944,-1.6419697552919388,2.923514294772711,-2.523024245100547,2.2298771888017654,6.797964657629185,9.440100279002216
13440,SPIRIT AIRLINES INC,Goldman Sachs Downgrades Spirit Airlines to Neutral,3,decrease,0.85,0.7,,134,34,0.0,2019-06-06,12796.0,-0.9716471657156944,-1.6419697552919388,2.923514294772711,-2.523024245100547,2.2298771888017654,6.797964657629185,9.440100279002216
13448,SAFE BULKERS INC,Safe Bulkers Reports 5M Share Common Stock Offering,3,decrease,0.75,0.6,,135,34,0.0,2019-06-06,92679.0,0.7092191837728025,4.92958128452301,-0.7042244681620735,2.1126825544654615,0.7142850663512945,1.4388475813189805,4.7629455934838916e-08
13456,SHERWIN WILLIAMS CO,Viewing Sherwin Williams' $25 Per Share Loss Through Benzinga's Securities Lending Volatility Index,3,decrease,0.75,0.6,,147,34,0.0,2019-06-06,36468.0,3.7330210208892822,1.5903664752840996,2.6684697699434823,1.0931083053420163,3.3027801662683487,5.3794409469495985,7.2285079124357665
13464,SIGNET JEWELERS LTD,Signet Jewelers Reports Q1 Earnings Beat,3,increase,0.8,0.6,,137,33,2.0,2019-06-06,12076.0,-1.235838141292334,2.9197052121162415,-0.3128228198795879,-8.8112642374359,-5.452778935432434,1.56903349291031,2.9692440604956793
13472,SIGNET JEWELERS LTD,"Signet Jewelers Sees FY20 Adj. EPS $2.88-$3.17 vs $3 Estimate, Sales $6B-$6.06B vs $6.03B Est., Comps Down 1.5-2.5%",3,uncertain,0.6,0.3,,180,34,1.0,2019-06-06,12076.0,-1.235838141292334,2.9197052121162415,-0.3128228198795879,-8.8112642374359,-5.452778935432434,1.56903349291031,2.9692440604956793
13480,SIGNET JEWELERS LTD,"Signet Jewelers Q1 Adj. EPS $0.08 Beats $(0.22) Estimate, Sales $1.432B Beat $1.42B Estimate",3,increase,0.8,0.6,,162,33,2.0,2019-06-06,12076.0,-1.235838141292334,2.9197052121162415,-0.3128228198795879,-8.8112642374359,-5.452778935432434,1.56903349291031,2.9692440604956793
13488,SMUCKER J M CO,JM Smucker shares are trading lower after the company reported worse-than-expected Q4 sales results.,3,decrease,0.85,0.7,,145,34,0.0,2019-06-06,42585.0,-2.30720043182373,1.7651353031396866,0.9316004427772028,-1.037839481541336,0.5296979565173388,0.7723242626441085,3.0437682359001794
13496,SMUCKER J M CO,"JM Smucker Sees FY20 Adj. EPS $8.45-$8.65 vs $8.33 Estimate, Sales Up 1-2% Year Over Year",3,increase,0.75,0.6,,161,33,2.0,2019-06-06,42585.0,-2.30720043182373,1.7651353031396866,0.9316004427772028,-1.037839481541336,0.5296979565173388,0.7723242626441085,3.0437682359001794
13504,SMUCKER J M CO,"JM Smucker Q4 Adj. EPS $2.08 Beats $1.95 Estimate, Sales $1.902B Miss $1.93B Estimate",3,uncertain,0.6,0.3,,158,34,1.0,2019-06-06,42585.0,-2.30720043182373,1.7651353031396866,0.9316004427772028,-1.037839481541336,0.5296979565173388,0.7723242626441085,3.0437682359001794
13512,SKYWEST INC,"UPDATE: SkyWest Reports May Departures Up 8.7% Year Over Year, Passengers Up 11.7% YoY, Load Factor Up 1 Point",3,increase,0.8,0.6,,157,33,2.0,2019-06-06,10421.0,-1.5018977224826808,1.1394106782972813,1.8934335112098075,-0.4021475022920939,-1.0452382266521454,4.3216223227698025,3.184603000594022
13520,SKYWEST INC,SkyWest Reports May Block Hours Up 8.3% Year Over Year,3,increase,0.75,0.6,,137,33,2.0,2019-06-06,10421.0,-1.5018977224826808,1.1394106782972813,1.8934335112098075,-0.4021475022920939,-1.0452382266521454,4.3216223227698025,3.184603000594022
13528,SENSATA TECHNOLOGIES HOLDING PLC,"Evercore ISI Group Initiates Coverage On Sensata Technologies with In-Line Rating, Announces $50 Price Target",3,uncertain,0.6,0.3,,154,34,1.0,2019-06-06,93296.0,-0.0220470159547403,0.992502737790346,3.970002706392473,6.83722634271362,-0.2200270304456353,3.918421490508739,6.230967404196708
13536,CONSTELLATION BRANDS INC,Stifel: Canopy Growth Is The 'Best Investable Opportunity' In Cannabis,3,decrease,0.7,0.5,,142,34,0.0,2019-06-06,69796.0,-1.518714614212513,2.302340418100357,2.8127675065231728,0.8579506212515353,1.3879839330911636,5.512613175120307,5.97903264142845
13544,CONSTELLATION BRANDS INC,Stifel: Canopy Growth Is The 'Best Investable Opportunity' In Cannabis,3,uncertain,0.6,0.3,,142,34,1.0,2019-06-06,69796.0,-1.518714614212513,2.302340418100357,2.8127675065231728,0.8579506212515353,1.3879839330911636,5.512613175120307,5.97903264142845
13552,TERRITORIAL BANCORP INC,Territorial Bancorp Reports $5M Buyback,3,increase,0.75,0.6,,140,33,2.0,2019-06-06,92987.0,-0.1086981385014951,-0.0725442776456475,1.1969529680367463,1.595939581217154,-1.0752661153674126,0.9140767399981486,2.6022332763866673
13560,THERMON GROUP HOLDINGS INC,Thermon Sees FY20 Sales Growth 2-4% Year Over Year,3,increase,0.7,0.3,,144,29,2.0,2019-06-06,12783.0,-0.0888119800947606,5.955556407570839,5.866665572884755,13.733334255283914,-2.931035682559014,1.07719824351713,2.4567831160737796
13568,THERMON GROUP HOLDINGS INC,"Thermon Group Holdings Q4 EPS $0.32, Inline, Sales $114.23M Beat $101.63M Estimate",3,increase,0.75,0.6,,155,29,2.0,2019-06-06,12783.0,-0.0888119800947606,5.955556407570839,5.866665572884755,13.733334255283914,-2.931035682559014,1.07719824351713,2.4567831160737796
13576,TOYOTA MOTOR CORP,'Toyota partners with China's CATL to power electric ambitions' -Nikkei,3,increase,0.75,0.6,,143,33,2.0,2019-06-06,76655.0,0.8983545005321503,0.8985954336822033,2.8771622061347646,3.7098102703849944,0.5688474979251623,1.7692406886359755,2.245279260632671
13584,T MOBILE U S INC,Hearing T-Mobile Deal With Sprint Is Facing Resistance At Justice Department,3,decrease,0.75,0.6,,137,34,0.0,2019-06-06,91937.0,-0.4456730559468269,1.421990618109703,-1.9749836355521633,2.6069827833308468,0.7927050814032555,2.8167170495235316,3.880716778027016
13592,TREX COMPANY INC,"Trex Reports New Multi-Year Capex Program For $200M Between Now, 2021",3,increase,0.75,0.6,,141,33,2.0,2019-06-06,86810.0,1.5482760965824132,3.3034365624189377,5.844538010086198,3.8116521959942418,0.5647917743772268,6.809333432977827,10.13038702019726
13600,TRAVELERS COMPANIES INC,KBW Downgrades Travelers Companies On Valuation,3,decrease,0.8,0.6,,138,34,0.0,2019-06-06,59459.0,-0.5672379396855831,0.9060394018888474,0.8250641307236961,2.701066719676959,1.558795664459467,2.084619517083186,2.940165306998699
13608,TRAVELERS COMPANIES INC,UPDATE: Keefe Bruyette & Woods Downgrades Travelers Companies to Market Perform As Firm Notes Co's 'current premium to its historical valuation levels fairly reflects improving standard commercial lines rates',3,decrease,0.75,0.5,,165,30,0.0,2019-06-06,59459.0,-0.5672379396855831,0.9060394018888474,0.8250641307236961,2.701066719676959,1.558795664459467,2.084619517083186,2.940165306998699
13616,TRAVELERS COMPANIES INC,Keefe Bruyette & Woods Downgrades Travelers Companies to Market Perform,3,decrease,0.8,0.6,,143,34,0.0,2019-06-06,59459.0,-0.5672379396855831,0.9060394018888474,0.8250641307236961,2.701066719676959,1.558795664459467,2.084619517083186,2.940165306998699
13624,T2 BIOSYSTEMS INC,"T2 Highlights New Studies For T2Bacteria, T2Candida Panels To  Improve Outcomes and be Cost-Effective for Sepsis Patients in the Medical Intensive Care Unit and Emergency Department",3,increase,0.75,0.6,,164,29,2.0,2019-06-06,14879.0,-1.204818114638329,-6.097562611103058,15.243902286268728,14.024391401506776,-7.777777314186096,-12.631579575003594,-14.871798604536846
13632,UNITED AIRLINES HOLDINGS INC,"UPDATE: Goldman Upgrades United Continental To Buy As Firm Expects 'UAL shares to appreciate on current forecast, but see further upside risk if a new credit card agreement is reached'",3,increase,0.8,0.6,,161,29,2.0,2019-06-06,91103.0,1.3561400584876542,0.3736711107194423,5.002412636250342,5.038573135447089,1.6517659649252892,5.313944155808792,5.408882260789105
13640,UNITED AIRLINES HOLDINGS INC,"Goldman Sachs Upgrades United Continental to Buy, Announces $108 Price Target",3,increase,0.85,0.7,,141,33,2.0,2019-06-06,91103.0,1.3561400584876542,0.3736711107194423,5.002412636250342,5.038573135447089,1.6517659649252892,5.313944155808792,5.408882260789105
13648,UNITED NATURAL FOODS INC,"Buckingham Research Maintains Neutral on United Natural Foods, Lowers Price Target to $11",3,decrease,0.75,0.6,,144,34,0.0,2019-06-06,84275.0,-2.44379285722971,2.605212852358818,7.915841059275386,-9.619229515503193,-1.7291095107793808,3.9634083523471864,0.7881766009116387
13656,VALERO ENERGY CORP NEW,"Goldman Sachs Upgrades Valero Energy to Buy, Lowers Price Target to $92",3,increase,0.75,0.6,,144,29,2.0,2019-06-06,85269.0,1.8184328451752656,0.3491367446258664,3.746476231945439,7.090101537385607,-0.9614069946110247,1.5833324503321533,3.892042349716629
13664,VERTEX PHARMACEUTICALS INC,"Vertex And CRISPR Therapeutics Enter Licensing Agreement To Discover And Develop Gene Therapies For DMD And DM1; Vertex To Acquire Exonics For $245M Plus Potential Milestones, CRISPR To Receive Upfront Payment Of $175M",3,increase,0.75,0.6,,184,33,2.0,2019-06-06,76744.0,-3.1857818365097055,3.433677926659584,0.6795825046655324,8.59612424957148,1.1677468195557594,3.978639470333878,4.266465163869526
13672,WHIRLPOOL CORP,"UPDATE: Whirlpool Says ~450 Positions Will Be Impacted By Actions In Italy, Will Be Complete By 2020",3,decrease,0.75,0.6,,149,34,0.0,2019-06-06,25419.0,2.05430518835783,0.4447275772690773,5.391280359707773,10.197400062810711,-0.1748678390868008,7.0582205797707465,9.32277059440576
13680,WHIRLPOOL CORP,"Whirlpool 8-K Shows Co.'s EMEA Announced Certain Updates To Co.'s Italian Industrial Plan, Will Reconvert Naples, Italy Manufacturing Plant, Potentially Sell To Third Party",3,uncertain,0.6,0.3,,164,34,1.0,2019-06-06,25419.0,2.05430518835783,0.4447275772690773,5.391280359707773,10.197400062810711,-0.1748678390868008,7.0582205797707465,9.32277059440576
13688,WHIRLPOOL CORP,"KeyBanc Upgrades Whirlpool to Overweight, Announces $150 Price Target",3,increase,0.8,0.6,,141,33,2.0,2019-06-06,25419.0,2.05430518835783,0.4447275772690773,5.391280359707773,10.197400062810711,-0.1748678390868008,7.0582205797707465,9.32277059440576
13696,BERKLEY W R CORP,W. R. Berkley Raises Quarterly Dividend From $0.10 To $0.11/Share,3,increase,0.75,0.2,,149,33,2.0,2019-06-06,17743.0,0.3292037639766932,0.4843711853027344,1.359379253968207,5.370286995649343,1.2700416147708893,1.7871434000754194,2.556270307128994
13704,BERKLEY W R CORP,W. R. Berkley Declares Special Dividend Of $0.50/Share,3,increase,0.8,0.6,,145,33,2.0,2019-06-06,17743.0,0.3292037639766932,0.4843711853027344,1.359379253968207,5.370286995649343,1.2700416147708893,1.7871434000754194,2.556270307128994
13712,WINTRUST FINANCIAL CORP,Wintrust Financial to Acquire STC Capital Bank for ~$47.7M,3,increase,0.75,0.6,,145,33,2.0,2019-06-06,84636.0,-0.4162662196904421,0.4319426137953996,0.0836076582930278,0.5434124048895317,-0.6068162154406309,4.057172361196937,6.3920904364629605
13720,SPDR SERIES TRUST,Prepare For Retail Retrenchment With This ETF,3,decrease,0.75,0.6,,131,34,0.0,2019-06-06,91316.0,-0.3669313155114651,1.1048385873436928,3.609136408868951,4.468450182379247,-1.470235176384449,1.4392105780322018,2.07241416192514
13728,XEROX HOLDINGS CORP,"Xerox Reports Purchase Of 2 New Multi-Brand Dealers, Rabbit Office Automation, Heritage Business Systems, No Terms Disclosed",3,uncertain,0.6,0.3,,154,34,1.0,2019-06-06,27983.0,1.825256273150444,0.3820190206170082,3.3499836373274805,4.172794608442265,0.3603571560233831,7.876044720292996,9.17999839029835
13736,ZUMIEZ INC,Zumiez shares are trading higher after the company reported better-than-expected Q1 EPS and sales results; the company also reported Q1 comps were up 3.3%.,3,increase,0.85,0.7,,158,33,2.0,2019-06-06,90715.0,-6.3691094517707825,15.961432456970217,23.995711826108113,36.85055698225688,-3.4382522106170654,-1.7249894209867889,0.8088970986739996
13744,ZUMIEZ INC,"Zumiez Sees Q2 EPS $0.14-$0.20 vs $0.20 Estimate, Sales $220M-$224M vs $223.6M Est.",3,decrease,0.75,0.5,,160,34,0.0,2019-06-06,90715.0,-6.3691094517707825,15.961432456970217,23.995711826108113,36.85055698225688,-3.4382522106170654,-1.7249894209867889,0.8088970986739996
13752,ZUMIEZ INC,Zumiez  Q1 Comps Up 3.3%,3,increase,0.75,0.5,,136,33,2.0,2019-06-06,90715.0,-6.3691094517707825,15.961432456970217,23.995711826108113,36.85055698225688,-3.4382522106170654,-1.7249894209867889,0.8088970986739996
13760,ZUMIEZ INC,"Zumiez Q1 EPS $0.03 Beats $(0.09) Estimate, Sales $212.93M Beat $206.03M Estimate",3,increase,0.8,0.6,,154,33,2.0,2019-06-06,90715.0,-6.3691094517707825,15.961432456970217,23.995711826108113,36.85055698225688,-3.4382522106170654,-1.7249894209867889,0.8088970986739996
13768,ABBVIE INC,AbbVie Highlights Publication Of Data From Venetoclax Chemotherapy-Free Combination Regimen For Patients With Previously Untreated Chronic Lymphocytic Leukemia,3,increase,0.75,0.6,,151,29,2.0,2019-06-04,13721.0,1.3870582915842529,0.403905613347888,1.8501604077393763,1.9543973356697777,-1.3166499324142933,-2.4610278114381767,-3.0233163117416417
13776,ARCA BIOPHARMA INC,"A Look At Benzinga Pro's Most-Searched Tickers For June 4, 2019",3,uncertain,0.5,0.2,,148,34,1.0,2019-06-04,85293.0,-0.815216638147831,-1.2328787706792357,-8.904110645994468,-14.52055329005364,27.115720510482788,19.674797437291257,17.76000259355177
13784,ARCA BIOPHARMA INC,"Benzinga Pro's Top 10 Most-Searched Tickers For Morning of Tue., June 4, 2019",3,uncertain,0.5,0.2,,153,34,1.0,2019-06-04,85293.0,-0.815216638147831,-1.2328787706792357,-8.904110645994468,-14.52055329005364,27.115720510482788,19.674797437291257,17.76000259355177
13792,ACASTI PHARMA INC,Acasti Pharma shares are trading higher after the company reported its TRILOGY 2 Trial achieved 100% patient randomization target in patients with severe Hypertriglyceridemia.,3,increase,0.85,0.7,,166,29,2.0,2019-06-04,13750.0,-1.246571447700262,0.1852955552749335,0.7527510388922298,7.122178558773973,-2.8228476643562317,0.528862594610402,3.1497014095406506
13800,ACASTI PHARMA INC,Acasti Pharma Reports TRILOGY 2 Trial Achieved 100% Patient Randomization Target In Patients With Severe Hypertriglyceridemia,3,increase,0.75,0.6,,159,33,2.0,2019-06-04,13750.0,-1.246571447700262,0.1852955552749335,0.7527510388922298,7.122178558773973,-2.8228476643562317,0.528862594610402,3.1497014095406506
13808,ADMA BIOLOGICS INC,"Jefferies Initiates Coverage On ADMA Biologics with Buy Rating, Announces $8 Price Target",3,increase,0.8,0.6,,147,33,2.0,2019-06-04,15056.0,4.523811116814613,-1.8223218619823456,-17.539864118049632,-14.578585904678388,1.204812340438366,-4.109596076605914,-4.32801982654929
13816,A D T INC,"ADT Reports $3M Compensatory Damages, $1M Punitive Damages Awarded Against Alder Holdings",3,decrease,0.75,0.6,,145,34,0.0,2019-06-04,17223.0,1.482696458697319,-0.8116836659610271,0.2444336742165598,2.203614314322677,3.760688379406929,-0.8169887762454753,-0.6546638158203555
13824,AMERICAN EAGLE OUTFITTERS INC NE,Q1 Earnings Outlook For American Eagle Outfitters,3,uncertain,0.6,0.3,,145,29,1.0,2019-06-04,80432.0,3.348216414451599,0.1079938258044421,-8.909284735940826,-4.58963462879346,2.988508529961109,1.1286725864485314,1.2429339874137302
13832,ASTRONOVA INC,Astro-Med Q1 Earnings Preview,3,uncertain,0.5,0.2,,132,34,1.0,2019-06-04,15537.0,-0.4984630271792412,-0.0770730548538267,-1.0790006848024225,-2.5481900078226594,1.835217885673046,-1.324254263015345,-0.0766301719727913
13840,ALTAIR ENGINEERING INC,"Altair Engineering Filing Shows Registration For Mixed Securities Offering, No Size Disclosed",3,uncertain,0.6,0.3,,141,34,1.0,2019-06-04,17034.0,3.5850074142217645,-6.213945895433426,-6.816986248074475,-0.8914530300742629,-3.3849406987428665,-4.114587951330151,-2.541024694911731
13848,AMBARELLA INC,Ambarella shares are trading higher after the company reported better-than-expected Q1 EPS and sales results; the company also issued Q2 sales estimates above analyst estimates.,3,increase,0.85,0.7,,158,33,2.0,2019-06-04,13634.0,4.303330928087234,0.075468624709174,6.415092768048014,9.132078673566337,0.5275673232972622,-0.8584755730859928,1.816725400957231
13856,AMBARELLA INC,Ambarella Sees Q2 Sales $51M-$53M vs $48.8M Estimate,3,increase,0.75,0.6,,146,33,2.0,2019-06-04,13634.0,4.303330928087234,0.075468624709174,6.415092768048014,9.132078673566337,0.5275673232972622,-0.8584755730859928,1.816725400957231
13864,AMBARELLA INC,"Ambarella Q1 EPS $0.01 Beats $(0.05) Estimate, Sales $47.188M Beat $47.01M Estimate",3,increase,0.75,0.6,,156,33,2.0,2019-06-04,13634.0,4.303330928087234,0.075468624709174,6.415092768048014,9.132078673566337,0.5275673232972622,-0.8584755730859928,1.816725400957231
13872,ASGN INC,ASGN Announces $250M Stock Repurchase Program,3,increase,0.75,0.6,,130,33,2.0,2019-06-04,77917.0,6.076188012957573,-0.5746088922023773,2.3882239631991764,3.160356126252739,3.489060699939728,1.1950635101091178,-0.3227609064831216
13880,ATARA BIOTHERAPEUTICS INC,Atara Biotherapeutics Reports Collaborators At Memorial Sloan Kettering Cancer Center Presented Updated Results From Ongoing MSK Phase 1 Study Of Mesothelin-Targeted CAR T Immunotherapy,3,increase,0.75,0.6,,170,33,2.0,2019-06-04,14991.0,3.7307068705558777,-4.216620326042175,-8.102525687639705,-9.218691203411431,4.997751861810684,2.3704961511785028,0.0858390907260808
13888,ASTRONICS CORP,Astronics Adopts 10b5-1 Trading Plan For $50M In Common Shares,3,increase,0.7,0.6,,145,33,2.0,2019-06-04,15457.0,0.4123259335756302,4.758447781205177,3.719799844102667,-5.57971304077004,1.3769397512078283,0.7329568504739425,1.22759639779062
13896,AMERICAN WATER WORKS CO INC,"American Water Works Reports Its California American Water Purchased Rio Plaza Water Co., No Terms Disclosed",3,uncertain,0.6,0.3,,146,34,1.0,2019-06-04,92614.0,-0.2104137092828751,2.3458074778318405,1.370582919337893,2.477595896260887,0.9201919659972192,1.8938673352998592,2.0397198376505
13904,ALIBABA GROUP HOLDING LTD,"Loop Capital Initiates Coverage On Alibaba Group Holding with Buy Rating, Announces $250 Price Target",3,increase,0.8,0.6,,146,29,2.0,2019-06-04,14888.0,2.828357182443142,-1.6217969357967377,5.514110036774311,7.369446073900732,0.4354878794401884,-0.7678583427517038,-1.6854617784256232
13912,BANK OF AMERICA CORP,Bank Of America Corp CEO Brian Moynihan Speaking At The Economic Club Of New York Says Bank Will Spend $6.25 Billion Buying Stock This Quarter,3,increase,0.8,0.6,,156,29,2.0,2019-06-04,59408.0,4.647675156593323,-0.035817438038066,1.6903172638724984,3.0586751984123417,0.3007515799254179,-1.7673032218752829,-3.855854851964202
13920,BRINKS CO,Brink's CEO Tells Cramer Cannabis Industry Represents A 'Beautiful Opportunity',3,increase,0.75,0.6,,137,33,2.0,2019-06-04,18649.0,0.7478818297386169,0.1635596971027553,2.302458661614648,4.391038942365877,2.4545446038246155,1.0632869793817168,1.846114478112004
13928,BAIDU INC,"Loop Capital Initiates Coverage On Baidu with Hold Rating, Announces $125 Price Target",3,uncertain,0.6,0.3,,139,34,1.0,2019-06-04,90857.0,3.3865295350551614,-2.055102586746216,3.535854507353009,4.9537797886756385,-2.018182910978794,-3.612950120487035,-4.577245018172804
13936,BRIDGELINE DIGITAL INC,"Bridgeline Digital Reports Partnership With Global Manufacturer For Design, Development, Implementation Of New B2C eCommerce Solution; Initial Investment $500K+",3,increase,0.75,0.6,,158,29,2.0,2019-06-04,92091.0,1.249998807907104,-8.024691045284271,-10.1851828897497,-18.827157392563308,-3.323259577155113,-19.19191813816252,-2.14067028053716
13944,BIOMARIN PHARMACEUTICAL INC,BioMarin Receives Approval Of Vimizim In China For Treatment Of Morquio A Syndrome,3,increase,0.85,0.7,,154,29,2.0,2019-06-04,87056.0,2.083586156368256,-0.2267873613163828,-3.2107932717433396,2.0649355579772655,-0.2067098394036293,-1.5711173264310152,-1.0608768137996716
13952,BOOT BARN HOLDINGS INC,"UPDATE: Boot Barn Reports 47% Of Total Sales Not Yet Subject To Added China, Mexico Tariffs, 25% Mexico Sourced Product Potentially Subject To May 30 Announced Tariff, 25% Non-China, Non-Mexico Sourced All Brands, 3% Product Tariffed At 10%",3,uncertain,0.6,0.3,,194,34,1.0,2019-06-04,14953.0,2.498136088252068,-0.2910146489739418,11.16769637605033,22.99018429052804,2.640645019710064,-6.158153358828045,-3.55986971495017
13960,BOOT BARN HOLDINGS INC,"UPDATE: Boot Barn Reports 40% Of Total Sales China Source Third-Party Vendor Brands, 25% Mexico Sourced Third Party & Exclusive Brands, Non-China, Non-Mexico Sourced All Brands, 10% China Sourced Exclusive Brands",3,uncertain,0.6,0.3,,179,34,1.0,2019-06-04,14953.0,2.498136088252068,-0.2910146489739418,11.16769637605033,22.99018429052804,2.640645019710064,-6.158153358828045,-3.55986971495017
13968,BOOT BARN HOLDINGS INC,"Boot Barn 8-K Includes Slides For Upcoming Presentations, Last Slide Includes Potential Tariff Exposures",3,uncertain,0.6,0.3,,149,34,1.0,2019-06-04,14953.0,2.498136088252068,-0.2910146489739418,11.16769637605033,22.99018429052804,2.640645019710064,-6.158153358828045,-3.55986971495017
13976,CACI INTERNATIONAL INC,"CACI Reports Pres, CEO Ken Asbury To Retire; COO John Mengucci To Replace",3,uncertain,0.6,0.3,,141,34,1.0,2019-06-04,20512.0,1.903201080858707,-0.3218431025743484,-1.1166958778187186,-0.5071479638103282,-1.1202824302017689,-0.3762349538701914,-5.2543691619888484e-08
13984,CAMTEK LTD,Camtek Obtains Shareholders' And CFIUS' Approvals For The Chroma Transaction,3,increase,0.75,0.6,,141,33,2.0,2019-06-04,88427.0,4.187193885445595,-0.9456255473196508,-3.191494791159588,-0.1182059529091783,0.7444102317094803,0.1233074172060089,0.1233074172060089
13992,CATERPILLAR INC,"UBS Maintains Sell on Caterpillar, Lowers Price Target to $115",3,decrease,0.8,0.6,,142,34,0.0,2019-06-04,18542.0,1.185246836394072,0.8519011549651623,4.259499397553057,6.757863628277971,0.7011134177446365,-0.9766865402777936,-0.6832415468000619
14000,CIRCOR INTERNATIONAL INC,Crane Co. Reiterates Proposal To Acquire CIRCOR For $45/Share; Says Willing To Adjust Price,3,increase,0.8,0.6,,149,33,2.0,2019-06-04,87268.0,3.530242294073105,1.2048164382576942,1.250282377276779,4.455555813038092,0.5442578345537186,-1.8480000055332344,-1.4153058107080452
14008,COMCAST CORP NEW,"TiVo Press Release Confirms 'Comcast Found Once Again to Infringe on Rovi IP,' 'Comcast Needs to Pay Licensing Fees If It Wants to Continue Providing Advanced Cable Features'",3,decrease,0.8,0.6,,162,34,0.0,2019-06-04,89525.0,1.074224710464478,-0.2415514085441827,-0.4347833183347305,4.4685953013767765,-0.0975632108747959,-1.8687172492877768,-2.2900742976270316
14016,COMCAST CORP NEW,"Roku Shares Tick Slightly Higher On Light Volume Following TiVo, Comcast Case Headlines",3,uncertain,0.6,0.2,,141,34,1.0,2019-06-04,89525.0,1.074224710464478,-0.2415514085441827,-0.4347833183347305,4.4685953013767765,-0.0975632108747959,-1.8687172492877768,-2.2900742976270316
14024,COMCAST CORP NEW,UPDATE: TiVo Says Judge In Comcast Case Found Comcast Infringes Rovi Patents,3,decrease,0.8,0.6,,143,34,0.0,2019-06-04,89525.0,1.074224710464478,-0.2415514085441827,-0.4347833183347305,4.4685953013767765,-0.0975632108747959,-1.8687172492877768,-2.2900742976270316
14032,COMCAST CORP NEW,TiVo Says Won Ruling In Comcast Patent Case,3,decrease,0.75,0.6,,134,25,0.0,2019-06-04,89525.0,1.074224710464478,-0.2415514085441827,-0.4347833183347305,4.4685953013767765,-0.0975632108747959,-1.8687172492877768,-2.2900742976270316
14040,CANADIAN NATIONAL RAILWAY CO,"Halifax Gets Federal Funds To Boost Port Capacity, Reduce Truck Traffic",3,increase,0.75,0.6,,143,29,2.0,2019-06-04,84181.0,0.904124602675438,0.9513281285762788,0.8081209432254655,1.8747548942771308,1.128795649856329,0.2237352477860499,0.3022801546020304
14048,CANADIAN NATIONAL RAILWAY CO,CN Says Aims To Deliver FY19 Adj. EPS Growth In The Low Double-Digit Range,3,increase,0.75,0.6,,149,29,2.0,2019-06-04,84181.0,0.904124602675438,0.9513281285762788,0.8081209432254655,1.8747548942771308,1.128795649856329,0.2237352477860499,0.3022801546020304
14056,GLOBAL CORD BLOOD CORP,Global Cord Blood Corporation Receives Preliminary Non-Binding Acquisition Proposal From Cordlife Group Limited,3,increase,0.75,0.6,,145,33,2.0,2019-06-04,93123.0,8.90301987528801,-1.4598526060581207,-4.087587356044176,-15.766422361712085,-1.564943790435791,-1.7187520860751704,-1.4106607046906583
14064,CAMPBELL SOUP CO,Q3 Earnings Preview For Campbell Soup,3,uncertain,0.6,0.3,,133,34,1.0,2019-06-04,25320.0,1.9802026450634,10.023614764213562,11.598000640235728,7.215953541484477,2.919299155473709,4.385474069725359,3.175034907906671
14072,SALESFORCE INC,Salesforce Trades Higher After Big Q1 Earnings Beat,3,increase,0.85,0.7,,132,33,2.0,2019-06-04,90215.0,3.935211151838303,5.059349536895752,-0.4376393209572393,-0.1458798458129018,-4.167490452528,-6.784014651708525,-5.0951620130814
14080,SALESFORCE INC,Salesforce.Com shares are trading higher after the company reported better-than-expected Q1 EPS and sales results; the company also raised FY20 EPS guidance and issued FY20 sales guidance on the high-end of analyst estimates.,3,increase,0.85,0.7,,165,33,2.0,2019-06-04,90215.0,3.935211151838303,5.059349536895752,-0.4376393209572393,-0.1458798458129018,-4.167490452528,-6.784014651708525,-5.0951620130814
14088,SALESFORCE INC,"Salesforce.com Sees Q2 Adj. EPS $0.46-$0.47 vs $0.66 Estimate, Sales $3.94B-$3.95B vs $3.94B Est.",3,decrease,0.85,0.7,,165,34,0.0,2019-06-04,90215.0,3.935211151838303,5.059349536895752,-0.4376393209572393,-0.1458798458129018,-4.167490452528,-6.784014651708525,-5.0951620130814
14096,SALESFORCE INC,"UPDATE: Salesforce.com Raises FY20 Guidance: Adj. EPS From $2.54-$2.56 To $2.88-$2.90 vs $2.69 Estimate, Sales $16.1B-$16.25B vs $16.1B Est.",3,increase,0.85,0.7,,177,33,2.0,2019-06-04,90215.0,3.935211151838303,5.059349536895752,-0.4376393209572393,-0.1458798458129018,-4.167490452528,-6.784014651708525,-5.0951620130814
14104,SALESFORCE INC,Salesforce.com Raises FY20 Guidance,3,increase,0.85,0.7,,129,33,2.0,2019-06-04,90215.0,3.935211151838303,5.059349536895752,-0.4376393209572393,-0.1458798458129018,-4.167490452528,-6.784014651708525,-5.0951620130814
14112,SALESFORCE INC,"Salesforce.com Q1 Adj. EPS $0.93 Beats $0.61 Estimate, Sales $3.737B Beat $3.68B Estimate",3,increase,0.85,0.7,,154,33,2.0,2019-06-04,90215.0,3.935211151838303,5.059349536895752,-0.4376393209572393,-0.1458798458129018,-4.167490452528,-6.784014651708525,-5.0951620130814
14120,SALESFORCE INC,Salesforce.com Option Alert: Jul 19 $160 Calls at the Ask: 500 @ $2.451 vs 1653 OI; Earnings 6/4 After Close Ref=$146.09,3,uncertain,0.6,0.3,,164,34,1.0,2019-06-04,90215.0,3.935211151838303,5.059349536895752,-0.4376393209572393,-0.1458798458129018,-4.167490452528,-6.784014651708525,-5.0951620130814
14128,CROCS INC,Crocs Option Alert: Jul 19 $22 Calls Sweep (54) near the Ask: 1352 @ $0.487 vs 3 OI; Ref=$19.68,3,increase,0.75,0.6,,158,33,2.0,2019-06-04,91090.0,2.722140215337276,-3.0500030145049095,-1.199998741209396,-8.400001395660194,0.7763955742120743,-0.6632707003972782,-0.5109881157263851
14136,CANADIAN SOLAR INC,"Canadian Solar Signs Power Purchase Agreement With Oil And Gas Fortune 100 Company, Energy Transfer",3,increase,0.8,0.6,,143,33,2.0,2019-06-04,91607.0,3.7764348089694977,1.213003322482109,2.523040009634392,6.40465623073776,4.03352789580822,2.318396634461939,12.266817622256854
14144,CANADIAN SOLAR INC,Canadian Solar Reports Signing 15-Year Power Purchase Deal With Anheuser-Busch For 310 MWp/222 MWac Of Electricity From Maplewood Solar Project,3,increase,0.8,0.6,,158,29,2.0,2019-06-04,91607.0,3.7764348089694977,1.213003322482109,2.523040009634392,6.40465623073776,4.03352789580822,2.318396634461939,12.266817622256854
14152,C S X CORP,Today's Pickup: Under-21 Military Members Can Now Apply To Drive Commercial Trucks,3,uncertain,0.5,0.2,,139,34,1.0,2019-06-04,62148.0,2.871721796691418,1.7871053889393806,2.530647896120519,1.4088105304053578,0.067134981509298,-0.6532535522908334,1.0932142057686225
14160,CEL SCI CORP,Shares of several small-cap companies are trading higher on continued volatility as the whole US market rebounded following eased world trade tensions.,3,increase,0.7,0.6,,146,33,2.0,2019-06-04,44813.0,26.259952783584588,-7.142859697341919,11.554615878857422,35.29411360703474,-6.218905374407768,-13.333331469243824,-16.22222218522883
14168,C V S HEALTH CORP,CVS shares are trading higher after the company routlined its growth strategy ahead of its investor day presentation.  The company reaffirmed FY19 guidance and said it intends to pay down debt from its Aetna transaction.,3,increase,0.75,0.6,,168,29,2.0,2019-06-04,17005.0,2.303801290690899,-2.654706686735153,-1.1900360534624732,0.0732349279945809,1.947680860757828,1.2132689564683383,1.656509720677457
14176,C V S HEALTH CORP,CVS Expects To Pay Down $7.5B In Debt From Aetna Transaction By The End Of 2019;  Expects To Return To Share Repurchases After It Lowers Its Leverage Rate In 2022,3,increase,0.75,0.6,,173,29,2.0,2019-06-04,17005.0,2.303801290690899,-2.654706686735153,-1.1900360534624732,0.0732349279945809,1.947680860757828,1.2132689564683383,1.656509720677457
14184,C V S HEALTH CORP,CVS Health Sees FY20 Adj. EPS $7+ vs $7.22 Est.,3,decrease,0.75,0.5,,145,34,0.0,2019-06-04,17005.0,2.303801290690899,-2.654706686735153,-1.1900360534624732,0.0732349279945809,1.947680860757828,1.2132689564683383,1.656509720677457
14192,C V S HEALTH CORP,"CVS Health Reaffirms FY19 Prelim. Guidance; Sees Adj. EPS $6.75-$6.90 vs $6.84 Est., Sales $251.2B-$254.4B vs $252.39B Est.",3,uncertain,0.6,0.2,,177,34,1.0,2019-06-04,17005.0,2.303801290690899,-2.654706686735153,-1.1900360534624732,0.0732349279945809,1.947680860757828,1.2132689564683383,1.656509720677457
14200,DELTA AIR LINES INC,"Delta Reports Reports May RPMs Up 7.0% YoY, ASMs Up 5.3% YoY, Load Factor Up 1.3 Pts YoY",3,increase,0.8,0.6,,163,33,2.0,2019-06-04,91926.0,4.241848364472389,1.160002313554287,1.049529939197802,3.166999424812156,1.1650456115603447,-1.7537248402618055,-2.086075145026922
14208,DEUTSCHE BANK A G,"Deutsche Bank's Head Of US Operations, Kate Clifford, To Leave Bank",3,decrease,0.7,0.5,,143,34,0.0,2019-06-04,89199.0,5.052008107304573,-2.121642045676708,-1.272986680072885,0.1414391797891712,-0.5908413790166378,-2.6049180241162317,-2.7456655791572526
14216,DONALDSON INC,Donaldson Expects To Repurchase Approximately 2% Of Its Outstanding Shares During FY19,3,increase,0.75,0.6,,142,33,2.0,2019-06-04,61313.0,0.3708288073539734,0.3489289199933409,1.7036083338430652,1.0648709325375094,2.297155186533928,1.931965566631133,2.1464655897912577
14224,DONALDSON INC,Donaldson Company Cuts FY19 EPS $2.27-$2.41 To $2.20-$2.24 vs $2.33 Est.,3,decrease,0.85,0.7,,154,34,0.0,2019-06-04,61313.0,0.3708288073539734,0.3489289199933409,1.7036083338430652,1.0648709325375094,2.297155186533928,1.931965566631133,2.1464655897912577
14232,DONALDSON INC,"Donaldson Q3 GAAP EPS $0.58 vs $0.62 Estimate, Sales $712.8M Miss $745.13M Estimate",3,decrease,0.75,0.6,,155,34,0.0,2019-06-04,61313.0,0.3708288073539734,0.3489289199933409,1.7036083338430652,1.0648709325375094,2.297155186533928,1.931965566631133,2.1464655897912577
14240,ISHARES TRUST,A Few Reasons To Stick With This Dividend ETF,3,increase,0.75,0.6,,131,33,2.0,2019-06-04,14725.0,2.076986990869045,1.0037952102720735,2.6587073192818833,3.607727437939312,0.5009749438613653,-0.7694388426662035,-0.6875687725567792
14248,SPDR DOW JONES IND AVG ETF TRUST,Powell's Comments Contributing To The Market's Rally,3,increase,0.75,0.6,,145,33,2.0,2019-06-04,85765.0,2.072432078421116,0.8200283162295818,2.8503887414478513,4.6047675638118735,0.1128026633523404,-1.337989881710644,-1.1024014699101303
14256,DYCOM INDUSTRIES INC,"B. Riley Maintains Buy on Dycom Industries, Raises Price Target to $61",3,increase,0.8,0.6,,141,29,2.0,2019-06-04,12008.0,4.212731868028641,-0.5304501857608557,-1.7194049532860078,3.237608257402247,0.5558767821639776,0.0190625798341503,4.815184498437941
14264,EMERGENT BIOSOLUTIONS INC,"Emergent BioSolutions Reports FDA Approval Of Change In Storage Conditions, Transfer Of Manufacturing for Cholera Vaccine",3,increase,0.75,0.6,,148,29,2.0,2019-06-04,91571.0,5.0219904631376275,1.2119859457015991,-2.7545172836568654,2.7545173740198825,8.241485804319382,5.673758450048694,3.57142366621066
14272,EMERGENT BIOSOLUTIONS INC,Emergent BioSolutions Announces FDA Approval Af Change In Storage Conditions And Transfer Of Manufacturing For Its Cholera Vaccine,3,increase,0.75,0.6,,149,29,2.0,2019-06-04,91571.0,5.0219904631376275,1.2119859457015991,-2.7545172836568654,2.7545173740198825,8.241485804319382,5.673758450048694,3.57142366621066
14280,ISHARES INC,"Canada Government Says China Customs Agency Stated That Further Non-Compliance From Canadian Industry Will Be Viewed As A Systematic Problem, Could Impact Market Access For All Canadian Pork Exports",3,decrease,0.75,0.6,,157,34,0.0,2019-06-04,83211.0,1.4598526060581212,0.107916141860187,1.438854421944713,2.505719761797054,0.2561276778578758,-0.1457759379356549,-0.4360495650219897
14288,ISHARES TRUST,"Brexit Party's Farage Says Had A Good Meeting With Pres Trump, Highlights Belief Trump Really Believes In Brexit, Is Loving His Trip To London",3,uncertain,0.4,0.2,,153,34,1.0,2019-06-04,14907.0,1.16499001160264,-0.0933787494432181,2.6143795026084327,2.0235753279970625,0.2208888996392488,-0.532414885574628,-0.1885589626806183
14296,ISHARES TRUST,Trump: US Committed To 'Phenomenal Trade Deal' With Britain,3,increase,0.7,0.6,,137,33,2.0,2019-06-04,14907.0,1.16499001160264,-0.0933787494432181,2.6143795026084327,2.0235753279970625,0.2208888996392488,-0.532414885574628,-0.1885589626806183
14304,ISHARES TRUST,"US President Trump Has Asked UK Foreign Minister Hunt For A Meeting, Will Likely Happen In Portsmouth",3,uncertain,0.5,0.2,,142,25,1.0,2019-06-04,14907.0,1.16499001160264,-0.0933787494432181,2.6143795026084327,2.0235753279970625,0.2208888996392488,-0.532414885574628,-0.1885589626806183
14312,ISHARES TRUST,"Joint Trump, May Press Conference In Q&A Phase, Trump Says He And May Discussed Huawei",3,uncertain,0.5,0.2,,141,25,1.0,2019-06-04,14907.0,1.16499001160264,-0.0933787494432181,2.6143795026084327,2.0235753279970625,0.2208888996392488,-0.532414885574628,-0.1885589626806183
14320,ISHARES TRUST,"UK Prime Minister Theresa May, In Joint Press Conference With US Pres Trump, Says Both Her And Trump Remain Committed To An Ambitious UK, US Free Trade Deal After The UK Leaves The EU",3,increase,0.7,0.6,,162,33,2.0,2019-06-04,14907.0,1.16499001160264,-0.0933787494432181,2.6143795026084327,2.0235753279970625,0.2208888996392488,-0.532414885574628,-0.1885589626806183
14328,ISHARES TRUST,"UK Prime Minister Theresa May, In Joint Press Conference With US Pres Trump, Says We Must Avoid Escalation Of Issues With Iran",3,uncertain,0.6,0.3,,148,34,1.0,2019-06-04,14907.0,1.16499001160264,-0.0933787494432181,2.6143795026084327,2.0235753279970625,0.2208888996392488,-0.532414885574628,-0.1885589626806183
14336,ISHARES TRUST,"''Let's do this deal,' Trump tells May' -BBC",3,uncertain,0.5,0.2,,134,34,1.0,2019-06-04,14907.0,1.16499001160264,-0.0933787494432181,2.6143795026084327,2.0235753279970625,0.2208888996392488,-0.532414885574628,-0.1885589626806183
14344,ISHARES TRUST,Trump Arrives At Downing Street To Have Talks With Prime Minister May,3,uncertain,0.5,0.2,,136,34,1.0,2019-06-04,14907.0,1.16499001160264,-0.0933787494432181,2.6143795026084327,2.0235753279970625,0.2208888996392488,-0.532414885574628,-0.1885589626806183
14352,ISHARES INC,"Fitch Issues Report, Says US Tariffs Could Directly Impact 1 In 5 Mexican Corporations",3,decrease,0.75,0.6,,143,34,0.0,2019-06-04,83223.0,1.851420104503632,0.6442765705287457,3.773583552888504,2.5077447330715374,-0.5824790336191654,-4.198479252691179,-2.8239618320341275
14360,ISHARES INC,"US-Mexico Talks At White House To Be Held On Wednesday Afternoon, Around 3 Or 4 p.m.",3,uncertain,0.5,0.2,,145,34,1.0,2019-06-04,83223.0,1.851420104503632,0.6442765705287457,3.773583552888504,2.5077447330715374,-0.5824790336191654,-4.198479252691179,-2.8239618320341275
14368,ISHARES INC,"White House Spokesperson Says Trade Talks Between US, Mexico To Be Held At White House On Wednesday, Will Be Chaired By Vice Pres Pence",3,uncertain,0.6,0.3,,151,34,1.0,2019-06-04,83223.0,1.851420104503632,0.6442765705287457,3.773583552888504,2.5077447330715374,-0.5824790336191654,-4.198479252691179,-2.8239618320341275
14376,ISHARES INC,'Support for Mexican president grows after Trump tariff threat' -Earlier Reuters Article,3,increase,0.7,0.5,,137,33,2.0,2019-06-04,83223.0,1.851420104503632,0.6442765705287457,3.773583552888504,2.5077447330715374,-0.5824790336191654,-4.198479252691179,-2.8239618320341275
14384,ISHARES INC,"""Really tariffs, laws, have to originate with Congress, and I think you just can't declare emergencies on spending, on tariffs, also on arms sales,"" - Sen. Rand Paul on CNN",3,uncertain,0.6,0.3,,160,34,1.0,2019-06-04,83223.0,1.851420104503632,0.6442765705287457,3.773583552888504,2.5077447330715374,-0.5824790336191654,-4.198479252691179,-2.8239618320341275
14392,ISHARES INC,'Trump floats new emergency resolution to impose Mexico tariffs' -The Hill,3,decrease,0.75,0.6,,136,34,0.0,2019-06-04,83223.0,1.851420104503632,0.6442765705287457,3.773583552888504,2.5077447330715374,-0.5824790336191654,-4.198479252691179,-2.8239618320341275
14400,ISHARES INC,"Trump Tweets 'Schumer on if he thinks the President is bluffing on implementing tariffs on Mexico: If past is prologue, he won't...I have a feeling this one just popped into his head. I believe he will back off..when he sees what a dumb move he's made'",3,uncertain,0.6,0.3,,179,34,1.0,2019-06-04,83223.0,1.851420104503632,0.6442765705287457,3.773583552888504,2.5077447330715374,-0.5824790336191654,-4.198479252691179,-2.8239618320341275
14408,ISHARES INC,Senate Democratic Leader Schumer Says Believes There Will Be A Disapproval Resolution From Congress If Trump Moves Forward With Mexico Tariffs,3,uncertain,0.6,0.3,,148,34,1.0,2019-06-04,83223.0,1.851420104503632,0.6442765705287457,3.773583552888504,2.5077447330715374,-0.5824790336191654,-4.198479252691179,-2.8239618320341275
14416,ISHARES INC,Senate Majority Leader Mcconnell Says 'Not Much Support' From Republicans For Tariffs On Mexico; Says He Hopes The Tariffs Can Be Avoided Through Talks With Mexico Delegation,3,uncertain,0.6,0.3,,160,34,1.0,2019-06-04,83223.0,1.851420104503632,0.6442765705287457,3.773583552888504,2.5077447330715374,-0.5824790336191654,-4.198479252691179,-2.8239618320341275
14424,ISHARES INC,Trump Tweets: 'Just had a big victory in Federal Court over the Democrats in the House on the desperately needed Border Wall. A big step in the right direction. Wall is under construction!',3,uncertain,0.5,0.1,,160,34,1.0,2019-06-04,83223.0,1.851420104503632,0.6442765705287457,3.773583552888504,2.5077447330715374,-0.5824790336191654,-4.198479252691179,-2.8239618320341275
14432,ISHARES INC,'Man killed after shootout with US officers at border' -Earlier Article From The Hill,3,uncertain,0.3,0.1,,140,34,1.0,2019-06-04,83223.0,1.851420104503632,0.6442765705287457,3.773583552888504,2.5077447330715374,-0.5824790336191654,-4.198479252691179,-2.8239618320341275
14440,ISHARES INC,Mexican Deputy Foreign Minister Seade Met With USTR Lighthizer And US Chamber Of Commerce Chief Donohue Over Tariff Dispute,3,uncertain,0.6,0.3,,150,34,1.0,2019-06-04,83223.0,1.851420104503632,0.6442765705287457,3.773583552888504,2.5077447330715374,-0.5824790336191654,-4.198479252691179,-2.8239618320341275
14448,ISHARES INC,Senate Minority Leader Chuck Schumer Calls Pres Trump's 'Erratic' Mexican Tariff Plan 'Destabilizing',3,uncertain,0.6,0.3,,144,34,1.0,2019-06-04,83223.0,1.851420104503632,0.6442765705287457,3.773583552888504,2.5077447330715374,-0.5824790336191654,-4.198479252691179,-2.8239618320341275
14456,ISHARES INC,UPDATE: McCarthy Says Best Outcome Would Be For Mexico To 'Assist Us' With The Crisis At The Southern Border,3,uncertain,0.5,0.2,,145,34,1.0,2019-06-04,83223.0,1.851420104503632,0.6442765705287457,3.773583552888504,2.5077447330715374,-0.5824790336191654,-4.198479252691179,-2.8239618320341275
14464,ISHARES INC,US House Republican Leader Mccarthy Says Thinks Solution Will Be Worked Out With Mexico Over Tariffs,3,uncertain,0.6,0.2,,142,34,1.0,2019-06-04,83223.0,1.851420104503632,0.6442765705287457,3.773583552888504,2.5077447330715374,-0.5824790336191654,-4.198479252691179,-2.8239618320341275
14472,ISHARES INC,"Mexican President Lopez Obrador Says I Maintain My View That We Will Reach A Deal, When Asked About Trump's Comments In London About Tariffs",3,uncertain,0.6,0.3,,150,34,1.0,2019-06-04,83223.0,1.851420104503632,0.6442765705287457,3.773583552888504,2.5077447330715374,-0.5824790336191654,-4.198479252691179,-2.8239618320341275
14480,ISHARES INC,Trump In Press Conference With UK's May Saud Senate Republicans Would Be 'Foolish' To Try And Block Mexico Tariffs,3,uncertain,0.6,0.3,,146,34,1.0,2019-06-04,83223.0,1.851420104503632,0.6442765705287457,3.773583552888504,2.5077447330715374,-0.5824790336191654,-4.198479252691179,-2.8239618320341275
14488,ISHARES INC,Trump Sees Likely Scenario Is Tariffs On Mexico Will Take Effect And Will Have Discussions With Mexican Officials While Tariffs In Place,3,decrease,0.75,0.6,,148,34,0.0,2019-06-04,83223.0,1.851420104503632,0.6442765705287457,3.773583552888504,2.5077447330715374,-0.5824790336191654,-4.198479252691179,-2.8239618320341275
14496,ISHARES INC,Pres Trump Says Will Meet With Mexican Officials On Wed.,3,uncertain,0.5,0.2,,132,34,1.0,2019-06-04,83223.0,1.851420104503632,0.6442765705287457,3.773583552888504,2.5077447330715374,-0.5824790336191654,-4.198479252691179,-2.8239618320341275
14504,ISHARES INC,"Mexican Pres Obrador Will Not Attend G20, Cites Does Not Want To Be Involved In Confrontations Over Trade War",3,uncertain,0.6,0.3,,149,34,1.0,2019-06-04,83223.0,1.851420104503632,0.6442765705287457,3.773583552888504,2.5077447330715374,-0.5824790336191654,-4.198479252691179,-2.8239618320341275
14512,ISHARES INC,Mexican President Indicates Optimism On Talks With US,3,increase,0.75,0.6,,132,33,2.0,2019-06-04,83223.0,1.851420104503632,0.6442765705287457,3.773583552888504,2.5077447330715374,-0.5824790336191654,-4.198479252691179,-2.8239618320341275
14520,ISHARES INC,Mexican Pres Obrador Says There Are Signs US Officials Want To Get A Deal Done,3,increase,0.7,0.6,,139,33,2.0,2019-06-04,83223.0,1.851420104503632,0.6442765705287457,3.773583552888504,2.5077447330715374,-0.5824790336191654,-4.198479252691179,-2.8239618320341275
14528,ISHARES INC,"Mexican Pres Obrador Says Talks In US Are 'Going Well,' Says He Is Optimistic There Will Be A Deal Before Jun. 10",3,increase,0.75,0.6,,151,33,2.0,2019-06-04,83223.0,1.851420104503632,0.6442765705287457,3.773583552888504,2.5077447330715374,-0.5824790336191654,-4.198479252691179,-2.8239618320341275
14536,FIFTH THIRD BANCORP,"Wells Fargo Maintains Market Perform on Fifth Third Bancorp, Raises Price Target to $31",3,increase,0.7,0.5,,147,33,2.0,2019-06-04,34746.0,2.860369719564915,-0.5854366812855005,0.2927183862732274,2.0124376600455074,0.2641497878357768,-1.1900323783176625,-2.4954139675849585
14544,NATIONAL BEVERAGE CORP,"UBS Upgrades National Beverage to Neutral, Lowers Price Target to $48",3,uncertain,0.6,0.2,,142,30,1.0,2019-06-04,76839.0,5.6028999388217935,-2.259428985416889,-8.916679747446043,-10.934028966747878,3.964556008577347,2.5786721207168073,-0.9913546135313478
14552,AMICUS THERAPEUTICS INC,Amicus Therapeutics Option Alert: Jun 21 $12 Calls Sweep (26) near the Ask: 578 @ $0.45 vs 2228 OI; Ref=$11.7975,3,increase,0.7,0.6,,173,33,2.0,2019-06-04,92040.0,7.815276086330414,0.9060926735401154,-7.166390977298464,2.553537565877373,-0.0887331727426499,2.7372280252695225,-7.325097755785148
14560,G III APPAREL GROUP INC,A Preview Of G-III Apparel Group's Q1 Earnings,3,uncertain,0.6,0.3,,140,34,1.0,2019-06-04,75905.0,4.885607957839966,-9.39001515507698,-5.212569346859697,-0.1109016410364427,0.2331961644813418,-4.197619615777337,-6.354393472724162
14568,GAMESTOP CORP NEW,"GameStop Continues To Suffer After Mixed Q1 Report, Eliminating Dividend",3,decrease,0.85,0.7,,140,34,0.0,2019-06-04,89301.0,4.685413464903831,-35.5498731136322,-26.85422298465224,-26.726342780125467,-1.4511890709400177,-1.7105278057824136,-1.321008947859348
14576,GAMESTOP CORP NEW,GameStop Reports Board Eliminated Its Qtr. Dividend,3,decrease,0.8,0.6,,135,34,0.0,2019-06-04,89301.0,4.685413464903831,-35.5498731136322,-26.85422298465224,-26.726342780125467,-1.4511890709400177,-1.7105278057824136,-1.321008947859348
14584,GAMESTOP CORP NEW,GameStop shares are trading lower after the company reported worse-than-expected Q1 sales results; the company also sees FY19 comps to be down 5-10% and eliminated its quarterly dividend.,3,decrease,0.85,0.7,,163,34,0.0,2019-06-04,89301.0,4.685413464903831,-35.5498731136322,-26.85422298465224,-26.726342780125467,-1.4511890709400177,-1.7105278057824136,-1.321008947859348
14592,GAMESTOP CORP NEW,Gamestop Sees FY19 Comparable Store Sales Down 5%-10%,3,decrease,0.85,0.7,,139,34,0.0,2019-06-04,89301.0,4.685413464903831,-35.5498731136322,-26.85422298465224,-26.726342780125467,-1.4511890709400177,-1.7105278057824136,-1.321008947859348
14600,GAMESTOP CORP NEW,"GameStop Q1 Adj. EPS $0.07 Beats $(0.03) Estimate, Sales $1.55B Miss $1.64B Estimate",3,uncertain,0.6,0.3,,156,34,1.0,2019-06-04,89301.0,4.685413464903831,-35.5498731136322,-26.85422298465224,-26.726342780125467,-1.4511890709400177,-1.7105278057824136,-1.321008947859348
14608,GAMESTOP CORP NEW,GameStop Option Alert: Fri $8 Calls Sweep (4) near the Ask: 980 @ $0.3 vs 1022 OI; Earnings 6/4 After Close Ref=$7.79,3,uncertain,0.6,0.3,,167,34,1.0,2019-06-04,89301.0,4.685413464903831,-35.5498731136322,-26.85422298465224,-26.726342780125467,-1.4511890709400177,-1.7105278057824136,-1.321008947859348
14616,ALPHABET INC,"Apple's WWDC 2019 Was All About Apps, Security",3,uncertain,0.5,0.2,,135,34,1.0,2019-06-04,90319.0,1.516260113567114,-0.9340985678136348,2.517809551637473,4.812753171885253,-6.123814731836319,-7.371972968971585,-7.250384494281226
14624,ALPHABET INC,"Loop Capital Initiates Coverage On Alphabet with Hold Rating, Announces $1.25K Price Target",3,uncertain,0.6,0.2,,141,34,1.0,2019-06-04,90319.0,1.516260113567114,-0.9340985678136348,2.517809551637473,4.812753171885253,-6.123814731836319,-7.371972968971585,-7.250384494281226
14632,GUIDEWIRE SOFTWARE INC,Guidewire Software shares are trading lower after the company issued Q4 EPS and sales guidance below analyst estimates.,3,decrease,0.85,0.7,,144,34,0.0,2019-06-04,13181.0,1.269738469272852,-3.0071325600147247,-1.1111074978962243,1.1722745930814238,-3.631112352013588,-5.933191484678579,-5.7318017185683745
14640,GUIDEWIRE SOFTWARE INC,"Guidewire Software Sees FY19 Adj. EPS $1.36-$1.42 vs $1.39 Est., Sales $711M-$719M vs $730.76M Est.",3,decrease,0.75,0.6,,163,34,0.0,2019-06-04,13181.0,1.269738469272852,-3.0071325600147247,-1.1111074978962243,1.1722745930814238,-3.631112352013588,-5.933191484678579,-5.7318017185683745
14648,GUIDEWIRE SOFTWARE INC,"Guidewire Software Sees Q4 Adj. EPS $0.47-$0.53 vs $0.61 Est., Sales $199M-$207M vs $226.41M Est.",3,decrease,0.85,0.7,,163,34,0.0,2019-06-04,13181.0,1.269738469272852,-3.0071325600147247,-1.1111074978962243,1.1722745930814238,-3.631112352013588,-5.933191484678579,-5.7318017185683745
14656,GUIDEWIRE SOFTWARE INC,"Guidewire Software Q3 Adj. EPS $0.18 Beats $0.08 Estimate, Sales $162.9M Beat $155.28M Estimate",3,increase,0.85,0.7,,156,29,2.0,2019-06-04,13181.0,1.269738469272852,-3.0071325600147247,-1.1111074978962243,1.1722745930814238,-3.631112352013588,-5.933191484678579,-5.7318017185683745
14664,TURTLE BEACH CORP,"E3 Preview: Turtle Beach Unveils Recon Spark Headset, Kain Series Mouse",3,increase,0.7,0.6,,144,33,2.0,2019-06-04,13328.0,7.9136669635772705,10.777780413627625,13.77777541873515,23.444440748481576,0.2403901191428303,-3.91705222687867,-9.051253277887694
14672,TURTLE BEACH CORP,Turtle Beach Reveals New Products Which Co. Will Show At E3 2019,3,increase,0.75,0.6,,144,33,2.0,2019-06-04,13328.0,7.9136669635772705,10.777780413627625,13.77777541873515,23.444440748481576,0.2403901191428303,-3.91705222687867,-9.051253277887694
14680,HEALTHEQUITY INC,HealthEquity shares are trading higher after the company reported better-than-expected Q1 EPS and sales results; the company issued FY19 sales guidance above analyst estimates.,3,increase,0.85,0.7,,158,33,2.0,2019-06-04,14803.0,4.1474662721157065,-2.380227856338024,6.652426740303241,6.2557192231917025,-3.717870637774467,-6.5627293243238904,-6.270478180716754
14688,HEALTHEQUITY INC,"HealthEquity Sees FY19 Adj. EPS $1.28-$1.34 vs $1.28 Est., Sales $339M-$345M vs $337.54M Est.",3,increase,0.75,0.6,,165,29,2.0,2019-06-04,14803.0,4.1474662721157065,-2.380227856338024,6.652426740303241,6.2557192231917025,-3.717870637774467,-6.5627293243238904,-6.270478180716754
14696,HEALTHEQUITY INC,"HealthEquity Q1 Adj. EPS $0.41 Beats $0.34 Estimate, Sales $87.1M Beat $84.06M Estimate",3,increase,0.8,0.6,,158,33,2.0,2019-06-04,14803.0,4.1474662721157065,-2.380227856338024,6.652426740303241,6.2557192231917025,-3.717870637774467,-6.5627293243238904,-6.270478180716754
14704,ISHARES TRUST,"Cruise Ships, Recreational & Pleasure Vessels Prohibited From Departing US On Temporary Sojourn To Cuba Effective Wednesday",3,decrease,0.7,0.4,,147,34,0.0,2019-06-04,89190.0,1.533742435276508,-1.570986956357956,2.2658611717969013,1.812646764561454,0.6794237066060305,0.2459963545643484,1.116615305107671
14712,ISHARES TRUST,"Hearing US Has Tightened Cuba Sanctions, Ended Group Travel, Vehicle Exports",3,decrease,0.75,0.6,,140,34,0.0,2019-06-04,89190.0,1.533742435276508,-1.570986956357956,2.2658611717969013,1.812646764561454,0.6794237066060305,0.2459963545643484,1.116615305107671
14720,INCYTE CORP,Incyte Reports First Patient Treated In Phase 3 Trial Of Pemigatinib As First-Line Therapy for Cholangiocarcinoma,3,increase,0.75,0.6,,150,29,2.0,2019-06-04,79906.0,2.513826079666615,-0.6620903965085745,-7.356547519297263,3.3349698927182425,1.182755082845688,1.0414016976687313,2.5389886731530087
14728,INOVIO PHARMACEUTICALS INC,"'This is an increasingly bad situation. At what point does the $INO board step in and take action against CEO, remove him?...' -Tweet From STAT News' Adam Feuerstein",3,decrease,0.85,0.7,,171,34,0.0,2019-06-04,86444.0,5.485237017273903,-5.200004577636719,-2.7999972231918524,5.600004354003274,-0.8368291892111301,-15.658365764575157,-22.549022374037257
14736,IROBOT CORP,"iRobot Offers Slides For Baird Global Consumer, Tech, Services Conference, Reaffirms Prelim. FY19 Sales Guidance $1.28B-$1.31B vs $1.29B Estimate, EPS $3.15-$3.40 vs $3.25 Est.",3,increase,0.75,0.6,,182,29,2.0,2019-06-04,90971.0,3.4891828894615173,-1.1794871650636196,-0.1891685839052193,2.047397762823966,-0.3099578432738781,-2.163142944630758,-1.631176234559073
14744,J D COM INC,Loop Capital Initiates Coverage On JD.com with Buy Rating,3,increase,0.8,0.6,,133,33,2.0,2019-06-04,14655.0,4.037263244390488,-2.2761145606637,4.477615057065276,5.447765329747045,0.0,-2.239089645445347,-0.961168687495173
14752,JOHNSON & JOHNSON,Obalon Clinches First US Patent For Obesity Treatment Placement System,3,uncertain,0.6,0.3,,137,34,1.0,2019-06-04,22111.0,1.7422346398234372,0.4860608372837305,4.524043346641826,4.860540001497116,0.2211273880675435,-0.507151745278478,0.0837589180016529
14760,KEMPER CORP DE,Kemper Reports 1.35M Share Common Stock Offering,3,decrease,0.75,0.6,,138,34,0.0,2019-06-04,76136.0,0.7577544543892145,-1.609865017235279,2.3501763119197827,4.947120207291289,1.7712993547320366,1.380388481105621,-0.3891988788688127
14768,COCA COLA CO,"Morgan Stanley's Beverage Pair Trade: Overweight Coca-Cola, Underweight Keurig Dr Pepper",3,increase,0.75,0.6,,142,29,2.0,2019-06-04,11308.0,0.0400169228669256,1.5599975362420082,2.660003656858412,2.0723319854800692,1.7301006242632866,1.4822325295598793,2.8183479003069056
14776,KOSMOS ENERGY LTD DE,Kosmos Energy Announces First Success from 2019 Gulf of Mexico Exploration Program,3,increase,0.8,0.6,,141,29,2.0,2019-06-04,12788.0,-1.7741881310939789,-7.632187753915787,-3.824912027003269,2.4653711131450873,0.6493500433862209,1.8062340582363,-3.875969023539682
14784,LANDS END INC,Land's End shares are trading higher after the company reported better-than-expected Q1 EPS and sales results; the company also provided FY19 EPS and sales guidance above analyst estimates.,3,increase,0.85,0.7,,157,33,2.0,2019-06-04,14544.0,7.351713627576828,-2.1011708304286003,-4.824909320292492,-0.233468568222972,-3.2336268573999405,-6.848249847258103,-10.067619320083166
14792,LANDS END INC,"Lands' End Sees Q2 EPS $(0.23)-$(0.16) vs $(0.13) Est., Sales $285M-$295M vs $297.38M Est.; Sees FY19 EPS $0.30-$0.50 vs $0.35 Est., Sales $1.45B-$1.50B vs $1.46B Est.",3,decrease,0.75,0.6,,202,34,0.0,2019-06-04,14544.0,7.351713627576828,-2.1011708304286003,-4.824909320292492,-0.233468568222972,-3.2336268573999405,-6.848249847258103,-10.067619320083166
14800,LANDS END INC,"Lands' End Q1 EPS $(0.21) Beats $(0.3) Estimate, Sales $262.43M Beat $260.64M Estimate",3,increase,0.75,0.6,,155,33,2.0,2019-06-04,14544.0,7.351713627576828,-2.1011708304286003,-4.824909320292492,-0.233468568222972,-3.2336268573999405,-6.848249847258103,-10.067619320083166
14808,LABORATORY CORP AMERICA HLDGS,"UPDATE: AMCA Advised LabCorp Social Security Numbers, Insurance Identification Info Not Stored, Maintained For LabCorp Consumers",3,increase,0.7,0.3,,158,33,2.0,2019-06-04,12062.0,1.680107600986958,0.2463520271703601,0.1081583503732552,-0.2042879217921789,0.6580112501978874,0.1897518660155528,-0.0122200582467035
14816,LABORATORY CORP AMERICA HLDGS,UPDATE: LabCorp Referred ~7.7M Consumers To AMCA Whose Data Was Stored In Affected AMCA Systems,3,decrease,0.75,0.6,,160,34,0.0,2019-06-04,12062.0,1.680107600986958,0.2463520271703601,0.1081583503732552,-0.2042879217921789,0.6580112501978874,0.1897518660155528,-0.0122200582467035
14824,LABORATORY CORP AMERICA HLDGS,LabCorp 8-K Shows Co. Notified By Retrieval-Masters Creditors Bureau About Unauthorized Activity On American Medical Collection Agency's Web Payment Page,3,decrease,0.75,0.6,,163,34,0.0,2019-06-04,12062.0,1.680107600986958,0.2463520271703601,0.1081583503732552,-0.2042879217921789,0.6580112501978874,0.1897518660155528,-0.0122200582467035
14832,LILLY ELI & CO,FDA Approves Eli Lilly's Emgality For Injection For Treatment Of Episodic Cluster Headache In Adults,3,increase,0.8,0.6,,150,33,2.0,2019-06-04,50876.0,0.6765444297343494,-0.4593406803905964,-4.550866276489407,-2.4753283273395876,0.7158825173974037,0.750642893303044,1.1083200401813986
14840,LILLY ELI & CO,Eli Lilly Reports FDA Accepted New Drug Application For Triple Combo Tablet For Adults with Type 2 Diabetes,3,increase,0.8,0.6,,148,33,2.0,2019-06-04,50876.0,0.6765444297343494,-0.4593406803905964,-4.550866276489407,-2.4753283273395876,0.7158825173974037,0.750642893303044,1.1083200401813986
14848,LUXFER HOLDINGS PLC,"Luxfer Downgraded By KeyBanc On Slowing Elektron Revenues, Capex Concerns",3,decrease,0.85,0.7,,148,30,0.0,2019-06-04,17200.0,-10.20575985312462,0.1374916872009635,4.399637901240805,6.4619607605294505,1.3767206110060215,-1.9766102397710703,-2.6832202949440997
14856,LUXFER HOLDINGS PLC,"UPDATE: KeyBanc Downgrades Luxfer To Sector Weight As Firm Notes 'slowing revenue growth momentum in Elektron, more capexintensive restructuring, and fading positive technical tailwinds'; Firm Also Sees A Lack Of Near Term Catalysts For The Co.",3,decrease,0.85,0.7,,180,30,0.0,2019-06-04,17200.0,-10.20575985312462,0.1374916872009635,4.399637901240805,6.4619607605294505,1.3767206110060215,-1.9766102397710703,-2.6832202949440997
14864,LUXFER HOLDINGS PLC,KeyBanc Downgrades Luxfer Holdings to Sector Weight,3,decrease,0.75,0.6,,138,34,0.0,2019-06-04,17200.0,-10.20575985312462,0.1374916872009635,4.399637901240805,6.4619607605294505,1.3767206110060215,-1.9766102397710703,-2.6832202949440997
14872,LYONDELLBASELL INDUSTRIES N V,LyondellBasell And Odebrecht S.A. End Discussions Regarding Braskem Acquisition,3,decrease,0.75,0.6,,152,34,0.0,2019-06-04,12345.0,5.6120485067367545,-1.304082479327917,4.363331794994285,6.882575509454214,4.632999747991562,0.3617085342128012,-0.1157065185247274
14880,MEDIWOUND LTD,MediWound Receives Marketing Authorization For NexoBrid From Peru's Ministry Of Health,3,increase,0.8,0.6,,141,29,2.0,2019-06-04,14546.0,0.0,0.5050500389188528,-1.5151501549507285,-9.848487515963376,-9.794984757900238,-5.035971679149709,3.125003749896238
14888,ARCELORMITTAL S A LUXEMBOURG,Shares of several European steel stocks are trading higher after the CEOs of 45 steel companies signed an open letter calling for European policy maker support for the industry.,3,increase,0.75,0.6,,168,29,2.0,2019-06-04,85261.0,5.252659320831299,-4.864178970456123,7.012006241419888,7.896398821211537,2.1739108487963676,0.8042887147410971,-2.0195467335423767
14896,MATERIALISE NV,"Sigma Labs 8-K Shows Co., Materialise Signed Deal To Cooperate In Evaluating Integration Of Co.'s Technology With Materialise Technology To 'create an integrated product solution composed of sophisticated control technology,' No Terms Disclosed",3,increase,0.7,0.5,,165,33,2.0,2019-06-04,14705.0,2.5000043213367458,1.219507772475481,2.3035239899256155,11.517607302098853,-2.768404968082905,-9.376970636086911,-8.16326916910749
14904,MAXLINEAR INC,MaxLinear Cuts Guidance In Further Collateral Damage From Huawei Ban,3,decrease,0.85,0.7,,134,34,0.0,2019-06-04,93289.0,2.052232436835766,-2.193782292306423,1.1425961880495716,4.296163707969214,1.2753918766975405,1.3711627606533885,1.5632397769820283
14912,MAXLINEAR INC,MaxLinear Cuts Q2 Sales Guidance From $83M-$88M To $80M-$85M vs $91.03M Est.,3,decrease,0.75,0.6,,150,34,0.0,2019-06-04,93289.0,2.052232436835766,-2.193782292306423,1.1425961880495716,4.296163707969214,1.2753918766975405,1.3711627606533885,1.5632397769820283
14920,MAXLINEAR INC,MaxLinear Cuts Q2 Prelim. Guidance To Reflect US Actions Against Huawei,3,decrease,0.85,0.7,,137,34,0.0,2019-06-04,93289.0,2.052232436835766,-2.193782292306423,1.1425961880495716,4.296163707969214,1.2753918766975405,1.3711627606533885,1.5632397769820283
14928,NORWEGIAN CRUISE LINE HLDGS LTD,"Norwegian Cruise Line Holdings Says Monitoring Recent Developments, Any Resulting Impact To Cruise Travel To Cuba Due To US Travel Restrictions",3,uncertain,0.6,0.3,,163,34,1.0,2019-06-04,13760.0,-0.073666509706527,-3.464794158935547,-1.2347921048760813,-0.9399158549541764,-0.7494057063013315,-1.5591019634905725,-0.6586180967087518
14936,NEWTEKONE INC,Newtek Business Services Raises 2019 Annual Dividend To $1.90/Share From $1.80/Share In 2018,3,increase,0.8,0.6,,152,33,2.0,2019-06-04,58836.0,5.774777755141258,1.9108284264802933,4.367611490540857,5.988774139654418,-1.4698884449899197,-3.1912390723590978,-3.3488340371166547
14944,NETFLIX INC,"Loop Capital Upgrades Netflix to Buy, Raises Price Target to $425",3,increase,0.85,0.7,,136,33,2.0,2019-06-04,89393.0,4.98172752559185,0.6593144033104181,-0.6027179146308459,1.052631884503663,-1.937192305922508,-4.325707235522691,-3.596894930973338
14952,NATIONAL HEALTH INVESTORS INC,National Health Investors Enters Property-Company Joint Venture With Discovery Senior Living To Purchase Six PRoperties For $128.35M,3,increase,0.75,0.6,,151,29,2.0,2019-06-04,77057.0,-1.686684973537922,1.3387038372457027,1.221724418087855,3.847152303451251,-0.3691927529871464,-0.0893651245432392,-0.0383175196197571
14960,N V 5 GLOBAL INC,"NV5 Reports Purchase Of Page One Consultants, No Terms Disclosed",3,uncertain,0.6,0.3,,139,34,1.0,2019-06-04,14166.0,2.780266664922237,3.565196320414543,-4.076295571139543,-2.8546509541408693,0.3858560230582952,-2.995272306773411,-1.1023760713003703
14968,NOVARTIS A G,Novartis Says Long-Term Survival Benefit Shown For Metastatic Melanoma Patients Treated With Novartis Tafinlar + Mekinist,3,increase,0.85,0.7,,155,29,2.0,2019-06-04,88233.0,-0.2737913280725479,0.13727149926126,0.7778544023100409,4.438349358941673,2.358715981245041,2.1678328960479387,2.155933150535305
14976,NEWELL BRANDS INC,Newell Brands Announces Agreement To Sell The United States Playing Card Company To Cartamundi Group; No Size Disclosed,3,uncertain,0.6,0.3,,147,34,1.0,2019-06-04,60986.0,5.631766840815544,1.2986984103918076,-0.2050563088442647,1.0936419631710326,3.2041750848293304,3.2811374571424023,3.2054753801193714
14984,NORTHWEST NATURAL HOLDING CO,NW Natural Holdings Reports 1.25M Share Common Stock Offering,3,decrease,0.75,0.6,,141,34,0.0,2019-06-04,58334.0,0.1428753836080432,-4.408612474799156,-3.666713966035884,-2.097294484799084,1.7000844702124596,3.7349881853800726,3.13881101238358
14992,ORION ENERGY SYSTEMS INC,Orion Energy Systems shares are trading higher after the company reported better-than-expected Q4 sales results.,3,increase,0.85,0.7,,146,33,2.0,2019-06-04,92466.0,24.00000095367432,2.016127109527588,12.49999728961333,10.080644618017608,3.626945987343788,-0.9900978729450394,-1.9607823001673963
15000,ORION ENERGY SYSTEMS INC,"Orion Energy Systems Sees FY20 Sales $135M-$145M vs, EBITDA Margin At Least 10%, Net Income, EPS Positive",3,increase,0.75,0.6,,155,33,2.0,2019-06-04,92466.0,24.00000095367432,2.016127109527588,12.49999728961333,10.080644618017608,3.626945987343788,-0.9900978729450394,-1.9607823001673963
15008,ORION ENERGY SYSTEMS INC,"Orion Energy Systems Q4 EPS $(0.03), Inline, Sales $22.443M Beat $19.19M Estimate",3,increase,0.7,0.5,,153,33,2.0,2019-06-04,92466.0,24.00000095367432,2.016127109527588,12.49999728961333,10.080644618017608,3.626945987343788,-0.9900978729450394,-1.9607823001673963
15016,ONE LIBERTY PROPERTIES INC,One Liberty Properties Reports Purchase Of 2 Industrial Properties For $11.8M,3,increase,0.7,0.6,,144,33,2.0,2019-06-04,59628.0,0.5230112001299858,2.3933421820402145,5.480402049079025,8.220606497919247,0.4905374255031347,0.1047144172781511,-0.1044889912071744
15024,OCCIDENTAL PETROLEUM CORP,Occidental Petroleum Reports FTC Granted Early Termination Of Waiting Period For HSR Act Related To Anadarko Deal,3,increase,0.8,0.6,,151,33,2.0,2019-06-04,34833.0,0.7502005901187658,-4.5481957495212555,0.3214505279184099,2.9803253699609344,-0.9041606448590755,-4.989405200807284,-5.153846897083525
15032,PAR TECHNOLOGY CORP,PAR Tech Reports BAE Awarded Co.'s Rome Research Subsidiary A $15.9M Subcontract For NCTAMS PAC Program,3,increase,0.75,0.6,,153,29,2.0,2019-06-04,61146.0,-1.9357150420546532,2.3836104199290276,6.927369613346013,5.437613104956096,-2.5969456881284714,-3.7271495779520047,2.316887254449318
15040,PUMA BIOTECHNOLOGY INC,Puma Biotechnology Highlights Presentation Of Results From Phase III NALA Trial Of Neratinib In Patients With HER2-Positive Metastatic Breast Cancer At ASCO 2019 Annual Meeting,3,increase,0.75,0.6,,167,33,2.0,2019-06-04,13621.0,0.1342312665656209,-3.0831102281808853,-9.78552282317715,-6.099194538818054,0.7437434513121843,-1.324508371103983,-1.5201619255838628
15048,P G & E CORP,"PG&E, In Response To San Francisco City Hiring Adviser To Explore Potential Acquisition Of Co's Assets, Says Look Forward To Reviewing City's Analysis",3,uncertain,0.6,0.3,,153,34,1.0,2019-06-04,13688.0,4.751259833574295,10.725721716880798,1.9210279186133716,2.1344698770251913,4.6198770403862,0.6186652951305716,4.436662148453929
15056,P G & E CORP,PG&E Option Alert: Jun 21 $21 Calls Sweep (10) near the Ask: 522 @ $0.589 vs 15152 OI; Earnings 7/25 Before Open [est] Ref=$18.49,3,increase,0.7,0.6,,174,33,2.0,2019-06-04,13688.0,4.751259833574295,10.725721716880798,1.9210279186133716,2.1344698770251913,4.6198770403862,0.6186652951305716,4.436662148453929
15064,P G & E CORP,PG&E Corporation Vol Pop Following Circulations That San Fran Hires Advisers For A Potential Bid On PG&E Assets,3,increase,0.75,0.6,,150,33,2.0,2019-06-04,13688.0,4.751259833574295,10.725721716880798,1.9210279186133716,2.1344698770251913,4.6198770403862,0.6186652951305716,4.436662148453929
15072,P G & E CORP,PG&E Corporation Shares Spiking On Heavy Volume,3,increase,0.75,0.6,,135,33,2.0,2019-06-04,13688.0,4.751259833574295,10.725721716880798,1.9210279186133716,2.1344698770251913,4.6198770403862,0.6186652951305716,4.436662148453929
15080,PACIRA BIOSCIENCES INC,Pacira Highlights Publication Of EXPAREL Pivotal Study As Single-Dose Interscalene Brachial Plexus Nerve Block in Patients Undergoing Shoulder Surgery In 'Pain Medicine',3,increase,0.75,0.6,,164,33,2.0,2019-06-04,12583.0,2.140169031918049,0.2532825572416186,-0.8519433074289262,0.7828691778447805,-2.2753341123461723,-4.363469694635769,-1.0242051434208532
15088,PRECISION DRILLING CORP,Precision Drilling Corporation Announces  Year-To-Date Debt Repayment of $125M To Reach The Mid-Point Of Targeted 2019 Debt Reduction Range,3,increase,0.75,0.6,,159,29,2.0,2019-06-04,90999.0,2.6881694793701167,-5.759163200855255,-5.235603539822675,-10.994760090827317,2.7624350041151047,2.1978000531873265,2.1978000531873265
15096,PETMED EXPRESS INC,A Look At PetMed Express Through Benzinga's Securities Lending Volatility Index,3,uncertain,0.5,0.3,,137,34,1.0,2019-06-04,90012.0,3.2992031425237665,-3.083697520196438,-2.1475737362433467,-5.3414059867429415,0.6296543404459953,-1.124863728831893,-2.4417343968192284
15104,PFIZER INC,"UPDATE: Morgan Stanley Initiates Pfizer With Overweight, $48 Target As Firm Notes Co's 'organic growth is set to accelerate next year after two decades of challenges, driven by fading patent expiration pressures and contributions from new revenue drivers'",3,increase,0.8,0.6,,166,29,2.0,2019-06-04,21936.0,0.7395071443170309,0.591996219009161,1.0419100508423318,1.9891075708999617,0.9633855894207954,0.0477246305556011,0.4793789917736379
15112,PFIZER INC,"Morgan Stanley Reinstates Overweight on Pfizer, Announces $48 Price Target",3,increase,0.8,0.6,,135,33,2.0,2019-06-04,21936.0,0.7395071443170309,0.591996219009161,1.0419100508423318,1.9891075708999617,0.9633855894207954,0.0477246305556011,0.4793789917736379
15120,KONINKLIJKE PHILIPS N V,"SEC Investigating Siemens, GE, Philips in Alleged Bribery Scheme to Sell Medical Equipment in China",3,decrease,0.85,0.7,,155,34,0.0,2019-06-04,88487.0,0.4020096734166145,-0.5255232565104961,2.077081632297406,5.455456166471495,0.4543168004602194,-0.4253239346538429,0.5558297514373756
15128,PRIMORIS SERVICES CORP,Primoris Services Wins $23M+ In 2 New Pipeline Awards,3,increase,0.75,0.6,,142,33,2.0,2019-06-04,92773.0,4.454099386930466,-0.8320325054228306,-0.36401295511862,1.7680715144442471,0.932017993181944,-0.7547137713021845,-3.4102814542954163
15136,PALATIN TECHNOLOGIES INC,Palatin Technologies shares are trading higher after reports surfaced that the company won Orphan Drug Designation from the FDA for its Anterior Uveitis Treatment.,3,increase,0.85,0.7,,158,29,2.0,2019-06-04,79702.0,0.0,1.4925358816981316,-4.477616768436999,-2.238813057630784,0.0,2.2900832816958427,-2.898547847861943
15144,PALATIN TECHNOLOGIES INC,Palatin Therapeutics Shares Up 10.5% After Hours As Hearing Co. Won Orphan Drug Designation From FDA For Its Anterior Uveitis Treatment,3,increase,0.85,0.7,,161,33,2.0,2019-06-04,79702.0,0.0,1.4925358816981316,-4.477616768436999,-2.238813057630784,0.0,2.2900832816958427,-2.898547847861943
15152,PRUDENTIAL PLC,"Prudential Subsidiart, Jackson National Life Insurance, Earlier Announced Distribution Relationship with TD Ameritrade",3,increase,0.75,0.6,,144,33,2.0,2019-06-04,88310.0,3.991910070180893,0.1214753137901425,1.7249734941587658,1.7735655593842603,-0.8516943082213402,-3.180037254437285,-2.5603081295374808
15160,PARAMOUNT GOLD NEVADA CORP,Paramount Gold Receives Permit From Malheur County For Its Proposed Grassy Mountain Underground Mine In Eastern Oregon,3,increase,0.75,0.6,,151,33,2.0,2019-06-04,15278.0,1.333332061767578,1.315788272768259,0.0131602884599457,-1.315788106715221,5.633806064724922,2.068592954837989,-2.5847539557242505
15168,QORVO INC,"Qorvo Reports Syrlinks Selected Co.'s Amplifiers For Low Earth Orbit Satellites, No Terms Disclosed",3,increase,0.7,0.6,,146,29,2.0,2019-06-04,85035.0,3.7168700248003015,-1.153009757399559,0.2025509685185778,1.4178806510267703,1.144166011363268,0.0161664094780134,-0.322166127273038
15176,Q 2 HOLDINGS INC,Q2 Holdings Reports 2.15M Share Common Stock Follow-On Offering,3,decrease,0.75,0.6,,141,34,0.0,2019-06-04,14516.0,5.595814436674118,-3.3360693603754044,-2.100492711407931,5.024717176112237,-5.816486477851868,-6.9974315609662385,-6.771178126715327
15184,Q 2 HOLDINGS INC,"Q2 Holdings Filing Shows Registration For Common Stock Offering, No Size Disclosed",3,decrease,0.7,0.5,,141,34,0.0,2019-06-04,14516.0,5.595814436674118,-3.3360693603754044,-2.100492711407931,5.024717176112237,-5.816486477851868,-6.9974315609662385,-6.771178126715327
15192,R H,Gordon Haskett Upgrades RH to Hold,3,increase,0.7,0.5,,128,33,2.0,2019-06-04,13687.0,6.473986804485321,-1.4875083230435848,1.2486443704365024,25.68947296976365,1.5854356810450554,-0.6660562526884517,-1.446959842822626
15200,RAMBUS INC,Rambus Announces That Achronix Semiconductor Corporation Has Selected Co.'s GDDR6 Memory Interface For Its Speedster7t Device,3,increase,0.75,0.6,,147,33,2.0,2019-06-04,84827.0,7.90909007191658,0.0842479290440678,0.2527357205579061,-1.4321824863013033,-3.1690113246440887,-3.50876887105267,-0.5424993511048415
15208,REWALK ROBOTICS LTD,"FDA Issues Clearance ReWalk's ReStore Exo-Suit, A Soft Robotic System For Stroke Therapy",3,increase,0.8,0.6,,149,33,2.0,2019-06-04,14936.0,5.396820232272148,122.89156913757324,62.349395783505514,41.86747314735295,-11.267601698637009,-18.60464642383417,-22.794114115192787
15216,SIGNET JEWELERS LTD,Trader Idea Feed: 'Signet Jewelers up 6%. Reporting Thursday. Signet is a mall retailer of jewelry with questionable liquidity. Things haven't been great. Expectations are low. The options market is pricing in a move of ~Infinity..' @JeffMacke Via Twitter,3,uncertain,0.6,0.3,,185,34,1.0,2019-06-04,12076.0,7.426778227090836,-5.452778935432434,-3.554047549823669,-12.268745475002609,1.3785801827907562,-4.87561954286535,-8.90899946552739
15224,SILGAN HOLDINGS INC,UPDATE: Silgan Sees Pre-Tax Rationalization Charges Related To Plant Closures Of ~$5.2M In FY19,3,decrease,0.75,0.6,,150,34,0.0,2019-06-04,84563.0,1.339743658900261,0.0,1.762713416255135,0.5762713637487815,0.4139387514442205,0.3449694501735711,-0.3055050041826379
15232,SILGAN HOLDINGS INC,UPDATE: Silgan Says Plant Closures Will Result In Co.'s Withdrawal From Central States Pension Fund,3,decrease,0.75,0.6,,144,25,0.0,2019-06-04,84563.0,1.339743658900261,0.0,1.762713416255135,0.5762713637487815,0.4139387514442205,0.3449694501735711,-0.3055050041826379
15240,SILGAN HOLDINGS INC,"Silgan Reports Will Close Metal Container Manufacturing Facilities In Mt. Vernon, Missouri, Waupun, Wisconsin",3,decrease,0.75,0.6,,144,25,0.0,2019-06-04,84563.0,1.339743658900261,0.0,1.762713416255135,0.5762713637487815,0.4139387514442205,0.3449694501735711,-0.3055050041826379
15248,SYNOPSYS INC,Synopsys And GLOBALFOUNDRIES Collaborate To Develop 'Broad' Portfolio Of DesignWare IP For 12LP FinFET Process,3,increase,0.75,0.6,,151,29,2.0,2019-06-04,77357.0,4.091349244117737,2.481999434530735,6.853025147005054,6.615838587322775,-2.602197416126728,-3.1015013585643514,-2.4178260995868395
15256,SANOFI,Hearing Sanofi Has Lost German Court Ruling in PRALUENT Dispute With Amgen,3,decrease,0.85,0.7,,140,34,0.0,2019-06-04,89475.0,0.8272510021924973,0.1930546131916344,3.6679549273096246,4.029927704571534,1.6571806743741035,0.685935225593215,0.685935225593215
15264,SOUTHERN CO,Southern Power Announces Completion Of Mankato Energy Center Expansion,3,increase,0.75,0.6,,131,33,2.0,2019-06-04,18411.0,0.0738569360692054,1.1254623532295227,0.6457537070938102,1.9557150939387704,1.2336445972323418,2.188678994456228,2.4012109856592634
15272,SPIRIT REALTY CAPITAL INC NEW,"JP Morgan Maintains Neutral on Spirit Realty Capital, Raises Price Target to $44",3,uncertain,0.6,0.2,,144,30,1.0,2019-06-04,14039.0,-0.5235591437667608,2.4027442559599876,1.1441647804325106,1.7391265930111866,2.977028675377369,4.322012897192451,5.246762128355953
15280,STEEL DYNAMICS INC,"Goldman Sachs Maintains Buy on Steel Dynamics, Lowers Price Target to $36",3,uncertain,0.6,0.3,,143,34,1.0,2019-06-04,84262.0,1.106451451778412,-1.132072601467371,0.490562938757022,7.924530117895912,4.214709624648094,2.5029307496332587,-1.9086834968312985
15288,CONSTELLATION BRANDS INC,Constellation Brands Option Alert: Fri $185 Calls Sweep (34) near the Ask: 523 @ $1.45 vs 591 OI; Earnings 6/28 Before Open Ref=$183.86,3,increase,0.7,0.6,,169,33,2.0,2019-06-04,69796.0,4.06816378235817,1.3879839330911636,5.70375413449844,-1.3391894336618917,0.4420509096235037,-5.371348210981697,-6.177871156715453
15296,CONSTELLATION BRANDS INC,Constellation Brands Option Alert: Fri $185 Calls Sweep (34) near the Ask: 523 @ $1.45 vs 591 OI; Earnings 6/28 Before Open Ref=$183.86,3,increase,0.7,0.6,,169,33,2.0,2019-06-04,69796.0,4.06816378235817,1.3879839330911636,5.70375413449844,-1.3391894336618917,0.4420509096235037,-5.371348210981697,-6.177871156715453
15304,SYSCO CORP,"JP Morgan Maintains Overweight on Sysco, Lowers Price Target to $75",3,uncertain,0.6,0.3,,139,34,1.0,2019-06-04,52038.0,0.6380545906722546,2.0749203860759735,4.8414992476827345,3.285300709055039,0.203428347595036,-7.461081108710054,-7.299368439782839
15312,THERAVANCE BIOPHARMA INC,Theravance Biopharma Names Andrew Hindman CFO,3,uncertain,0.6,0.3,,142,34,1.0,2019-06-04,14674.0,-0.6563282106071711,-3.9039015769958496,-3.003002959980283,-0.240234155082375,0.8423549123108387,0.1194770816778767,-1.9309533462951056
15320,BIO TECHNE CORP,"Bio-Techne Reports Purchase Of B-MoGen Biotech, No Terms Disclosed",3,uncertain,0.6,0.3,,141,34,1.0,2019-06-04,75694.0,2.9957100749015813,1.3194046914577484,4.306453982512859,1.7706495657426435,-0.0504953786730766,1.5388561730536043,2.167740389786066
15328,T G THERAPEUTICS INC,"TG Therapeutics Reports Interim Data From UNITY-NHL Phase 2b Trial On Umbralisib Monotherapy In Patients with Marginal Zone Lymphoma Showed Overall Response Rate Of 52%, Complete Response Of 19%, Was Well Tolerated",3,increase,0.75,0.6,,181,29,2.0,2019-06-04,82670.0,4.160253703594208,4.881655424833298,5.62129623481471,14.94082409427322,3.508768603205681,0.3091187803508921,-5.942033540640345
15336,T J X COMPANIES INC NEW,Cowen: TJX Companies' Value Proposition Improves If Chinese Tariffs Hit Retailers,3,increase,0.75,0.6,,148,33,2.0,2019-06-04,40539.0,1.623574644327164,0.907296035438776,2.6824469942315687,6.17357206638216,-0.7953898049890995,-1.3251621637820676,0.3217369579614271
15344,TOYOTA MOTOR CORP,"Toyota Tells Dealers It Is Evaluating Parts And Components Imported From Mexico, Saying The 'Exact Implications Of These Proposed Tariffs Are Unclear'",3,uncertain,0.6,0.3,,155,34,1.0,2019-06-04,76655.0,1.193603407591581,0.5688474979251623,4.559140753008539,4.877030030156915,0.4677627235651016,-1.3528207540185022,-1.187792447517233
15352,TOYOTA MOTOR CORP,Toyota Tells Dealers That 65% Of The Tacoma Midsize Pickup Trucks It Plans To Sell In The U.S. Market This Year Will Be Imported From Mexico,3,uncertain,0.6,0.3,,159,34,1.0,2019-06-04,76655.0,1.193603407591581,0.5688474979251623,4.559140753008539,4.877030030156915,0.4677627235651016,-1.3528207540185022,-1.187792447517233
15360,TOYOTA MOTOR CORP,Toyota Says In Letter To Its U.S. Dealers It Estimates Potential Tariffs On Mexican Imports Could Cost Major Suppliers Between $215 Million To $1.07 Billion,3,decrease,0.75,0.6,,158,30,0.0,2019-06-04,76655.0,1.193603407591581,0.5688474979251623,4.559140753008539,4.877030030156915,0.4677627235651016,-1.3528207540185022,-1.187792447517233
15368,T MOBILE U S INC,'Talks continue between DOJ @TMobile @sprint for $26B merger; described as fluid as FCC may revise concession plan amid lengthy DOJ review...' Tweet From FOX's Charlie Gasparino,3,uncertain,0.6,0.3,,164,34,1.0,2019-06-04,91937.0,2.00809370726347,0.7927050814032555,-0.3038754675110944,0.9908838574218536,1.0348509065806866,-2.406946904058993,-2.535137582414093
15376,TRIPADVISOR INC,TripAdvisor Option Alert: Jun 21 $60 Calls at the Ask: 4893 @ $0.051 vs 6391 OI; Earnings 7/31 After Close [est] Ref=$45.03,3,uncertain,0.6,0.3,,171,34,1.0,2019-06-04,13168.0,6.329115480184555,-0.6834245286881924,0.9920652004687948,2.094358056960921,0.9226387366652488,-0.8598627272016324,-1.5235453295690429
15384,TRONOX HOLDINGS PLC,"Tronox Holdings CEO QuinnBuys 9,600 @ Avg Price: $10.45",3,increase,0.75,0.6,,146,33,2.0,2019-06-04,13452.0,7.539685070514679,-1.291516050696373,2.490770321223623,4.059036422678752,8.737857639789581,4.239915606573774,-10.559010576814352
15392,TEXAS ROADHOUSE INC,Maxim Group Upgrades Texas Roadhouse to Buy,3,increase,0.8,0.6,,134,33,2.0,2019-06-04,90427.0,4.099889472126961,-2.2914405912160873,-2.2019310592467645,-3.9840081938980254,4.682016372680664,2.521971067226936,3.132810072046066
15400,V B I VACCINES INC NEW,VBI Vaccines Highlights Presentation Of Data From Part A Of Ongoing Phase 1/2a Study Of VBI-1901 In Recurrent Glioblastoma (GBM) Patients At ASCO 2019,3,increase,0.75,0.6,,174,33,2.0,2019-06-04,16043.0,1.12994248047471,-4.469269514083862,-2.793293398193774,-62.55865790115174,-7.81249925494194,-10.606062714236275,-10.152286808406885
15408,VIRNETX HOLDING CORP,Mid-Day Market Update: Dow Rises Over 400 Points; Box Shares Fall On Weak Revenue Outlook,3,uncertain,0.5,0.2,,148,29,1.0,2019-06-04,87084.0,8.304498344659805,-1.4377020299434662,-2.715656060201177,2.875396603171287,-2.364862523972988,-5.400980611734019,-3.5058358113558064
15416,VILLAGE SUPER MARKET INC,"Village Super Market Q3 EPS $0.35 Down From $0.45 YoY, Sales $395.46M Up From $394.608M YoY",3,decrease,0.7,0.5,,160,34,0.0,2019-06-04,80857.0,-2.864782325923443,-1.1010644026100636,0.0393245568852007,-0.5898530155481807,-1.1329276487231257,-1.2820518309757167,-1.2075460125852366
15424,VERA BRADLEY INC,A Preview Of Vera Bradley's Q1 Earnings,3,uncertain,0.6,0.3,,135,34,1.0,2019-06-04,12363.0,-1.763666793704033,1.705561764538288,4.30879285982575,10.861759126165026,3.5616468638181686,5.292475840599931,4.2279412409491846
15432,VENTAS INC,Ventas shares are trading lower after the company announced a common stock offering of 11 million shares at $62.75 per share.,3,decrease,0.85,0.7,,147,34,0.0,2019-06-04,75819.0,-3.039751760661602,2.5401897728443146,3.681667401704946,10.289385472405389,-0.2332838485017419,-0.0155893579527943,-0.1400939204196816
15440,VENTAS INC,Ventas Prices 11M Share Public Offering of Common Stock @$62.75/Share,3,decrease,0.75,0.5,,139,34,0.0,2019-06-04,75819.0,-3.039751760661602,2.5401897728443146,3.681667401704946,10.289385472405389,-0.2332838485017419,-0.0155893579527943,-0.1400939204196816
15448,WESTERN ALLIANCE BANCORPORATION,Western Alliance Bancorp Initiates $0.25/Share Qtr. Dividend,3,increase,0.75,0.6,,150,33,2.0,2019-06-04,90776.0,3.87449748814106,1.6018323600292206,-0.0228882347750092,0.2974852219765012,2.2357184439897537,-0.8484577422909756,-3.575524426712251
15456,WELLS FARGO & CO NEW,"Wells Fargo Highlights Finalizing Of Previously Announced Combination Of Business Banking, Gov't. & Institutional Banking, Middle Market Banking Units Into Commercial Banking Unit",3,increase,0.7,0.6,,160,33,2.0,2019-06-04,38703.0,2.605570107698441,0.3940462134778499,1.269697942952841,0.9194355868636483,0.3380696987733245,-1.1764678790383565,-2.1108159409142013
15464,WYNN RESORTS LTD,Shares of casino companies are trading higher amid eased trade US-China trade tensions after China stated they are open to dialogue to resolve disagreements.,3,increase,0.8,0.6,,151,33,2.0,2019-06-04,89533.0,8.979437500238419,-2.135203033685684,4.677946746269379,8.088949093935295,-3.503216430544853,-7.053756410551282,-9.458868776012896
15472,UNITED STATES STEEL CORP NEW,"Goldman Sachs Downgrades United States Steel to Sell, Lowers Price Target to $11",3,decrease,0.85,0.7,,147,34,0.0,2019-06-04,76644.0,6.150155514478683,-1.504889503121376,5.267116755438317,9.706545936517497,5.922172591090202,2.5389061234835086,-2.568092651885978
15480,SPDR SERIES TRUST,"Redbook Reports US Retail Sales During First 4 Weeks In May Up 1.4% Month Over Month, Up 5.5% Year Over Year",3,increase,0.75,0.6,,154,33,2.0,2019-06-04,91316.0,2.952859736979008,-1.470235176384449,0.7953676017460332,2.24149554354498,0.6242197472602129,-0.7144639528971264,-0.4938290531380396
15488,XEROX HOLDINGS CORP,"HP, Xerox Expand Business Partnership",3,increase,0.75,0.6,,134,33,2.0,2019-06-04,27983.0,7.488701492547989,0.3603571560233831,5.165168927170738,4.774775265066156,1.2087518349289894,-1.8377691269171437,-1.806655188180528
15496,XEROX HOLDINGS CORP,"UPDATE: Xerox, HP To Partner In Device As A Service Market; Xerox Will Become DaaS Specialist In HP's Partner First Program In US",3,increase,0.75,0.6,,157,29,2.0,2019-06-04,27983.0,7.488701492547989,0.3603571560233831,5.165168927170738,4.774775265066156,1.2087518349289894,-1.8377691269171437,-1.806655188180528
15504,XEROX HOLDINGS CORP,"UPDATE: Xerox To Source HP Certain A4, Entry-Level A3 Products On Co.'s ConnectKey Controller Software, Will Supply Toner to HP For Products, No Terms Disclosed",3,uncertain,0.6,0.3,,165,34,1.0,2019-06-04,27983.0,7.488701492547989,0.3603571560233831,5.165168927170738,4.774775265066156,1.2087518349289894,-1.8377691269171437,-1.806655188180528
15512,XEROX HOLDINGS CORP,"HP, Xerox Report Expanded Business Relationship",3,increase,0.75,0.6,,135,33,2.0,2019-06-04,27983.0,7.488701492547989,0.3603571560233831,5.165168927170738,4.774775265066156,1.2087518349289894,-1.8377691269171437,-1.806655188180528
15520,AMERISOURCEBERGEN CORP,"Argus Research Maintains Buy on AmerisourceBergen, Lowers Price Target to $100",3,uncertain,0.6,0.3,,150,34,1.0,2019-06-03,81540.0,3.2237377017736426,2.289406768977642,5.474671758451666,6.18389131329069,-0.5873328540474176,-0.6253961420428666,-3.745826331773605
15528,ARCA BIOPHARMA INC,ARCA Biopharma Shares Halted On Circuit Breaker,3,uncertain,0.6,0.5,,140,34,1.0,2019-06-03,85293.0,27.115720510482788,-0.815216638147831,-11.41304539068193,-13.043478519250415,-5.853660777211189,-7.360000698072189,-11.059911779401231
15536,A C I WORLDWIDE INC,ACI Worldwide Making Strategic Investment in India's Mindgate Solutions; Financial Details Not Disclosed,3,increase,0.7,0.6,,144,33,2.0,2019-06-03,81282.0,-2.638270705938339,4.799214377999306,6.921321939143454,4.570681337244897,-1.9632317125797272,-1.0691828991670982,-1.502822292337158
15544,A E C O M,"AECOM Reports Madison Square Garden Selected Co. As General Contractor For MSG Sphere At Venetian, No Terms Disclosed",3,increase,0.75,0.6,,146,33,2.0,2019-06-03,91975.0,1.347969379276037,2.5981945917010307,3.4642712160569022,8.784398917105097,1.495384331792593,2.1780919588882286,2.112675547536491
15552,ACCENTURE PLC IRELAND,"Accenture Reports Purchase Of BRIDGE Energy, No Terms Disclosed",3,uncertain,0.6,0.3,,141,34,1.0,2019-06-03,89071.0,-1.634190790355206,1.604246161878109,5.298012467249835,4.989718017009093,-0.4194161389023065,0.258998227503171,-0.1793777877645008
15560,ANALOG DEVICES INC,"Nomura Initiates Coverage On Analog Devices with Neutral Rating, Announces $90 Price Target",3,uncertain,0.6,0.2,,141,30,1.0,2019-06-03,60871.0,-0.5692434497177601,5.100449174642563,10.908716075100156,9.399395304580182,-1.4684834517538548,-0.9763812854212572,0.0433243484693868
15568,AGIOS PHARMACEUTICALS INC,Agios Reports Presented Updated Data From Phase 1 Studies Of TIBSOVO In Newly-Diagnosed Adult Patients With IDH1 Mutant Acute Myeloid Leukemia Not Eligible For Intensive Chem,3,increase,0.75,0.6,,173,33,2.0,2019-06-03,14044.0,3.5520970821380624,3.032831847667694,0.878473343938313,5.961092481404373,-2.5538261979818344,-3.631813157973251,-2.5949437043311874
15576,ASHFORD INC,Ashford Reports Purchase Of Remington's Hotel Mgmt. Unit For $275M,3,increase,0.75,0.6,,139,33,2.0,2019-06-03,15028.0,-2.291106060147285,0.9195437654852868,-9.586202698268508,-9.218386960504754,-0.6693423260003328,-2.0677488907340336,0.6101705577689964
15584,AMBARELLA INC,Ambarella Announces 2 Partnerships to Develop Automated Parking and AI Driver Monitoring Platforms,3,increase,0.75,0.6,,141,29,2.0,2019-06-03,13634.0,0.5275673232972622,4.3033309280872345,8.816585505506392,9.420100474832417,-1.3787689618766308,1.282392593380921,0.9856125017207118
15592,A M C NETWORKS INC,"Imperial Capital Upgrades AMC Networks to In-Line, Maintains $53 Price Target",3,increase,0.7,0.5,,143,33,2.0,2019-06-03,12880.0,3.050976991653442,1.6734089702367785,0.4597277637422792,1.2872393403264848,-1.4749829657375813,-0.1135744218855538,-2.7281097750991634
15600,AMERICA MOVIL S A B DE C V NEW,Amex Exploration Earlier Announced Drilled 32.22 g/t Au Over 5.9 Meters Including 374.06 g/t Au Over 0.50 Meters at Perron,3,uncertain,0.4,0.2,,176,29,1.0,2019-06-03,88885.0,1.710625365376472,2.1723859012126923,4.414850275986182,0.7708454295065392,-3.9698831737041473,-2.3660414607723834,0.7178708315108473
15608,AUTONATION INC DEL,Amira Nature Foods shares are trading higher after the company hired Brian M. Speck as chief financial officer.,3,uncertain,0.3,0.1,,145,29,1.0,2019-06-03,76282.0,3.92703115940094,4.046805948019028,-0.780106519687751,1.6333450714048905,-1.3496553525328636,-0.7543354726671447,-0.8789514384563213
15616,SMITH A O CORP,UPDATE: AO Smith Says Increased 2019 Planned Rule 10b5-1 Trading Plan From $200M To $300M,3,increase,0.75,0.6,,153,33,2.0,2019-06-03,65402.0,2.049387246370316,4.427771270275116,7.379625083117469,9.871758466263293,-1.675160601735115,-1.675160601735115,-5.923343206775222
15624,SMITH A O CORP,AO Smith Approved Addition Of 3M Shares Of Common Stock To Existing Discretionary Share Repurchase Authority,3,increase,0.75,0.6,,147,33,2.0,2019-06-03,65402.0,2.049387246370316,4.427771270275116,7.379625083117469,9.871758466263293,-1.675160601735115,-1.675160601735115,-5.923343206775222
15632,SMITH A O CORP,A. O. Smith Adds 3M Shares To Buyback,3,increase,0.75,0.6,,139,33,2.0,2019-06-03,65402.0,2.049387246370316,4.427771270275116,7.379625083117469,9.871758466263293,-1.675160601735115,-1.675160601735115,-5.923343206775222
15640,A T I INC,Allegheny Technologies Reports Sale Of 2 Non-Core Forging Facilities To Wynnchurch Capital For $37M In Cash,3,increase,0.7,0.5,,146,33,2.0,2019-06-03,43123.0,2.568889409303665,7.559207081794739,8.606563850156036,7.24043840995876,-1.7889881506562233,-1.0628445622090643,-2.5932653394812655
15648,AURINIA PHARMACEUTICALS INC,"Aurinia Pharmaceuticals Shareholder, ILJIN SNT, Issues Letter To Shareholders Seeking Support For Board Nominees",3,uncertain,0.6,0.3,,160,34,1.0,2019-06-03,14924.0,1.234566699713469,0.6097555160522461,-5.335364576247326,-3.3536555613490338,-2.556392177939415,-3.28357913496774,-1.818180216345533
15656,ASTRAZENECA PLC,"AstraZeneca Board Is At Early Stages Of Planning To Seek Eventual Replacement For Leif Johansson, Who Has Chaired Co For 7 Years",3,uncertain,0.6,0.2,,156,34,1.0,2019-06-03,79363.0,1.391119416803122,1.820576749742031,4.459099178664383,5.488121265392909,-0.3465669462457299,-0.3996741790449731,-1.6574514195082934
15664,BOOZ ALLEN HAMILTON HOLDING CORP,"Morgan Stanley Initiates Coverage On Booz Allen Hamilton with Overweight Rating, Announces $70 Price Target",3,increase,0.8,0.6,,158,33,2.0,2019-06-03,12366.0,-0.205789553001523,1.9511353224515915,4.5526692963682835,3.9207329121570655,0.6693197879940271,-0.0158311627663998,0.5251400605032153
15672,BARRETT BUSINESS SERVICES INC,"Barrett Business Services Reports COO Gregory Vaughn To Retire; Gerald Blotz, Heather Gould, CFO Gary Kramer To Take On Vaughn's Added Responsibilities",3,uncertain,0.6,0.3,,158,34,1.0,2019-06-03,79249.0,0.4582086112350224,3.4001369029283524,8.749138945302848,10.407738854897076,-1.139329932630062,-1.7730538421955933,-4.317789565253394
15680,BIG LOTS INC,Big Lots Hit With Big Downgrade,3,decrease,0.85,0.7,,130,34,0.0,2019-06-03,67467.0,-0.1086981385014951,3.5908587276935577,3.7359479042599952,7.771390601425132,6.1130341142416,4.387291482080746,2.3359329312408805
15688,BIG LOTS INC,Big Lots shares are trading lower after Bank of America downgraded the company's stock from Buy to Underperform.,3,decrease,0.85,0.7,,143,34,0.0,2019-06-03,67467.0,-0.1086981385014951,3.5908587276935577,3.7359479042599952,7.771390601425132,6.1130341142416,4.387291482080746,2.3359329312408805
15696,BIG LOTS INC,"KeyBanc Maintains Overweight on Big Lots, Lowers Price Target to $40",3,uncertain,0.6,0.3,,140,34,1.0,2019-06-03,67467.0,-0.1086981385014951,3.5908587276935577,3.7359479042599952,7.771390601425132,6.1130341142416,4.387291482080746,2.3359329312408805
15704,BIG LOTS INC,Bank of America Downgrades Big Lots to Underperform,3,decrease,0.85,0.7,,133,34,0.0,2019-06-03,67467.0,-0.1086981385014951,3.5908587276935577,3.7359479042599952,7.771390601425132,6.1130341142416,4.387291482080746,2.3359329312408805
15712,BLUEBIRD BIO INC,Bluebird Bio Announces EU Conditional Marketing Authorization For ZYNTEGLO Gene Therapy For Patients 12 Years And Older With Transfusion-Dependent β-Thalassemia Who Do Not Have β0/β0 Genotype,3,increase,0.8,0.6,,168,33,2.0,2019-06-03,13947.0,2.0847231149673457,5.7343605905771255,-3.3572953400145433,0.2287196112554346,-0.5060985684394836,-1.9059319441238065,-2.977346581170026
15720,BRISTOL MYERS SQUIBB CO,Bristol-Myers Squibb Announces Five-Year Survival Data In Phase 1 CA209-004 Study In Melanoma Patients Data Showed Evidence Of Long-Term Survival Following Discontinuation,3,increase,0.8,0.6,,171,33,2.0,2019-06-03,19393.0,1.6530748456716542,1.1058155447244644,-0.2385096097422878,4.531656957742203,-1.1116000823676586,-0.0220408231892177,-1.068472907759288
15728,BRISTOL MYERS SQUIBB CO,Bristol-Myers Squibb Announces First Presentation of Results for Opdivo Plus Yervoy Combination in Advanced Hepatocellular Carcinoma at ASCO 2019,3,increase,0.75,0.6,,169,29,2.0,2019-06-03,19393.0,1.6530748456716542,1.1058155447244644,-0.2385096097422878,4.531656957742203,-1.1116000823676586,-0.0220408231892177,-1.068472907759288
15736,B P PLC,BP To Sell Interests In Gulf Of Suez Oil Concessions To Dragon Oil,3,decrease,0.7,0.3,,136,34,0.0,2019-06-03,29890.0,0.7858538068830967,0.7797263562679291,2.5341152747734963,-1.4619938494429774,-0.7555387914180756,-1.3326853358408108,-1.8322042852304987
15744,BLACKSTONE INC,Blackstone's $18.7B E-Commerce Investment Is Largest Private Real Estate Transaction Ever,3,increase,0.8,0.6,,138,29,2.0,2019-06-03,92108.0,2.774116583168507,2.3136187344789505,9.12596163313857,13.72750614179652,-3.566882759332657,-4.1043897800032365,-5.090277036237934
15752,BLACKSTONE INC,"5 Stocks To Watch For June 3, 2019",3,uncertain,0.5,0.3,,132,25,1.0,2019-06-03,92108.0,2.774116583168507,2.3136187344789505,9.12596163313857,13.72750614179652,-3.566882759332657,-4.1043897800032365,-5.090277036237934
15760,BLACKSTONE INC,Blackstone to Buy U.S. Logistics Assets from GLP for $18.7B in Largest-ever Private Real Estate Transaction Globally,3,increase,0.8,0.6,,147,33,2.0,2019-06-03,92108.0,2.774116583168507,2.3136187344789505,9.12596163313857,13.72750614179652,-3.566882759332657,-4.1043897800032365,-5.090277036237934
15768,CITIGROUP INC,UK's Financial Conduct Authority Investigating Citigroup Employee Insider Trading Leaks; Says Citigroup Employee Had Access to Price-Sensitive Information,3,decrease,0.85,0.7,,148,34,0.0,2019-06-03,70519.0,0.7401433307677507,5.222802609205246,7.203325646933734,6.276953080087222,-2.2952351719141006,-2.4485914409121734,-2.5709349327420306
15776,CACI INTERNATIONAL INC,"Morgan Stanley Initiates Coverage On CACI International with Equal-Weight Rating, Announces $215 Price Target",3,uncertain,0.6,0.2,,142,34,1.0,2019-06-03,20512.0,-1.120282430201769,1.9032010808587072,2.598884800678891,0.874575034653291,0.7524773478507996,1.1329748963606168,0.3055743687752077
15784,CAN FITE BIOPHARMA LTD,Can-Fite's Phase II Liver Cancer Study were Presented at ASCO Annual Meeting Late-Breaking Session,3,increase,0.75,0.6,,151,33,2.0,2019-06-03,14272.0,-2.280128188431263,1.333332061767578,-3.9999961121348626,-4.333337138978122,1.3201307505369186,10.8303236103231,5.4982766539669825
15792,COMPUGEN LTD,Compugen Presents an Update on COM701 Phase 1 Trial at the 2019 ASCO Annual Meeting,3,uncertain,0.6,0.3,,143,34,1.0,2019-06-03,88507.0,0.3571425331756473,2.4911094456911087,21.352319030648424,23.48754826393,-6.040270626544952,-9.967843997491176,-11.94968874636928
15800,CHIPOTLE MEXICAN GRILL INC,Chipotle Warns Of Potential Impact From Mexican Tariffs,3,decrease,0.75,0.6,,145,34,0.0,2019-06-03,91068.0,-2.774368226528168,3.197958320379257,12.290005488134836,14.02456973201891,-2.659296430647373,-1.1976587255954074,-2.9555836107081124
15808,CHIPOTLE MEXICAN GRILL INC,"Chipotle CFO Says If Announced Tariffs On Mexican Imports Are Enacted, Could Reduce Margins By 20-30 Basis Points In 2019; Says Could Consider Passing On Rising Costs, As A Result Of Tariffs, Through Modest Price Increase, Such As About A Nickel A Burrito",3,decrease,0.7,0.2,,195,30,0.0,2019-06-03,91068.0,-2.774368226528168,3.197958320379257,12.290005488134836,14.02456973201891,-2.659296430647373,-1.1976587255954074,-2.9555836107081124
15816,CHIPOTLE MEXICAN GRILL INC,"Chipotle CFO Says If Tariffs Become Permanent, Co. Would Look To Offset Costs Through Other Margin Improvement Efforts Already Underway",3,uncertain,0.6,0.3,,160,34,1.0,2019-06-03,91068.0,-2.774368226528168,3.197958320379257,12.290005488134836,14.02456973201891,-2.659296430647373,-1.1976587255954074,-2.9555836107081124
15824,CENTENE CORP DEL,Centene shares are trading lower following a media report that Humana will not make an offer to merge with Centene.,3,decrease,0.8,0.6,,147,34,0.0,2019-06-03,89269.0,-10.26839911937714,4.091082513332367,6.078737131081979,6.155921878109383,1.315789483487606,2.7031841701454784,2.9595290372844474
15832,CENTERPOINT ENERGY INC,"Mizuho Initiates Coverage On CenterPoint Energy with Buy Rating, Announces $31 Price Target",3,increase,0.8,0.6,,141,29,2.0,2019-06-03,21792.0,0.7735559251159431,0.5582688376307487,0.9071885369067,3.279834463847653,0.6013444624841213,-0.0351501700916134,-1.3185258611201456
15840,C N X RESOURCES CORP,Callinex Mines Earlier Reported Chair Mike Muzylowski To Retire,3,uncertain,0.6,0.3,,143,34,1.0,2019-06-03,86799.0,3.2383419573307037,3.3877037465572357,-7.779170577699379,-8.908401161564539,2.52323467284441,2.3872655811564947,2.933330467285211
15848,CHENIERE ENERGY PARTNERS L P,Cheniere Energy Reports Its Cheniere Corpus Christi Liquefaction Stage III Subsidiary Entered Long-Term Gas Supply Deal With Apache; Apacha To Sell 140K MMBtu/Day Of Nat Gas To Corpus Christi Stage III For 15 Years,3,increase,0.8,0.6,,185,29,2.0,2019-06-03,91850.0,1.533299870789051,0.8022655732929707,0.4719226113367281,-1.2741879516447785,0.4331094678491354,2.580494106353881,2.278853806904335
15856,CHENIERE ENERGY PARTNERS L P,"UPDATE: Cheniere Reports Run-Rate Production Guidance Raised To 4.8-4.9 mtpa/Train, Run-Rate Distributable Cash Flow/Unit Guidance Raised To $3.70-$3.90",3,increase,0.85,0.7,,179,33,2.0,2019-06-03,91850.0,1.533299870789051,0.8022655732929707,0.4719226113367281,-1.2741879516447785,0.4331094678491354,2.580494106353881,2.278853806904335
15864,CHENIERE ENERGY PARTNERS L P,UPDATE: Cheniere Says Full Notice To Proceed Issued To Bechtel,3,increase,0.8,0.6,,148,33,2.0,2019-06-03,91850.0,1.533299870789051,0.8022655732929707,0.4719226113367281,-1.2741879516447785,0.4331094678491354,2.580494106353881,2.278853806904335
15872,CHENIERE ENERGY PARTNERS L P,"Cheniere Energy, Cheniere Energy Partners Report Final Investment Decision On Train 6 At Sabine Pass Liquefaction Project; Raises Run-Rate Production, Distributable Cash Flow/Unit Guidance",3,increase,0.8,0.6,,173,29,2.0,2019-06-03,91850.0,1.533299870789051,0.8022655732929707,0.4719226113367281,-1.2741879516447785,0.4331094678491354,2.580494106353881,2.278853806904335
15880,CUSTOMERS BANCORP INC,Customers Bancorp Reports Shareholders Approved Proposals At Annual Meeting,3,uncertain,0.5,0.2,,140,30,1.0,2019-06-03,13921.0,-1.267748512327671,3.4411922097206116,6.574220674124809,2.8762272825961333,-0.4543168004602194,-2.3278910548161225,-3.143424762707381
15888,C V S HEALTH CORP,"Ask Our Experts 6/2/2019: FDA Holds Public Hearing About CBD, What Happened?",3,uncertain,0.6,0.3,,147,34,1.0,2019-06-03,17005.0,1.947680860757828,2.303801290690899,3.071735073607096,2.153964207345904,-0.7203811779618263,-0.2856083999380532,-0.6261894329583018
15896,DANAOS CORP,Danaos Corporation Regains Full Compliance With NYSE Minimum Average Share Price Listing Standard,3,increase,0.8,0.6,,140,33,2.0,2019-06-03,91560.0,1.403799187391996,0.1628701807931065,-14.739409745601984,-20.513030274002155,-1.8240809440612793,-3.505980416009824,-2.4959777531317284
15904,DONALDSON INC,Q3 Earnings Preview For Donaldson Co,3,uncertain,0.5,0.3,,132,25,1.0,2019-06-03,61313.0,2.297155186533928,0.3708288073539734,1.792333945401392,-0.9189306716290592,-0.3569890279322862,-0.1473057549526979,-0.4406191517099533
15912,DUPONT DE NEMOURS INC,DuPont Announces a $2B Buyback,3,increase,0.8,0.6,,137,33,2.0,2019-06-03,16851.0,-16.88511073589325,-2.6149775832891464,-3.088040133348935,-1.7739796229690352,-2.0853372290730476,-1.83338595102569,-0.8124796753243291
15920,DOLLAR GENERAL CORP NEW,"Morgan Stanley Maintains Overweight on Dollar General, Raises Price Target to $135",3,increase,0.85,0.7,,144,33,2.0,2019-06-03,93096.0,1.35135231539607,0.7751937955617905,4.627907852442181,5.348832429588346,0.2204714808613062,7.400216750175903,6.102034164218484
15928,QUEST DIAGNOSTICS INC,"Quest Diagnostics Says On May 14, American Medical Collection Agency Notified Co, Optum360 Of Potential Unauthorized Activity On Amca's Web Payment Page; Says ~11.9M Patients Affected Quest Says Suspended Sending Collection Requests to AMCA",3,decrease,0.85,0.7,,176,34,0.0,2019-06-03,84373.0,0.2606610301882029,1.091925334185362,3.650160589781115,6.010813888582844,-0.0937461853027343,-0.929649729883053,-1.225535329536498
15936,SPDR DOW JONES IND AVG ETF TRUST,This Day In Market History: NYSE Launches After-Hours Trading,3,uncertain,0.5,0.2,,148,34,1.0,2019-06-03,85765.0,0.1128026633523405,2.072432078421116,5.0261528902119545,5.303819882836969,-1.4491578564047811,-1.2138348951720168,-2.0712509643799004
15944,DOLLAR TREE INC,"Morgan Stanley Maintains Equal-Weight on Dollar Tree, Lowers Price Target to $100",3,decrease,0.75,0.6,,142,30,0.0,2019-06-03,81481.0,-0.8859080262482166,0.0,3.06882131013071,7.389010534972118,3.3363837748765945,6.577839698334986,4.441245987881404
15952,D T E ENERGY CO,"Bank of America Maintains Underperform on DTE Energy, Lowers Price Target to $122",3,decrease,0.8,0.6,,143,34,0.0,2019-06-03,11674.0,1.0918905958533291,-0.3547752741724252,1.0958682778049456,3.0325356838373008,1.006279140710831,0.5852199129461555,-0.3098676786971399
15960,DYNAVAX TECHNOLOGIES CORP,Dynavax Sat. Announced Presentation Of Phase 2 Data on SD-101 in Combination with KEYTRUDA®for Patients with Head and Neck Squamous Cell Carcinoma at ASCO,3,increase,0.75,0.6,,171,33,2.0,2019-06-03,90029.0,-3.112035058438778,1.498922798782587,-14.989293862862516,-12.205570874380223,-3.018101118505001,-8.884684044013314,-11.233879733341467
15968,E N I SPA,Eni shares are trading higher following reports the company made an oil discovery off of the shore of Angola.,3,increase,0.85,0.7,,142,33,2.0,2019-06-03,82637.0,3.036369197070599,1.6839394345879557,1.8458602143868852,0.2590672164265006,-1.284589245915413,-2.568273444538882,-3.3225828662472146
15976,BRINKER INTERNATIONAL INC,UBS Upgrades Brinker International to Neutral,3,increase,0.7,0.5,,133,33,2.0,2019-06-03,23297.0,1.730107888579369,5.023542791604996,3.01402322666231,5.629659449090307,-2.8948022052645683,-0.6347571306357214,-2.3140911060123392
15984,EMERGENT BIOSOLUTIONS INC,Emergent BioSolutions Wins a $35M Contract from the US Department of Health and Human Services,3,increase,0.8,0.6,,147,33,2.0,2019-06-03,91571.0,8.241485804319382,5.021990463137627,4.0731363437988,4.859991637291405,-2.37222108989954,-4.314484509711303,-6.554313992829397
15992,EASTGROUP PROPERTIES INC,"Morgan Stanley Maintains Equal-Weight on EastGroup Properties, Raises Price Target to $110",3,increase,0.7,0.5,,142,29,2.0,2019-06-03,85082.0,0.7117125205695629,-0.3935973159968853,2.558368889848972,3.962787612192664,0.2891215262934565,0.598154521624128,-1.8827873405979911
16000,ELTEK LTD,Eltek 13D Shows Nistec Golan Holds 65.35% Stake In Co.,3,increase,0.75,0.6,,142,33,2.0,2019-06-03,84419.0,-21.12482786178589,-5.217394605278969,-8.347826740486608,-25.043480053780176,-12.379804998636246,4.142855964979564,344.51218827762557
16008,ENBRIDGE INC,Enbridge shares are trading lower after Minnesota Court of Appeals ruled environmental impact statement for the company's line 3 pipeline is inadequate.,3,decrease,0.85,0.7,,146,34,0.0,2019-06-03,76932.0,-4.44805920124054,1.4192449860274792,0.4825489395172244,-2.8100988610974764,0.2719566924497485,-0.7002481006495143,-1.7062101053102685
16016,ENBRIDGE INC,Minnesota Court Of Appeals Rules Environmental Impact Statement For Enbridge's Line 3 Pipeline Is Inadequate,3,decrease,0.75,0.6,,143,34,0.0,2019-06-03,76932.0,-4.44805920124054,1.4192449860274792,0.4825489395172244,-2.8100988610974764,0.2719566924497485,-0.7002481006495143,-1.7062101053102685
16024,EQUINIX INC,Argus Research Initiates Coverage On Equinix with Buy Rating,3,increase,0.8,0.6,,135,33,2.0,2019-06-03,89617.0,-0.0432330765761434,-0.9329047985374928,4.209399538573044,5.3338325802750886,-0.3119141794741153,0.6714372902816734,-1.1074247536353998
16032,E Q T CORP,"EQT Shareholders, The Rice Team, Send Letter Calling for Management Changes",3,decrease,0.75,0.6,,139,34,0.0,2019-06-03,24328.0,0.6557423155754805,0.7600401062518358,-6.026061896202261,-13.952224041432736,0.2190526109188795,-1.981793396398812,-3.0720335400065024
16040,ENTERGY CORP NEW,Entergy Earlier Reported Pilgrim Nuclear Power Station Was Permanently Shut Down; Shares Appear Unaffected In Pre-Market Action,3,uncertain,0.6,0.2,,150,34,1.0,2019-06-03,24010.0,0.9786720387637616,-0.5917100701481104,1.8669677831303355,3.815553424200035,0.9463353082537652,1.4739661483247568,0.1444335829828391
16048,EDWARDS LIFESCIENCES CORP,UPDATE: Edwards Says TRC Cap Made Offer To Buy 1M Shares At $162.38/Share,3,increase,0.75,0.6,,156,33,2.0,2019-06-03,87657.0,-1.101341377943754,3.0920421704649925,9.720405023932654,9.436081062221934,0.3999486099928617,2.0810882587444013,0.8388458369876339
16056,EDWARDS LIFESCIENCES CORP,Edwards Lifesciences Recommends Shareholders Reject Offer By TRC Cap,3,uncertain,0.6,0.3,,150,34,1.0,2019-06-03,87657.0,-1.101341377943754,3.0920421704649925,9.720405023932654,9.436081062221934,0.3999486099928617,2.0810882587444013,0.8388458369876339
16064,ISHARES TRUST,UK's Tory Party 1922 Committee To Set Out Plan For Electing New Leader Tomorrow,3,uncertain,0.6,0.3,,140,34,1.0,2019-06-03,14907.0,0.2208888996392488,1.1649900116026402,3.2745560366608917,1.9849643421609775,-0.7516434881836176,-0.4085454308132119,-1.2157146473774638
16072,ISHARES TRUST,"'....Fake News will be working hard to find them. Great love all around. Also, big Trade Deal is possible once U.K. gets rid of the shackles. Already starting to talk!' -Trump Tweets",3,uncertain,0.6,0.3,,165,34,1.0,2019-06-03,14907.0,0.2208888996392488,1.1649900116026402,3.2745560366608917,1.9849643421609775,-0.7516434881836176,-0.4085454308132119,-1.2157146473774638
16080,ISHARES TRUST,Boris Johnson Makes PM Campaign Official As Trump Arrives In The UK,3,uncertain,0.4,0.2,,136,34,1.0,2019-06-03,14907.0,0.2208888996392488,1.1649900116026402,3.2745560366608917,1.9849643421609775,-0.7516434881836176,-0.4085454308132119,-1.2157146473774638
16088,ISHARES TRUST,"As Brexit Woes Continue, Trading Sterling Is Painful",3,decrease,0.75,0.6,,133,34,0.0,2019-06-03,14907.0,0.2208888996392488,1.1649900116026402,3.2745560366608917,1.9849643421609775,-0.7516434881836176,-0.4085454308132119,-1.2157146473774638
16096,ISHARES TRUST,Boris Johnson Launched Campaign for UK PM,3,uncertain,0.5,0.2,,131,34,1.0,2019-06-03,14907.0,0.2208888996392488,1.1649900116026402,3.2745560366608917,1.9849643421609775,-0.7516434881836176,-0.4085454308132119,-1.2157146473774638
16104,ISHARES INC,"Trump Tweets: 'As a sign of good faith, Mexico should immediately stop the flow of people and drugs through their country and to our Southern Border. They can do it if they want!'",3,uncertain,0.6,0.2,,160,34,1.0,2019-06-03,83223.0,-0.5824790336191654,1.8514201045036316,5.132417477162754,3.496884643200193,-3.6371860653162,-2.2546154607626434,-0.8776005875639092
16112,ISHARES INC,Mexico's Foreign Secretary Ebrard Says Mexican Pres Obrador Will Decide In Coming Days If He Will Attend G20,3,uncertain,0.6,0.2,,145,34,1.0,2019-06-03,83223.0,-0.5824790336191654,1.8514201045036316,5.132417477162754,3.496884643200193,-3.6371860653162,-2.2546154607626434,-0.8776005875639092
16120,ISHARES INC,"Mexico's Foreign Secretary Ebrard Says Mexican Officials Will Meet With US Trade Rep Lighthizer, Acting US Homeland Security Secretary McAllenan This Week",3,uncertain,0.6,0.2,,152,34,1.0,2019-06-03,83223.0,-0.5824790336191654,1.8514201045036316,5.132417477162754,3.496884643200193,-3.6371860653162,-2.2546154607626434,-0.8776005875639092
16128,ISHARES INC,"White House Economic Adviser Kevin Hassett, On Recent Mexico Tariffs, Says Near Term Impact Will Be More On Mexico Than On The US",3,uncertain,0.6,0.3,,149,34,1.0,2019-06-03,83223.0,-0.5824790336191654,1.8514201045036316,5.132417477162754,3.496884643200193,-3.6371860653162,-2.2546154607626434,-0.8776005875639092
16136,ISHARES INC,"Mexican Foreign Minister Ebrard Giving News Conference, Discussing US-Mexico Trade Tensions",3,uncertain,0.6,0.3,,142,34,1.0,2019-06-03,83223.0,-0.5824790336191654,1.8514201045036316,5.132417477162754,3.496884643200193,-3.6371860653162,-2.2546154607626434,-0.8776005875639092
16144,ISHARES INC,Mexican Foreign Minister Ebrard Says Imposing Tariffs On Mexican Imports Could Be Counterproductive To Stopping Immigration Flows; Says US And Mexico Can Reach An Agreement Over Dispute,3,uncertain,0.6,0.3,,159,34,1.0,2019-06-03,83223.0,-0.5824790336191654,1.8514201045036316,5.132417477162754,3.496884643200193,-3.6371860653162,-2.2546154607626434,-0.8776005875639092
16152,FORD MOTOR CO DEL,Hearing Ford May US Sales Were Down 4.1% YoY,3,decrease,0.75,0.6,,139,34,0.0,2019-06-03,25785.0,0.9453697130084038,3.2258108258247375,2.1852241554151774,4.578569618960859,-2.258719876408577,-1.9567412610222323,-2.658479347175502
16160,FORD MOTOR CO DEL,"Musk Compares Tesla Pickup Truck To The F-150, Says It Will Cost Less Than $50,000",3,decrease,0.75,0.6,,147,34,0.0,2019-06-03,25785.0,0.9453697130084038,3.2258108258247375,2.1852241554151774,4.578569618960859,-2.258719876408577,-1.9567412610222323,-2.658479347175502
16168,DIAMONDBACK ENERGY INC,"Morgan Stanley Maintains Overweight on Diamondback Energy, Raises Price Target to $161",3,increase,0.8,0.6,,145,29,2.0,2019-06-03,13641.0,0.1121768495067954,0.9778945706784724,-0.5806250761054566,3.4735702239953703,-2.2820139303803444,-3.207975594602175,-5.274342351518313
16176,FEDEX CORP,China To Investigate FedEx Over Misrouted Deliveries,3,decrease,0.75,0.6,,134,34,0.0,2019-06-03,60628.0,-1.257455535233021,4.7590915113687515,6.236050903759716,7.470135718240689,-2.360607497394085,-3.3151647468374623,-2.631743989326907
16184,FEDEX CORP,"UBS Maintains Sell on FedEx, Lowers Price Target to $136",3,decrease,0.8,0.6,,138,34,0.0,2019-06-03,60628.0,-1.257455535233021,4.7590915113687515,6.236050903759716,7.470135718240689,-2.360607497394085,-3.3151647468374623,-2.631743989326907
16192,FIDELITY NATIONAL INFO SVCS INC,EU Regulators to Decide on Fidelity National Information Services' $35B Worldpay Deal by July 5,3,uncertain,0.6,0.3,,153,34,1.0,2019-06-03,89003.0,-3.100584633648396,3.148321434855461,4.906924096513565,4.556916637681874,0.6273525767028332,1.0330086321738596,0.795982071788881
16200,FIVE BELOW INC,"UBS Maintains Neutral on Five Below, Raises Price Target to $132",3,increase,0.7,0.5,,135,33,2.0,2019-06-03,13527.0,-3.28594408929348,1.6706842929124832,4.040160042053187,4.979917625321528,-0.4562415648251772,2.329087892097048,-2.076685437476178
16208,NATIONAL BEVERAGE CORP,Maxim Group Upgrades National Beverage to Hold,3,increase,0.7,0.5,,135,33,2.0,2019-06-03,76839.0,3.964556008577347,5.602899938821793,1.065189789179688,-4.111632429797584,-1.3330349698662758,-4.766923278833435,-4.464656934542422
16216,FLEETCOR TECHNOLOGIES INC,"Bank of America Initiates Coverage On Fleetcor Technologies with Neutral Rating, Announces $275 Price Target",3,uncertain,0.6,0.2,,149,34,1.0,2019-06-03,12449.0,-3.075011633336544,1.350537221878767,6.373115715536448,7.276144377624161,-0.9513257071375848,-0.6884648284305794,-3.552222316257281
16224,FORTUNA SILVER MINES INC,Ferroglobe Reports Sale Of Spanish Hydro Facilities With 1 Ferroalloys Plant To TPG Sixth Street For €170M,3,uncertain,0.5,0.1,,156,29,1.0,2019-06-03,12982.0,4.247109591960907,-0.3703700145706534,-9.259258994944409,-7.037038909759508,6.584355980157852,7.916659060060871,6.147535208640353
16232,INVESCO CURRENCYSHARES AUS DLR T,'China calls for full implementation of JCPOA' -Xinhua,3,uncertain,0.5,0.2,,148,34,1.0,2019-06-03,91292.0,0.5013651214540005,0.370767549611628,-0.2725221778397069,-1.6924846562795135,0.332470890134573,0.4195614987502649,0.1731891249346251
16240,GENPACT LTD,"GM Senior Vice President, Tony Cervone, Implies That Financing Is Moving Forward With  Workhorse Group, Calls Workhorse Group ""better positioned than most electric vehicle start-ups"" and ""ahead of its time""",3,uncertain,0.6,0.3,,162,34,1.0,2019-06-03,92261.0,-0.4702682606875895,0.778206717222929,2.2790430203710743,3.4903012292069713,0.277398875914514,1.0623456993567482,0.1940124485706462
16248,GREENBRIER COMPANIES INC,Greenbrier Announces Adrian Downes CFO,3,uncertain,0.5,0.2,,136,34,1.0,2019-06-03,80719.0,2.241825126111507,3.5585902631282806,4.493170616681641,-0.8986339420063438,-4.021168500185013,-5.586400431657679,-7.41749005756438
16256,GILEAD SCIENCES INC,"Gilead Sciences shares are trading higher after Kite, a Gilead company, announced positive data from the ZUMA-1 trial of Yescarta.",3,increase,0.85,0.7,,157,33,2.0,2019-06-03,77274.0,2.216869220137596,1.0843919590115547,3.9132509710247065,6.445122956025506,-1.720871776342392,-1.7673962199596605,-2.6887623000151573
16264,GILEAD SCIENCES INC,"Gilead's Kite Highlights New Yescarta Data From ZUMA-1, Showed 'High Rates of Durable Response and Overall Survival Regardless of Age at Two Years Post-Treatment'",3,increase,0.8,0.6,,163,29,2.0,2019-06-03,77274.0,2.216869220137596,1.0843919590115547,3.9132509710247065,6.445122956025506,-1.720871776342392,-1.7673962199596605,-2.6887623000151573
16272,BARRICK GOLD CORP,Barrick Says Reaffirmed Commitment To Working With Papua New Guinea's Govt On Porgera Gold Mine Continuing Past Expiry Of Special Mining Lease On Aug 16,3,increase,0.7,0.6,,158,29,2.0,2019-06-03,71298.0,5.3945254534482965,0.9167294017970562,2.75018834554539,8.097780369447815,5.343512445688248,6.0607445145693495,6.151087936039534
16280,ALPHABET INC,"Apple Announcements To Maps Feature, Plans To Roll Out In US By End Of This Year And Eventually To Other Countries",3,decrease,0.7,0.6,,145,34,0.0,2019-06-03,14542.0,-6.107121333479881,1.623198390007019,4.260639479285233,5.4302635429586354,-1.280911173671484,-1.1491639726736058,-2.691003687720628
16288,ALPHABET INC,International Roadcheck Week – Haul Freight Or Take A Vacation?,3,uncertain,0.4,0.2,,134,34,1.0,2019-06-03,14542.0,-6.107121333479881,1.623198390007019,4.260639479285233,5.4302635429586354,-1.280911173671484,-1.1491639726736058,-2.691003687720628
16296,ALPHABET INC,"All The Updates, Features Apple Showed Off At WWDC 2019: Dark Mode, MacOS Catalina And More",3,uncertain,0.5,0.1,,146,25,1.0,2019-06-03,90319.0,-6.123814731836319,1.516260113567114,4.237828615600292,5.309319530139933,-1.3295792043209076,-1.2000591622111534,-2.9011247053875366
16304,ALPHABET INC,'Google to Hold First Ever Stadia Connect Livestream' -Variety Earlier Reported,3,uncertain,0.6,0.3,,140,34,1.0,2019-06-03,90319.0,-6.123814731836319,1.516260113567114,4.237828615600292,5.309319530139933,-1.3295792043209076,-1.2000591622111534,-2.9011247053875366
16312,ALPHABET INC,Apple Highlighting Enhanced Privacy Features On iOS 13,3,decrease,0.75,0.6,,133,34,0.0,2019-06-03,90319.0,-6.123814731836319,1.516260113567114,4.237828615600292,5.309319530139933,-1.3295792043209076,-1.2000591622111534,-2.9011247053875366
16320,ALPHABET INC,'Big tech's time of reckoning: It looks like Trump is making good on his threat to take on Google and Amazon' -Business Insider,3,decrease,0.75,0.6,,151,34,0.0,2019-06-03,90319.0,-6.123814731836319,1.516260113567114,4.237828615600292,5.309319530139933,-1.3295792043209076,-1.2000591622111534,-2.9011247053875366
16328,GROUPON INC,Are We Heading Toward A Cashless Society? The CEO Of Raise Thinks So,3,uncertain,0.6,0.3,,137,34,1.0,2019-06-03,13108.0,-0.5665717180818319,6.837607175111771,3.4188068840142583,1.4245000352087531,0.8571420796215534,0.8571420796215534,-1.9444425911864571
16336,GULF RESOURCES INC,Gulf Resources Announces Temporary Suspension Of Trial Production At Its Well In Sichuan Province In Order To Comply With New Environmental Regulations Being Implemented In China,3,decrease,0.8,0.6,,156,34,0.0,2019-06-03,78091.0,-4.275093227624893,2.912618592381478,-1.44659915513492,-2.184458336949835,-0.802066270262003,-0.3703765793552471,2.4761928277202694
16344,HEICO CORP NEW,"HEICO Reports Purchase Of 75% Stake In Research Electronics Int'l. In All-Cash Deal, No Terms Disclosed",3,increase,0.7,0.6,,149,33,2.0,2019-06-03,32678.0,0.7401937153190374,2.1960996091365814,4.498328069003654,3.0859651116384335,1.595919206738472,3.798870645805797,15.954602390622185
16352,HEICO CORP NEW,"HEICO Reports Purchase Of 75% Stake In Research Electronics Int'l. In All-Cash Deal, No Terms Disclosed",3,increase,0.7,0.6,,149,33,2.0,2019-06-03,32678.0,0.7401937153190374,2.1960996091365814,4.498328069003654,3.0859651116384335,1.595919206738472,3.798870645805797,15.954602390622185
16360,HERITAGE COMMERCE CORP,"A Look At Benzinga Pro's Most-Searched Tickers For June 3, 2019",3,uncertain,0.5,0.2,,150,29,1.0,2019-06-03,86302.0,0.5037818569689989,2.422723174095154,1.6708421838310006,0.9189611402998344,-0.7500012870877981,-2.055921130874949,-1.975306873287597
16368,HERITAGE COMMERCE CORP,"Benzinga Pro's Top 10 Most-Searched Tickers For Morning of Mon., June 3, 2019",3,uncertain,0.5,0.2,,155,34,1.0,2019-06-03,86302.0,0.5037818569689989,2.422723174095154,1.6708421838310006,0.9189611402998344,-0.7500012870877981,-2.055921130874949,-1.975306873287597
16376,HUMANA INC,Humana shares are trading higher after the company announced it would not propose to merge with Centene.,3,increase,0.75,0.6,,139,33,2.0,2019-06-03,48653.0,2.229848317801952,1.002714317291975,-0.2596713433651976,1.7777233628225364,-1.2103606946766376,-2.4617562262560733,-2.852609547534246
16384,ISHARES TRUST,'Supreme Court rejects Obama-era rule change on Medicare reimbursements' -The Hill,3,uncertain,0.5,0.2,,139,34,1.0,2019-06-03,88893.0,1.080210227519274,1.929551362991333,2.127450514958662,5.0659913975604765,-1.7781684175133703,-1.7395545287362757,-2.8377047910060793
16392,INTERCONTINENTALEXCHANGE GRP INC,Intercontinental Exchange Names John Tuttle Vice Chair; Michael Blaugrund COO Of NYSE Group,3,uncertain,0.6,0.2,,150,34,1.0,2019-06-03,90993.0,0.3770801238715649,1.5632586553692818,4.314112238361689,2.173147132274611,-0.4842047113925218,0.1949981960646551,0.1705853341079866
16400,INFINERA CORP,JP Morgan Downgrades Infinera to Underweight,3,decrease,0.85,0.7,,135,34,0.0,2019-06-03,92095.0,-0.9646293707191944,3.246758133172989,-0.6493498312603152,3.896108333787196,-3.4161530435085297,-4.307695437457692,-0.9554204105273856
16408,INTUIT INC,Intuit Option Alert: Jul 19 $240 Puts at the Bid: 1434 @ $6.401 vs 2572 OI; Ref=$247.72,3,decrease,0.75,0.6,,156,34,0.0,2019-06-03,78975.0,-2.769041620194912,3.793001547455788,9.429991840506968,7.002141499145509,-1.3019976206123829,-1.910900222306844,-4.243250313195935
16416,IRONWOOD PHARMACEUTICALS INC,"Ironwood Pharma, Allergan Report Initiation Of Patient Dosing In Phase II Trial Of MD-7246 In Patients With Abdominal Pain Associated With IBS-D",3,increase,0.75,0.6,,166,29,2.0,2019-06-03,93264.0,4.483071714639664,-1.1383547447621822,-2.1891418015773434,-6.830120268918394,-0.4553664941340685,1.579926296394074,0.830259691406221
16424,HUNT J B TRANSPORT SERVICES INC,Digital Brokerage Apps Should Think Like Social Media Networks,3,uncertain,0.5,0.2,,139,34,1.0,2019-06-03,42877.0,0.1761822029948235,3.751901537179947,3.9277739384989903,5.60440691808286,-0.4210533574223518,0.3536103910326771,-0.7229509635528597
16432,JOHN BEAN TECHNOLOGIES CORP,JBT Corp. Reports Purchase Of Prime Equipment Group For $65M,3,increase,0.75,0.6,,144,33,2.0,2019-06-03,92729.0,0.3315420122817159,4.626302048563957,9.748273905952852,10.564683572528356,-1.280317921191454,-0.5334582365536633,-1.0421636940678547
16440,J D COM INC,JD To Invest In Second-Hand Goods Recycling Platform Aihuishou,3,increase,0.7,0.6,,135,33,2.0,2019-06-03,14655.0,0.0,4.037263244390488,5.822981497174595,6.094719472791299,-2.239089645445347,-0.961168687495173,-1.9413787068055075
16448,J D COM INC,JD.com Entered Definitive Agreements To Invest In Online Second-hand Consumer Electronics Trading Platform Aihuishou; Will Merge Its Paipai Secondhand Business Into Aihuishou With Certain Exclusive Traffic Resources for Next 5 Yrs; Will Additionally Invest  ~$20M in Cash in Exchange for Non-controlling Interest In Aihuishou -,3,increase,0.75,0.6,,191,33,2.0,2019-06-03,14655.0,0.0,4.037263244390488,5.822981497174595,6.094719472791299,-2.239089645445347,-0.961168687495173,-1.9413787068055075
16456,JOHNSON & JOHNSON,Johnson & Johnson's Janssen Pharmaceutical Highlights Presentation Of Imbruvica Long-Term Data From Two Pivotal Phase 3 Studies At ASCO And EHA Demonstrating Sustained Efficacy And Safety In Patients With Chronic Lymphocytic Leukemia,3,increase,0.75,0.6,,175,29,2.0,2019-06-03,22111.0,0.2211273880675435,1.7422346398234367,5.766891026795884,6.086427093057356,-0.7266722619533539,-0.1370653809690036,-4.318970587472048
16464,KINDER MORGAN INC,Kinder Morgan Says Pipeline And Terminalling Activities Have Resumed Normal Operations At Its Carson Facility After Fire,3,increase,0.75,0.6,,143,33,2.0,2019-06-03,12558.0,0.952374003827572,0.9930524975061416,3.674279163935057,1.8867978771249572,-0.5483484826982021,0.2009086912125646,0.3521207709356266
16472,KINDER MORGAN INC,"Notable Insider Buys This Past Week: Coty, Zillow and More",3,uncertain,0.5,0.2,,139,34,1.0,2019-06-03,12558.0,0.952374003827572,0.9930524975061416,3.674279163935057,1.8867978771249572,-0.5483484826982021,0.2009086912125646,0.3521207709356266
16480,KRANESHARES TRUST,Pete Najarian Sees Unusual Options Activity In KWEB,3,uncertain,0.6,0.3,,136,34,1.0,2019-06-03,14098.0,-0.4465400706976652,1.719408482313156,4.65985294192659,3.5135808730737184,-1.0797512717545033,-1.006875864444079,-1.2493834835675122
16488,LEIDOS HOLDINGS INC,"Morgan Stanley Initiates Coverage On Leidos Holdings with Equal-Weight Rating, Announces $75 Price Target",3,uncertain,0.6,0.3,,144,30,1.0,2019-06-03,91547.0,0.7832156494259834,2.7397284284234047,4.280821909356214,3.4896049893426095,0.668181199580431,0.7085544927895926,0.466789093254838
16496,CENTRUS ENERGY CORP,"Centrus Energy Shares Resume Trade, Up 38%",3,increase,0.85,0.4,,137,33,2.0,2019-06-03,86233.0,13.37748467922211,3.095792792737484,-6.834111201667747,-8.29438981456062,7.092200219631195,-0.9836059479904292,-4.126987775960956
16504,CENTRUS ENERGY CORP,Centrus Energy shares are trading higher after the company was awarded a $115 million Department of Energy contract for the demonstration of high assay low enrich uranium production.,3,increase,0.85,0.7,,157,29,2.0,2019-06-03,86233.0,13.37748467922211,3.095792792737484,-6.834111201667747,-8.29438981456062,7.092200219631195,-0.9836059479904292,-4.126987775960956
16512,CENTRUS ENERGY CORP,Centrus Energy Corp Shares Halted On Circuit Breaker,3,uncertain,0.6,0.5,,138,34,1.0,2019-06-03,86233.0,13.37748467922211,3.095792792737484,-6.834111201667747,-8.29438981456062,7.092200219631195,-0.9836059479904292,-4.126987775960956
16520,CENTRUS ENERGY CORP,Centrus Energy Subsidiary American Centrifuge Has Been Awarded A $115M Department Of Energy Contract For The Demonstration Of High Assay Low Enriched Uranium (HALEU) Production,3,increase,0.8,0.6,,168,33,2.0,2019-06-03,86233.0,13.37748467922211,3.095792792737484,-6.834111201667747,-8.29438981456062,7.092200219631195,-0.9836059479904292,-4.126987775960956
16528,LILLY ELI & CO,"Atomwise Announces Multi-Year, Multi-Target Agreement With Lilly For AI-Driven Drug Discovery Program",3,increase,0.8,0.6,,147,29,2.0,2019-06-03,50876.0,0.7158825173974037,0.6765444297343493,-2.4321283495446933,-2.8860110279021023,0.0345133012160658,0.3896481001556262,0.1554943932886354
16536,COMSTOCK INC,Comstock Mining Receives Notice From NYSE Indicating Co. Is In Compliance With Listing Standards,3,increase,0.75,0.6,,141,33,2.0,2019-06-03,12840.0,2.150533907115459,-6.157897040247917,-3.2105257836007928,-4.4210490552534125,3.505844250321388,6.9604846978476465,6.346488987148247
16544,LIGHTPATH TECHNOLOGIES INC,"LightPath Technologies Reports Pres, CEO Jim Gaynor To Retire",3,uncertain,0.6,0.3,,139,34,1.0,2019-06-03,83149.0,1.636344008147717,-1.8999993801116943,-7.999998150119547,-8.079999785139746,-3.0640369281172752,-3.5392127831086806,-5.40332353766122
16552,LOUISIANA PACIFIC CORP,"Louisiana-Pacific Acquires Prefinished Staining Product Incorporated, Terms Not Disclosed",3,uncertain,0.6,0.3,,146,34,1.0,2019-06-03,56223.0,1.2708190828561778,2.5097357109189034,3.9809609232086096,10.42838513296951,0.2636180259287357,-0.653024021516524,0.4401425418772087
16560,M E I PHARMA INC,"MEI Pharma Highlights Updated Data From ME-401 Monotherapy, In Combo With Rituximab Phase 1b Study In Patients With Follicular Lymphoma At ASCO",3,increase,0.75,0.6,,165,33,2.0,2019-06-03,89935.0,-0.3496500197798014,-2.1052611991763115,-11.578945038123,-12.982452452101356,-3.0508525669574738,-4.34782985329244,-4.34782985329244
16568,MESA LABORATORIES INC,Mesa Laboratories Q4 Adj. EPS $1.75,3,increase,0.7,0.6,,139,33,2.0,2019-06-03,53074.0,-25.724926590919488,6.233485043048859,9.754649178871963,15.535183713150902,-0.128002930432558,-0.6640716656659107,-1.9428570698999836
16576,MESA LABORATORIES INC,"Mesa Laboratories Q4 EPS $0.34 Down From $1.08 YoY, Sales $26.446M Miss $28.65M Estimate",3,decrease,0.85,0.7,,159,34,0.0,2019-06-03,53074.0,-25.724926590919488,6.233485043048859,9.754649178871963,15.535183713150902,-0.128002930432558,-0.6640716656659107,-1.9428570698999836
16584,ALTRIA GROUP INC,"Altria Buys 80% Stake In Non-Tobacco Oral Nicotine Pouch Company, on!",3,increase,0.75,0.6,,145,33,2.0,2019-06-03,13901.0,2.119847200810909,0.638721976429224,2.215570071685824,3.1028632093139885,-2.290375903248787,-2.251439117801346,-1.6242181267924094
16592,ALTRIA GROUP INC,Altria Acquires 80% Ownership of Certain Burger Group Companies for $372M,3,uncertain,0.6,0.3,,141,34,1.0,2019-06-03,13901.0,2.119847200810909,0.638721976429224,2.215570071685824,3.1028632093139885,-2.290375903248787,-2.251439117801346,-1.6242181267924094
16600,ALTRIA GROUP INC,Altria To Acquire 80% Interest In Certain Companies Of Burger Söhne Holding For $372M,3,uncertain,0.6,0.3,,145,34,1.0,2019-06-03,13901.0,2.119847200810909,0.638721976429224,2.215570071685824,3.1028632093139885,-2.290375903248787,-2.251439117801346,-1.6242181267924094
16608,MOLINA HEALTHCARE INC,"Molina Healthcare Has More Than 40% Upside Potential, BMO Says In Upgrade",3,increase,0.85,0.4,,142,33,2.0,2019-06-03,89781.0,2.017440274357796,5.1195427775383,5.112656154159589,1.00598869462043,5.557609349489212,8.496034102908867,7.772723200105203
16616,MOLINA HEALTHCARE INC,"BMO Capital Upgrades Molina Healthcare to Outperform, Raises Price Target to $200",3,increase,0.85,0.7,,141,33,2.0,2019-06-03,89781.0,2.017440274357796,5.1195427775383,5.112656154159589,1.00598869462043,5.557609349489212,8.496034102908867,7.772723200105203
16624,MERCK & CO INC NEW,Merck Reports LYNPARZA Phase 3 SOLO3 Trial Showed 72% Objective Response Rate in Patients with Platinum-Sensitive Relapsed Germline BRCA-mutated Advanced Ovarian Cancer Compared to 51% of Patients Receiving Chemotherapy,3,increase,0.85,0.7,,176,29,2.0,2019-06-03,22752.0,1.325594075024128,1.0216791182756424,2.766011920749434,4.477268705291593,-0.5898609757423401,-0.1890140232449155,-1.3082519562523045
16632,MERCK & CO INC NEW,FDA Grants Approval Of Zerbaxa To Merck & Co Inc,3,increase,0.8,0.6,,139,33,2.0,2019-06-03,22752.0,1.325594075024128,1.0216791182756424,2.766011920749434,4.477268705291593,-0.5898609757423401,-0.1890140232449155,-1.3082519562523045
16640,MERCK & CO INC NEW,Merck Sat. Highlighted 5-Year Survival Data From KEYTRUDA In NSCLC As First Keynote Trial At ASCO,3,increase,0.8,0.6,,152,33,2.0,2019-06-03,22752.0,1.325594075024128,1.0216791182756424,2.766011920749434,4.477268705291593,-0.5898609757423401,-0.1890140232449155,-1.3082519562523045
16648,MICRON TECHNOLOGY INC,"Nomura Maintains Neutral on Micron Technology, Lowers Price Target to $32",3,decrease,0.75,0.6,,141,34,0.0,2019-06-03,53613.0,0.2453174442052841,5.5062804371118546,6.882838960910398,-0.7953451994973104,-2.1308496594429016,-2.042656362117212,-1.0018156022123192
16656,MYRIAD GENETICS INC,Myriad Genetics Announces New Results from Two Large Studies of Its myRisk Hereditary Cancer Test at American Society of Clinical Oncology,3,increase,0.75,0.6,,153,33,2.0,2019-06-03,82508.0,-2.624140493571758,3.2338257879018784,0.0829126882721853,2.653396454521628,1.808469183743,5.180472521338064,5.62899647456383
16664,NOVABAY PHARMACEUTICALS INC,NovaBay Pharmaceuticals shares are trading lower in a potential sell-off after the stock spiked over 30% in Friday's trading session. Not seeing any company-specific news to justify the price action.,3,decrease,0.75,0.6,,172,34,0.0,2019-06-03,92345.0,-28.25581729412079,0.761432433500886,904.8621999135056,467.2609298815517,42.85714626312256,26.470589034196657,38.70967887309655
16672,ANNALY CAPITAL MANAGEMENT INC,Annaly Capital Reports $1.5B Buyback,3,increase,0.8,0.6,,137,33,2.0,2019-06-03,85414.0,2.724174410104752,1.4364653266966343,-0.994476809993794,0.773477242757159,-1.3437836430966854,-1.5642390113686289,-2.328159917357175
16680,NANOVIRICIDES INC,NanoViricides Announces 'Favorable' FDA Comments on Its Pre-IND Application for the Lead Drug Candidate,3,increase,0.8,0.6,,147,33,2.0,2019-06-03,14133.0,-9.090910851955414,0.8000016212463379,-4.040002820004851,-4.600000219116707,3.812762349843979,10.00000253047828,10.00000253047828
16688,NOKIA CORP,"Nokia Confirms 42 Commercial 5G Deals Across The Globe; Co.'s 5G Deals, Trials And Demos Total Over 100 5G Customer Engagements To Date.",3,increase,0.8,0.6,,161,29,2.0,2019-06-03,87128.0,-1.188127044588327,0.801612064242363,-0.2003958074610734,-0.4008013069058402,-0.7858538068830967,0.1984172462097477,0.7984023786047567
16696,O S I SYSTEMS INC,OSI Systems Wins Up To $5M Service Contract For Checkpoint Inspection Systems,3,increase,0.75,0.6,,141,29,2.0,2019-06-03,85488.0,-0.0386072846595197,2.501203492283821,8.865282501870976,8.816993743021428,0.1450057025067508,0.2225190925699172,0.8960730327280508
16704,O S I SYSTEMS INC,OSI Systems Wins Service Contract Valued At Up To $5M For Checkpoint Inspection Systems,3,increase,0.75,0.6,,144,29,2.0,2019-06-03,85488.0,-0.0386072846595197,2.501203492283821,8.865282501870976,8.816993743021428,0.1450057025067508,0.2225190925699172,0.8960730327280508
16712,O S I SYSTEMS INC,"OSI Systems Wins Service Contract For Checkpoint Inspection Systems, Valued At Up To $5M",3,increase,0.75,0.6,,145,29,2.0,2019-06-03,85488.0,-0.0386072846595197,2.501203492283821,8.865282501870976,8.816993743021428,0.1450057025067508,0.2225190925699172,0.8960730327280508
16720,OSHKOSH CORP,Osisko Mining Earlier Reported New Results From Ongoing Exploration Program At 100%-Owned Windfall Lake Gold Project,3,uncertain,0.3,0.2,,147,29,1.0,2019-06-03,90756.0,1.10970763489604,3.959430754184723,9.891629228364195,10.350092427112736,-5.244236439466476,-5.219009477805569,-5.6211026307443674
16728,PFIZER INC,"SIGA Announces TPOXX Promotion Agreement With Meridian Medical Technologies, Inc. (A Pfizer Company) For International Markets",3,increase,0.7,0.5,,143,33,2.0,2019-06-03,21936.0,0.9633855894207954,0.7395071443170309,2.743324391832025,2.2900832860079268,-0.9069237858057022,-0.4793882404215521,-0.9069237950098508
16736,P P L CORP,"Mizuho Initiates Coverage On PPL with Neutral Rating, Announces $30 Price Target",3,uncertain,0.6,0.2,,142,34,1.0,2019-06-03,22517.0,1.411290559917688,1.259109191596508,3.042120215961952,3.881498975265929,-0.4349252674728632,-0.3015080366534084,-2.6814901188120355
16744,P V H CORP,"UPDATE: UBS Reiterates Buy On PVH, Lowers Target To $144 As Firm Believes 'when macro concerns recede, we anticipate a strong P/E pop'; Firms 'DCF suggests PVH is worth 12.5x FY20E EPS and we see 69% PT upside potential'",3,increase,0.8,0.6,,186,33,2.0,2019-06-03,13936.0,2.9698306694626813,3.7961717694997783,2.336976148476322,0.6839929903719622,0.8285058662295341,-14.166244883748602,-19.55618434249784
16752,P V H CORP,"UBS Earlier Reiterated Buy on PVH, Lowered Price Target to $144",3,uncertain,0.6,0.2,,142,34,1.0,2019-06-03,13936.0,2.9698306694626813,3.7961717694997783,2.336976148476322,0.6839929903719622,0.8285058662295341,-14.166244883748602,-19.55618434249784
16760,RESEARCH FRONTIERS INC,"Research Frontiers Reports Second Gauzy Production Facility In Stuttgart, Germany Is On Scheduled To Produce SPD-Smart Light Control Film For Entire SPD-SmartGlass Industry This Summer, Added $4.6M Equity Investment Made By Research Frontiers",3,increase,0.75,0.6,,173,33,2.0,2019-06-03,10463.0,-10.9215073287487,13.026826083660126,16.47509865707275,15.708816022100924,5.017925053834915,2.80702342549648,-0.6779654047449846
16768,REXFORD INDUSTRIAL REALTY INC,Rexford Industrial Acquires 2 Properties for $34.5M,3,increase,0.7,0.6,,145,33,2.0,2019-06-03,14037.0,0.74074761942029,-0.0262661138549447,2.993695797627227,5.751046555250516,0.4517623223364353,1.367654365385662,0.6925900682354769
16776,SEAGEN INC,"Seattle Genetics Reports Added Analyses Of ECHELON-1, ECHELON-2 Phase 3 Trials Of ADCETRIS At ASCO",3,increase,0.75,0.6,,149,33,2.0,2019-06-03,88949.0,4.287691786885262,2.269379422068596,0.1620992655519515,5.526082957383327,-3.7710778415203094,-3.3278826773755044,-4.854510307773808
16784,SEAGEN INC,Seattle Genetics Gives an Update on its Phase 2 Trial EV-201,3,uncertain,0.6,0.3,,134,34,1.0,2019-06-03,88949.0,4.287691786885262,2.269379422068596,0.1620992655519515,5.526082957383327,-3.7710778415203094,-3.3278826773755044,-4.854510307773808
16792,SIENTRA INC,Sientra shares are trading lower after the company reported a $75 million follow-on common stock offering.,3,decrease,0.85,0.7,,142,34,0.0,2019-06-03,15016.0,-6.7010365426540375,12.89135068655014,15.2854597815006,23.57274933681399,-5.977381020784378,-6.730763142766216,-10.736193613163348
16800,SIENTRA INC,Sientra Reports $75M Follow-On Offering Of Common Stock,3,decrease,0.75,0.6,,135,34,0.0,2019-06-03,15016.0,-6.7010365426540375,12.89135068655014,15.2854597815006,23.57274933681399,-5.977381020784378,-6.730763142766216,-10.736193613163348
16808,S L M CORP,Wedbush: Buy SLM On Continued Weakness,3,increase,0.75,0.6,,135,33,2.0,2019-06-03,66325.0,0.4206094890832901,4.188477620482445,1.7715825517825357,-2.1144314044098556,-2.959183230996132,-3.255337723431939,-2.7607312299717135
16816,S M ENERGY CO,SM Energy Announces Herbert Vogel COO,3,uncertain,0.5,0.2,,128,25,1.0,2019-06-03,78170.0,0.945826806128025,3.6626942455768585,-1.0221458009774254,-6.643950351129824,-4.515600949525833,-9.211555805902938,-7.256777402591985
16824,SIMON PROPERTY GROUP INC NEW,"JP Morgan Maintains Overweight on Simon Property Group, Lowers Price Target to $193",3,uncertain,0.6,0.3,,144,34,1.0,2019-06-03,80100.0,-0.2591141732409596,0.2721608616411686,-0.1731916239787301,3.0123058855797913,-0.5887805484235287,-1.1405283590708026,-3.569516384869542
16832,STRATEGIC EDUCATION INC,"BMO Capital Maintains Outperform on Strategic Education, Raises Price Target to $194",3,increase,0.8,0.6,,143,29,2.0,2019-06-03,83799.0,1.4034895226359372,1.613801158964634,0.5099118828185256,1.0590606674867995,-1.295567862689495,-0.3848942115447729,-1.4061592995032068
16840,SUN COMMUNITIES INC,"BMO Capital Maintains Outperform on Sun Communities, Raises Price Target to $132",3,increase,0.8,0.6,,141,29,2.0,2019-06-03,80102.0,0.7761173415929079,-0.872299075126648,1.375245573458339,1.8388969407638232,2.209807187318802,3.077548357022164,0.429486471746654
16848,TUANCHE LTD,TuanChe to Acquire Longye for RMB 200M in Cash and Stock,3,increase,0.7,0.6,,138,24,2.0,2019-06-03,18261.0,-10.33707484602928,-4.761906340718269,-19.298244853206736,-46.61653788639528,5.387802794575691,4.9528314102785576,-16.03774300415626
16856,TEVA PHARMACEUTICAL INDS LTD,Teva Pharmaceutical shares are trading higher after Oppenheimer upgraded the company's stock from Perform to Outperform. The upgrade comes amid ongoing concerns over the company's recently-settled opioid lawsuit in Oklahoma.,3,increase,0.75,0.6,,172,29,2.0,2019-06-03,75652.0,2.890173532068729,7.078653573989868,4.3820268709812815,-7.865166473018192,-2.1493272855877876,-10.82474477073374,-9.138664092362635
16864,TEVA PHARMACEUTICAL INDS LTD,"Oppenheimer Upgrades Teva Pharmaceutical Indus to Outperform, Announces $12 Price Target",3,increase,0.75,0.6,,153,29,2.0,2019-06-03,75652.0,2.890173532068729,7.078653573989868,4.3820268709812815,-7.865166473018192,-2.1493272855877876,-10.82474477073374,-9.138664092362635
16872,ISHARES TRUST,Treasury Yields Drop To New Lows As Trade War Takes Bite Out Of Global Economy,3,increase,0.75,0.6,,140,33,2.0,2019-06-03,89468.0,0.6671725772321224,-1.14014632999897,-1.4648161613184385,-0.5662942438529606,1.251923944801092,2.1225545422903114,2.3604385398104943
16880,TOYOTA MOTOR CORP,Toyota May Sales Up 3.2% vs Down 4.8% Est.; 222.17K vs 205K Est.,3,increase,0.8,0.6,,154,33,2.0,2019-06-03,76655.0,0.4677627235651016,1.1936034075915811,4.537374665456029,5.113011953108693,-1.812107115983963,-1.6478471563436292,-1.524287917240863
16888,T MOBILE U S INC,"Letter From 2 Democratic Senators Asked Dept. Of Justice If Pres Trump Has Sought To Influence Sprint, T-Mobile Merger Review",3,uncertain,0.6,0.3,,150,34,1.0,2019-06-03,91937.0,1.034850906580687,2.0080937072634697,3.328842744844751,1.4420481436041577,-3.4065451472997665,-3.5334228307969395,-3.2538545645315553
16896,TARGA RESOURCES CORP,"SunTrust Robinson Humphrey Upgrades Targa Resources to Buy, Announces $48 Price Target",3,increase,0.85,0.7,,146,33,2.0,2019-06-03,12476.0,2.548100799322128,3.3722158521413803,-2.459425385824676,-6.871194366854949,-1.4856603927910328,-1.6619829068492464,-2.361006130854204
16904,TRONOX HOLDINGS PLC,Tronox Announces $100M Buyback,3,increase,0.75,0.6,,135,33,2.0,2019-06-03,13452.0,8.737857639789581,7.539685070514679,9.02777652320037,7.936509872317332,-4.136500507593155,-17.74622807130126,-16.786353830794386
16912,TRUECAR INC,"TrueCar Reports CEO Chip Perry To Retire; Michael Darrow Named Interim Pres, CEO",3,uncertain,0.6,0.3,,138,34,1.0,2019-06-03,14677.0,-18.71165335178375,0.1886745565570891,1.8867906428354784,0.7547162110272732,2.194355241954326,1.7160707868840277,1.557630909287422
16920,ULTA BEAUTY INC,"Deutsche Bank Maintains Hold on Ulta Beauty, Raises Price Target to $315",3,uncertain,0.6,0.2,,141,30,1.0,2019-06-03,92322.0,-0.8338828571140766,1.49122579023242,1.9509926389446264,5.925588637203827,1.497903373092413,3.5116580945180775,-0.4390030878791529
16928,UNITED RENTALS INC,United Rentals Reaffirms FY19 Financial Guidance; Lowers Targeted LEverage Ratio From 2.5x-3.5x To 2.0x-3.0x,3,increase,0.75,0.6,,161,33,2.0,2019-06-03,85663.0,3.405994549393654,6.578829884529114,8.555114567756972,6.578829989147961,-4.418789595365524,-4.946907644007559,-4.260870768330305
16936,UNITED RENTALS INC,United Rentals Lowers its Targeted Leverage Ratio and Reaffirms 2019 Guidance,3,increase,0.75,0.6,,140,33,2.0,2019-06-03,85663.0,3.405994549393654,6.578829884529114,8.555114567756972,6.578829989147961,-4.418789595365524,-4.946907644007559,-4.260870768330305
16944,U S PHYSICAL THERAPY INC,"Russian Deputy Energy Minister Sorokin, After A Meeting On Contaminated Oil, Says A Protocol Has Been Signed",3,uncertain,0.3,0.1,,154,29,1.0,2019-06-03,77629.0,3.4285221248865128,1.1857389472424984,2.752293856030441,1.9040998062495929,-1.377238146960735,-0.6757376652803737,-2.46223671800807
16952,MARRIOTT VACATIONS WORLDWIDE COR,"JP Morgan Initiates Coverage On Marriott Vacations with Neutral Rating, Announces $98 Price Target",3,uncertain,0.6,0.2,,152,34,1.0,2019-06-03,13085.0,-1.379307918250561,5.741028860211372,10.51206783861971,9.71124820931244,-2.431080862879753,-2.431080862879753,-2.810809197985409
16960,VASCULAR BIOGENICS LTD NEW,"VBL Therapeutics Reports Radiographic Analysis of VB-111 Phase 2, 3 Clinical Trials in Recurrent Glioblastoma Shows Survival Benefit Associated with Objective Responses and Distinct Signature of VB-111 Activity",3,increase,0.75,0.6,,172,33,2.0,2019-06-03,15020.0,-8.02919790148735,-4.761900380253792,-3.174600314484921,-3.1746002738644363,3.787875175476074,5.3846197409035845,7.03125285400199
16968,VASCULAR BIOGENICS LTD NEW,VBL Therapeutics Reports Final Phase 1/2 Results Presented At ASCO Showed VB-111 Dose Dependent Increase in Overall Survival and 58% CA-125 Response Rate in Platinum-Resistant Ovarian Cancer,3,increase,0.8,0.6,,176,33,2.0,2019-06-03,15020.0,-8.02919790148735,-4.761900380253792,-3.174600314484921,-3.1746002738644363,3.787875175476074,5.3846197409035845,7.03125285400199
16976,VERACYTE INC,Veracyte Sat. Announced New Data Showing Potential of Afirma Genomic Test to Guide Targeted Treatment for Medullary Thyroid Cancer Concurrent with Diagnosis,3,increase,0.75,0.6,,154,33,2.0,2019-06-03,14263.0,-2.471312694251537,6.108598783612251,19.00451950385944,29.230764669575393,-9.468640387058258,-6.479569336781155,-6.363639635447305
16984,VANGUARD SECTOR INDEX FUNDS,Vislink Technologies Shares Halted On Circuit Breaker,3,uncertain,0.6,0.3,,142,29,1.0,2019-06-03,90348.0,0.6359540391713381,2.601226046681404,4.658679085391371,3.754868558926794,-1.4214878901839256,-1.06086995937813,-1.4071215418188343
16992,VENTAS INC,Ventas shares are trading lower after the company announced a common stock offering of 11 million shares.,3,decrease,0.85,0.7,,140,34,0.0,2019-06-03,75819.0,-0.2332838485017419,-3.039751760661602,0.1558822767837364,6.936861935685101,0.2182035241276025,0.0934078334707821,-0.6182286223531452
17000,VENTAS INC,Ventas Reports 11M Share Common Stock Offering,3,decrease,0.75,0.6,,131,34,0.0,2019-06-03,75819.0,-0.2332838485017419,-3.039751760661602,0.1558822767837364,6.936861935685101,0.2182035241276025,0.0934078334707821,-0.6182286223531452
17008,VENTAS INC,Ventas To Acquire High Quality Canadian Seniors Housing Portfolio In Partnership With Le Groupe Maurice; Portfolio Valued At $1.8B,3,increase,0.75,0.6,,147,33,2.0,2019-06-03,75819.0,-0.2332838485017419,-3.039751760661602,0.1558822767837364,6.936861935685101,0.2182035241276025,0.0934078334707821,-0.6182286223531452
17016,WALGREENS BOOTS ALLIANCE INC,"Bank of America Maintains Underperform on Walgreens Boots Alliance, Lowers Price Target to $51",3,decrease,0.8,0.6,,151,34,0.0,2019-06-03,19502.0,1.155248656868935,3.185734525322914,4.76858548296164,5.810461779431253,-2.3936677724123,-3.5008817117858304,-4.546330968064405
17024,WASTE CONNECTIONS INC NEW,"Waste Connections' Guidance Looks Increasingly 'Realistic,' Analyst Says In Downgrade",3,decrease,0.75,0.6,,143,34,0.0,2019-06-03,92949.0,-0.4754828289151191,-2.887781150639057,-0.5839292625378301,-0.0212381009917383,0.9924237616360188,1.7743860008786028,0.9924237667136016
17032,W E X INC,"Bank of America Initiates Coverage On WEX with Buy Rating, Announces $220 Price Target",3,increase,0.85,0.7,,140,33,2.0,2019-06-03,90569.0,-1.5772180631756778,2.7317630127072334,7.109047994276141,9.018062285375672,-1.7676999792456627,-1.731940468087878,-3.5872831980444553
17040,WASTE MANAGEMENT INC DEL,KeyBanc Has 'Greater Confidence' In Waste Management's Leadership Team,3,increase,0.8,0.6,,138,33,2.0,2019-06-03,11955.0,1.847283355891705,0.0718274211976677,2.6610622358081093,2.796357487275958,0.8670738898217678,1.9675500772548429,1.0908758350514525
17048,WASTE MANAGEMENT INC DEL,"Stifel Nicolaus Maintains Buy on Waste Management, Raises Price Target to $120",3,increase,0.85,0.7,,141,33,2.0,2019-06-03,11955.0,1.847283355891705,0.0718274211976677,2.6610622358081093,2.796357487275958,0.8670738898217678,1.9675500772548429,1.0908758350514525
17056,WASTE MANAGEMENT INC DEL,"KeyBanc Maintains Overweight on Waste Management, Raises Price Target to $120",3,increase,0.85,0.7,,141,33,2.0,2019-06-03,11955.0,1.847283355891705,0.0718274211976677,2.6610622358081093,2.796357487275958,0.8670738898217678,1.9675500772548429,1.0908758350514525
17064,WASTE MANAGEMENT INC DEL,"RBC Capital Upgrades Waste Management to Outperform, Raises Price Target to $125",3,increase,0.85,0.7,,141,29,2.0,2019-06-03,11955.0,1.847283355891705,0.0718274211976677,2.6610622358081093,2.796357487275958,0.8670738898217678,1.9675500772548429,1.0908758350514525
17072,WESTERN COPPER & GOLD CORP,Western Copper And Gold Earlier Reported Commencement Of ~10K Meter Drill Program At Casino Copper-Gold Project,3,increase,0.75,0.6,,152,29,2.0,2019-06-03,12569.0,0.9103480726480484,-1.9415521994233131,11.590514822933873,13.394785809503816,-0.9215696714818478,-1.86444807103604,-0.921569680212353
17080,WYNN RESORTS LTD,Shares of several casino companies are trading lower on concerns over the ongoing US-China trade war and how it will impact the industry.,3,decrease,0.75,0.6,,150,34,0.0,2019-06-03,89533.0,-3.503216430544853,8.979437500238419,12.648449069340996,11.692575907314406,-3.679438680410385,-6.171866175395735,-5.9416342779302305
17088,XENCOR INC,Xencor Doses First Patient In Phase 1 Study Of XmAb22841 For The Treatment Of Patients With Advanced Solid Tumors,3,increase,0.7,0.6,,149,33,2.0,2019-06-03,14359.0,1.6536971554160125,1.0526313446462154,-1.1164285970903909,3.8277475269966166,-2.804914675652981,-2.866141330214056,-4.372092621809931
17096,A B M INDUSTRIES INC,"ABM Initiates Energy Performance Contracting Program In Warren County, Pennsylvania; Terms Not Disclosed",3,increase,0.7,0.5,,145,29,2.0,2019-06-18,47730.0,-0.2999973250553012,0.3009000327438116,-2.231693517946709,-1.0004793660201017e-07,0.6036259699612856,0.4772635391492974,0.4268093275700657
17104,ADOBE INC,Adobe Shares Trade Higher After Record Q2 Sales,3,increase,0.85,0.7,,131,33,2.0,2019-06-18,75510.0,0.4281540866941213,5.213524401187897,4.042923016399236,8.891544205349566,0.4812627099454403,-0.2533412054887218,-0.4479086357739303
17112,ADOBE INC,Adobe shares are trading higher after the company reported better-than-expected Q2 EPS and sales results.,3,increase,0.85,0.7,,141,33,2.0,2019-06-18,75510.0,0.4281540866941213,5.213524401187897,4.042923016399236,8.891544205349566,0.4812627099454403,-0.2533412054887218,-0.4479086357739303
17120,ADOBE INC,"Adobe Sees Q3 Adj. EPS ~$1.95 vs $2.05 Est., Sales ~$2.80B vs $2.83B Est.",3,decrease,0.75,0.6,,154,34,0.0,2019-06-18,75510.0,0.4281540866941213,5.213524401187897,4.042923016399236,8.891544205349566,0.4812627099454403,-0.2533412054887218,-0.4479086357739303
17128,ADOBE INC,"Adobe Q2 Adj. EPS $1.83 Beats $1.78 Estimate, Sales $2.74B Beat $2.7B Estimate",3,increase,0.85,0.7,,152,33,2.0,2019-06-18,75510.0,0.4281540866941213,5.213524401187897,4.042923016399236,8.891544205349566,0.4812627099454403,-0.2533412054887218,-0.4479086357739303
17136,ADOBE INC,"Adobe To Report Q2 Earnings After The Closing Bell, Co. Historically Issues Its Report Between 4:05 And 4:10 p.m. ET; Watch For Sympathy Movement In Co.'s Peer Companies In The Software Space Following Earnings",3,uncertain,0.6,0.5,,170,34,1.0,2019-06-18,75510.0,0.4281540866941213,5.213524401187897,4.042923016399236,8.891544205349566,0.4812627099454403,-0.2533412054887218,-0.4479086357739303
17144,ARCHER DANIELS MIDLAND CO,Archer Daniels Midland To Cut 127 Jobs At Neovia Animal Feed Business In France,3,decrease,0.75,0.5,,147,34,0.0,2019-06-18,10516.0,1.129109133034945,-1.1893244460225103,-1.893210187062744,0.7038856305319641,-0.1225771848112344,-0.6583678507783075,0.0491170454528289
17152,AFLAC INC,"Raymond James Maintains Strong Buy on Aflac, Raises Price Target to $62",3,increase,0.8,0.6,,138,29,2.0,2019-06-18,57904.0,0.6782748736441135,0.400584889575839,0.0546295984008349,2.3488728973529716,-0.8902646601200104,0.1468661823609052,0.3126115455602152
17160,AIR T INC,Air T Announces Brian Ochocki To Serve As CFO,3,uncertain,0.6,0.3,,131,34,1.0,2019-06-18,11368.0,0.0,5.705878138542175,3.5882389867712527,3.529413876346666,0.4134654067456722,-0.058790315247903,-17.834705359165916
17168,GALLAGHER ARTHUR J & CO,Arthur J. Gallagher To Acquire P2 Group,3,increase,0.75,0.6,,143,33,2.0,2019-06-18,38093.0,-0.2897207159548998,0.8716875687241554,0.1859554885843994,4.986054072499524,-1.6077492386102676,-0.9527110023857754,-1.618969576052942
17176,GALLAGHER ARTHUR J & CO,Arthur J. Gallagher & Co. Acquires P2 Group; Terms Not Disclosed,3,increase,0.75,0.6,,151,33,2.0,2019-06-18,38093.0,-0.2897207159548998,0.8716875687241554,0.1859554885843994,4.986054072499524,-1.6077492386102676,-0.9527110023857754,-1.618969576052942
17184,ALNYLAM PHARMACEUTICALS INC,Alnylam Reports Japanese Approval Of ONPATTRO For Treatment Of Hereditary ATTR Amyloidosis With Polyneuropathy,3,increase,0.85,0.7,,160,29,2.0,2019-06-18,90178.0,2.1258695051074032,-1.4379560016095638,-2.57463360158372,-0.0684683387806139,2.0991021767258644,0.3649665060363238,2.1428570714380646
17192,ALPHA & OMEGA SEMICONDUCTOR LTD,"Loop Capital Initiates Coverage On Alpha & Omega with Buy Rating, Announces $13 Price Target",3,increase,0.8,0.6,,154,29,2.0,2019-06-18,93340.0,2.718670666217804,1.6110511496663094,-0.805520232125112,3.567323528352095,-1.7421558499336245,-3.203658315999658,1.1961769704126102
17200,ASTRAZENECA PLC,AstraZeneca shares trading higher following news of Lynparza approval in the European Union.,3,increase,0.85,0.7,,143,33,2.0,2019-06-18,79363.0,2.426216192543507,1.7826605588197708,1.0989028700507442,1.8559176793002008,0.7814504206180573,0.1753938435470114,0.1252171927171419
17208,ALIBABA GROUP HOLDING LTD,A Look At Some Large Alibaba Option Trades,3,uncertain,0.6,0.3,,136,25,1.0,2019-06-18,14888.0,3.5019639879465103,-0.0302022817777469,0.1752211887592558,6.00568124480465,1.1448434554040432,-0.2619585979387051,-0.0812232521754108
17216,ALIBABA GROUP HOLDING LTD,Alibaba Promotes CFO: What It Means For Investors,3,uncertain,0.6,0.3,,138,34,1.0,2019-06-18,14888.0,3.5019639879465103,-0.0302022817777469,0.1752211887592558,6.00568124480465,1.1448434554040432,-0.2619585979387051,-0.0812232521754108
17224,ALIBABA GROUP HOLDING LTD,"Alibaba shares are trading higher after the company announced Freshippo would become a standalone business; the company also announced CFO Maggie Wu will take over strategic investments from Joe Tsai, the Executive Vice Chairman.",3,increase,0.75,0.6,,167,33,2.0,2019-06-18,14888.0,3.5019639879465103,-0.0302022817777469,0.1752211887592558,6.00568124480465,1.1448434554040432,-0.2619585979387051,-0.0812232521754108
17232,ALIBABA GROUP HOLDING LTD,Alibaba Says CFO Maggie Wu to Take Over Strategic Investments from Executive Vice Chairman Joe Tsai,3,uncertain,0.6,0.3,,145,34,1.0,2019-06-18,14888.0,3.5019639879465103,-0.0302022817777469,0.1752211887592558,6.00568124480465,1.1448434554040432,-0.2619585979387051,-0.0812232521754108
17240,ALIBABA GROUP HOLDING LTD,Alibaba Announced Earlier Freshippo to Become Standalone Business,3,increase,0.7,0.6,,140,33,2.0,2019-06-18,14888.0,3.5019639879465103,-0.0302022817777469,0.1752211887592558,6.00568124480465,1.1448434554040432,-0.2619585979387051,-0.0812232521754108
17248,BANK OF AMERICA CORP,BMO Upgrades Bank Of America Ahead Of Q2 Earnings,3,increase,0.75,0.6,,138,29,2.0,2019-06-18,59408.0,2.470463700592518,-1.0482219979166985,-3.0048937316004887,1.8518475133102008,-0.3922988660633564,-0.0357917937643392,-0.0715579796993881
17256,BANK OF AMERICA CORP,Bank of America shares are trading higher after BMO Capital upgraded the stock from Market Perform to Outperform and announced a $37 price target.,3,increase,0.85,0.7,,153,29,2.0,2019-06-18,59408.0,2.470463700592518,-1.0482219979166985,-3.0048937316004887,1.8518475133102008,-0.3922988660633564,-0.0357917937643392,-0.0715579796993881
17264,BANK OF AMERICA CORP,"BMO Capital Upgrades Bank of America to Outperform, Announces $37 Price Target",3,increase,0.8,0.6,,143,29,2.0,2019-06-18,59408.0,2.470463700592518,-1.0482219979166985,-3.0048937316004887,1.8518475133102008,-0.3922988660633564,-0.0357917937643392,-0.0715579796993881
17272,B C E INC,TD Securities Upgrades BCE to Buy,3,increase,0.85,0.7,,129,33,2.0,2019-06-18,29647.0,1.647854596376419,1.0437513701617718,1.0881672243352236,2.287369825157648,-0.7616491056978703,-1.358273458954351,-4.250027184690097
17280,BIOCEPT INC,"Biocept shares are trading higher after the company announced the commercial launch of its Target Selector NGS Breast Panel, its multi-gene liquid biopsy panel specifically developed for breast cancer.",3,increase,0.75,0.6,,154,33,2.0,2019-06-18,14449.0,10.78431531786919,-3.5398196429014206,-0.8849549733587647,-6.1946950352648305,0.990098062902689,-5.555560816443739,4.198587014217026
17288,BIOCEPT INC,"Biocept Announces Commercial Launch Of Target Selector NGS Breast Panel, The Company's Second Multi-Gene Tumor-Specific Panel",3,increase,0.75,0.6,,144,33,2.0,2019-06-18,14449.0,10.78431531786919,-3.5398196429014206,-0.8849549733587647,-6.1946950352648305,0.990098062902689,-5.555560816443739,4.198587014217026
17296,BANK OF NEW YORK MELLON CORP,"Deutsche Bank Downgrades Bank of New York Mellon to Hold, Lowers Price Target to $44",3,decrease,0.8,0.6,,153,30,0.0,2019-06-18,49656.0,-1.6154700890183449,-1.2719773687422276,0.4394048568279407,2.2895417110938787,-1.2137578800320623,-1.3024882490845102,-0.3401308674185532
17304,BLUEBIRD BIO INC,"Maxim Group Upgrades bluebird bio to Buy, Announces $160 Price Target",3,increase,0.8,0.6,,140,33,2.0,2019-06-18,13947.0,-3.569680079817772,1.1494258418679235,1.3522637685767336,8.012173171754045,4.283522814512253,-1.0004884953978888,4.461091389495975
17312,BIOMARIN PHARMACEUTICAL INC,BioMarin Announces New England Journal Of Medicine Publishes Vosoritide Phase 2 Study Showing Sustained Annualized Growth Up To 42 Months In Children With Achondroplasia,3,increase,0.85,0.7,,169,29,2.0,2019-06-18,87056.0,1.592020876705647,-0.5730388220399618,-1.9763797628185145,-1.707401568988287,4.119250178337097,2.1976655490779873,2.2597502946240633
17320,BOSTON SCIENTIFIC CORP,"Wells Fargo Maintains Outperform on Boston Scientific, Raises Price Target to $45",3,increase,0.8,0.6,,147,29,2.0,2019-06-18,77605.0,0.6391305942088367,1.7586743459105492,1.9052336596710795,4.274548407270062,0.6432512309402227,0.0491895012900034,-0.2941150530991643
17328,BLUELINX HOLDINGS INC,BlueLinx Reports Sale Of 2 Former Distribution Facilities For ~$12M,3,increase,0.7,0.5,,143,33,2.0,2019-06-18,90496.0,1.428568921983242,-1.7719190567731855,-13.084965830876628,-11.767378703973508,8.554282039403915,10.601426055898887,12.377013599401486
17336,CITIGROUP INC,Port Report: Banks Add CO2 Risk Indicator To Shipping Loans,3,uncertain,0.6,0.3,,134,34,1.0,2019-06-18,70519.0,2.164115384221077,-0.5737084429711103,-2.11827354629619,3.618709884469573,-1.3930088840425014,-0.8050102988598429,-0.4041261347894176
17344,CACI INTERNATIONAL INC,"CACI Wins $880M Task Order To Provide Info Tech, Engineering Services To US Army's Product Lead Reserve Component Automation System-Force Mgmt. System",3,increase,0.85,0.7,,153,33,2.0,2019-06-18,20512.0,0.5073885433375835,1.0684742592275145,-0.3479837893966442,2.891728864320675,0.1233045593835413,-0.4853205738095667,-0.3778790969866663
17352,CAN FITE BIOPHARMA LTD,"Can-Fite BioPharma Files Lawsuit AGainst Capital Point Alleging 'improper conduct in its attempt to exert control over the Company by, among things, unlawfully requesting that the Company convene a shareholders' meeting to replace its directors.'",3,decrease,0.75,0.6,,180,34,0.0,2019-06-18,14272.0,2.09059864282608,-1.7064830288290975,-3.4129741061772023,-0.3412962085792337,0.3496500197798013,3.2374069947335604,-5.8100291244755915e-08
17360,CYMABAY THERAPEUTICS INC,CymaBay Therapeutics Announces IND To Commence Clinical Study Of Seladelpar To Treat Primary Sclerosing Cholangitis,3,increase,0.75,0.6,,159,29,2.0,2019-06-18,14691.0,8.15548524260521,-1.0570798069238665,-3.3121869360369316,-0.9161320327402134,4.45859432220459,-2.814816039951218,6.320905192832127
17368,COLGATE PALMOLIVE CO,"Wells Fargo Maintains Market Perform on Colgate-Palmolive, Raises Price Target to $68",3,increase,0.7,0.5,,150,29,2.0,2019-06-18,18729.0,-0.7083561271429062,0.8780345320701599,1.3993747712630622,-0.2057916422216976,0.0818066648207604,0.9072215137675864,0.4928139436338075
17376,CLEARSIGN TECHNOLOGIES CORP,"ClearSign Announces Collaborative Agreement With ASHCOR To Develop, Manufacture And Market Flares; Terms Not Disclosed",3,increase,0.7,0.6,,152,29,2.0,2019-06-18,13369.0,4.9504902213811866,1.886801980435848,3.2735883945822053,14.150953099079388,-0.9803912602365016,9.782605648131248,10.989006711420446
17384,C N H INDUSTRIAL N V,"Deutsche Bank Upgrades CNH Industrial to Hold, Announces $10 Price Target",3,increase,0.7,0.5,,144,29,2.0,2019-06-18,14144.0,4.016914591193199,2.7438974007964134,3.455286010209968,4.369921698672141,-0.2109652385115623,-1.14942173798116,0.105822520706944
17392,GLOBAL CORD BLOOD CORP,Global Cord Blood shares are trading lower after the company reported worse-than-expected Q4 EPS and sales results.,3,decrease,0.85,0.7,,149,34,0.0,2019-06-18,93123.0,-4.311778023838997,-7.279030978679657,0.1733141840416507,0.5199343060887207,-4.588606953620911,-6.511621939895829,-7.515333956592684
17400,GLOBAL CORD BLOOD CORP,"Global Cord Blood Q4 EPS $0.11 Misses $0.13 Estimate, Sales $37.497M Miss $39.36M Estimate",3,decrease,0.75,0.6,,159,34,0.0,2019-06-18,93123.0,-4.311778023838997,-7.279030978679657,0.1733141840416507,0.5199343060887207,-4.588606953620911,-6.511621939895829,-7.515333956592684
17408,COGNIZANT TECHNOLOGY SOLS CORP,"Cognizant Earlier Announced To Acquire Zenith Technologies, No Terms Disclosed",3,increase,0.7,0.6,,152,33,2.0,2019-06-18,86158.0,1.8542196601629264,-1.7419971525669098,-0.8788470600474052,1.0043933105140956,1.4925405383110046,0.3529053708917651,0.6596940154500519
17416,DELTA AIR LINES INC,Delta Air Lines Inc Delta Now Expects To Take Delivery Of 45 A220-100S And 50 A220-300S During The Next Four Years,3,increase,0.75,0.6,,158,29,2.0,2019-06-18,91926.0,0.6466689985245466,0.5889734718948603,-0.1963245104162903,4.479746838791399,-0.5715368781238794,-1.5038964594662474,0.3967490953532104
17424,DEUTSCHE BANK A G,Deutsche Bank CEO Considering Replacing CFO Von Moltke,3,uncertain,0.6,0.3,,140,34,1.0,2019-06-18,89199.0,3.812313079833983,1.2711886316537857,0.5649712495345183,7.2033930499236565,0.4418293014168739,-0.7277978833846732,-0.87209217954205
17432,DIGITAL ALLY INC NEW,Digital Ally shares are trading lower after the US District Court of Kansas decided that Axon's signal technology does not infringe on Digital Ally's US Patent 452.,3,decrease,0.85,0.7,,155,34,0.0,2019-06-18,92521.0,-42.06897020339966,-15.47619104385376,-16.07142861735905,-4.761901311728045,5.839418992400169,12.840473625709905,16.00000383202771
17440,DIGITAL ALLY INC NEW,Digital Ally Slammed After Axon Prevails In Patent Case,3,decrease,0.85,0.7,,136,34,0.0,2019-06-18,92521.0,-42.06897020339966,-15.47619104385376,-16.07142861735905,-4.761901311728045,5.839418992400169,12.840473625709905,16.00000383202771
17448,DIGITAL ALLY INC NEW,Digital Ally Says Intends To Appeal Adverse Decision In Litigation With Axon,3,uncertain,0.6,0.3,,139,34,1.0,2019-06-18,92521.0,-42.06897020339966,-15.47619104385376,-16.07142861735905,-4.761901311728045,5.839418992400169,12.840473625709905,16.00000383202771
17456,DIGITAL ALLY INC NEW,Axon Reports US District Court for Kansas Granted Summary Judgment In Favor Of Co. Finding Signal Technology Does Not Infringe Digital Ally's US Patent '452,3,decrease,0.85,0.7,,155,34,0.0,2019-06-18,92521.0,-42.06897020339966,-15.47619104385376,-16.07142861735905,-4.761901311728045,5.839418992400169,12.840473625709905,16.00000383202771
17464,SPDR DOW JONES IND AVG ETF TRUST,"Trump, Xi Phone Call Boosts The Market",3,increase,0.75,0.6,,143,33,2.0,2019-06-18,85765.0,1.394831109791994,0.0866886519361287,0.2121034461358251,1.1187928462093266,0.0650005356874317,0.0458767074625221,0.4722520472672853
17472,DISH NETWORK CORP,"Report: Dish Near $6B Deal For T-Mobile, Sprint Assets",3,increase,0.75,0.6,,138,33,2.0,2019-06-18,81696.0,0.2821153961122036,-0.4859300330281257,-3.375958347968022,0.1790273684415089,3.8625486195087433,2.9031467747152373,3.8902290668878514
17480,DISH NETWORK CORP,"Dish Said To Near $6 Billion Deal For T-Mobile, Sprint Assets",3,increase,0.75,0.6,,138,33,2.0,2019-06-18,81696.0,0.2821153961122036,-0.4859300330281257,-3.375958347968022,0.1790273684415089,3.8625486195087433,2.9031467747152373,3.8902290668878514
17488,DURECT CORP,"DURECT Reports Completion Of 90 mg Severe Cohort, Dose Escalation Committee Approval To Commence 150 mg Dosing In Patients With Severe Alcoholic Hepatitis In Ongoing DUR-928 Phase 2a AH Trial",3,increase,0.75,0.6,,171,29,2.0,2019-06-18,88626.0,10.18338277935982,3.009907715022564,16.076484230478982,18.62605928834182,-1.8007680773735046,-2.250188938232278,-2.41766993763437
17496,DUKE ENERGY CORP NEW,"Barclays Maintains Equal-Weight on Duke Energy, Lowers Price Target to $94",3,decrease,0.75,0.6,,145,30,0.0,2019-06-18,27959.0,-0.8072758093476295,0.4699721001088619,3.3012436453149885,2.177901899296897,0.0910369853954762,1.3599174320951146,1.500283213130471
17504,E Q T CORP,EQT Sends Response to Presentation By Toby Rice Group,3,uncertain,0.6,0.3,,134,34,1.0,2019-06-18,24328.0,0.6940041203051804,-5.0125326961278915,-9.837091355929262,-5.513785676131744,0.253004184924066,-1.7358882708231935,0.5072919771586637
17512,E Q T CORP,"Rice Team Issues Investor Presentation To EQT Shareholders, Urges Vote On WHITE Proxy Card",3,uncertain,0.6,0.3,,142,34,1.0,2019-06-18,24328.0,0.6940041203051804,-5.0125326961278915,-9.837091355929262,-5.513785676131744,0.253004184924066,-1.7358882708231935,0.5072919771586637
17520,ESSEX PROPERTY TRUST INC,"Baird Downgrades Essex Property Trust to Neutral, Raises Price Target to $302",3,decrease,0.7,0.3,,141,34,0.0,2019-06-18,80681.0,-0.4002454224973917,0.1793393050320446,-2.30148216747752,-0.173027884698862,1.0461595840752125,1.3782287540639704,1.167895085870696
17528,ISHARES INC,US Trade Team To Meet Japanese Trade Officials On Sidelines Of G20 In Osaka,3,uncertain,0.6,0.3,,138,34,1.0,2019-06-18,83225.0,0.5962428171187639,0.8890526369214058,0.4260039780279667,2.8523746116041693,0.2912780735641718,0.0319371443626703,-0.0788018481097996
17536,ISHARES INC,"USTR Lighthizer Says He Hopes US, Japan Will Have Trade Agreement 'In The Next Few Months'",3,increase,0.7,0.6,,144,33,2.0,2019-06-18,83225.0,0.5962428171187639,0.8890526369214058,0.4260039780279667,2.8523746116041693,0.2912780735641718,0.0319371443626703,-0.0788018481097996
17544,ISHARES INC,Seeing Social Media Mention Of 6.5 Magnitude Earthquake In Japan,3,uncertain,0.5,0.2,,137,34,1.0,2019-06-18,83225.0,0.5962428171187639,0.8890526369214058,0.4260039780279667,2.8523746116041693,0.2912780735641718,0.0319371443626703,-0.0788018481097996
17552,ISHARES INC,"Egyptian Officials Earlier Said Nation Planning To Issue An Int'l. Bond In Either Chinese, Japanese Or South Korean Currencies In Next Fiscal Year Starting Jul.",3,uncertain,0.6,0.3,,152,34,1.0,2019-06-18,83225.0,0.5962428171187639,0.8890526369214058,0.4260039780279667,2.8523746116041693,0.2912780735641718,0.0319371443626703,-0.0788018481097996
17560,ISHARES TRUST,Uk Pm Candidate Boris Johnson Gets 126 Votes In Second Round Of Leadership Contest,3,uncertain,0.5,0.2,,138,34,1.0,2019-06-18,14907.0,1.203290559351444,0.3128982847556472,0.5006253556500972,2.0025013300051464,-0.2757839858531952,-1.128124039525058,-1.0072625409128788
17568,ISHARES INC,"Mexican Pres Obrador Considering Holding Vote On Whether He Should Continue In Office On Mar. 21, 2021",3,uncertain,0.6,0.3,,146,34,1.0,2019-06-18,83223.0,0.8780062198638916,0.8474552072584629,0.6871261045399368,0.5267969694381147,-0.4011758137494325,-1.136958581745151,-1.6871759016481636
17576,ISHARES INC,"..long before they get to our Southern Border. Guatemala is getting ready to sign a Safe-Third Agreement. The only ones who won't do anything are the Democrats in Congress. They must vote to get rid of the loopholes, and fix asylum! If so, Border Crisis will end quickly!",3,uncertain,0.5,0.2,,180,34,1.0,2019-06-18,83223.0,0.8780062198638916,0.8474552072584629,0.6871261045399368,0.5267969694381147,-0.4011758137494325,-1.136958581745151,-1.6871759016481636
17584,ISHARES INC,"Donald J. Trump Tweet: Next week ICE will begin the process of removing the millions of illegal aliens who have illicitly found their way into the United States. They will be removed as fast as they come in. Mexico, using their strong immigration laws, is doing a very good job of stopping people.......",3,uncertain,0.5,0.2,,183,34,1.0,2019-06-18,83223.0,0.8780062198638916,0.8474552072584629,0.6871261045399368,0.5267969694381147,-0.4011758137494325,-1.136958581745151,-1.6871759016481636
17592,FIFTH THIRD BANCORP,Fifth Third Bancorp shares are trading higher after the company reported a 100 million share buyback and raised its quarterly dividend from $0.22 to $0.24 per share.,3,increase,0.85,0.7,,165,29,2.0,2019-06-18,34746.0,3.3741187304258347,-2.1162061020731926,-2.8335689942786124,0.2643243206001067,-1.5334066934883597,-0.8820278640034207,-0.5164193819488627
17600,FIFTH THIRD BANCORP,Fifth Third Bancorp Reports 100M Share Buyback,3,increase,0.75,0.6,,140,33,2.0,2019-06-18,34746.0,3.3741187304258347,-2.1162061020731926,-2.8335689942786124,0.2643243206001067,-1.5334066934883597,-0.8820278640034207,-0.5164193819488627
17608,FIFTH THIRD BANCORP,Fifth Third Bancorp Raises Quarterly Dividend From $0.22 To $0.24/Share,3,increase,0.8,0.6,,148,33,2.0,2019-06-18,34746.0,3.3741187304258347,-2.1162061020731926,-2.8335689942786124,0.2643243206001067,-1.5334066934883597,-0.8820278640034207,-0.5164193819488627
17616,FRESHPET INC,SunTrust Robinson Humphrey Downgrades Freshpet to Hold,3,decrease,0.8,0.6,,136,34,0.0,2019-06-18,15067.0,0.1864901743829249,2.0682523027062416,-5.253355416193395,-6.59772252513805,1.3439718633890152,3.4512255888307974,1.5786151398716974
17624,BARRICK GOLD CORP,"Barrick CEO Mark Bristow Says Offer For Acacia Is 'More Than Fair' Based On Due Diligence; Sees 'Substantial Risk' In Acacia Assets, Production Expectations Lower Than Acacia Mine Plan Indicates",3,decrease,0.75,0.6,,172,34,0.0,2019-06-18,71298.0,1.554772257804871,0.7654812652617693,11.412667773065088,8.48991135994368,1.7985612154006958,2.092351872163767,3.0589955770267796
17632,ALPHABET INC,Google Says Announcing An Additional $1 Bln Investment In Housing Across The Bay Area,3,increase,0.75,0.6,,139,33,2.0,2019-06-18,90319.0,1.037579216063023,-0.0660472374875098,-1.597846194453456,0.6659173140506791,0.6986988242715597,0.2639760192361562,1.370590221823531
17640,GREEN PLAINS INC,Green Plains To Suspend Qtr. Dividend,3,decrease,0.85,0.7,,130,34,0.0,2019-06-18,91161.0,2.213118597865105,-8.740979433059692,-14.835608309573356,-16.359261649245525,1.4974987134337423,0.2465056471147031,7.394367555632431
17648,GAP INC,"Hearing Gap Making Cautious Commentary At Jefferies Conference, Says Q2 Margins/Inventories And Recent Adverse Weather Will Affect Quarter; Unconfirmed",3,decrease,0.75,0.6,,151,30,0.0,2019-06-18,59010.0,-1.745770312845707,0.1110519515350461,-2.887287340047195,-1.8878409854326428,0.825080368667841,0.9361237485837836,2.8042625297007406
17656,GRANITE CONSTRUCTION INC,Granite Reports Its Joint Venture With Teichert Wins $275M Contract By California Dept. Of Transportation For SAC 5 Corridor Enhancement Project,3,increase,0.8,0.6,,151,29,2.0,2019-06-18,76135.0,3.047794103622437,0.4481307696551084,1.456414274993012,4.792745835413803,1.097108330577612,0.3475475245160231,2.5817150444366277
17664,HELMERICH & PAYNE INC,"RBC Capital Maintains Outperform on Helmerich & Payne, Lowers Price Target to $75",3,decrease,0.7,0.5,,149,34,0.0,2019-06-18,32707.0,1.6837775707244869,-0.78755933791399,-1.4337623805851465,-0.1817454898800141,0.6198331248015165,-3.084575500801745,-1.49675940269145
17672,VANECK E T F TRUST,Be Bold With This Junk Bond ETF,3,increase,0.75,0.6,,135,33,2.0,2019-06-18,13386.0,0.2552082762122153,0.5091253202408552,0.4242697694927688,1.6478594206056352,0.2344928914681077,0.0425541731740253,0.2558612672235005
17680,INTERACTIVE BROKERS GROUP INC,Thomas Peterffy: Interactive Brokers Is Preparing For 'Big Launch' On Moscow Exchange,3,increase,0.75,0.6,,145,29,2.0,2019-06-18,92043.0,0.6015275605022907,-0.8878381922841072,-4.203659734948884,-4.131181133648864,-0.4536381922662258,0.5867247470956016,3.004135127847629
17688,INTERACTIVE BROKERS GROUP INC,"UPDATE: Interactive Brokers Trading On Moscow Exchange Will Only Be Available To Russian Citizens Initially, Will Be Publicly Open In Russia 'Soon'",3,uncertain,0.6,0.3,,154,34,1.0,2019-06-18,92043.0,0.6015275605022907,-0.8878381922841072,-4.203659734948884,-4.131181133648864,-0.4536381922662258,0.5867247470956016,3.004135127847629
17696,INTERACTIVE BROKERS GROUP INC,Interactive Brokers CEO Thomas Peterffy Tells Benzinga Co. Will Launch Trading On Moscow Exchange In Coming Weeks,3,increase,0.7,0.6,,150,29,2.0,2019-06-18,92043.0,0.6015275605022907,-0.8878381922841072,-4.203659734948884,-4.131181133648864,-0.4536381922662258,0.5867247470956016,3.004135127847629
17704,IRONWOOD PHARMACEUTICALS INC,"Ironwood, Allergan Report Topline Data From Phase IIIb Trial of LINZESS® (linaclotide) in Adults with Irritable Bowel Syndrome with Constipation: Met All Primary, Secondary Endpoints",3,increase,0.8,0.6,,178,29,2.0,2019-06-18,93264.0,8.0827035009861,0.5217427853494883,-9.652171033439371,-7.739133319883862,2.6036689057946205,-3.0082034983480055,-2.6532475846575476
17712,HUNT J B TRANSPORT SERVICES INC,"UBS Downgrades J.B. Hunt, Projects Cyclical Downturn In Transportation Market",3,decrease,0.85,0.7,,149,30,0.0,2019-06-18,42877.0,-0.2109497552737594,-0.4227829165756702,-2.303070372646543,0.4339114937263799,-0.8585567586123943,0.0111060463455769,1.5330860417549053
17720,HUNT J B TRANSPORT SERVICES INC,Outlook Lowered For Truckload And Intermodal Companies Heading Into Earnings Season,3,decrease,0.8,0.7,,145,34,0.0,2019-06-18,42877.0,-0.2109497552737594,-0.4227829165756702,-2.303070372646543,0.4339114937263799,-0.8585567586123943,0.0111060463455769,1.5330860417549053
17728,HUNT J B TRANSPORT SERVICES INC,"UPDATE: UBS Downgrades J.B. Hunt Transport To Neutral, Lowers Target To $96 As Firm Notes 'we have become increasingly convinced that freight is likely to remain weak through 2019 followed by falling truckload and intermodal contract rates in 2020'",3,decrease,0.85,0.7,,184,34,0.0,2019-06-18,42877.0,-0.2109497552737594,-0.4227829165756702,-2.303070372646543,0.4339114937263799,-0.8585567586123943,0.0111060463455769,1.5330860417549053
17736,HUNT J B TRANSPORT SERVICES INC,"UBS Downgrades JB Hunt Transport Servs to Neutral, Lowers Price Target to $96",3,decrease,0.8,0.7,,150,34,0.0,2019-06-18,42877.0,-0.2109497552737594,-0.4227829165756702,-2.303070372646543,0.4339114937263799,-0.8585567586123943,0.0111060463455769,1.5330860417549053
17744,JABIL INC,"Jabil Sees Q4 Adj. EPS $0.76-$0.96 vs $0.86 Est., Sales $6.3B-$6.9B vs $6.42B Est.",3,uncertain,0.7,0.2,,162,34,1.0,2019-06-18,79094.0,1.902276091277599,10.248906165361404,11.85944280099751,15.922402587862129,1.2844735756516457,-0.6300966692551868,-0.5194853251521248
17752,JABIL INC,"Jabil Q3 Adj. EPS $0.57, Inline, Sales $6.14B Beat $6.01B Estimate",3,increase,0.75,0.6,,147,33,2.0,2019-06-18,79094.0,1.902276091277599,10.248906165361404,11.85944280099751,15.922402587862129,1.2844735756516457,-0.6300966692551868,-0.5194853251521248
17760,JABIL INC,Q3 Earnings Preview For Jabil,3,uncertain,0.6,0.3,,127,25,1.0,2019-06-18,79094.0,1.902276091277599,10.248906165361404,11.85944280099751,15.922402587862129,1.2844735756516457,-0.6300966692551868,-0.5194853251521248
17768,JINKOSOLAR HOLDING CO LTD,"UBS Downgrades JinkoSolar Holding Co to Neutral, Raises Price Target to $25",3,decrease,0.7,0.5,,149,34,0.0,2019-06-18,93380.0,2.964602038264275,0.5586556158959866,-9.841000515673615,-2.1486892422693415,-8.241976797580719,-8.539048234081804,-5.911740561949131
17776,KELLOGG CO,"Kellogg Restructures Again, 150 Jobs To Be Cut",3,decrease,0.75,0.6,,138,34,0.0,2019-06-18,26825.0,-1.8567625433206565,-0.7927902974188328,-1.747749944895527,-3.94594342226352,-0.1412711106240749,-0.105990767598818,0.5869761576563937
17784,KELLOGG CO,"'Today, $K announced yet another restructuring program (the 2nd this year).  Based on the $50m Europe reorg + the $35m North America reorg, we believe $K exceeded its FY 19 restructuring guidance.' -Prescience Point Capital",3,decrease,0.75,0.6,,179,34,0.0,2019-06-18,26825.0,-1.8567625433206565,-0.7927902974188328,-1.747749944895527,-3.94594342226352,-0.1412711106240749,-0.105990767598818,0.5869761576563937
17792,KELLOGG CO,Kellogg Says About 150 Employees In North America Will Be Leaving As Part Of Reorganization,3,decrease,0.7,0.5,,143,34,0.0,2019-06-18,26825.0,-1.8567625433206565,-0.7927902974188328,-1.747749944895527,-3.94594342226352,-0.1412711106240749,-0.105990767598818,0.5869761576563937
17800,KELLOGG CO,Kellogg 8-K Shows Reorganization Plan Which Will Primarily Impact Its North America Segment ; Project Expected To Result In Cumulative Pre-Tax Charges ~$35M,3,decrease,0.75,0.6,,158,34,0.0,2019-06-18,26825.0,-1.8567625433206565,-0.7927902974188328,-1.747749944895527,-3.94594342226352,-0.1412711106240749,-0.105990767598818,0.5869761576563937
17808,KIMBERLY CLARK CORP,"Morgan Stanley Maintains Equal-Weight on Kimberly-Clark, Raises Price Target to $145",3,increase,0.7,0.5,,148,29,2.0,2019-06-18,17750.0,-0.8163229562342167,-0.146970129571855,0.5511464526517296,-0.0073445484914502,-0.3269138978794217,-0.0873946777055767,0.6529230275912123
17816,KOPPERS HOLDINGS INC,"Koppers Holdings' Koppers Inc. Subsidiary Reports 75%-Owned Koppers (Jiangsu) Carbon Chemical Co. To Provide Soft Pitch Product To Major Customer In China Under Special Purchase Order, No Terms Disclosed",3,increase,0.7,0.6,,174,29,2.0,2019-06-18,91114.0,4.288856312632561,1.2653732672333715,-7.135327647781997,2.5307528545408298,0.4788252990692854,-4.548632709437794,-3.842087108139925
17824,LEIDOS HOLDINGS INC,"Leidos Reports Contract By U.S. Air Force's Office of Special Investigations For Intelligence Support Services, Total Ceiling Value ~$50M",3,increase,0.75,0.6,,151,29,2.0,2019-06-18,91547.0,0.4856194835156202,0.0,0.6358896205333142,1.9203894181377248,-0.7483464665710926,-0.2167790787351298,-0.8589194525954635
17832,LENNAR CORP,"Raymond James Downgrades Lennar to Market Perform, Announces $55 Price Target",3,decrease,0.8,0.6,,141,34,0.0,2019-06-18,52708.0,-0.9809406474232674,-0.7620527874678373,-8.13488364527779,-7.506196180759661,-1.0084050707519054,-0.1318829775388885,1.7661705435969344
17840,LENNAR CORP,"Raymond James Downgrades Lennar to Market Perform, Announces $55 Price Target",3,decrease,0.8,0.6,,141,34,0.0,2019-06-18,52708.0,-0.9809406474232674,-0.7620527874678373,-8.13488364527779,-7.506196180759661,-1.0084050707519054,-0.1318829775388885,1.7661705435969344
17848,LYONDELLBASELL INDUSTRIES N V,"LyondellBasell, Neste Report First Parallel Production Of Bio-Based Polypropoylene, Bio-Based Low-Density Polyethylene At Commercial Scale",3,increase,0.75,0.6,,163,29,2.0,2019-06-18,12345.0,0.9800536558032036,-0.3928410820662975,0.0231041444679114,0.6123614162359514,-0.9132958948612212,-0.7871285374734471,0.3747507667675398
17856,LA Z BOY INC,La-Z-Boy shares are trading lower after the company reported worse-than-expected Q4 EPS and sales results.,3,decrease,0.85,0.7,,146,34,0.0,2019-06-18,48347.0,-1.488091424107552,8.929169923067093,1.0070464537939028,4.9345391440355435,-1.0147281922399998,-2.0725368804551336,-0.6896583293919734
17864,LA Z BOY INC,"La-Z-Boy Comments On Outlook: '...the hangover of tariffs and geopolitical uncertainty, it is unclear if these business conditions will continue further into our fiscal 2020 year.'",3,decrease,0.75,0.6,,160,34,0.0,2019-06-18,48347.0,-1.488091424107552,8.929169923067093,1.0070464537939028,4.9345391440355435,-1.0147281922399998,-2.0725368804551336,-0.6896583293919734
17872,LA Z BOY INC,"La-Z-Boy Q4 EPS $0.64 Misses $0.7 Estimate, Sales $453.8M Miss $469.05M Estimate",3,decrease,0.85,0.7,,156,34,0.0,2019-06-18,48347.0,-1.488091424107552,8.929169923067093,1.0070464537939028,4.9345391440355435,-1.0147281922399998,-2.0725368804551336,-0.6896583293919734
17880,LA Z BOY INC,Q4 Earnings Preview For La-Z-Boy,3,uncertain,0.6,0.3,,133,25,1.0,2019-06-18,48347.0,-1.488091424107552,8.929169923067093,1.0070464537939028,4.9345391440355435,-1.0147281922399998,-2.0725368804551336,-0.6896583293919734
17888,MASCO CORP,"Masco Reports Intent To Pursue Asset Sales Of Cabinetry, Windows Businesses; 2 Units Had Combined Net Sales Of $1.7B In FY18",3,uncertain,0.6,0.3,,154,34,1.0,2019-06-18,34032.0,-0.2372170798480511,-0.7661746814846992,1.4531124156015984,4.861295089279061,-0.914082769304514,-2.817628768199709,-0.6025663122876002
17896,MOSAIC CO NEW,Mosaic To Close Its Plant City Phosphates Manufacturing facility; Sees Q2 Non-Cash Charge Of Up to $390M,3,decrease,0.8,0.7,,151,34,0.0,2019-06-18,90386.0,3.350510075688362,-2.452203445136547,0.4156292095914171,2.452203704197231,4.114490374922752,1.926447218036742,2.73610259246595
17904,MONOLITHIC PWR SYS INC,"Loop Capital Initiates Coverage On Monolithic Power Systems with Buy Rating, Announces $144 Price Target",3,increase,0.8,0.6,,149,29,2.0,2019-06-18,90455.0,3.4737132489681235,-1.6325630247592926,-4.767380569739665,4.890705132795836,-0.2531503094360232,-2.97037384045421,-1.1446544688825
17912,MERCURY SYSTEMS INC,Mercury Systems Receives Defence And Space Award From Airbus; Terms Not Disclosed,3,increase,0.75,0.6,,142,33,2.0,2019-06-18,85738.0,2.118518948554993,-0.8124148473143578,-3.133619168752322,1.537788351579783,1.1538987047970295,-2.188091782078394,-1.2002338153749958
17920,MERCK & CO INC NEW,Merck Reports FDA Approved KEYTRUDA As Monotherapy for Patients with Metastatic Small Cell Lung Cancer (SCLC) with Disease Progression on or After Platinum-Based Chemotherapy and at Least One Other Prior Line of Therapy,3,increase,0.8,0.6,,171,29,2.0,2019-06-18,22752.0,1.428565103560686,1.0297109372913835,0.8876790812231805,1.2072486459411946,0.6281762383878231,1.150128464946509,0.1713761664124513
17928,MOTOROLA SOLUTIONS INC,"Square, Under Armour And More: 'Halftime Report' Final Trades From June 17",3,uncertain,0.5,0.2,,142,34,1.0,2019-06-18,22779.0,0.762939453125,0.8783069439232349,-0.5451535341351343,1.950452007093717,2.1764827892184258,2.432009705189886,1.930358533003429
17936,MICROSTRATEGY INC,MicroStrategy Reports Sale Of Voice.com Domain Name For $30M In Cash,3,increase,0.75,0.6,,139,33,2.0,2019-06-18,86211.0,3.072563745081425,1.428670808672905,-3.7296469752188255,-3.496116906014246,5.686499550938606,6.967055651808796,6.459155916322001
17944,MATERIALISE NV,"Sigma Labs, Materialise Sign Non-Binding Memorandum Of Understanding To Cooperate In Integration Of Materialise MCP Controller With Sigma Lab's PrintRite3D Technology",3,increase,0.7,0.6,,153,33,2.0,2019-06-18,14705.0,1.230005268007517,0.9720642119646072,9.23451125372643,5.407055817418227,2.3929478600621223,7.896486888744003,7.468606207212458
17952,MACOM TECHNOLOGY SOLS HLDS INC,MACOM Technology shares are trading lower after the company announced a restructuring including a workforce reduction and said it will on longer invest in optical modules for data center applications. The company cut Q3 EPS and sales guidance.,3,decrease,0.85,0.7,,173,34,0.0,2019-06-18,13326.0,0.0,-3.606105968356133,-6.171985713069084,7.004162303127326,1.1929829604923723,-2.8956250466535827,-1.0973927926461349
17960,MACOM TECHNOLOGY SOLS HLDS INC,"MACOM Cuts Q3 Prelim. Adj. EPS Guidance From $(0.08)-$(0.04) To $(0.41)-$(0.45), Cuts Sales Guidance From $120M-$124M To $107M-$109M",3,decrease,0.85,0.7,,183,34,0.0,2019-06-18,13326.0,0.0,-3.606105968356133,-6.171985713069084,7.004162303127326,1.1929829604923723,-2.8956250466535827,-1.0973927926461349
17968,MACOM TECHNOLOGY SOLS HLDS INC,MACOM Reports Restructuring Initiative Expected To Provide $50M In Annual Cost Savings; Co. To Cut 20% Of Total Workforce,3,decrease,0.75,0.6,,160,34,0.0,2019-06-18,13326.0,0.0,-3.606105968356133,-6.171985713069084,7.004162303127326,1.1929829604923723,-2.8956250466535827,-1.0973927926461349
17976,NORTHROP GRUMMAN CORP,"Raytheon, Northrop Grumman Earlier Reported Signing Of Teaming Agreement On Scramjet-Powered Tactical Missile Systems",3,increase,0.75,0.6,,154,29,2.0,2019-06-18,24766.0,1.202055532485247,0.638590008020401,2.541585358361842,3.3525974259648317,0.0129297564853914,0.5981199006049431,1.5154977944395354
17984,SERVICENOW INC,ServiceNow shares trading higher; not seeing company-specific news to justify move. The stock is leading the Software space higher today. The stock has rebounded 13% since the beginning of June when shares rebounded from support around $250.,3,increase,0.7,0.5,,171,33,2.0,2019-06-18,13447.0,2.942896634340286,1.01542416960001,-2.575724964686754,2.0060791667735556,0.8484839461743832,0.2812334140998462,2.4936510495575215
17992,NORTHERN TRUST CORP,"Deutsche Bank Downgrades Northern Trust to Hold, Lowers Price Target to $91",3,decrease,0.75,0.6,,144,34,0.0,2019-06-18,58246.0,0.6172106135636568,-1.33102023974061,-0.7407399859348351,6.331019829789386,-1.491333544254303,-1.5703750000873429,-1.7605062855198583
18000,NVIDIA CORP,Nvidia To Partner With Volvo On Self-Driving Trucks,3,increase,0.8,0.6,,131,33,2.0,2019-06-18,86580.0,5.412677675485611,0.1569794840179383,-0.9157568928015114,6.115901866253726,0.2696345327422023,-2.1786024310674224,-0.8002724556134488
18008,NVIDIA CORP,Volvo Group Partners With NVIDIA to Develop Advanced AI Platform for Autonomous Trucks,3,increase,0.8,0.6,,134,33,2.0,2019-06-18,86580.0,5.412677675485611,0.1569794840179383,-0.9157568928015114,6.115901866253726,0.2696345327422023,-2.1786024310674224,-0.8002724556134488
18016,ORACLE CORP,Oracle Analyst Issues Downgrade As $10B In Quarterly Buybacks Come To A Close,3,decrease,0.75,0.6,,140,34,0.0,2019-06-18,10104.0,-0.432899547740817,-0.4158813040703535,5.992435164167942,10.510392297754478,-0.2815272426232695,-1.318720464687717,-0.913834180374362
18024,ORACLE CORP,"UPDATE: Macquarie Downgrades Oracle To Neutral As Firm Notes 'Our checks for the FQ4 suggest that Oracle was able to close the quarter and the year in the final weeks, with some pockets of success like Cloud ERP, but it was a struggle'",3,decrease,0.75,0.6,,175,34,0.0,2019-06-18,10104.0,-0.432899547740817,-0.4158813040703535,5.992435164167942,10.510392297754478,-0.2815272426232695,-1.318720464687717,-0.913834180374362
18032,ORACLE CORP,Macquarie Downgrades Oracle to Neutral,3,decrease,0.75,0.6,,131,34,0.0,2019-06-18,10104.0,-0.432899547740817,-0.4158813040703535,5.992435164167942,10.510392297754478,-0.2815272426232695,-1.318720464687717,-0.913834180374362
18040,PACIFIC BIOSCIENCES CALIF INC,Pacific Biosciences of California shares are trading lower after CMA said that a possible deal with Illumina could raise competition concerns.,3,decrease,0.85,0.7,,155,34,0.0,2019-06-18,12360.0,-4.19161282479763,-2.0312517881393433,-6.250001512519942,-5.000002748751308,0.4511238075792789,0.3003000327984617,-0.8902068513102157
18048,PROSPERITY BANCSHARES INC,Prosperity Bancshares Announces Changes To Share Repurchase Plan,3,increase,0.75,0.6,,144,33,2.0,2019-06-18,86432.0,0.7034411653876305,1.6986757516860962,1.2382898753745764,6.016823321029374,-6.975013017654419,-6.43231012132679,-7.040428923316167
18056,PROSPERITY BANCSHARES INC,Raymond James Upgrades Prosperity Bancshares to Market Perform,3,increase,0.7,0.5,,144,29,2.0,2019-06-18,86432.0,0.7034411653876305,1.6986757516860962,1.2382898753745764,6.016823321029374,-6.975013017654419,-6.43231012132679,-7.040428923316167
18064,PETROLEO BRASILEIRO SA PETROBRAS,Brazil's State-Run Oil Company Petrobras Says Expects To Price Its Secondary Share Offering On June 25,3,uncertain,0.6,0.3,,159,34,1.0,2019-06-18,88490.0,2.134540304541588,0.9499658830463886,1.2032906187512182,-3.546550964639539,0.3896131180226803,-0.0646427052498732,1.643655574117853
18072,P G & E CORP,"PG&E Shares Volatile After Hours, Spiked Higher, Then Back Down; Local Napa, California Radio Station Twitter Account Shows 'Napa County, City of Napa, along with 7 other counties, cities, announced they and PG&E have accepted a mediator's proposal...'",3,uncertain,0.6,0.3,,181,34,1.0,2019-06-18,13688.0,1.377119962126017,7.262285053730011,12.852670803742347,17.032395253818322,2.164500206708908,3.2257967316304814,3.508768674520457
18080,PCTEL INC,PCTEL Announces 5-Port LTE Multiband Antenna For Fixed Industrial IoT Deployments,3,increase,0.75,0.6,,142,29,2.0,2019-06-18,87361.0,3.083697520196438,-0.8547000586986542,-2.136750439031876,4.059829918932545,-2.575104869902134,-1.5184417907249448,-2.260495503438942
18088,PROFIRE ENERGY INC,Profire Energy Acquires Millstream Energy Products For $2.5M,3,increase,0.7,0.6,,137,33,2.0,2019-06-18,14548.0,1.449273992329836,1.428570132702589,11.428569362631947,14.285718006343195,0.0,-3.496500104665756,0.7299264698122476
18096,PREMIER INC,"Guggenheim Initiates Coverage On Premier with Neutral Rating, Announces $41 Price Target",3,uncertain,0.6,0.2,,138,34,1.0,2019-06-18,14169.0,-0.5639175418764353,3.8347341120243073,6.508236326282124,5.076967656756914,0.5942766554653645,-1.141482724720455,-1.2463469876260125
18104,QUALCOMM INC,3 Things To Drive Qualcomm's Outlook Over Next 2 Years,3,increase,0.75,0.6,,132,33,2.0,2019-06-18,77178.0,4.123858362436295,-0.2223402261734008,0.8199054868169631,7.017791988995237,0.5675194784998894,-1.172600799883039,-0.6897482180801662
18112,QUALCOMM INC,"Morgan Stanley Sees 5G, Apple, Handset Market Dynamics Driving Outlook For Qualcomm Over Next 2 Years; Says 'Owning QCOM is still worth the noise'",3,increase,0.8,0.6,,155,29,2.0,2019-06-18,77178.0,4.123858362436295,-0.2223402261734008,0.8199054868169631,7.017791988995237,0.5675194784998894,-1.172600799883039,-0.6897482180801662
18120,QIAGEN NV,QIAGEN's Clinical Insight Selected By National Cancer Center Of Japan's Molecular Oncology Clinical Research And Precision Medicine Initiative,3,increase,0.8,0.6,,143,33,2.0,2019-06-18,83686.0,2.018161490559578,0.5687427241355181,-0.1730952534989338,0.5687427018365998,0.3036410082131624,0.0504807009147567,0.916498538815702
18128,QUICKLOGIC CORP,QuickLogic shares are trading lower after the company reported a common stock offering with no disclosed size.,3,decrease,0.8,0.6,,142,34,0.0,2019-06-18,87364.0,-8.632443845272064,-13.686290383338928,-16.89664891595344,-18.332867058594015,-0.256637274287641,-2.8253525075142005,-0.3333777317103381
18136,QUICKLOGIC CORP,QuickLogic Reports Common Stock Offering; Size Not Disclosed,3,decrease,0.7,0.5,,135,34,0.0,2019-06-18,87364.0,-8.632443845272064,-13.686290383338928,-16.89664891595344,-18.332867058594015,-0.256637274287641,-2.8253525075142005,-0.3333777317103381
18144,REGENERON PHARMACEUTICALS INC,"UPDATE: Argus Downgrades Regeneron To Hold As Firm Notes Co's 'primary revenue-generating drug, Eylea faces threats from competing products and the expiration of its patents'",3,decrease,0.85,0.7,,172,30,0.0,2019-06-18,76614.0,-1.398805715143681,1.3697230257093906,2.044806132966337,2.9025189233708337,1.8804943189024923,1.1580239885649268,1.5743425705994074
18152,REGENERON PHARMACEUTICALS INC,Argus Downgrades Regeneron Pharmaceuticals to Hold,3,decrease,0.75,0.6,,145,34,0.0,2019-06-18,76614.0,-1.398805715143681,1.3697230257093906,2.044806132966337,2.9025189233708337,1.8804943189024923,1.1580239885649268,1.5743425705994074
18160,ROCKWELL MEDICAL INC DE,Rockwell Medical shares are trading lower after the company reported a ~5.83 million share offering at $3 per share.,3,decrease,0.85,0.7,,152,34,0.0,2019-06-18,85744.0,-31.292515993118293,2.9702942818403244,2.3102286839283392,-4.290425133192411,5.5023930966854095,4.009436057155624,5.50239310684193
18168,ROCKWELL MEDICAL INC DE,Rockwell Medical Prices ~5.83M Share Offering At $3/Share,3,decrease,0.75,0.6,,144,34,0.0,2019-06-18,85744.0,-31.292515993118293,2.9702942818403244,2.3102286839283392,-4.290425133192411,5.5023930966854095,4.009436057155624,5.50239310684193
18176,RINGCENTRAL INC,"Needham Initiates Coverage On RingCentral with Buy Rating, Announces $140 Price Target",3,increase,0.85,0.7,,141,33,2.0,2019-06-18,14136.0,0.7781134452670813,-0.1527238287962973,-5.684707900383568,-2.5878186634879397,-0.9234191849827766,-1.0240408925039637,-0.7299895362776532
18184,SCHLUMBERGER LTD,Schlumberger Option Alert: Jul 19 $40 Calls Sweep (61) near the Ask: 879 @ $0.493 vs 1648 OI; Earnings 7/19 Before Open Ref=$37.0199,3,uncertain,0.6,0.3,,174,34,1.0,2019-06-18,14277.0,0.736498786136508,-1.137292105704546,4.467916393570781,6.092607446588727,2.031727135181427,-0.3533597832042767,3.035407570941917
18192,S M ENERGY CO,"Stephens & Co. Assumes SM Energy at Overweight, Announces $20 Price Target",3,increase,0.75,0.2,,140,33,2.0,2019-06-18,78170.0,6.56934529542923,-4.1952114552259445,2.1404112197213943,-2.3116476960689525,5.5876679718494415,0.5504629022481167,1.9534890534297136
18200,S M ENERGY CO,"UPDATE: SM Energy Raises Q2, FY19 Production Volumes Guidance By 400K Barrels Of Oil Equivalent; Sees Q2, FY19 Production ~43-44% Oil",3,increase,0.75,0.6,,160,29,2.0,2019-06-18,78170.0,6.56934529542923,-4.1952114552259445,2.1404112197213943,-2.3116476960689525,5.5876679718494415,0.5504629022481167,1.9534890534297136
18208,S M ENERGY CO,UPDATE: SM Energy Cites 'better than expected well performance and completion timing',3,increase,0.85,0.7,,137,33,2.0,2019-06-18,78170.0,6.56934529542923,-4.1952114552259445,2.1404112197213943,-2.3116476960689525,5.5876679718494415,0.5504629022481167,1.9534890534297136
18216,S M ENERGY CO,"SM Energy Raises Q2, FY19 Production Volumes Guidance",3,increase,0.8,0.6,,134,33,2.0,2019-06-18,78170.0,6.56934529542923,-4.1952114552259445,2.1404112197213943,-2.3116476960689525,5.5876679718494415,0.5504629022481167,1.9534890534297136
18224,SYNCHRONOSS TECHNOLOGIES INC,"Roth Capital Initiates Coverage On Synchronoss Technologies with Buy Rating, Announces $13 Price Target",3,increase,0.8,0.6,,149,29,2.0,2019-06-18,91366.0,10.19489988684654,6.394561380147934,2.040817592671207,11.56462445263129,-4.441259801387787,-5.790958278277014,-3.473223955342719
18232,SYNOVUS FINANCIAL CORP,"Raymond James Maintains Strong Buy on Synovus Financial, Lowers Price Target to $42",3,decrease,0.75,0.3,,150,30,0.0,2019-06-18,20053.0,2.935776859521866,-0.1782548963092267,-0.2981636363533768,3.2690472931953263,-0.9391020052134992,-0.7888298724551102,-0.4263075098726254
18240,S P PLUS CORP,Revolutionary Guards Chief Salami Says Iran's Ballistic Missiles With Great Precision Capable To Hit Carriers In Sea,3,uncertain,0.6,0.3,,149,34,1.0,2019-06-18,90194.0,-0.556759350001812,0.7776049431413412,-0.6531912590263866,3.20372855750779,0.3102770308032632,-0.2160484376575233,-1.4929856060404867
18248,SUNPOWER CORP,"UPDATE: Goldman Upgrades Sunpower, Sunrun, Solaredge Technologies As Firm Is 'incrementally positive on US residential solar stocks and see a number of tactically attractive buying opportunities ahead of 2H19 volume tailwinds'",3,increase,0.8,0.6,,168,29,2.0,2019-06-18,90978.0,22.58454114198685,3.0541913583874702,-1.4778290470182087,11.23153043309335,0.4854364320635795,-2.1276631851306016,4.020096804294959
18256,SUNPOWER CORP,SunPower shares are trading higher after Goldman Sachs upgraded the stock from Neutral to Buy and announced an $11 price target.,3,increase,0.85,0.7,,145,33,2.0,2019-06-18,90978.0,22.58454114198685,3.0541913583874702,-1.4778290470182087,11.23153043309335,0.4854364320635795,-2.1276631851306016,4.020096804294959
18264,SUNPOWER CORP,"Goldman Sachs Upgrades SunPower to Buy, Announces $11 Price Target",3,increase,0.85,0.7,,137,33,2.0,2019-06-18,90978.0,22.58454114198685,3.0541913583874702,-1.4778290470182087,11.23153043309335,0.4854364320635795,-2.1276631851306016,4.020096804294959
18272,STEEL DYNAMICS INC,"Steel Dynamics CEO Defends U.S. Capacity Expansion; Sees Rising Demand In U.S., Mexico",3,increase,0.75,0.6,,146,33,2.0,2019-06-18,84262.0,9.035459160804749,3.881114348769188,4.4405610130960005,6.252933963755258,-0.7567187305539846,-1.6497957392516471,0.7683397961860683
18280,STEEL DYNAMICS INC,Steel Dynamics Warns For Q2 Steel Shipments,3,decrease,0.8,0.6,,136,34,0.0,2019-06-18,84262.0,9.035459160804749,3.881114348769188,4.4405610130960005,6.252933963755258,-0.7567187305539846,-1.6497957392516471,0.7683397961860683
18288,SEAGATE TECHNOLOGY HOLDINGS PLC,Seagate 8-K Shows Co. Received ~$1.35B In Cash From Toshiba Memory Holdings For Redemption Of All Outstanding Shares Of Non-Convertible Preferred Stock Of TMHC Held By Co.,3,increase,0.8,0.6,,168,29,2.0,2019-06-18,89641.0,4.0577054023742685,-0.1976722152903676,1.49352150426858,4.129148013917239,0.2259428147226572,-0.4488347551120486,1.6498653489267712
18296,THERAVANCE BIOPHARMA INC,Theravance Biopharma Presents New Data From Phase 2 Study Of Ampreloxetine At 2019 International Association Of Parkinsonism And Related Disorders (IAPRD) World Congress,3,uncertain,0.6,0.3,,169,34,1.0,2019-06-18,14674.0,-0.5389230325818062,1.2040870264172554,-3.6122837688727705,1.866342546620614,4.702200368046761,-0.3579919985554625,2.5798529710369333
18304,TELEPHONE & DATA SYSTEMS INC,Telephone and Data Systems shares are trading higher after Morgan Stanley upgraded the stock from Equal-Weight to Overweight.,3,increase,0.85,0.7,,149,33,2.0,2019-06-18,63773.0,14.6817222237587,-0.1790437498129904,-6.1175746400353725,-7.1023551600437385,-0.3070629667490721,-1.6823688638938905,-1.1032503951824646
18312,TELEPHONE & DATA SYSTEMS INC,Morgan Stanley Upgrades Telephone and Data to Overweight,3,increase,0.85,0.7,,138,33,2.0,2019-06-18,63773.0,14.6817222237587,-0.1790437498129904,-6.1175746400353725,-7.1023551600437385,-0.3070629667490721,-1.6823688638938905,-1.1032503951824646
18320,TEMPUR SEALY INTERNATIONAL INC,"UPDATE: Tempur Sealy Entered Supply Deal With Mattress Firm To Reintroduce Tempur-Pedic, Stearns & Foster, Sealy-Branded Products Into ~2.5K Mattress Firm Stores Across US",3,increase,0.75,0.6,,171,33,2.0,2019-06-18,89971.0,1.250722818076611,2.2433647885918617,2.569924049261174,6.062752427975493,2.0689597353339195,1.32555872559319,1.6959006827588663
18328,TEMPUR SEALY INTERNATIONAL INC,UPDATE: Tempur Sealy Sees Added Net Sales From 3 Supply Deals $400M+,3,increase,0.8,0.6,,147,29,2.0,2019-06-18,89971.0,1.250722818076611,2.2433647885918617,2.569924049261174,6.062752427975493,2.0689597353339195,1.32555872559319,1.6959006827588663
18336,TEMPUR SEALY INTERNATIONAL INC,"Tempur Sealy Reports 2 New Third-Party Retail Relationships, Expansion Of An Existing Retailer Relationship",3,increase,0.75,0.6,,149,29,2.0,2019-06-18,89971.0,1.250722818076611,2.2433647885918617,2.569924049261174,6.062752427975493,2.0689597353339195,1.32555872559319,1.6959006827588663
18344,TYSON FOODS INC,Tyson Foods Option Alert: Jul 19 $85 Calls Sweep (3) near the Ask: 2001 @ $0.317 vs 4506 OI; Earnings 8/5 Before Open [est] Ref=$77.95,3,increase,0.7,0.6,,174,33,2.0,2019-06-18,77730.0,-1.7190862447023392,0.7514923810958862,3.614927205971896,5.3122549407271125,-4.12648618221283,-4.846722610252829,-4.10306601526389
18352,UNITED STATES CELLULAR CORP,United States Cellular shares are trading higher after Morgan Stanley upgraded the stock from Equal-Weight to Overweight.,3,increase,0.85,0.7,,146,33,2.0,2019-06-18,75320.0,14.395655691623691,-0.989315379410982,-7.024137731163349,-6.984572231445596,1.0059410706162453,-1.096928234907113,0.0226447325073042
18360,UNITED STATES CELLULAR CORP,Morgan Stanley Upgrades United States Cellular to Overweight,3,increase,0.85,0.7,,136,33,2.0,2019-06-18,75320.0,14.395655691623691,-0.989315379410982,-7.024137731163349,-6.984572231445596,1.0059410706162453,-1.096928234907113,0.0226447325073042
18368,V B I VACCINES INC NEW,"A Look At Benzinga Pro's Most-Searched Tickers For June 18, 2019",3,uncertain,0.5,0.5,,150,29,1.0,2019-06-18,16043.0,3.107694536447525,17.711135745048523,67.11429817351066,44.70307529338014,-65.6084656715393,-65.6084656715393,-65.6084656715393
18376,V B I VACCINES INC NEW,"VBI Vaccines 10%+ Owner Edelman Buys 1,000,000 @ Avg Price: $0.62",3,increase,0.75,0.5,,157,33,2.0,2019-06-18,16043.0,3.107694536447525,17.711135745048523,67.11429817351066,44.70307529338014,-65.6084656715393,-65.6084656715393,-65.6084656715393
18384,VIA RENEWABLES INC,"'word from @Viacom on the @CBS board meeting fri re the merger: ""complete silence"" (as of late last night) ' -Charlie Gasparino Tweets",3,uncertain,0.6,0.3,,163,34,1.0,2019-06-18,14830.0,-1.1524832807481291,0.1793763134628534,-5.6502169730457075,2.600896387849816,-0.4413079470396042,1.438847535495924,2.452311482360781
18392,WINNEBAGO INDUSTRIES INC,Q3 Earnings Preview For Winnebago Industries,3,uncertain,0.6,0.3,,137,25,1.0,2019-06-18,51086.0,4.230663180351257,3.7075456231832504,-3.370492948882442,-1.7111738851428029,0.1349142869003117,2.4289293370179044,3.428092301699293
18400,WHITEHORSE FINANCE INC,"Raymond James Initiates Coverage On WhiteHorse Finance with Outperform Rating, Announces $16 Price Target",3,increase,0.8,0.6,,146,29,2.0,2019-06-18,13714.0,0.6414836272597313,1.3810208067297935,0.0738134191817563,-0.2893005152053152,0.4294879268854856,-3.241381239050367,-3.241381239050367
18408,WYNN RESORTS LTD,"Shares of casino and gaming stocks trading higher after President Trump said he spoke with China's Xi and announced they will have an extended meeting at G20, renewing trade optimism.",3,increase,0.75,0.6,,158,29,2.0,2019-06-18,89533.0,5.463346838951111,0.2622948260977864,-2.49180401830561,8.99180418754697,0.060548132751137,-1.3053483434775637,0.8192457013635135
18416,UNITED STATES STEEL CORP NEW,"UPDATE: US Steel Sees Prelim. Q2 Adj. EPS ~$0.40 vs $0.52 Estimate, Adj. EBITDA ~$250M",3,decrease,0.75,0.6,,159,34,0.0,2019-06-18,76644.0,4.441259801387787,4.046640172600746,2.400551106803906,0.6858734112417331,1.306243147701025,-2.172392632235809,1.527272933164392
18424,UNITED STATES STEEL CORP NEW,US Steel Issues Q2 Guidance Below Analyst Estimates,3,decrease,0.85,0.7,,137,34,0.0,2019-06-18,76644.0,4.441259801387787,4.046640172600746,2.400551106803906,0.6858734112417331,1.306243147701025,-2.172392632235809,1.527272933164392
18432,SELECT SECTOR SPDR TRUST,Bernie Sanders  Tweet: The president won't address our health care crisis or climate change. But he will try to divide us up and go after undocumented people who have very little political power. That is what demagogues always do and that is why he must be defeated.,3,uncertain,0.4,0.2,,180,34,1.0,2019-06-18,86451.0,0.8509696461260319,0.8978733792901039,0.8812964307290061,1.685215737912649,0.449319090694189,0.2186798509989929,0.0982898159304523
18440,SPDR SERIES TRUST,"US Retail Economist/Goldman Chain Store Sales Up 2.7% During Week Ended Jun. 15, 2019, Up 3.1% Year Over Year",3,increase,0.75,0.6,,159,33,2.0,2019-06-18,91316.0,0.6166943348944187,-0.1178671373054385,-1.9316655633640711,-0.2265382237238933,0.1425210852175951,-0.0947888853267797,1.127371684581835
18448,A B M INDUSTRIES INC,ABM Industries Sees FY19 Adj. EPS $1.95-$2.05 vs $1.99 Est.,3,uncertain,0.6,0.2,,150,34,1.0,2019-06-05,47730.0,-0.8510630577802658,6.706009060144424,6.840137415337222,7.296141104194809,3.4957241266965866,3.7241337000163632,2.7041732724086165
18456,A B M INDUSTRIES INC,"ABM Industries Q2 Adj. EPS $0.47 Beats $0.41 Estimate, Sales $1.595B Miss $1.61B Estimate",3,uncertain,0.6,0.3,,158,34,1.0,2019-06-05,47730.0,-0.8510630577802658,6.706009060144424,6.840137415337222,7.296141104194809,3.4957241266965866,3.7241337000163632,2.7041732724086165
18464,AMERICAN EAGLE OUTFITTERS INC NE,American Eagle Outfitters Sees Q2 EPS $0.30-$0.32 vs $0.35 Est.,3,decrease,0.75,0.6,,159,34,0.0,2019-06-05,80432.0,0.1079938258044422,-5.1779985427856445,-10.463864102402331,-3.8835013721436384,3.348216414451599,6.436786677560158,4.514679401705002
18472,AMERICAN EAGLE OUTFITTERS INC NE,American Eagle Outfitters Says Total Ending Inventory Units For The Quarter Up 10%,3,uncertain,0.6,0.3,,151,34,1.0,2019-06-05,80432.0,0.1079938258044422,-5.1779985427856445,-10.463864102402331,-3.8835013721436384,3.348216414451599,6.436786677560158,4.514679401705002
18480,AMERICAN EAGLE OUTFITTERS INC NE,"American Eagle Outfitters Q1 Adj. EPS $0.24 Beats $0.21 Estimate, Sales $886M Beat $854.88M Estimate",3,increase,0.8,0.6,,167,33,2.0,2019-06-05,80432.0,0.1079938258044422,-5.1779985427856445,-10.463864102402331,-3.8835013721436384,3.348216414451599,6.436786677560158,4.514679401705002
18488,AMERICAN INTERNATIONAL GROUP INC,Deutsche Bank Downgrades American International Gr to Hold,3,decrease,0.75,0.6,,135,34,0.0,2019-06-05,66800.0,-0.2786578610539436,-0.2421778393909335,-1.3412839763097817,0.4515725837498818,2.124839276075363,5.4043511092718655,3.6388201346464033
18496,ALNYLAM PHARMACEUTICALS INC,Alnylam Completes Rolling Submission Of New Drug Application To FDA For Givosiran For The Treatment Of Acute Hepatic Porphyria,3,increase,0.75,0.6,,161,29,2.0,2019-06-05,90178.0,2.5436045601964,0.3543586004525423,-0.7795932437870801,2.01275421984326,2.886197529733181,1.8957442576035044,0.1309912367540855
18504,ATARA BIOTHERAPEUTICS INC,Atara Biotherapeutics Intends To Provide Update Related To Ongoing Discussions With FDA Regarding Development Of Tab-Cel,3,uncertain,0.6,0.3,,153,34,1.0,2019-06-05,14991.0,-4.216620326042175,-2.4600762873888016,-5.481227665474631,-5.826501326909805,3.7307068705558777,8.914910204448478,6.18963928451266
18512,ATENTO S A,"Morgan Stanley Downgrades Atento to Equal-Weight, Lowers Price Target to $3",3,decrease,0.85,0.7,,141,34,0.0,2019-06-05,14986.0,-4.460971057415009,2.723742090165615,-6.225675510880291,-5.836570907142857,0.0,1.127818413078785,1.5094324511407686
18520,ACTIVISION BLIZZARD INC,Gamers Rejoice: You've Got Another ETF,3,increase,0.75,0.6,,136,33,2.0,2019-06-05,79678.0,2.086677029728889,-0.988316722214222,1.2803228089642849,1.8194099888935833,2.902311272919178,0.5533817396646823,0.1147823885683463
18528,AVISTA CORP,"KeyBanc Assumes Avista at Underweight, Announces $35 Price Target",3,decrease,0.75,0.6,,138,34,0.0,2019-06-05,24969.0,-0.141071155667305,0.2119146520271897,4.1911907739981435,4.520833822612391,-0.2345819491893053,1.843870826110128,2.8785645336810495
18536,BUILD A BEAR WORKSHOP INC,"Small Cap Consumer Research Initiates Coverage On Build-A-Bear Workshop with Buy Rating, Announces $7.5 Price Target",3,increase,0.75,0.6,,152,29,2.0,2019-06-05,90371.0,-0.6896544713526964,1.3888875022530556,4.166662524769205,1.3888875501599784,11.324378848075868,15.07936966692114,19.58763527382059
18544,BANK OF NEW YORK MELLON CORP,"Morgan Stanley Maintains Overweight on Bank of New York Mellon, Lowers Price Target to $50",3,uncertain,0.6,0.3,,152,30,1.0,2019-06-05,49656.0,-1.535335928201675,0.4815388470888138,1.1235906418330277,-2.109612385125592,2.8803756460547447,3.747955812313464,2.4046264241023296
18552,BLACKROCK INC,Boaz Weinstein Sues BlackRock Alleging Corporate-Governance Failings; Argues BlackRock Blocked Outsiders From Gaining Board Seats At Three Closed-End Funds,3,decrease,0.75,0.6,,156,34,0.0,2019-06-05,87267.0,1.5925241634249692,0.246494822204113,1.848683394785944,3.8343075739404986,3.4841641783714294,4.564924877281218,1.8612726190394555
18560,ANHEUSER BUSCH INBEV SA NV,"Analyst Likes Tilray In The Long Run, But Says Stock Is Overvalued Right Now",3,uncertain,0.6,0.2,,153,29,1.0,2019-06-05,93013.0,-0.7981960661709309,0.9967598132789136,4.239229693578372,5.584246194096365,2.0175056532025337,3.120394117501357,1.893669850335966
18568,BLACKSTONE INC,"Morgan Stanley Maintains Overweight on Blackstone Group, Raises Price Target to $50",3,increase,0.8,0.6,,137,33,2.0,2019-06-05,92108.0,0.7035240996629,2.245503105223179,7.210576873702745,11.776440022110846,2.3136187344789505,5.151917798631933,1.4012721715648937
18576,CARNIVAL CORP,"Confirmed Co Will No Longer Be Permitted To Sail To Cuba, Effective Immediately, Due To Changes In US Policy",3,decrease,0.8,0.6,,146,34,0.0,2019-06-05,75154.0,-2.65875943005085,0.5305570084601641,4.912556495881715,3.8317955748803367,2.2691702470183372,2.129322401815248,1.4160999035926825
18584,CHURCHILL DOWNS INC,"Telsey Advisory Group Upgrades Churchill Downs to Outperform, Raises Price Target to $120",3,increase,0.85,0.7,,148,29,2.0,2019-06-05,79026.0,6.119868531823158,1.0910446755588057,4.877601289754163,6.298709810905945,3.671574965119362,4.260495932651787,6.651443310227889
18592,CIENA CORP,A Preview Of Ciena's Q2 Earnings,3,uncertain,0.6,0.3,,131,25,1.0,2019-06-05,84519.0,0.7016558665782213,26.7837256193161,19.871787731177193,22.79821758136027,2.6209672912955284,1.9748210986053616,0.4510850519972464
18600,CIRCOR INTERNATIONAL INC,CIRCOR Shares Now Up 1.2% For Session,3,increase,0.7,0.1,,137,33,2.0,2019-06-05,87268.0,1.204816438257694,0.584003422409296,0.2695394044464061,5.098832935766673,3.530242294073105,4.093713748891048,1.617003410750062
18608,CIRCOR INTERNATIONAL INC,CIRCOR Shares Spike Higher On Volume As Hearing Chatter Related To Crane,3,increase,0.75,0.6,,139,33,2.0,2019-06-05,87268.0,1.204816438257694,0.584003422409296,0.2695394044464061,5.098832935766673,3.530242294073105,4.093713748891048,1.617003410750062
18616,CLEARSIGN TECHNOLOGIES CORP,"UPDATE: ClearSign Says Heating District Agrees To Work With Co. To Install, Show Co.'s Technology In Its Boilers",3,increase,0.75,0.6,,155,29,2.0,2019-06-05,13369.0,0.0,-1.123594492673874,2.2471956427227324,21.348321191604704,-2.1978065371513367,-1.1111100072382474,-1.1111100072382474
18624,CLEARSIGN TECHNOLOGIES CORP,"ClearSign Highlights Updated, Expanded Memorandum Of Understanding With Heating District In Beijing, China, No Terms disclosed",3,uncertain,0.6,0.3,,151,30,1.0,2019-06-05,13369.0,0.0,-1.123594492673874,2.2471956427227324,21.348321191604704,-2.1978065371513367,-1.1111100072382474,-1.1111100072382474
18632,COMCAST CORP NEW,TiVo Wins Patent Case Against Comcast,3,decrease,0.8,0.6,,131,34,0.0,2019-06-05,89525.0,-0.2415514085441828,-0.3631905885413289,0.3631998522320767,4.455206372273857,1.0742247104644775,0.9756134514701476,-0.8145667612838636
18640,C M E GROUP INC,"UBS Maintains Neutral on CME Group, Raises Price Target to $190",3,uncertain,0.6,0.2,,139,30,1.0,2019-06-05,89626.0,2.523593604564667,0.5053004249930382,-0.1310716536384037,-0.9144348747026632,1.015547476708889,1.4782487756463514,1.351635456114786
18648,CHIPOTLE MEXICAN GRILL INC,Chipotle CFO Guides To 'Minor Impact' From Mexican Tariffs,3,increase,0.7,0.3,,147,29,2.0,2019-06-05,91068.0,2.612580917775631,1.869078166782856,8.57420546332559,8.369635107152718,3.197958320379257,0.3348669543128846,-2.333334581297952
18656,COMTECH TELECOMMUNICATIONS CORP,"Comtech Sees FY19 Adj. EPS ~$1.22 vs $1.18 Est., Sales $660M vs $674.94M Est.",3,uncertain,0.6,0.2,,161,34,1.0,2019-06-05,26201.0,0.6643029861152172,16.76199436187744,15.530139077433237,24.417075058507585,3.0579647049307823,6.761230920944006,4.055295589177965
18664,COMTECH TELECOMMUNICATIONS CORP,"Comtech Telecomms Q3 Adj. EPS $0.42 May Not Compare To $0.22 Estimate, Sales $170.4M Beat $162.3M Estimate",3,increase,0.75,0.6,,166,29,2.0,2019-06-05,26201.0,0.6643029861152172,16.76199436187744,15.530139077433237,24.417075058507585,3.0579647049307823,6.761230920944006,4.055295589177965
18672,COMTECH TELECOMMUNICATIONS CORP,Comtech Telecommunications Corp. Awarded $13.5M Additional Funding From US Army,3,increase,0.8,0.6,,147,33,2.0,2019-06-05,26201.0,0.6643029861152172,16.76199436187744,15.530139077433237,24.417075058507585,3.0579647049307823,6.761230920944006,4.055295589177965
18680,CENTERPOINT ENERGY INC,Morgan Stanley Initiates Coverage On CenterPoint Energy with Equal-Weight Rating,3,uncertain,0.6,0.2,,136,34,1.0,2019-06-05,21792.0,0.7633630186319351,0.3787833964452147,-0.2066162727727194,3.236909853742209,0.5582688376307487,1.3361432844182677,1.9455225705540924
18688,TEUCRIUM COMMODITY TRUST,Proposed Mexican List Of Possible Retaliatory Tariffs On US Goods Excludes Corn,3,increase,0.75,0.6,,147,33,2.0,2019-06-05,93424.0,-2.388057485222816,1.2843980453908443,2.7522865037940436,3.608563571258072,0.6610613781958818,0.2393830986034961,-1.5863716495439495
18696,CANADIAN PACIFIC KANSAS CITY LTD,Canadian Pacific Moves Record Grain Volumes In May,3,increase,0.8,0.6,,143,29,2.0,2019-06-05,89125.0,1.270309556275606,0.948425754904747,1.853142638621996,3.116254201126578,1.495950762182474,2.98098966395397,2.20301959621374
18704,CAMPBELL SOUP CO,Campbell Soup Trades Higher On Q3 Earnings Beat,3,increase,0.85,0.7,,136,33,2.0,2019-06-05,25320.0,10.02361476421356,2.5757167488336563,1.1924636085978602,-1.5979060522214985,1.9802026450634005,4.957309839631119,6.452517988316031
18712,CAMPBELL SOUP CO,Campbell Soup shares are trading higher after the company reported better-than-expected Q3 EPS and sales results. The company also raised FY19 EPS guidance.,3,increase,0.85,0.7,,156,33,2.0,2019-06-05,25320.0,10.02361476421356,2.5757167488336563,1.1924636085978602,-1.5979060522214985,1.9802026450634005,4.957309839631119,6.452517988316031
18720,CAMPBELL SOUP CO,Campbell Soup Raises FY19 Adj. EPS Guidance From $2.45-$2.53 To $2.50-$2.55 vs $2.47 Est.; Cuts Net Sales Guidance From $9.975B-$10.10B To $9.075B-$9.125B vs $9.94B Est.,3,decrease,0.75,0.6,,194,34,0.0,2019-06-05,25320.0,10.02361476421356,2.5757167488336563,1.1924636085978602,-1.5979060522214985,1.9802026450634005,4.957309839631119,6.452517988316031
18728,CAMPBELL SOUP CO,"Campbell Soup Q3 Adj. EPS $0.56 Beats $0.47 Estimate, Sales $2.388B Beats $2.36B Estimate",3,increase,0.8,0.6,,158,33,2.0,2019-06-05,25320.0,10.02361476421356,2.5757167488336563,1.1924636085978602,-1.5979060522214985,1.9802026450634005,4.957309839631119,6.452517988316031
18736,SALESFORCE INC,Wall Street Mostly Positive On Salesforce's Q1,3,increase,0.8,0.6,,131,33,2.0,2019-06-05,90215.0,5.059349536895752,0.5491006653755903,-4.519063226234977,-2.713963168631628,3.9352111518383026,-0.3962788497293701,-3.115768800986596
18744,SALESFORCE INC,Marc Benioff Tells Cramer Salesforce Is 'No. 1',3,increase,0.75,0.6,,137,29,2.0,2019-06-05,90215.0,5.059349536895752,0.5491006653755903,-4.519063226234977,-2.713963168631628,3.9352111518383026,-0.3962788497293701,-3.115768800986596
18752,SALESFORCE INC,"Nomura Maintains Buy on Salesforce.com, Lowers Price Target to $180",3,uncertain,0.6,0.3,,138,34,1.0,2019-06-05,90215.0,5.059349536895752,0.5491006653755903,-4.519063226234977,-2.713963168631628,3.9352111518383026,-0.3962788497293701,-3.115768800986596
18760,SALESFORCE INC,Salesforce.Com shares are trading higher after the company reported better-than-expected Q1 EPS and sales results. It also raised FY20 EPS guidance and issued FY20 sales guidance on the high-end of analyst estimates.,3,increase,0.85,0.7,,164,29,2.0,2019-06-05,90215.0,5.059349536895752,0.5491006653755903,-4.519063226234977,-2.713963168631628,3.9352111518383026,-0.3962788497293701,-3.115768800986596
18768,C V S HEALTH CORP,"CVS Turnaround Plan May Be 'Good Enough,' But Timeline Is The Question",3,uncertain,0.6,0.3,,142,34,1.0,2019-06-05,17005.0,-2.6547066867351528,1.767918840050697,0.9215755650235024,3.2349093314598454,2.303801290690899,4.296352848257401,3.545021553037908
18776,DEERE & CO,US Agriculture Under Secretary Mckinney Says US Agriculture Would Like To Get Back To Normal With Trade,3,increase,0.7,0.6,,142,33,2.0,2019-06-05,19350.0,0.4120355006307364,0.1846561790443956,1.7576201394683857,9.38312215540864,1.6260743141174316,3.888133585131426,2.780916435764702
18784,DEERE & CO,US Agriculture Under Secretary Mckinney Says 'There Has Been Disappointment' In Agriculture Sector Over Trump Tariff Plans,3,decrease,0.75,0.6,,146,34,0.0,2019-06-05,19350.0,0.4120355006307364,0.1846561790443956,1.7576201394683857,9.38312215540864,1.6260743141174316,3.888133585131426,2.780916435764702
18792,DYNAGAS L N G PARTNERS LP,"Dynagas LNG Partners Q1 EPS $(0.03) Misses $(0.01) Estimate, Sales $31.403M Beat $31.16M Estimate",3,uncertain,0.6,0.2,,168,34,1.0,2019-06-05,14308.0,-2.475245110690594,-18.274112045764923,-12.182741318193704,-26.39593765337853,15.42856991291046,27.044020508766643,18.128650582077643
18800,DIANA SHIPPING INC,Diana Shipping Inc. Announces Time Charter Contract For m/v P. S. Palios With SwissMarine,3,increase,0.75,0.6,,143,33,2.0,2019-06-05,90630.0,-2.960523590445518,2.033896371722222,0.3389827342319629,7.4576278528377005,4.467349499464035,1.6722392163540434,-0.6535940994720324
18808,EBAY INC,"eBay 8-K Shows Proposals Voted For, Against At Annual Shareholder Meeting",3,uncertain,0.6,0.3,,138,34,1.0,2019-06-05,86356.0,0.0547357893083244,0.6838073953986168,6.728662341039504,9.764768946752223,2.582824230194092,1.6977472139200869,0.4398016173104535
18816,ISHARES TRUST,"Donald J. Trump Tweet: Could not have been treated more warmly in the United Kingdom by the Royal Family or the people. Our relationship has never been better, and I see a very big Trade Deal down the road. ""This trip has been an incredible success for the President.",3,uncertain,0.5,0.2,,177,34,1.0,2019-06-05,14907.0,-0.0933787494432181,0.8099755272269249,1.9314728591679489,2.438461099168099,1.1649900116026402,1.3884522448594172,0.6263725457907654
18824,ISHARES INC,Ebrard Says Did Not Discuss Tariffs In Wednesday Meeting,3,uncertain,0.5,0.1,,134,29,1.0,2019-06-05,83223.0,0.6442765705287458,-0.7544623222202063,2.697751338444032,2.7146853017635086,1.8514201045036316,1.2581569369515266,-2.424790637155283
18832,ISHARES INC,"Donald J. Trump Tweet....talks with Mexico will resume tomorrow with the understanding that, if no agreement is reached, Tariffs at the 5% level will begin on Monday, with monthly increases as per schedule. The higher the Tariffs go, the higher the number of companies that will move back to the USA!",3,decrease,0.7,0.6,,186,34,0.0,2019-06-05,83223.0,0.6442765705287458,-0.7544623222202063,2.697751338444032,2.7146853017635086,1.8514201045036316,1.2581569369515266,-2.424790637155283
18840,ISHARES INC,"Donald J. TrumpTweet: Immigration discussions at the White House with representatives of Mexico have ended for the day. Progress is being made, but not nearly enough! Border arrests for May are at 133,000 because of Mexico & the Democrats in Congress refusing to budge on immigration reform. Further...",3,uncertain,0.6,0.3,,181,34,1.0,2019-06-05,83223.0,0.6442765705287458,-0.7544623222202063,2.697751338444032,2.7146853017635086,1.8514201045036316,1.2581569369515266,-2.424790637155283
18848,ISHARES INC,"'US and Mexico trade officials fail to reach a deal on tariffs, immigration: NBC News' -Recent CNBC Article",3,decrease,0.7,0.5,,144,34,0.0,2019-06-05,83223.0,0.6442765705287458,-0.7544623222202063,2.697751338444032,2.7146853017635086,1.8514201045036316,1.2581569369515266,-2.424790637155283
18856,ISHARES INC,"FOX Business On Air Showing Cameras And Microphone Set Up Outside Of White House, May Be Press Conference Following Us Talks With Mexican Delegation",3,uncertain,0.5,0.2,,149,34,1.0,2019-06-05,83223.0,0.6442765705287458,-0.7544623222202063,2.697751338444032,2.7146853017635086,1.8514201045036316,1.2581569369515266,-2.424790637155283
18864,ISHARES INC,US Agriculture Secretary Sonny Perdue Says He'S Hopeful That US And Mexico Can Reach An Accord To Avoid The Tariffs,3,increase,0.7,0.5,,146,33,2.0,2019-06-05,83223.0,0.6442765705287458,-0.7544623222202063,2.697751338444032,2.7146853017635086,1.8514201045036316,1.2581569369515266,-2.424790637155283
18872,ISHARES INC,"Mexican Sources Suggest Mexico Will Also Demand US Stops Flow Of Weapons, Ammunition To Criminal Cartels, Says Will Not Accept 'Safe Third Country Status' Which Requires Central American Asylum Claimants To Seek Refuge In Mexico Instead Of US",3,uncertain,0.6,0.3,,170,34,1.0,2019-06-05,83223.0,0.6442765705287458,-0.7544623222202063,2.697751338444032,2.7146853017635086,1.8514201045036316,1.2581569369515266,-2.424790637155283
18880,ISHARES INC,"Mexican Source Suggests Mexico Will Make Own Demands In Talks To Stave Off US Tariffs Including Redirecting US Security Funds Under 'Merida Initiative' To Mexican Southern Border Development, Along With Marshall Plan",3,uncertain,0.6,0.3,,164,34,1.0,2019-06-05,83223.0,0.6442765705287458,-0.7544623222202063,2.697751338444032,2.7146853017635086,1.8514201045036316,1.2581569369515266,-2.424790637155283
18888,ISHARES INC,Mexican Delegation Arrives At White House For Trade Talks,3,uncertain,0.6,0.3,,134,34,1.0,2019-06-05,83223.0,0.6442765705287458,-0.7544623222202063,2.697751338444032,2.7146853017635086,1.8514201045036316,1.2581569369515266,-2.424790637155283
18896,ISHARES INC,'White House downplays chance of deal to avert Mexico tariffs' -Recent AP Article,3,decrease,0.75,0.6,,139,34,0.0,2019-06-05,83223.0,0.6442765705287458,-0.7544623222202063,2.697751338444032,2.7146853017635086,1.8514201045036316,1.2581569369515266,-2.424790637155283
18904,ISHARES INC,"US Talking Points In Mexican Tariff Meeting Include: 1. Increased Asylum Cooperation, 2. Clampdown On Trafficking Networks, 3. Mexican Southern Border Enforcement, 4 Maintaining, Increasing Immigration Detentions",3,uncertain,0.6,0.3,,167,34,1.0,2019-06-05,83223.0,0.6442765705287458,-0.7544623222202063,2.697751338444032,2.7146853017635086,1.8514201045036316,1.2581569369515266,-2.424790637155283
18912,ISHARES INC,"White House Meeting With Mexican Officials On Immigration, Trade Moved To 3:30 P.M. (1930 Gmt )",3,uncertain,0.5,0.2,,147,34,1.0,2019-06-05,83223.0,0.6442765705287458,-0.7544623222202063,2.697751338444032,2.7146853017635086,1.8514201045036316,1.2581569369515266,-2.424790637155283
18920,ISHARES INC,"Mexican Pres Obrador Says Received Official List Of Proposed Retaliatory Tariffs Which Could Be Imposed On US Products If Trump Tariffs Take Effect, No Decision Has Been Made On Retaliatory Tariffs",3,uncertain,0.6,0.3,,164,34,1.0,2019-06-05,83223.0,0.6442765705287458,-0.7544623222202063,2.697751338444032,2.7146853017635086,1.8514201045036316,1.2581569369515266,-2.424790637155283
18928,ISHARES INC,US Senate Finance Committee Chair Grassley Says Sees Announcement On Possible Tariff Deal With Mexico Thurs. Night,3,increase,0.7,0.6,,143,33,2.0,2019-06-05,83223.0,0.6442765705287458,-0.7544623222202063,2.697751338444032,2.7146853017635086,1.8514201045036316,1.2581569369515266,-2.424790637155283
18936,ISHARES INC,US Senate Finance Committee Chair Grassley Says Mexican Officials Going Into Talks With US With 'Long List Of Things' It Will Offer To Avert Tariffs,3,uncertain,0.6,0.3,,152,34,1.0,2019-06-05,83223.0,0.6442765705287458,-0.7544623222202063,2.697751338444032,2.7146853017635086,1.8514201045036316,1.2581569369515266,-2.424790637155283
18944,ISHARES INC,US Senate Finance Committee Chair Grassley Believes US Will Not Impose Tariffs On Mexican Imports,3,increase,0.75,0.6,,141,33,2.0,2019-06-05,83223.0,0.6442765705287458,-0.7544623222202063,2.697751338444032,2.7146853017635086,1.8514201045036316,1.2581569369515266,-2.424790637155283
18952,ISHARES INC,Mexican President Lopez Obrador Says Mexico Is Discussing Diversification Of Exports,3,uncertain,0.6,0.3,,138,34,1.0,2019-06-05,83223.0,0.6442765705287458,-0.7544623222202063,2.697751338444032,2.7146853017635086,1.8514201045036316,1.2581569369515266,-2.424790637155283
18960,ISHARES INC,Mexican Pres Obrador Says Admin. Optimistic Deal Can Be Reached In Trade Talks Today,3,uncertain,0.6,0.3,,141,34,1.0,2019-06-05,83223.0,0.6442765705287458,-0.7544623222202063,2.697751338444032,2.7146853017635086,1.8514201045036316,1.2581569369515266,-2.424790637155283
18968,ISHARES INC,Hearing White House Advisor Navarro Says Tariffs With Mexico May Not Have To Go Into Effect,3,increase,0.7,0.6,,140,33,2.0,2019-06-05,83223.0,0.6442765705287458,-0.7544623222202063,2.697751338444032,2.7146853017635086,1.8514201045036316,1.2581569369515266,-2.424790637155283
18976,ISHARES INC,"Fed's Kaplan Says Businesses Face Uncertainty, Consumers Are In Good Shape; Says Recent Threats Against Mexico Have 'Chilling' Effect On Business",3,uncertain,0.6,0.3,,151,34,1.0,2019-06-05,83223.0,0.6442765705287458,-0.7544623222202063,2.697751338444032,2.7146853017635086,1.8514201045036316,1.2581569369515266,-2.424790637155283
18984,ISHARES INC,"Donald J. Trump Tweet: ""House Republicans support the President on Tariffs with Mexico all the way, & that makes any measure the President takes on the Border totally Veto proof. Why wouldn't you as Republicans support him when that will allow our President to make a better deal."" Thank you @GOPLeader",3,uncertain,0.6,0.3,,184,34,1.0,2019-06-05,83223.0,0.6442765705287458,-0.7544623222202063,2.697751338444032,2.7146853017635086,1.8514201045036316,1.2581569369515266,-2.424790637155283
18992,FORD MOTOR CO DEL,"Union Officials To Meet Ford Representatives On Thursday, Expect Announcement That Ford Will Close Bridgend Engine Plant",3,decrease,0.8,0.6,,143,34,0.0,2019-06-05,25785.0,-1.411293726414442,-0.3067457349970937,0.7157531432781639,2.6584891090138507,3.2258108258247375,4.201676377379426,1.848052401492617
19000,FUELCELL ENERGY INC,FuelCell Energy Enters Engagement Letter With Huron Consulting For Services Related To Restructuring And Contingency Planning,3,decrease,0.75,0.6,,147,34,0.0,2019-06-05,77699.0,-33.33333432674408,-18.256406486034393,-34.576922174323265,-69.94871614177379,0.8620681241154671,-1.6806806402182572,-6.4000036152937145
19008,FIVE BELOW INC,Five Below shares are trading higher after the company reported better-than-expected Q1 EPS and sales results. The company also raised its FY19 guidance.,3,increase,0.85,0.7,,149,33,2.0,2019-06-05,13527.0,-2.7887491509318347,-1.0077248327434063,6.371390868676885,5.071101539229295,1.6706842929124832,-1.6701575481547049,-2.118779160047135
19016,FIVE BELOW INC,Five Below Posts Q1 Earnings Beat,3,increase,0.8,0.6,,127,33,2.0,2019-06-05,13527.0,-2.7887491509318347,-1.0077248327434063,6.371390868676885,5.071101539229295,1.6706842929124832,-1.6701575481547049,-2.118779160047135
19024,FIVE BELOW INC,"UPDATE: Five Below Raises FY19 Guidance: EPS From $3-$3.07 To $3.11-$3.18, Sales From $1.87B-$1.89B To $1.865B-$1.885B",3,increase,0.85,0.7,,170,33,2.0,2019-06-05,13527.0,-2.7887491509318347,-1.0077248327434063,6.371390868676885,5.071101539229295,1.6706842929124832,-1.6701575481547049,-2.118779160047135
19032,FIVE BELOW INC,"Five Below Says Q2, FY19 Guidance 'now includes the expectation that Section 301 tariffs will be 25% on List 1, 2 and 3 goods'",3,decrease,0.75,0.6,,155,34,0.0,2019-06-05,13527.0,-2.7887491509318347,-1.0077248327434063,6.371390868676885,5.071101539229295,1.6706842929124832,-1.6701575481547049,-2.118779160047135
19040,FIVE BELOW INC,Five Below Q1 Comps Up 1.3%,3,uncertain,0.6,0.2,,131,34,1.0,2019-06-05,13527.0,-2.7887491509318347,-1.0077248327434063,6.371390868676885,5.071101539229295,1.6706842929124832,-1.6701575481547049,-2.118779160047135
19048,FIVE BELOW INC,Five Below Raises FY19 EPS Guidance,3,increase,0.85,0.7,,127,33,2.0,2019-06-05,13527.0,-2.7887491509318347,-1.0077248327434063,6.371390868676885,5.071101539229295,1.6706842929124832,-1.6701575481547049,-2.118779160047135
19056,FIVE BELOW INC,"Five Below Q1 Adj. EPS $0.35 Beats $0.34 Estimate, Sales $364.8M Beat $363.95M Estimate",3,increase,0.8,0.6,,151,29,2.0,2019-06-05,13527.0,-2.7887491509318347,-1.0077248327434063,6.371390868676885,5.071101539229295,1.6706842929124832,-1.6701575481547049,-2.118779160047135
19064,FLEETCOR TECHNOLOGIES INC,"Goldman Sachs Upgrades Fleetcor Technologies to Buy, Raises Price Target to $305",3,increase,0.85,0.7,,147,33,2.0,2019-06-05,12449.0,-0.7884880527853966,-0.1271575922146439,6.282534445369081,10.323867117202322,1.350537221878767,-1.7660035881430949,-2.7005288491577017
19072,FORESTAR GROUP INC NEW,"Buckingham Research Initiates Coverage On Forestar Gr with Buy Rating, Announces $23 Price Target",3,increase,0.8,0.6,,143,29,2.0,2019-06-05,16965.0,-0.7931976579129696,1.8275253474712372,3.997709200822275,3.997709217844791,1.088204700499773,-1.4517042907897015,-3.44639517262596
19080,FRESHPET INC,Freshpet Reports Offering Of ~3.29M Shares Of Common Stock Via Selling Shareholders,3,decrease,0.75,0.6,,142,34,0.0,2019-06-05,15067.0,-1.739316433668137,1.6421422362327576,1.32224121358262,5.246319186561443,4.442991316318512,2.689907586560203,2.645729373501471
19088,GREIF INC,"Greif Narrows FY19 Guidance: Adj. EPS From $3.60-$4 To $3.70-$4 vs $3.68 Estimate, Raises Adj. Free Cash Flow Guidance From $215M-$245M To $230M-$250M",3,increase,0.75,0.6,,173,33,2.0,2019-06-05,83233.0,0.2064997795969247,-12.416279315948486,-7.238540174114993,-13.299570055938036,3.306671231985092,9.31152163398854,8.759132281214876
19096,GREIF INC,"Greif Narrows FY19 Guidance: Adj. EPS From $3.60-$4 To $3.70-$4 vs $3.68 Estimate, Raises Adj. Free Cash Flow Guidance From $215M-$245M To $230M-$250M",3,increase,0.75,0.6,,173,33,2.0,2019-06-05,83233.0,0.2064997795969247,-12.416279315948486,-7.238540174114993,-13.299570055938036,3.306671231985092,9.31152163398854,8.759132281214876
19104,GREIF INC,"Greif Q2 EPS $0.81, Inline, Sales $1.213B Miss $1.25B Estimate",3,decrease,0.75,0.6,,145,34,0.0,2019-06-05,83233.0,0.2064997795969247,-12.416279315948486,-7.238540174114993,-13.299570055938036,3.306671231985092,9.31152163398854,8.759132281214876
19112,GREIF INC,"Greif Q2 EPS $0.81, Inline, Sales $1.213B Miss $1.25B Estimate",3,decrease,0.75,0.6,,145,34,0.0,2019-06-05,83233.0,0.2064997795969247,-12.416279315948486,-7.238540174114993,-13.299570055938036,3.306671231985092,9.31152163398854,8.759132281214876
19120,GEO GROUP INC NEW,The GEO Group Announces 314-Bed Contract Capacity Expansion At Montgomery Processing Center In Texas; xpects Capacity Increase To Generate $10M In Annualized Revenues,3,increase,0.75,0.6,,154,29,2.0,2019-06-05,80774.0,1.324205100536346,1.8927447497844696,4.957189519671301,7.390713557780781,0.8287306874990463,-0.1368020723751639,1.2950914000328997
19128,GEVO INC,"Gevo Shares Spike Higher On Volume As Traders Circulate Patent Spec From European Patent Office For 'YEAST MICROORGANISMS WITH REDUCED BY-PRODUCT ACCUMULATION FOR IMPROVED PRODUCTION OF FUELS, CHEMICALS, AND AMINO ACIDS'",3,increase,0.75,0.6,,177,33,2.0,2019-06-05,12579.0,1.827680692076683,-4.102566093206406,-0.5128198959391872,5.128200247106429,0.7894729264080524,2.4064147782158596,-0.7772013928037391
19136,G III APPAREL GROUP INC,"G-III Apparel Group Sees Q2 Adj. EPS $0.17-$0.27 vs $0.27 Est., Sales Around $660M vs $664.75M Est.",3,decrease,0.75,0.6,,167,34,0.0,2019-06-05,75905.0,-9.39001515507698,-4.569566994905472,1.0607921936222953,7.833537162477966,4.885607957839966,5.130197172690587,0.4829091040743583
19144,G III APPAREL GROUP INC,"G-III Apparel Group Q1 Adj. EPS $0.25 Beats $0.22 Estimate, Sales $634M Miss $650.45M Estimate",3,uncertain,0.6,0.3,,160,34,1.0,2019-06-05,75905.0,-9.39001515507698,-4.569566994905472,1.0607921936222953,7.833537162477966,4.885607957839966,5.130197172690587,0.4829091040743583
19152,GAMESTOP CORP NEW,GameStop Analysts See Hard Road Ahead For Retailer After Poorly Received Q1,3,decrease,0.85,0.7,,140,34,0.0,2019-06-05,89301.0,-35.5498731136322,1.7857173457741735,9.12698534087486,11.706352703918975,4.6854134649038315,3.1662301858327746,2.894740358988357
19160,GAMESTOP CORP NEW,GameStop shares are trading lower after the company reported worse-than-expected Q1 sales results; the company also guided FY19 comps to be down 5-10% and eliminated its quarterly dividend.,3,decrease,0.85,0.7,,163,34,0.0,2019-06-05,89301.0,-35.5498731136322,1.7857173457741735,9.12698534087486,11.706352703918975,4.6854134649038315,3.1662301858327746,2.894740358988357
19168,CHART INDUSTRIES INC,"Chart Industries Reaffirms FY19 Guidance; Sees Adj. EPS $2.85-$3.20 vs $2.83 Est., Sales $1.41B-$1.46B vs $1.30B Est.",3,increase,0.75,0.6,,171,29,2.0,2019-06-05,91402.0,-1.025313325226307,1.892819628119469,-4.156541512503276,-9.169977351274582,1.9881241023540497,3.0927872333486928,1.1912390391946248
19176,CHART INDUSTRIES INC,Chart Industries Receives $1.1B Of Financing Commitments,3,increase,0.8,0.6,,137,29,2.0,2019-06-05,91402.0,-1.025313325226307,1.892819628119469,-4.156541512503276,-9.169977351274582,1.9881241023540497,3.0927872333486928,1.1912390391946248
19184,HASBRO INC,"Toying With Tariffs: Trade War With Mexico Could Hurt Mattel, While China Spat Affects Hasbro",3,decrease,0.75,0.6,,143,34,0.0,2019-06-05,52978.0,0.4367206245660782,0.9372898377478124,3.1500649627969945,3.7105073377107,6.150202080607414,8.303554141970926,5.121408190961363
19192,HOVNANIAN ENTERPRISES INC,Hovnanian Enterprises Q2 Earnings Preview,3,uncertain,0.6,0.3,,141,29,1.0,2019-06-05,65285.0,-0.4990038927644491,-10.130393505096436,-20.86259151037909,-22.668006282090847,1.1099960654973984,5.473689067990972,11.086473871369362
19200,I D T CORP,"IDT Q3 EPS $0.2 Up From $0.07 YoY, Sales $341.3M Down From $365.41M YoY",3,uncertain,0.6,0.3,,157,34,1.0,2019-06-05,88988.0,-1.996929571032524,10.501568764448166,26.64576560260692,38.08777875531947,1.7187520861625671,0.7739967538288983,-3.6982246293662424
19208,INTERNATIONAL FLAVORS & FRAG INC,"International Flavors & Fragrances To Be ORganized Into Three Business Segments Taste, Scent And Nutrition & Ingredients",3,increase,0.7,0.6,,155,33,2.0,2019-06-05,40272.0,-1.60334836691618,5.221403390169144,7.4034805372164,5.52603858949523,3.112422302365303,5.929699266115396,6.125618661604615
19216,INTERNATIONAL FLAVORS & FRAG INC,"International Flavors & Fragrances Reiterates Guidance; Sees FY19 EPS $6.30-$6.50 vs $6.37 Est., Sales $5.2B-$5.3B vs $5.25B Est.",3,increase,0.75,0.6,,180,33,2.0,2019-06-05,40272.0,-1.60334836691618,5.221403390169144,7.4034805372164,5.52603858949523,3.112422302365303,5.929699266115396,6.125618661604615
19224,INFORMATION SERVICES GROUP INC,Information Services Group Reports Automation Software Partnership With Thoughtonomy,3,increase,0.75,0.6,,132,33,2.0,2019-06-05,91754.0,-3.409091755747795,-1.0084024630486963,2.857144291142943,9.243700977187874,-0.9646293707191944,-0.9646293707191944,-2.5316506480907663
19232,ISHARES TRUST,Russia's Putin Says Russia And China Support Stabilisation Of Situation In Venezuela,3,uncertain,0.5,0.2,,136,34,1.0,2019-06-05,89190.0,-1.570986956357956,1.0742739774286747,2.701035053241241,4.3720321973134135,1.5337424352765083,2.223586751586093,1.783511740320054
19240,JOHNSON CONTROLS INTL PLC,Johnson Controls Intl Option Alert: Jun 14 $45 Calls at the Ask: 13000 @ $0.021 vs 276642 OI; Earnings 7/30 Before Open [est] Ref=$39.615,3,uncertain,0.6,0.3,,176,34,1.0,2019-06-05,45356.0,-0.2275604521855712,-0.0253378646448254,0.1773939646097178,-1.0136790421761854,1.4102544635534286,2.6739324735376213,1.592599388630922
19248,O P E N L A N E INC,KAR Board Of Directors Approves IAA Salvage Auction Business Spin-Off,3,uncertain,0.5,0.5,,147,29,1.0,2019-06-05,93174.0,1.046127174049616,1.6123570501804352,2.257301108939269,4.548540949160662,2.0654652267694473,3.717538370826734,2.360455406456241
19256,KIRKLANDS INC,Kirkland's Q1 Earnings Preview,3,uncertain,0.5,0.3,,134,25,1.0,2019-06-05,89449.0,-3.644643723964691,-50.35461187362671,-45.153665437817125,-42.78959578886544,7.598038017749786,8.932993566710667,6.038647606657177
19264,KEMPER CORP DE,Kemper Prices 1.35M Share Public Offering of Common Stock for Gross Proceeds of ~$112.1M; ~$83.03/Share,3,decrease,0.75,0.6,,157,34,0.0,2019-06-05,76136.0,-1.609865017235279,0.3224610351026058,2.4125123433536455,5.684933043103935,0.7577544543892145,2.5424759088823023,2.1486028906982924
19272,KRATOS DEFENSE & SECUR SOLS INC,Kratos Receives $31.8M Drone Contract Award From US Air Force,3,increase,0.85,0.7,,152,29,2.0,2019-06-05,87430.0,-0.7901681587100029,-1.6814205795526505,-4.247792029432973,-2.5663715239628515,1.9239386543631551,3.310664290423082,1.7873170055096257
19280,KRATOS DEFENSE & SECUR SOLS INC,Kratos Receives $31.8M Sole Source Unmanned Aerial Target Drone Contract Award From United States Air Force,3,increase,0.85,0.7,,161,29,2.0,2019-06-05,87430.0,-0.7901681587100029,-1.6814205795526505,-4.247792029432973,-2.5663715239628515,1.9239386543631551,3.310664290423082,1.7873170055096257
19288,KRATOS DEFENSE & SECUR SOLS INC,Noble Capital Markets Downgrades Kratos Defense & Security to Market Perform,3,decrease,0.8,0.6,,151,34,0.0,2019-06-05,87430.0,-0.7901681587100029,-1.6814205795526505,-4.247792029432973,-2.5663715239628515,1.9239386543631551,3.310664290423082,1.7873170055096257
19296,GLADSTONE LAND CORP,Gladstone Land Announces Acquisition Of Blueberry Farms in Michigan for $7.8M And Expectation Of Minimal Impact From Trade Tariffs,3,increase,0.75,0.6,,153,29,2.0,2019-06-05,13756.0,-1.029296219348907,-2.400001510977745,-0.4800033614203336,-1.071747116720978,0.3177121747285127,1.854842736291351,3.7797865257410246
19304,LABORATORY CORP AMERICA HLDGS,LabCorp Announces New Leadership Roles,3,uncertain,0.6,0.2,,140,34,1.0,2019-06-05,12062.0,0.2463520271703601,0.2337565412744879,-0.2217664351494175,1.5943441217689758,1.6801076009869576,2.349174148214761,1.873047502526437
19312,LILLY ELI & CO,Lilly To Present Data From Dermatology Portfolio At 24th World Congress Of Dermatology,3,increase,0.75,0.6,,146,29,2.0,2019-06-05,50876.0,-0.4593406803905964,0.4101891536265611,-1.5211063185156082,-1.529647287170044,0.6765444297343493,1.3972702104266377,1.4322657557192198
19320,LILLY ELI & CO,EliLilly Announces FDA Approval of Emgality as the First and Only Medication for the Treatment of Episodic Cluster Headache that Reduces the Frequency of Attacks,3,increase,0.85,0.7,,163,29,2.0,2019-06-05,50876.0,-0.4593406803905964,0.4101891536265611,-1.5211063185156082,-1.529647287170044,0.6765444297343493,1.3972702104266377,1.4322657557192198
19328,LA Z BOY INC,La-Z-Boy Sees Prelim. FY19 Sales ~$1.75B vs $1.76B Estimate,3,decrease,0.75,0.2,,148,34,0.0,2019-06-05,48347.0,-1.033674832433462,-12.444041669368744,-9.131595632050704,-3.16322769360593,5.090004205703735,5.187953037825266,5.713399738873304
19336,LA Z BOY INC,La-Z-Boy Sees Prelim. FY19 Adj. EPS $2.13-$2.15 vs $2.20 Estimate,3,decrease,0.75,0.5,,152,34,0.0,2019-06-05,48347.0,-1.033674832433462,-12.444041669368744,-9.131595632050704,-3.16322769360593,5.090004205703735,5.187953037825266,5.713399738873304
19344,MEDTRONIC PLC,Wells Fargo: Medtronic An Accelerating Growth Story Trading At A Discount,3,increase,0.8,0.6,,140,33,2.0,2019-06-05,60097.0,2.266708388924599,-0.0517898006364703,1.0150136747440808,2.278608873711252,1.1571860872209072,1.9766707661768468,1.9766707661768468
19352,MEDTRONIC PLC,"Wells Fargo Upgrades Medtronic to Outperform, Raises Price Target to $110",3,increase,0.8,0.6,,142,29,2.0,2019-06-05,60097.0,2.266708388924599,-0.0517898006364703,1.0150136747440808,2.278608873711252,1.1571860872209072,1.9766707661768468,1.9766707661768468
19360,MIND TECHNOLOGY INC,"Mitcham Industries Q1 EPS $(0.24) Misses $(0.19) Estimate, Sales $9.857M Miss $11.75M Estimate",3,decrease,0.85,0.7,,158,34,0.0,2019-06-05,81165.0,1.265821605920792,-2.74999737739563,-2.4999976434119886,-1.2499988497374217,0.7653053849935532,9.418286948942669,7.336955831926728
19368,MARKETAXESS HLDGS INC,MarketAxess Holdings shares are trading higher after Buckingham Research raised the price target of the stock from $241 to $245.,3,increase,0.75,0.6,,152,29,2.0,2019-06-05,90454.0,5.910668894648552,3.175504505634308,2.6767713480974065,4.605438050607447,1.6654184088110924,0.4365012389021316,5.338781568732798
19376,MARKETAXESS HLDGS INC,"Buckingham Research Maintains Neutral on MarketAxess Holdings, Raises Price Target to $245",3,uncertain,0.6,0.2,,146,30,1.0,2019-06-05,90454.0,5.910668894648552,3.175504505634308,2.6767713480974065,4.605438050607447,1.6654184088110924,0.4365012389021316,5.338781568732798
19384,ALTRIA GROUP INC,Analyst: Cronos And Altria Make A Powerful Team,3,increase,0.75,0.6,,136,33,2.0,2019-06-05,13901.0,-1.447837334126234,2.1332288160920143,3.823710068479369,1.9914231842832475,0.638721976429224,2.772109107178422,0.4182414849270621
19392,ALTRIA GROUP INC,"Bank Of America Double Upgrades Cronos, Says Bear Thesis 'Increasingly Untenable'",3,increase,0.7,0.5,,142,33,2.0,2019-06-05,13901.0,-1.447837334126234,2.1332288160920143,3.823710068479369,1.9914231842832475,0.638721976429224,2.772109107178422,0.4182414849270621
19400,MOLINA HEALTHCARE INC,Jon Najarian Sees Unusual Options Activity In PayPal And Molina Healthcare,3,uncertain,0.6,0.3,,139,34,1.0,2019-06-05,89781.0,0.5112734623253344,1.2651639990508556,-3.5411457933769985,-4.545455462522985,5.1195427775383,7.240266769753134,13.200261862166096
19408,MOTORCAR PARTS OF AMERICA INC,Motorcar Parts Of America Announces Increased Revolving Credit Facility,3,increase,0.75,0.6,,141,29,2.0,2019-06-05,80341.0,-1.328902412205935,-2.0763127133250237,6.5095387650297765,-7.35128853498932,2.4390261620283127,1.976286786805037,-4.947371442467996
19416,MARVELL TECHNOLOGY INC,"Marvell Reports Extended Strategic Partnership With Arm: 'Includes Substantial Investment from Arm for Marvell ThunderX Development,' 'Both Companies Agree to Commit Dedicated Resources and Collaborate through 2022'",3,increase,0.75,0.6,,164,29,2.0,2019-06-05,88360.0,-1.067463681101799,2.2442834451794624,3.841171273423316,4.920152871859607,4.787470772862434,5.022425638217731,5.543035375990923
19424,NEUROCRINE BIOSCIENCES INC,"Guggenheim Initiates Coverage On Neurocrine Biosciences with Neutral Rating, Announces $88 Price Target",3,uncertain,0.6,0.2,,155,30,1.0,2019-06-05,83534.0,-2.80251819640398,-1.246177963912487,2.0769756959474694,4.36163681103785,2.4951256811618805,-0.6723281915435031,1.213944699271874
19432,NASDAQ INC,Nasdaq Collaborates With Microsoft To Expand Use Of Equity Market Data,3,increase,0.75,0.6,,133,29,2.0,2019-06-05,90601.0,3.6869321018457417,-0.3015189431607723,-0.7589971055449118,0.8372541748714379,2.259952761232853,2.338926343182668,2.327634474635687
19440,NETFLIX INC,"Netflix Testing A Feed Of Video Extras In Mobile App, May Not Become Permanent",3,uncertain,0.6,0.3,,137,34,1.0,2019-06-05,89393.0,0.6593144033104181,0.3935551736503839,-2.8589135557780088,2.1898567166530825,4.98172752559185,2.948029577341549,0.4405253420405985
19448,NORTHERN TRUST CORP,"Morgan Stanley Maintains Underweight on Northern Trust, Lowers Price Target to $95",3,decrease,0.8,0.6,,143,34,0.0,2019-06-05,58246.0,-1.225963234901428,-0.1366462558507919,0.2163544135859396,-2.258808968065973,3.5522978752851486,3.9639933141920825,1.4259638338519398
19456,NVIDIA CORP,Nvidia to Adopt Samsung 7nm EUV Process in Next-gen GPU Production,3,increase,0.8,0.6,,136,29,2.0,2019-06-05,86580.0,-1.202798075973988,1.7695356160402298,3.482444929072037,8.380518510376088,6.891912966966629,5.566213489657379,2.7963477113566615
19464,N V 5 GLOBAL INC,NV5 Acquires Air Quality Consulting Firm Alta Environmental; Terms Not Disclosed,3,increase,0.7,0.6,,141,33,2.0,2019-06-05,14166.0,3.565196320414543,-1.1795899830758572,-7.944148220114011,-6.259032862082325,2.7802666649222374,3.1768505143642267,-0.2982821993200324
19472,NORTHWEST NATURAL HOLDING CO,Northwest Natural Holding shares are trading lower after the company reported a 1.25 million share common stock offering.,3,decrease,0.8,0.6,,150,34,0.0,2019-06-05,58334.0,-4.408612474799156,1.4328344725072384,2.9552288301649243,3.1641831463184555,0.1428753836080432,1.8453888560289844,3.883199947685711
19480,N X P SEMICONDUCTORS N V,"Stifel Nicolaus Upgrades NXP Semiconductors to Hold, Raises Price Target to $95",3,increase,0.75,0.6,,152,29,2.0,2019-06-05,12084.0,-1.2469622306525712,-1.241301279515028,0.3317336747904464,3.2367217317873953,5.578489601612091,7.338921740896054,4.126320675058004
19488,N X P SEMICONDUCTORS N V,"NXP, Momenta Collaborate on Automotive-Grade Driver Monitoring Systems",3,increase,0.75,0.6,,146,29,2.0,2019-06-05,12084.0,-1.2469622306525712,-1.241301279515028,0.3317336747904464,3.2367217317873953,5.578489601612091,7.338921740896054,4.126320675058004
19496,ORACLE CORP,Microsoft And Oracle To interconnect Microsoft Azure And Oracle Cloud,3,increase,0.8,0.6,,133,33,2.0,2019-06-05,10104.0,0.1537831849418581,0.9405022487044334,2.9174673056206135,1.113247238238424,3.542990982532501,2.80632802862697,0.5800448544702075
19504,O S I SYSTEMS INC,OSI Systems Says It Has Been Notified That DOJ And SEC Investigations Into Co. Have Closed,3,increase,0.8,0.6,,145,33,2.0,2019-06-05,85488.0,4.437534511089325,-1.1727518402040005,0.847995010928071,2.345510673407336,2.501203492283821,2.461630560872119,2.6102057680667867
19512,PAN AMERICAN SILVER CORP,Pan American Silver Option Alert: Jul 19 $12 Calls Sweep (6) near the Ask: 521 @ $0.417 vs 1022 OI; Ref=$11.61,3,increase,0.7,0.6,,167,33,2.0,2019-06-05,81734.0,0.8733658120036125,-0.7792220916599035,-0.3463198022435776,1.991338213908822,-0.0872620323207229,5.33578604534235,9.464625172027064
19520,P G & E CORP,PG&E Spoke With Lawmakers Related To Forming ~$11B Pool Of Capital To Settle Claims Related To Wildfires,3,uncertain,0.6,0.3,,151,34,1.0,2019-06-05,13688.0,10.7257217168808,1.060237642377615,-12.09638656319296,-1.0602373875437388,4.751259833574295,9.590639236140897,5.399319524376689
19528,P G & E CORP,San Francisco Explores Potential Acquisition Of PG&E Assets,3,uncertain,0.6,0.3,,136,34,1.0,2019-06-05,13688.0,10.7257217168808,1.060237642377615,-12.09638656319296,-1.0602373875437388,4.751259833574295,9.590639236140897,5.399319524376689
19536,PUBLIC SERVICE ENTERPRISE GP INC,KeyBanc Initiates Coverage On Public Service Enterprise with Sector Weight Rating,3,uncertain,0.6,0.3,,140,34,1.0,2019-06-05,23712.0,1.6835017129778858,0.6456923205405474,0.412099227927909,1.0294532305910264,0.0505349424201995,1.0891818271679954,1.244253283301644
19544,PREFERRED BANK LOS ANGELES,"Preferred Bank Faces Risk From Fed Rate Cuts, DA Davidson Says In Downgrade",3,decrease,0.75,0.6,,140,34,0.0,2019-06-05,90603.0,-3.5798002034425744,0.97237266600132,2.9392305323812984,2.0110493690264297,4.080727696418762,7.219556291617235,4.0115279325194875
19552,PREFERRED BANK LOS ANGELES,"DA Davidson Downgrades Preferred Bank to Neutral, Lowers Price Target to $52",3,decrease,0.85,0.7,,141,34,0.0,2019-06-05,90603.0,-3.5798002034425744,0.97237266600132,2.9392305323812984,2.0110493690264297,4.080727696418762,7.219556291617235,4.0115279325194875
19560,PREFERRED BANK LOS ANGELES,"DA Davidson Downgrades Preferred Bank to Neutral, Announces $52 Price Target",3,decrease,0.8,0.6,,139,34,0.0,2019-06-05,90603.0,-3.5798002034425744,0.97237266600132,2.9392305323812984,2.0110493690264297,4.080727696418762,7.219556291617235,4.0115279325194875
19568,PFIZER INC,"Pfizer Shares Closed Up 0.6%, Seemingly Unaffected Following Negative Washington Post Article From Late Tues. 'Pfizer had clues its blockbuster drug could prevent Alzheimer's. Why didn't it tell the world?'",3,uncertain,0.6,0.2,,163,34,1.0,2019-06-05,21936.0,0.591996219009161,0.5414301995187998,1.4124347019878192,2.4011309810441306,0.7395071443170309,1.7100170389989122,0.7875847019251925
19576,QIAGEN NV,QIAGEN and DiaSorin collaborate on novel QuantiFERON-based test with breakthrough potential for earlier detection of Lyme disease,3,increase,0.75,0.6,,146,29,2.0,2019-06-05,83686.0,1.306165102869272,-0.5672960542142391,1.2893244531083647,4.873644750059314,0.8429918438196182,0.5252020468429652,1.0826508125787448
19584,UNIQURE N V,4 Momentum Stocks To Watch,3,uncertain,0.6,0.3,,129,34,1.0,2019-06-05,14466.0,4.891149699687958,-2.964955568313598,-5.781662253485608,4.366584708475463,9.436878561973572,19.271616792905167,23.00469408948178
19592,UNIQURE N V,Adam Feuerstein Tweet: I call b******t. Do you people know where Goldman holds this conference? No one cancels for a schedule conflict,3,decrease,0.75,0.6,,153,34,0.0,2019-06-05,14466.0,4.891149699687958,-2.964955568313598,-5.781662253485608,4.366584708475463,9.436878561973572,19.271616792905167,23.00469408948178
19600,ROYAL CARIBBEAN CRUISES LTD,UPDATE: Royal Caribbean Says Is Working On Alternate Itineraries For 2020 Sailings,3,uncertain,0.6,0.3,,154,34,1.0,2019-06-05,79145.0,-2.501852437853813,0.1434947014786303,4.895750403638077,3.5283198151086603,0.6710896734148264,0.3734376144022278,-0.5980456552283298
19608,ROYAL CARIBBEAN CRUISES LTD,"UPDATE: Royal Caribbean Says Guests On 2 Ships Will Have Option To Cancel Current Booking For Full Refund Or Keep Sailing Date With New Itinerary, 50% Refund",3,uncertain,0.6,0.3,,169,34,1.0,2019-06-05,79145.0,-2.501852437853813,0.1434947014786303,4.895750403638077,3.5283198151086603,0.6710896734148264,0.3734376144022278,-0.5980456552283298
19616,REWALK ROBOTICS LTD,ReWalk Robotics Announces Exercise Of Warrants Resulting In Cash Proceeds of $10.8M Through Agreement For Investors To Purchase Shares At $7.50/Share,3,increase,0.75,0.6,,162,33,2.0,2019-06-05,14936.0,122.89156913757324,-29.054054617881775,-30.000002153389993,-35.54054064499946,5.396820232272148,-6.4788736745287405,-14.211885513906209
19624,REWALK ROBOTICS LTD,"Rewalk's Robotic Stroke Therapy System Gets FDA Nod, Shares Soar 175%",3,increase,0.85,0.7,,145,33,2.0,2019-06-05,14936.0,122.89156913757324,-29.054054617881775,-30.000002153389993,-35.54054064499946,5.396820232272148,-6.4788736745287405,-14.211885513906209
19632,SAIA INC,Old Dominion Report Sees An LTL Market That Is Slowing,3,decrease,0.75,0.6,,133,34,0.0,2019-06-05,89506.0,-1.7290562391281132,-0.3758135018870234,3.723950018733002,4.663477420320872,3.133659064769745,0.966101249258866,-0.8488716842884769
19640,ORIGIN AGRITECH LTD,Origin Agritech And Beijing Changping Technology Report Biotech Commercialization Joint Venture With Value Of RMB204B,3,increase,0.8,0.6,,147,33,2.0,2019-06-05,90976.0,-5.426355451345444,-4.91802804172039,-8.688520261754796,-8.254098010680156,6.085524335503578,5.392155529529341,6.365429731775829
19648,SIENTRA INC,"Wells Fargo Upgrades Sientra After FDA, Financing Concerns Ease",3,increase,0.8,0.6,,137,33,2.0,2019-06-05,15016.0,7.667206972837448,-2.7272701263427734,-3.0303003008719243,3.6363673576600863,12.89135068655014,5.326460023548707,-0.9693038077629336
19656,SIENTRA INC,Sientra shares are trading higher after analysts at Wells Fargo upgraded the stock from Market Perform to Outperform and raises the price target from $8 to $10.,3,increase,0.85,0.7,,154,33,2.0,2019-06-05,15016.0,7.667206972837448,-2.7272701263427734,-3.0303003008719243,3.6363673576600863,12.89135068655014,5.326460023548707,-0.9693038077629336
19664,SIENTRA INC,"Wells Fargo Upgrades Sientra to Outperform, Raises Price Target to $10",3,increase,0.8,0.6,,140,29,2.0,2019-06-05,15016.0,7.667206972837448,-2.7272701263427734,-3.0303003008719243,3.6363673576600863,12.89135068655014,5.326460023548707,-0.9693038077629336
19672,SIGNET JEWELERS LTD,Q1 Earnings Preview For Signet Jewelers,3,uncertain,0.6,0.3,,137,25,1.0,2019-06-05,12076.0,-5.452778935432434,-1.2358381412923336,-3.7590087609676193,-9.577757843922596,7.426778227090836,8.90774250274009,2.189057233580183
19680,SMUCKER J M CO,A Preview Of JM Smucker's Q4 Earnings,3,uncertain,0.6,0.3,,136,34,1.0,2019-06-05,42585.0,0.5296979565173389,-2.3072004318237305,-1.117676296675307,-3.5047095352037205,0.2413478912785649,2.5008234685736985,2.830734009410052
19688,SCOTTS MIRACLE GRO CO,"UPDATE: ScottsMiracle-Gro Raises FY19 Adj. EPS Guidance From $4.10-$4.30 To $4.20-$4.40 vs $4.31 Estimate, Sales Growth From 10-11% To 13-14% Year Over Year",3,increase,0.85,0.7,,184,33,2.0,2019-06-05,77300.0,0.4965757485479115,1.4274767599999905,3.008672251064337,8.13660215003118,-0.6032635923475027,1.2174735381073276,0.4322281493878366
19696,SCOTTS MIRACLE GRO CO,ScottsMiracle-Gro Raises Prelim. FY19 Guidance,3,increase,0.85,0.7,,141,33,2.0,2019-06-05,77300.0,0.4965757485479115,1.4274767599999905,3.008672251064337,8.13660215003118,-0.6032635923475027,1.2174735381073276,0.4322281493878366
19704,SMITH & NEPHEW PLC,Smith & Nephew Shares Unaffected Following Press Release Highlighting Launch Of CONQUEST FN Femoral Neck Fracture System,3,uncertain,0.6,0.2,,154,34,1.0,2019-06-05,87444.0,0.5209595430642366,0.4004668444395065,1.5783230908219537,2.638395625771306,-0.4713663831353187,-0.094631924886801,-0.2598030407648166
19712,SYNOPSYS INC,Synopsys Reports $100M Buyback,3,increase,0.75,0.6,,131,33,2.0,2019-06-05,77357.0,2.481999434530735,0.9423039853572844,4.761112828454284,5.513306334428836,4.091349244117737,1.382686843675862,0.8629546331634819
19720,SPECTRUM BRANDS HOLDINGS INC NEW,Campbell Soup Co Executive On Mexico Tariffs Says Recent Discussions Around Mexico Could Have A Fairly Nominal Impact On Cost Inputs,3,uncertain,0.6,0.2,,159,34,1.0,2019-06-05,38295.0,0.8582217618823051,-0.5105501040816307,0.7488128778603054,-3.080322723436446,6.216955184936523,10.613252989868728,5.447960950825315
19728,S & T BANCORP INC,"S&T Bancorp, DNB Financial Report Merger At $47.28/Share",3,increase,0.75,0.6,,148,33,2.0,2019-06-05,77528.0,-1.548383198678493,-3.460025414824486,-1.1009227753940087,-1.9135081908826843,2.867008000612259,2.785143890276043,1.786184246168432
19736,TYSON FOODS INC,"China's Cabinet Says Will Strengthen Control Of African Swine Fever, Recover Hog Production; Says Will Encourage Restocking Of Hogs",3,increase,0.75,0.6,,150,33,2.0,2019-06-05,77730.0,1.613511517643929,1.476246677339077,1.587890817156401,-3.53553963530594,1.6269590705633163,4.532879797273481,3.3750378375203116
19744,UNITED NATURAL FOODS INC,"United Natural Foods Sees FY19 GAAP EPS $(5.85)-$(5.65), Warns Adj. EBITDA Tracking Closer To Low End Of Previously-Issued Range",3,decrease,0.85,0.7,,163,34,0.0,2019-06-05,84275.0,-1.7291095107793812,-2.4437928572297096,2.737054607176792,-6.842617991763511,5.792679637670517,2.5615786110813277,-4.670331726838029
19752,UNITED NATURAL FOODS INC,"United Natural Foods Q3 Adj. EPS $0.61 Beats $0.52 Estimate, Sales $5.962B Miss $6.22B Estimate",3,uncertain,0.6,0.3,,158,34,1.0,2019-06-05,84275.0,-1.7291095107793812,-2.4437928572297096,2.737054607176792,-6.842617991763511,5.792679637670517,2.5615786110813277,-4.670331726838029
19760,U S BANCORP DEL,U.S. Bank Receives $70M In Tax Credit Allocations,3,increase,0.75,0.6,,142,33,2.0,2019-06-05,66157.0,0.5746011156588793,0.4951478447765112,0.3427924516868241,-0.7427146524000783,2.917405031621456,4.0039807141951655,3.5912649314008283
19768,VALE S A,Vale Says Vargem Grande Dam Has Had Its Emergency Level Reduced From 2 To 1,3,increase,0.75,0.6,,141,33,2.0,2019-06-05,89330.0,-1.819624193012714,0.9669612161815166,6.607572055764255,9.10556087690808,1.282057724893093,1.3632724106555028,0.8778979419556521
19776,VIA RENEWABLES INC,'sources say the talks are fluid and might result in no deal but if it happens Shari Redstone leaves her mark on company created by her ailing father and could become chairwoman of @CBS @Viacom combo' -FBN's Gaspario Tweets,3,uncertain,0.6,0.3,,181,34,1.0,2019-06-05,14830.0,1.9191974774003029,0.5946428515017033,9.117939272815278,10.703666179394244,-0.1009104889817535,1.0204022727307471,-1.197613205838599
19784,VIA RENEWABLES INC,'Shari Redstone poss chairwoman Bob Bakish CEO. Joe Ianniello's future uncertain' -FBN's Charlie Gasparino Tweets (2/2),3,uncertain,0.6,0.3,,162,34,1.0,2019-06-05,14830.0,1.9191974774003029,0.5946428515017033,9.117939272815278,10.703666179394244,-0.1009104889817535,1.0204022727307471,-1.197613205838599
19792,VIA RENEWABLES INC,"'SCOOP: @CBS - @Viacom merger talks progress to a poss late June early July announcement; Board discusses deal as ""merger of equals"" but CBS shareholders cld receive a premium in newco' -FBN's Charlie Gasparino Tweets (1/2)",3,uncertain,0.6,0.3,,185,34,1.0,2019-06-05,14830.0,1.9191974774003029,0.5946428515017033,9.117939272815278,10.703666179394244,-0.1009104889817535,1.0204022727307471,-1.197613205838599
19800,CONTROLADORA VUELA COMP DE AVIA,"Volaris Reports May RPMs Up 26.3% YoY, ASMs Up 22.9% YoY",3,increase,0.8,0.6,,160,33,2.0,2019-06-05,14132.0,5.812571197748184,1.4574003405869007,8.295961364492111,14.686092312162092,0.9580829180777072,1.1130008026327688e-08,-6.541021157829974
19808,VMWARE INC,Analysts Point To Pivotal Software's Sales Execution Issues Following Mixed Q1,3,decrease,0.75,0.6,,136,34,0.0,2019-06-05,92257.0,-2.322240732610226,-2.013506181538105,3.252123889552272,1.802167265325183,3.1525321304798126,-1.4577931672004496,-8.734106376053107
19816,VERA BRADLEY INC,"Vera Bradley Sees Q2 EPS $0.25-$0.28 vs $0.29 Est., Sales $115M-$120M vs $114.26M Est.; Sees FY20 EPS $0.67-$0.74 vs $0.69 Est., Sales $425M-$440M vs $426.92M Est.",3,decrease,0.75,0.6,,198,34,0.0,2019-06-05,12363.0,1.705561764538288,-3.795236721634865,0.5295710792337704,4.854370213208092,-1.763666793704033,1.735164487067964,3.435467407930437
19824,VERA BRADLEY INC,"Vera Bradley Q1 EPS $(0.07), Inline, Sales $91M Beat $87.95M Estimate",3,uncertain,0.6,0.3,,150,34,1.0,2019-06-05,12363.0,1.705561764538288,-3.795236721634865,0.5295710792337704,4.854370213208092,-1.763666793704033,1.735164487067964,3.435467407930437
19832,W E X INC,"Goldman Sachs Upgrades WEX to Buy, Raises Price Target to $225",3,increase,0.85,0.7,,138,33,2.0,2019-06-05,90569.0,0.0523482565768063,1.3497969135642052,4.949255408660802,8.553942825461425,2.7317630127072334,1.1114590898519738,-0.6758881514943305
19840,WELLS FARGO & CO NEW,Wells Fargo Board Is Weighing Interim Chief Executive Parker As Permanent CEO,3,uncertain,0.6,0.3,,145,34,1.0,2019-06-05,38703.0,0.3940462134778499,0.130827643442899,-2.0715236704194173,-0.4579133723678796,2.605570107698441,2.952448449486189,1.3984485332771746
19848,WIPRO LTD,Wipro To Acquire International TechneGroup Incorporated; Terms Not Disclosed,3,increase,0.7,0.5,,136,33,2.0,2019-06-05,88683.0,-0.6696475204080343,0.0,1.7977618952274232,-1.5730270464519136,0.9008999913930892,1.3574646996409978,0.6741619832323797
19856,XENON PHARMACEUTICALS INC,Xenon Pharmaceuticals Highlights Presentation Of Corporate Update On Neurology-Focused Pipeline At Jefferies 2019 Healthcare Conference,3,increase,0.7,0.6,,158,33,2.0,2019-06-05,15089.0,0.1863975659944117,-1.4883706346154213,-16.558136676971035,-14.418606045133044,3.6714892834424977,6.237615070349389,7.085818690033285
19864,A E C O M,UPDATE: Starboard Value Says Outright Sale Of MS Segment May Be 'Prudent Course Of Action' For Current Shareholders,3,decrease,0.75,0.6,,149,34,0.0,2019-06-20,91975.0,0.5199743434786797,-0.3539370372891426,1.878569613068004,1.52464297830337,2.0100537687540054,3.8953735239974696,9.401195444648325
19872,A E C O M,"Starboard Value Delivers Letter To AECOM Board, Says Believes Co.'s Franchises Are Deeply Undervalued; Says Believes A More Expansive And Open-Minded Strategic Review Of Co.'s Assets Is Necessary And Co. Must Identify Path To Grow Profitability Of MS Unit",3,increase,0.75,0.6,,186,33,2.0,2019-06-20,91975.0,0.5199743434786797,-0.3539370372891426,1.878569613068004,1.52464297830337,2.0100537687540054,3.8953735239974696,9.401195444648325
19880,ACCENTURE PLC IRELAND,"Bank of America Maintains Neutral on Accenture, Raises Price Target to $186",3,increase,0.75,0.6,,144,29,2.0,2019-06-20,89071.0,1.39712281525135,-0.5146936979144812,-1.8871993558470912,2.610977336646636,-0.2981046447530389,0.0271903429361897,-0.5514431093435745
19888,ACCENTURE PLC IRELAND,"Citigroup Maintains Buy on Accenture, Raises Price Target to $211",3,increase,0.85,0.7,,143,29,2.0,2019-06-20,89071.0,1.39712281525135,-0.5146936979144812,-1.8871993558470912,2.610977336646636,-0.2981046447530389,0.0271903429361897,-0.5514431093435745
19896,ADOBE INC,Stephens Turns Bullish On Adobe: 3 Reasons Why,3,increase,0.8,0.6,,134,33,2.0,2019-06-20,75510.0,3.743001446127893,-0.9201942943036556,-2.939318530327617,0.6189882624575649,5.213524401187897,5.664000405666503,6.17252183745558
19904,ADOBE INC,"Stephens & Co. Upgrades Adobe to Overweight, Raises Price Target to $327",3,increase,0.85,0.7,,140,33,2.0,2019-06-20,75510.0,3.743001446127893,-0.9201942943036556,-2.939318530327617,0.6189882624575649,5.213524401187897,5.664000405666503,6.17252183745558
19912,A E S CORP,Bank of America Upgrades AES to Neutral,3,increase,0.7,0.5,,132,33,2.0,2019-06-20,76712.0,2.172604762017727,-1.0041351430118084,-2.303599572865267,1.1222710638022717,-1.603328064084053,-1.5448616795515902,-3.042717615317936
19920,ALIMERA SCIENCES INC,Alimera Sciences shares are trading higher after the company received a positive NICE recommendation for non-infectious Posterior Uveitis.,3,increase,0.85,0.7,,152,33,2.0,2019-06-20,93339.0,0.0,0.6195643451064825,1.5370706929473954e-07,-3.9239161098148623,0.0,0.0,-0.4975111689418554
19928,ALEXANDRIA REAL EST EQUITIES INC,Alexandria Real Estate Equities Reports 3.5M Share Common Stock Offering,3,decrease,0.75,0.6,,149,34,0.0,2019-06-20,84767.0,0.2540886867791413,-3.101443499326706,-5.916091360707143,-2.5976939235345275,0.5445727612823248,0.2614637757059279,-1.1566424581394008
19936,ALLIANCE RESOURCE PARTNERS,Bring Some Excitement To The MLP Trade,3,increase,0.75,0.6,,136,33,2.0,2019-06-20,87198.0,1.183436531573534,-0.7602401543408632,-1.1695950706178238,3.4502932614206783,-0.7633650209754705,-0.5297242746785336,-0.2949919979984727
19944,A S M L HOLDING N V,Wells Fargo Initiates Coverage On ASML Holding with Outperform Rating,3,increase,0.8,0.6,,144,29,2.0,2019-06-20,81472.0,2.459097653627396,0.3024896373972296,1.6512952854650376,4.011701224080366,1.0784748010337353,3.786125260090256,2.49974117478331
19952,BRIGHT HORIZONS FAM SOL INC NEW,"Goldman Sachs Upgrades Bright Horizons Family to Buy, Raises Price Target to $163",3,increase,0.85,0.7,,151,29,2.0,2019-06-20,13739.0,3.5410765558481225,1.395354699343443,2.599181352380553,5.8823572205727315,1.2041231617331505,0.9869757973677727,0.8571406858205011
19960,BROADWIND INC,Broadwind Energy Receives $30M Of New Tower Orders,3,increase,0.8,0.6,,136,33,2.0,2019-06-20,92917.0,2.173911035060883,-3.829783573746681,-14.893612853007532,-3.4510625282199725,0.0,3.1390104442834854,7.476627918999501
19968,CACI INTERNATIONAL INC,"Wells Fargo Maintains Outperform on CACI International, Raises Price Target to $250",3,increase,0.8,0.6,,140,33,2.0,2019-06-20,20512.0,1.673050224781036,-2.96670850366354,-1.9889334725413657,2.389580567292615,1.0684742592275145,1.5812841185449231,1.706538473343433
19976,CARNIVAL CORP,Carnival Falls After Cutting Guidance,3,decrease,0.85,0.7,,130,34,0.0,2019-06-20,75154.0,-7.645724713802338,-4.446717724204063,-5.901641753292486,-3.872949701476114,0.8781960234045982,1.071157975444148,-0.5271060877567568
19984,CARNIVAL CORP,Carnival Corporation Cuts FY19 Adj. EPS Guidance From  $4.35-$4.55 To $$4.25-$4.35 vs $4.54 Est.,3,decrease,0.85,0.7,,159,34,0.0,2019-06-20,75154.0,-7.645724713802338,-4.446717724204063,-5.901641753292486,-3.872949701476114,0.8781960234045982,1.071157975444148,-0.5271060877567568
19992,CARNIVAL CORP,"Carnival Q2 Adj. EPS $0.66 Beats $0.61 Estimate, Sales $4.84B Beat $4.53B Estimate",3,increase,0.8,0.6,,155,33,2.0,2019-06-20,75154.0,-7.645724713802338,-4.446717724204063,-5.901641753292486,-3.872949701476114,0.8781960234045982,1.071157975444148,-0.5271060877567568
20000,CODEXIS INC,Casdin Capital Invests $50M In Codexis With $16.40/Share Private Placement,3,increase,0.8,0.6,,143,33,2.0,2019-06-20,93345.0,2.455958351492882,0.3647717181593179,-3.3350770490288895,-3.12663044001521,2.405678480863571,5.283859318642259,7.335236145299251
20008,COMMERCIAL METALS CO,Commercial Metals Trades Higher On Q3 Earnings Beat,3,increase,0.85,0.7,,133,33,2.0,2019-06-20,30680.0,6.549118459224701,1.0047285817563534,4.07801740883762,5.973268275559707,1.2109658680856228,4.131148287722075,5.026456534413448
20016,COMMERCIAL METALS CO,"Commercial Metals Q3 EPS $0.67 Beats $0.64 Estimate, Sales $1.606B Miss $1.61B Estimate",3,uncertain,0.6,0.2,,153,30,1.0,2019-06-20,30680.0,6.549118459224701,1.0047285817563534,4.07801740883762,5.973268275559707,1.2109658680856228,4.131148287722075,5.026456534413448
20024,COMMSCOPE HOLDING CO INC,Commscope Holding Company Wins Jury Verdict Upholding Commscope's Patents Relating To Digital Distributed Antenna Systems,3,increase,0.8,0.6,,152,33,2.0,2019-06-20,14239.0,2.498400770127773,0.0625014305114746,-5.68749915050023,-1.875001117287567,-1.7002547159790993,-1.2650268651392738,-1.8238991143690209
20032,COMMSCOPE HOLDING CO INC,CommScope shares are trading higher after Goldman Sachs upgraded the stock from Neutral to Buy.,3,increase,0.85,0.7,,144,33,2.0,2019-06-20,14239.0,2.498400770127773,0.0625014305114746,-5.68749915050023,-1.875001117287567,-1.7002547159790993,-1.2650268651392738,-1.8238991143690209
20040,COMMSCOPE HOLDING CO INC,"Goldman Sachs Upgrades CommScope Holding Co to Buy, Lowers Price Target to $19",3,increase,0.7,0.5,,147,29,2.0,2019-06-20,14239.0,2.498400770127773,0.0625014305114746,-5.68749915050023,-1.875001117287567,-1.7002547159790993,-1.2650268651392738,-1.8238991143690209
20048,CENTRAL PACIFIC FINANCIAL CORP,Central Pacific Financial Reports $30M Buyback,3,increase,0.75,0.6,,139,33,2.0,2019-06-20,11628.0,-0.3498963778838515,0.1755658187903463,2.9845519844577284,6.98735877009542,-0.3486763685941696,0.7757380542579462,-1.0387785200596469
20056,DEUTSCHE BANK A G,Deutsche Bank Executives Expect US Fed To Continue Imposing Restrictions On US Business After Stress Test; Executives Hopeful Bank Will Receive Conditional Pass,3,uncertain,0.6,0.3,,157,30,1.0,2019-06-20,89199.0,0.0,0.1394665567204356,5.160388724816545,11.994416259962492,1.2711886316537857,5.13196340196167,5.596467221426393
20064,DISH NETWORK CORP,T-Mobile Prepares for Boost Auction if Dish Network Talks Stall,3,decrease,0.75,0.6,,136,34,0.0,2019-06-20,81696.0,0.4626067820936441,-0.2046606037765741,-2.3535481065986685,2.2512178877613476,-0.4859300330281257,-0.2051855203534236,3.649437708671477
20072,PHYSICIANS REALTY TRUST,"Citigroup Initiates Coverage On Physicians Realty Trust with Neutral Rating, Announces $18.5 Price Target",3,uncertain,0.6,0.2,,148,34,1.0,2019-06-20,14036.0,0.6564492825418711,-2.7717404067516327,-6.195648895560213,-3.568847671559605,0.6053968798369169,-0.4899300329983536,0.8830013251205804
20080,DARDEN RESTAURANTS INC,"Darden Restaurants Reports Mixed Q4 Earnings, Shares Fall",3,decrease,0.75,0.6,,141,34,0.0,2019-06-20,81655.0,1.073157694190741,2.1572472527623177,2.418473717988623,4.188085669934627,-0.4409366752952337,-0.7607082180326352,-1.896721772443133
20088,DARDEN RESTAURANTS INC,Darden Restaurants Sees FY20 GAAP EPS $6.30-$6.45,3,increase,0.75,0.6,,148,33,2.0,2019-06-20,81655.0,1.073157694190741,2.1572472527623177,2.418473717988623,4.188085669934627,-0.4409366752952337,-0.7607082180326352,-1.896721772443133
20096,DARDEN RESTAURANTS INC,Darden Restaurants Raises Quarterly Dividend From $0.75 To $0.88/Share,3,increase,0.85,0.7,,148,33,2.0,2019-06-20,81655.0,1.073157694190741,2.1572472527623177,2.418473717988623,4.188085669934627,-0.4409366752952337,-0.7607082180326352,-1.896721772443133
20104,DARDEN RESTAURANTS INC,"Darden Restaurants Q4 Adj. EPS $1.76 Beats $1.72 Estimate, Sales $2.23B Miss $2.24B Estimate",3,uncertain,0.6,0.3,,162,34,1.0,2019-06-20,81655.0,1.073157694190741,2.1572472527623177,2.418473717988623,4.188085669934627,-0.4409366752952337,-0.7607082180326352,-1.896721772443133
20112,DIREXION SHARES E T F TRUST,This Might Be The Leveraged Gold ETF To Consider,3,increase,0.75,0.6,,142,33,2.0,2019-06-20,12442.0,-13.11126500368118,-2.0391516387462616,-4.884932130737141,-7.172929001498596,-4.078860580921173,-6.6181339772598875,-7.958253752061162
20120,VAALCO ENERGY INC,VAALCO Energy Reports $10M Buyback,3,increase,0.75,0.6,,134,33,2.0,2019-06-20,78841.0,3.2894782721996307,7.643312215805054,12.101906538572836,5.732478496715299,-0.6535941734910011,3.4013573823421295,8.57142918049998
20128,EASTMAN CHEMICAL CO,Eastman To Acquire Yarn Producer INACSA,3,increase,0.75,0.6,,135,33,2.0,2019-06-20,80080.0,2.477998472750187,0.7003155071288347,1.7970409890881278,2.8673336155408347,-0.027080372092314,2.4698192658917595,2.4413957318188517
20136,EASTMAN CHEMICAL CO,Eastman To Acquire INACSA; Terms Not Disclosed,3,uncertain,0.6,0.3,,138,34,1.0,2019-06-20,80080.0,2.477998472750187,0.7003155071288347,1.7970409890881278,2.8673336155408347,-0.027080372092314,2.4698192658917595,2.4413957318188517
20144,ENPHASE ENERGY INC,H.C. Wainwright Downgrades Enphase Energy to Neutral,3,decrease,0.75,0.6,,138,34,0.0,2019-06-20,13323.0,-1.234565488994122,-4.130436107516289,-2.60869323748516,6.73912916056838,-0.9042557328939438,4.957741796868231,7.501438308110009
20152,ISHARES INC,German Federal Joint Committee Issues Exclusive Nationwide Reimbursement Decision For Oncotype Dx Breast Recurrence Score Test,3,uncertain,0.5,0.2,,142,29,1.0,2019-06-20,83213.0,1.054548751562834,-0.1079549663700163,-0.1439399415367304,1.007552271625145,0.2917575649917125,2.1165974320720427,2.035744038907672
20160,ISHARES TRUST,It's Hunt Vs. Johnson In British Leadership Race,3,uncertain,0.5,0.2,,131,34,1.0,2019-06-20,14907.0,0.7174034137278795,-0.4335688427090645,-0.619389119511482,0.4025929387499571,0.3128982847556472,1.5199539196279366,1.239978144272058
20168,ISHARES TRUST,UK PM Candidates Johnson And Hunt Progress To Ballot Of Conservative Party Members,3,uncertain,0.5,0.2,,136,34,1.0,2019-06-20,14907.0,0.7174034137278795,-0.4335688427090645,-0.619389119511482,0.4025929387499571,0.3128982847556472,1.5199539196279366,1.239978144272058
20176,FORD MOTOR CO DEL,WTO Chief Azevedo Says A Meeting Between President Trump And President Xi Would Be 'A Welcome Sign',3,increase,0.7,0.6,,145,33,2.0,2019-06-20,25785.0,0.0,-0.498009892180562,1.593623870358174,1.593623951044454,-0.5940635222941637,-0.0995047380405789,0.601206671920318
20184,FEDEX CORP,"Despite Talk Of Budding Rivalry, Amazon And UPS May Find They're Stuck With Each Other",3,uncertain,0.6,0.3,,141,34,1.0,2019-06-20,60628.0,1.164746936410666,-1.483675930649042,-2.6991228240687337,-3.4974990151990237,0.1322599593549966,1.7346667787339063,1.2215099433284804
20192,FEDEX CORP,"Raymond James Maintains Outperform on FedEx, Lowers Price Target to $200",3,uncertain,0.6,0.2,,140,34,1.0,2019-06-20,60628.0,1.164746936410666,-1.483675930649042,-2.6991228240687337,-3.4974990151990237,0.1322599593549966,1.7346667787339063,1.2215099433284804
20200,FIRST FINANCIAL BANCORP OHIO,"Piper Jaffray Upgrades First Financial Bancorp to Overweight, Raises Price Target to $29",3,increase,0.85,0.7,,155,29,2.0,2019-06-20,35685.0,4.637814313173294,-0.2532772021368146,0.6753899197804225,3.7990698471835223,-0.6581900641322136,2.1660629849267643,0.2657195905562126
20208,FRESENIUS MED CARE AG & CO KGAA,Barclays Upgrades Fresenius Medical Care to Overweight,3,increase,0.8,0.6,,150,33,2.0,2019-06-20,83987.0,1.4184432104229932,-0.3496488090604543,-2.472531644011078,-0.2497559565245777,3.0540280044078827,4.527400190307063,5.533279085816667
20216,GENERAL MILLS INC,General Mills Reaps Strategic Advantage As 'Shipper Of Choice',3,increase,0.75,0.6,,134,33,2.0,2019-06-20,17144.0,1.312829647213221,-0.4627915564924478,-3.3320977658550133,0.2961864085062826,1.6587205231189728,0.6417518867301908,-0.1685080693170526
20224,SPDR GOLD TRUST,"Interest Rates, Gold, Trade: Benzinga Trading Summit Panelists On Where The Market Is Headed",3,uncertain,0.6,0.3,,142,34,1.0,2019-06-20,90448.0,2.517789602279663,0.6635612342506647,1.3194994210301123,0.7855989036752886,0.6057242397218943,1.1147976249212157,1.0508864533680828
20232,ALPHABET INC,Leveraging Instagram To Build Cannabis Businesses,3,uncertain,0.6,0.3,,129,34,1.0,2019-06-20,90319.0,0.7867689244449139,1.093248650431633,-3.285119389147606,1.7485705645878369,-0.0660472374875098,0.97084668616656,1.6763288048198488
20240,H C A HEALTHCARE INC,Seeing Weakness In HCA Healthcare; Dip May Be Tied To Earlier Reports Indicating President Trump Is Planning On Issuing An Executive Order On Healthcare Pricing Transparency,3,decrease,0.75,0.6,,158,34,0.0,2019-06-20,12622.0,-1.55265498906374,0.1171095413155853,4.700190574875074,8.158960596568686,0.8058333769440651,1.505818782548651,2.7402739330906867
20248,HOLOGIC INC,"Hologic Enters Into Exclusive Negotiations To Acquire SuperSonic Imagine, French Ultrasound Innovator For €1.50/Share",3,increase,0.75,0.6,,149,33,2.0,2019-06-20,76095.0,0.3057433990761638,-0.2844937844201922,-3.048161071751865,-2.5401342109218628,1.573503389954567,2.65746055724485,2.55016970347246
20256,HERSHEY CO,"Piper Jaffray Downgrades Hershey to Underweight, Raises Price Target to $125",3,decrease,0.75,0.6,,142,34,0.0,2019-06-20,16600.0,-0.1885384437628089,-0.370527827180922,-2.005227113967989,0.4504467888197805,-0.2531689824536443,0.1452410554205974,-0.3036534377977462
20264,HORIZON THERAPEUTICS PLC,Horizon Therapeutics Initiates MIRROR Randomized Controlled Trial Evaluating KRYSTEXXA In Combination With Methotrexate To Increase Response Rates And Duration Of Therapy,3,increase,0.75,0.6,,165,29,2.0,2019-06-20,12919.0,2.240659669041634,-3.530839830636978,-2.353895529936989,-1.1769435306933196,2.4224380031228065,-0.082920614655424,5.655418409701141
20272,JETBLUE AIRWAYS CORP,JetBlue Orders 13 Airbus A321XLR Aircraft To Support Its Focus City Strategy With Transatlantic Flying; Co. 'Remains Focused' On Delivering EPS Of $2.50-$3.00 By 2020,3,increase,0.75,0.6,,176,29,2.0,2019-06-20,89353.0,-0.8923889137804508,-1.536011788994074,-3.2309255593491293,1.6419563754712208,-1.0903478600084782,-1.7534820442795196,-1.5503935079475897
20280,NORDSTROM INC,Gordon Haskett Upgrades Nordstrom to Hold,3,increase,0.7,0.5,,135,33,2.0,2019-06-20,57817.0,0.1205936656333506,0.5721242167055607,-5.299603608134884,-3.7037022781625906,3.2368410378694534,2.15582650377959,1.717256950916779
20288,JOINT CORP,"B. Riley Initiates Coverage On Joint with Buy Rating, Announces $23 Price Target",3,increase,0.8,0.6,,139,33,2.0,2019-06-20,15072.0,5.79538457095623,-3.018440678715706,-7.545697400246355e-08,7.154839282444825,3.551744669675827,3.298710812092609,6.085321709168423
20296,KORN FERRY,"ContraVir, Korn Ferry Make Big Moves After Hours",3,uncertain,0.5,0.2,,132,34,1.0,2019-06-20,86594.0,2.147369459271431,-17.456720769405365,-18.693320974166262,-19.21030209582012,2.018897421658039,3.9387291624361382,0.7850603586150529
20304,KORN FERRY,"Korn Ferry Sees Q1 EPS $0.73-$0.81 vs $0.80 Est., Sales $466M-$486M vs $492.78M Est.",3,decrease,0.75,0.6,,159,34,0.0,2019-06-20,86594.0,2.147369459271431,-17.456720769405365,-18.693320974166262,-19.21030209582012,2.018897421658039,3.9387291624361382,0.7850603586150529
20312,KORN FERRY,"Korn Ferry Q4 Adj. EPS $0.88, Inline, Sales $502.5M Beat $499.45M Estimate",3,increase,0.75,0.6,,150,33,2.0,2019-06-20,86594.0,2.147369459271431,-17.456720769405365,-18.693320974166262,-19.21030209582012,2.018897421658039,3.9387291624361382,0.7850603586150529
20320,K L A CORP,Wells Fargo Initiates Coverage On KLA-Tencor with Market Perform Rating,3,uncertain,0.6,0.2,,140,34,1.0,2019-06-20,46886.0,1.362906396389008,0.1230331254191696,3.471303945606996,3.6119170927259248,0.5823864601552486,4.011861379109716,2.3336422331905693
20328,CARMAX INC,CarMax Q1 Earnings Preview,3,uncertain,0.5,0.3,,126,34,1.0,2019-06-20,89508.0,-0.5868941079825163,3.1807221472263336,4.650602992261099,6.602413550522845,-0.2151312306523323,-0.4530879397771303,-0.0598552202370039
20336,KROGER CO,"Kroger CEO Says Tariffs From China Have A Minimal Impact, Tariffs From Mexico Would Be Harder To Manage",3,uncertain,0.6,0.3,,145,30,1.0,2019-06-20,16678.0,-2.157361432909966,-3.8478143513202663,-7.52269715905729,-5.966274218973111,-1.2531375512480736,-2.955669840021391,-2.555650471885318
20344,KROGER CO,Kroger Reports Q1 Earnings Beat,3,increase,0.8,0.6,,129,33,2.0,2019-06-20,16678.0,-2.157361432909966,-3.8478143513202663,-7.52269715905729,-5.966274218973111,-1.2531375512480736,-2.955669840021391,-2.555650471885318
20352,KROGER CO,Kroger Sees FY19 Adj. EPS $2.15-$2.25,3,increase,0.75,0.6,,139,33,2.0,2019-06-20,16678.0,-2.157361432909966,-3.8478143513202663,-7.52269715905729,-5.966274218973111,-1.2531375512480736,-2.955669840021391,-2.555650471885318
20360,KROGER CO,"Kroger Q1 Adj. EPS $0.72, Inline, Sales $37.251B Beat $37.21B Estimate",3,increase,0.7,0.5,,149,33,2.0,2019-06-20,16678.0,-2.157361432909966,-3.8478143513202663,-7.52269715905729,-5.966274218973111,-1.2531375512480736,-2.955669840021391,-2.555650471885318
20368,GLADSTONE LAND CORP,Gladstone Land shares are trading lower after the company reported a common stock offering.,3,decrease,0.8,0.6,,141,34,0.0,2019-06-20,13756.0,-6.493500620126724,0.6944437511265278,-0.7812513448339997,0.954858051817986,3.442484140396118,1.277899839093566,0.9471967994012288
20376,LABORATORY CORP AMERICA HLDGS,Interpace Diagnostics Announces Coverage Of Molecular Thyroid Testing By Independence Blue Cross,3,increase,0.75,0.6,,148,33,2.0,2019-06-20,12062.0,-0.8908522315323353,1.672717183828354,1.7739125791630173,5.827723688584796,2.053106017410755,2.0285289028937115,1.8691031120786628
20384,L L FLOORING HOLDINGS INC,"Tilson Says Lumber Liquidators 'Actually A Pretty Darn Good Business,' Says Headwinds From China Tariffs Are Already Priced Into Stock, Sees 'Substantial Opportunity For Co. To Revert To Historical Sales, Margin Levels'",3,increase,0.75,0.6,,175,33,2.0,2019-06-20,92400.0,-0.4651180468499659,4.4859860092401505,5.9813114425048886,9.719625679773849,-1.1039547622203827,5.495588341669988,2.4785532610442917
20392,L L FLOORING HOLDINGS INC,"Empire Financial's Whitney Tilson Currently Speaking At Benzinga's Trading Summit, Discussing His Bullish Thesis On Lumber Liquidators",3,increase,0.75,0.6,,153,33,2.0,2019-06-20,92400.0,-0.4651180468499659,4.4859860092401505,5.9813114425048886,9.719625679773849,-1.1039547622203827,5.495588341669988,2.4785532610442917
20400,LOCKHEED MARTIN CORP,"US Senate Backs Second Resolution Blocking Sale Of Weapons To Saudi Arabia, Other Countries",3,decrease,0.75,0.6,,144,34,0.0,2019-06-20,21178.0,1.987455785274506,-0.9481815621256828,-1.022599709600025,1.962520769661258,0.625147670507431,2.0189877472281736,1.5965031181399914
20408,LOCKHEED MARTIN CORP,Lockheed Martin And Airbus Reaffirm Tanker Partnership At 2019 Paris Air Show,3,increase,0.75,0.6,,145,29,2.0,2019-06-20,21178.0,1.987455785274506,-0.9481815621256828,-1.022599709600025,1.962520769661258,0.625147670507431,2.0189877472281736,1.5965031181399914
20416,LAM RESH CORP,Wells Fargo Initiates Coverage On Lam Research with Market Perform Rating,3,uncertain,0.6,0.2,,139,34,1.0,2019-06-20,48486.0,1.400070823729038,-0.505548994988203,1.1796032208607032,-0.1739547657052531,0.5431144498288631,5.16492039644405,2.6131195929740114
20424,LIFEWAY FOODS INC,Lifeway Foods Says It Plans To Enter Cannabis Market With CBD Drinkables,3,increase,0.75,0.6,,139,33,2.0,2019-06-20,12209.0,26.29757523536682,3.835612535476685,-1.6438407473531202,-10.410961406193165,4.710149019956589,10.72797755461481,14.229254317554796
20432,LIFEWAY FOODS INC,Lifeway Foods Shares Resume Trade,3,uncertain,0.5,0.2,,131,34,1.0,2019-06-20,12209.0,26.29757523536682,3.835612535476685,-1.6438407473531202,-10.410961406193165,4.710149019956589,10.72797755461481,14.229254317554796
20440,LIFEWAY FOODS INC,Lifeway Foods shares are trading higher after the company announced it will enter the CBD space with CBD drinkables once it is legalized at federal level by FDA.,3,increase,0.75,0.6,,155,33,2.0,2019-06-20,12209.0,26.29757523536682,3.835612535476685,-1.6438407473531202,-10.410961406193165,4.710149019956589,10.72797755461481,14.229254317554796
20448,LIFEWAY FOODS INC,Lifeway Foods Shares Halted On Circuit Breaker,3,uncertain,0.6,0.5,,135,34,1.0,2019-06-20,12209.0,26.29757523536682,3.835612535476685,-1.6438407473531202,-10.410961406193165,4.710149019956589,10.72797755461481,14.229254317554796
20456,LIFEWAY FOODS INC,Lifeway Foods Announces Plans To Enter Growing CBD Category With CBD Drinkables,3,increase,0.75,0.6,,139,33,2.0,2019-06-20,12209.0,26.29757523536682,3.835612535476685,-1.6438407473531202,-10.410961406193165,4.710149019956589,10.72797755461481,14.229254317554796
20464,METHODE ELECTRONICS INC,Methode Electronics Shares Fall After Q4 Earnings Miss,3,decrease,0.85,0.7,,138,34,0.0,2019-06-20,53197.0,1.010480802506208,-2.185995317995548,3.371618646697594,5.1500534669630005,0.1499213161878287,2.49328595925713,2.453985486484944
20472,METHODE ELECTRONICS INC,"Methode Electronics Sees FY20 EPS $3.25-$3.55 vs $3.52 Est., Sales $1.13B-$1.17B vs $1.13B Est.",3,uncertain,0.6,0.3,,169,34,1.0,2019-06-20,53197.0,1.010480802506208,-2.185995317995548,3.371618646697594,5.1500534669630005,0.1499213161878287,2.49328595925713,2.453985486484944
20480,METHODE ELECTRONICS INC,"Methode Electronics Q4 Adj. EPS $0.62 Misses $0.72 Estimate, Sales $266M Miss $275.15M Estimate",3,decrease,0.85,0.7,,159,34,0.0,2019-06-20,53197.0,1.010480802506208,-2.185995317995548,3.371618646697594,5.1500534669630005,0.1499213161878287,2.49328595925713,2.453985486484944
20488,M G E ENERGY INC,MGE To Build Large-Scale Solar Array In Middleton,3,increase,0.75,0.6,,135,29,2.0,2019-06-20,50789.0,0.7944462820887566,-1.0978274047374723,2.6037981786219744,3.940880382502221,1.278734765946865,-4.3885228784290575e-08,1.5852406175170142
20496,MARATHON PETROLEUM CORP,Marathon Petroleum Corp. Appoints Donald C. Templin Executive Vice President And Chief Financial Officer,3,uncertain,0.6,0.3,,150,34,1.0,2019-06-20,12872.0,4.611359164118767,1.36669697239995,4.658321617214534,5.620785526640115,0.0402910111006349,1.9503197915370585,3.544622059571112
20504,MERCK & CO INC NEW,Merck CEO Frazier At Investor Day Says The Company Has Less Appetite For Big Deals Than Mid Or Small-Sized Deals; Says Most Big Pharma Deals Have Not Created The Value They Said They Were Going To Create,3,decrease,0.75,0.6,,169,30,0.0,2019-06-20,22752.0,-0.8903492242097855,-0.0354595511453226,-0.910161476681226,1.182033121963011,1.0297109372913835,2.4729861319697566,3.116697081617237
20512,MERCK & CO INC NEW,Merck Highlights 2019 Investor Day Presentation,3,increase,0.75,0.6,,135,24,2.0,2019-06-20,22752.0,-0.8903492242097855,-0.0354595511453226,-0.910161476681226,1.182033121963011,1.0297109372913835,2.4729861319697566,3.116697081617237
20520,NOVO NORDISK A S,Novo Nordisk shares are trading lower after Deutsche Bank downgraded the stock from Buy to Hold.,3,decrease,0.85,0.7,,147,34,0.0,2019-06-20,63263.0,-2.479968033730984,-0.5477284546941519,-0.5086039292571121,-1.036773887036424,0.4406965803354978,2.764163748830195,2.864990469231943
20528,NOVO NORDISK A S,Novo Nordisk Today Announced That European Commission Has Granted Marketing Authorisation For ESPEROCT,3,increase,0.8,0.6,,146,33,2.0,2019-06-20,63263.0,-2.479968033730984,-0.5477284546941519,-0.5086039292571121,-1.036773887036424,0.4406965803354978,2.764163748830195,2.864990469231943
20536,NOVO NORDISK A S,Deutsche Bank Downgrades Novo Nordisk to Hold,3,decrease,0.8,0.6,,139,34,0.0,2019-06-20,63263.0,-2.479968033730984,-0.5477284546941519,-0.5086039292571121,-1.036773887036424,0.4406965803354978,2.764163748830195,2.864990469231943
20544,OPKO HEALTH INC,OPKO Health Submits De Novo Request To FDA For 4Kscore Test,3,increase,0.75,0.6,,138,33,2.0,2019-06-20,82567.0,0.9950239211320876,-0.9852207265794276,9.35960862916434,16.25615348635263,-1.4705868437886238,0.4999995400361889,5.78947436262276
20552,OCEAN POWER TECHNOLOGIES INC,Ocean Power Technologies Receives US Patent For Its Power Take-Off System For Use With Wave Energy Conversion Buoys,3,increase,0.75,0.6,,151,29,2.0,2019-06-20,91964.0,-2.8301861137151723,-1.9417457282543185,-6.310679532591356,-7.281552274771464,3.9215650409460063,8.16325761494101,7.070700465580693
20560,ORACLE CORP,"Oracle Investors Pleased With Q4 Revenue Beat, But Analysts Sidelined",3,increase,0.7,0.6,,137,33,2.0,2019-06-20,10104.0,8.181475847959518,-1.526588387787342,-0.3860347772113859,4.018243601961191,-0.4158813040703535,-0.8469805035267064,-1.1261232652928443
20568,ORACLE CORP,"Benzinga Pro's Top 10 Most-Searched Tickers For Morning of Thursday., June 20, 2019",3,uncertain,0.5,0.2,,147,34,1.0,2019-06-20,10104.0,8.181475847959518,-1.526588387787342,-0.3860347772113859,4.018243601961191,-0.4158813040703535,-0.8469805035267064,-1.1261232652928443
20576,ORACLE CORP,"BMO Capital Maintains Market Perform on Oracle, Raises Price Target to $59",3,uncertain,0.6,0.2,,138,30,1.0,2019-06-20,10104.0,8.181475847959518,-1.526588387787342,-0.3860347772113859,4.018243601961191,-0.4158813040703535,-0.8469805035267064,-1.1261232652928443
20584,ORACLE CORP,"Raymond James Maintains Outperform on Oracle, Raises Price Target to $61",3,increase,0.75,0.6,,138,29,2.0,2019-06-20,10104.0,8.181475847959518,-1.526588387787342,-0.3860347772113859,4.018243601961191,-0.4158813040703535,-0.8469805035267064,-1.1261232652928443
20592,ORACLE CORP,"Barclays Maintains Equal-Weight on Oracle, Raises Price Target to $59",3,uncertain,0.6,0.2,,139,30,1.0,2019-06-20,10104.0,8.181475847959518,-1.526588387787342,-0.3860347772113859,4.018243601961191,-0.4158813040703535,-0.8469805035267064,-1.1261232652928443
20600,ORACLE CORP,Oracle shares are trading higher after the company reported better-than-expected Q4 EPS and sales results and issued strong Q1 guidance.,3,increase,0.85,0.7,,147,33,2.0,2019-06-20,10104.0,8.181475847959518,-1.526588387787342,-0.3860347772113859,4.018243601961191,-0.4158813040703535,-0.8469805035267064,-1.1261232652928443
20608,PAYCOM SOFTWARE INC,Paycom Software shares are trading higher after KeyBanc maintained an Overweight rating on the stock and raised the price target from $215 to $246.,3,increase,0.85,0.7,,152,33,2.0,2019-06-20,14579.0,1.885871216654778,-0.8255459368228912,-2.4288491217984376,3.9756722482186424,1.560112088918686,2.901783454453155,5.388636475601771
20616,PAYCOM SOFTWARE INC,"KeyBanc Maintains Overweight on Paycom Software, Raises Price Target to $246",3,increase,0.8,0.6,,140,33,2.0,2019-06-20,14579.0,1.885871216654778,-0.8255459368228912,-2.4288491217984376,3.9756722482186424,1.560112088918686,2.901783454453155,5.388636475601771
20624,P G & E CORP,' Does nothing about existing liabilities.' -Jim Chanos (2/2),3,decrease,0.85,0.7,,141,34,0.0,2019-06-20,13688.0,14.807593822479252,-2.588038332760334,1.6122231526296993,-7.551967768729773,7.262285053730011,8.739415393037442,11.093080263993803
20632,P G & E CORP,"'Funny how so many $PCG calls trade before these Newsom leaked ""proposals"" (that were already part of his mid-April plan). That plan proposed a liquidity pool and an insurance pool, that utilities would pay into, going forward.' -Jim Chanos (1/2)",3,uncertain,0.6,0.3,,185,34,1.0,2019-06-20,13688.0,14.807593822479252,-2.588038332760334,1.6122231526296993,-7.551967768729773,7.262285053730011,8.739415393037442,11.093080263993803
20640,P G & E CORP,PG&E Option Alert: Fri $25 Calls Sweep (7) near the Ask: 1138 @ $0.541 vs 85187 OI; Earnings 7/25 Before Open [est] Ref=$23.15,3,increase,0.7,0.6,,173,33,2.0,2019-06-20,13688.0,14.807593822479252,-2.588038332760334,1.6122231526296993,-7.551967768729773,7.262285053730011,8.739415393037442,11.093080263993803
20648,P G & E CORP,PG&E Option Alert: Fri $24 Calls Sweep (5) near the Ask: 536 @ $0.801 vs 16039 OI; Earnings 7/25 Before Open [est] Ref=$23.42,3,increase,0.75,0.6,,172,33,2.0,2019-06-20,13688.0,14.807593822479252,-2.588038332760334,1.6122231526296993,-7.551967768729773,7.262285053730011,8.739415393037442,11.093080263993803
20656,P G & E CORP,PG&E shares are trading  higher following unconfirmed reports indicating California is proposing a liquidity fund for utilities wildfires.,3,increase,0.75,0.6,,148,33,2.0,2019-06-20,13688.0,14.807593822479252,-2.588038332760334,1.6122231526296993,-7.551967768729773,7.262285053730011,8.739415393037442,11.093080263993803
20664,P G & E CORP,Hearing California Governor Newsom And Edison Presenting Plan This Week,3,uncertain,0.6,0.3,,139,34,1.0,2019-06-20,13688.0,14.807593822479252,-2.588038332760334,1.6122231526296993,-7.551967768729773,7.262285053730011,8.739415393037442,11.093080263993803
20672,PAYLOCITY HOLDING CORP,"KeyBanc Maintains Overweight on Paylocity Holding, Raises Price Target to $112",3,increase,0.8,0.6,,147,29,2.0,2019-06-20,14547.0,-1.117098238319159,-1.2003252282738686,-4.47851787770378,2.249347541410973,4.122963175177574,3.767335286661533,5.681458122264793
20680,PAPA JOHNS INTL INC,2 Papa John's Analysts React To $80M Investment Plan,3,increase,0.75,0.6,,139,33,2.0,2019-06-20,79299.0,-4.029303044080734,-5.916032567620277,-8.01526467035557,-1.6539416392550077,0.2857130486518144,-3.1533351864064807,-3.1533351864064807
20688,QUALCOMM INC,Federal Trade Commission Objects To Qualcomm Inc Effort To Introduce Apple Inc Internal Documents To Future Appeal Of Antitrust Ruling,3,decrease,0.75,0.6,,144,34,0.0,2019-06-20,77178.0,1.309184916317463,-0.0274905731203034,3.698106269443046,5.3890650305892684,-0.2223402261734008,3.892349140252782,4.481958458294821
20696,QUAD GRAPHICS INC,Quad Says Will Vigorously Defend Its Pending Acquisition Of LSC Communications,3,uncertain,0.6,0.3,,139,34,1.0,2019-06-20,12009.0,0.7238851394504309,-6.365501880645752,-17.76180285068516,-20.63654819929891,2.004225179553032,3.7553691529545574,4.090421175394998
20704,QUAD GRAPHICS INC,US Justice Department Sues To Block Quad's Acquisition Of LSC Communications,3,decrease,0.85,0.7,,138,34,0.0,2019-06-20,12009.0,0.7238851394504309,-6.365501880645752,-17.76180285068516,-20.63654819929891,2.004225179553032,3.7553691529545574,4.090421175394998
20712,STEELCASE INC,Steelcase Inc shares are trading lower after the company reported worse-than-expected Q1 EPS and sales results.,3,decrease,0.85,0.7,,143,34,0.0,2019-06-20,85796.0,-11.19865328073502,-2.0278815180063248,5.513307174370596,10.306446259138568,1.369080226868391,1.6590441926551902,1.7172361661829338
20720,SEALED AIR CORP NEW,Sealed Air Announces Termination Of William G. Stiehl As Chief Financial Officer,3,decrease,0.7,0.6,,143,34,0.0,2019-06-20,85926.0,-0.2284722169861197,-4.511100426316261,-3.205857197109452,1.5113432521640655,-0.7482948247343302,-0.6581954049563188,-1.240973007582158
20728,SPROUTS FARMERS MARKET INC,"Sprouts Farmers Market, Inc. Announces Leadership Changes",3,uncertain,0.5,0.3,,140,34,1.0,2019-06-20,14102.0,0.6701086182147263,-3.328220546245575,-5.120327337034047,-3.4818241113179216,-3.578534722328186,-4.62143812988014,-7.575036442544503
20736,SMITH MICRO SOFTWARE INC,Smith Micro Announces Sale Of Its Poser 3D Rendering & Animation Software,3,increase,0.7,0.5,,139,24,2.0,2019-06-20,82281.0,-0.6430862471461296,6.796117871999741,-3.236242808287082,2.5890022245957267,2.3026295006275177,7.426594730875347,7.241372225219522
20744,SIMON PROPERTY GROUP INC NEW,"Morgan Stanley Maintains Equal-Weight on Simon Property Group, Lowers Price Target to $170",3,decrease,0.75,0.6,,145,30,0.0,2019-06-20,80100.0,-0.2541285008192062,-0.4610310774296522,-2.9845394189415564,-1.146496481485726,-0.5176672246307135,-0.7625729822616001,1.442429472957607
20752,T E CONNECTIVITY LTD,"Goldman Sachs Upgrades TE Connectivity to Buy, Raises Price Target to $105",3,increase,0.85,0.7,,140,33,2.0,2019-06-20,92157.0,2.741491980850697,-0.7817385718226433,-0.8130068353702113,-0.573278164048241,0.7226816844195127,3.2279441520048247,3.0002134975914085
20760,T G THERAPEUTICS INC,TG Therapeutics Highlights Presentation Of Data At 15th International Conference On Malignant Lymphoma,3,increase,0.75,0.6,,149,29,2.0,2019-06-20,82670.0,-4.1666626930236825,-1.4945670031011105,8.423910641333254,16.440210168445013,-1.158303115516901,2.94905867399411,5.785118156873481
20768,ISHARES INC,"US Senate Backs Resolution That Would Block Sale Of Weapons To Saudi Arabia, In Rebuke To Trump, Voting Continues",3,decrease,0.7,0.4,,146,34,0.0,2019-06-20,92600.0,-0.9749874472618104,-1.070205494761467,1.1986248281475875,8.21917792797322,1.988763548433781,4.519275492023045,7.117515294147103
20776,ISHARES INC,State Dept Official Says US And Other NATO Partners Remain Persistent In Telling Turkey There Are Other Options To Buying Russian S-400 System,3,uncertain,0.6,0.2,,149,34,1.0,2019-06-20,92600.0,-0.9749874472618104,-1.070205494761467,1.1986248281475875,8.21917792797322,1.988763548433781,4.519275492023045,7.117515294147103
20784,ULTRALIFE CORP,Ultralife Receives $10M Communications Systems IDIQ Contract,3,increase,0.75,0.6,,139,33,2.0,2019-06-20,78213.0,2.168368361890316,5.2434466779232025,3.870155623863103,2.9962517592713622,2.083337679505348,1.9505864743396772,2.0833376761319133
20792,VERA BRADLEY INC,Vera Bradley To Acquire Majority Ownership Of Pura Vida For $75M,3,increase,0.75,0.6,,141,29,2.0,2019-06-20,12363.0,3.282831236720085,-3.9934858679771423,-6.92746854817986,-6.927468402287595,-3.805670142173767,-3.0995115739550716,-3.493097507011078
20800,VERA BRADLEY INC,Vera Bradley To Acquire Majority Ownership Of Pura Vida For Cash Consideration Of $75M Plus Up To $22.5M In Earnout Consideration,3,increase,0.7,0.6,,158,33,2.0,2019-06-20,12363.0,3.282831236720085,-3.9934858679771423,-6.92746854817986,-6.927468402287595,-3.805670142173767,-3.0995115739550716,-3.493097507011078
20808,VENTAS INC,Ventas shares are trading higher after several firms upgraded the company's stock and raised its price target.,3,increase,0.85,0.7,,139,33,2.0,2019-06-20,75819.0,3.029433637857437,-2.0066922530531883,-3.2608749994451736,-1.6176207856083755,1.530616730451584,1.530616730451584,4.328938518564929
20816,VENTAS INC,Evercore ISI Group Upgrades Ventas to In-Line,3,increase,0.7,0.5,,134,33,2.0,2019-06-20,75819.0,3.029433637857437,-2.0066922530531883,-3.2608749994451736,-1.6176207856083755,1.530616730451584,1.530616730451584,4.328938518564929
20824,VENTAS INC,"Citigroup Upgrades Ventas to Buy, Raises Price Target to $76",3,increase,0.85,0.7,,137,33,2.0,2019-06-20,75819.0,3.029433637857437,-2.0066922530531883,-3.2608749994451736,-1.6176207856083755,1.530616730451584,1.530616730451584,4.328938518564929
20832,VENTAS INC,"Stifel Nicolaus Upgrades Ventas to Buy, Raises Price Target to $74",3,increase,0.85,0.7,,139,33,2.0,2019-06-20,75819.0,3.029433637857437,-2.0066922530531883,-3.2608749994451736,-1.6176207856083755,1.530616730451584,1.530616730451584,4.328938518564929
20840,WOLVERINE WORLD WIDE INC,Wolverine World Wide Sees Price Target Cut Amid Weak Demand For Sperry Boat Shoes,3,decrease,0.85,0.7,,148,34,0.0,2019-06-20,42286.0,-0.5551428999751806,-0.3349466016516089,1.7491600654731654,3.799433639174832,-2.1369073539972305,-0.6617657834494306,-3.0498756732151744
20848,YUM BRANDS INC,"Beyond Meat Expands Partnership With Del Taco, But Won't Be Coming To Taco Bell",3,decrease,0.7,0.4,,141,34,0.0,2019-06-20,85348.0,1.06898657977581,-0.3164039924740791,-0.0542444162950572,-0.343522706828625,0.6807081867009401,0.2656589217890248,-0.3096857311416623
20856,A E C O M,ACM Research Highlights Strategic Plan To Extend Access To China's Capital Markets,3,increase,0.75,0.6,,137,33,2.0,2019-06-17,91975.0,5.299390852451324,1.8481705337762833,3.8953735163356207,7.4210997389768,-0.0598343613091856,0.6024119145528362,-0.0897361227304105
20864,A E C O M,"AECOM Signs Alliance Deal With Toshiba 'to work together on decommissioning nuclear reactors in Japan,' No Terms Disclosed",3,increase,0.7,0.6,,148,33,2.0,2019-06-17,91975.0,5.299390852451324,1.8481705337762833,3.8953735163356207,7.4210997389768,-0.0598343613091856,0.6024119145528362,-0.0897361227304105
20872,A E C O M,AECOM shares are trading higher after the company announced it plans to spin-off its Management Services segment into a standalone government services company.,3,increase,0.75,0.6,,149,33,2.0,2019-06-17,91975.0,5.299390852451324,1.8481705337762833,3.8953735163356207,7.4210997389768,-0.0598343613091856,0.6024119145528362,-0.0897361227304105
20880,A E C O M,Aecom To Spin Off Management Services Unit,3,increase,0.75,0.6,,132,33,2.0,2019-06-17,91975.0,5.299390852451324,1.8481705337762833,3.8953735163356207,7.4210997389768,-0.0598343613091856,0.6024119145528362,-0.0897361227304105
20888,A E C O M,"AECOM To Spin Off its Management Services Business in 2H 2020, Management Services Generated $3.7B of Revenue and $239M of Adj. Income in 2018",3,increase,0.75,0.6,,163,33,2.0,2019-06-17,91975.0,5.299390852451324,1.8481705337762833,3.8953735163356207,7.4210997389768,-0.0598343613091856,0.6024119145528362,-0.0897361227304105
20896,AMERICAN EAGLE OUTFITTERS INC NE,American Eagle Outfitters Option Alert: Fri $17.5 Calls Sweep (4) near the Ask: 516 @ $0.75 vs 2241 OI; Ref=$18.14,3,increase,0.7,0.6,,176,33,2.0,2019-06-17,80432.0,2.219689264893532,-1.6146939247846603,-1.447652249784548,-5.233845701369477,2.929115481674671,5.843369167511714,4.149370479881198
20904,ASHFORD HOSPITALITY TRUST INC,DA Davidson Downgrades Ashford Hospitality Trust to Neutral,3,decrease,0.8,0.6,,143,34,0.0,2019-06-17,89803.0,-4.383563995361328,-4.297997057437897,-15.472778338634186,-17.82980917637611,-14.918412268161774,-15.11628094152957,-17.79279206155945
20912,AIR LEASE CORP,Air Lease Announces Lease Placement of New Boeing 787-10 Aircraft with KLM,3,increase,0.75,0.6,,140,29,2.0,2019-06-17,12641.0,-0.4376981873065233,3.077327460050583,2.663570377673486,6.904582773164658,-2.018161490559578,-0.8424764198440737,-1.869635210881293
20920,AIR LEASE CORP,Air Lease Announces Lease Placement of New Boeing 787-9 Aircraft with LOT Polish Airlines,3,increase,0.75,0.6,,141,33,2.0,2019-06-17,12641.0,-0.4376981873065233,3.077327460050583,2.663570377673486,6.904582773164658,-2.018161490559578,-0.8424764198440737,-1.869635210881293
20928,AIR LEASE CORP,Air Lease Announces Lease Placement of Ten Airbus A321-200neo Aircraft with Sichuan Airlines,3,increase,0.75,0.6,,142,29,2.0,2019-06-17,12641.0,-0.4376981873065233,3.077327460050583,2.663570377673486,6.904582773164658,-2.018161490559578,-0.8424764198440737,-1.869635210881293
20936,AIR LEASE CORP,Air Lease Announces Lease Placement of Three New Airbus A350-900 and One New Airbus A350-1000 Aircraft with Air Caraïbes and FrenchBee,3,increase,0.75,0.6,,155,29,2.0,2019-06-17,12641.0,-0.4376981873065233,3.077327460050583,2.663570377673486,6.904582773164658,-2.018161490559578,-0.8424764198440737,-1.869635210881293
20944,ALIGN TECHNOLOGY INC,Align Technology shares are trading lower after the company on Friday announced it had terminated discussions concerning a possible development and distribution agreement with Straumann Group.,3,decrease,0.75,0.6,,149,34,0.0,2019-06-17,88860.0,-5.567555874586105,0.4780396819114685,-2.2585523241889116,-5.888873523092542,-1.726297847926617,-2.0192267790747565,-1.0295235512661427
20952,ALNYLAM PHARMACEUTICALS INC,Alnylam Completes Enrollment for ILLUMINATE-A Phase 3 Study of Lumasiran in Patients with Primary Hyperoxaluria Type 1,3,increase,0.75,0.6,,165,33,2.0,2019-06-17,90178.0,2.099102176725864,2.125869505107403,0.4195846405353087,0.7132895994597543,-1.698482781648636,0.0428553178033475,0.1573234542104673
20960,ALTAIR ENGINEERING INC,Altair Signs Reseller Agreement With NEC For PBS Professional,3,increase,0.75,0.6,,137,29,2.0,2019-06-17,17034.0,1.487690582871437,0.7462653797119856,3.83794941762281,9.088485639615683,3.4125909209251404,4.140848589902002,4.023636178180889
20968,ANTERO MIDSTREAM CORP,Antero Midstream Sees 2019 Distributable Cash Flow Of $680M-$730M; Targeting 18%-25% Distributable Cash Flow CAGR From 2020-2022,3,increase,0.8,0.6,,170,29,2.0,2019-06-17,16738.0,1.555750332772732,1.5319175086915493,-3.744677404843133,-0.3404253498026421,-5.241607874631882,-4.537955245652747,-8.969317990839587
20976,AMPIO PHARMACEUTICALS INC,"Ampio Pharmaceuticals, Inc. shares are trading lower after the company priced a 25.32 million share common stock offering at $0.40 per share.",3,decrease,0.85,0.7,,163,34,0.0,2019-06-17,12789.0,-31.442856788635247,-4.2092133313417435,-15.336527227458363,-13.065222341182746,11.11110970377922,12.921438715774114,16.279067764444033
20984,AMPIO PHARMACEUTICALS INC,Ampio Pharmaceuticals Prices 25.32M Share Common Stock Offering At $0.40/Share,3,decrease,0.75,0.6,,152,34,0.0,2019-06-17,12789.0,-31.442856788635247,-4.2092133313417435,-15.336527227458363,-13.065222341182746,11.11110970377922,12.921438715774114,16.279067764444033
20992,AMPHENOL CORP NEW,Longbow Research Downgrades Amphenol to Neutral,3,decrease,0.8,0.6,,139,34,0.0,2019-06-17,84769.0,-0.8483595214784145,0.8876988664269447,2.51734537755941,4.929644295795765,-2.673130668699742,-1.2151644241574,-1.2978833640834742
21000,ARES MANAGEMENT CORP,"Ares Management to Sell National Veterinary Associates to JAB Investors, Terms Not Disclosed",3,uncertain,0.6,0.3,,141,34,1.0,2019-06-17,14617.0,1.5908190980553631,-0.619075633585453,-1.4930803243060289,-2.3306605521019264,1.0845210403203964,5.8161343212773,5.652652642992639
21008,ACTIVISION BLIZZARD INC,HERO's Quest: Behind The Launch Of Canada's First Gaming And Esports ETF,3,increase,0.7,0.6,,142,33,2.0,2019-06-17,79678.0,-1.205609925091267,1.5531412325799463,4.615047355903257,5.391613747989976,-0.9337683208286762,1.175424137829939,-2.3126376774763036
21016,BROADCOM INC,Baird: Broadcom Lowers Full-Year Revenue Outlook On High Channel Inventory,3,decrease,0.85,0.7,,137,34,0.0,2019-06-17,93002.0,0.0150447653140872,4.541860520839691,5.989548322789662,14.018481806332318,-5.5679816752672195,-4.933334799799871,-6.190919070110523
21024,BROADCOM INC,"Baird Maintains Outperform on Broadcom, Lowers Price Target to $280",3,uncertain,0.6,0.2,,139,34,1.0,2019-06-17,93002.0,0.0150447653140872,4.541860520839691,5.989548322789662,14.018481806332318,-5.5679816752672195,-4.933334799799871,-6.190919070110523
21032,BROADCOM INC,Huawei Acknowledges Potential $30B Revenue Shortfall,3,increase,0.75,0.6,,133,33,2.0,2019-06-17,93002.0,0.0150447653140872,4.541860520839691,5.989548322789662,14.018481806332318,-5.5679816752672195,-4.933334799799871,-6.190919070110523
21040,ASTRAZENECA PLC,AstraZeneca  Announces Calquence Significantly Prolonged Time Patients Lived Without Disease Progression in Relapsed or Refractory Chronic Lymphocytic Leukemia,3,increase,0.85,0.7,,161,29,2.0,2019-06-17,79363.0,0.7814504206180573,2.426216192543506,3.7768937551380337,3.326667939485861,-0.6013572681695223,-0.6511448537028341,0.7108372373762606
21048,ALIBABA GROUP HOLDING LTD,Alibaba Proposes Stock Split To 'Increase Flexibility' Ahead Of Capital Market Activities,3,increase,0.75,0.6,,144,33,2.0,2019-06-17,14888.0,1.144843455404043,3.5019639879465103,5.121632281455701,9.46782514805713,-1.3908786699175837,-1.2121890406801006,-2.797410449610138
21056,ALIBABA GROUP HOLDING LTD,Alibaba Proposes a 1 to 8 Stock Split,3,increase,0.7,0.5,,139,33,2.0,2019-06-17,14888.0,1.144843455404043,3.5019639879465103,5.121632281455701,9.46782514805713,-1.3908786699175837,-1.2121890406801006,-2.797410449610138
21064,BANK OF AMERICA CORP,Bank Of America Shares Indicated Up ~0.5% On Volume; Hearing BMO Upgraded Stock From Market Perform To Outperform,3,increase,0.75,0.5,,153,29,2.0,2019-06-17,59408.0,-0.3922988660633564,2.470463700592518,0.1790161776420884,5.3347644879039535,0.3579111536964774,0.3220041048158428,-0.7082112640856564
21072,BLUEBIRD BIO INC,"BMO Capital Maintains Outperform on bluebird bio, Lowers Price Target to $163",3,decrease,0.75,0.5,,143,30,0.0,2019-06-17,13947.0,4.283522814512253,-3.569680079817772,-3.8386302229521,4.563982115620857,-5.066966637969017,0.1702748144589927,-0.6753293893738355
21080,BRITISH AMERICAN TOBACCO PLC,Morgan Stanley Downgrades British American Tobacco to Underweight,3,decrease,0.85,0.7,,143,34,0.0,2019-06-17,59504.0,-1.5977907925844188,0.2239586086943745,-1.455768277824676,1.2205756030105874,-1.7591381445527077,-1.7857140039648334,-6.683810386265088
21088,BROADWIND INC,Broadwind Energy Wins $29M of New Tower Orders,3,increase,0.75,0.6,,135,33,2.0,2019-06-17,92917.0,4.205603152513504,3.1390104442834854,-1.3452900779883592,-1.345289288214413,-0.2330944640561938,0.4694830928855253,6.467667411053046
21096,BOSTON PROPERTIES INC,"Morgan Stanley Maintains Underweight on Boston Properties, Raises Price Target to $123",3,decrease,0.75,0.2,,142,34,0.0,2019-06-17,85058.0,1.183436531573534,-0.3289451356977224,-2.266086382412913,-4.928404577929912,0.0,0.7001359015703201,1.1294745166774425
21104,CITIGROUP INC,'Citi Merges Rates And Currencies Business' -FT,3,increase,0.7,0.6,,134,33,2.0,2019-06-17,70519.0,-1.393008884042501,2.164115384221077,1.3074882691091585,6.3119880537552575,0.5963051691651344,1.002852574712687,-0.5892662671404203
21112,CONAGRA BRANDS INC,"Collaborative Spirit Nets Conagra Brands ""Shipper Of Choice"" Award",3,increase,0.75,0.6,,140,29,2.0,2019-06-17,56274.0,-1.807225681841373,-1.226995978504419,-4.226311507085779,-8.316293567853917,0.2684561302885413,1.116751004026928,0.2684561326464552
21120,CASI PHARMACEUTICALS INC CYM,"CASI Pharma Acquires Worldwide Rights to Commercialize Anti-CD19 T-Cell Therapy From Juventas Cell Therapy, CASI to Invest RMB 80M in Juventas",3,increase,0.75,0.6,,170,33,2.0,2019-06-17,83651.0,-0.3184710163623095,2.2364195436239243,-3.194892780033254,-1.5974501267985497,-1.257860381156206,1.331890153721815e-09,1.6181292025868377
21128,CASEYS GENERAL STORES INC,"Deutsche Bank Maintains Buy on Casey's General Stores, Raises Price Target to $166",3,increase,0.8,0.6,,144,29,2.0,2019-06-17,21742.0,1.019873097538948,-0.7685746531933546,0.3126397529350289,2.878915022852202,-0.2035574056208133,1.3943534835601623,3.818564331570107
21136,CIRCOR INTERNATIONAL INC,Crane Ready to Take $45/Share Offer to Circor Shareholders,3,increase,0.85,0.7,,139,33,2.0,2019-06-17,87268.0,0.2902372274547815,2.2929711267352104,1.8477334095887477,2.4042784352836355,-0.4666646476835012,0.3360249071842958,0.5612931928981268
21144,CANADIAN NATURAL RESOURCES LTD,Canadian Natural Res Option Alert: Fri $27 Calls Sweep (9) near the Ask: 500 @ $0.451 vs 589 OI; Earnings 8/1 Before Open [est] Ref=$26.82,3,increase,0.7,0.6,,176,33,2.0,2019-06-17,88391.0,1.507725659757853,1.039728056639433,2.747863875176848,0.1485293422797795,-0.524932099506259,-0.1103169984011054,-1.4686072027616404
21152,CENTURY CASINOS INC,VICI Properties Enters Into a Master Lease Agreement with Century Casinos for 3 Properties Purchased From Eldorado Resorts,3,increase,0.75,0.6,,148,29,2.0,2019-06-17,79791.0,11.87568977475166,0.7936500012874603,-5.257933822893246,-3.769842355698172,-1.851852610707283,-0.110867177662044,0.7830051736807286
21160,CENTURY CASINOS INC,"Eldorado Resorts to Sell 3 Properties for $385M Cash, Century Casinos to Acquire Operating Assets for $107M and VICI Properties to Acquire Real Estate Assets for $278M",3,increase,0.75,0.6,,164,29,2.0,2019-06-17,79791.0,11.87568977475166,0.7936500012874603,-5.257933822893246,-3.769842355698172,-1.851852610707283,-0.110867177662044,0.7830051736807286
21168,CENTURY CASINOS INC,"Century Casinos, Enters Into Definitive Agreement to Acquire Operations of Three Casinos from Eldorado Resorts for $107M",3,increase,0.75,0.6,,149,33,2.0,2019-06-17,79791.0,11.87568977475166,0.7936500012874603,-5.257933822893246,-3.769842355698172,-1.851852610707283,-0.110867177662044,0.7830051736807286
21176,CINTAS CORP,Cintas Shares Down 0.3%; Hearing Baird Added Stock To Its Fresh Pick Bearish List,3,decrease,0.75,0.5,,145,34,0.0,2019-06-17,23660.0,-1.734564825892448,-0.3573435358703136,0.361646437260088,2.84151662875618,0.1737533486448228,0.7115458943940167,1.7608043336183157
21184,COUSINS PROPERTIES INC,Cousins Properties Shares to Trade Post 1 For 4 Split Today,3,uncertain,0.6,0.2,,141,34,1.0,2019-06-17,27511.0,-0.6160109769552946,-0.6456611212342978,-1.9111613264400695,-4.777898494516708,1.3527587987482548,1.8828383298704177,4.7311781529904895
21192,DEUTSCHE BANK A G,Deutsche Bank To Cancel 4% Profitability Target For 2019,3,decrease,0.8,0.6,,143,30,0.0,2019-06-17,89199.0,0.4418293014168739,3.812313079833984,4.105567958141676,12.02345563206011,-1.1644821614027023,-1.308141727502754,-2.7220638484527493
21200,DEUTSCHE BANK A G,Shares of several European banks are trading higher following multiple reports that Deutsche Bank is ready to create a 'bad bank' to house underperforming assets.,3,increase,0.75,0.6,,157,33,2.0,2019-06-17,89199.0,0.4418293014168739,3.812313079833984,4.105567958141676,12.02345563206011,-1.1644821614027023,-1.308141727502754,-2.7220638484527493
21208,DEUTSCHE BANK A G,Deutsche Bank to Set up €50B Bad Bank,3,decrease,0.8,0.6,,139,34,0.0,2019-06-17,89199.0,0.4418293014168739,3.812313079833984,4.105567958141676,12.02345563206011,-1.1644821614027023,-1.308141727502754,-2.7220638484527493
21216,D B V TECHNOLOGIES S A,"Goldman Sachs Initiates Coverage On DBV Technologies with Buy Rating, Announces $14 Price Target",3,increase,0.8,0.6,,149,33,2.0,2019-06-17,15002.0,1.494394615292549,3.680983930826187,2.085890411857183,6.380373922456961,-3.947367519140243,-4.4047605773296254,-8.437863940066592
21224,DEERE & CO,"Baird Upgrades Deere to Outperform, Raises Price Target to $175",3,increase,0.85,0.7,,137,33,2.0,2019-06-17,19350.0,1.887664571404457,3.2454557716846466,8.103912841024963,7.470026662973295,-0.0132015265990048,1.8280807248825193,1.006663024361032
21232,DOLLAR GENERAL CORP NEW,"UPDATE: Morgan Stanley Maintains Overweight On Dollar General, Raises Target To $142 As Firm Notes 'DG Fresh and Fast Track initiatives are already delivering results, and we see a path to margin expansion as early as 2020'",3,increase,0.85,0.7,,174,29,2.0,2019-06-17,93096.0,0.1547582331113517,0.8462172001600266,0.9124395945798948,-0.0220743189308203,-0.1985909417271614,-0.2572705448426693,0.1328374107650631
21240,DOLLAR GENERAL CORP NEW,"Morgan Stanley Maintains Overweight on Dollar General, Raises Price Target to $142",3,increase,0.8,0.6,,144,29,2.0,2019-06-17,93096.0,0.1547582331113517,0.8462172001600266,0.9124395945798948,-0.0220743189308203,-0.1985909417271614,-0.2572705448426693,0.1328374107650631
21248,DIGITAL ALLY INC NEW,Digital Ally Files Supplemental Briefing with Court for Its Litigation with Axon,3,uncertain,0.6,0.3,,138,34,1.0,2019-06-17,92521.0,5.8394189924001685,-42.06897020339966,-48.27586512521728,-51.72414161593733,6.614789366722107,9.600000582351198,4.980847842005498
21256,DOMINOS PIZZA INC,Domino's Pizza Is Testing Autonomous Delivery Vehicles,3,increase,0.75,0.6,,137,33,2.0,2019-06-17,90248.0,0.481028389185667,0.1241156365722417,-2.705675561354126,-3.865246228457797,-0.22752839140594,-0.248753562368742,0.4171313732633352
21264,DOMINOS PIZZA INC,Domino's Announces Autonomous Pizza Delivery in Houston,3,increase,0.75,0.6,,137,33,2.0,2019-06-17,90248.0,0.481028389185667,0.1241156365722417,-2.705675561354126,-3.865246228457797,-0.22752839140594,-0.248753562368742,0.4171313732633352
21272,EBIX INC,Ebix Downplays Retaliatory Tariffs By India,3,uncertain,0.6,0.3,,131,34,1.0,2019-06-17,11481.0,-12.55857050418854,1.9078228622674944,3.6012867308947705,8.252944147695596,0.4140737932175398,2.2226477621270613,1.8907521694306872
21280,EBIX INC,"Ebix Spokesperson Tells Benzinga Indian Tariff Impact Speculation By Traders 'Seems Nonsensical, But Does Play Into The Short Position'; Stock Down More Than 11%",3,decrease,0.8,0.6,,158,34,0.0,2019-06-17,11481.0,-12.55857050418854,1.9078228622674944,3.6012867308947705,8.252944147695596,0.4140737932175398,2.2226477621270613,1.8907521694306872
21288,EBIX INC,UPDATE: Ebix Says 'remains confident in its growth outlook for 2018 and its ability to achieve its goal of reaching greater than $800 million in annualized quarterly revenues by the fourth quarter of 2019.',3,increase,0.75,0.6,,164,33,2.0,2019-06-17,11481.0,-12.55857050418854,1.9078228622674944,3.6012867308947705,8.252944147695596,0.4140737932175398,2.2226477621270613,1.8907521694306872
21296,EBIX INC,"Ebix Says Is Not Aware Of Any News, Events Or Tariffs Which Would Negatively Impact Its Business Or Account For Today's Abnormal Trading Activity",3,uncertain,0.6,0.3,,150,34,1.0,2019-06-17,11481.0,-12.55857050418854,1.9078228622674944,3.6012867308947705,8.252944147695596,0.4140737932175398,2.2226477621270613,1.8907521694306872
21304,EBIX INC,Ebix Shares Down 15%; Traders Attributing Downside To News Of Retaliatory Tariffs Imposed By India On US; Co. Sales From India Were ~40% In 2018,3,decrease,0.85,0.7,,160,34,0.0,2019-06-17,11481.0,-12.55857050418854,1.9078228622674944,3.6012867308947705,8.252944147695596,0.4140737932175398,2.2226477621270613,1.8907521694306872
21312,EMERSON ELECTRIC CO,Emerson Electric Trailing 3-Month May Orders Up 1%,3,increase,0.7,0.5,,140,33,2.0,2019-06-17,22103.0,-0.1433808356523514,2.0421167835593224,4.355461790415616,6.429481267147263,-0.6803802214562893,0.047814437308391,-1.0872969689322387
21320,ENPHASE ENERGY INC,Enphase Energy And GRID Alternatives Renew Low-Income Solar Partnership,3,increase,0.75,0.6,,136,33,2.0,2019-06-17,13323.0,2.423543483018875,5.915488675236702,-1.464789983224546,3.0985872134972725,-1.027985755354166,1.4637002931233267,1.523141429621555
21328,E Q T CORP,"UPDATE: EQT Says New Mgmt. Has Identified $175M In Annual Cost Savings To Date, Sees Adj. Free Cash Flow $3B+ Through 2023",3,increase,0.8,0.6,,161,29,2.0,2019-06-17,24328.0,0.2530041849240661,0.6940041203051805,-2.9653015861776932,1.388007881612796,-1.9838731735944748,0.2536460570952581,-5.102037396714342
21336,E Q T CORP,EQT Sees $25M In Added Annual Capex Savings Under Target 10% Initiative,3,increase,0.8,0.6,,143,33,2.0,2019-06-17,24328.0,0.2530041849240661,0.6940041203051805,-2.9653015861776932,1.388007881612796,-1.9838731735944748,0.2536460570952581,-5.102037396714342
21344,E Q T CORP,EQT Sees Prelim. Q2 Sales Volume At High End Of Guidance Range,3,increase,0.8,0.6,,141,29,2.0,2019-06-17,24328.0,0.2530041849240661,0.6940041203051805,-2.9653015861776932,1.388007881612796,-1.9838731735944748,0.2536460570952581,-5.102037396714342
21352,ERICSSON,Ericsson Launches Enhanced 5G Deployment Options,3,increase,0.75,0.6,,132,33,2.0,2019-06-17,33452.0,0.951375812292099,0.9424099698662758,3.455496532846891,-0.209428786243393,-1.458336878567934,-2.874740698096301,-2.5746653227181504
21360,EMBRAER S A,Embraer And United Airlines Sign Contract For Up To 39 E175s; Order Has Value Of $1.9B,3,increase,0.85,0.7,,150,29,2.0,2019-06-17,88392.0,-0.104169046971947,1.2513021938502789,6.047965672791711,5.422309738113773,-2.2403189912438393,0.9463738853775938,0.0521117532570114
21368,ISHARES INC,Mexican President Lopez Obrador Says Mexico Could Win Trade War With United States But That Would Be A 'Pyrrhic' Victory It Does Not Seek,3,uncertain,0.6,0.3,,152,34,1.0,2019-06-17,83223.0,-0.4011758137494325,0.8780062198638916,1.8484360234149344,1.340115237812456,-0.738746440038085,-1.2911799897294962,-1.6851404850005136
21376,ISHARES INC,"Moody's Issues Report On Mexico, Says Continue To Expect A Challenging Year For Mexico's Economy",3,decrease,0.75,0.6,,142,34,0.0,2019-06-17,83223.0,-0.4011758137494325,0.8780062198638916,1.8484360234149344,1.340115237812456,-0.738746440038085,-1.2911799897294962,-1.6851404850005136
21384,ISHARES INC,Mexico Foreign Minister Marcelo Ebrard Says Deployment Of National Guard As Part Of Migration Plan Will Be Completed This Week,3,uncertain,0.5,0.1,,144,29,1.0,2019-06-17,83223.0,-0.4011758137494325,0.8780062198638916,1.8484360234149344,1.340115237812456,-0.738746440038085,-1.2911799897294962,-1.6851404850005136
21392,ISHARES INC,"Chinese President Xi to Visit N. Korea June 20, 21",3,uncertain,0.5,0.2,,136,34,1.0,2019-06-17,88214.0,0.4236502107232809,2.4608921259641647,4.552645759609453,4.833889982976913,-0.7185415830463171,-1.2550068219463473,-2.2601752359230565
21400,EXPEDIA GROUP INC,Expedia Issues English Press Release Highlighting News Announced Several Hours Ago Via German Press Release: Strategic Air Technology Partnership With Lufthansa,3,increase,0.7,0.6,,147,33,2.0,2019-06-17,90808.0,0.1971453428268433,0.4171248059719801,2.494882830220657,4.863850088073973,0.9392663836479188,2.0850075550857383,3.0472941661299213
21408,DIAMONDBACK ENERGY INC,"Credit Suisse Initiates Coverage On Diamondback Energy with Outperform Rating, Announces $135 Price Target",3,increase,0.8,0.6,,147,29,2.0,2019-06-17,13641.0,2.657913044095039,2.913958579301834,5.965738545729482,7.64913987717426,-1.2179307639598846,0.753485293787648,-0.8119538186038944
21416,FACTSET RESEARCH SYSTEMS INC,"DA Davidson Maintains Neutral on FactSet Research Systems, Raises Price Target to $252",3,uncertain,0.6,0.2,,145,34,1.0,2019-06-17,83597.0,-0.2328390488401054,1.610059104859829,-0.7813653525515663,-3.01042634855212,-0.185266206972301,-1.7115008370073848,0.4508428374828233
21424,FAIR ISAAC CORP,Credit Scores & Mortgages: What You Need To Know,3,increase,0.75,0.6,,135,33,2.0,2019-06-17,11533.0,-0.0816459825728088,0.0522873480804264,-1.70289978546736,3.5267125493403384,-1.7550617456436155,-1.6951324488371555,-1.1971189443166663
21432,FOOT LOCKER INC,Is Another Potential Acquisition Coming For Foot Locker? Analyst Looks At European Market,3,uncertain,0.6,0.3,,136,34,1.0,2019-06-17,15456.0,-1.414658222347498,-1.3408603146672249,-0.1411375731808828,-0.6586657485663228,0.162600923795253,2.252788260534855,3.1332158025807466
21440,SPDR GOLD TRUST,Trader Idea Feed: '$GOLD faces a daunting set-up into #Fed week. Large speculators are extremely long; commercial traders are extremely short. A breakout above $1400 would be very impressive in this setting.' @mark_ungewitter Via Twitter,3,uncertain,0.6,0.3,,173,34,1.0,2019-06-17,90448.0,-0.0632065464742481,0.5060083698481321,5.898164759226643,3.2732380304073994,-0.0315962999593466,0.5801444173364478,1.102410337333315
21448,HOME DEPOT INC,"Supply Chain Focus Paying Off For ""Shipper Of Choice"" Home Depot",3,increase,0.8,0.6,,136,33,2.0,2019-06-17,66181.0,0.5880310200154781,0.2415692433714866,-0.7150430171913524,1.5943582559800662,1.6901398077607157,3.4331967991803047,3.918999034813142
21456,ICAD INC,iCAD Reports Closing Of ~1.88M Share Common Stock Offering At $5.50/Share,3,decrease,0.75,0.5,,141,34,0.0,2019-06-17,88779.0,-0.1666704774834216,1.6694555059075356,4.00668206030772,6.176967597842076,-0.3322256030514836,-3.381643113528743,-6.832298870873332
21464,INTERCEPT PHARMACEUTICALS INC,ContraVir Moves Higher After NASH Drug Shows 100% Efficacy In Fibrosis Prevention,3,decrease,0.8,0.6,,151,29,0.0,2019-06-17,13643.0,5.746981874108315,-1.1654130183160305,-5.232481930361688,-5.850872093974435,-2.596769668161869,-1.815040449719174,-0.9343466152568314
21472,I G C PHARMA INC,"India Globalization Cap Q4 EPS $(0.06) Down From $(0.02) YoY, Sales $1.685M Up From $1.142M YoY",3,decrease,0.7,0.5,,165,34,0.0,2019-06-17,91201.0,-4.761900380253792,2.499997429549694,70.8333196897986,31.66666296279033,48.21785986423493,47.12750804724523,51.136223641016485
21480,ILLUMINA INC,"Illumina Wins Infringement Suit Against Ariosa Diagnostics, Inc.",3,increase,0.8,0.6,,139,33,2.0,2019-06-17,88446.0,2.066856250166893,-0.9284780360758303,1.8882986963640436,5.5709121079152935,0.7969998754560947,1.4300474983706346,2.4144764207368663
21488,INCYTE CORP,Inycte On Saturday Announced Positive Results From Phase 2 Study Of Ruxolitinib Cream In Patients With Vitiligo,3,increase,0.8,0.6,,149,33,2.0,2019-06-17,79906.0,5.3146280348300925,2.9814302921295166,6.207236307202502,4.37439169883691,1.754610799252987,2.5197835324878737,2.845422930286645
21496,INCYTE CORP,Incyte shares are trading higher after the company announced positive results from a Phase 2 study of Ruxolitinib cream in patients with Vitiligo.,3,increase,0.85,0.7,,154,33,2.0,2019-06-17,79906.0,5.3146280348300925,2.9814302921295166,6.207236307202502,4.37439169883691,1.754610799252987,2.5197835324878737,2.845422930286645
21504,JAZZ PHARMACEUTICALS PLC,Jazz Pharmaceuticals Receives Schedule IV Designation from DEA for Sunosi,3,increase,0.75,0.6,,147,33,2.0,2019-06-17,92096.0,-1.035031024366617,2.386118471622467,1.727607400004283,10.179732975749811,0.0920843507628887,1.4861409753697208,1.4624578920045428
21512,HUNT J B TRANSPORT SERVICES INC,"What Canal Toll Plan Means To Shipping, Rail And Trucking",3,uncertain,0.6,0.3,,142,34,1.0,2019-06-17,42877.0,-0.8585567586123943,-0.2109497552737593,-3.042075917041409,1.2989878942499369,0.8771940134465694,2.4123542306562884,3.3443233837734843
21520,J D COM INC,"JD.com Senior Executive Says Logistics Unit May Carry have IPO in Future, But No Clear Plan",3,uncertain,0.6,0.3,,140,34,1.0,2019-06-17,14655.0,1.035122759640217,3.40285524725914,5.781192743790675,14.123675844270211,-1.7792362719774246,-0.6975056356691711,-3.3928598922866704
21528,JINKOSOLAR HOLDING CO LTD,JinkoSolar Supplies 258MW of Mono Solar Modules for Vietnam Project,3,increase,0.75,0.6,,144,29,2.0,2019-06-17,93380.0,-8.241976797580719,2.9646020382642746,-0.6637152012641256,-0.7522127404861467,-0.3237552708014846,2.5395449403820214,4.497239968796141
21536,KIMBERLY CLARK CORP,"Deutsche Bank Maintains Sell on Kimberly-Clark, Raises Price Target to $122",3,decrease,0.7,0.5,,147,34,0.0,2019-06-17,17750.0,-0.3269138978794217,-0.8163229562342167,0.4300265964745309,-1.297375161361669,0.2403048099949956,0.9830506546839812,2.2583710095925857
21544,KINDER MORGAN INC,"Stifel Nicolaus Downgrades Kinder Morgan to Hold, Announces $22 Price Target",3,decrease,0.8,0.6,,141,34,0.0,2019-06-17,12558.0,-0.0487103185150772,1.3645164668560028,3.118905352153023,1.7543794179897043,0.0487340585095807,0.7360232202038963,-1.203079919135619
21552,KROGER CO,"Kroger Announces Agreement with the United Food and Commercial Workers Union, Kroger to Invest $500M in Wages and Training",3,increase,0.75,0.6,,147,33,2.0,2019-06-17,16678.0,0.4122027195990085,-1.7241381108760834,-9.35960853447103,-11.330049890401783,-1.46222822368145,-1.5022287265016754,-1.6220584384345704
21560,KROGER CO,"The Week Ahead In Cannabis: Canopy Earnings, CannaCon In Detroit And More",3,uncertain,0.5,0.2,,139,34,1.0,2019-06-17,16678.0,0.4122027195990085,-1.7241381108760834,-9.35960853447103,-11.330049890401783,-1.46222822368145,-1.5022287265016754,-1.6220584384345704
21568,LOCKHEED MARTIN CORP,Lockheed Martin Is Investing $142 Million In Its Camden Facility In Arkansas And Adding 326 New Jobs By 2024,3,increase,0.75,0.6,,152,29,2.0,2019-06-17,21178.0,-0.4141235258430243,1.385180652141571,3.237835341202566,3.6651462040667497,0.3036633832380175,1.3400494534670626,1.7730513881805354
21576,SOUTHWEST AIRLINES CO,Want Trade War-Proof Stocks? Ways To Aim For Tariff Protection,3,uncertain,0.6,0.3,,138,34,1.0,2019-06-17,58683.0,-1.2350432574748988,1.0160227306187153,0.0781572547300823,0.7034008118841362,-1.0691129602491856,1.9877942912901017,2.451557528140569
21584,LYONDELLBASELL INDUSTRIES N V,Deutsche Bank Downgrades LyondellBasell Industries to Hold,3,decrease,0.75,0.6,,148,34,0.0,2019-06-17,12345.0,-0.9132958948612212,0.9800536558032036,1.4584062797276642,1.831757980422677,0.1273302594199776,1.2999187663584433,2.3547483472936115
21592,MASTERCARD INC,Cramer: Facebook's Expected Crypto A Pivotal Catalyst,3,increase,0.7,0.6,,136,33,2.0,2019-06-17,91233.0,-0.3460183972492814,-0.1504686078988015,2.3533854996357517,2.9205155786164783,-0.4211355466395616,-1.4212620844933022,-1.3502228647207848
21600,MONDELEZ INTERNATIONAL INC,"Stifel Nicolaus Maintains Hold on Mondelez International, Raises Price Target to $52",3,uncertain,0.6,0.2,,144,34,1.0,2019-06-17,89006.0,-0.5449577700346708,-0.3470294643193483,1.0593640571061602,0.4070018761019423,0.7319262716919184,0.9165903128177222,1.9633219811606928
21608,MIDDLEBY CORP,"Middleby to Acquire Ss Brewtech, Terms Not Disclosed",3,uncertain,0.6,0.3,,136,34,1.0,2019-06-17,75470.0,-0.2517176326364279,1.3152873143553734,0.5046940936084932,5.322315089541929,-1.398917380720377,-1.657783764503051,-1.3840802951480935
21616,MERIT MEDICAL SYSTEMS INC,Merit Medical To Acquire Brightwater Medical For $35M Upfront,3,uncertain,0.6,0.3,,142,30,1.0,2019-06-17,76392.0,2.3022295907139783,2.4027107283473015,0.0169241797465247,-1.641281390915339,1.8152955919504168,2.738753178664433,2.8301889073885977
21624,MERIT MEDICAL SYSTEMS INC,Merit Medical Acquires Brightwater Medical For $35M Upfront And $15M In Potential Milestones Based On Receipt Of CE Mark Approval,3,increase,0.75,0.6,,157,29,2.0,2019-06-17,76392.0,2.3022295907139783,2.4027107283473015,0.0169241797465247,-1.641281390915339,1.8152955919504168,2.738753178664433,2.8301889073885977
21632,ALTRIA GROUP INC,Morgan Stanley Believes 'The impact of a 'maximum nicotine' policy on the US Tobacco industry is underappreciated'; Firm Estimates 'US tobacco profits could fall by 50% if this policy is implemented in the next 15 years',3,decrease,0.85,0.7,,172,34,0.0,2019-06-17,13901.0,0.0,-1.4549776911735537,-4.659848232170982,-6.232799448694415,-0.6834573112428188,0.1250878023657309,-0.9500834857358864
21640,MOSAIC CO NEW,Bank of America Upgrades Mosaic to Buy,3,increase,0.85,0.7,,132,33,2.0,2019-06-17,90386.0,4.1144903749227515,3.350510075688362,0.6443282667125017,8.548108861598735,-2.101574093103409,-1.3239154103268036,-0.133982863992188
21648,MERCK & CO INC NEW,"'Measles cases in United States rise to 1,044- CNN",3,increase,0.7,0.5,,142,33,2.0,2019-06-17,22752.0,0.6281762383878231,1.428565103560686,2.653060033610699,1.7406926330907124,0.5186939146369696,-0.4539484755176404,0.421782909332391
21656,NOVABAY PHARMACEUTICALS INC,"NovaBay Pharma Announces Justin Hall President and CEO, Jason Raleigh CFO, Both Served in These Roles on an Interim Basis Previously",3,uncertain,0.6,0.2,,158,34,1.0,2019-06-17,92345.0,5.42168878018856,12.000001966953278,4.000002720108875,-1.1428561121171188,-19.806762039661407,-22.429911602658436,-21.32701157950073
21664,NEPTUNE WELLNESS SOLUTIONS INC,Neptune Subsidiary Receives License Amendment Approval From Health Canada,3,increase,0.75,0.6,,143,33,2.0,2019-06-17,92222.0,0.9345784783363342,4.8611119389534,2.7777752158207436,3.496231748556511e-07,0.705887284129858,-12.47443153450102,-7.758614020686483
21672,NEPTUNE WELLNESS SOLUTIONS INC,"Neptune Wellness Solutions Expands Capacity for Cannabis Oil Capsule Production From 30,000 kg to 200,000 kg",3,increase,0.75,0.6,,154,29,2.0,2019-06-17,92222.0,0.9345784783363342,4.8611119389534,2.7777752158207436,3.496231748556511e-07,0.705887284129858,-12.47443153450102,-7.758614020686483
21680,NETFLIX INC,Netflix shares are trading higher on reports of positive subscriber trends.,3,increase,0.85,0.7,,133,29,2.0,2019-06-17,89393.0,3.205481916666031,1.8538588657975197,5.823972773940578,6.839316266102191,-1.0773612186312675,-1.6871126618157817,-3.2852159902745814
21688,NISOURCE INC,Hearing NiSource To Plan Sale Of Unit Tied To Gas Explosions,3,decrease,0.75,0.6,,138,34,0.0,2019-06-17,38762.0,1.426086388528347,-0.5829906556755304,0.5829906786699146,-1.954731428187928,0.9480353444814682,0.7711157140927849,2.0589276353479846
21696,NVIDIA CORP,Nvidia Announces Support For Arm CPUs: Why It Matters,3,increase,0.75,0.6,,131,33,2.0,2019-06-17,86580.0,0.2696345327422023,5.412677675485611,5.260984036926919,14.576294513384449,-2.441653423011303,-1.067029907251016,-4.053068508939428
21704,NVIDIA CORP,NVIDIA Announces Support for Arm CPUs,3,increase,0.75,0.6,,127,33,2.0,2019-06-17,86580.0,0.2696345327422023,5.412677675485611,5.260984036926919,14.576294513384449,-2.441653423011303,-1.067029907251016,-4.053068508939428
21712,NOVO NORDISK A S,Novo Nordisk Granted FDA Approval For Victoza,3,increase,0.85,0.7,,138,33,2.0,2019-06-17,63263.0,0.0981146702542901,2.3132726550102234,0.5489172090219929,0.9998083422186888,-1.431337837129831,-2.8778389885897315,-1.221168968020514
21720,O G E ENERGY CORP,"Mizuho Initiates Coverage On OGE Energy with Neutral Rating, Announces $43.5 Price Target",3,uncertain,0.6,0.3,,147,34,1.0,2019-06-17,24440.0,-1.290325727313757,0.3968211356550455,1.0270743215514688,-0.420168854606795,0.3932500258088112,-0.3215419869288416,1.1655011185718769
21728,PAN AMERICAN SILVER CORP,Pan American Silver Reports Ground Fall Accident and Suspension Of Operations In Argentina,3,decrease,0.85,0.7,,141,34,0.0,2019-06-17,81734.0,1.289764512330294,0.1697831787168979,13.242788301477626,6.366723474098124,-0.5132546648383141,1.0425707001427975,2.7385197614727685
21736,PROSPERITY BANCSHARES INC,"Prosperity Bancshares and LegacyTexas Financial Group to Merge, LegacyTexas Shareholders to Recieve 0.528 Prosperity Shares and $6.28 Cash Per Legacy Share Held",3,increase,0.75,0.6,,169,33,2.0,2019-06-17,86432.0,-6.975013017654419,0.7034411653876305,1.5987210969983012,7.945639488095901,0.5833947565406561,-0.0703207899122482,0.0775019243917762
21744,PFIZER INC,Pfizer To Buy Array BioPharma For $48/Share,3,increase,0.75,0.6,,133,33,2.0,2019-06-17,21936.0,0.2806425327435136,0.4430938046425581,2.0522323559350353,2.075558266143096,0.6117607466876507,-0.7428121965930679,0.2109213547575539
21752,PFIZER INC,Pfizer to Acquire Array BioPharma For $48/Share Cash,3,increase,0.75,0.6,,134,33,2.0,2019-06-17,21936.0,0.2806425327435136,0.4430938046425581,2.0522323559350353,2.075558266143096,0.6117607466876507,-0.7428121965930679,0.2109213547575539
21760,PROCTER & GAMBLE CO,"Deutsche Bank Maintains Hold on Procter & Gamble, Raises Price Target to $109",3,uncertain,0.6,0.2,,146,30,1.0,2019-06-17,18163.0,-0.1888481085188687,-1.2523645535111427,1.2073195406615556,-0.4504911272774636,0.2614672062918544,1.3858466583939857,1.663923667747813
21768,PROTALIX BIOTHERAPEUTICS INC,Protalix BioTherapeutics Completes Enrollment in the Phase III BRIGHT Clinical Trial of pegunigalsidase alfa (PRX 102) for the Treatment of Fabry Disease,3,increase,0.75,0.6,,173,29,2.0,2019-06-17,86080.0,-0.2597411395981908,0.4971569404006004,4.876891608319589,11.26893954773358,-1.511629205197096,-2.486761206967514,3.2926840871391194
21776,PARK NATIONAL CORP,Janney Capital Initiates Coverage On Park National with Neutral Rating,3,uncertain,0.6,0.2,,134,34,1.0,2019-06-17,76266.0,-0.5860380362719297,0.6911274511367083,-3.089745868433502,1.6261799717338876,-0.4626361187547445,-0.1311778580150413,-0.8117835060299283
21784,PAPA JOHNS INTL INC,Shaquille O'Neal Buys 9 Papa John's Locations,3,increase,0.7,0.3,,142,33,2.0,2019-06-17,79299.0,0.0,-3.429250419139862,-13.086328338846032,-11.351994481373971,0.4752508364617824,2.8166226380718085,2.691766567034226
21792,UNIQURE N V,Report: uniQure Could Put Itself Up For Sale,3,increase,0.75,0.6,,136,33,2.0,2019-06-17,14466.0,11.8401050567627,-3.8575269281864166,-8.047817154283809,-5.348775590611643,1.8817637115716936,3.776282698644673,9.974233189682955
21800,UNIQURE N V,"UniQure shares are trading higher following a media report that the company is exploring strategic options, including a potential sale.",3,increase,0.75,0.6,,147,33,2.0,2019-06-17,14466.0,11.8401050567627,-3.8575269281864166,-8.047817154283809,-5.348775590611643,1.8817637115716936,3.776282698644673,9.974233189682955
21808,UNIQURE N V,uniQure Shares Rise 9% Premarket to $79 Following Bloomberg Report Company Exploring Options Including Potential Sale,3,increase,0.85,0.7,,146,33,2.0,2019-06-17,14466.0,11.8401050567627,-3.8575269281864166,-8.047817154283809,-5.348775590611643,1.8817637115716936,3.776282698644673,9.974233189682955
21816,ROCKWELL MEDICAL INC DE,Rockwell Medical shares are trading lower after the company reported a common stock offering with no disclosed size.,3,decrease,0.75,0.6,,147,34,0.0,2019-06-17,85744.0,5.50239309668541,-31.29251599311829,-32.8798161379372,-32.19954466930992,-1.415093056857586,9.626810459906212e-09,-0.7125940543943554
21824,ROCKWELL MEDICAL INC DE,Rockwell Medical Reports Common Stock Offering; Size Not Disclosed,3,decrease,0.7,0.5,,140,34,0.0,2019-06-17,85744.0,5.50239309668541,-31.29251599311829,-32.8798161379372,-32.19954466930992,-1.415093056857586,9.626810459906212e-09,-0.7125940543943554
21832,REWALK ROBOTICS LTD,"H.C. Wainwright Upgrades ReWalk Robotics to Buy, Raises Price Target to $9",3,increase,0.8,0.6,,148,33,2.0,2019-06-17,14936.0,-1.343573350459337,-8.365755528211594,-16.53696336895888,-13.813230291257517,-4.578754678368568,0.5791545092378003,-3.339514500316887
21840,STIFEL FINANCIAL CORP,Stifel to Acquire GMP Capital's Capital Markets Business For ~$52M,3,increase,0.75,0.6,,144,29,2.0,2019-06-17,72996.0,-0.5124596413224937,1.4209577813744545,-1.0834824793920728,5.470696206219827,-1.5826083719730375,-0.8236964394767732,-2.380543409167024
21848,SIENTRA INC,Abingworth Lowers its Stake in Sientra from 8.9% to 4.9%,3,decrease,0.75,0.6,,144,34,0.0,2019-06-17,15016.0,3.709432110190392,1.639346219599247,-3.2786923591157535,-8.196723988915988,0.4658343736082315,1.0937452396202474,7.296841788287556
21856,SYNOVUS FINANCIAL CORP,Synovus shares are trading higher after the company added $325 million to the buyback.,3,increase,0.8,0.6,,148,29,2.0,2019-06-17,20053.0,-0.9391020052134992,2.935776859521866,3.1534271475117004,8.213898542566467,0.1516967196948826,0.5176558114462715,-0.2417704328069092
21864,SYNOVUS FINANCIAL CORP,Synovus Adds $325M To Buyback,3,increase,0.75,0.6,,140,33,2.0,2019-06-17,20053.0,-0.9391020052134992,2.935776859521866,3.1534271475117004,8.213898542566467,0.1516967196948826,0.5176558114462715,-0.2417704328069092
21872,SANOFI,"Voyager Therapeutics Acquires Worldwide Rights to VY-HTT01 For Huntington's Disease From Sanofi for $10M, Voyager Grants Ex-US Rights to BY-FXN01 to Neurocine Biosciences for $5M",3,decrease,0.7,0.4,,167,34,0.0,2019-06-17,89475.0,0.4238293040543794,1.0785440914332869,2.7901490770792403,2.1570881955767396,-0.492031592875719,-1.826160722571435,-1.1405909651196144
21880,SUNPOWER CORP,SunPower Spikes to 52-Week High After-Hours,3,increase,0.85,0.7,,135,33,2.0,2019-06-17,90978.0,0.4854364320635795,22.584541141986847,24.75845788944604,35.62801843942296,-2.600475959479809,3.5175847344018907,-2.600475956729731
21888,SENSATA TECHNOLOGIES HOLDING PLC,Longbow Research Downgrades Sensata Technologies to Neutral,3,decrease,0.75,0.6,,143,34,0.0,2019-06-17,93296.0,-0.676268246024847,2.5697385892271996,4.831980581977158,7.401719260341344,-2.7577413246035576,-1.4193545245973382,-2.26013076166085
21896,STEEL DYNAMICS INC,Steel Dynamics shares trading lower following Q2 earnings per share guidance which came in below the analyst consensus estimate.,3,decrease,0.85,0.7,,146,34,0.0,2019-06-17,84262.0,-0.7567187305539846,9.035459160804749,11.13229202958539,17.889937135748845,-0.8998866192996502,1.5366869245279302,-0.7510283163499665
21904,STEEL DYNAMICS INC,"UPDATE: Steel Dynamics Cites 'reduced earnings were primarily related to lower profitability from the company's long product steel operations, as shipments and metal spread declined in the quarter'",3,decrease,0.85,0.7,,159,34,0.0,2019-06-17,84262.0,-0.7567187305539846,9.035459160804749,11.13229202958539,17.889937135748845,-0.8998866192996502,1.5366869245279302,-0.7510283163499665
21912,STEEL DYNAMICS INC,UPDATE: Steel Dynamics Warns 'steel operations is expected to decrease in comparison to sequential first quarter results',3,decrease,0.85,0.7,,146,34,0.0,2019-06-17,84262.0,-0.7567187305539846,9.035459160804749,11.13229202958539,17.889937135748845,-0.8998866192996502,1.5366869245279302,-0.7510283163499665
21920,STEEL DYNAMICS INC,UPDATE: Steel Dynamics Sees Prelim. Q2 EPS $0.86-$0.90 vs $0.99 Estimate,3,decrease,0.75,0.6,,152,34,0.0,2019-06-17,84262.0,-0.7567187305539846,9.035459160804749,11.13229202958539,17.889937135748845,-0.8998866192996502,1.5366869245279302,-0.7510283163499665
21928,STEEL DYNAMICS INC,Steel Dynamics Sees Q2 EPS Below Analyst Estimate,3,decrease,0.85,0.7,,136,34,0.0,2019-06-17,84262.0,-0.7567187305539846,9.035459160804749,11.13229202958539,17.889937135748845,-0.8998866192996502,1.5366869245279302,-0.7510283163499665
21936,TUANCHE LTD,Tuanche Announces a $20M Buyback,3,increase,0.75,0.6,,132,33,2.0,2019-06-17,18261.0,-28.040537238121033,18.309852480888367,49.29576956200152,51.17370191991757,10.037174075841904,-6.03174726475183,-10.843370108861016
21944,BIO TECHNE CORP,FDA Grants Breakthrough Device Designation To Bio-Techne's ExoDx Prostate IntelliScore) Test,3,increase,0.8,0.6,,145,29,2.0,2019-06-17,75694.0,-0.5327832419425249,0.1254691742360592,-0.6707522346436123,0.9795870991366584,-1.372850313782692,-3.2910906472658485,-2.0314150647698592
21952,T G THERAPEUTICS INC,TG Therapeutics Presents Preclinical Data for TG-1801 at the 24th European Hematology Association Annual Congress,3,increase,0.75,0.6,,154,33,2.0,2019-06-17,82670.0,2.754818275570869,4.1554950177669525,-7.1045604704148,19.70509634046251,1.9662970677018168,5.217393112338842,1.6806773626533378
21960,TITAN MACHINERY INC,Titan Machinery Shares are trading higher after Baird upgraded the stock from Neutral to Outperform and raised the price target from $18 to $24.,3,increase,0.85,0.7,,154,33,2.0,2019-06-17,92471.0,6.352202594280243,3.548198565840721,5.263154354823674,21.584858864036228,-3.81125845015049,-1.364771561717537,-2.2741290607308007
21968,TITAN MACHINERY INC,"Baird Upgrades Titan Machinery to Outperform, Raises Price Target to $24",3,increase,0.85,0.7,,142,29,2.0,2019-06-17,92471.0,6.352202594280243,3.548198565840721,5.263154354823674,21.584858864036228,-3.81125845015049,-1.364771561717537,-2.2741290607308007
21976,TRONOX HOLDINGS PLC,Venator Materials Responds To Tronox's Counterclaims Concerning Lawsuit Arising From Tronox's Refusal To Pay $75M Break Fee,3,uncertain,0.6,0.3,,156,34,1.0,2019-06-17,13452.0,-1.805052533745766,3.676467016339302,3.492648054202641,18.65808551463499,0.0,2.4029595777392387,-0.2700247413037537
21984,TWIN DISC INC,Twin Disc Announces James Feiertag President and COO,3,uncertain,0.6,0.3,,131,34,1.0,2019-06-17,59600.0,3.953991457819938,0.0,-4.97925482942736,1.5905919035251292,0.0719440926332026,0.360751732225717,2.3546703049531548
21992,REAVES UTILITY INCOME FUND,The Reaves Utility Income Fund Raises Monthly Dividend From $0.17 to $0.18/Share,3,increase,0.8,0.6,,151,33,2.0,2019-06-17,90047.0,0.4780652467161417,-0.3655822947621345,0.0562442439344224,0.7592813284051481,0.994042307138443,1.3972103959771776,1.4550703275786336
22000,VALE S A,"Brazil's Vale Suspends Nickel Processing In Onca Puma, Para State After Court Decision; Says Will Appeal",3,decrease,0.75,0.6,,143,34,0.0,2019-06-17,89330.0,-1.9054878503084176,4.5843057334423065,5.982909490598343,8.236211425919503,-2.3082681000232697,-0.8314410949052276,-1.055809485927428
22008,V B I VACCINES INC NEW,VBI Vaccines shares are trading lower after the company reported results from its Phase 3 Study Of Sci-b-vac. The trial met both co-primary endpoints but did not meet its secondary objective of non-inferiority.,3,decrease,0.8,0.6,,174,34,0.0,2019-06-17,16043.0,-65.6084656715393,3.107694536447525,98.46154134913492,61.53846042512123,0.0,0.0,8.620688319206238
22016,V B I VACCINES INC NEW,"VBI Vaccines Announces Both Co-primary Endpoints Successfully Met in Protect, A Pivotal Phase 3 Study Of Sci-b-vac",3,increase,0.8,0.6,,158,29,2.0,2019-06-17,16043.0,-65.6084656715393,3.107694536447525,98.46154134913492,61.53846042512123,0.0,0.0,8.620688319206238
22024,VERACYTE INC,Veracyte Announces New Article Published in Cancer Cytopathology Detailing Clinical Utility of Its RNA Sequencing-Based Testing for Thyroid Cancer Diagnosis and Treatment,3,increase,0.75,0.6,,152,29,2.0,2019-06-17,14263.0,3.5908587276935577,-0.17506736330688,-4.586832975378696,0.6652679326524025,-1.2889388017356396,2.0733042273608504,5.028570335399896
22032,VALERO ENERGY CORP NEW,Valero Restarting Meraux Louisiana Refinery Hydrocracker,3,increase,0.75,0.6,,137,29,2.0,2019-06-17,85269.0,0.2214671345427631,1.1309017427265644,4.978554200643126,9.515142924478967,-0.6471653934568167,0.339872075859926,0.5238364696176889
22040,VERASTEM INC,Verastem Oncology Presents COPIKTRA Data at the European Hematology Association 2019 Annual Meeting,3,increase,0.7,0.6,,143,33,2.0,2019-06-17,13202.0,25.00000298023224,4.000002890825272,0.5714277078622265,-19.428573630541777,10.236220061779022,11.999997818563868,11.111109834434885
22048,VENTAS INC,"Ventas Reports New Research, Academic And Innovation Projects With Current And New University Relationships Including University Of Pittsburgh And Drexel University",3,increase,0.7,0.5,,145,29,2.0,2019-06-17,75819.0,2.756135910749435,0.0,2.390669725011918,0.1419876702438038,2.0327094942331314,2.9293887052907364,3.5199323443119157
22056,VANGUARD WHITEHALL FUNDS,A Classic High Dividend ETF Still Looks Strong,3,increase,0.75,0.6,,140,33,2.0,2019-06-17,91597.0,-0.2249478129670024,0.8604626171290874,1.744186016339011,2.22093446851086,-0.1609928556717932,0.254042986659253,0.1153118911766393
22064,WENDYS CO,A Few Key Takeaways From KeyBanc's Visit To Wendy's HQ,3,uncertain,0.5,0.2,,137,25,1.0,2019-06-17,19828.0,-0.4123707301914692,0.5176003091037273,-0.8799177108608891,-0.8799177115374368,-0.4106772132217884,0.1032015765647376,-0.1544039128841934
22072,WHIRLPOOL CORP,Whirlpool Shares Move Higher; Hearing Positive AHAM Data,3,increase,0.8,0.6,,137,33,2.0,2019-06-17,25419.0,1.754130981862545,2.701720781624317,1.4776245748093109,5.446910344362732,0.4441744647920131,4.2329222146876955,4.120938897962767
22080,WYNN RESORTS LTD,Macau Insiders Downbeat on H2 Gaming Demand,3,decrease,0.8,0.7,,137,34,0.0,2019-06-17,89533.0,0.060548132751137,5.463346838951111,5.480633002209423,13.459543116100336,-1.3650699518620968,0.7582384693773703,-2.1498102892039017
22088,ACCENTURE PLC IRELAND,"Wells Fargo Maintains Outperform on Accenture, Raises Price Target to $200",3,increase,0.8,0.6,,145,33,2.0,2019-06-13,89071.0,0.19502715440467,0.0108160435047466,0.8488820476991732,-1.0543374046839915,0.6653221789747477,0.0813239555817801,0.9129664304401208
22096,AMERICAN FINANCIAL GROUP INC NEW,Buckingham Research Upgrades American Financial Group to Buy,3,increase,0.85,0.7,,140,29,2.0,2019-06-13,60687.0,2.326489612460136,0.182274030521512,-0.3261668740199508,-2.0337635834067114,0.8015092462301254,1.031439990637617,0.9813695156602796
22104,ALASKA AIRGROUP INC,Alaska Air Group Sees Q2 Revenue Per ASM $0.1326-$0.1345,3,uncertain,0.6,0.3,,147,34,1.0,2019-06-13,28804.0,1.96850523352623,1.544400118291378,-2.3166000825015742,1.5283152515816356,0.3291651839390397,0.5277039810855255,0.710392051427422
22112,ALASKA AIRGROUP INC,Alaska Air 8-K Cuts Q2 Capacity Guidance From 16.98M-17.03M To 16.975M-16.995M; Sees FY19 Capacity 66.59M-66.79M,3,decrease,0.75,0.6,,175,34,0.0,2019-06-13,28804.0,1.96850523352623,1.544400118291378,-2.3166000825015742,1.5283152515816356,0.3291651839390397,0.5277039810855255,0.710392051427422
22120,ALASKA AIRGROUP INC,"Alaska Air Group May RPMs Up 1.0% YoY, ASMs Up 0.7% YoY",3,uncertain,0.6,0.2,,152,34,1.0,2019-06-13,28804.0,1.96850523352623,1.544400118291378,-2.3166000825015742,1.5283152515816356,0.3291651839390397,0.5277039810855255,0.710392051427422
22128,ALNYLAM PHARMACEUTICALS INC,"Alnylam Pharma To Report New Clinical Results for ONPATTRO® (patisiran) at Peripheral Nerve Society Annual Meeting, Congress of the European Academy of Neurology",3,increase,0.75,0.6,,170,33,2.0,2019-06-13,90178.0,1.77142545580864,-1.698482781648636,3.088159229705023,-0.2245874921127044,0.1144191017374396,-1.01810126617089,-0.5681839737284644
22136,AEMETIS INC,Aemetis Reports Its India Plant Hit $4M Monthly Domestic Biodiesel Revenue as Shipments Begin Under OMC Contract,3,increase,0.8,0.6,,148,33,2.0,2019-06-13,14689.0,6.6555604338645935,-6.2402378767728806,-3.114909153018508,-8.323786377926734,-0.2217332366853952,-3.225809822483494,2.2727249557348728
22144,ASHLAND INC 2022,Ashland Global 13D From Eminence Capital Shows New 8.3% Stake,3,increase,0.75,0.6,,146,33,2.0,2019-06-13,24272.0,0.8436139672994614,-2.2974109277129173,-2.38481221905249,-1.785482266797267,1.3010160997509956,0.8764064145582173,2.147907605590893
22152,BROADCOM INC,"From Broadcom Conference Call: CEO Says Anticipate FY19 Semiconductor Solutions Segment Rev Of $17.5B, Which Is A Y0Y Decline",3,decrease,0.8,0.6,,154,34,0.0,2019-06-13,93002.0,0.6720674689859152,-5.5679816752672195,-0.9090577442474655,2.437186586541573,-1.322844624519348,-0.1712931653294891,1.7681144134148452
22160,BROADCOM INC,From Broadcom Conference Call; CEO Says Huawei Ban Contributes To Lowered Outlook For Second Half Of Year,3,decrease,0.85,0.7,,143,34,0.0,2019-06-13,93002.0,0.6720674689859152,-5.5679816752672195,-0.9090577442474655,2.437186586541573,-1.322844624519348,-0.1712931653294891,1.7681144134148452
22168,BROADCOM INC,"Broadcom Shares Fall After Q2 Sales Miss, Guidance Cut",3,decrease,0.85,0.7,,134,34,0.0,2019-06-13,93002.0,0.6720674689859152,-5.5679816752672195,-0.9090577442474655,2.437186586541573,-1.322844624519348,-0.1712931653294891,1.7681144134148452
22176,BROADCOM INC,Broadcom shares are trading lower after the company reported worse-than-expected Q2 sales results; the company also cut its FY19 sales guidance below analyst estimates.,3,decrease,0.85,0.7,,153,34,0.0,2019-06-13,93002.0,0.6720674689859152,-5.5679816752672195,-0.9090577442474655,2.437186586541573,-1.322844624519348,-0.1712931653294891,1.7681144134148452
22184,BROADCOM INC,"Broadcom Warns 'We currently see a broad-based slowdown in the demand environment, which we believe is driven by continued geopolitical uncertainties, as well as the effects of export restrictions on one of our largest customers'",3,decrease,0.85,0.7,,163,34,0.0,2019-06-13,93002.0,0.6720674689859152,-5.5679816752672195,-0.9090577442474655,2.437186586541573,-1.322844624519348,-0.1712931653294891,1.7681144134148452
22192,BROADCOM INC,Broadcom Cuts FY19 Sales Guidance From $24.5B To $22.5B vs $24.5 Est.,3,decrease,0.85,0.7,,147,34,0.0,2019-06-13,93002.0,0.6720674689859152,-5.5679816752672195,-0.9090577442474655,2.437186586541573,-1.322844624519348,-0.1712931653294891,1.7681144134148452
22200,BROADCOM INC,Broadcom Cuts FY19 Sales Guidance,3,decrease,0.85,0.7,,129,34,0.0,2019-06-13,93002.0,0.6720674689859152,-5.5679816752672195,-0.9090577442474655,2.437186586541573,-1.322844624519348,-0.1712931653294891,1.7681144134148452
22208,BROADCOM INC,"Broadcom Q2 Adj. EPS $5.21 Beats $5.18 Estimate, Sales $5.517B Miss $5.69B Estimate",3,uncertain,0.6,0.3,,153,34,1.0,2019-06-13,93002.0,0.6720674689859152,-5.5679816752672195,-0.9090577442474655,2.437186586541573,-1.322844624519348,-0.1712931653294891,1.7681144134148452
22216,ALIBABA GROUP HOLDING LTD,Report: Alibaba Files For Hong Kong Listing As Trade Tensions Simmer,3,uncertain,0.6,0.3,,142,34,1.0,2019-06-13,14888.0,0.1812100410461426,-1.3908786699175837,4.939810354823337,6.59264758581799,-1.6046730801463127,0.1188533914825651,3.7670997382648785
22224,ALIBABA GROUP HOLDING LTD,Alibaba Files for Hong Kong Mega-Listing,3,increase,0.75,0.6,,136,33,2.0,2019-06-13,14888.0,0.1812100410461426,-1.3908786699175837,4.939810354823337,6.59264758581799,-1.6046730801463127,0.1188533914825651,3.7670997382648785
22232,BECTON DICKINSON & CO,"Becton, Dickinson And Co Shares Moving Slightly Lower; Move May Be Related To Earlier TechCrunch Article Highlighting Research Reports Which Said Co.'s Infusion Pumps Can Be Remotely Hijacked",3,decrease,0.85,0.7,,173,34,0.0,2019-06-13,39642.0,0.0295362551696598,-1.2149804271757605,3.4087083607548196,5.108842900823873,-0.0210965532460249,-1.3488220315275523,-0.5914941175126476
22240,BIOGEN INC,"Biogen's Canada Unit Wins Broader Access To Spinraza By Province Of Ontario, Canada",3,increase,0.75,0.6,,139,33,2.0,2019-06-13,76841.0,0.3601969685405493,-1.5523637644946575,1.6042579131635648,3.679845323701958,0.5893097724765539,0.8887910894108231,1.4082634671689576
22248,BRISTOL MYERS SQUIBB CO,"UBS Maintains Neutral on Bristol-Myers Squibb, Lowers Price Target to $51",3,decrease,0.75,0.6,,152,30,0.0,2019-06-13,19393.0,-0.629853503778577,0.4859487060457468,3.296001502581669,-4.7116066030612025,1.6215108335018158,3.520979779848732,1.8823551891939296
22256,B R F S A,BRF shares are trading higher after JP Morgan upgraded the company's stock from Neutral to Overweight and announced an $8 price target.,3,increase,0.85,0.7,,149,33,2.0,2019-06-13,88673.0,6.06936514377594,0.95367431640625,0.408715650625524,2.3160773169071724,-1.0014262981712818,-1.1428560690275091,2.518519659398999
22264,B R F S A,"JP Morgan Upgrades BRF to Overweight, Announces $8 Price Target",3,increase,0.85,0.7,,139,33,2.0,2019-06-13,88673.0,6.06936514377594,0.95367431640625,0.408715650625524,2.3160773169071724,-1.0014262981712818,-1.1428560690275091,2.518519659398999
22272,CASEYS GENERAL STORES INC,"Stephens & Co. Maintains Overweight on Casey's General Stores, Raises Price Target to $165",3,increase,0.8,0.6,,147,33,2.0,2019-06-13,21742.0,1.601170189678669,-0.2035574056208133,1.4577460395603037,2.166920510263237,2.3908736184239388,12.665369048612574,11.941752250331184
22280,CATERPILLAR INC,Caterpillar Reports 6% Year-Over-Year Sales Increase,3,increase,0.8,0.6,,139,33,2.0,2019-06-13,18542.0,0.055074505507946,0.0471850187750533,5.079819802285512,6.550288612338684,-0.1414207275956869,1.0815974090262692,2.12116292730673
22288,CATERPILLAR INC,Caterpillar 8-K Shows Rolling 3-Month Global Retail Sales Up 6% Year Over Year,3,increase,0.8,0.6,,148,29,2.0,2019-06-13,18542.0,0.055074505507946,0.0471850187750533,5.079819802285512,6.550288612338684,-0.1414207275956869,1.0815974090262692,2.12116292730673
22296,COLGATE PALMOLIVE CO,Colgate-Palmolive Exec At Deutsche Bank Conference Warns 'There Has Been A Little Bit Of Softness In US Market',3,decrease,0.75,0.6,,155,30,0.0,2019-06-13,18729.0,-0.410681776702404,0.8247401565313339,1.1683827547916303,-0.838488807989568,-0.3818338736891746,0.0273918550662388,-1.2704349393169778
22304,CENTERPOINT ENERGY INC,CenterPoint Energy shares are trading higher after Bank of America upgraded the company's stock from Neutral to Buy.,3,increase,0.85,0.7,,141,33,2.0,2019-06-13,21792.0,0.9661859832704068,1.2303506955504415,2.665757664520152,-2.5632260535895623,1.1871513910591602,0.2074670355923791,0.5551695056080774
22312,CENTERPOINT ENERGY INC,Bank of America Upgrades CenterPoint Energy to Buy,3,increase,0.85,0.7,,132,33,2.0,2019-06-13,21792.0,0.9661859832704068,1.2303506955504415,2.665757664520152,-2.5632260535895623,1.1871513910591602,0.2074670355923791,0.5551695056080774
22320,COPA HOLDINGS SA,"Copa Holdings Reports May ASMs Down 4.6% YoY, RPMs Down 2.6% YoY",3,decrease,0.75,0.6,,150,34,0.0,2019-06-13,91065.0,1.487659476697445,0.0623740081209689,2.9005102019806106,0.3222760267844515,0.9049275889992714,0.6157132339159599,1.903017572283705
22328,CAMPBELL SOUP CO,"'Campbell promises bone broth, 'plant-based cooking platform' as it looks to reinvent its soup business' -CNBC",3,increase,0.75,0.6,,151,33,2.0,2019-06-13,25320.0,0.4949306603521108,-0.8911845274269581,-3.775798913319206,-6.777672215107211,-0.2351245610043406,0.9997667119794996,-1.5088243479920882
22336,CAMPBELL SOUP CO,Campbell Soup Executive On If International Business Divestiture Does Not Happen Says Would Manage The International Business As A Separate Division,3,uncertain,0.6,0.3,,151,34,1.0,2019-06-13,25320.0,0.4949306603521108,-0.8911845274269581,-3.775798913319206,-6.777672215107211,-0.2351245610043406,0.9997667119794996,-1.5088243479920882
22344,CAMPBELL SOUP CO,Campbell Soup Executive At Investor Day On International Business Divestiture - Remain Committed To This Process Although We Are Going To Be Disciplined Relative To The Value Of These Assets,3,uncertain,0.6,0.2,,163,34,1.0,2019-06-13,25320.0,0.4949306603521108,-0.8911845274269581,-3.775798913319206,-6.777672215107211,-0.2351245610043406,0.9997667119794996,-1.5088243479920882
22352,CALLON PETROLEUM CO DEL,UPDATE: Callon Petroleum Cuts FY19 Production Guidance From 39.5M-41.5M Barrels Of Oil Equivalent/Day To 38M-39.5M,3,decrease,0.85,0.7,,165,34,0.0,2019-06-13,80926.0,0.3241488011553884,-2.90791317820549,7.108240263158683,2.90791364060472,-2.5276437401771545,0.1623414427686542,-1.5948946829591026
22360,CALLON PETROLEUM CO DEL,Callon Petroleum Cuts FY19 Production Guidance,3,decrease,0.85,0.7,,136,34,0.0,2019-06-13,80926.0,0.3241488011553884,-2.90791317820549,7.108240263158683,2.90791364060472,-2.5276437401771545,0.1623414427686542,-1.5948946829591026
22368,COOPER STANDARD HOLDINGS INC,Cooper-Standard shares are trading lower after Goldman Sachs downgraded the stock from Neutral to Sell and lowered the price target from $51 to $36.,3,decrease,0.85,0.7,,157,34,0.0,2019-06-13,14185.0,-6.612557917833328,0.9458147920668124,6.927410610921347,14.544996414094836,-0.8520724251866341,-3.1892791332276627,-2.536063712154446
22376,COOPER STANDARD HOLDINGS INC,"Goldman Sachs Downgrades Cooper-Standard Holdings to Sell, Lowers Price Target to $36",3,decrease,0.85,0.7,,146,34,0.0,2019-06-13,14185.0,-6.612557917833328,0.9458147920668124,6.927410610921347,14.544996414094836,-0.8520724251866341,-3.1892791332276627,-2.536063712154446
22384,CROWN CRAFTS INC,"Crown Crafts Q4 EPS $0.14 Down From $0.2 YoY, Sales $21.717M Beat $20.4M Estimate",3,uncertain,0.6,0.2,,158,34,1.0,2019-06-13,59256.0,0.8333340287208557,-6.302524358034134,-6.092445388822664,-6.4075685980958035,2.5641104206442833,-0.4149374040091969,-1.840484292890432
22392,C S X CORP,Federal Railroad Administration Awards Funds For Railroad Infrastructure Construction And Repair,3,increase,0.75,0.6,,135,33,2.0,2019-06-13,62148.0,-0.7541914004832506,-0.6053596269339323,1.8160789638186792,-1.5327182531086336,-0.470731733366847,-0.5592917778487694,0.2049489692625528
22400,C P I AEROSTRUCTURES INC,CPI Aerostrcutures Reports Secured $14M In Added Orders From Sikorsky For HIRSS Modules Assemblies Used In UH-60 Black Hawk Helicopters,3,increase,0.8,0.6,,169,29,2.0,2019-06-13,77900.0,0.2471622545272112,-0.5006253253668547,-0.8760912453612879,2.753445022456358,1.6619903966784475,2.183333432699208,4.139284167533974
22408,DOMINION ENERGY INC,Bank of America Upgrades Dominion Energy to Neutral,3,increase,0.7,0.5,,133,33,2.0,2019-06-13,64936.0,1.318590622395277,0.7756066508591175,1.761540690704955,0.8544781438190041,1.5830038115382197,-0.4508039770579786,-0.9367978595753668
22416,DUPONT DE NEMOURS INC,"Nomura Maintains Neutral on DuPont de Nemours, Lowers Price Target to $73",3,decrease,0.75,0.6,,147,34,0.0,2019-06-13,16851.0,1.864964328706264,0.3340905997902155,0.200456330153953,-1.336362457856244,-0.3662067931145429,-0.3932215912587966,-0.2444328040789645
22424,DOLLAR GENERAL CORP NEW,"UPDATE: Oppenheimer Maintains Top Pick On Dollar General, Raises Target To $150 As Firm Sees 3 Key Positive Surprises To Begin The Year: 'above-plan Q1 top-line momentum', Launch Of DG Fresh, And Favorable Interest Rate Backdrop",3,increase,0.85,0.7,,182,29,2.0,2019-06-13,93096.0,-0.0587963673751801,-0.1985909417271614,2.096197853620896,0.3677550979131139,0.3911141771823168,0.7927628933206865,2.170484056873767
22432,DOLLAR GENERAL CORP NEW,"Oppenheimer Maintains Top Pick on Dollar General, Raises Price Target to $150",3,increase,0.85,0.7,,145,29,2.0,2019-06-13,93096.0,-0.0587963673751801,-0.1985909417271614,2.096197853620896,0.3677550979131139,0.3911141771823168,0.7927628933206865,2.170484056873767
22440,D H T HOLDINGS INC,"DHT Holdings, Heidmar Has Suspended New Bookings To Arab Gulf Following Tanker Attacks",3,decrease,0.85,0.7,,147,34,0.0,2019-06-13,90943.0,6.488552689552307,-2.5089582428336143,1.6129059498612983,1.075267776927724,-6.093192845582962,-7.583779621009401,-8.55148779807684
22448,DIREXION SHARES E T F TRUST,Traders Got Bearish On Gold Miners In A Hurry,3,decrease,0.8,0.6,,144,34,0.0,2019-06-13,12442.0,-3.2960183918476096,-1.4147927053272724,-21.157556047105796,-25.00895592441914,-4.795734211802483,-6.074771478334839,-1.1070130509319709
22456,EURONET WORLDWIDE INC,Euronet Worldwide shares are trading lower after DA Davidson downgraded the stock from Buy to Neutral.,3,decrease,0.85,0.7,,148,34,0.0,2019-06-13,84606.0,-1.7548169940710072,-0.8056416176259518,1.9985087482396136,2.317016364570157,1.0102197527885437,1.0666013175125943,1.4377279981496516
22464,EURONET WORLDWIDE INC,DA Davidson Downgrades Euronet Worldwide to Neutral,3,decrease,0.75,0.6,,139,34,0.0,2019-06-13,84606.0,-1.7548169940710072,-0.8056416176259518,1.9985087482396136,2.317016364570157,1.0102197527885437,1.0666013175125943,1.4377279981496516
22472,EQUIFAX INC,How To Fix Errors On Your Credit Report,3,increase,0.7,0.5,,130,33,2.0,2019-06-13,52476.0,1.252003479748964,-0.4448553081601858,1.771839492322047,-0.1508045701137828,1.8188975751399992,0.5990314209112446,0.6299511492680709
22480,LAUDER ESTEE COS INC,Estée Lauder Says 'Leading Beauty Forward' Initiative May Result In Resturing Charges Of $900M-$950M,3,decrease,0.8,0.7,,152,34,0.0,2019-06-13,82642.0,0.4402544349431991,-0.6012880709022284,2.8154030428554577,2.30402137017347,-0.1802959712222218,-0.4774778545880598,0.1752784926968731
22488,ENGLOBAL CORP,ENGlobal shares are trading higher after the company reported it won a spot as 1 of 3 prime contractors on a US Military $124 million automated fuel handling contract.,3,increase,0.85,0.7,,155,33,2.0,2019-06-13,86122.0,9.711113572120668,-8.851531147956848,-6.81588230936635,-9.9858183665811,-1.0989065282046795,1.6129339313793345,9.756095490296213
22496,ENGLOBAL CORP,ENGlobal Reports Wins Spot As 1 Of 3 Prime Contractors On US Military $124M Automated Fuel Handling Equipment Contract,3,increase,0.8,0.6,,146,29,2.0,2019-06-13,86122.0,9.711113572120668,-8.851531147956848,-6.81588230936635,-9.9858183665811,-1.0989065282046795,1.6129339313793345,9.756095490296213
22504,ISHARES INC,"Trump Tweets 'While I very much appreciate P.M. Abe going to Iran to meet with Ayatollah Ali Khamenei, I personally feel that it is too soon to even think about making a deal. They are not ready, and neither are we!'",3,uncertain,0.6,0.3,,174,34,1.0,2019-06-13,83225.0,-0.1107036368921398,-0.2585877198725939,2.510839042507018,1.3179867908388545,-1.1129367165267467,-0.7871138869780414,-0.3310046373947384
22512,ISHARES TRUST,"Spokesperson For UK Prime Minister Theresa May Calls Attacks On Civilian Vessels In Gulf Of Oman 'Completely Unacceptable,' Says Freedom Of Navigation Is Vital, Says UK Is Ready To Assist In Any Investigation",3,uncertain,0.6,0.3,,166,34,1.0,2019-06-13,14907.0,0.1222405233420432,-0.8546971715986729,1.0947743162933232,0.4686042837835025,-0.7582650519907475,-0.243896375842223,-0.0915993031275208
22520,FATE THERAPEUTICS INC,"Mizuho Initiates Coverage On Fate Therapeutics with Buy Rating, Announces $27 Price Target",3,increase,0.8,0.6,,149,29,2.0,2019-06-13,14245.0,6.287781149148941,1.422070525586605,11.831626305139654,16.268490508103838,3.2459452748298645,-0.2412486329841145,-8.26400299295077
22528,F M C CORP,"Citi Assumes FMC at Buy, Announces $93 Price Target",3,increase,0.8,0.6,,137,33,2.0,2019-06-13,19166.0,0.7133020553737879,-0.7082500960677862,1.963213432382438,3.74005073993926,0.276071298867464,-0.0250176841093408,-1.0034657382005483
22536,FRONTLINE PLC,Tanker Attacks Could Lead To Jump In Crude Oil Shipping Rates,3,increase,0.8,0.7,,134,33,2.0,2019-06-13,89139.0,10.66481992602348,-4.881099984049797,0.5006250944918689,1.8773538824653713,-6.838712096214294,-5.867017758221849,-7.554419127621204
22544,FRONTLINE PLC,Frontline Shares Rise 10% Following Reports Tanker Struck by Torpedo off Coast of UAE,3,increase,0.8,0.1,,140,33,2.0,2019-06-13,89139.0,10.66481992602348,-4.881099984049797,0.5006250944918689,1.8773538824653713,-6.838712096214294,-5.867017758221849,-7.554419127621204
22552,FRONTLINE PLC,Frontline Spokesman Denies Iran News Agency Report that Front Altair has Sunk,3,uncertain,0.6,0.3,,138,34,1.0,2019-06-13,89139.0,10.66481992602348,-4.881099984049797,0.5006250944918689,1.8773538824653713,-6.838712096214294,-5.867017758221849,-7.554419127621204
22560,FRONTLINE PLC,Iran's Foreign Ministry Spokesman Calls Oil Tanker Incidents in Gulf of Oman Suspicious; Calls for Regional Talks,3,uncertain,0.6,0.3,,144,34,1.0,2019-06-13,89139.0,10.66481992602348,-4.881099984049797,0.5006250944918689,1.8773538824653713,-6.838712096214294,-5.867017758221849,-7.554419127621204
22568,FRONTLINE PLC,44 Sailors from Two Damaged Oil Tankers In Gulf Rescued by Iranian Ships; Taken to Iranian Port,3,uncertain,0.6,0.3,,143,34,1.0,2019-06-13,89139.0,10.66481992602348,-4.881099984049797,0.5006250944918689,1.8773538824653713,-6.838712096214294,-5.867017758221849,-7.554419127621204
22576,FRONTLINE PLC,Frontline Reports All 23 Crew Members on Frontline's Front Altair Tanker Brought to Safety; Says Tanker is on Fire,3,decrease,0.8,0.6,,148,34,0.0,2019-06-13,89139.0,10.66481992602348,-4.881099984049797,0.5006250944918689,1.8773538824653713,-6.838712096214294,-5.867017758221849,-7.554419127621204
22584,CEDAR FAIR L P,"Cedar Fair Reports Purchase Of 2 Water Parks In Texas From Schlitterbahn, Schlitterbahn Waterpark and Resort New Braunfels and Schlitterbahn Waterpark Galveston, For $261M",3,increase,0.75,0.6,,167,29,2.0,2019-06-13,75041.0,0.0609112263191491,0.3855569055303931,0.2840896552051886,-6.59496754108011,1.4000418595969677,0.5307171702987556,0.1627046262878684
22592,GILEAD SCIENCES INC,"Abcellera Reports Therapeutic Antibody Discovery Collaboration With Gilead, Will Receive Upfront, Research Payments",3,increase,0.75,0.6,,148,29,2.0,2019-06-13,77274.0,1.2578602880239491,-0.9404348209500312,2.3585636545265576,0.1343542505676698,1.0287447832524776,0.998179047673653,2.1882177426139293
22600,GLOBAL SHIP LEASE INC,"Global Ship Lease Reports New Charters For 2 Vessels: TEU GSL Valerie For $9K/Day, TEU Orca I At $9/Day For First 12 Months, $10K/Day Thereafter",3,increase,0.7,0.5,,175,33,2.0,2019-06-13,91453.0,4.017219692468643,-2.3448286578059196,2.2524142360730526,2.6206901426743645,-1.0294672101736069,-1.96906248951928,-3.5961304340122235
22608,HERCULES CAPITAL INC,Hercules Capital Prices 5M Share Offering At $12.64/Share,3,decrease,0.75,0.5,,143,34,0.0,2019-06-13,90731.0,-0.5426333285868168,0.2338248770684003,-0.8573628848838832,-0.9353069791646962,-0.0774611078668385,-0.2320238638244265,0.0775739010470788
22616,HERTZ GLOBAL HOLDINGS INC NEW,"Hertz Filing Shows Registration For $750M In Subscription Rights To Buy Common Shares, ~57.915M In Shares Issuable Upon Exercise, Subscribe For Such Shares At $12.95/Share",3,decrease,0.7,0.5,,170,34,0.0,2019-06-13,16086.0,2.779486402869225,5.588944256305695,12.199523761013984,13.096126154608978,0.4342412576079368,1.061173962965789,1.8879810409222264
22624,ICAD INC,iCAD Prices ~1.636M Shares At $5.50/Share,3,decrease,0.7,0.3,,136,34,0.0,2019-06-13,88779.0,-3.059582225978374,-0.3322256030514836,-0.3322255808667296,8.47176437056718,-3.57142873108387,-7.174887927935192,-7.7265968317144385
22632,INTERCEPT PHARMACEUTICALS INC,"Intecept Pharma Shares Spike To Session High On Volume As Hearing RBC Commented On Recent Co. CEO Communication With FDA, Definitive Confirmation Histological Endpoints Can Still Form Basis Of Accelerated Approval From Its REVERSE Study",3,increase,0.8,0.6,,176,33,2.0,2019-06-13,13643.0,0.8025701157748699,-2.596769668161869,0.7471835957681083,-2.7314987800374113,0.8969742804765701,2.949027353454703,1.8613957475913656
22640,INTRA CELLULAR THERAPIES INC,"Intra-Cellular Therapies shares are trading higher after the FDA announced a Psychopharmacologic Drugs Advisory Committee meeting on July 31, 2019 to discuss the NDA for lumateperone.",3,increase,0.8,0.6,,173,29,2.0,2019-06-13,14432.0,8.629445731639862,-2.5700928643345833,0.4672849642858523,-1.0124626509497747,10.98591685295105,7.454543110312284,4.232800505212264
22648,INTRA CELLULAR THERAPIES INC,"UPDATE: Intra-Cellular Says Sees PDUFA Date For Lumateperone Sep. 27, 2019",3,increase,0.75,0.6,,159,33,2.0,2019-06-13,14432.0,8.629445731639862,-2.5700928643345833,0.4672849642858523,-1.0124626509497747,10.98591685295105,7.454543110312284,4.232800505212264
22656,INTRA CELLULAR THERAPIES INC,Intra-Cellular Therapies Reports FDA Advisory Committee Meeting To Review New Drug Application For Lumateperone For Treatment Of Schizophrenia In Adults,3,increase,0.75,0.6,,163,29,2.0,2019-06-13,14432.0,8.629445731639862,-2.5700928643345833,0.4672849642858523,-1.0124626509497747,10.98591685295105,7.454543110312284,4.232800505212264
22664,JACK IN THE BOX INC,"Jack In The Box 8-K Shows Unfavorable Jury Verdict Was Delivered Against Co. In Wrongful Termination Suit, Verdict Included $5.4M In Compensatory Damages, $10M In Punitive Damages",3,decrease,0.85,0.7,,171,34,0.0,2019-06-13,77453.0,-0.1282656332477927,-0.1517861965112388,-0.3385883315102811,-5.125509989582122,1.1798017658293247,0.5039262858794302,-0.8669518102683127
22672,K K R & CO INC,KKR To Sell KCF Technologies To SKC For $1B,3,increase,0.75,0.6,,140,33,2.0,2019-06-13,11990.0,0.8713655173778534,-2.1390315145254135,1.3574657318808914,2.4269853922510354,0.2495817840099334,0.5843125980355746,0.5843125980355746
22680,K K R & CO INC,KKR to Sell KCF Technologies to SKC for $1B,3,increase,0.75,0.6,,140,33,2.0,2019-06-13,11990.0,0.8713655173778534,-2.1390315145254135,1.3574657318808914,2.4269853922510354,0.2495817840099334,0.5843125980355746,0.5843125980355746
22688,KRANESHARES TRUST,"Known For China, KraneShares Gets Into US Stocks With New Dividend ETFs",3,increase,0.75,0.6,,139,29,2.0,2019-06-13,14098.0,0.023888552095741,-1.6475701704621315,4.584522824776993,5.396366528788299,-1.8518539145588877,-0.309526252515957,1.9478921439063157
22696,LENNAR CORP,Wedbush Upgrades Lennar Amid Favorable Homebuilder Market,3,increase,0.85,0.7,,137,29,2.0,2019-06-13,52708.0,1.9005600363016129,0.8854510262608528,-0.6593862855322707,-8.760364325908254,-0.3443663707002997,-1.3073107994185151,-2.3800607500756854
22704,LENNAR CORP,Wedbush Upgrades Lennar Amid Favorable Homebuilder Market,3,increase,0.85,0.7,,137,29,2.0,2019-06-13,52708.0,1.9005600363016129,0.8854510262608528,-0.6593862855322707,-8.760364325908254,-0.3443663707002997,-1.3073107994185151,-2.3800607500756854
22712,LENNAR CORP,Wedbush Upgrades Lennar to Outperform,3,increase,0.8,0.6,,134,33,2.0,2019-06-13,52708.0,1.9005600363016129,0.8854510262608528,-0.6593862855322707,-8.760364325908254,-0.3443663707002997,-1.3073107994185151,-2.3800607500756854
22720,LENNAR CORP,Wedbush Upgrades Lennar to Outperform,3,increase,0.85,0.7,,134,33,2.0,2019-06-13,52708.0,1.9005600363016129,0.8854510262608528,-0.6593862855322707,-8.760364325908254,-0.3443663707002997,-1.3073107994185151,-2.3800607500756854
22728,LIBERTY TRIPADVISOR HOLDINGS INC,Guggenheim Upgrades Liberty TripAdvisor Hldgs to Neutral,3,increase,0.75,0.6,,150,29,2.0,2019-06-13,14872.0,4.7291502356529245,-0.4926142748445272,1.9704413000774632,1.149420137085455,-1.0212755762040615,-1.0212755762040615,-0.3427588324456332
22736,SOUTHWEST AIRLINES CO,Southwest Says Revision Will Proactively Remove Roughly 100 Daily Flights From Its Schedule,3,decrease,0.75,0.6,,141,34,0.0,2019-06-13,58683.0,3.08994222432375,-1.0691129602491856,-1.6418492591971146,-3.1309649385103056,0.4547242540866136,1.013920739024088,0.8735406714960314
22744,SOUTHWEST AIRLINES CO,Southwest Airlines Says Extending Boeing 737 Max Cancellations Through September 2,3,decrease,0.75,0.6,,141,30,0.0,2019-06-13,58683.0,3.08994222432375,-1.0691129602491856,-1.6418492591971146,-3.1309649385103056,0.4547242540866136,1.013920739024088,0.8735406714960314
22752,MASTERCARD INC,"Facebook Signs Up More Than a Dozen Companies to Back New Cryptocurrency, Including Visa, Mastercard, PayPal, Uber",3,increase,0.75,0.6,,147,33,2.0,2019-06-13,91233.0,-1.004356238991022,-0.4211355466395616,2.1401210251493774,-0.0382872089151331,0.0720634299796074,-0.8455467353841173,-0.7336274237445983
22760,MASCO CORP,Masco Option Alert: Jul 19 $38 Calls Sweep (57) near the Ask: 730 @ $1.8 vs 4085 OI; Earnings 7/30 Before Open [est] Ref=$38.76,3,increase,0.75,0.6,,170,33,2.0,2019-06-13,34032.0,2.279284223914146,-1.9211065024137497,-0.973363438341368,-0.1024614428384196,0.6062191445380449,0.7655678077793882,0.5532114959232448
22768,3M CO,"Third Point Asks Sony To Consider The Divestiture Of Its Public Equity Stakes In Sony Financial, M3 Inc, Olympus, And Spotify; Asks Co. To Optimize Its Capital Structure",3,uncertain,0.6,0.3,,160,34,1.0,2019-06-13,22592.0,-0.0946620944887399,-1.2792440131306648,3.0145078434692163,1.569436852294337,0.0591977033764123,0.4278336443190422,1.4404861367780075
22776,3M CO,3M and LG-Innotek Complete Patent License Agreement For 3M's Metal Mesh Technology,3,increase,0.75,0.6,,141,33,2.0,2019-06-13,22592.0,-0.0946620944887399,-1.2792440131306648,3.0145078434692163,1.569436852294337,0.0591977033764123,0.4278336443190422,1.4404861367780075
22784,3M CO,"3M Reports Settled Patent Infringement Suit Brought By Co. Against Tovis, No Terms Disclosed",3,uncertain,0.6,0.2,,146,34,1.0,2019-06-13,22592.0,-0.0946620944887399,-1.2792440131306648,3.0145078434692163,1.569436852294337,0.0591977033764123,0.4278336443190422,1.4404861367780075
22792,MARATHON OIL CORP,"Atlantic Equities Downgrades Marathon Oil to Neutral, Lowers Price Target to $15",3,decrease,0.8,0.6,,146,34,0.0,2019-06-13,15069.0,1.9969221204519267,-2.259037643671036,6.249999794659167,6.927711778161472,-2.9082728549838066,-3.1970212159885936,-2.1788125505892153
22800,M S C I INC,"Morgan Stanley Maintains Equal-Weight on MSCI, Raises Price Target to $223",3,increase,0.7,0.5,,141,33,2.0,2019-06-13,92402.0,-0.0127735911519266,0.4088201094418764,1.1157461601727814,-0.3066183308853998,-0.6346520036458969,-3.746054924195064,-2.2679971332992044
22808,NAVIDEA BIOPHARMACEUTICALS INC,Navidea Biopharmaceuticals Reports Common Stock Offering; Size Not Disclosed,3,decrease,0.7,0.6,,151,34,0.0,2019-06-13,78066.0,-1.881187595427036,-31.36226236820221,-28.365285599684277,-32.89606229462737,-12.931032478809357,-13.675210995321285,-17.886180657940585
22816,NAVIDEA BIOPHARMACEUTICALS INC,Navidea Biopharmaceuticals shares are trading higher after the company regained direct control of Intellectual Property.,3,increase,0.8,0.6,,155,33,2.0,2019-06-13,78066.0,-1.881187595427036,-31.36226236820221,-28.365285599684277,-32.89606229462737,-12.931032478809357,-13.675210995321285,-17.886180657940585
22824,NAVIDEA BIOPHARMACEUTICALS INC,Navidea Biopharmaceuticals Regains Direct Control Of Intellectual Property,3,increase,0.75,0.6,,149,33,2.0,2019-06-13,78066.0,-1.881187595427036,-31.36226236820221,-28.365285599684277,-32.89606229462737,-12.931032478809357,-13.675210995321285,-17.886180657940585
22832,NATIONAL FUEL GAS CO N J,National Fuel Gas Company Raises Quarterly Dividend From $0.425/Share To $0.435/Share,3,increase,0.8,0.6,,149,33,2.0,2019-06-13,25590.0,0.8250489830970764,0.5021396093070507,0.7625067045638145,-2.724570459139064,0.717660179361701,-0.4851620031739223,-2.824342649030509
22840,NETFLIX INC,Netflix Option Alert: Jul 19 $360 Calls Sweep (2) near the Ask: 2036 @ $11.095 vs 3515 OI; Earnings 7/15 After Close [est] Ref=$341.69,3,uncertain,0.6,0.3,,170,34,1.0,2019-06-13,89393.0,-0.6163922138512136,-1.0773612186312675,6.341903420961548,7.742479170935468,-1.6255278140306473,-1.8323377012606668,-4.242524431349681
22848,NETFLIX INC,"Disney Streaming Service Poised For Quick Ramp, Says Bullish Morgan Stanley",3,decrease,0.75,0.6,,136,34,0.0,2019-06-13,89393.0,-0.6163922138512136,-1.0773612186312675,6.341903420961548,7.742479170935468,-1.6255278140306473,-1.8323377012606668,-4.242524431349681
22856,NEKTAR THERAPEUTICS,Nektar Therapeutics Reports Results Of Phase 1a Study Of NKTR-358 As T Regulatory Cell Stimulator To Be Presented At EULAR,3,uncertain,0.6,0.3,,160,34,1.0,2019-06-13,80539.0,1.1894073337316509,-1.8512995913624763,3.9964755579225297,1.9100837017450356,1.0820576921105385,1.5092060905310234,1.909094147411716
22864,NORFOLK SOUTHERN CORP,U.S. Weekly Rail Traffic Slumps 8.5 Percent,3,decrease,0.85,0.7,,143,34,0.0,2019-06-13,64311.0,-1.365256868302822,-0.9007119573652744,-0.1017743859075603,-1.582616984562757,0.1306702033616602,-1.082373214779897,-1.8764764271021916
22872,NVIDIA CORP,"Oppenheimer Bullish On Nvidia, Cautious On AMD, Intel",3,increase,0.8,0.6,,135,33,2.0,2019-06-13,86580.0,1.4090270735323431,-2.441653423011303,3.9390341201492207,10.09712802151792,-3.018244169652462,-1.502388861473869,0.4810976112845866
22880,OMNICOM GROUP INC,"MediaJel Acquires Potnt Agency, Adds Merida Capital's Thomas Harrison As Chairman",3,uncertain,0.6,0.3,,142,34,1.0,2019-06-13,30681.0,1.2907233089208598,-1.0226985439658165,0.6859604034462841,1.0226985161091662,0.7448604796081781,1.539644729551659,0.6178357085163677
22888,OPKO HEALTH INC,Opko Health Shows 5% Stake In Neovasc,3,increase,0.7,0.5,,134,33,2.0,2019-06-13,82567.0,1.562504842877388,-2.56410613656044,4.102559969410513,13.846152155488456,3.2258033752441406,9.613643214834157e-08,-0.5181341406974349
22896,PEPSICO INC,Trucking Seeks Higher Profile On Automated Vehicle Policy,3,uncertain,0.6,0.2,,132,34,1.0,2019-06-13,13856.0,-0.1502155209891498,-0.1579710515215993,0.9177080900545808,-0.9402738750061146,-0.0450432125944644,-0.3368492808981216,-0.2472479396680826
22904,PROGRESSIVE CORP OH,"B. Riley Maintains Buy on Progressive, Raises Price Target to $96",3,increase,0.75,0.6,,141,29,2.0,2019-06-13,64390.0,0.628623366355896,0.3919643349945545,0.2817287671873725,-2.3885313755654947,-1.743977703154087,-1.7677673959283546,-2.4645383414672373
22912,DAVE & BUSTERS ENTERTAINMENT INC,Wall Street Sours On Dave & Buster's,3,decrease,0.85,0.7,,144,34,0.0,2019-06-13,15014.0,0.1500034355558455,-1.1982015334069729,1.048422490734513,-0.5738584138439307,-22.375313937664032,-20.901720353992005,-18.73222517090324
22920,INSULET CORP,"UBS Maintains Buy on Insulet, Raises Price Target to $130",3,increase,0.8,0.6,,139,33,2.0,2019-06-13,92050.0,0.897713378071785,-1.5399119816720486,2.2756469277399605,-0.2395404150821289,5.538855865597725,3.0693923721831995,3.9852748786367354
22928,PATTERSON U T I ENERGY INC,Patterson-Uti Energy Shares Higher On Pressure Pumping Divestment Update,3,increase,0.75,0.6,,145,33,2.0,2019-06-13,79857.0,6.983504444360733,0.5439748056232929,8.159570114175407,6.2556713420317545,-4.713486880064011,-6.18743727642711,-5.325986233488756
22936,PATTERSON U T I ENERGY INC,Patterson-UTI Energy shares are trading higher following reports indicating the company is exploring the divestment of its pressure pumping unit.,3,increase,0.75,0.6,,156,33,2.0,2019-06-13,79857.0,6.983504444360733,0.5439748056232929,8.159570114175407,6.2556713420317545,-4.713486880064011,-6.18743727642711,-5.325986233488756
22944,PATTERSON U T I ENERGY INC,Paterson-Uti Energy Shares Move Higher Sharply In Volume Spike After Reuters Reports Co. Explores Divestment Of Pressure Pumping Unit,3,increase,0.75,0.6,,158,33,2.0,2019-06-13,79857.0,6.983504444360733,0.5439748056232929,8.159570114175407,6.2556713420317545,-4.713486880064011,-6.18743727642711,-5.325986233488756
22952,REGIS CORP MINN,"Regis Reports Sale, Transfer Of 96 Supercuts Salons To Moxie Mgmt. Group, No Terms Disclosed",3,uncertain,0.6,0.3,,152,34,1.0,2019-06-13,76711.0,0.5213784053921701,0.3112005302682519,-7.313277041861054,-13.38174225961718,3.062867745757103,2.2933350055023727,3.451992305940821
22960,R H,RH Analysts Raise Estimates After Q1 Beat-And-Raise,3,increase,0.85,0.7,,129,33,2.0,2019-06-13,13687.0,15.828859806060793,1.328358706086874,4.931305610781966,3.229911186367418,1.7587125301361084,2.6948028640505273,6.677911782727364
22968,R H,RH shares are trading higher after the company reported better-than-expected Q1 EPS and sales results. The company also raised its FY19 guidance.,3,increase,0.85,0.7,,146,33,2.0,2019-06-13,13687.0,15.828859806060793,1.328358706086874,4.931305610781966,3.229911186367418,1.7587125301361084,2.6948028640505273,6.677911782727364
22976,R H,"Stifel Nicolaus Maintains Buy on RH, Raises Price Target to $140",3,increase,0.85,0.7,,134,29,2.0,2019-06-13,13687.0,15.828859806060793,1.328358706086874,4.931305610781966,3.229911186367418,1.7587125301361084,2.6948028640505273,6.677911782727364
22984,R H,RH Shares Up 23% After Q1 Earnings,3,increase,0.85,0.25,,128,33,2.0,2019-06-13,13687.0,15.828859806060793,1.328358706086874,4.931305610781966,3.229911186367418,1.7587125301361084,2.6948028640505273,6.677911782727364
22992,RED ROBIN GOURMET BURGERS INC,"Red Robin Issues Statement With Response To Vintage, Says 'we were surprised by the content of the letter we received today, as Vintage has not been willing to propose any CEO candidates'",3,uncertain,0.6,0.3,,169,34,1.0,2019-06-13,89453.0,31.500396132469177,-1.135009154677391,-6.720430162186775,-5.077654828080769,-3.924531862139702,-3.1571009483538193,-2.7501957806158828
23000,RED ROBIN GOURMET BURGERS INC,Vintage Capital Says Red Robin Board's Should Conduct Review Of Strategic Alternatives,3,uncertain,0.6,0.3,,147,34,1.0,2019-06-13,89453.0,31.500396132469177,-1.135009154677391,-6.720430162186775,-5.077654828080769,-3.924531862139702,-3.1571009483538193,-2.7501957806158828
23008,RED ROBIN GOURMET BURGERS INC,Red Robin shares trading higher following news Vintage Capital has suggested the company's Board conduct a review of strategic alternatives. The firm said it would be prepared to offer $40 per share for Red Robin following confirmatory due dilligence.,3,increase,0.85,0.7,,178,29,2.0,2019-06-13,89453.0,31.500396132469177,-1.135009154677391,-6.720430162186775,-5.077654828080769,-3.924531862139702,-3.1571009483538193,-2.7501957806158828
23016,RED ROBIN GOURMET BURGERS INC,"UPDATE: Vintage Capital, On Red Robin, Says 'Subject to confirmatory due diligence, we would be prepared to bid $40.00 per share in the auction process to acquire 100% of the Company in an all-cash transaction'",3,increase,0.85,0.7,,182,33,2.0,2019-06-13,89453.0,31.500396132469177,-1.135009154677391,-6.720430162186775,-5.077654828080769,-3.924531862139702,-3.1571009483538193,-2.7501957806158828
23024,RED ROBIN GOURMET BURGERS INC,Red Robin Amended 13D Filing From Vintage Capital Shows 11.6% Stake; Includes Disclosure Of Vintage Letter To Co. Board Suggesting 'Board should immediately commence a comprehensive review of strategic alternatives',3,increase,0.75,0.6,,175,33,2.0,2019-06-13,89453.0,31.500396132469177,-1.135009154677391,-6.720430162186775,-5.077654828080769,-3.924531862139702,-3.1571009483538193,-2.7501957806158828
23032,SENECA FOODS CORP NEW,"Seneca Foods Q4 EPS $(0.91) Up From $(1.46) YoY, Sales $262.59M Down From $299.679M YoY",3,decrease,0.75,0.6,,166,34,0.0,2019-06-13,62958.0,1.974803581833839,-2.9878323897719383,-0.6639624587358339,-4.53707591125776,5.287124961614609,0.5484130320367653,0.8726977348531895
23040,SPERO THERAPEUTICS INC,Spero Reports $10M Registered Direct Offering Of Common Stock,3,decrease,0.75,0.6,,142,34,0.0,2019-06-13,17044.0,9.802073240280151,-2.9184481129050255,16.566526872533572,-4.635193128073823,3.5121917724609375,2.2157952113747825,1.3371479234100203
23048,SOUTHSTATE CORP,South State 8-K Shows Added 2M Shares To Buyback,3,increase,0.75,0.6,,136,33,2.0,2019-06-13,84389.0,1.2240258976817129,1.3638829812407494,3.0652422575499605,2.559054805410077,0.3857755102217197,1.4291981142173782,3.186967080125358
23056,BIO TECHNE CORP,Bio-Techne Receives Approval To Offer The ExoDx Prostate Intelliscore (EPI) Test In New York State,3,increase,0.8,0.6,,150,29,2.0,2019-06-13,75694.0,-1.9449414685368545,-1.372850313782692,1.4107155804333082,-2.295969687455246,1.302543468773365,1.5604363530349996,2.610143221890948
23064,TARGET CORP,Target Seeks To Find Delivery Sweet Spot With Same-Day Delivery Rollout,3,increase,0.75,0.6,,134,29,2.0,2019-06-13,49154.0,0.0453216809546575,-0.5775788333266973,-2.366935330607123,-2.751982165660072,0.466708792373538,0.8109640883970926,1.6234930323110186
23072,TARGET CORP,Target Joins Same-Day Delivery Wars With Shipt,3,increase,0.75,0.6,,130,33,2.0,2019-06-13,49154.0,0.0453216809546575,-0.5775788333266973,-2.366935330607123,-2.751982165660072,0.466708792373538,0.8109640883970926,1.6234930323110186
23080,TARGET CORP,Target Raises Qtr. Dividend From $0.64 To $0.66/Share,3,increase,0.75,0.5,,138,33,2.0,2019-06-13,49154.0,0.0453216809546575,-0.5775788333266973,-2.366935330607123,-2.751982165660072,0.466708792373538,0.8109640883970926,1.6234930323110186
23088,TARGET CORP,Target to Offer Same Day Delivery for $9.99/Order,3,increase,0.75,0.6,,133,33,2.0,2019-06-13,49154.0,0.0453216809546575,-0.5775788333266973,-2.366935330607123,-2.751982165660072,0.466708792373538,0.8109640883970926,1.6234930323110186
23096,T MOBILE U S INC,'U.S. judge sets pre-trial hearing for Sprint/T-Mobile deal for next week' -Reuters,3,uncertain,0.6,0.3,,144,34,1.0,2019-06-13,91937.0,-1.233749464154243,0.6044386886060238,4.674282738038715,-1.5580873980151733,-0.1060188631527125,-1.6825367918822054,-2.1420246085833816
23104,TONIX PHARMACEUTICALS HLDG CORP,"Tonix Pharma Reports Issuance Of Patent In China For Composition, Formulation Of TNX-102 SL",3,increase,0.75,0.6,,162,33,2.0,2019-06-13,14107.0,4.430375248193741,-3.6363601684570312,-7.2727279764498,-16.969695857327316,-1.2499988079071045,-1.2499988079071045,-0.6289302372137984
23112,TYSON FOODS INC,Credit Suisse 'Unmooved' By Tyson's Challenge To Beyond Meat,3,uncertain,0.6,0.3,,138,34,1.0,2019-06-13,77730.0,0.7815354503691196,-0.751236081123352,-4.725556361272709,-3.489637022416814,-0.5102638620883226,-0.7273590686235454,-0.6791965859239579
23120,TYSON FOODS INC,Raised & Rooted: Tyson Enters The Plant-Based Food Products Market,3,increase,0.75,0.6,,138,33,2.0,2019-06-13,77730.0,0.7815354503691196,-0.751236081123352,-4.725556361272709,-3.489637022416814,-0.5102638620883226,-0.7273590686235454,-0.6791965859239579
23128,TYSON FOODS INC,"Tyson Foods shares are trading higher after the company introduced its first plant-based and blended products line, Raised & Rooted.",3,increase,0.75,0.6,,148,33,2.0,2019-06-13,77730.0,0.7815354503691196,-0.751236081123352,-4.725556361272709,-3.489637022416814,-0.5102638620883226,-0.7273590686235454,-0.6791965859239579
23136,TYSON FOODS INC,"Watch Beyond Meat Shares Following Press Release From Tyson Highlighting The Launch Of Its First Plant-Based, Blended Products",3,increase,0.75,0.6,,146,33,2.0,2019-06-13,77730.0,0.7815354503691196,-0.751236081123352,-4.725556361272709,-3.489637022416814,-0.5102638620883226,-0.7273590686235454,-0.6791965859239579
23144,TYSON FOODS INC,"Tyson Foods Highlights Unveiling Of Co.'s First Plant-Based, Blended Products, Raised & Rooted",3,increase,0.75,0.6,,147,29,2.0,2019-06-13,77730.0,0.7815354503691196,-0.751236081123352,-4.725556361272709,-3.489637022416814,-0.5102638620883226,-0.7273590686235454,-0.6791965859239579
23152,TTM TECHNOLOGIES INC,"TTM Technologies Reports Purchase Of Assets From i3 Electronics, No Terms Disclosed",3,uncertain,0.6,0.3,,142,34,1.0,2019-06-13,88648.0,2.851103432476521,-3.3880896866321564,1.7453805993115743,3.9014386345624703,-0.6295851897448301,-0.3157866705152834,2.8230209544895857
23160,INVESCO DB US DOLLAR IND TR,Doubleline Capital CEO Gundlach Says Sees Dollar Closing Down For 2019,3,decrease,0.8,0.7,,148,34,0.0,2019-06-13,91760.0,-0.1050558406859636,-0.4737591836601496,0.4862918897923451,1.0217945383345306,-0.3122773487120867,-0.3362137064383264,-0.4557414882951915
23168,VMWARE INC,"VMware Reports Purchase Of Avi Networks, No Terms Disclosed",3,uncertain,0.6,0.3,,132,34,1.0,2019-06-13,92257.0,-0.7959485054016113,-3.5532191395759583,1.3926256525576663,-1.621870656790203,0.4683795385062694,2.2556857131751373,3.9354746278836177
23176,VODAFONE GROUP PLC NEW,Vodafone Germany Acquires Spectrum for 5G Services,3,increase,0.75,0.6,,139,33,2.0,2019-06-13,75418.0,-0.1227775122970343,-1.6594987362623217,0.2458452316790094,-0.0614640304247182,-1.062855962663889,-0.7917122896108353,-0.9124063965331386
23184,WELLS FARGO & CO NEW,"Wells Fargo Names Debra Chrapaty As Chief Technology Officer, Making Permanent A Role She Held On An Interim Basis Since May",3,increase,0.7,0.3,,156,29,2.0,2019-06-13,38703.0,0.8461390621960163,0.6623961962759495,1.258555350920476,2.2079929778657803,-2.918284758925438,-2.9392708083633923,-1.5779119199098912
23192,WHITEHORSE FINANCE INC,WhiteHorse Finance shares are trading lower after the company reported a common stock offering by selling shareholders with no disclosed size.,3,decrease,0.75,0.6,,148,34,0.0,2019-06-13,13714.0,0.0,-3.655170649290085,-2.2659346065920127,-2.265934627394184,-0.2064675325527787,3.985523022720372e-09,0.207323654823277
23200,WHITEHORSE FINANCE INC,WhiteHorse Finance Reports Common Stock Offering By Selling Shareholders; Size Not Disclosed,3,decrease,0.7,0.5,,142,34,0.0,2019-06-13,13714.0,0.0,-3.655170649290085,-2.2659346065920127,-2.265934627394184,-0.2064675325527787,3.985523022720372e-09,0.207323654823277
23208,W P CAREY INC,W. P. Carey Raises Quarterly Dividend From $1.032 To $1.034/Share,3,increase,0.75,0.1,,144,33,2.0,2019-06-13,85763.0,0.4357497207820414,0.2579751657322049,0.844279130350345,-3.313790541307604,0.0235649335081689,0.1651610469654008,-0.1411209274184699
23216,WILLIAMS SONOMA INC,Williams-Sonoma shares are trading higher after Gordon Haskett upgraded the company's stock from Hold to Accumulate and announced a $68 price target.,3,increase,0.85,0.7,,155,29,2.0,2019-06-13,83011.0,4.841741546988487,-0.0163157994393259,0.3590098524684615,4.862929960404072,0.1199035556055605,3.8557248215860263,2.9411798690160307
23224,WILLIAMS SONOMA INC,"Gordon Haskett Upgrades Williams-Sonoma to Accumulate, Announces $68 Price Target",3,increase,0.75,0.6,,146,29,2.0,2019-06-13,83011.0,4.841741546988487,-0.0163157994393259,0.3590098524684615,4.862929960404072,0.1199035556055605,3.8557248215860263,2.9411798690160307
23232,WYNN RESORTS LTD,Options Traders Make Aggressive Bearish Bets On Near-Term Casino Stock Weakness,3,decrease,0.85,0.7,,141,34,0.0,2019-06-13,89533.0,2.152694202959538,-1.3650699518620968,4.470606473106731,5.750360838748048,-2.8861647471785545,-1.6542387586611529,3.350748726436037
23240,XENCOR INC,"Mizuho Initiates Coverage On Xencor with Buy Rating, Announces $52 Price Target",3,increase,0.85,0.7,,141,33,2.0,2019-06-13,14359.0,2.492116391658783,-3.6318931728601456,8.033230939031565,24.653732970639595,1.019762922078371,2.258066913046153,2.0276828290932025
23248,XOMA CORP,"XOMA Reports First Patient Dosed Gevokizumab in Collaborator Clinical Study in Metastatic Colorectal Cancer, Gastroesophageal Cancer, and Renal Cell Carcinoma",3,increase,0.75,0.6,,160,33,2.0,2019-06-13,10333.0,0.4610946401953697,-3.72920036315918,-2.9259914371387974,-15.31841740055907,3.396899253129959,-0.8004538315908638,5.728218130061968
23256,X P O INC,"""Shipper Of Choice"" – It Can Be A Sweet Deal To Partner With Nestle",3,increase,0.75,0.6,,140,29,2.0,2019-06-13,90175.0,2.60575208812952,-1.3045746833086014,0.2957003230493082,-4.226822545103581,0.9549527429044248,0.8640855830995386,4.1837113188820885
23264,SPDR SERIES TRUST,'Top U.S. retail companies urge White House against more tariffs on China' -The Hill,3,uncertain,0.6,0.3,,141,34,1.0,2019-06-13,91316.0,1.223320141434669,-0.2369722351431846,0.8293803068864847,0.17457473541993,-0.3108585951849818,0.6518601663855206,1.2384612368666392
23272,YUM BRANDS INC,KFC Is Trialing Vegan Version Of Its Chicken Burger,3,increase,0.75,0.6,,135,33,2.0,2019-06-13,85348.0,0.0367182976333424,0.7432533893734217,1.504862662999873,1.44980194273725,1.2735918164253237,0.2669129530885383,-0.119186983149333
23280,YUM BRANDS INC,"KFC Says The Imposter Will Be Available In Selected Restaurants In London, Bristol, And The Midlands From 17th June For Four Weeks",3,increase,0.7,0.5,,152,33,2.0,2019-06-13,85348.0,0.0367182976333424,0.7432533893734217,1.504862662999873,1.44980194273725,1.2735918164253237,0.2669129530885383,-0.119186983149333
23288,YUM BRANDS INC,KFC Says Is Trialling A Vegan Version Of Its Original Recipe Fillet Burger,3,increase,0.75,0.6,,140,29,2.0,2019-06-13,85348.0,0.0367182976333424,0.7432533893734217,1.504862662999873,1.44980194273725,1.2735918164253237,0.2669129530885383,-0.119186983149333
23296,ADOBE INC,Adobe Analyst Reactions To Q2 Print Range From 'Solid' To 'Boringly Excellent',3,increase,0.7,0.5,,141,33,2.0,2019-06-19,75510.0,5.213524401187897,3.743001446127891,-0.8550498126629225,4.975797944132276,0.4281540866941213,0.9114773425999312,0.1737281904808263
23304,ADOBE INC,"Canaccord Genuity Maintains Buy on Adobe, Raises Price Target to $320",3,increase,0.8,0.6,,139,33,2.0,2019-06-19,75510.0,5.213524401187897,3.743001446127891,-0.8550498126629225,4.975797944132276,0.4281540866941213,0.9114773425999312,0.1737281904808263
23312,ADOBE INC,"Bank of America Maintains Buy on Adobe, Raises Price Target to $323",3,increase,0.8,0.6,,137,33,2.0,2019-06-19,75510.0,5.213524401187897,3.743001446127891,-0.8550498126629225,4.975797944132276,0.4281540866941213,0.9114773425999312,0.1737281904808263
23320,ADOBE INC,"Wells Fargo Maintains Market Perform on Adobe, Raises Price Target to $275",3,increase,0.7,0.6,,138,29,2.0,2019-06-19,75510.0,5.213524401187897,3.743001446127891,-0.8550498126629225,4.975797944132276,0.4281540866941213,0.9114773425999312,0.1737281904808263
23328,ADOBE INC,Adobe Inc. shares are trading higher after the company reported better-than-expected Q2 EPS and sales results.,3,increase,0.85,0.7,,143,33,2.0,2019-06-19,75510.0,5.213524401187897,3.743001446127891,-0.8550498126629225,4.975797944132276,0.4281540866941213,0.9114773425999312,0.1737281904808263
23336,ADOBE INC,"RBC Capital Maintains Outperform on Adobe, Raises Price Target to $295",3,increase,0.8,0.6,,138,33,2.0,2019-06-19,75510.0,5.213524401187897,3.743001446127891,-0.8550498126629225,4.975797944132276,0.4281540866941213,0.9114773425999312,0.1737281904808263
23344,ADOBE INC,"Wedbush Maintains Neutral on Adobe, Raises Price Target to $290",3,uncertain,0.6,0.2,,137,34,1.0,2019-06-19,75510.0,5.213524401187897,3.743001446127891,-0.8550498126629225,4.975797944132276,0.4281540866941213,0.9114773425999312,0.1737281904808263
23352,AMERICAN INTERNATIONAL GROUP INC,"AIG Consolidates Assumed Reinsurance Operations To Form Global Business AIG Re, Names Christopher Schaper CEO Of AIG Re",3,increase,0.75,0.6,,150,29,2.0,2019-06-19,66800.0,0.4686035681515932,1.2126894667744637,-2.500000240480771,2.2947825674851874,0.679367408156395,0.0750273907200949,0.2819505937557309
23360,AMPHASTAR PHARMACEUTICALS INC,Momenta Pharma Reports Settlement Deal With Amphastar Resolving Enoxaparin Sodium Injection Litigation,3,increase,0.75,0.6,,154,33,2.0,2019-06-19,14688.0,1.264592539519072,-0.0480318383779376,-1.8731959675033936,1.4889505012662283,1.43068078905344,3.733601283199395,2.7999972694795705
23368,AMPHASTAR PHARMACEUTICALS INC,Amphastar Pharma Reports $59.9M Settlement From Momenta/Sandoz Related To Litigation,3,increase,0.75,0.6,,156,33,2.0,2019-06-19,14688.0,1.264592539519072,-0.0480318383779376,-1.8731959675033936,1.4889505012662283,1.43068078905344,3.733601283199395,2.7999972694795705
23376,AMERICAN SOFTWARE INC,American Software shares are trading higher after the company reported better-than-expected Q4 EPS results.,3,increase,0.85,0.7,,140,33,2.0,2019-06-19,13777.0,2.039380930364132,0.8270150050520897,-10.062026456213346,-7.443142193705954,-0.7676179986447096,1.209964844546052,2.5974069455172444
23384,AMERICAN SOFTWARE INC,"American Software Q4 EPS $0.06 Beats $0.04 Estimate, Sales $26.271M Miss $27.29M Estimate",3,uncertain,0.6,0.3,,151,34,1.0,2019-06-19,13777.0,2.039380930364132,0.8270150050520897,-10.062026456213346,-7.443142193705954,-0.7676179986447096,1.209964844546052,2.5974069455172444
23392,ARCOS DORADOS HOLDINGS INC,Arcos Dorados Names COO Marcelo Rabach CEO,3,increase,0.7,0.5,,140,24,2.0,2019-06-19,12684.0,1.5781942754983898,0.1412461744621396,-0.4237250678110649,6.214689951252206,0.8683060295879841,1.900579513797318,-0.5706195091722988
23400,ARES MANAGEMENT CORP,"Ares Mgmt. Corp., Development Capital Resources Report DCR Entered Drilling, Development Joint Venture With Private Operator In Permian Basin; Will Invest Up To $165M",3,increase,0.75,0.6,,160,29,2.0,2019-06-19,14617.0,2.418467588722706,-1.323795411735773,-7.084083543027175,-2.397137783611558,-0.619075633585453,0.9618950910594172,2.0568480860281513
23408,AURINIA PHARMACEUTICALS INC,"Aurinia Pharma Reports ISS, Glass Lewis Have Recommended Shareholders Vote On YELLOW Proxy Card For All Co. Nominees",3,increase,0.75,0.6,,161,33,2.0,2019-06-19,14924.0,-0.1569819869473577,-2.9874222353100777,-3.4591236097196165,0.6289301132585301,0.4731819033622741,3.915167521277785,1.5948948306192978
23416,AXALTA COATING SYSTEMS LTD,Axalta Coating Systems shares are trading higher after the company announced it has initiated a review of strategic alternatives to maximize shareholder value.,3,increase,0.75,0.6,,155,33,2.0,2019-06-19,15053.0,13.59411478042603,1.568363420665264,1.9774972038817615,3.750427557170144,0.0775211548898369,-0.9969333673590874,-1.3750977879435022
23424,AXALTA COATING SYSTEMS LTD,Axalta Reports Initiation Review Of Strategic Alternatives,3,uncertain,0.6,0.3,,139,34,1.0,2019-06-19,15053.0,13.59411478042603,1.568363420665264,1.9774972038817615,3.750427557170144,0.0775211548898369,-0.9969333673590874,-1.3750977879435022
23432,ASTRAZENECA PLC,AstraZeneca Annonces Breztri Aerosphere Approved in Japan for Patients with COPD,3,increase,0.75,0.6,,144,33,2.0,2019-06-19,79363.0,1.7826605588197713,-0.1679455279372632,-1.703452644882253,0.7437653034511271,2.426216192543506,3.2266262898033027,2.605865469923385
23440,BIOLASE INC,"Benchmark Initiates Coverage On Biolase with Speculative Buy Rating, Announces $2 Price Target",3,increase,0.7,0.5,,141,33,2.0,2019-06-19,78071.0,8.387096971273422,2.380957268178463,-13.095232745814434,-13.541664912481233,-1.2738917022943497,-3.125004467515946,-1.2738916800546174
23448,BOOT BARN HOLDINGS INC,"DA Davidson Initiates Coverage On Boot Barn Holdings with Buy Rating, Announces $41 Price Target",3,increase,0.8,0.6,,146,29,2.0,2019-06-19,14953.0,-3.66755872964859,3.776479884982109,3.622966636672942,5.987106923481944,-0.2360519953072071,1.5315379812081975,5.689282858171096
23456,PEABODY ENERGY CORP NEW,Low Prices And High Waters Backing Coal Railcars Into Storage,3,decrease,0.75,0.6,,140,34,0.0,2019-06-19,16689.0,3.78282330930233,0.8147535845637321,-1.3722113681368886,-1.4579766814799775,1.4905146323144436,3.357863581456799,0.9433920271272987
23464,PEABODY ENERGY CORP NEW,Peabody Energy shares are trading higher after the company announced it has entered into a definitive agreement with Arch Coal to combine companies' Power River Basin and Colorado assets to unlock approximately $820 million in pre-tax synergies.,3,increase,0.8,0.6,,171,29,2.0,2019-06-19,16689.0,3.78282330930233,0.8147535845637321,-1.3722113681368886,-1.4579766814799775,1.4905146323144436,3.357863581456799,0.9433920271272987
23472,PEABODY ENERGY CORP NEW,"Peabody, Arch Coal To Combine US PRB, Colorado Assets Expected To Unlock ~$820M In Pre-Tax Synergies",3,increase,0.8,0.6,,154,29,2.0,2019-06-19,16689.0,3.78282330930233,0.8147535845637321,-1.3722113681368886,-1.4579766814799775,1.4905146323144436,3.357863581456799,0.9433920271272987
23480,CACI INTERNATIONAL INC,"UPDATE: CACI Reaffirms Prelim. FY19 Guidance: EPS $10.31-$10.63 vs $10.64 Estimate, Sales $4.9B-$5.025B vs $4.98B Est.",3,uncertain,0.6,0.2,,170,34,1.0,2019-06-19,20512.0,1.0684742592275138,1.6730502247810364,-2.531400489681523,3.9183291488035232,0.5073885433375835,0.6313187359288541,0.0196055085380564
23488,CACI INTERNATIONAL INC,"CACI Sees Prelim. FY20 EPS $11.52-$12.30 vs $11.52 Estimate, Sales $5.5B-$5.7B vs $5.51B Est.",3,increase,0.8,0.6,,165,33,2.0,2019-06-19,20512.0,1.0684742592275138,1.6730502247810364,-2.531400489681523,3.9183291488035232,0.5073885433375835,0.6313187359288541,0.0196055085380564
23496,CACI INTERNATIONAL INC,CACI Reaffirms FY19 Guidance,3,increase,0.75,0.6,,130,33,2.0,2019-06-19,20512.0,1.0684742592275138,1.6730502247810364,-2.531400489681523,3.9183291488035232,0.5073885433375835,0.6313187359288541,0.0196055085380564
23504,CITIZENS FINANCIAL GROUP INC,Argus Initiates Coverage On Citizens Financial Group with Hold Rating,3,uncertain,0.6,0.2,,142,34,1.0,2019-06-19,14889.0,-1.7568793147802348,0.8364607580006123,-0.8076110952120463,2.422844487572573,2.6468871161341667,0.915068992816015,1.1754580750040988
23512,CHICOS FAS INC,Chico's FAS Says Will Review Revised $3/Share Offer From Sycamore,3,uncertain,0.6,0.3,,142,34,1.0,2019-06-19,78963.0,3.21543887257576,4.361366480588913,-1.2461046303568812,3.4267883750988437,-1.8927501514554024,-7.715133531825369,-8.574523137665413
23520,CHICOS FAS INC,Chico's To Review $3/Share Proposal From Sycamore Partners,3,uncertain,0.6,0.3,,139,34,1.0,2019-06-19,78963.0,3.21543887257576,4.361366480588913,-1.2461046303568812,3.4267883750988437,-1.8927501514554024,-7.715133531825369,-8.574523137665413
23528,CHICOS FAS INC,Chico's Amended 13D Confirms Sycamore Partners Revised Takeover Offer To $3/Share,3,increase,0.75,0.6,,147,33,2.0,2019-06-19,78963.0,3.21543887257576,4.361366480588913,-1.2461046303568812,3.4267883750988437,-1.8927501514554024,-7.715133531825369,-8.574523137665413
23536,CHICOS FAS INC,"Sycamore Prepared To Finance 100% Of Price For Chico's In Cash With Its Equity, With No Third Party Financing Conditionality",3,increase,0.85,0.7,,151,33,2.0,2019-06-19,78963.0,3.21543887257576,4.361366480588913,-1.2461046303568812,3.4267883750988437,-1.8927501514554024,-7.715133531825369,-8.574523137665413
23544,CHICOS FAS INC,Sycamore Partners Lowers Offer For Chico's To $3 Per Share,3,decrease,0.85,0.7,,139,34,0.0,2019-06-19,78963.0,3.21543887257576,4.361366480588913,-1.2461046303568812,3.4267883750988437,-1.8927501514554024,-7.715133531825369,-8.574523137665413
23552,CHICOS FAS INC,Chico's FAS Shares Dip On Volume Spike Amid Report Sycamore Partners Has Lowered Offer For Co.,3,decrease,0.85,0.7,,146,34,0.0,2019-06-19,78963.0,3.21543887257576,4.361366480588913,-1.2461046303568812,3.4267883750988437,-1.8927501514554024,-7.715133531825369,-8.574523137665413
23560,COGNIZANT TECHNOLOGY SOLS CORP,Cognizant Tech Solns Option Alert: Jan 17 $75 Calls Sweep (43) near the Ask: 1738 @ $1.05 vs 377 OI; Earnings 8/1 Before Open [est] Ref=$63.08,3,increase,0.7,0.6,,189,33,2.0,2019-06-19,86158.0,-1.7419971525669102,2.4916108697652817,0.7187362569403,2.507586196519296,1.8542196601629255,3.374435178571189,2.213668671823532
23568,DEUTSCHE BANK A G,'Deutsche Bank Faces Criminal Investigation for Potential Money-Laundering Lapses' -NYT,3,decrease,0.85,0.7,,148,34,0.0,2019-06-19,89199.0,1.271188631653786,0.0,2.78939745069533,8.926078906690925,3.812313079833984,4.270986297499313,3.0567692625462772
23576,DEUTSCHE BANK A G,Deutsche Bank Has Proposed Replacing Americas CEO With Investment Bank Finance Chief; Federal Reserve Officials Have Expressed Concerns About Proposed Management Change,3,decrease,0.75,0.6,,155,34,0.0,2019-06-19,89199.0,1.271188631653786,0.0,2.78939745069533,8.926078906690925,3.812313079833984,4.270986297499313,3.0567692625462772
23584,DEUTSCHE BANK A G,Shares of European banks are trading higher after the ECB indicated another bond-buying program could take place as part of a stimulus.,3,increase,0.8,0.6,,152,29,2.0,2019-06-19,89199.0,1.271188631653786,0.0,2.78939745069533,8.926078906690925,3.812313079833984,4.270986297499313,3.0567692625462772
23592,SPDR DOW JONES IND AVG ETF TRUST,"From FOMC Statement 'The Committee continues to view sustained expansion of economic activity, strong labor market conditions, and inflation near the Committee's symmetric 2 percent objective as the most likely outcomes'",3,increase,0.75,0.6,,172,33,2.0,2019-06-19,85765.0,0.0866886519361287,0.9489339776337148,0.1102045036070586,1.7483838417299058,1.394831109791994,1.4607382931727253,1.4413477198423452
23600,DARDEN RESTAURANTS INC,Darden Restaurants Q4 Earnings Preview,3,uncertain,0.6,0.3,,137,25,1.0,2019-06-19,81655.0,-0.4409366752952337,1.0731576941907406,2.2144607628289403,3.662375616469582,-0.3211877774447202,-1.4622326170345312,-0.8158126451841663
23608,DAVITA INC,FTC Has Approved With Conditions UnitedHealth's Purchase Of DaVita Unit,3,uncertain,0.6,0.3,,134,34,1.0,2019-06-19,82307.0,3.075992688536644,2.2235212847590446,6.963135692050182,11.956311669308706,0.9949272498488426,1.7594119976918066,1.4480989416501666
23616,DAVITA INC,'UnitedHealth Group Wins FTC Approval Of DaVita Deal' -Forbes,3,increase,0.8,0.6,,136,33,2.0,2019-06-19,82307.0,3.075992688536644,2.2235212847590446,6.963135692050182,11.956311669308706,0.9949272498488426,1.7594119976918066,1.4480989416501666
23624,DAVITA INC,DaVita shares are trading higher as traders circulate word that the FTC has approved the company's unit sale to UnitedHealth.,3,increase,0.85,0.7,,143,33,2.0,2019-06-19,82307.0,3.075992688536644,2.2235212847590446,6.963135692050182,11.956311669308706,0.9949272498488426,1.7594119976918066,1.4480989416501666
23632,DAVITA INC,"DaVita Shares Spike Higher, Quickly Pare Gains; Traders Circulating Word FTC Approved DaVita Unit For Sale To UnitedHealth",3,increase,0.7,0.6,,147,33,2.0,2019-06-19,82307.0,3.075992688536644,2.2235212847590446,6.963135692050182,11.956311669308706,0.9949272498488426,1.7594119976918066,1.4480989416501666
23640,EASTMAN CHEMICAL CO,"Eastman Chemical Reports Purchase Of Industrias del Acetato de Celulosa, No Terms Disclosed",3,uncertain,0.6,0.3,,147,34,1.0,2019-06-19,80080.0,-0.027080372092314,2.477998472750187,3.425861662498608,5.240355786248596,2.497575990855694,2.4691447574989978,0.4114749899648995
23648,ENERGIZER HOLDINGS INC NEW,Concerning Nielsen Data Prompts JPMorgan Downgrade Of Energizer Holdings,3,decrease,0.8,0.6,,143,34,0.0,2019-06-19,15400.0,-6.264942139387131,3.137753903865814,-2.6530633230818057,1.3265320040368955,0.8196725510060787,-0.6414835592968626,-3.239244544964981
23656,ENERGIZER HOLDINGS INC NEW,Energizer shares are trading lower after JP Morgan downgraded the stock from Neutral to Underweight and lowered the price target from $45 to $36.,3,decrease,0.85,0.7,,159,34,0.0,2019-06-19,15400.0,-6.264942139387131,3.137753903865814,-2.6530633230818057,1.3265320040368955,0.8196725510060787,-0.6414835592968626,-3.239244544964981
23664,ENERGIZER HOLDINGS INC NEW,"JP Morgan Downgrades Energizer Holdings to Underweight, Lowers Price Target to $36",3,decrease,0.85,0.7,,147,34,0.0,2019-06-19,15400.0,-6.264942139387131,3.137753903865814,-2.6530633230818057,1.3265320040368955,0.8196725510060787,-0.6414835592968626,-3.239244544964981
23672,EQUINIX INC,"Equinix Reports Expansion Of Collaboration With IBM Cloud, No Terms Disclosed",3,increase,0.7,0.5,,137,33,2.0,2019-06-19,89617.0,1.5778077766299252,-0.5477665457874537,-4.0867058495775765,1.5219981307386332,-1.6129663214087486,-1.3119710169984589,-0.8022821373100286
23680,E Q T CORP,EQT Says Prelim. Q2 Results Show 'Continued Business Momentum',3,increase,0.75,0.6,,139,29,2.0,2019-06-19,24328.0,-5.012532696127892,2.572561614215374,-2.4406328963192836,-0.6596271859082847,0.6940041203051805,0.948764164697158,-1.0539312866414186
23688,ELBIT SYSTEMS LTD,Elbit Systems Awarded $73M Contract to Supply J-MUSIC DIRCM Systems for the German Air Force,3,increase,0.8,0.6,,146,33,2.0,2019-06-19,84207.0,2.445900626480579,-0.275001535192132,-6.9312477225828895,-8.087501580130008,0.7287904620170593,1.0481335070249065,0.7612855980594135
23696,ELBIT SYSTEMS LTD,Foresight Signs First Commercial Agreement with Elbit Systems,3,increase,0.75,0.6,,135,33,2.0,2019-06-19,84207.0,2.445900626480579,-0.275001535192132,-6.9312477225828895,-8.087501580130008,0.7287904620170593,1.0481335070249065,0.7612855980594135
23704,EATON CORP PLC,Eaton Option Alert: Fri $80.5 Calls Sweep (47) near the Ask: 1835 @ $0.3 vs 28 OI; Earnings 7/30 Before Open [est] Ref=$79.68,3,increase,0.7,0.6,,174,33,2.0,2019-06-19,11762.0,0.6039961241185665,3.364606201648712,3.352095678971345,2.9643564731002936,2.357034757733345,1.4035962418604164,0.2270150728916897
23712,ISHARES INC,Mexico Foreign Minister Ebrard Says Mexico Will Invest Several Million Dollars In Development Plan To Stem Migration; Says Spain And Germany Have Given Backing To Plan,3,uncertain,0.5,0.2,,152,34,1.0,2019-06-19,83223.0,0.8474552072584629,1.2264386750757694,0.4315295245213679,-0.1135572081935043,0.8780062198638916,0.4733080575171522,-0.2689349289462517
23720,FIRST AMERICAN FINL CORP NEW,"Susquehanna Initiates Coverage On First American Financial with Positive Rating, Announces $73 Price Target",3,increase,0.8,0.6,,150,29,2.0,2019-06-19,93374.0,2.052344381809235,2.933579497039318,-2.04797156823886,1.7343147697041594,0.7397560402750969,0.2264557964495539,0.4919624366668484
23728,FIRST FINANCIAL BANCORP OHIO,"First Financial Bancorp Reports Purchase Of Bannockburn Global Forex, No Terms Disclosed",3,uncertain,0.6,0.3,,151,34,1.0,2019-06-19,35685.0,-0.6581900641322136,4.637814313173294,3.091876249765902,7.641349523820429,2.8429651632905006,0.9300310264981791,0.2639744159582236
23736,NATIONAL BEVERAGE CORP,National Beverage Trades Lower As Company Faces More Questions Over LaCroix Ingredients,3,decrease,0.8,0.6,,140,34,0.0,2019-06-19,76839.0,-0.2944531384855509,-1.7719190567731855,-4.089048666892503,3.498411771119958,-1.9106794148683548,-0.986765163889225,-2.56014083181123
23744,NATIONAL BEVERAGE CORP,National Beverage Option Alert: Jul 19 $40 Puts at the Bid: 968 @ $2.05 vs 463 OI; Earnings 6/26 After Close [est] Ref=$42.53,3,decrease,0.75,0.6,,170,34,0.0,2019-06-19,76839.0,-0.2944531384855509,-1.7719190567731855,-4.089048666892503,3.498411771119958,-1.9106794148683548,-0.986765163889225,-2.56014083181123
23752,NATIONAL BEVERAGE CORP,"National Beverage Shares Fall To Session Low, Down 1.7%; Hearing JP Morgan Desk Highlighted Consumer Reports Report From Tues. Afternoon 'LaCroix Sparkling Water Mystery Reveals Gaps in Regulation of Carbonated Bottled Water'",3,decrease,0.8,0.6,,173,34,0.0,2019-06-19,76839.0,-0.2944531384855509,-1.7719190567731855,-4.089048666892503,3.498411771119958,-1.9106794148683548,-0.986765163889225,-2.56014083181123
23760,FIDELITY NATIONAL FINL INC NEW,"Susquehanna Initiates Coverage On Fidelity National Finl with Positive Rating, Announces $48 Price Target",3,increase,0.8,0.6,,153,29,2.0,2019-06-19,90925.0,0.87785879150033,2.0387858152389526,-2.3122830664014327,2.21282801330942,-0.0501390255521982,0.0250835973362395,0.6563956366197443
23768,FRONTLINE PLC,"Frontline Reports Purchase Of VLCC Resale, 2 LR2 Newbuildings For $92.5M, $46.7M Per Vessel, Respectively",3,increase,0.75,0.6,,154,33,2.0,2019-06-19,89139.0,0.6501913536339998,3.7467695772647858,1.0335969881603455,2.45478141610016,1.0512473061680794,1.1842125144620796,-3.7546900664422456
23776,FORTINET INC,Fortinet Receives Second Consecutive NSS Labs Recommended Rating In SD-WAN Group Test Report,3,increase,0.8,0.6,,141,33,2.0,2019-06-19,93132.0,2.681790851056576,-0.0259831635048612,-2.2219323114693768,2.4428240194416917,0.5635289940983057,-1.0038332768242175,-2.1668237449215866
23784,GILEAD SCIENCES INC,"Gilead Reports Strategic Collaboration With Nurix To Develop Novel Therapies For Cancer, Other Diseases",3,increase,0.75,0.6,,145,33,2.0,2019-06-19,77274.0,0.0879841507412493,0.4541423171758652,-2.3146817616409354,1.0840870862209195,1.6393419355154035,2.772749018420994,1.806238300204188
23792,BARRICK GOLD CORP,Barrick Gold Offers Statement Related To Acacia Mining,3,uncertain,0.5,0.2,,136,34,1.0,2019-06-19,71298.0,0.7654812652617693,5.662988126277924,9.530387879282396,9.668512459821098,1.5547722578048706,3.3812970040222545,3.67965543641271
23800,ALPHABET INC,"How Trucks Are Becoming A Solution, Not A Product",3,uncertain,0.5,0.2,,132,34,1.0,2019-06-19,14542.0,-0.1150797004811466,0.824624951928854,-2.043844224278235,1.7463011184361663,1.0160161182284355,1.681485300281205,1.3620834487272804
23808,ALPHABET INC,"'YouTube, Under Fire, Considers Major Changes to Kids' Content' -WSJ",3,decrease,0.7,0.5,,141,34,0.0,2019-06-19,90319.0,-0.0660472374875098,0.7867689244449139,-2.190117266148084,1.673138279792541,1.0375792160630226,1.7435275941181103,1.3042941956101783
23816,GLOBALSTAR INC,"Globalstar Reports Successful Completion Of MSS, Terrestrial Authorizations Across Africa",3,increase,0.75,0.6,,134,33,2.0,2019-06-19,91612.0,3.2047830522060385,-1.7543843016028404,-18.421050967602692,-20.5087714247431,-0.1987719209864735,-5.265870960487207,-10.370009125817736
23824,G S K PLC,"GlaxoSmithKline Launches Sale Of Two Portfolios Of Latam Consumer Health Drugs And Physiogel Skincare Drugs, Co. To Launch Sale Of A Third Portfolio Of European Health Drugs After The Summer; Aims To Raise Overall £1B From Portfolio Disposals",3,increase,0.75,0.6,,176,29,2.0,2019-06-19,75064.0,1.939330622553825,-1.4390247873961926,-2.1219486155848566,0.8048825167678464,0.7262732833623886,0.2492579756556256,0.2242715127086292
23832,G S K PLC,GlaxoSmithKline Option Alert: Fri $40 Calls Sweep (19) near the Ask: 646 @ $0.653 vs 2695 OI; Earnings 7/24 Before Open [est] Ref=$40.765,3,increase,0.7,0.6,,171,33,2.0,2019-06-19,75064.0,1.939330622553825,-1.4390247873961926,-2.1219486155848566,0.8048825167678464,0.7262732833623886,0.2492579756556256,0.2242715127086292
23840,GRAN TIERRA ENERGY INC,Gran Tierra Energy Officially Signed Contracts for Three Exploration Blocks in Ecuador,3,increase,0.75,0.6,,137,29,2.0,2019-06-19,92619.0,-11.45832911133766,-0.5882347002625465,-7.058823740063536,-8.823534894955243,-0.5181342363357544,3.7837799401564176,-1.0309333338442972
23848,HORIZON BANCORP INC,Horizon Bancorp Raises Quarterly Dividend From $0.10 To $0.12/Share,3,increase,0.75,0.6,,149,33,2.0,2019-06-19,11565.0,1.005655899643898,-0.2489048521965742,-1.0578722698059928,2.1157513362924485,1.0800513438880444,-0.0628155346690917,-0.0628155346690917
23856,HUDSON TECHNOLOGIES INC,Craig-Hallum Downgrades Hudson Technologies to Hold,3,decrease,0.8,0.6,,137,34,0.0,2019-06-19,81084.0,-17.46601909399033,-1.3763057067990303,-0.0117579415591317,1.9291898542995956,-2.830186113715172,-8.035717339122018,-23.13433201479196
23864,HARLEY DAVIDSON INC,Harley-Davidson Inks New Partnership In China,3,increase,0.75,0.6,,136,33,2.0,2019-06-19,70033.0,-0.2001134911552072,3.1509552150964737,2.2056729500967265,3.867082380546094,1.2152723968029022,0.9815246795846112,0.2292206521770756
23872,HARLEY DAVIDSON INC,Harley-Davidson Strikes Partnership With China's Qianjing To Make Harley-Branded Motorcycle,3,increase,0.75,0.6,,144,33,2.0,2019-06-19,70033.0,-0.2001134911552072,3.1509552150964737,2.2056729500967265,3.867082380546094,1.2152723968029022,0.9815246795846112,0.2292206521770756
23880,HERSHEY CO,"Bank of America Maintains Buy on Hershey, Raises Price Target to $152",3,increase,0.8,0.6,,138,29,2.0,2019-06-19,16600.0,-0.2531689824536443,-0.188538443762809,-2.7193620202517033,0.0725206307629067,0.3994212485849857,-0.0506125907250298,0.4504796013171219
23888,INDEPENDENT BANK CORP MICH,Independent Bank Reports 300K Share Buyback,3,increase,0.75,0.6,,139,33,2.0,2019-06-19,88912.0,-0.5464432295411825,-0.3205114277079701,-3.388277253146066,0.3205114505129502,0.8264388889074326,-0.0455177049989208,0.0911510411176541
23896,INTERNATIONAL BUSINESS MACHS COR,EU Antitrust Regulators Set To Approve Without Conditions IBM's $34B Takeover Of Red Hat,3,increase,0.8,0.6,,145,33,2.0,2019-06-19,12490.0,0.5132694728672504,1.2912198901176453,1.050483228464416,3.2535682861203785,1.0596576146781445,0.9101080416602958,0.4566959025945172
23904,ISHARES TRUST,US Officials Tell Indian Officials US Is Considering Limits On H-1B Visas To Deter Global Data Localization Rules,3,decrease,0.7,0.5,,145,34,0.0,2019-06-19,17657.0,-0.6289343349635601,1.150752417743206,1.6398260791834485,2.9344088495945497,0.9815246798098088,0.4543172148080199,-0.8715365319658108
23912,IRONWOOD PHARMACEUTICALS INC,"Ironwood, Allergan Investors React Positively After Duo's Constipation Drug Found Effective",3,increase,0.85,0.7,,152,29,2.0,2019-06-19,93264.0,0.5217427853494883,-2.5086501613259315,-9.775087245420464,-7.006923680904742,8.0827035009861,10.896819244583478,4.831355833160345
23920,JOHNSON & JOHNSON,Fitch Affirms J&J 'AAA' Rating,3,increase,0.85,0.1,,135,33,2.0,2019-06-19,22111.0,0.1568859908729792,1.2531219981610775,0.9968026039967048,1.2032769762689632,0.5665470845997334,0.0999353113325218,-0.3411349311666645
23928,COFFEE HOLDING CO INC,"Coffee Holding Co Q2 EPS $(0.04) Misses $0.06 Estimate, Sales $20.716M Miss $24.2M Estimate",3,decrease,0.85,0.7,,160,34,0.0,2019-06-19,90679.0,2.471913211047649,-1.9736876711249352,-14.692979205051138,-11.403508527464224,1.1363571509718895,5.450237900754917,0.9070289593783089
23936,NORDSTROM INC,"Nordstrom Shares Up 2.8% Over The Last Few Mins. As Traders Circulate Questionable, Unconfirmed Takeover Chatter In Name",3,increase,0.7,0.5,,155,33,2.0,2019-06-19,57817.0,3.2368410378694525,0.1205936656333506,-2.924321509093608,-5.788357690344648,-1.0471208952367306,-1.4719397374773011,-1.6227764726318927
23944,K K R & CO INC,KKR shares trading higher with broader financial sector. An Oppenheimer analyst raised the price target on the stock from $34 to $39 and reiterated an Outperform rating.,3,increase,0.8,0.6,,160,29,2.0,2019-06-19,11990.0,3.892223164439201,1.4409158378839493,0.9880599124134636,6.998759896720852,-0.595243601128459,-1.7234204948339271,-3.8255875018470498
23952,KIMBERLY CLARK CORP,Kimberly-Clark Option Alert: Nov 15 $140 Calls Sweep (4) near the Ask: 9972 @ $5.158 vs 14 OI; Earnings 7/23 Before Open Ref=$135.3,3,increase,0.75,0.6,,178,33,2.0,2019-06-19,17750.0,-0.1469701295718551,0.3164503024891019,-1.8177812031802687,1.8177811884514616,-0.8163229562342167,-1.1405681809181334,-0.9030042111231597
23960,CARMAX INC,"RBC Raises CarMax Price Target, Says Headwinds Will Ease",3,increase,0.75,0.6,,133,33,2.0,2019-06-19,89508.0,-0.2151312306523323,-0.5868941079825163,0.7785379572692985,6.479822361752685,-0.2384697319939732,0.155610777796622,1.8502696747335623
23968,CARMAX INC,"RBC Capital Maintains Outperform on CarMax, Raises Price Target to $92",3,increase,0.8,0.6,,137,33,2.0,2019-06-19,89508.0,-0.2151312306523323,-0.5868941079825163,0.7785379572692985,6.479822361752685,-0.2384697319939732,0.155610777796622,1.8502696747335623
23976,KARYOPHARM THERAPEUTICS INC,Karyopharm Therapeutics Offers Updated Data From Phase 2b SADAL Study At International Conference on Malignant Lymphoma,3,increase,0.75,0.6,,162,33,2.0,2019-06-19,14316.0,0.5076177883893251,4.0404003113508224,2.0202001540061465,49.76767948760057,-1.3355580158531666,3.5026235943004247,2.7826060508278516
23984,GLADSTONE LAND CORP,"Gladstone Land Reports Common Stock Offering, No Size Disclosed",3,decrease,0.7,0.5,,138,34,0.0,2019-06-19,13756.0,3.442484140396118,-6.493500620126724,-7.792208510008192,-5.113637600514109,-2.09254864603281,-2.412246149858699,-3.5149352717796623
23992,SOUTHWEST AIRLINES CO,Attention Airline Investors: Southwest Adjusts Q2 Guidance,3,uncertain,0.6,0.3,,134,34,1.0,2019-06-19,58683.0,-0.3675095504149795,0.0194178544916212,-1.5725055591723214,0.737722801487406,1.0160227306187153,-0.2315688470851062,-1.2982060747782076
24000,SOUTHWEST AIRLINES CO,"UPDATE: Southwest Air Cuts Q2 Available Seat Miles Per Gallon Guidance From Down 1%-Flat To Down 1-2%, Cites 'primarily due to the removal of the Company's most fuel-efficient aircraft from its schedule as the result of the grounding of its Boeing 737 MAX",3,decrease,0.75,0.6,,182,34,0.0,2019-06-19,58683.0,-0.3675095504149795,0.0194178544916212,-1.5725055591723214,0.737722801487406,1.0160227306187153,-0.2315688470851062,-1.2982060747782076
24008,SOUTHWEST AIRLINES CO,"UPDATE: Southwest Air Narrows, Raises Low End Of Q2 Costs Per Available Seat Mile Guidance From 10.5-12.5% To 11.5-12.5%",3,uncertain,0.6,0.3,,162,30,1.0,2019-06-19,58683.0,-0.3675095504149795,0.0194178544916212,-1.5725055591723214,0.737722801487406,1.0160227306187153,-0.2315688470851062,-1.2982060747782076
24016,SOUTHWEST AIRLINES CO,Southwest Air 8-K Shows Expectation For Q2 Revenue Per Available Seat Mile Up 6.5-7.5% Year Over Year,3,increase,0.8,0.6,,154,29,2.0,2019-06-19,58683.0,-0.3675095504149795,0.0194178544916212,-1.5725055591723214,0.737722801487406,1.0160227306187153,-0.2315688470851062,-1.2982060747782076
24024,LIVE NATION ENTERTAINMENT INC,The Rebel's Handbook: All About High Times' New CEO And His Plans To Turn The Company Around,3,uncertain,0.5,0.2,,148,29,1.0,2019-06-19,91041.0,0.256380345672369,1.1131134815514088,-0.6468114694124338,4.3922954459372,1.874329894781113,3.6255600665485943,3.2062219907262213
24032,LA Z BOY INC,"La-Z-Boy Q4 Sales Miss Target, Shares Down 7%",3,decrease,0.85,0.7,,138,34,0.0,2019-06-19,48347.0,8.929169923067093,-4.036984220147133,-6.718028642182183,-2.7735024049142964,-1.4880914241075516,-2.487719533140831,-3.5297870609831694
24040,MCDONALDS CORP,Lamb Weston Analyst: Potato Bearishness Is Half-Baked,3,uncertain,0.6,0.3,,141,34,1.0,2019-06-19,43449.0,0.0195631248061545,0.2786565804854035,-6.47960129995795e-08,4.03812962443213,0.3434556536376476,-0.3799497266920526,0.0097750419483899
24048,MONDELEZ INTERNATIONAL INC,Mondelēz International To Acquire Majority Interest In Perfect Snacks; Terms Not Disclosed,3,increase,0.7,0.6,,143,33,2.0,2019-06-19,89006.0,0.916422251611948,0.7264760322868824,-1.0897244003030826,1.84910822665445,-0.3470294643193483,-0.890096070323898,-0.1646846456139772
24056,MERCK & CO INC NEW,Report: Merck Searching Internally For Next CEO,3,uncertain,0.6,0.3,,136,34,1.0,2019-06-19,22752.0,1.029710937291384,-0.8903492242097855,-2.1321457488314377,1.804124856109568,1.428565103560686,2.065715248478983,2.595123902403551
24064,MERCK & CO INC NEW,"Merck Prepping For CEO Departure, Has Begun Internal Successor Hunt",3,uncertain,0.6,0.3,,141,34,1.0,2019-06-19,22752.0,1.029710937291384,-0.8903492242097855,-2.1321457488314377,1.804124856109568,1.428565103560686,2.065715248478983,2.595123902403551
24072,MARVELL TECHNOLOGY INC,"UPDATE: Raymond James Initiated Coverage On Marvell Technology With A Market Perform Rating As Firm Expects ' the inflection point for Marvell to be a 2021 catalyst, when 5G fully ramps and as strategic changes from acquisitions begin to take hold.'",3,uncertain,0.6,0.3,,178,30,1.0,2019-06-19,88360.0,-0.977595802396536,-0.7815657183527946,-2.4681217328307525,1.0695195940485291,3.4991566091775894,3.0213987438251433,1.1953793592185402
24080,MARVELL TECHNOLOGY INC,Raymond James Initiates Coverage On Marvell Technology Group with Market Perform Rating,3,uncertain,0.6,0.2,,141,34,1.0,2019-06-19,88360.0,-0.977595802396536,-0.7815657183527946,-2.4681217328307525,1.0695195940485291,3.4991566091775894,3.0213987438251433,1.1953793592185402
24088,MACOM TECHNOLOGY SOLS HLDS INC,"Semiconductor Maker Macom Cuts Guidance After Huawei Ban, Lays Off 250 In Restructuring",3,decrease,0.85,0.7,,152,34,0.0,2019-06-19,13326.0,-3.6061059683561334,5.75539730489254,0.3597137430173092,9.424463751688616,0.0,1.1929829604923723,-2.8956250466535827
24096,MYRIAD GENETICS INC,"Myriad Genetics' Labs Unit Reports Japanese Ministry Of Health, Labour, Welfare Granted Second Manufacturing, Marketing Approval For BRACAnalysis Diagnostic System As Companion With Lynparza",3,increase,0.8,0.6,,161,29,2.0,2019-06-19,82508.0,0.2893744967877865,-1.319042406976223,9.31574698156512,15.292658751347044,-2.302098833024502,0.7496889265098616,-6.9257380072857755
24104,NORTHERN DYNASTY MINERALS LTD,"Northern Dynasty Reports $5M Bought-Deal Financing, Concurrent Up To $1.5M Private Placement",3,uncertain,0.6,0.3,,157,34,1.0,2019-06-19,90443.0,-9.795668721199036,0.0,32.28958749019357,28.980675935472377,-3.255811333656311,-0.1600025552928485,1.2576037955634778
24112,NATIONAL CINEMEDIA INC,"Wedbush Upgrades National CineMedia to Outperform, Announces $8 Price Target",3,increase,0.75,0.6,,141,29,2.0,2019-06-19,91822.0,4.658380523324013,-0.8902069181203842,-7.270026472336588,0.1483713817822529,-0.6172833498567343,2.0602237681281776,1.5421908194923617e-08
24120,N C R CORP NEW,NCR shares are trading lower after the New York Post reported there are no new bidders for the company.,3,decrease,0.85,0.7,,146,34,0.0,2019-06-19,84372.0,-0.2234270563349128,0.2239273628219962,-1.5355071478995177,0.1279559039199851,0.8368208073079586,-0.0319088941675427,-3.3621171088412005
24128,N C R CORP NEW,NCR Shares Fall After NY Post Reports No New Bidders for Company,3,decrease,0.85,0.7,,140,34,0.0,2019-06-19,84372.0,-0.2234270563349128,0.2239273628219962,-1.5355071478995177,0.1279559039199851,0.8368208073079586,-0.0319088941675427,-3.3621171088412005
24136,NETFLIX INC,'Murder Mystery' May Have Set A Netflix Viewing Record,3,increase,0.75,0.6,,133,33,2.0,2019-06-19,89393.0,1.7921129241585732,0.4648994654417038,-0.3631098378761965,5.006605553303789,1.8538588657975197,5.118765893167199,3.9862570759304328
24144,NETFLIX INC,NFLX	 Netflix Option Alert: Fri $360 Calls Sweep (38) near the Ask: 515 @ $3.703 vs 13859 OI; Earnings 7/17 After Close Ref=$358.425,3,increase,0.7,0.6,,167,33,2.0,2019-06-19,89393.0,1.7921129241585732,0.4648994654417038,-0.3631098378761965,5.006605553303789,1.8538588657975197,5.118765893167199,3.9862570759304328
24152,NORFOLK SOUTHERN CORP,U.S. Rail Volumes Are Still Falling,3,decrease,0.8,0.6,,139,34,0.0,2019-06-19,64311.0,-0.5376388318836689,2.032226510345936,0.2027023721722809,5.254678227729559,1.3995901681482792,-0.6675582310150752,-1.5622574115712218
24160,NETGEAR INC,"Guggenheim Initiates Coverage On Netgear with Buy Rating, Announces $40 Price Target",3,increase,0.8,0.6,,141,33,2.0,2019-06-19,89800.0,5.572998896241188,1.933087222278118,-6.356874159454273,-3.5687701711749287,-0.3909319173544645,1.7571828664032283,-0.273971549187868
24168,NOVARTIS A G,"Amphastar Pharmaceuticals, Inc. Announces Settlement in Litigation with Momenta and Sandoz, Momenta, Sandoz to Pay Amphastar $59.9M",3,uncertain,0.5,0.1,,158,29,1.0,2019-06-19,88233.0,0.6681276950985193,0.5004886072129011,-0.7725020465671251,0.6419283669280018,1.7156872898340223,1.988389763356846,1.908702784098848
24176,ODYSSEY MARINE EXPLORATION INC,Odyssey Marine Exploration Offers Update On Business Plan Progress,3,uncertain,0.5,0.2,,146,29,1.0,2019-06-19,89898.0,-2.105261199176311,0.6451555527746677,25.806446235581305,23.01074506281411,4.856507107615471,6.026785046828476,12.559247165642184
24184,ORACLE CORP,"Oracle Sees FY20 Growth Faster Than Last Year Growth, Double-Digit EPS Growth",3,increase,0.85,0.7,,139,29,2.0,2019-06-19,10104.0,-0.4158813040703535,8.181475847959518,7.55504867956962,11.731208027714748,-0.432899547740817,-0.713208060204007,-1.7459112775009444
24192,ORACLE CORP,"Oracle Sees Q1 Adj. EPS Growth 12-14%, $0.80-$0.82 vs $0.80 Estimate",3,increase,0.75,0.6,,150,33,2.0,2019-06-19,10104.0,-0.4158813040703535,8.181475847959518,7.55504867956962,11.731208027714748,-0.432899547740817,-0.713208060204007,-1.7459112775009444
24200,ORACLE CORP,Oracle Sees Q1 Sales Growth 1-3% On Constant Currency Basis,3,uncertain,0.6,0.2,,138,34,1.0,2019-06-19,10104.0,-0.4158813040703535,8.181475847959518,7.55504867956962,11.731208027714748,-0.432899547740817,-0.713208060204007,-1.7459112775009444
24208,ORACLE CORP,Oracle Q4 Earnings Conference Call Beginning,3,uncertain,0.5,0.5,,129,34,1.0,2019-06-19,10104.0,-0.4158813040703535,8.181475847959518,7.55504867956962,11.731208027714748,-0.432899547740817,-0.713208060204007,-1.7459112775009444
24216,ORACLE CORP,Oracle Soars After Q4 Earnings Beat,3,increase,0.85,0.7,,130,33,2.0,2019-06-19,10104.0,-0.4158813040703535,8.181475847959518,7.55504867956962,11.731208027714748,-0.432899547740817,-0.713208060204007,-1.7459112775009444
24224,ORACLE CORP,Oracle shares are trading higher after the company reported better-than-expected Q4 EPS and sales results.,3,increase,0.85,0.7,,141,33,2.0,2019-06-19,10104.0,-0.4158813040703535,8.181475847959518,7.55504867956962,11.731208027714748,-0.432899547740817,-0.713208060204007,-1.7459112775009444
24232,ORACLE CORP,"Oracle Q4 Adj. EPS $1.16 Beats $1.07 Estimate, Sales $11.136B Beat $10.95B Estimate",3,increase,0.85,0.7,,152,33,2.0,2019-06-19,10104.0,-0.4158813040703535,8.181475847959518,7.55504867956962,11.731208027714748,-0.432899547740817,-0.713208060204007,-1.7459112775009444
24240,O REILLY AUTOMOTIVE INC NEW,O'Reilly shares trading lower following a report from Edgewater Research in which an analyst reduced estimates for the company.,3,decrease,0.85,0.7,,154,34,0.0,2019-06-19,79103.0,-1.645342074334621,-0.8232394233345985,-2.849676254236289,1.9077049663699608,0.385562190786004,-0.6779061984658385,-0.5779654423106684
24248,O REILLY AUTOMOTIVE INC NEW,Wells Fargo Analyst Zachary Fadem Tells Benzinga Downside In O'Reilly Shares Related To A Report From Edgewater Research In Which Firm Is Lowering Estimates On O'Reilly,3,decrease,0.8,0.6,,170,34,0.0,2019-06-19,79103.0,-1.645342074334621,-0.8232394233345985,-2.849676254236289,1.9077049663699608,0.385562190786004,-0.6779061984658385,-0.5779654423106684
24256,PAYCOM SOFTWARE INC,Cantor Fitzgerald Initiates Coverage On Paycom Software with Neutral Rating,3,uncertain,0.6,0.2,,135,34,1.0,2019-06-19,14579.0,1.560112088918686,1.8858712166547775,-4.015225224930319,4.360532275869988,1.3210613280534744,3.769712644006429,1.6730681714035134
24264,P G & E CORP,"UPDATE: PG&E Says Sees 99% Of Distribution Assets Inspected, 98% Of Transmission Assets Inspected",3,increase,0.75,0.6,,150,33,2.0,2019-06-19,13688.0,7.262285053730011,14.807593822479248,5.796389123495294,8.962494834154434,1.3771199621260166,3.5714279332617727,4.647339784485394
24272,P G & E CORP,"PG&E Offers Update On Enhanced Safety Inspections, Repairs Made To Electric Infrastructure In High-Fire Threat Areas",3,increase,0.75,0.6,,147,33,2.0,2019-06-19,13688.0,7.262285053730011,14.807593822479248,5.796389123495294,8.962494834154434,1.3771199621260166,3.5714279332617727,4.647339784485394
24280,P G & E CORP,PG&E Option Alert: Jul 19 $21 Calls Sweep (2) above Ask!: 1848 @ $1.581 vs 13677 OI; Earnings 7/25 Before Open [est] Ref=$19.97,3,increase,0.75,0.6,,174,33,2.0,2019-06-19,13688.0,7.262285053730011,14.807593822479248,5.796389123495294,8.962494834154434,1.3771199621260166,3.5714279332617727,4.647339784485394
24288,P G & E CORP,PG&E shares are trading higher after the company reached agreements to resolve wildfire claims with multiple local public entities.,3,increase,0.8,0.6,,146,33,2.0,2019-06-19,13688.0,7.262285053730011,14.807593822479248,5.796389123495294,8.962494834154434,1.3771199621260166,3.5714279332617727,4.647339784485394
24296,P G & E CORP,"Report: Napa County, Other California Cities Settle With PG&E Over Wildfires",3,increase,0.7,0.6,,142,33,2.0,2019-06-19,13688.0,7.262285053730011,14.807593822479248,5.796389123495294,8.962494834154434,1.3771199621260166,3.5714279332617727,4.647339784485394
24304,P G & E CORP,"PG&E and Local Public Entities Resolve 2015, 2017 And 2018 Wildfire Claims; $1B In Payments Will Be Made As Part Of Chapter 11 Plan Of Reorganization",3,increase,0.75,0.6,,166,33,2.0,2019-06-19,13688.0,7.262285053730011,14.807593822479248,5.796389123495294,8.962494834154434,1.3771199621260166,3.5714279332617727,4.647339784485394
24312,PACIRA BIOSCIENCES INC,Pacira BioSciences Names Max Reinhardt Pres,3,uncertain,0.6,0.3,,136,34,1.0,2019-06-19,12583.0,-0.3198523772880435,0.1145982998423278,-0.9855610040996664,-1.031402121203362,2.314169518649578,0.2519481968961345,-0.7032699092515138
24320,PAYLOCITY HOLDING CORP,Cantor Fitzgerald Initiates Coverage On Paylocity Holding with Overweight Rating,3,increase,0.75,0.6,,143,29,2.0,2019-06-19,14547.0,4.122963175177574,-1.1170982383191586,-8.118890194991746,0.7281024574625761,-0.341546069830656,1.4967831298319911,0.8483426336782784
24328,PFIZER INC,"Russian Parliament OKs Cannabis, Psychotropic Cultivation For Pharmaceutical Reasons",3,uncertain,0.6,0.3,,133,34,1.0,2019-06-19,21936.0,0.9983754716813564,0.2298815408721566,-1.172409954716391,2.068969082179972,0.4430938046425581,0.7249798470618574,1.341175735875222
24336,PFIZER INC,A Beloved Biotech ETF Could Lure Traders Again,3,increase,0.7,0.6,,131,33,2.0,2019-06-19,21936.0,0.9983754716813564,0.2298815408721566,-1.172409954716391,2.068969082179972,0.4430938046425581,0.7249798470618574,1.341175735875222
24344,KONINKLIJKE PHILIPS N V,"Royal Philips Reports Received FDA Premarket Approval For HeartStart OnSite, HeartStart Home Defibrillators",3,increase,0.8,0.6,,155,33,2.0,2019-06-19,88487.0,0.8542967028915882,1.694120466709137,0.7764748380855391,5.011767159547875,1.640135794878006,2.780486314500341,1.3955677998631175
24352,POLARIS INC,Polaris Industries Option Alert: Jul 19 $100 Calls at the Ask: 500 @ $1.541 vs 2289 OI; Earnings 7/24 Before Open [est] Ref=$93.125,3,uncertain,0.6,0.3,,167,34,1.0,2019-06-19,75182.0,-1.520340610295534,0.8371348492801189,-3.413793095641704,-3.7399459569167015,3.870110586285591,4.241074930445787,3.467381199206443
24360,PRIMORIS SERVICES CORP,Primoris Services Wins $29M+ Pipeline Award,3,increase,0.8,0.6,,138,29,2.0,2019-06-19,92773.0,0.0510997895617038,-0.6128745619207621,2.0428988859542807,7.773107519421729,2.3000551387667656,3.0542386579548,2.3000551234918287
24368,PAPA JOHNS INTL INC,Papa John's Announces Investments into Marketing And Support For US Franchise System,3,increase,0.75,0.6,,140,29,2.0,2019-06-19,79299.0,0.2857130486518145,-4.029303044080734,-13.654861944165608,-7.712659740015182,-3.429250419139862,-3.429250419139862,-2.970297123979415
24376,QIAGEN NV,QIAGEN And McKesson Agree to Distribute QIAstat-Dx Syndromic Testing Solution To Smaller Hospitals And Other Select Segments In The United States,3,increase,0.75,0.6,,154,29,2.0,2019-06-19,83686.0,0.5687427241355181,1.3277622871100905,-1.696578996641962,0.3442419470382374,2.018161490559578,2.327930464670036,2.069660973540355
24384,QUICKLOGIC CORP,"QuickLogic shares are trading lower after the company announced the pricing of a 16 million share common stock offering at $0.50 per share, which will result in approximately $8 million in gross proceeds from the offering.",3,decrease,0.8,0.6,,167,34,0.0,2019-06-19,87364.0,-13.686290383338932,-3.3442094922065735,-2.088087490063617,-7.014678599817826,-8.632443845272064,-8.866927050970785,-11.21389938414411
24392,ULTRAGENYX PHARMACEUTICALS INC,"UPDATE: Arcturus To Receive $30M In Upfront Payments, Including $6M In Cash And $24M Equity Investment At $10/Share",3,increase,0.75,0.6,,168,33,2.0,2019-06-19,14436.0,1.5569843351840968,0.3319094190374017,-5.531847407660773,-1.0589567623612628,2.2988468408584595,8.992301591103313,7.099881991469159
24400,ULTRAGENYX PHARMACEUTICALS INC,"Ultragenyx, Arcturus Therapeutics Report Expansion Of Existing Research Collaboration, License Deal To Develop Additional Nucleic Acid Therapies for Rare Diseases",3,increase,0.75,0.6,,166,29,2.0,2019-06-19,14436.0,1.5569843351840968,0.3319094190374017,-5.531847407660773,-1.0589567623612628,2.2988468408584595,8.992301591103313,7.099881991469159
24408,RIO TINTO PLC,Rio Tinto Shares Fall On Lower Pilbara Iron Ore Shipment Guidance,3,decrease,0.85,0.7,,139,34,0.0,2019-06-19,76221.0,-3.666771948337555,0.8347244933247566,3.005006967469992,5.692820962921474,2.5057706981897354,2.320223601745708,0.9907433474911408
24416,RIO TINTO PLC,Rio Tinto shares are trading lower after the company cut iron ore shipments forecasts in Australia's Pilbara region due to mine operational problems.,3,decrease,0.85,0.7,,151,34,0.0,2019-06-19,76221.0,-3.666771948337555,0.8347244933247566,3.005006967469992,5.692820962921474,2.5057706981897354,2.320223601745708,0.9907433474911408
24424,RIO TINTO PLC,Rio Tinto Warns Its Iron Ore Unit Is Currently Experiencing Mine Operational Challenges In Greater Brockman Hub In Pilbara,3,decrease,0.75,0.6,,151,34,0.0,2019-06-19,76221.0,-3.666771948337555,0.8347244933247566,3.005006967469992,5.692820962921474,2.5057706981897354,2.320223601745708,0.9907433474911408
24432,RED ROBIN GOURMET BURGERS INC,"Red Robin Gourmet Burger Amended 13D From Vintage Capital Shows Firm Sent Letter To Co. Board On Jun. 19, 2019 'calling for the convening of a special meeting of the shareholders of the Issuer to remove five of the current directors...'",3,decrease,0.75,0.6,,188,34,0.0,2019-06-19,89453.0,-2.8437495231628422,0.4503035917878151,-2.090703067823174,-6.336440394344711,-1.3563459739089012,-3.323258361863457,-4.4205482299001115
24440,SABRE CORP,Goldman Sachs Downgrades Sabre to Sell,3,decrease,0.85,0.7,,132,34,0.0,2019-06-19,14608.0,1.009212527424097,0.5212838295847178,-2.7128782107709526,0.5649896112569941,1.6049960628151894,2.243158316724214,2.2890494722454857
24448,STARBUCKS CORP,Cramer Passes On Buying Coffee Stocks — For Now,3,decrease,0.7,0.4,,137,34,0.0,2019-06-19,77702.0,1.073323003947735,1.0499998927116394,-0.5130656675662815,4.748840759107731,-0.1204510685056448,-1.566951243896686,-0.5158971932653356
24456,STEELCASE INC,"Steelcase Reaffirms FY20 Guidance: EPS $1.20-$1.35 vs $1.29 Estimate, Sales Growth 5.5-9.5%",3,increase,0.75,0.6,,157,33,2.0,2019-06-19,85796.0,1.369080226868391,-11.198653280735016,-9.397861860207978,-2.046390203722659,0.2860477427020669,0.3434537815035332,0.0570789300298413
24464,STEELCASE INC,Steelcase shares are trading lower after the company reported worse-than-expected Q1 EPS and sales results.,3,decrease,0.85,0.7,,142,34,0.0,2019-06-19,85796.0,1.369080226868391,-11.198653280735016,-9.397861860207978,-2.046390203722659,0.2860477427020669,0.3434537815035332,0.0570789300298413
24472,STEELCASE INC,"Steelcase Sees Q2 EPS $0.41-$0.45 vs $0.41 Est., Sales $970M-$995M vs $945.93M Est.",3,increase,0.75,0.6,,158,33,2.0,2019-06-19,85796.0,1.369080226868391,-11.198653280735016,-9.397861860207978,-2.046390203722659,0.2860477427020669,0.3434537815035332,0.0570789300298413
24480,STEELCASE INC,"Steelcase Q1 EPS $0.15 Misses $0.18 Estimate, Sales $824.3M Miss $839.07M Estimate",3,decrease,0.8,0.6,,152,34,0.0,2019-06-19,85796.0,1.369080226868391,-11.198653280735016,-9.397861860207978,-2.046390203722659,0.2860477427020669,0.3434537815035332,0.0570789300298413
24488,SIX FLAGS ENTERTAINMENT CORP,Six Flags Upgraded By Wedbush On 3 Positive Catalysts,3,increase,0.8,0.6,,142,33,2.0,2019-06-19,93423.0,2.014327049255371,-3.4364867955446243,-7.803297734613301,1.461933677714855,-0.7115364074707031,0.2329697825121712,1.4940085338108533
24496,SIX FLAGS ENTERTAINMENT CORP,"Wedbush Upgrades Six Flags Entertainment to Outperform, Raises Price Target to $62",3,increase,0.85,0.7,,146,29,2.0,2019-06-19,93423.0,2.014327049255371,-3.4364867955446243,-7.803297734613301,1.461933677714855,-0.7115364074707031,0.2329697825121712,1.4940085338108533
24504,SUMMIT MIDSTREAM PARTNERS LP,"Citigroup Downgrades Summit Midstream Partners to Neutral, Lowers Price Target to $6.5",3,decrease,0.85,0.7,,149,34,0.0,2019-06-19,13583.0,-0.8683060295879841,2.1897824481129646,0.5839410517959553,7.883211132542511,2.0679447799921036,6.307689849790554,0.1449239179457384
24512,SUNPOWER CORP,"SunPower, Hannon Armstrong, SunStrong Report Securing Of Financing For Residential Solar Lease Business Into 2020",3,increase,0.75,0.6,,145,29,2.0,2019-06-19,90978.0,3.05419135838747,0.0956044823396951,-2.8680708741024574,9.655833451545682,22.584541141986847,23.179611164768012,19.97635498944752
24520,SUNPOWER CORP,Raymond James Downgrades SunPower to Market Perform,3,decrease,0.85,0.7,,133,34,0.0,2019-06-19,90978.0,3.05419135838747,0.0956044823396951,-2.8680708741024574,9.655833451545682,22.584541141986847,23.179611164768012,19.97635498944752
24528,STMICROELECTRONICS NV,STMicroelectronics shares are trading higher after Morgan Stanley initiated coverage on the stock with an Overweight rating.,3,increase,0.85,0.7,,150,29,2.0,2019-06-19,81132.0,2.917438186705112,3.437875211238861,3.256941757960208,8.624851040596827,3.33547443151474,2.289699437540782,-2.2249029932571496
24536,STMICROELECTRONICS NV,Morgan Stanley Initiates Coverage On STMicroelectronics with Overweight Rating,3,increase,0.8,0.6,,143,33,2.0,2019-06-19,81132.0,2.917438186705112,3.437875211238861,3.256941757960208,8.624851040596827,3.33547443151474,2.289699437540782,-2.2249029932571496
24544,TIMKEN CO,Timken Option Alert: Jul 19 $50 Calls Sweep (22) near the Ask: 509 @ $0.85 vs 72 OI; Earnings 7/30 Before Open [est] Ref=$48.4,3,increase,0.7,0.6,,167,33,2.0,2019-06-19,14795.0,1.490986533463001,2.34646312892437,3.3870636372812957,2.65252609487836,3.073644638061523,1.8776358666245052,-0.062083547638736
24552,TEMPUR SEALY INTERNATIONAL INC,Tempur Sealy To Add ~700 New Employees,3,increase,0.75,0.6,,138,29,2.0,2019-06-19,89971.0,2.243364788591862,2.0274948328733444,-0.1249881964380583,4.388273632597017,1.2507228180766106,3.3455595049171727,2.5928606091178086
24560,TRIPADVISOR INC,Tripadvisor Gets An Upgrade On Its Underappreciated Experiences Segment,3,increase,0.75,0.6,,139,33,2.0,2019-06-19,13168.0,1.900231465697289,-0.9323980659246444,-6.653951253577006,-0.8264451965251163,1.379161700606346,1.6685008809982138,0.0648284893626449
24568,TRIPADVISOR INC,"SunTrust Robinson Humphrey Upgrades TripAdvisor to Buy, Announces $60 Price Target",3,increase,0.85,0.7,,143,33,2.0,2019-06-19,13168.0,1.900231465697289,-0.9323980659246444,-6.653951253577006,-0.8264451965251163,1.379161700606346,1.6685008809982138,0.0648284893626449
24576,ISHARES INC,"Turkey's Erdogan Says Those Responsible For Khashoggi Murder Will Pay The Price, Be Held Accountable",3,uncertain,0.6,0.2,,142,34,1.0,2019-06-19,92600.0,1.9887635484337811,-0.9749874472618104,-0.7630364767769238,7.206446341701267,2.4811673909425735,5.028741958694005,4.750645373984108
24584,VALE S A,Vale Option Alert: Fri $13.5 Calls Sweep (62) near the Ask: 3726 @ $0.123 vs 10460 OI; Earnings 7/24 Before Open [est] Ref=$13.365,3,increase,0.7,0.5,,170,33,2.0,2019-06-19,89330.0,0.5943530704826118,1.2555397115647793,-0.7385552694587849,-1.2555395861913787,4.5843057334423065,2.591464494362161,0.223378446092104
24592,V B I VACCINES INC NEW,"VBI Vaccines CEO Baxter  Buys 144,000 @ Avg Price: $0.73",3,increase,0.75,0.6,,151,33,2.0,2019-06-19,16043.0,17.71113574504852,20.585626363754272,49.57534826268915,20.73773141480293,3.107694536447525,-64.53968183821326,-64.53968183821326
24600,VIA RENEWABLES INC,Viacom shares are trading higher following reports indicating CBS is preparing to make another merger offer for the company.,3,uncertain,0.6,0.3,,148,29,1.0,2019-06-19,14830.0,0.1793763134628534,0.5371483042836189,-3.8495999266484615,1.6114617373928386,-1.152483280748129,-1.5887052274814906,0.2697817774657274
24608,WINNEBAGO INDUSTRIES INC,Mid-Day Market Update: Melinta Therapeutics Gains After FDA Accepts sNDA For Bacterial Pneumonia Drug; Sesen Bio Shares Drop,3,uncertain,0.3,0.1,,158,29,1.0,2019-06-19,51086.0,3.7075456231832495,-0.1749992370605468,-5.524997492371508,-4.374999846940264,4.230663180351257,4.371285236312494,6.762352336507127
24616,WINNEBAGO INDUSTRIES INC,"Winnebago Industries Q3 Adj. EPS $1.04 Beats $1.01 Estimate, Sales $528.94M Miss $564.03M Estimate",3,uncertain,0.6,0.3,,161,34,1.0,2019-06-19,51086.0,3.7075456231832495,-0.1749992370605468,-5.524997492371508,-4.374999846940264,4.230663180351257,4.371285236312494,6.762352336507127
24624,WILLDAN GROUP INC,"Wildan Reports Plan To Purchase Onsite Energy, No Terms Disclosed",3,uncertain,0.6,0.3,,138,34,1.0,2019-06-19,91625.0,2.469878457486629,4.820691794157028,6.290415519695403,3.1158181736115065,1.2503807432949543,3.84736156171539,2.8182094955194525
24632,JOYY INC,YY shares are trading lower after the company announced a proposed offering of $850 million of convertible senior notes.,3,decrease,0.75,0.6,,140,34,0.0,2019-06-19,13701.0,-7.955428212881088,-0.0140795833431184,-0.6756804083505208,-0.4223014799496605,2.9753215610980988,4.650847862285112,2.3879053351147483
24640,ADOBE INC,"Morgan Stanley Previews Adobe's Q2 Report, Says 'Solid Beat-And-Raise' Should Revive Stock",3,increase,0.85,0.7,,144,29,2.0,2019-06-14,75510.0,-0.7310854736715555,0.4812627099454403,9.132998496768518,7.426715481663093,-0.1950616016983986,0.1123220330309759,-1.4411102498608663
24648,AGNICO EAGLE MINES LTD,Agnico Eagle Offers C$26M to Acquire Alexandria Minerals Corporation,3,increase,0.7,0.6,,146,33,2.0,2019-06-14,78223.0,-0.8565342985093594,1.6846708953380585,8.639308957678814,10.669551788972708,0.4301091656088829,1.323498820502289,1.831661905352289
24656,GALLAGHER ARTHUR J & CO,"Wells Fargo Maintains Outperform on Arthur J. Gallagher, Raises Price Target to $100",3,increase,0.8,0.6,,153,29,2.0,2019-06-14,38093.0,0.6657416932284832,-1.6077492386102676,-1.3226864684392492,-0.125428330702515,-0.6726671475917101,-0.3773518801559405,-0.7970814596235831
24664,ALIGN TECHNOLOGY INC,"Align Technology, Straumann Group Terminate Discussions Concerning Possible Development and Distribution Agreement;  Straumann to Pay Align Additional $16M",3,decrease,0.7,0.4,,149,34,0.0,2019-06-14,88860.0,-1.7262978479266171,-5.567555874586105,-7.242398743644918,-10.467778184731005,-0.2980745863169431,0.7090139899097903,-1.2570204510432004
24672,AMPIO PHARMACEUTICALS INC,Ampio Pharmaceuticals shares are trading lower after the company reported a common stock offering with no disclosed size.,3,decrease,0.8,0.6,,151,34,0.0,2019-06-14,12789.0,11.11110970377922,-31.442856788635257,-38.714287263629465,-44.59999874585883,1.6292961314320564,4.6511623135099045,6.77966493939286
24680,AMPIO PHARMACEUTICALS INC,"Ampio Pharmaceuticals Reports Common Stock Offering, No Size Disclosed",3,decrease,0.75,0.6,,144,34,0.0,2019-06-14,12789.0,11.11110970377922,-31.442856788635257,-38.714287263629465,-44.59999874585883,1.6292961314320564,4.6511623135099045,6.77966493939286
24688,AMPIO PHARMACEUTICALS INC,Ampio Pharmaceuticals Shares Resume Trading; Currently At $0.92/Share,3,uncertain,0.5,0.2,,147,34,1.0,2019-06-14,12789.0,11.11110970377922,-31.442856788635257,-38.714287263629465,-44.59999874585883,1.6292961314320564,4.6511623135099045,6.77966493939286
24696,AMPIO PHARMACEUTICALS INC,Ampio Pharmaceuticals Shares Halted At $1.05; After Opening Shares Traded In Range Of $1.05-$1.30/Share,3,uncertain,0.6,0.2,,162,34,1.0,2019-06-14,12789.0,11.11110970377922,-31.442856788635257,-38.714287263629465,-44.59999874585883,1.6292961314320564,4.6511623135099045,6.77966493939286
24704,AMPIO PHARMACEUTICALS INC,Ampio Pharmaceuticals Resume Trade At $1.07 Shares Then Halted For A Second Time,3,uncertain,0.6,0.3,,150,34,1.0,2019-06-14,12789.0,11.11110970377922,-31.442856788635257,-38.714287263629465,-44.59999874585883,1.6292961314320564,4.6511623135099045,6.77966493939286
24712,AMPIO PHARMACEUTICALS INC,"Ampio Pharmaceuticals Halted On Circuit Breaker; Shares Halted At $0.92, Up 46.03% In The Session",3,increase,0.8,0.5,,160,33,2.0,2019-06-14,12789.0,11.11110970377922,-31.442856788635257,-38.714287263629465,-44.59999874585883,1.6292961314320564,4.6511623135099045,6.77966493939286
24720,AMPIO PHARMACEUTICALS INC,Ampio Pharmaceuticals shares are trading higher after the company announced FDA approval of its special protocol assessment.,3,increase,0.85,0.7,,150,33,2.0,2019-06-14,12789.0,11.11110970377922,-31.442856788635257,-38.714287263629465,-44.59999874585883,1.6292961314320564,4.6511623135099045,6.77966493939286
24728,AMPIO PHARMACEUTICALS INC,Ampio Pharma Announces FDA Approval of the Company's Special Protocol Assessment,3,increase,0.8,0.6,,144,33,2.0,2019-06-14,12789.0,11.11110970377922,-31.442856788635257,-38.714287263629465,-44.59999874585883,1.6292961314320564,4.6511623135099045,6.77966493939286
24736,ABERCROMBIE & FITCH CO,Abercrombie & Fitch Announces 5M Buyback,3,increase,0.75,0.6,,144,33,2.0,2019-06-14,83976.0,0.9120481088757516,3.5506851971149445,4.58360867070553,3.550685146952115,0.7879241369664669,-1.0315915139785137,-0.4539539324287633
24744,AON PLC NEW,Atlantic Equities Downgrades Aon to Neutral,3,decrease,0.75,0.6,,132,34,0.0,2019-06-14,61735.0,0.5693810060620308,-1.0222253389656544,0.6605209150448488,1.1637666250177148,0.2378042321652174,0.1214018047460907,-0.6234622923648403
24752,AMPHENOL CORP NEW,"Amphenol shares are trading lower in sympathy with Broadcom, which reported weak Q2 results and cut FY19 guidance on Thursday.",3,decrease,0.8,0.6,,154,34,0.0,2019-06-14,84769.0,-2.673130668699741,-0.8483595214784145,1.5306949677048598,1.9878013100318448,1.4980100095272064,1.413019152948336,2.910247316804959
24760,AMPHENOL CORP NEW,"Edward Jones Analyst David Heger, When Asked About Amphenol Weakness, Tells Benzinga Weakness Is Likely Related To Broadcom Earnings Call In Which Co. Lowered FY19 Guidance Due To Slowing Customer Activity, Huawei Ban And Trade Tensions",3,decrease,0.8,0.6,,181,34,0.0,2019-06-14,84769.0,-2.673130668699741,-0.8483595214784145,1.5306949677048598,1.9878013100318448,1.4980100095272064,1.413019152948336,2.910247316804959
24768,ASHLAND INC 2022,"JP Morgan Downgrades Ashland Global Holdings to Neutral, Announces $82 Price Target",3,decrease,0.8,0.6,,145,34,0.0,2019-06-14,24272.0,-2.297410927712917,-1.1501616798341274,-0.9584664356372286,2.198084559878355,0.8436139672994614,2.1556056205847662,1.7274138687811913
24776,ASTRONICS CORP,Astronics shares are trading lower after SunTrust Robinson Humphrey downgraded the company from Hold to Sell.,3,decrease,0.85,0.7,,147,34,0.0,2019-06-14,15457.0,-10.66742092370987,-1.608210988342762,-1.0003809489464557,1.861467844198672,1.9607895985245705,2.934331924659106,4.565886534296237
24784,ASTRONICS CORP,SunTrust Robinson Humphrey Downgrades Astronics to Sell,3,decrease,0.85,0.7,,138,34,0.0,2019-06-14,15457.0,-10.66742092370987,-1.608210988342762,-1.0003809489464557,1.861467844198672,1.9607895985245705,2.934331924659106,4.565886534296237
24792,BROADCOM INC,Analysts: Broadcom's Reduced Outlook Due More To Caution Than Broader Weakness,3,uncertain,0.6,0.3,,140,34,1.0,2019-06-14,93002.0,-5.56798167526722,0.0150447653140872,4.027374798706074,9.293476537030232,0.6720674689859152,-0.6596675639200522,0.4996230980156557
24800,BROADCOM INC,"UPDATE: KeyBanc Maintains Overweight On Broadcom, Lowers Target To $310 As Firm Notes 'we believe the benefits of M&A (CA) will limit EPS downside in the current downturn and like the long-term opportunities in wireless and data center'",3,increase,0.75,0.6,,174,29,2.0,2019-06-14,93002.0,-5.56798167526722,0.0150447653140872,4.027374798706074,9.293476537030232,0.6720674689859152,-0.6596675639200522,0.4996230980156557
24808,BROADCOM INC,"Citigroup Maintains Buy on Broadcom, Lowers Price Target to $300",3,uncertain,0.6,0.3,,138,34,1.0,2019-06-14,93002.0,-5.56798167526722,0.0150447653140872,4.027374798706074,9.293476537030232,0.6720674689859152,-0.6596675639200522,0.4996230980156557
24816,BROADCOM INC,"Deutsche Bank Maintains Buy on Broadcom, Lowers Price Target to $315",3,uncertain,0.6,0.2,,139,30,1.0,2019-06-14,93002.0,-5.56798167526722,0.0150447653140872,4.027374798706074,9.293476537030232,0.6720674689859152,-0.6596675639200522,0.4996230980156557
24824,BROADCOM INC,"JP Morgan Maintains Overweight on Broadcom, Lowers Price Target to $350",3,uncertain,0.6,0.2,,139,30,1.0,2019-06-14,93002.0,-5.56798167526722,0.0150447653140872,4.027374798706074,9.293476537030232,0.6720674689859152,-0.6596675639200522,0.4996230980156557
24832,BROADCOM INC,"BMO Capital Maintains Market Perform on Broadcom, Lowers Price Target to $260",3,decrease,0.75,0.6,,140,34,0.0,2019-06-14,93002.0,-5.56798167526722,0.0150447653140872,4.027374798706074,9.293476537030232,0.6720674689859152,-0.6596675639200522,0.4996230980156557
24840,BROADCOM INC,"Barclays Maintains Overweight on Broadcom, Lowers Price Target to $315",3,uncertain,0.6,0.2,,140,34,1.0,2019-06-14,93002.0,-5.56798167526722,0.0150447653140872,4.027374798706074,9.293476537030232,0.6720674689859152,-0.6596675639200522,0.4996230980156557
24848,BROADCOM INC,"UBS Maintains Buy on Broadcom, Lowers Price Target to $310",3,uncertain,0.6,0.2,,138,34,1.0,2019-06-14,93002.0,-5.56798167526722,0.0150447653140872,4.027374798706074,9.293476537030232,0.6720674689859152,-0.6596675639200522,0.4996230980156557
24856,BROADCOM INC,Broadcom shares are trading lower after the company reported worse-than-expected Q2 sales results; the company also cut its FY19 sales guidance below analyst estimates. Charter Equity also downgraded the company's stock from Buy to Market Perform.,3,decrease,0.85,0.7,,168,34,0.0,2019-06-14,93002.0,-5.56798167526722,0.0150447653140872,4.027374798706074,9.293476537030232,0.6720674689859152,-0.6596675639200522,0.4996230980156557
24864,BROADCOM INC,Charter Equity Downgrades Broadcom to Market Perform,3,decrease,0.8,0.6,,133,34,0.0,2019-06-14,93002.0,-5.56798167526722,0.0150447653140872,4.027374798706074,9.293476537030232,0.6720674689859152,-0.6596675639200522,0.4996230980156557
24872,BROADCOM INC,"KeyBanc Maintains Overweight on Broadcom, Lowers Price Target to $310",3,uncertain,0.6,0.3,,140,34,1.0,2019-06-14,93002.0,-5.56798167526722,0.0150447653140872,4.027374798706074,9.293476537030232,0.6720674689859152,-0.6596675639200522,0.4996230980156557
24880,BROADCOM INC,Summit Insights Group Upgrades Broadcom to Buy,3,increase,0.85,0.7,,132,33,2.0,2019-06-14,93002.0,-5.56798167526722,0.0150447653140872,4.027374798706074,9.293476537030232,0.6720674689859152,-0.6596675639200522,0.4996230980156557
24888,BROADCOM INC,"5 Stocks To Watch For June 14, 2019",3,uncertain,0.5,0.5,,134,34,1.0,2019-06-14,93002.0,-5.56798167526722,0.0150447653140872,4.027374798706074,9.293476537030232,0.6720674689859152,-0.6596675639200522,0.4996230980156557
24896,ASTRAZENECA PLC,Astrazeneca Says Lokelma Showed Efficacy Treating Hyperkalaemia Patients,3,increase,0.8,0.6,,146,33,2.0,2019-06-14,79363.0,-0.6013572681695223,0.7814504206180573,4.260152469737988,4.058484181042932,-0.050088798161596,1.3201332226295823,0.808284168565554
24904,BARNES GROUP INC,Barnes Group shares are trading lower after analysts at SunTrust Robinson Humphrey downgraded the stock from Hold to Sell and cut the price target from $53 to $48.,3,decrease,0.85,0.7,,159,34,0.0,2019-06-14,39693.0,-5.673125758767128,-0.5279083736240864,1.696828259292471,6.221718025880918,1.5531888231635094,1.0240742377648715,1.5531888330043042
24912,BARNES GROUP INC,"SunTrust Robinson Humphrey Downgrades Barnes Gr to Sell, Lowers Price Target to $48",3,decrease,0.85,0.7,,144,34,0.0,2019-06-14,39693.0,-5.673125758767128,-0.5279083736240864,1.696828259292471,6.221718025880918,1.5531888231635094,1.0240742377648715,1.5531888330043042
24920,BLUEBIRD BIO INC,Bluebird Bio shares are trading lower after the company presented data for its LentiGlobin gene therapy for sickle cell disease.,3,decrease,0.8,0.6,,149,34,0.0,2019-06-14,13947.0,-5.066966637969017,4.283522814512253,1.878292312366492,8.108101822438263,5.516774579882622,4.626037000047711,4.758689062897337
24928,BLUEBIRD BIO INC,bluebird bio Presents New Data for LentiGlobin Gene Therapy for Sickle Cell Disease at #EHA19,3,increase,0.75,0.6,,147,33,2.0,2019-06-14,13947.0,-5.066966637969017,4.283522814512253,1.878292312366492,8.108101822438263,5.516774579882622,4.626037000047711,4.758689062897337
24936,BRISTOL MYERS SQUIBB CO,Bristol-Myers Squibb Gives Updated Efficacy Data from its Phase 2 Trial Data of Emplicity,3,uncertain,0.6,0.3,,156,34,1.0,2019-06-14,19393.0,0.4859487060457468,1.366689894348383,3.742638280620114,-4.646768198620721,-0.6298535037785769,0.981444186924274,2.8689492615594503
24944,CASEYS GENERAL STORES INC,"JP Morgan Maintains Neutral on Casey's General Stores, Raises Price Target to $152",3,increase,0.7,0.5,,143,33,2.0,2019-06-14,21742.0,-0.2035574056208134,1.019873097538948,1.348863816538981,2.6385116067958903,1.601170189678669,4.030325763753706,14.469333351910407
24952,CAMECO CORP,Cameco Option Alert: Dec 20 $11 Calls Sweep (20) near the Ask: 1000 @ $0.901 vs 2370 OI; Earnings 7/24 After Close [est] Ref=$10.355,3,increase,0.75,0.6,,174,33,2.0,2019-06-14,83188.0,-0.7692300714552401,-0.7751930970698595,3.0038799682051476,3.972866599405122,1.8609166145324707,1.9607825409469593,2.1610934420698946
24960,CHARTER COMMUNICATIONS INC NEW,"Rosenblatt Initiates Coverage On Charter Communications with Buy Rating, Announces $480 Price Target",3,increase,0.85,0.7,,148,33,2.0,2019-06-14,12308.0,0.6055592093616724,0.5075547844171524,0.6656844637800141,0.7906564885810541,-0.3681364236399531,-0.4902495522491112,-1.439013273721068
24968,CHEETAH MOBILE INC,Cheetah Mobile Q1 Sales $161.764M Beat $155.06M Estimate,3,increase,0.8,0.6,,143,29,2.0,2019-06-14,14618.0,-5.2896734327077874,-1.861700415611267,4.401621289673585e-08,-5.585107196907546,-1.975312642753124,-4.337351022948521,-4.1062765246205775
24976,COMCAST CORP NEW,"Rosenblatt Initiates Coverage On Comcast with Buy Rating, Announces $50 Price Target",3,increase,0.8,0.6,,141,29,2.0,2019-06-14,89525.0,1.487173791974783,0.5908768624067307,2.9543842884846683,-0.0709113485730439,0.5790057126432657,1.1402169049405275,0.9687520480011758
24984,CENTERPOINT ENERGY INC,"Morgan Stanley Maintains Equal-Weight on CenterPoint Energy, Raises Price Target to $31",3,increase,0.7,0.5,,140,29,2.0,2019-06-14,21792.0,1.230350695550442,-0.067523488542065,1.012826600866057,-3.3423416942316986,0.9661859832704068,2.164807464670182,1.1756575362805943
24992,COMMSCOPE HOLDING CO INC,"Raymond James Downgrades CommScope Holding Co to Outperform, Lowers Price Target to $21",3,decrease,0.75,0.6,,149,34,0.0,2019-06-14,14239.0,-3.048780560493469,-0.5660327151417732,0.6918278690888346,-1.0691827264561526,0.9230745956301688,-0.7263972499207849,-1.91387381279301
25000,DUCOMMUN INC DE,"SunTrust Robinson Humphrey Downgrades Ducommun to Hold, Lowers Price Target to $45",3,decrease,0.8,0.6,,144,34,0.0,2019-06-14,63132.0,-6.575867533683777,-3.7585455924272537,1.480632351006106,2.665143552915561,1.490286085754633,2.063424739374553,4.982134688502815
25008,DIGI INTERNATIONAL INC,Digi International Announces a $20M+ Product and Service Order,3,increase,0.8,0.6,,135,33,2.0,2019-06-14,75831.0,2.9590962454676633,-1.8596811220049856,0.4226557388901542,7.185125509188106,0.3493446623906493,0.2617777848177294,-0.1737659157483251
25016,DIGITAL ALLY INC NEW,Digital Ally shares are trading higher after the company announced an agreement to provide body cameras to the Kansas City Chiefs Security.,3,increase,0.75,0.6,,146,29,2.0,2019-06-14,92521.0,6.614789366722107,5.839418992400169,-43.430660506964905,-47.08029189584255,2.799997292459011,-1.5325655421935425,-2.651521397594847
25024,DIGITAL ALLY INC NEW,Digital Ally Announces Agreement to Provide Body Cameras to the Kansas City Chiefs Security,3,increase,0.75,0.6,,138,33,2.0,2019-06-14,92521.0,6.614789366722107,5.839418992400169,-43.430660506964905,-47.08029189584255,2.799997292459011,-1.5325655421935425,-2.651521397594847
25032,DIANA SHIPPING INC,Diana Shipping Commences Self Tender Offer to Purchase Up to 2M Shares at $3.25/Share,3,increase,0.75,0.6,,145,33,2.0,2019-06-14,90630.0,7.094595581293106,-1.2618283741176128,1.892742637785294,4.416399512893454,0.0,-0.6711402907967567,-0.3367000175109047
25040,DIANA SHIPPING INC,"Diana Shipping Inc. Announces the Sale Of Panamax Dry Bulk Vessel, The m/v Thetis For $6.4M",3,increase,0.7,0.5,,148,33,2.0,2019-06-14,90630.0,7.094595581293106,-1.2618283741176128,1.892742637785294,4.416399512893454,0.0,-0.6711402907967567,-0.3367000175109047
25048,DUKE ENERGY CORP NEW,"Morgan Stanley Maintains Equal-Weight on Duke Energy, Raises Price Target to $100",3,increase,0.7,0.5,,143,29,2.0,2019-06-14,27959.0,1.267726346850395,0.0910369853954762,1.8891498837810603,0.4210710736307188,0.1384825329296291,1.3194737283698688,0.5562588705015914
25056,ENTERGY CORP NEW,"Morgan Stanley Maintains Overweight on Entergy, Raises Price Target to $109",3,increase,0.8,0.6,,140,29,2.0,2019-06-14,24010.0,1.009705290198326,-0.2744009951129555,2.1756185108220194,0.8722063793434431,-0.2862510271370411,1.527634767177588,1.171755760913018
25064,ISHARES INC,"Statement From White House Shows Pres Trump Spoke With Japan's Abe Fri. About His Recent Trip To Iran, On Oil Tanker Attacks In Gulf Of Oman",3,uncertain,0.6,0.3,,154,34,1.0,2019-06-14,83225.0,-0.2585877198725939,0.2912780735641718,1.7675256354191538,1.9917706099849888,-0.1107036368921399,-1.2224082919973789,-0.8969461601708084
25072,ISHARES TRUST,UK Officials See 'Almost' Certainty A Branch Of Iranian Military Attacked 2 Tankers In Gulf Of Oman Thurs.,3,decrease,0.8,0.6,,146,34,0.0,2019-06-14,14907.0,-0.8546971715986729,-0.2757839858531952,1.5241831955115304,2.0610082433420995,0.1222405233420431,-0.6369514358165795,-0.121953992706425
25080,ISHARES TRUST,"Reuters Poll Shows 25% of Economists Expect a Disorderly UK Exit from the European Union, Up From 15% in May",3,decrease,0.75,0.6,,149,34,0.0,2019-06-14,14907.0,-0.8546971715986729,-0.2757839858531952,1.5241831955115304,2.0610082433420995,0.1222405233420431,-0.6369514358165795,-0.121953992706425
25088,ISHARES INC,Mexican Economy Minister Says Mexico Ready With Retaliation List If United States Imposes Tariffs,3,decrease,0.75,0.6,,141,34,0.0,2019-06-14,83223.0,-0.738746440038085,-0.4011758137494325,1.4168271468299132,-0.1710437963782785,-0.5565450061112642,-0.9534375307790444,-0.4235453637271069
25096,ISHARES INC,"Mexican Immigration Official Says US Has Increased Returns Of Asylum Seekers To Mexico Through El Paso, Texas Port Of Entry To Around 200 Per Day",3,uncertain,0.5,0.2,,152,34,1.0,2019-06-14,83223.0,-0.738746440038085,-0.4011758137494325,1.4168271468299132,-0.1710437963782785,-0.5565450061112642,-0.9534375307790444,-0.4235453637271069
25104,ISHARES INC,Mexican Official Says Head Of Nation's National Immigration Institute Resigned,3,uncertain,0.4,0.2,,135,34,1.0,2019-06-14,83223.0,-0.738746440038085,-0.4011758137494325,1.4168271468299132,-0.1710437963782785,-0.5565450061112642,-0.9534375307790444,-0.4235453637271069
25112,ISHARES INC,Mexico's Foreign Minister Ebrard Says Human Smuggling Is $6B Annual Business On Route Between Central America To The United States,3,uncertain,0.6,0.2,,148,34,1.0,2019-06-14,83223.0,-0.738746440038085,-0.4011758137494325,1.4168271468299132,-0.1710437963782785,-0.5565450061112642,-0.9534375307790444,-0.4235453637271069
25120,ISHARES INC,Trump Says Will Bring Back Former ICE Director Tom Homan To Be Border Czar,3,uncertain,0.4,0.2,,138,34,1.0,2019-06-14,83223.0,-0.738746440038085,-0.4011758137494325,1.4168271468299132,-0.1710437963782785,-0.5565450061112642,-0.9534375307790444,-0.4235453637271069
25128,ISHARES INC,Mexico's Ebrard Says Mexico Has Not Accepted That The United States Send An 'Undetermined Number' Of Asylum Seekers To Mexico; Says Mexico Will Discuss With US On Friday Which Nationalities Can Be Sent Back To Mexico Under Asylum Return Program,3,uncertain,0.6,0.3,,173,34,1.0,2019-06-14,83223.0,-0.738746440038085,-0.4011758137494325,1.4168271468299132,-0.1710437963782785,-0.5565450061112642,-0.9534375307790444,-0.4235453637271069
25136,FORD MOTOR CO DEL,"'Volkswagen-Ford deal on self-driving, electric cars appear imminent' -Electrek",3,increase,0.75,0.6,,142,33,2.0,2019-06-14,25785.0,-0.795237347483635,0.7014093454927206,0.1002027110411418,2.5050100663429165,2.131979912519455,1.4112936985029911,2.4439992813934497
25144,FASTENAL CO,Fastenal shares are trading lower after Buckingham Research maintained a Neutral rating on the stock and lowered the price target from $32 to $31.,3,decrease,0.8,0.6,,149,34,0.0,2019-06-14,11618.0,-3.2997246831655502,-0.9794612415134908,3.001576034790099,2.969985767098282,1.425469759851694,1.1746556514554252,0.2757358067261739
25152,FASTENAL CO,"Buckingham Research Maintains Neutral on Fastenal, Lowers Price Target to $31",3,decrease,0.75,0.5,,139,34,0.0,2019-06-14,11618.0,-3.2997246831655502,-0.9794612415134908,3.001576034790099,2.969985767098282,1.425469759851694,1.1746556514554252,0.2757358067261739
25160,FIRST TR EXCH TRD ALPHADEX FD II,FCA Signs Partnerships with ENEL X and ENGIE Group for New E-Mobility Solutions,3,increase,0.7,0.6,,155,33,2.0,2019-06-14,12651.0,-0.6273803301155567,0.0987151754088699,2.4284294005656015,3.613026518117723,0.1093852217309176,-0.7704248963609994,1.0782455444264594
25168,FEDEX CORP,USPS Changes Parcel Pricing Strategy; Shipper Impact Unclear,3,uncertain,0.6,0.3,,134,34,1.0,2019-06-14,60628.0,-0.676039792597294,-0.5044070538133383,0.8811930397770729,0.1734666337397161,2.664685621857643,3.9074232089008953,2.3665359515792517
25176,FEDEX CORP,Xinhua Reported China Sent Official Inquiry to FedEx Regarding Parcels Delivery,3,uncertain,0.6,0.3,,137,34,1.0,2019-06-14,60628.0,-0.676039792597294,-0.5044070538133383,0.8811930397770729,0.1734666337397161,2.664685621857643,3.9074232089008953,2.3665359515792517
25184,FRONTLINE PLC,Frontline Reports 23 Crew Members Onboard Are Unharmed After Being Rescued By Cargo Vessel Hyundai Dubai & Carried By Iranian Naval Vessel To Port City Of Jask,3,uncertain,0.6,0.2,,156,34,1.0,2019-06-14,89139.0,-4.881099984049797,0.1315819565206766,9.8684272127876,5.263159412730523,10.664819926023483,3.0967714994887485,4.172095288859445
25192,GENPACT LTD,"Needham Initiates Coverage On Genpact with Buy Rating, Announces $44 Price Target",3,increase,0.8,0.6,,138,33,2.0,2019-06-14,92261.0,0.5437758751213551,0.4597133025527,2.190376847295772,3.00162409718907,-0.5677288398146629,-0.0543491000546292,0.17650363167232
25200,GENERAL DYNAMICS CORP,"Morgan Stanley Maintains Underweight on General Dynamics, Raises Price Target to $171",3,uncertain,0.6,0.2,,142,34,1.0,2019-06-14,12052.0,-0.4013041965663433,0.30948834028095,3.6087548744360376,6.172267064815085,1.1173895560204985,1.302071962673779,-0.8362632675351978
25208,C G I INC,CGI Offers to Acquire SCISYS for 254.15 Pence/Share,3,increase,0.75,0.6,,138,33,2.0,2019-06-14,86372.0,-0.0393375026760622,0.7477366831153631,0.5116087951343884,0.7083737104788712,0.913063995540142,1.382612227893687,1.20770232056846
25216,GASLOG PARTNERS LP,GasLog Partners Announces a 3.5 Year Charter For the GasLog Shanghai,3,increase,0.75,0.6,,140,33,2.0,2019-06-14,14643.0,0.7644522003829479,0.3793263342231512,1.9914654743891311,0.6638187494794945,2.799605578184128,1.355935612636272,0.8674714215086476
25224,GRAINGER W W INC,W.W. Grainger shares are trading lower after analysts at Morgan Stanley maintained an Underweight rating on the stock and lowered the price target from $273 to $258.,3,decrease,0.85,0.7,,159,34,0.0,2019-06-14,52695.0,-2.645133063197136,0.0293791643343865,0.6094888404902354,-1.5163660646128063,1.71242393553257,1.9459208270992567,1.664371346281146
25232,GRAINGER W W INC,"Morgan Stanley Maintains Underweight on W.W. Grainger, Lowers Price Target to $258",3,decrease,0.75,0.6,,146,34,0.0,2019-06-14,52695.0,-2.645133063197136,0.0293791643343865,0.6094888404902354,-1.5163660646128063,1.71242393553257,1.9459208270992567,1.664371346281146
25240,HARMONIC INC,Harmonic shares are trading higher after Raymond James upgraded the company's stock from Market Perform to Outperform and announced a $6.75 price target.,3,increase,0.85,0.7,,153,29,2.0,2019-06-14,81621.0,8.823534846305847,0.0,0.9008957563914066,-1.9119716920812383e-08,0.1964587718248367,-1.1627896299167273,-1.5444001283845932
25248,HARMONIC INC,"Raymond James Upgrades Harmonic to Outperform, Announces $6.75 Price Target",3,increase,0.8,0.6,,142,33,2.0,2019-06-14,81621.0,8.823534846305847,0.0,0.9008957563914066,-1.9119716920812383e-08,0.1964587718248367,-1.1627896299167273,-1.5444001283845932
25256,HOUSTON AMERICAN ENERGY CORP,Houston American Energy Says its Frost #1-H Well Has Been Put into Production,3,increase,0.75,0.6,,145,29,2.0,2019-06-14,91379.0,5.127017945051193,-2.5043902918696404,-5.052718138605162,-10.676623295505705,-0.138378725387156,-1.5909088971887475,-2.036199792143567
25264,I G C PHARMA INC,"India Globalization Capital Subsidiary Secures Hemp Cultivation, Harvesting License In Arizona",3,increase,0.75,0.6,,146,33,2.0,2019-06-14,91201.0,48.21785986423492,-4.761900380253792,29.365078859318498,30.158727771768447,-0.7356413174420595,1.9689690429039783,-2.29859115790757
25272,I G C PHARMA INC,"India Globalization Capital shares are trading higher after the company announced its subsidiary, Holi Hemp, has been approved to participate in Arizona's Industrial Hemp program.",3,increase,0.75,0.6,,158,29,2.0,2019-06-14,91201.0,48.21785986423492,-4.761900380253792,29.365078859318498,30.158727771768447,-0.7356413174420595,1.9689690429039783,-2.29859115790757
25280,I G C PHARMA INC,India Globalization Capital Shares Rise 40% Premarket; Co Announced Late Thursday its Subsidiary Holi Hemp has been Approved to Participate in Arizona's Industrial Hemp Program,3,increase,0.85,0.4,,163,29,2.0,2019-06-14,91201.0,48.21785986423492,-4.761900380253792,29.365078859318498,30.158727771768447,-0.7356413174420595,1.9689690429039783,-2.29859115790757
25288,ISHARES TRUST,"Fitch, On US Building Product Sector, Says Pricing Actions, Supply Chain And Cost Reduction Initiatives Will Help Offset Effect Of Tariffs; Says US Building Product Sector FCF Should Remain Meaningfully Positive In 2019",3,increase,0.75,0.6,,167,33,2.0,2019-06-14,91220.0,0.7708197925239801,-0.8796494454145432,-2.539319297714837,-2.4116448779744615,1.40697518363595,1.433409544878872,0.386891150111901
25296,JETBLUE AIRWAYS CORP,JetBlue's CEO Encourages Boeing to Work on its Midsize Plane,3,increase,0.7,0.5,,143,33,2.0,2019-06-14,89353.0,-0.4629637580364943,0.2067132154479622,-3.927649760482166,-4.444447642812199,1.0395050048828125,1.8334225972036933,6.52055099039337
25304,JOHNSON & JOHNSON,Janssen Reports Top-Line Phase 3 Results For Tremfya In Adults With Active Psoriatic Arthritis,3,increase,0.75,0.6,,146,33,2.0,2019-06-14,22111.0,-0.4406298976391554,-0.4639830905944109,1.4276537072370088,-0.5781979722253139,-0.6846315693110228,0.6653369259716824,1.215654161430213
25312,KARYOPHARM THERAPEUTICS INC,Karyopharm Reports New and Updated Selinexor Combination Data from the Phase 1b/2 STOMP Study at the European Hematology Association 2019 Annual Meeting,3,increase,0.75,0.6,,173,33,2.0,2019-06-14,14316.0,-0.6956514902412891,4.903673008084297,12.60945359811112,4.903673086551108,5.893189460039139,3.4172674227354483,-2.3769075017900265
25320,L L FLOORING HOLDINGS INC,Lilly Highlights Presentation Of Results For Taltz Humira In A Head-To-Head Superiority Study In Patients With Active Psoriatic Arthritis At The European Congress Of Rheumatology,3,uncertain,0.2,0.1,,165,29,1.0,2019-06-14,92400.0,-0.0952402770053595,-2.8598684817552567,6.577698293557832,10.104865812756335,-4.458596557378769,-5.575538390298895,-5.405408453211502
25328,LOCKHEED MARTIN CORP,"Morgan Stanley Maintains Equal-Weight on Lockheed Martin, Raises Price Target to $356",3,increase,0.75,0.2,,146,29,2.0,2019-06-14,21178.0,0.3036633832380176,-0.4141235258430242,2.633223841303578,3.8270386061857176,1.0332484729588032,1.4649395200335924,-0.7167291155102617
25336,LOUISIANA PACIFIC CORP,"BMO Capital Upgrades Louisiana-Pacific to Outperform, Raises Price Target to $28",3,increase,0.8,0.6,,147,29,2.0,2019-06-14,56223.0,3.2569337636232385,-0.6230523809790611,-1.518689253988348,2.1027997472981452,1.0975628159940245,3.711431747774108,3.4956310760334564
25344,MASTERCARD INC,"Report: Facebook's Planned Cryptocurrency Has Visa, PayPal, Others On Board",3,uncertain,0.6,0.3,,139,34,1.0,2019-06-14,91233.0,-0.4211355466395617,-0.3460183972492814,1.680121086353581,1.7031881736491616,-1.004356238991022,-0.9330165825664484,-1.8414106729847224
25352,MATSON INC,Matson Raises Quarterly Dividend From $0.21 To $0.22/Share,3,increase,0.75,0.5,,137,33,2.0,2019-06-14,11691.0,-2.347921766340733,2.677604928612709,1.202192568595084,6.147541338961671,2.320498041808605,3.023635040333894,1.9032103445433937
25360,MCDONALDS CORP,"Stifel Earlier Maintained Hold on McDonald's, Raised Price Target to $200",3,increase,0.75,0.6,,144,29,2.0,2019-06-14,43449.0,0.391211174428463,-0.7209293078631163,-0.5017286902344154,1.1544694015599433,-0.2147012157365679,0.6051416922369546,1.584700588030974
25368,MCKESSON H B O C INC,Change Healthcare Sets Terms For $750M IPO,3,uncertain,0.6,0.3,,141,34,1.0,2019-06-14,81061.0,-1.268163416534662,0.5257995333522558,-0.0525857157498088,0.9464392491473684,0.611843029037118,1.689283618872328,1.574385147043933
25376,METHODE ELECTRONICS INC,Methode Electronics Announces Brunswick's Former Chairman and CEO Joins its Board,3,increase,0.7,0.5,,142,33,2.0,2019-06-14,53197.0,-3.4074075520038596,-0.0383444363251328,1.2269928899609983,9.54754542917815,2.544626221060753,1.6566285505523748,2.700643022105065
25384,MERCK & CO INC NEW,"JP Morgan Maintains Overweight on Merck & Co, Raises Price Target to $93",3,increase,0.8,0.6,,144,29,2.0,2019-06-14,22752.0,0.5186939146369696,0.6281762383878231,2.16235920486183,1.292582467029857,-0.9676233865320684,-0.0964109276896052,0.509212171560125
25392,NATHANS FAMOUS INC NEW,"Nathan's Famous Q4 EPS $0.59 Up From $0.28 YoY, Sales $22.13M Up From $19.906M YoY",3,increase,0.85,0.7,,164,33,2.0,2019-06-14,78900.0,4.110218957066536,-0.0887144182343036,1.7300010114021047,16.101509660578085,1.3416546396911144,1.215329960361644,1.7065917666947206
25400,NAVIDEA BIOPHARMACEUTICALS INC,Navidea Biopharmaceuticals shares are trading lower after the company announced a common stock offering of 8 million shares at $0.75 per share.,3,decrease,0.85,0.7,,166,34,0.0,2019-06-14,78066.0,-31.36226236820221,-0.0293992343358695,1.3525485833841169,-7.277269772371275,-1.8811875954270365,-14.568963095284392,-15.299142217855866
25408,NAVIDEA BIOPHARMACEUTICALS INC,Navidea Biopharmaceuticals Prices 8M Share Public Offering of Common Stock @$0.75/Share,3,decrease,0.75,0.6,,158,34,0.0,2019-06-14,78066.0,-31.36226236820221,-0.0293992343358695,1.3525485833841169,-7.277269772371275,-1.8811875954270365,-14.568963095284392,-15.299142217855866
25416,NORDSON CORP,Nordson Announces Sundaram Nagarajan President and CEO,3,uncertain,0.6,0.3,,134,34,1.0,2019-06-14,57809.0,-2.786709554493427,-0.6455551367253065,4.303724575003476,8.599756323737772,0.4578209016472101,0.2321497754468104,-0.5350384014828125
25424,NEXTERA ENERGY INC,"Morgan Stanley Maintains Overweight on NextEra Energy, Raises Price Target to $207",3,increase,0.85,0.7,,143,33,2.0,2019-06-14,24205.0,1.069493778049946,-0.2850848250091076,0.2850774346840445,-1.0146918302728514,0.1075537642464041,1.3863460172454989,0.6636545797723326
25432,NETFLIX INC,Netflix To Report Q2 Earnings Wednesday Jul. 17 At Approximately 4:00 p.m. ET,3,uncertain,0.6,0.5,,143,34,1.0,2019-06-14,89393.0,-1.077361218631268,3.205481916666031,8.677473026824112,8.121153439575002,-0.6163922138512135,-2.231900401002185,-2.437435528189835
25440,NETFLIX INC,"A Top Technical Analyst's Take On Disney, Netflix",3,uncertain,0.5,0.3,,132,25,1.0,2019-06-14,89393.0,-1.077361218631268,3.205481916666031,8.677473026824112,8.121153439575002,-0.6163922138512135,-2.231900401002185,-2.437435528189835
25448,NORTHROP GRUMMAN CORP,"Morgan Stanley Maintains Equal-Weight on Northrop Grumman, Raises Price Target to $335",3,increase,0.7,0.5,,148,29,2.0,2019-06-14,24766.0,0.5851144902408123,0.0129297564853914,4.11401969345655,4.421029935373366,0.911923497915268,2.294414783295151,-1.182099021363403
25456,N R G ENERGY INC,NRG Energy Option Alert: Sep 20 $38 Calls Sweep (41) near the Ask: 1307 @ $0.9 vs 141 OI; Earnings 8/1 Before Open [est] Ref=$34.8268,3,increase,0.7,0.6,,174,33,2.0,2019-06-14,90071.0,1.045905333012342,-0.977573823183775,1.121332382385032,0.9775736258612832,-0.2318893559277057,-0.37626937139007,0.6432672856026667
25464,NOVARTIS A G,Novartis Said Combining its Asciminib with Tyrosine Kinase Inhibitors in Treatment for Leukemia Showed Promising Results,3,increase,0.8,0.6,,152,29,2.0,2019-06-14,88233.0,-0.0781333830673247,0.2681026700884104,3.3176959137116047,1.9995543615276112,0.6855394225567579,1.6912575430361176,1.552930287813581
25472,ORACLE CORP,"UBS, KeyBanc Preview Oracle's Q4, Eye Forex Impact",3,uncertain,0.6,0.3,,137,34,1.0,2019-06-14,10104.0,-1.04012144729495,-0.2815272426232695,5.330330998024269,6.925680680304036,0.4102969542145729,-0.1853883602277783,-0.3147531605242837
25480,P G & E CORP,What The California Wildfire Commission Report Means For PG&E,3,decrease,0.75,0.6,,137,25,0.0,2019-06-14,13688.0,1.038811448961496,2.164500206708908,24.242423057371234,24.025977976097312,0.2741290954872966,-4.240834819054296,-7.486087383749363
25488,PUBLIC SERVICE ENTERPRISE GP INC,"Morgan Stanley Maintains Overweight on Public Service Enterprise, Raises Price Target to $69",3,increase,0.8,0.6,,143,29,2.0,2019-06-14,23712.0,1.5999983996152882,-0.0984211917966604,0.1476380695259793,-3.510497639310317,-0.2991032088175416,1.0611438239133797,0.2171389137842538
25496,PARKER HANNIFIN CORP,"Morgan Stanley Maintains Equal-Weight on Parker Hannifin, Lowers Price Target to $175",3,decrease,0.75,0.6,,150,30,0.0,2019-06-14,41355.0,-0.9589845314621924,-1.6198791563510897,4.159299804059446,3.532054941818497,0.5823870189487934,-0.7660993455464449,-0.5995203894372358
25504,QUALCOMM INC,Chip Demand for 5G Phones Ramping Up,3,increase,0.85,0.7,,130,33,2.0,2019-06-14,77178.0,-1.730300486087799,0.5675194784998894,5.820721776402027,10.695573883094768,0.4885816946625709,-1.838851155585497,-0.8647584103846362
25512,DR REDDYS LABORATORIES LTD,"Dr. Reddy's Announces Entering into a Definitive Agreement to Sell Its Neurology Branded Products to Upsher-Smith Laboratories for $70M Upfront, $40.5M in Milestones",3,increase,0.75,0.6,,174,29,2.0,2019-06-14,88957.0,0.4334864672273396,-2.212030440568924,-2.7515523623742544,1.0790438926189916,-1.9394248723983765,-2.714809693994402,-2.612141472569829
25520,REGENERON PHARMACEUTICALS INC,"Regeneron Announces CD20xCD3 Bispecific REGN1979 Shows 'Positive' Results in Patients with Relapsed or Refractory B-cell Non-Hodgkin Lymphoma, including in CAR-T Failures",3,increase,0.85,0.7,,180,29,2.0,2019-06-14,76614.0,-0.7091350853443146,1.8804943189024923,4.920724747620286,2.542265107870078,0.4115527030080557,0.1890291653908304,1.041910737634888
25528,TRANSOCEAN LTD,Transocean shares are trading lower after Citi downgraded the stock from Buy to Neutral.,3,decrease,0.85,0.7,,142,34,0.0,2019-06-14,79237.0,-4.577460512518883,2.9520265758037567,16.051658675341663,18.26567865948636,3.272724151611328,-3.7288180207617927,-4.697990056795199
25536,TRANSOCEAN LTD,Citi Downgrades Transocean to Neutral,3,decrease,0.85,0.7,,134,34,0.0,2019-06-14,79237.0,-4.577460512518883,2.9520265758037567,16.051658675341663,18.26567865948636,3.272724151611328,-3.7288180207617927,-4.697990056795199
25544,ROGERS CORP,Rogers Corp Says Expects To Record Pension Settlement Charge At Plan Termination & Does Not Have Current Estimate Of Such Future Charge,3,decrease,0.75,0.6,,150,34,0.0,2019-06-14,35991.0,-2.847903966903687,2.657183073461056,8.049880410939569,12.672196623001163,2.1577151492238045,1.5065646687159262,-0.3917077205679353
25552,ROCKWELL AUTOMATION INC,"Morgan Stanley Maintains Underweight on Rockwell Automation, Lowers Price Target to $144",3,decrease,0.8,0.6,,144,34,0.0,2019-06-14,84381.0,-1.7450246959924702,-0.4344168584793806,3.9545149589688577,4.663644606047157,0.8418799377977848,0.1445786909114454,0.3148416730289982
25560,RED ROBIN GOURMET BURGERS INC,BTIG: Vintage Capital's Offer To Red Robin Undercooked,3,decrease,0.75,0.6,,147,34,0.0,2019-06-14,89453.0,-1.135009154677391,-1.9939573481678965,-5.287003534041479,-7.643501222437599,31.500396132469177,26.33962118741051,27.348795879081965
25568,RED ROBIN GOURMET BURGERS INC,"Maxim Group Upgrades Red Robin Gourmet Burgers to Buy, Announces $49 Price Target",3,increase,0.8,0.6,,152,33,2.0,2019-06-14,89453.0,-1.135009154677391,-1.9939573481678965,-5.287003534041479,-7.643501222437599,31.500396132469177,26.33962118741051,27.348795879081965
25576,SAGE THERAPEUTICS INC,Sage Therapeutics Announces US Drug Enforcement Administration Scheduling of ZULRESSO Injection ; On Track For Full US Commercial Launch In Late June,3,increase,0.75,0.6,,157,33,2.0,2019-06-14,14828.0,-0.8985452353954315,3.1676828861236572,4.814644499026111,5.0671422240622155,4.213833063840866,3.679239253789079,1.8535661853518848
25584,STARBUCKS CORP,Coffee Supply Chains Are Now Going The Blockchain Way,3,increase,0.75,0.6,,135,33,2.0,2019-06-14,77702.0,1.067785732448101,-1.4482446014881134,-0.4985733046507956,-0.4866999502601499,0.5064490251243114,1.1897483162940592,1.7331846115602456
25592,SCHNITZER STEEL INDUSTRIES INC,Schnitzer Steel Indus Sees Q3 EPS $0.58-0.62 vs $0.35 Est,3,increase,0.8,0.6,,157,33,2.0,2019-06-14,79866.0,-0.4793054889887571,0.7005247287452221,7.880906995917592,14.57968376901906,1.7738427966833117,0.5256278906201395,3.611743321394423
25600,SHOE CARNIVAL INC IN,Shoe Carnival Raises Quarterly Dividend From $0.080 To $0.085/Share,3,increase,0.75,0.2,,146,33,2.0,2019-06-14,79007.0,-0.0376231328118592,2.484004013240338,2.5216412869650373,3.876555089139222,4.2761873453855515,0.7199715940887419,2.230768789161486
25608,SEANERGY MARITIME HOLDINGS CORP,"Seanergy Maritime Q1 EPS $(3.23) Misses $(2.85) Estimate, Sales $16.013M Beat $12.29M Estimate",3,decrease,0.75,0.6,,167,34,0.0,2019-06-14,92380.0,-1.960786059498787,-12.292303144931791,-7.6923013252290895,-4.907691676887849,-6.619717180728912,-17.12500289402592,-27.150862695195137
25616,SEANERGY MARITIME HOLDINGS CORP,"Earnings Scheduled For June 14, 2019",3,uncertain,0.5,0.2,,145,34,1.0,2019-06-14,92380.0,-1.960786059498787,-12.292303144931791,-7.6923013252290895,-4.907691676887849,-6.619717180728912,-17.12500289402592,-27.150862695195137
25624,SYNOPSYS INC,Synopsys Replenishes Buyback Authorization To $500M,3,increase,0.75,0.6,,135,33,2.0,2019-06-14,77357.0,-0.936656817793846,-0.2243641065433621,3.2371740533371662,3.1169866313945693,-0.5996485240757465,-0.1268400586982632,-0.1901425096970221
25632,SPIRIT AEROSYSTEMS HOLDINGS INC,Spirit AeroSystems shares are trading lower after SunTrust Robinson Humphrey downgraded the company's stock  from Hold to Sell and lowered the price target from $93 to $75.,3,decrease,0.85,0.7,,169,34,0.0,2019-06-14,91594.0,-5.8309365063905725,1.4771471731364727,3.692858233417739,3.616457326487721,1.211827527731657,1.4207628739876244,-0.0598337040311314
25640,SPIRIT AEROSYSTEMS HOLDINGS INC,"SunTrust Robinson Humphrey Downgrades Spirit AeroSystems Hldgs to Sell, Lowers Price Target to $75",3,decrease,0.85,0.7,,158,34,0.0,2019-06-14,91594.0,-5.8309365063905725,1.4771471731364727,3.692858233417739,3.616457326487721,1.211827527731657,1.4207628739876244,-0.0598337040311314
25648,THERAVANCE BIOPHARMA INC,"Theravance Biopharma and Mylan Expand YUPELRI Development and Commercialization Agreement to Include China and Adjacent Territories, Theravance to Receive a $18.5M Upfront Payment",3,increase,0.75,0.6,,171,29,2.0,2019-06-14,14674.0,-4.832937940955162,4.702200368046761,3.82444933795858,2.3824461333864955,2.948400005698204,3.777093620261973,5.012532527792679
25656,TANDEM DIABETES CARE INC,"Piper Jaffray Analyst JP Kim Comments On Downside In Tandem Diabetes Fri., Tells Benzinga 'There are rumors of a short report from Wall Street Associates.'",3,decrease,0.8,0.6,,162,34,0.0,2019-06-14,14325.0,-7.961783558130264,0.4875708371400833,2.862534957882601,1.478444530743772,-1.4128698036074638,1.4539660599673043,3.2277401435466535
25664,ISHARES INC,Turkey Says Would Retaliate over U.S. Sanctions Regarding Russian S-400s,3,decrease,0.75,0.6,,140,34,0.0,2019-06-14,92600.0,-0.2647814108058809,2.4858953431248665,4.937932468740369,8.161897560413077,-2.830187976360321,-3.4100564915177767,-4.989519868289694
25672,U B S GROUP A G,Ubs Says Asks Economist Donovan To Take Leave Of Absence Amid Flap Over His Chinese Pig Comment,3,decrease,0.7,0.3,,147,34,0.0,2019-06-14,15054.0,-1.283144764602184,-0.5199342966079712,0.8665545223311311,2.686312208614039,-0.4258960019797086,-1.9295343810225796,-1.433390268074386
25680,ULTA BEAUTY INC,Todd Gordon's Ulta Beauty Options Trade,3,uncertain,0.5,0.3,,132,25,1.0,2019-06-14,92322.0,1.375031471252441,-1.249222457408905,0.3355711328411725,-2.1797926430826564,2.038967981934547,2.8822644423918575,3.785791465012056
25688,VIRCO MFG CORP,"Virco Manufacturing Q1 EPS $(0.2) Beats $(0.24) Estimate, Sales $26.89M Beat $23.2M Estimate",3,increase,0.75,0.6,,158,29,2.0,2019-06-14,59627.0,1.918463408946991,0.9411755949258804,3.764702260857744,9.882354713673314,0.0,0.7246427703648806,3.731345640484806
25696,VMWARE INC,Shares of VMware are trading lower in sympathy with the overall tech sector after Broadcom reported weak Q2 sales and cut FY19 guidance.,3,decrease,0.8,0.6,,146,34,0.0,2019-06-14,92257.0,-3.5532191395759583,-0.8437804877758026,3.030486728145565,-0.6417416497602413,-0.7959485054016113,-0.3312970268316895,1.4417831110529633
25704,WHITEHORSE FINANCE INC,WhiteHorse Finance Announces PRicing Of OFfering By Selling Shareholder; 2.35M Shares At $14/Share,3,decrease,0.7,0.5,,152,34,0.0,2019-06-14,13714.0,-3.655170649290085,0.4294879268854856,1.6621533308026182,0.9281277430607248,0.0,-0.2064675325527787,3.985523022720372e-09
25712,WOODWARD INC,SunTrust Robinson Humphrey Downgrades Woodward to Hold,3,decrease,0.8,0.6,,134,34,0.0,2019-06-14,84403.0,-3.1799718737602225,-0.5548551212996244,0.4474673433259024,1.2708124517121444,0.689234770834446,1.2013352566445867,1.5664934018684962
25720,X C E L ENERGY INC,"Morgan Stanley Maintains Equal-Weight on Xcel Energy, Raises Price Target to $60",3,increase,0.7,0.5,,144,33,2.0,2019-06-14,23931.0,0.9756064042448996,-0.2498712623491883,2.5154125452658604,-0.899545431301918,0.5628365091979504,1.9850096413446705,1.004054073411953
25728,22ND CENTURY GROUP INC,22nd Century Group Names Michael Zercher COO,3,uncertain,0.6,0.3,,137,34,1.0,2019-06-14,14523.0,-2.970294281840324,10.7142873108387,-0.5102034999900695,6.63264644553363,0.0,0.9999990463256836,-0.9803912806525704
25736,ANALOG DEVICES INC,"Goldman Sachs Upgrades Analog Devices to Buy, Raises Price Target to $114",3,increase,0.85,0.7,,140,29,2.0,2019-06-10,60871.0,5.819843709468842,-1.295171119272709,-1.360867589070236,5.959641637684432,0.720217265188694,0.8210670526482389,-0.2773088790656297
25744,AMERICAN FINANCIAL GROUP INC NEW,UPDATE: AFG Has Certain Rights Including Warrant To Buy 19.9% Of Outstanding AFH Common Stock For $0.60/Share,3,increase,0.75,0.6,,160,33,2.0,2019-06-10,60687.0,-0.0495593005325645,0.2281024819239974,2.6281874828757212,1.7058427144929889,-0.6402063649147749,-0.9037384668142524,-0.5716556443994381
25752,AMERICAN FINANCIAL GROUP INC NEW,"UPDATE: Atlas Financial Reports Deal With American Financial Group To Act As Underwriting Manager For AFG's Natinoal Interstate Unit, Transition New, Renewal Paratransit Unit To NATL Paper For Book",3,increase,0.7,0.5,,171,29,2.0,2019-06-10,60687.0,-0.0495593005325645,0.2281024819239974,2.6281874828757212,1.7058427144929889,-0.6402063649147749,-0.9037384668142524,-0.5716556443994381
25760,ADECOAGRO S A,"Citigroup Upgrades Adecoagro to Buy, Announces $8.5 Price Target",3,increase,0.85,0.7,,144,33,2.0,2019-06-10,12540.0,2.439025603234768,-1.120447088032961,-5.602242172292904,-2.5210058449156914,-0.994320586323738,-1.553674201212607,-0.853491003571083
25768,ARGAN INC,Argan shares are trading lower after the company reported worse-than-expected Q1 EPS and sales results.,3,decrease,0.85,0.7,,140,34,0.0,2019-06-10,64785.0,-2.815957181155682,-5.74948750436306,-5.749487466464709,-9.765006656714782,1.0984036140143871,-2.0842441249115495,-2.7598157324127293
25776,ARGAN INC,"Argan Q1 EPS $(1.91) May Not Compare To $(0.12) Estimate, Sales $49.54M Miss $52.6M Estimate",3,decrease,0.85,0.7,,154,34,0.0,2019-06-10,64785.0,-2.815957181155682,-5.74948750436306,-5.749487466464709,-9.765006656714782,1.0984036140143871,-2.0842441249115495,-2.7598157324127293
25784,ARMADA HOFFLER PROPERTIES INC,"Armada Hoffler Reports Commencement Of Offering Of Series A Cumulative Redeemable Perpetual Preferred Stock, No Size Disclosed",3,uncertain,0.6,0.3,,157,34,1.0,2019-06-10,13887.0,-0.0595138233620673,0.2977917436510324,2.0845649500324193,1.4294207622513433,0.5987932439893484,0.2985029272126294,1.94174576897006
25792,ARMADA HOFFLER PROPERTIES INC,Armada Hoffler Properties To Purchase Trophy Office Building In Baltimore's Harbor Point For $101M,3,increase,0.75,0.6,,149,33,2.0,2019-06-10,13887.0,-0.0595138233620673,0.2977917436510324,2.0845649500324193,1.4294207622513433,0.5987932439893484,0.2985029272126294,1.94174576897006
25800,ALLEGIANT TRAVEL CO,"Allegiant Reports May RPMs Up 9.9% YoY, ASMs Up 11% YoY",3,increase,0.8,0.6,,152,33,2.0,2019-06-10,91659.0,0.0280950363958254,0.1896230620332062,-0.0779196314047658,-4.855270475141394,-0.0070205860538408,-1.214434366719075,-0.4057836911075752
25808,AMPHENOL CORP NEW,"Morgan Stanley Maintains Overweight on Amphenol, Lowers Price Target to $108",3,uncertain,0.6,0.3,,146,30,1.0,2019-06-10,84769.0,1.030152477324009,1.4763668179512024,-0.6903892097352649,1.8095766869657304,1.3706103898584845,2.643464585762656,4.041534854323103
25816,AURINIA PHARMACEUTICALS INC,"ILJIN SNT Sends Letter To Aurinia Pharmaceuticals Shareholders, Urges Shareholders To Vote For Board Changes",3,uncertain,0.6,0.3,,159,34,1.0,2019-06-10,14924.0,-2.050475031137466,-1.1272169649600985,2.0933995108389336,-0.322060958218151,-0.4709534347057342,-2.461536175391621,-3.939390278492838
25824,BROADCOM INC,"Morgan Stanley Maintains Equal-Weight on Broadcom, Lowers Price Target to $262",3,decrease,0.75,0.5,,140,34,0.0,2019-06-10,93002.0,1.942735351622105,1.1669889092445374,-5.08189944242522,0.6032660575448157,0.7624863646924496,3.443472083497312,3.4512542920998923
25832,AMERICAN AXLE & MFG HLGDS INC,ARROW Exploration Reports Commercial Discovery At Rio Cravo Este Located On Tapir Block In Llanos Basin Of Colombia,3,uncertain,0.4,0.2,,158,29,1.0,2019-06-10,86547.0,2.4042785167694087,1.565220020711422,-1.3043444442663588,2.2608717202300177,0.627237418666482,-1.0572760183506502,-0.0889699503123009
25840,AMERICAN EXPRESS CO,6 Investing Tips For The Recent High School Grad,3,uncertain,0.5,0.2,,131,34,1.0,2019-06-10,59176.0,1.279830746352673,0.4646989051252603,-0.9864721010339416,1.2065837664918089,1.4066820032894611,2.531322260926072,3.645701505679577
25848,ASTRAZENECA PLC,"AstraZeneca Reports FARXIGA Study Showed Reduced Progression Of Kidney Disease, Renal Death In Patients with Type-2 Diabetes: 'showed a 47% reduction in the composite of kidney function decline, end-stage renal disease or renal death'",3,increase,0.85,0.7,,177,29,2.0,2019-06-10,79363.0,1.4607885852456088,-0.5051800049841404,0.9850956927826005,4.799195465623485,0.489308824762702,1.7205418493262623,1.114279156300424
25856,ALIBABA GROUP HOLDING LTD,"'Alibaba Said to Pick CICC, Credit Suisse to Lead Hong Kong Offer' -Recent Bloomberg Article",3,increase,0.75,0.6,,148,33,2.0,2019-06-10,14888.0,3.643915429711342,1.7516344785690308,0.0375336027172767,5.161088217286136,1.8019773066043856,1.701287060294998,0.0518987030852846
25864,BEASLEY BROADCAST GROUP INC,Urban One Enters Into Definitive Agreement To Sell WDMK-FM Detroit And Three Translators For $13.5M To Beasley Broadcast Group,3,increase,0.75,0.6,,161,33,2.0,2019-06-10,87589.0,-4.4910136610269555,-0.3134793136268854,-5.956114494798448,-5.3291558521762035,0.4511238075792789,2.1406707827490656,-0.29850715133517
25872,BEACON ROOFING SUPPLY INC,"UPDATE: Raymond James Maintains Outperform On Beacon Roofing Supply, Lowers Target To $40 As Firm Notes 'Weather through April and May has been particularly wet throughout much of the U.S., which we expect to pressure top-line growth in 3Q'",3,decrease,0.75,0.6,,183,34,0.0,2019-06-10,90353.0,-0.4002269823104143,-2.956368401646614,-2.324917715578434,0.3444288200476819,0.7488430477678776,0.6329149164923997,-2.4267754252959572
25880,BEACON ROOFING SUPPLY INC,"Raymond James Maintains Outperform on Beacon Roofing Supply, Lowers Price Target to $40",3,decrease,0.7,0.5,,151,34,0.0,2019-06-10,90353.0,-0.4002269823104143,-2.956368401646614,-2.324917715578434,0.3444288200476819,0.7488430477678776,0.6329149164923997,-2.4267754252959572
25888,B P PLC,US Supreme Court Takes Up Appeal By BP Unit In Dispute Over Montana Superfund Cleanup Site,3,uncertain,0.6,0.3,,138,34,1.0,2019-06-10,29890.0,-0.1423767418600619,0.6178666837513447,-3.897345886788628,0.2376389150675395,1.2737292796373367,2.680308108897389,1.885877114872847
25896,BANCO SANTANDER BRASIL S A,Goldman Sachs Initiates Coverage On Banco Santander (Brasil) with Neutral Rating,3,uncertain,0.6,0.2,,149,34,1.0,2019-06-10,93054.0,-1.385280024260283,1.3169413432478905,-2.897277500491313,5.531168621322813,0.522196851670742,1.672539971698761,-1.2820479988892577
25904,CITIGROUP INC,Behavox Wants To Use Machine Learning To Mine Your Company's Data And Make Employees More Efficient,3,uncertain,0.6,0.3,,140,34,1.0,2019-06-10,70519.0,2.176891826093197,1.132292114198208,-0.8641267061970104,0.4320632075983877,-1.1734598316252232,-0.1368141318968896,-0.2883952908277476
25912,CHICOS FAS INC,Q1 Earnings Preview For Chico's FAS,3,uncertain,0.6,0.3,,133,25,1.0,2019-06-10,78963.0,0.2941173501312733,8.21114256978035,-4.624424908830771,-0.1113893693013068,0.8902139961719513,-4.761900375079742,-8.847183047944995
25920,CIRCOR INTERNATIONAL INC,Hearing Crane Send A Demand Letter To Inspect Circor's Books,3,uncertain,0.6,0.3,,137,25,1.0,2019-06-10,87268.0,-0.8423876017332077,-0.4247677978128195,0.4247677575119235,2.2803497428693253,0.7369402330368757,1.3252474116282276,2.546030648548814
25928,COMCAST CORP NEW,US Supreme Court Agrees To Hear Bid By Comcast To Dismiss Racial Bias Lawsuit Filed By Entertainment Studio Networks,3,uncertain,0.6,0.3,,147,34,1.0,2019-06-10,89525.0,-0.4580487497150898,-0.1695318263955414,3.0758063542826397,5.594569013249684,0.8019392378628254,0.4358360814837647,0.1932319047458053
25936,CHENIERE ENERGY PARTNERS L P,"RBC Capital Downgrades Cheniere Energy Partners to Sector Perform, Announces $44 Price Target",3,decrease,0.75,0.6,,152,34,0.0,2019-06-10,91850.0,-1.526364032179117,-0.4931960720568895,-1.7379089775520051,-2.207614858402318,-0.5976973101496696,0.418022084432712,1.2172295596208915
25944,COMSTOCK RESOURCES INC,Comstock Resources shares are trading higher after the company announced it's buying Covey Park Energy for $2.2 billion in cash and stock.,3,increase,0.75,0.6,,153,33,2.0,2019-06-10,11644.0,8.80362018942833,4.356846958398819,4.979247684758459,6.846470743369237,-0.2252303762361407,2.0737251239927534,-5.543715256001547
25952,COMSTOCK RESOURCES INC,Comstock Resources Reports Purchase Of Covey Park Energy For $2.2B,3,increase,0.75,0.6,,142,33,2.0,2019-06-10,11644.0,8.80362018942833,4.356846958398819,4.979247684758459,6.846470743369237,-0.2252303762361407,2.0737251239927534,-5.543715256001547
25960,SALESFORCE INC,Domo Shares Up 14%; Needham Analyst Jack Andrews Tells Benzinga Stock Is 'trading higher in sympathy with Tableau given the news that Tableau is being acquired by Salesforce.com',3,increase,0.75,0.6,,159,33,2.0,2019-06-10,90215.0,-5.2582692354917535,-1.727861538529396,-1.6362328893799072,-0.150530711660568,1.2303099036216736,1.786166208864226,6.935884137576331
25968,SALESFORCE INC,Salesforce Buying Tableau Software For $15.7B,3,increase,0.8,0.6,,133,33,2.0,2019-06-10,90215.0,-5.2582692354917535,-1.727861538529396,-1.6362328893799072,-0.150530711660568,1.2303099036216736,1.786166208864226,6.935884137576331
25976,SALESFORCE INC,Salesforce shares trading lower following news of a nearly $17 billion deal for Tableau Software.,3,decrease,0.75,0.6,,139,34,0.0,2019-06-10,90215.0,-5.2582692354917535,-1.727861538529396,-1.6362328893799072,-0.150530711660568,1.2303099036216736,1.786166208864226,6.935884137576331
25984,SALESFORCE INC,"UPDATE: Each Share Of Tableau Class A, B Stock Will Be Exchanged For 1.103 Shares Of Salesforce Common Stock",3,increase,0.75,0.6,,147,33,2.0,2019-06-10,90215.0,-5.2582692354917535,-1.727861538529396,-1.6362328893799072,-0.150530711660568,1.2303099036216736,1.786166208864226,6.935884137576331
25992,SALESFORCE INC,Salesforce Reports Purchase Of Tableau For $15.7B In Stock,3,increase,0.75,0.6,,136,33,2.0,2019-06-10,90215.0,-5.2582692354917535,-1.727861538529396,-1.6362328893799072,-0.150530711660568,1.2303099036216736,1.786166208864226,6.935884137576331
26000,CEL SCI CORP,"CEL-SCI Shares Spike Higher Above $5.50 Level, Now Up 27.5% For Session; Co. Earlier Announced It Will Join Russell 3000 Index On July 1, 2019",3,increase,0.85,0.3,,166,33,2.0,2019-06-10,44813.0,21.96161448955536,-7.1678295731544495,6.993009422235996,51.57343305618478,4.222223535180092,6.108596762191798,-1.4705914313498547
26008,C V S HEALTH CORP,CVS shares are trading higher following the company's analyst day which highlighted cost reduction with the Aetna acquisition and growth initiatives.,3,increase,0.8,0.6,,149,29,2.0,2019-06-10,17005.0,2.058606594800949,-1.9262176007032392,-0.8904195370396883,-3.434489239988181,-0.3511410905048251,1.4105698600516805,-1.281583319079338
26016,C V S HEALTH CORP,"Tigress Financial's Ivan Feinseth, When Ask About CVS Strength, Tells Benzinga Shares Are Trading Higher After Last Week's Analyst Day In Which Co. Highlighted Growth Strategy, Including Rollout Of Health Hubs And Cost Reduction Through Aetna Acquisition",3,increase,0.75,0.6,,179,33,2.0,2019-06-10,17005.0,2.058606594800949,-1.9262176007032392,-0.8904195370396883,-3.434489239988181,-0.3511410905048251,1.4105698600516805,-1.281583319079338
26024,DOMINION ENERGY INC,Dominion Energy Reports Offer For 12.5M Series A Equity Units,3,uncertain,0.6,0.3,,139,30,1.0,2019-06-10,64936.0,-0.4881946835666895,-2.0021142438054085,1.3259082825019195,5.038455506840256,-0.7334611378610134,-1.1715360992512802,0.9619195339368058
26032,DUPONT DE NEMOURS INC,"Cowen & Co. Initiates Coverage On DuPont de Nemours with Outperform Rating, Announces $83 Price Target",3,increase,0.75,0.6,,152,29,2.0,2019-06-10,16851.0,0.1493761665187776,-0.0271140917902812,1.3559322422000752,1.2881314247477071,1.3487416319549084,-1.6297104097310888,-0.6341940329620543
26040,D L H HOLDINGS CORP,DLH Reports Purchase Of Social & Scientific Systems For $70M In Cash,3,increase,0.75,0.6,,143,33,2.0,2019-06-10,10257.0,4.525863006711006,5.154639109969139,-1.0309223455604033,7.835053259528912,-3.3333398401737213,-5.306126982049797,-0.2150588095375716
26048,DEXCOM INC,DexCom shares are trading higher on elevated volume. Not seeing any fundamental news to justify price action.,3,uncertain,0.6,0.3,,141,34,1.0,2019-06-10,90664.0,9.89045798778534,0.0650074682198464,8.595777211332534,6.659925909949216,4.378809034824371,2.0411503547889343,0.985974579263016
26056,ELECTRONIC ARTS INC,"Microsoft's Project Scarlett, EA Updates To 'Apex Legends' Highlight Opening Of E3",3,uncertain,0.6,0.3,,144,34,1.0,2019-06-10,75828.0,-1.525926124304533,-0.9737202897667884,-3.21432264482876,3.6540651376435473,0.6224696524441242,1.8267693974182595,3.038351979945464
26064,EDAP T M S S A,EDAP Announces 'Positive' Outcome From CPT Panel For HIFU Reimbursement In US,3,increase,0.8,0.6,,146,29,2.0,2019-06-10,85285.0,2.941173687577248,-1.428570132702589,-5.357138029904807,-5.689280685149889,-4.561399295926094,-5.3913033335697635,-9.333332478819312
26072,ENZO BIOCHEM INC,"Enzo Biochem Q3 Adj. EPS $(0.14) Beats $(0.15) Estimate, Sales $22.3M Beat $19.31M Estimate",3,increase,0.75,0.6,,161,29,2.0,2019-06-10,33209.0,1.149424165487289,13.06818276643753,21.59091544431808,7.670454061440091,2.052783966064453,0.8695643818806609,-2.5210060025463887
26080,E Q T CORP,"EQT Shareholders, The Rice Team, Sent Letter To Co. Shareholders 'seeking to correct a number of false claims that EQT has made in its efforts to mislead shareholders'",3,decrease,0.75,0.6,,162,34,0.0,2019-06-10,24328.0,-2.148112282156944,-3.755052760243416,-8.434425868665574,-11.14962129077476,-2.048720605671406,-0.785190109479661,-4.687494314204377
26088,ERICSSON,"Ericsson, Intellectual Ventures Sign License Agreement Ending Patent Infringement Lawsuits",3,increase,0.75,0.6,,138,33,2.0,2019-06-10,33452.0,-3.00600454211235,0.3099145833402872,-1.3429763939173167,2.066113636200839,1.9407516345381737,2.358969707589753,2.886595296145922
26096,ISHARES TRUST,Bank Of England's Saunders Says UK Businesses Are Placing More Weight On The Chance Of A Disorderly Brexit Than BOE Forecasts Assume,3,decrease,0.75,0.6,,149,34,0.0,2019-06-10,14907.0,0.1526694279164076,0.5182987544685602,-1.2487022399225944,0.8464015446342898,1.2051897123456,2.024926981299191,1.929657380363703
26104,ISHARES TRUST,UK PM Candidate Gove Says Brexit Must Be Honoured,3,uncertain,0.6,0.3,,133,34,1.0,2019-06-10,14907.0,0.1526694279164076,0.5182987544685602,-1.2487022399225944,0.8464015446342898,1.2051897123456,2.024926981299191,1.929657380363703
26112,ISHARES INC,Trump Says He Doesn't Think Mexico Will Be Denying For Very Long The Undisclosed Portion Of Immigration Agreement,3,uncertain,0.5,0.2,,143,34,1.0,2019-06-10,83223.0,2.960754930973053,0.5349929910153151,-1.5556884101117665,0.2639917083185672,0.3685783129185438,-0.3886647938005083,0.2531077005238913
26120,ISHARES INC,Trump Says We Have An Agreement On Something With Mexico That They Will Announce Very Soon,3,uncertain,0.6,0.3,,139,34,1.0,2019-06-10,83223.0,2.960754930973053,0.5349929910153151,-1.5556884101117665,0.2639917083185672,0.3685783129185438,-0.3886647938005083,0.2531077005238913
26128,ISHARES INC,"UPDATE: Pompeo Says Is Prepared To Give US, Mexico Deal 'Some Amount Of Time' To See Whether Its Working",3,uncertain,0.5,0.2,,146,34,1.0,2019-06-10,83223.0,2.960754930973053,0.5349929910153151,-1.5556884101117665,0.2639917083185672,0.3685783129185438,-0.3886647938005083,0.2531077005238913
26136,ISHARES INC,US Secretary Of State Mike Pompeo Says Expects To Have A Good Idea Within A Month Or 45 Days If Talking Points On Mexico Deal Can Be Achieved With Expected Outcomes,3,uncertain,0.6,0.3,,157,34,1.0,2019-06-10,83223.0,2.960754930973053,0.5349929910153151,-1.5556884101117665,0.2639917083185672,0.3685783129185438,-0.3886647938005083,0.2531077005238913
26144,ISHARES INC,"Mexico Foreign Minister Ebrard Says If There Are No Results On Reducing Migration Flows, Mexico Will Start Conversations With US About Mexico Becoming Safe Third Country",3,uncertain,0.6,0.3,,153,34,1.0,2019-06-10,83223.0,2.960754930973053,0.5349929910153151,-1.5556884101117665,0.2639917083185672,0.3685783129185438,-0.3886647938005083,0.2531077005238913
26152,ISHARES INC,Mexican Foreign Minister Ebrard Says No Specific Target For Reduction Of Migrant Flows In Deal,3,uncertain,0.6,0.2,,142,29,1.0,2019-06-10,83223.0,2.960754930973053,0.5349929910153151,-1.5556884101117665,0.2639917083185672,0.3685783129185438,-0.3886647938005083,0.2531077005238913
26160,ISHARES INC,Trump Says Democrats Refuse To Do Anything On Illegal Immigration,3,uncertain,0.4,0.2,,133,34,1.0,2019-06-10,83223.0,2.960754930973053,0.5349929910153151,-1.5556884101117665,0.2639917083185672,0.3685783129185438,-0.3886647938005083,0.2531077005238913
26168,ISHARES INC,Trump Says If Mexican Foreign Minister Ebrard Says There Will Be An Evaluation Of How Measures Are Working In 45 Days,3,uncertain,0.5,0.2,,146,34,1.0,2019-06-10,83223.0,2.960754930973053,0.5349929910153151,-1.5556884101117665,0.2639917083185672,0.3685783129185438,-0.3886647938005083,0.2531077005238913
26176,ISHARES INC,Mexican Foreign Minister Ebrard Says Recent Migration Negotiation With US Has Been Most Difficult Moment For Mexico,3,uncertain,0.6,0.3,,143,34,1.0,2019-06-10,83223.0,2.960754930973053,0.5349929910153151,-1.5556884101117665,0.2639917083185672,0.3685783129185438,-0.3886647938005083,0.2531077005238913
26184,ISHARES INC,"'We do not anticipate a problem with the vote but, if for any reason the approval is not forthcoming, Tariffs will be reinstated!' -Trump Tweet",3,decrease,0.75,0.6,,154,34,0.0,2019-06-10,83223.0,2.960754930973053,0.5349929910153151,-1.5556884101117665,0.2639917083185672,0.3685783129185438,-0.3886647938005083,0.2531077005238913
26192,ISHARES INC,"'We have fully signed and documented another very important part of the Immigration and Security deal with Mexico, one that the U.S. has been asking about getting for many years. It will be revealed in the not too distant future...' -Trump Tweet",3,uncertain,0.6,0.3,,171,34,1.0,2019-06-10,83223.0,2.960754930973053,0.5349929910153151,-1.5556884101117665,0.2639917083185672,0.3685783129185438,-0.3886647938005083,0.2531077005238913
26200,ISHARES INC,'Mexico Agreed to Take Border Actions Months Before Trump Announced Tariff Deal' -Saturday Article From NY Times,3,uncertain,0.6,0.2,,145,34,1.0,2019-06-10,83223.0,2.960754930973053,0.5349929910153151,-1.5556884101117665,0.2639917083185672,0.3685783129185438,-0.3886647938005083,0.2531077005238913
26208,FIRST AMERICAN FINL CORP NEW,"Fire & Flower Holdings Reports Achieved C$25M Milestone In System Sales Since Opening On Oct. 17, 2018",3,uncertain,0.5,0.1,,157,29,1.0,2019-06-10,93374.0,-0.284363073296845,0.2851740224286914,0.2281421248241599,4.619772476768813,0.3775698831304908,-0.1502347762334155,0.5103940622044112
26216,FEDEX CORP,Today's Pick-Up: FedEx And Amazon: Much Ado About Not Much,3,uncertain,0.6,0.3,,137,34,1.0,2019-06-10,60628.0,2.417410351336002,-1.482942420989275,1.1616440972555877,-0.1899997429302247,0.7459343876689672,-0.3594123523358306,-0.9837659566044988
26224,FEDEX CORP,Commentary: The Importance Of Pilots In An E-Commerce World,3,increase,0.75,0.6,,135,33,2.0,2019-06-10,60628.0,2.417410351336002,-1.482942420989275,1.1616440972555877,-0.1899997429302247,0.7459343876689672,-0.3594123523358306,-0.9837659566044988
26232,FLEETCOR TECHNOLOGIES INC,Drone Delivery Canada Names Michael Zahra CEO,3,uncertain,0.5,0.1,,138,29,1.0,2019-06-10,12449.0,2.791617996990681,0.1878145849332213,0.8489256481897023,4.8719108741627215,3.047781065106392,2.9167479878733804,2.105261725673735
26240,GAMESTOP CORP NEW,GameStop Investors Feel Some Relief Following 12M Share Dutch Auction Offer,3,increase,0.75,0.6,,138,33,2.0,2019-06-10,89301.0,8.366535604000092,5.147054046392441,4.7794073962630135,-1.2867676439067166,-2.144252136349678,-0.3968250729114331,-35.805627376640544
26248,GAMESTOP CORP NEW,GameStop shares are trading higher after the company reported that it intends to launch modified Dutch Auction Trader offer of 12 million shares at a price range of  $5.20 to $6 per share.,3,increase,0.7,0.6,,164,33,2.0,2019-06-10,89301.0,8.366535604000092,5.147054046392441,4.7794073962630135,-1.2867676439067166,-2.144252136349678,-0.3968250729114331,-35.805627376640544
26256,GAMESTOP CORP NEW,"GameStop Reports Intent To Launch Modified Dutch Auction Tender Offer Of 12M Shares At Not Greater Than $6, Not Less Than $5.20/Share",3,uncertain,0.6,0.3,,156,34,1.0,2019-06-10,89301.0,8.366535604000092,5.147054046392441,4.7794073962630135,-1.2867676439067166,-2.144252136349678,-0.3968250729114331,-35.805627376640544
26264,ALPHABET INC,The Importance Of Dataism In The Future Of Freight Hauling,3,uncertain,0.6,0.3,,134,34,1.0,2019-06-10,14542.0,1.345162000507116,-0.1536527997814119,1.1218270571856204,3.252560666519111,2.077874355018139,2.2855124808740745,1.2335586318305447
26272,ALPHABET INC,DOJ Demands Google Hand Over Data Pertinent To Roger Stone,3,uncertain,0.6,0.2,,135,34,1.0,2019-06-10,90319.0,1.346913073211908,-0.1588505925610661,1.0279290433907962,3.134576492011587,1.9670521840453148,2.271594120410425,1.3162766244515067
26280,ALPHABET INC,'Sources say @Google gearing up for epic battle w Trump DOJ over antitrust issues; Unclear if Google has been contacted by DOJ; $GOOGL believes it has a strong counterargument given past successful skirmishes with FTC any case could take years more now' -FBN's Charlie Gasparino,3,uncertain,0.6,0.3,,185,34,1.0,2019-06-10,90319.0,1.346913073211908,-0.1588505925610661,1.0279290433907962,3.134576492011587,1.9670521840453148,2.271594120410425,1.3162766244515067
26288,CHART INDUSTRIES INC,Chart Industries Reports 4.9M Share Common Stock Offering,3,decrease,0.75,0.6,,136,34,0.0,2019-06-10,91402.0,-0.7908061146736145,-6.71316385269165,-6.551254118395722,-12.305389134404589,1.5815265476703644,3.5042816207080607,2.443038429071187
26296,HEALTHEQUITY INC,"UPDATE: Raymond James Reiterates Outperform On Healthequity, Raises Target To $85 As Firm Continues 'to believe the employer sponsored HSA market is expanding and will eventually be comparable in size to the employer sponsored 401(k) market'",3,increase,0.8,0.6,,177,33,2.0,2019-06-10,14803.0,3.014400228857994,1.761535927653313,2.94074331000147,-3.1008951172016186,1.507075410336256,4.220069977009722,1.739394839521946
26304,HEALTHEQUITY INC,"Raymond James Reiterates Outperform on HealthEquity, Raises Price Target to $85",3,increase,0.8,0.6,,145,33,2.0,2019-06-10,14803.0,3.014400228857994,1.761535927653313,2.94074331000147,-3.1008951172016186,1.507075410336256,4.220069977009722,1.739394839521946
26312,HUDSON GLOBAL INC,Hudson Global Announces 1-For-10 Reverse Stock Split Effective After Market Close On Jun. 10,3,uncertain,0.6,0.3,,144,34,1.0,2019-06-10,89698.0,-2.985080517828465,-0.1538222073577344,-6.999973160903938,2.076955009976733,1.5151499770581722,1.4229503204326033,0.7518789256058866
26320,HUDSON GLOBAL INC,"Hudson Global Reports 1-For-10 Reverse Stock Split, Effective Jun. 11, 2019",3,uncertain,0.6,0.3,,145,25,1.0,2019-06-10,89698.0,-2.985080517828465,-0.1538222073577344,-6.999973160903938,2.076955009976733,1.5151499770581722,1.4229503204326033,0.7518789256058866
26328,INOVIO PHARMACEUTICALS INC,Inovio Pharmaceuticals shares are trading higher after the company was awarded $8.14 million to support further development of its commercial skin delivery device.,3,increase,0.75,0.6,,162,29,2.0,2019-06-10,86444.0,1.632651500403881,-2.409636229276657,3.614454453428517,-2.811242384698265,6.98690339922905,3.375534495940924,-1.999998030004424
26336,INOVIO PHARMACEUTICALS INC,Inovio Reports Received $8.14M Award To Support Further Development Of Its Commercial Skin Delivery Device,3,increase,0.75,0.6,,155,29,2.0,2019-06-10,86444.0,1.632651500403881,-2.409636229276657,3.614454453428517,-2.811242384698265,6.98690339922905,3.375534495940924,-1.999998030004424
26344,INTERMEDIATE PARFUMS INC,"DA Davidson Upgrades Inter Parfums to Buy, Announces $78 Price Target",3,increase,0.85,0.7,,144,29,2.0,2019-06-10,11884.0,3.2384417951107034,-1.2693357653915882,-3.180624847106106,-2.8304674107241357,1.5758855268359184,1.622527994345213,0.4539311008226576
26352,JABIL INC,Jabil Option Alert: Jun 21 $28 Calls at the Ask: 1000 @ $0.651 vs 2035 OI; Earnings 6/18 After Close Ref=$27.085,3,uncertain,0.6,0.3,,162,34,1.0,2019-06-10,79094.0,1.7384769394993778,-0.5572051275521517,-0.4086203896348062,12.8528938115277,0.6849254015833139,2.0046204332053064,1.3793053563798452
26360,KROGER CO,Kroger Option Alert: Jun 21 $25 Puts Sweep (2) near the Bid: 4575 @ $1.445 vs 1921 OI; Earnings 6/20 Before Open Ref=$24.3,3,decrease,0.75,0.6,,169,34,0.0,2019-06-10,16678.0,1.92226953804493,1.1070129461586475,-0.1229962178673771,-9.471092787833811,0.9704621508717536,2.3962320719817853,1.269577420313972
26368,LAKELAND INDUSTRIES INC,"Lakeland Industries Q1 EPS $(0.06) Misses $0.03 Estimate, Sales $24.7M Beat $24.58M Estimate",3,uncertain,0.6,0.3,,160,34,1.0,2019-06-10,10645.0,0.0,-1.316871214658022,-2.633742395686889,-4.362137802174049,1.7587943002581596,0.7462618996427084,-1.2195169456357349
26376,LAKELAND INDUSTRIES INC,Lakeland Industries Q1 Earnings Preview,3,uncertain,0.5,0.5,,135,34,1.0,2019-06-10,10645.0,0.0,-1.316871214658022,-2.633742395686889,-4.362137802174049,1.7587943002581596,0.7462618996427084,-1.2195169456357349
26384,LAZARD LTD,UBS Downgrades Lazard to Neutral,3,decrease,0.8,0.6,,131,34,0.0,2019-06-10,90701.0,0.2327664522454143,1.015960704535246,-3.628447009211488,1.0159605168152952,0.2040807390585541,1.2967834137439516,1.716478216112316
26392,L L FLOORING HOLDINGS INC,"Tilson Talks Tesla Deliveries And Guidance, Staying Adaptable As A Trader",3,uncertain,0.5,0.1,,143,29,1.0,2019-06-10,92400.0,2.3985261097550388,0.1801757025532424,-8.19820499629288,0.4504438025021429,2.457469142973423,-0.7325999141877593,1.593252933654421
26400,L L FLOORING HOLDINGS INC,"Whitney Tilson Says Lumber Liquidators Execs Admitted To Him They Made Mistakes, But Said 'We Didn't Deliberately Intend To Poison Our Customers,' Told Him 'This Is A Better Business Than You Made It Out To Be'",3,uncertain,0.6,0.3,,177,34,1.0,2019-06-10,92400.0,2.3985261097550388,0.1801757025532424,-8.19820499629288,0.4504438025021429,2.457469142973423,-0.7325999141877593,1.593252933654421
26408,L L FLOORING HOLDINGS INC,"Whitney Tilson Believes Lumber Liquidator Management Can Start Reinvesting In The Business, Reiterates He Is Long",3,increase,0.75,0.6,,153,33,2.0,2019-06-10,92400.0,2.3985261097550388,0.1801757025532424,-8.19820499629288,0.4504438025021429,2.457469142973423,-0.7325999141877593,1.593252933654421
26416,L L FLOORING HOLDINGS INC,Whitney Tilson Now Discussing His Thought Process For Changing His Mind (From Short To Long) On Lumber Liquidators,3,increase,0.75,0.6,,152,33,2.0,2019-06-10,92400.0,2.3985261097550388,0.1801757025532424,-8.19820499629288,0.4504438025021429,2.457469142973423,-0.7325999141877593,1.593252933654421
26424,LILLY ELI & CO,Eli Lilly shares are trading lower after the company announced disappointing data for the treatment of type 2 diabetes.,3,decrease,0.85,0.7,,149,34,0.0,2019-06-10,50876.0,-3.734683617949486,-1.50969997048378,-0.4651968631472214,1.4921415648113223,0.7234029471874237,1.1365594212403574,0.6719980610711884
26432,LILLY ELI & CO,Lilly Announces Trulicity Significantly Reduced Major Cardiovascular Events for Broad Range of People With Type 2 Diabetes,3,increase,0.85,0.7,,152,33,2.0,2019-06-10,50876.0,-3.734683617949486,-1.50969997048378,-0.4651968631472214,1.4921415648113223,0.7234029471874237,1.1365594212403574,0.6719980610711884
26440,LIMONEIRA CO,"Limoneira Sees FY19 Adj. EBITDA $17M-$22M, Adj. EPS $0.25-$0.45 vs $0.57 Estimate",3,decrease,0.8,0.6,,156,34,0.0,2019-06-10,93397.0,1.055402867496014,6.579636037349701,5.691907202826707,-3.028720241935567,2.321815863251686,0.0527995736481656,-2.1683017130795346
26448,LIMONEIRA CO,"Limoneira Q2 Adj. EPS $(0.09) Misses $(0.01) Estimate, Sales $42.035M Miss $45.41M Estimate",3,decrease,0.85,0.7,,157,34,0.0,2019-06-10,93397.0,1.055402867496014,6.579636037349701,5.691907202826707,-3.028720241935567,2.321815863251686,0.0527995736481656,-2.1683017130795346
26456,LIMONEIRA CO,A Preview Of Limoneira's Q2 Earnings,3,uncertain,0.5,0.2,,132,25,1.0,2019-06-10,93397.0,1.055402867496014,6.579636037349701,5.691907202826707,-3.028720241935567,2.321815863251686,0.0527995736481656,-2.1683017130795346
26464,LOCKHEED MARTIN CORP,Price Of F-35A Variant Will Drop 8.8% To $81.3 Mln Per Jet Under The Agreement,3,increase,0.75,0.6,,154,29,2.0,2019-06-10,21178.0,-1.0218745097517972,-2.1501699462532997,-0.8276460864554025,2.383391437259852,0.7687569595873356,0.7173231268802205,1.6831272067690195
26472,LOCKHEED MARTIN CORP,"Lockheed Martin And Pentagon Have 'Handshake' Agreement On $34 Bln Three-Year Deal For 478 F-35 Jets, Pentagon Official Says",3,increase,0.85,0.7,,157,29,2.0,2019-06-10,21178.0,-1.0218745097517972,-2.1501699462532997,-0.8276460864554025,2.383391437259852,0.7687569595873356,0.7173231268802205,1.6831272067690195
26480,L T C PROPERTIES INC,LTC Provides Update On Thrive Portfolio,3,uncertain,0.6,0.3,,133,34,1.0,2019-06-10,77878.0,-0.7371047977358103,1.3951457105576992,4.927998434528269,4.651782524586867,-0.0223276496399194,-0.3561091536314231,1.2208929156552584
26488,LUXFER HOLDINGS PLC,"Luxfer To Join Russell 2000 Index, Effective Jun. 28",3,increase,0.8,0.6,,141,33,2.0,2019-06-10,17200.0,-1.690387725830078,3.0769243836402893,2.7601750770748668,6.334839747704368,3.3563196659088135,2.883291223965312,3.0247471969170325
26496,LYONDELLBASELL INDUSTRIES N V,LyondellBasell Reports Commencement Of Modified Dutch Auction Tender Offer To Buy 37M In Shares,3,increase,0.75,0.6,,155,33,2.0,2019-06-10,12345.0,5.592022463679314,1.0280939750373363,2.462638993256472,3.9569605547087994,-0.1119953114539384,-0.8767623505813504,-2.169411125709997
26504,MASIMO CORP,Masimo Reports FDA Clearance Of Neonatal Indication For O3 Regional Oximetry,3,increase,0.75,0.6,,139,33,2.0,2019-06-10,92220.0,3.001533262431622,-0.5279087461531162,-0.147819186483733,1.8441577269258769,0.6347549613565207,2.519696372827074,4.0981076520191895
26512,MCDONALDS CORP,"McDonald's shares trading lower despite a clear fundamental news catalyst. Note shares broke above $200 technical level on Thursday of last week, rallied about 3 percent, and are trading back under the $205 level to near $200 again today.",3,decrease,0.75,0.5,,175,34,0.0,2019-06-10,43449.0,-2.0342577248811717,0.9736668318510056,1.2468923591865355,1.301537458850155,1.1967459693551064,2.6732577433194127,2.930416624911536
26520,MARTIN MIDSTREAM PARTNERS LP,Martin Midstream Partners Reports Sale Of Nat-Gas Storage Assets In Arcadia Gas Storage To Hartree Capital For $215M In Cash,3,increase,0.75,0.6,,155,29,2.0,2019-06-10,89570.0,6.796117871999741,0.4545486532151699,1.060608665610574,3.3333374501968827,-0.322580337524414,-1.277961633863578,-4.9230797439399065
26528,MANNKIND CORP,Mannkind shares are trading higher after the company presented Afrezza clinical data from three different studies at the American Diabetes Association's 79th Scientific Sessions.,3,increase,0.8,0.6,,157,33,2.0,2019-06-10,90285.0,2.5210058316588397,-3.278695046901703,0.8196715639890106,-9.836065577671494,2.586214803159237,2.586214803159237,-0.833332365400663
26536,MONSTER BEVERAGE CORP NEW,"Monster Beverage Shares Not Yet Moving, No Volume As Hearing Guggenheim Made Positive Comments On Co. Following Analyst Meeting",3,uncertain,0.6,0.3,,153,30,1.0,2019-06-10,88031.0,-0.2578855725005269,-1.901140622794628,-5.825097715505878,-3.3307962382068346,3.2581422477960587,2.951740478552445,4.851279225727723
26544,M P L X L P,"BMO Capital Initiates Coverage On MPLX with Market Perform Rating, Announces $35 Price Target",3,uncertain,0.6,0.2,,145,34,1.0,2019-06-10,13618.0,-0.1287798047997057,1.063829567283392,0.8704076441566677,3.932950352209774,0.0,0.0322068575769662,-0.7350637120460135
26552,MERCK & CO INC NEW,Merck Strikes $773M Deal For Privately Held Tilos Therapeutics,3,increase,0.75,0.6,,142,29,2.0,2019-06-10,22752.0,0.0242593654547818,0.606207549571991,1.665197230638693,4.362435946456289,1.2524516321718693,0.942583695693,1.702019290880452
26560,MERCK & CO INC NEW,Merck Reports Purchase Of Tilos Therapeutics For Total Potential Consideration OF $773M,3,increase,0.75,0.6,,144,29,2.0,2019-06-10,22752.0,0.0242593654547818,0.606207549571991,1.665197230638693,4.362435946456289,1.2524516321718693,0.942583695693,1.702019290880452
26568,MARVELL TECHNOLOGY INC,Marvell Technology Group Option Alert: Fri $24.5 Calls Sweep (7) near the Ask: 500 @ $0.57 vs 586 OI; Ref=$24.68,3,increase,0.7,0.6,,165,33,2.0,2019-06-10,88360.0,1.6632080078125,0.8997926488518715,-2.9856908298652063,-2.7402864102632263,1.519623026251793,3.79801111943856,2.69000504903254
26576,MORGAN STANLEY DEAN WITTER & CO,Four Models Forecasting Trucking Spot Rates In 2019,3,uncertain,0.5,0.2,,148,34,1.0,2019-06-10,69032.0,1.381733361631632,0.8777945302426815,-1.801807714283876,-0.5082033150565102,-0.2569507341831922,0.6363432983326422,0.5178936663694289
26584,M S C INDUSTRIAL DIRECT INC,Gordon Haskett Downgrades MSC Industrial Direct Co to Hold,3,decrease,0.75,0.6,,142,34,0.0,2019-06-10,82777.0,-0.4581980407238006,1.2275034561753273,-1.8273192154898088,0.8927318074186674,0.3902966156601906,-0.6620735896461838,-2.372238209562516
26592,NOVABAY PHARMACEUTICALS INC,NovaBay Shares Halted,3,uncertain,0.6,0.5,,139,34,1.0,2019-06-10,92345.0,874.8427391052246,-31.93548619747162,-43.548386044337306,-41.29031995056545,-0.6250012665987015,2.9126227335871446,2.300466812226576
26600,NOVABAY PHARMACEUTICALS INC,"NovaBay Shares Resume Trade, Up 438% For Session",3,increase,0.9,0.8,,146,33,2.0,2019-06-10,92345.0,874.8427391052246,-31.93548619747162,-43.548386044337306,-41.29031995056545,-0.6250012665987015,2.9126227335871446,2.300466812226576
26608,NOVABAY PHARMACEUTICALS INC,"NovaBay Shares Resume Trade, Continue Higher, Now Up 346%",3,increase,0.85,0.75,,147,33,2.0,2019-06-10,92345.0,874.8427391052246,-31.93548619747162,-43.548386044337306,-41.29031995056545,-0.6250012665987015,2.9126227335871446,2.300466812226576
26616,NOVABAY PHARMACEUTICALS INC,"NovaBay Shares Halted On Second Circuit Breaker Of The Day, Up 324.5%",3,increase,0.85,0.75,,153,33,2.0,2019-06-10,92345.0,874.8427391052246,-31.93548619747162,-43.548386044337306,-41.29031995056545,-0.6250012665987015,2.9126227335871446,2.300466812226576
26624,NOVABAY PHARMACEUTICALS INC,"NovaBay Pharma Shares Resume Trade, Up 296%",3,increase,0.85,0.75,,144,33,2.0,2019-06-10,92345.0,874.8427391052246,-31.93548619747162,-43.548386044337306,-41.29031995056545,-0.6250012665987015,2.9126227335871446,2.300466812226576
26632,NOVABAY PHARMACEUTICALS INC,NovaBay Pharma's Stock Closes Up 870% After Amazon Deal,3,increase,0.9,0.8,,148,33,2.0,2019-06-10,92345.0,874.8427391052246,-31.93548619747162,-43.548386044337306,-41.29031995056545,-0.6250012665987015,2.9126227335871446,2.300466812226576
26640,NOVABAY PHARMACEUTICALS INC,NovaBay Pharma shares trading higher following news of launch of Avenova Direct on Amazon.com,3,increase,0.75,0.6,,152,33,2.0,2019-06-10,92345.0,874.8427391052246,-31.93548619747162,-43.548386044337306,-41.29031995056545,-0.6250012665987015,2.9126227335871446,2.300466812226576
26648,NOVABAY PHARMACEUTICALS INC,NovaBay Pharma Reports Launch Of Avenova Direct On Amazon.com,3,increase,0.75,0.6,,147,33,2.0,2019-06-10,92345.0,874.8427391052246,-31.93548619747162,-43.548386044337306,-41.29031995056545,-0.6250012665987015,2.9126227335871446,2.300466812226576
26656,N C R CORP NEW,NCR Announces Definitive Agreement To Buy Minority Interest Banco Bradesco Holds In NCR Manaus,3,increase,0.75,0.6,,145,33,2.0,2019-06-10,84372.0,2.142401970922947,0.9870558977127076,-4.164091930078284,-5.058598460564623,0.6660294253379107,2.2881052202168295,1.5030357723067933
26664,THE9 LTD,"The9 Ltd shares are trading higher after the company signed a Memorandum of Understanding with the Hohhot government in China; FF, The9 China JV, will receive resources and financial support from the Hohhot government.",3,increase,0.8,0.6,,164,33,2.0,2019-06-10,90483.0,2.564110420644283,0.8333325386047363,5.833327770824481,-4.166672232650026,0.0,-4.0983665734529495,-5.645165637446858
26672,THE9 LTD,"The9 Limited Signs MoU with Government in Hohhot, China; FF The9 China JV Will Receive Resources and Financial Support from Hohhot Government",3,increase,0.8,0.6,,151,33,2.0,2019-06-10,90483.0,2.564110420644283,0.8333325386047363,5.833327770824481,-4.166672232650026,0.0,-4.0983665734529495,-5.645165637446858
26680,NORTHROP GRUMMAN CORP,Northrop Grumman Corporation Awarded Contract To Provide Marine Corps Full-Rate Production G/Ator Radar Systems,3,increase,0.8,0.6,,151,29,2.0,2019-06-10,24766.0,-2.192972041666508,-3.398537263274193,-0.591049490250084,3.2668444764705873,1.102217473089695,0.4798495634103172,1.9278251452331308
26688,NOVAVAX INC,Novavax shares are trading lower after the FDA recommended that Novavax conducted an additional phase 3 trial on ResVax.,3,decrease,0.85,0.7,,148,34,0.0,2019-06-10,82779.0,-12.2549019753933,-5.027932673692703,-5.027932617514185,0.7448786414957276,3.3783752471208572,2.533538712157224e-07,-3.0110941605219876
26696,NOVAVAX INC,FDA Recommends Novavax Conduct Added Phase 3 Trial On ResVax,3,uncertain,0.6,0.3,,139,34,1.0,2019-06-10,82779.0,-12.2549019753933,-5.027932673692703,-5.027932617514185,0.7448786414957276,3.3783752471208572,2.533538712157224e-07,-3.0110941605219876
26704,NOVAVAX INC,Novavax Offers Updates On Pursuit Of Global Licensure for ResVax Following Prepare Phase 3 Trial,3,increase,0.75,0.6,,144,33,2.0,2019-06-10,82779.0,-12.2549019753933,-5.027932673692703,-5.027932617514185,0.7448786414957276,3.3783752471208572,2.533538712157224e-07,-3.0110941605219876
26712,NOVO NORDISK A S,Novo Nordisk shares are trading higher after competitor Eli Lilly announced disappointing diabetes treatment results.,3,increase,0.85,0.7,,144,33,2.0,2019-06-10,63263.0,3.8110624998807903,0.742044672369957,-0.3905502266647431,0.156223184953208,0.7557245902717113,1.3977395604088727,2.471961956022173
26720,ORION S A,"Orion Engineered Carbons To Join Russell 3000 Index, Effective Jul. 1",3,increase,0.8,0.6,,141,33,2.0,2019-06-10,14786.0,2.885571680963039,-0.0483570067444816,-6.769823884257553,-2.0837653041009707,2.44648065418005,4.68749776196884,5.345914306037458
26728,OVERSTOCK COM INC DEL,Overstock In Talks To Potentially Digitize Liberian Government Services,3,increase,0.75,0.6,,139,33,2.0,2019-06-10,89394.0,0.9483682923018932,5.219206586480141,1.7745310856167815,15.344470449870862,0.9574485011398792,-2.8659230081275577,-7.051912446134622
26736,OVERSTOCK COM INC DEL,"Overstock.com Reports Medici Land Governance Signed Memorandum Of Understanding With Liberia's Ministry Of Finance, Development Planning, Will Lead To Pro Bono Pilot Project Exploring Potential For Digitization Of Existing Gov't. Services",3,increase,0.7,0.6,,167,29,2.0,2019-06-10,89394.0,0.9483682923018932,5.219206586480141,1.7745310856167815,15.344470449870862,0.9574485011398792,-2.8659230081275577,-7.051912446134622
26744,PLAINS ALL AMERN PIPELINE L P,Phillips 66 And Plains All American Announce Strategic JV And Sanctioning Of Red Oak Pipeline System,3,increase,0.8,0.6,,153,33,2.0,2019-06-10,89858.0,1.832460984587669,1.1996601708233356,1.1568142084644517,3.256213412653741,-0.4776405170559883,0.2186236749789571,-1.121657622504879
26752,PAR PACIFIC HOLDINGS INC,"RBC Capital Initiates Coverage On Par Pacific Holdings with Sector Perform Rating, Announces $21 Price Target",3,uncertain,0.6,0.3,,146,34,1.0,2019-06-10,14773.0,0.250255991704762,-1.4478327706456184,-4.043940860743422,-2.4463291195223613,0.100202695466578,-0.498009853541892,-0.7944381767678865
26760,PARKER HANNIFIN CORP,Parker Aerospace Wins a Contract from Boeing for its MQ-25 Unmanned Tanker,3,increase,0.8,0.6,,148,29,2.0,2019-06-10,41355.0,0.7611512672156097,0.167864968534559,-3.147482004927149,1.7985610339489089,2.178877219557762,1.9523300786532527,2.692305534959849
26768,PRIMEENERGY RESOURCES CORP,PrimeEnergy Resources Corporation Set to Join Russell 3000 Index,3,increase,0.8,0.6,,140,33,2.0,2019-06-10,46923.0,-0.7661459501832724,0.7352941203862429,-1.6176447166129204,-6.041138700396688e-08,3.2780755311250687,7.237871452379507,2.8054950827362646
26776,INSULET CORP,Northland Downgrades Insulet to Market Perform,3,decrease,0.8,0.6,,134,34,0.0,2019-06-10,92050.0,0.8886076509952545,-2.3398619145154953,3.58540819911417,4.7330959072075185,-1.1446258053183556,-0.5090191626929474,-0.3399205949769834
26784,INSULET CORP,Insulet Announces Omnipod Horizon Hybrid Closed-Loop System Improves Glycemic Control in Patients as Young as Two Years Old with Type 1 Diabetes at ADA Scientific Sessions,3,increase,0.85,0.7,,158,29,2.0,2019-06-10,92050.0,0.8886076509952545,-2.3398619145154953,3.58540819911417,4.7330959072075185,-1.1446258053183556,-0.5090191626929474,-0.3399205949769834
26792,P P G INDUSTRIES INC,"PPG On June 5 Approved A Cost Savings Program That Includes Actions To Reduce Its Global Cost Structure; Pretax Restructuring Charge Of About $190M, Based On Current Exchange Rates, Will Be Recorded In Q2 Financial Results",3,decrease,0.75,0.6,,173,34,0.0,2019-06-10,22509.0,0.3509093308821321,2.150536887347698,0.4720700610387096,2.194249620987021,0.8850340731441975,1.45972352749435,2.0409979145992407
26800,QUALCOMM INC,"Fitch Says Effect Of Rare-Earth Metals Shipment Ban To US On Semi Cos., Such As Qualcomm, Could Be Limited",3,uncertain,0.6,0.2,,144,34,1.0,2019-06-10,77178.0,2.693257294595242,0.9923404082655908,-2.027219046230444,3.714208598106561,1.6274688765406609,2.4918023394400635,1.278969688934195
26808,QUALCOMM INC,"Intel, Qualcomm, InterDigital Restricting Employees from Informal Conversations with Huawei",3,decrease,0.7,0.5,,136,34,0.0,2019-06-10,77178.0,2.693257294595242,0.9923404082655908,-2.027219046230444,3.714208598106561,1.6274688765406609,2.4918023394400635,1.278969688934195
26816,REDHILL BIOPHARMA LTD,RedHill Biopharma Receives Allowance For New US Patent Covering RHB-104 For Crohn's Disease And RHB-204 For NTM Infections,3,increase,0.75,0.6,,164,33,2.0,2019-06-10,13707.0,-2.435721643269062,-1.248268410563469,1.5256607799563948,-4.854367261597881,-0.135138223413378,3.5014004909635243,2.0718244062693403
26824,STURM RUGER & CO INC,US Supreme Court Rejects Bid To Expand Legal Protections For Gun Silencers,3,decrease,0.7,0.5,,147,34,0.0,2019-06-10,73219.0,1.689256727695465,-0.0579462619498372,0.3863255957075928,4.172300162818754,0.9318025782704352,1.0520022959699782,0.6922437703341888
26832,TRANSOCEAN LTD,"Bank of America Reinstates Neutral on Transocean, Announces $6.50 Price Target",3,uncertain,0.6,0.3,,143,34,1.0,2019-06-10,79237.0,-2.134648710489273,-1.0067104361951351,-6.375840826614354,3.5234909859267693,-0.4901917185634374,0.9950238907896036,-2.7156560702114363
26840,GIBRALTAR INDUSTRIES INC,Rockridge Resources Reports Intersected Added High-Grade Copper In Drill Holes On Knife Lake Project,3,uncertain,0.4,0.2,,150,29,1.0,2019-06-10,79862.0,0.7178953848779203,0.7655678316950798,0.5543798547694934,3.3526938950212415,0.912262313067913,0.534618497413808,0.2933350036315119
26848,REWALK ROBOTICS LTD,"ReWalk Robotics shares are trading lower after the company announced a direct offering of ~833,000 shares at $6.60 per share for $5 million in gross proceeds.",3,decrease,0.75,0.6,,162,34,0.0,2019-06-10,14936.0,-18.00878494977951,-3.750000894069672,-8.214286663119186,-23.392856455576773,30.095237493515015,-7.702703863113847,105.72289163105832
26856,REWALK ROBOTICS LTD,ReWalk Robotics Prices Registered Direct Offering Of ~833K Shares At $6.60/Share for $5M In Gross Proceeds,3,decrease,0.75,0.6,,155,34,0.0,2019-06-10,14936.0,-18.00878494977951,-3.750000894069672,-8.214286663119186,-23.392856455576773,30.095237493515015,-7.702703863113847,105.72289163105832
26864,BOSTON BEER INC,"Credit Suisse Initiates Coverage On Boston Beer Co with Neutral Rating, Announces $320 Price Target",3,uncertain,0.6,0.2,,144,34,1.0,2019-06-10,82634.0,-0.7615488488227129,4.906279593706131,6.164299477007318,9.84086338928054,0.2220874652266502,3.394859071221057,4.788063864720615
26872,STARBUCKS CORP,"Piper Jaffray Maintains Neutral on Starbucks, Raises Price Target to $82",3,increase,0.7,0.5,,143,33,2.0,2019-06-10,77702.0,-0.6668319925665855,0.5370467901229858,1.3303995164683613,2.0993546121475415,1.3267835602164268,3.151581143355209,5.043309758438141
26880,ORIGIN AGRITECH LTD,"On June 5, Received Letter From Nasdaq Stock Market Notifying That Co. Is Not In Compliance With Nasdaq Listing Rules",3,decrease,0.85,0.7,,150,34,0.0,2019-06-10,90976.0,2.42634080350399,-1.8612463027238848,-6.59898258076097,-1.575297145056498,-0.5172449629753828,-5.409834752372255,-10.542633340723562
26888,SEAGEN INC,"Seattle Genetics Highlights FDa Approval Of Genentech's Polivy, Which Utilizes The Company's Antibody-Drug Conjugate Technology",3,increase,0.7,0.5,,147,33,2.0,2019-06-10,88949.0,-3.656983375549315,-2.103869803249836,5.355302785348215,3.9282007984946743,2.216758206486702,1.0021540804497686,1.6570627251915937
26896,SIRIUS X M HOLDINGS INC,Credit Suisse Upgrades Sirius XM Holdings to Outperform,3,increase,0.75,0.6,,140,33,2.0,2019-06-10,80924.0,2.259884960949421,1.104971393942833,3.6832467037376304,2.9465990462544056,0.0,0.7590125780552626,-1.4842286512857572
26904,SANOFI,Sanofi Announced On Sunday Soliqua Phase 3 Results Significantly Lowered Blood Sugar Levels Versus GLP-1 Receptor Agonist Treatments,3,increase,0.8,0.6,,153,33,2.0,2019-06-10,89475.0,-1.357155572623014,-1.4904873445630074,-2.201327870004588,0.527400877826234,5.487948656082153,6.47880207109468,6.684364310564117
26912,SUPERCOM LTD,"SuperCom Q1 Adj. EPS $0.06 Down From $0.07 YoY, Sales $5.673M Miss $6M Estimate",3,decrease,0.75,0.6,,151,34,0.0,2019-06-10,92230.0,-4.175007343292236,-3.4698624163866043,-3.46986240727305,-5.209142322829463,2.97777708619833,9.09091094203096,6.194694719822547
26920,MOLSON COORS BEVERAGE CO,Molson Coors Brewing shares are trading lower after Credit Suisse initiated coverage on the company's stock with an Underperform rating and announced a $50 price target.,3,decrease,0.85,0.7,,160,34,0.0,2019-06-10,59248.0,-3.91433984041214,-0.2009510528296232,-1.9729663235031225,1.315304050543986,-1.282269787043333,-0.7836937835768443,-1.741977119219973
26928,MOLSON COORS BEVERAGE CO,Molson Coors Brewing shares are trading lower after Credit Suisse initiated coverage on the company's stock with an Underperform rating and announced a $50 price target.,3,decrease,0.85,0.7,,160,34,0.0,2019-06-10,59248.0,-3.91433984041214,-0.2009510528296232,-1.9729663235031225,1.315304050543986,-1.282269787043333,-0.7836937835768443,-1.741977119219973
26936,MOLSON COORS BEVERAGE CO,"Credit Suisse Initiates Coverage On Molson Coors Brewing with Underperform Rating, Announces $50 Price Target",3,decrease,0.8,0.6,,151,30,0.0,2019-06-10,59248.0,-3.91433984041214,-0.2009510528296232,-1.9729663235031225,1.315304050543986,-1.282269787043333,-0.7836937835768443,-1.741977119219973
26944,MOLSON COORS BEVERAGE CO,"Credit Suisse Initiates Coverage On Molson Coors Brewing with Underperform Rating, Announces $50 Price Target",3,decrease,0.8,0.6,,151,30,0.0,2019-06-10,59248.0,-3.91433984041214,-0.2009510528296232,-1.9729663235031225,1.315304050543986,-1.282269787043333,-0.7836937835768443,-1.741977119219973
26952,TARGET CORP,Retail Pro: Target A 'Traditional Retailer That Adapted Well',3,increase,0.75,0.6,,133,33,2.0,2019-06-10,49154.0,0.8059926331043243,0.3426560899242759,-0.4683080027066633,-0.9480317965561036,1.3418921269476414,1.590830081123018,1.1648223551040449
26960,TENET HEALTHCARE CORP,Tenet Healthcare Option Alert: Aug 16 $22 Calls Sweep (41) near the Ask: 1049 @ $2.35 vs 718 OI; Earnings 8/5 After Close [est] Ref=$21.745,3,increase,0.75,0.6,,175,33,2.0,2019-06-10,52337.0,2.334443852305412,-2.4674059823155403,-1.3500886628574629,-6.331465304603734,1.4009613543748856,-0.4269456261915105,-0.379686329847817
26968,TIMKEN CO,"UPDATE: Morgan Stanley Initiates Timken As Equal-Weight With A $54 Target As Firm Believes 'TKR shares trade at a discount to short cycle peers, yet its Process business (50% of sales; 2/3rds of EBIT) is longer-cycle and less vulnerable'",3,increase,0.7,0.5,,179,29,2.0,2019-06-10,14795.0,0.5260942503809929,0.9210772812366486,-1.9258991040154496,3.872720249457884,0.2743217395618558,1.4517512772602714,1.974253222669664
26976,TIMKEN CO,"Morgan Stanley Initiates Coverage On Timken with Equal-Weight Rating, Announces $54 Price Target",3,uncertain,0.6,0.2,,139,34,1.0,2019-06-10,14795.0,0.5260942503809929,0.9210772812366486,-1.9258991040154496,3.872720249457884,0.2743217395618558,1.4517512772602714,1.974253222669664
26984,TILLYS INC,Viewing Tilly's Inc. 25% Drop Through Benzinga's Securities Lending Volatility Index,3,decrease,0.75,0.6,,143,34,0.0,2019-06-10,13399.0,-2.216746658086777,-2.015111409127712,0.3778302629853458,0.881614085000626,0.7444102317094803,0.8695614267199225,0.3708248864134678
26992,TANDEM DIABETES CARE INC,Tandem Diabetes Care Late Sunday Reported Results From Two Studies Of The T:Slim X2 Insulin Pump With Control-IQ Technology,3,increase,0.75,0.6,,156,33,2.0,2019-06-10,14325.0,-6.6666655242443085,1.7483536154031754,-4.527793063849705,-4.303642433301547,1.7743080854415894,0.985911184172017,0.8155148657195355
27000,TRAVELERS COMPANIES INC,Travelers Companies Inc Files For Potential Mixed Shelf Offering; Size Not Disclosed,3,uncertain,0.6,0.3,,143,34,1.0,2019-06-10,59459.0,-0.140434328932315,-0.0870646093972027,0.40181543109441,1.808194988904832,0.9060394018888474,0.3336620629672548,1.8976588371981904
27008,UNIVERSAL ELECTRONICS INC,Universal Electronics shares are trading higher after Sidoti & Co. upgraded the company's stock from Neutral to Buy and raised the price target from $41 to $48.,3,increase,0.85,0.7,,157,29,2.0,2019-06-10,78915.0,13.79027664661407,-2.975756861269474,-0.6959372632913019,-5.015589936633747,0.2189327264204621,-1.8756718904199277,-3.019066299588624
27016,UNIVERSAL ELECTRONICS INC,"Sidoti & Co. Upgrades Universal Electronics to Buy, Raises Price Target to $48",3,increase,0.85,0.7,,144,33,2.0,2019-06-10,78915.0,13.79027664661407,-2.975756861269474,-0.6959372632913019,-5.015589936633747,0.2189327264204621,-1.8756718904199277,-3.019066299588624
27024,UNISYS CORP,"Unisys, PayCargo Partner For Integration Of Payment Processing Capabilities Into Unisys' Cargo Software, Services, No Terms Disclosed",3,increase,0.7,0.5,,152,29,2.0,2019-06-10,10890.0,-0.3105562413111329,-1.8691619858145712,-5.815165186028515,4.257526989680804,2.4390194565057755,2.2222226624097896,0.940440479302862
27032,VERACYTE INC,Veracyte Highlights Publication Of Data Showing 'Real-World Performance of the Afirma GSC in Thyroid Cancer Diagnosis',3,increase,0.75,0.6,,146,29,2.0,2019-06-10,14263.0,2.135919407010078,-0.1901111681945622,8.593156972819237,3.612170239785239,3.4967880696058273,4.4624763124053946,9.808098970255896
27040,VEEVA SYSTEMS INC,"Bank of America Maintains Buy on Veeva Systems, Raises Price Target to $192",3,increase,0.8,0.6,,144,33,2.0,2019-06-10,14231.0,0.191120570525527,1.187624130398035,2.4306272670128193,0.2830638270924446,2.0125767216086388,2.5997853932092196,4.25504255640845
27048,VIA RENEWABLES INC,'Viacom to Launch BET Streaming Service With Tyler Perry' -WSJ,3,uncertain,0.3,0.1,,143,29,1.0,2019-06-10,14830.0,2.898543328046799,-2.535206638276577,5.915494219742601,1.5962448762024906,1.9704509526491163,2.5768109498830905,4.545462518030918
27056,VANDA PHARMACEUTICALS INC,"Vanda Pharma 8-K Shows US Dept. Of Justice Reviewed Amended Complaint, Reaffirmed Decision Not To Intervene In Qui Tam Action",3,increase,0.7,0.5,,161,33,2.0,2019-06-10,91186.0,-2.9181484133005138,-1.9794754683971405,9.237530836165252,1.3196432498053134,1.5907466411590576,-5.003379500244609,-7.929227266744332
27064,VANDA PHARMACEUTICALS INC,"'$VNDA amended Qui Tam complaint now unsealed.  Three new whistleblowers allege illegal activity at the company including a former sales manager, sales rep, and unidentified current employee.  Documents now live:...' -Tweets Aurelius Value",3,decrease,0.85,0.7,,181,34,0.0,2019-06-10,91186.0,-2.9181484133005138,-1.9794754683971405,9.237530836165252,1.3196432498053134,1.5907466411590576,-5.003379500244609,-7.929227266744332
27072,VORNADO REALTY TRUST,Vornado Realty Trust Reports Deal To Sell 25% Interest In 330 Madison Ave.,3,uncertain,0.6,0.3,,143,34,1.0,2019-06-10,28388.0,-1.418752688914537,-1.0534110479056835,-0.2225541711913359,-2.6557875369602635,0.2786776749417186,0.411229877156849,2.812034234323657
27080,VODAFONE GROUP PLC NEW,Oppenheimer Disputes Short Report On Pareteum,3,uncertain,0.6,0.3,,140,34,1.0,2019-06-10,75418.0,-0.1216572825796901,0.2740564988926053,-3.045066929849549,-2.5578566288185556,1.6069235280156136,0.7854613259702381,0.1290805805834738
27088,WAYFAIR INC,Aaron's Analyst Says Partnership With Wayfair Could Add 4-27% To EPS,3,increase,0.8,0.2,,139,29,2.0,2019-06-10,14983.0,0.6741045974195005,1.2747847475111485,2.034501913176001,-1.8735535858615535,0.6458383053541183,0.2534273872807135,6.532241055189614
27096,WINNEBAGO INDUSTRIES INC,"White Gold Reports Raised Mineral Resource Estimate By 25% To ~1.039M Indicated, 508.7K Inferred Oz. Of Gold On White Gold Property, Yukon, Canada",3,uncertain,0.3,0.1,,167,29,1.0,2019-06-10,51086.0,5.55071160197258,-0.1927304430864751,2.175112708512561,5.835126221010811,2.7164174243807793,1.0275937955844583,0.7908624651552509
27104,WYNN RESORTS LTD,Macquarie Analyst Chad Beynon Tells Benzinga Casino Stocks Trading Up Monday 'Mainly On The Back Of A Stronger-Than-Expected Start To June For The Macau Market',3,increase,0.8,0.6,,163,33,2.0,2019-06-10,89533.0,5.089174583554268,1.26853808760643,-0.848545337218265,4.58558200920085,0.9456203319132328,0.5069686218325264,-1.639059221246364
27112,AMERICAN EQUITY INVT LIFE HLDG C,American Equity Investment Life shares are trading lower after the company announced that the board is no longer in talks for a potential transaction.,3,decrease,0.8,0.6,,160,34,0.0,2019-06-07,89946.0,-9.09695103764534,-1.7531028017401695,0.0365238349781416,-2.045286613628061,0.8032185025513172,-1.6007833090526336,3.044821540074927
27120,AGILE THERAPEUTICS INC,"Oppenheimer Initiates Coverage On Agile Therapeutics with Outperform Rating, Announces $5 Price Target",3,increase,0.75,0.6,,150,29,2.0,2019-06-07,14645.0,9.708740562200546,12.389378994703293,17.69911891088436,28.31858827548306,-7.215571403503418,-12.711862956551734,-14.87603813764653
27128,APPLIED MATERIALS INC,"Nomura Initiates Coverage On Applied Materials with Neutral Rating, Announces $40 Price Target",3,uncertain,0.6,0.3,,141,34,1.0,2019-06-07,14702.0,0.3141547786071897,3.926767408847809,-0.6745332374567425,3.4931361390091675,1.9462944939732552,2.37506920461914,6.704493172338211
27136,AMERICAN TOWER CORP NEW,"UBS Downgrades American Tower to Neutral, Raises Price Target to $222",3,decrease,0.7,0.3,,144,34,0.0,2019-06-07,86111.0,-0.1128303934819996,-1.2284668162465096,-0.578937691731185,1.7148525709455242,-0.0329028174746781,2.254700485962924,1.6293199272689352
27144,ARISTA NETWORKS INC,Arista Networks shares are trading lower after Morgan Stanley maintained an Equal-Weight rating on the company's stock and lowered its price target from $300 to $275.,3,decrease,0.8,0.6,,155,34,0.0,2019-06-07,14714.0,-4.176059737801552,1.472977176308632,-4.203863183644385,2.8201577468624173,-2.4466153234243393,0.9697246794179382,6.554521113172407
27152,ARISTA NETWORKS INC,"Morgan Stanley Maintains Equal-Weight on Arista Networks, Lowers Price Target to $275",3,decrease,0.75,0.6,,143,34,0.0,2019-06-07,14714.0,-4.176059737801552,1.472977176308632,-4.203863183644385,2.8201577468624173,-2.4466153234243393,0.9697246794179382,6.554521113172407
27160,APOLLO GLOBAL MANAGEMENT INC NEW,Apollo Global Management shares are trading higher after JMP Securities maintained an Outperform rating and raised the price target from $36 to $40.,3,increase,0.8,0.6,,154,33,2.0,2019-06-07,12591.0,2.543974108994007,0.6431824527680874,2.1745758411946925,4.196014846849394,0.9831888601183892,3.10881149702793,6.417112408997938
27168,APOLLO GLOBAL MANAGEMENT INC NEW,"JMP Securities Maintains Market Outperform on Apollo Global Mgmt, Raises Price Target to $40",3,increase,0.75,0.6,,148,29,2.0,2019-06-07,12591.0,2.543974108994007,0.6431824527680874,2.1745758411946925,4.196014846849394,0.9831888601183892,3.10881149702793,6.417112408997938
27176,ACTIVISION BLIZZARD INC,"Citigroup Initiates Coverage On Activision Blizzard with Neutral Rating, Announces $47 Price Target",3,uncertain,0.6,0.2,,144,34,1.0,2019-06-07,79678.0,2.949181385338306,1.3882706873118875,0.5288626283402209,1.1679126179686916,-0.988316722214222,1.0777373294912571,4.011327894416716
27184,AURINIA PHARMACEUTICALS INC,Aurinia Pharma Sends Letter To Shareholders,3,uncertain,0.5,0.5,,145,34,1.0,2019-06-07,14924.0,-0.4709534347057343,-2.0504750311374664,-3.312303540782313,-2.523664521839575,-2.0000018179416656,-3.4848488591837423,-2.8963424012764527
27192,BOYD GAMING CORP,Boyd Gaming Raises Qtr. Dividend From $0.06 To $0.07/Share,3,increase,0.75,0.5,,146,33,2.0,2019-06-07,79758.0,3.7236228585243234,2.393300272524357,5.424814243865761,9.024293951185848,1.4267736114561558,0.5407618917913748,5.224208813309894
27200,CYMABAY THERAPEUTICS INC,CymaBay Therapeutics Option Alert: Jul 19 $17.5 Calls at the Ask: 500 @ $0.7 vs 50 OI; Ref=$11.4,3,increase,0.7,0.6,,172,33,2.0,2019-06-07,14691.0,0.9649177081882954,-3.649001568555832,-45.43874940431824,-38.57515332211433,-6.938778609037399,-7.617508277351936,-4.761910030855154
27208,CIENA CORP,A Look At Benzinga Pro's Most-Searched Tickers For June 7,3,uncertain,0.5,0.2,,138,34,1.0,2019-06-07,84519.0,-0.5715588573366404,-2.52044964581728,-5.483085559885026,-3.7806746541476977,26.7837256193161,27.67331106799047,31.01958679079648
27216,CIENA CORP,"Benzinga Pro's Top 10 Most-Searched Tickers For Morning of Fri., June 7, 2019",3,uncertain,0.5,0.2,,147,34,1.0,2019-06-07,84519.0,-0.5715588573366404,-2.52044964581728,-5.483085559885026,-3.7806746541476977,26.7837256193161,27.67331106799047,31.01958679079648
27224,CIENA CORP,"B. Riley Maintains Buy on Ciena, Raises Price Target to $55",3,increase,0.8,0.6,,138,33,2.0,2019-06-07,84519.0,-0.5715588573366404,-2.52044964581728,-5.483085559885026,-3.7806746541476977,26.7837256193161,27.67331106799047,31.01958679079648
27232,CIENA CORP,"Stifel Nicolaus Maintains Buy on Ciena, Raises Price Target to $54",3,increase,0.8,0.6,,139,29,2.0,2019-06-07,84519.0,-0.5715588573366404,-2.52044964581728,-5.483085559885026,-3.7806746541476977,26.7837256193161,27.67331106799047,31.01958679079648
27240,CIENA CORP,"Nomura Maintains Buy on Ciena, Raises Price Target to $52",3,increase,0.8,0.6,,137,33,2.0,2019-06-07,84519.0,-0.5715588573366404,-2.52044964581728,-5.483085559885026,-3.7806746541476977,26.7837256193161,27.67331106799047,31.01958679079648
27248,CIENA CORP,"Raymond James Maintains Outperform on Ciena, Raises Price Target to $53",3,increase,0.75,0.6,,139,29,2.0,2019-06-07,84519.0,-0.5715588573366404,-2.52044964581728,-5.483085559885026,-3.7806746541476977,26.7837256193161,27.67331106799047,31.01958679079648
27256,COMCAST CORP NEW,"Comcast, At Annual Shareholder Meeting, Says All Director Nominees Elected",3,increase,0.7,0.5,,140,29,2.0,2019-06-07,89525.0,0.8019392378628254,-0.4580487497150898,2.000968788018964,5.014469383994324,-0.3631905885413289,-0.6038647051031854,0.463873141481308
27264,CHIPOTLE MEXICAN GRILL INC,Baird Makes Chipotle A 'Fresh Pick' After Chatting With Management,3,increase,0.75,0.6,,149,33,2.0,2019-06-07,91068.0,2.5556940585374828,1.500278152525425,4.327557395131465,2.39198440560906,1.869078166782856,4.530490264082165,7.873331774815617
27272,CHIPOTLE MEXICAN GRILL INC,Update: Baird On Chipotle Sees 'opportunity for signs of strong top-line momentum in Q2/2H19 to contribute to more positive sentiment on the shares given prospects for CMG to show major earnings power as unit volumes recover toward prior peaks',3,increase,0.8,0.6,,186,33,2.0,2019-06-07,91068.0,2.5556940585374828,1.500278152525425,4.327557395131465,2.39198440560906,1.869078166782856,4.530490264082165,7.873331774815617
27280,CHIPOTLE MEXICAN GRILL INC,"Baird Adds Chipotle To Fresh Pick List, Announces $800 Target",3,increase,0.8,0.6,,148,29,2.0,2019-06-07,91068.0,2.5556940585374828,1.500278152525425,4.327557395131465,2.39198440560906,1.869078166782856,4.530490264082165,7.873331774815617
27288,CHIPOTLE MEXICAN GRILL INC,"Chipotle Shares Indicated Higher On Light Volume; Hearing Baird Added Stock To Its 'Fresh Pick' List, Set $800 Price Target",3,increase,0.75,0.6,,162,33,2.0,2019-06-07,91068.0,2.5556940585374828,1.500278152525425,4.327557395131465,2.39198440560906,1.869078166782856,4.530490264082165,7.873331774815617
27296,CHARLES & COLVARD LTD,Mid-Afternoon Market Update: Beyond Meat Jumps After Strong Q1 Results; DocuSign Shares Slide,3,uncertain,0.5,0.2,,150,29,1.0,2019-06-07,85539.0,-21.182264387607567,1.2499988079071045,-3.7500039896646298,-6.250001519453374,-6.018523499369621,-1.9323652688921555,-10.176992136966556
27304,CHARLES & COLVARD LTD,Mid-Day Market Update: Crude Oil Up 2.5%; Domo Shares Plummet,3,uncertain,0.5,0.1,,147,29,1.0,2019-06-07,85539.0,-21.182264387607567,1.2499988079071045,-3.7500039896646298,-6.250001519453374,-6.018523499369621,-1.9323652688921555,-10.176992136966556
27312,CHARLES & COLVARD LTD,Mid-Morning Market Update: Markets Open Higher; Elliott To Acquire Barnes & Noble For $683M,3,uncertain,0.5,0.1,,148,29,1.0,2019-06-07,85539.0,-21.182264387607567,1.2499988079071045,-3.7500039896646298,-6.250001519453374,-6.018523499369621,-1.9323652688921555,-10.176992136966556
27320,CHARLES & COLVARD LTD,Charles & Colvard shares are trading lower after the company priced a 6.25 million share common offering at $1.60 per share.,3,decrease,0.8,0.6,,156,34,0.0,2019-06-07,85539.0,-21.182264387607567,1.2499988079071045,-3.7500039896646298,-6.250001519453374,-6.018523499369621,-1.9323652688921555,-10.176992136966556
27328,CHARLES & COLVARD LTD,Charles & Colvard Prices 6.25M Share Common Stock OFfering At $1.60/Share,3,decrease,0.75,0.5,,151,34,0.0,2019-06-07,85539.0,-21.182264387607567,1.2499988079071045,-3.7500039896646298,-6.250001519453374,-6.018523499369621,-1.9323652688921555,-10.176992136966556
27336,DIREXION SHARES E T F TRUST,It's Time To Consider Leveraged Healthcare ETFs,3,increase,0.75,0.6,,140,33,2.0,2019-06-07,12852.0,3.6477677524089818,0.9649993851780893,0.6811744170483802,10.293287715836218,0.9503135457634926,3.0517424872348986,8.305012223367658
27344,DEUTSCHE BANK A G,"Deutsche Bank Shares Quiet As Fitch Downgrades To BBB, Says Outlook Is 'Evolving'",3,decrease,0.8,0.6,,147,34,0.0,2019-06-07,89199.0,0.1481515355408192,1.9230714067816737,0.4437829083409728,6.213011618504849,-2.456648461520672,-4.526169220523291,0.2971764508101326
27352,SPDR DOW JONES IND AVG ETF TRUST,"US Adds 75,000 Jobs In May, Far Below Estimates",3,decrease,0.75,0.6,,147,34,0.0,2019-06-07,85765.0,0.9816850535571576,0.2843382302671671,0.4841536270942859,2.8769053649932985,0.7781666237860918,1.60457612667817,3.7102619554712617
27360,DISH NETWORK CORP,"DISH Network shares are trading higher after rumors surfaced that the company and AT&T, owner of DirecTV, are open to merging their satellite tv businesses.",3,increase,0.75,0.6,,155,29,2.0,2019-06-07,81696.0,2.542836219072342,0.6738544907420874,1.1859904711404967,5.148247823836871,0.7238367106765509,-0.1931025778375339,1.829444222993959
27368,DISH NETWORK CORP,BZ NOTE: UBS Highlighted A Seemingly Similar Item On AT&T Potential Spinning Off DirecTV On Thurs.,3,uncertain,0.6,0.3,,148,34,1.0,2019-06-07,81696.0,2.542836219072342,0.6738544907420874,1.1859904711404967,5.148247823836871,0.7238367106765509,-0.1931025778375339,1.829444222993959
27376,DISH NETWORK CORP,"Hearing AT&T, DISH Networks Shares Spike Higher As Hearing Cos. Open To Merge Satellite-TV Businesses",3,increase,0.8,0.6,,145,33,2.0,2019-06-07,81696.0,2.542836219072342,0.6738544907420874,1.1859904711404967,5.148247823836871,0.7238367106765509,-0.1931025778375339,1.829444222993959
27384,DAVITA INC,"DaVita Spokesperson Responds To Report FTC Poised To Recommend Co. Deal With UnitedHealth, Tells Benzinga, Co. Has 'Nothing to share at this time'",3,uncertain,0.6,0.3,,157,34,1.0,2019-06-07,82307.0,2.4269700050354,0.629069097340107,2.495287255218348,11.323132144142225,-0.1286948914639651,-0.9361672618074746,2.781461580307454
27392,DAVITA INC,DaVita Option Alert: Jun 21 $55 Calls at the Ask: 2500 @ $0.25 vs 369 OI; Earnings 7/31 After Close [est] Ref=$47.63,3,uncertain,0.6,0.3,,165,34,1.0,2019-06-07,82307.0,2.4269700050354,0.629069097340107,2.495287255218348,11.323132144142225,-0.1286948914639651,-0.9361672618074746,2.781461580307454
27400,DAVITA INC,"Hearing Chatter Indicating FTC Poised To Recommend DaVita-UnitedHealth Deal, Vote Expected In About Two Weeks",3,increase,0.75,0.6,,145,33,2.0,2019-06-07,82307.0,2.4269700050354,0.629069097340107,2.495287255218348,11.323132144142225,-0.1286948914639651,-0.9361672618074746,2.781461580307454
27408,ELECTRONIC ARTS INC,"Citigroup Initiates Coverage On Electronic Arts with Neutral Rating, Announces $102 Price Target",3,uncertain,0.6,0.2,,143,34,1.0,2019-06-07,75828.0,0.6224696524441242,-1.525926124304533,-4.392199722285628,-1.711512598368048,1.1968497186899183,2.4009372219206515,5.563467311304415
27416,ENTERGY CORP NEW,"UBS Maintains Buy on Entergy, Raises Price Target to $112",3,increase,0.8,0.6,,139,29,2.0,2019-06-07,24010.0,-0.3763169748708606,-0.7455268409103155,1.431413907079837,3.6381745238307506,0.7382337469607592,3.6330056893569385,3.0197987586958464
27424,ISHARES INC,"'If we are able to make the deal with Mexico, & there is a good chance that we will, they will begin purchasing Farm & Agricultural products at very high levels, starting immediately...' -Tweet From Pres Trump",3,increase,0.75,0.6,,165,33,2.0,2019-06-07,83223.0,0.3685783129185438,2.960754930973053,1.7672720814516871,3.209138418889945,-0.7544623222202063,-0.1150465756669882,1.7342435334052109
27432,ISHARES INC,Hearing Mexico's Business Coordinating Council Says US Tariff Threats Should Have Mirror Reaction From Mexico,3,uncertain,0.6,0.3,,142,34,1.0,2019-06-07,83223.0,0.3685783129185438,2.960754930973053,1.7672720814516871,3.209138418889945,-0.7544623222202063,-0.1150465756669882,1.7342435334052109
27440,ISHARES INC,'U.S. Government not prepared to collect tariffs on Mexican goods' -Earlier Yahoo! Finance Article,3,uncertain,0.6,0.3,,141,34,1.0,2019-06-07,83223.0,0.3685783129185438,2.960754930973053,1.7672720814516871,3.209138418889945,-0.7544623222202063,-0.1150465756669882,1.7342435334052109
27448,ISHARES INC,"United Nations Secretary General, Speaking About Trade Wars, Says We Need To Prevent Two World Powers From Sliding Into New Cold War",3,uncertain,0.6,0.3,,146,34,1.0,2019-06-07,83223.0,0.3685783129185438,2.960754930973053,1.7672720814516871,3.209138418889945,-0.7544623222202063,-0.1150465756669882,1.7342435334052109
27456,ISHARES INC,"Russia's Putin Says  We Are Against Trade Wars, We Support Democratic Economic Relations",3,uncertain,0.5,0.2,,138,34,1.0,2019-06-07,83223.0,0.3685783129185438,2.960754930973053,1.7672720814516871,3.209138418889945,-0.7544623222202063,-0.1150465756669882,1.7342435334052109
27464,ISHARES INC,"Russia's Putin, When Asked About Trade Wars, Cites World Bank Report And Warns Of Economic Downturn; Says All Will Face Big Problems If Trade Wars Continue",3,decrease,0.75,0.6,,155,34,0.0,2019-06-07,83223.0,0.3685783129185438,2.960754930973053,1.7672720814516871,3.209138418889945,-0.7544623222202063,-0.1150465756669882,1.7342435334052109
27472,ISHARES INC,"White House Chief Of Staff For VP Pence Short Says If Talks With Mexico Go Well, Pres Trump Could Decide Not To Implement Tariffs On Mon.",3,uncertain,0.6,0.3,,150,34,1.0,2019-06-07,83223.0,0.3685783129185438,2.960754930973053,1.7672720814516871,3.209138418889945,-0.7544623222202063,-0.1150465756669882,1.7342435334052109
27480,ISHARES INC,"Short Says New Round Of US-Mexico Negotiations Have Begun, With White House Counsel Leading",3,uncertain,0.6,0.3,,142,34,1.0,2019-06-07,83223.0,0.3685783129185438,2.960754930973053,1.7672720814516871,3.209138418889945,-0.7544623222202063,-0.1150465756669882,1.7342435334052109
27488,ISHARES INC,"Vice President Pence Chief Of Staff Short Says 'Very Encouraged' By Mexico Proposals On Immigration, Work Remains",3,uncertain,0.4,0.2,,145,34,1.0,2019-06-07,83223.0,0.3685783129185438,2.960754930973053,1.7672720814516871,3.209138418889945,-0.7544623222202063,-0.1150465756669882,1.7342435334052109
27496,ISHARES INC,"Asked About Trade Relationship With US, Migration, Mexico's President Lopez Obrador Says Will Make Announcement On Saturday At 5 p.m. Local Time In Tijuana",3,uncertain,0.6,0.3,,154,34,1.0,2019-06-07,83223.0,0.3685783129185438,2.960754930973053,1.7672720814516871,3.209138418889945,-0.7544623222202063,-0.1150465756669882,1.7342435334052109
27504,ISHARES INC,"Mexico's President Lopez Obrador Says National Guard Will Be Present On Mexico's Southern Border, As Well As Throughout Country",3,uncertain,0.6,0.2,,145,34,1.0,2019-06-07,83223.0,0.3685783129185438,2.960754930973053,1.7672720814516871,3.209138418889945,-0.7544623222202063,-0.1150465756669882,1.7342435334052109
27512,ISHARES INC,"Mexican Pres Obrador Says Does Not Agree With Credit Ratings Agencies, Believes Mexican Economy Doing Well",3,uncertain,0.6,0.2,,142,34,1.0,2019-06-07,83223.0,0.3685783129185438,2.960754930973053,1.7672720814516871,3.209138418889945,-0.7544623222202063,-0.1150465756669882,1.7342435334052109
27520,FATE THERAPEUTICS INC,"Roth Capital Initiates Coverage On Fate Therapeutics with Neutral Rating, Announces $20 Price Target",3,uncertain,0.6,0.3,,149,34,1.0,2019-06-07,14245.0,1.8068978562951092,-8.04215595126152,-1.1092664062446578,10.371596565150853,-7.082898169755936,-11.450004575388984,-8.992806166329226
27528,FREEPORT MCMORAN INC,"Freeport-Mcmoran CEO Adkerson Buys 172,000 @ Avg Price: $10.14",3,increase,0.75,0.6,,151,33,2.0,2019-06-07,81774.0,1.5701748430728908,2.5120701640844345,2.898543225784822,9.565214858152938,0.8910811506211758,-1.2596910317925536,2.721769242486105
27536,FEDEX CORP,FedEx's Express Unit Ends Relationship With Amazon,3,decrease,0.75,0.6,,131,25,0.0,2019-06-07,60628.0,0.7459343876689671,2.4174103513360023,4.1323872598874045,5.04999460857527,-1.097162626683712,-1.716893445662626,2.960489535474342
27544,FEDEX CORP,"FedEx Express Drops Amazon, Focuses On 'Broader E-Commerce Market'",3,uncertain,0.6,0.3,,137,34,1.0,2019-06-07,60628.0,0.7459343876689671,2.4174103513360023,4.1323872598874045,5.04999460857527,-1.097162626683712,-1.716893445662626,2.960489535474342
27552,FEDEX CORP,"FedEx, Related To Ending Of Express Deal With Amazon, Says Wants To Focus On Broader Ecommerce Market, Says Decision Doesn't Impact Amazon Business With FedEx Ground, Freight",3,uncertain,0.6,0.3,,156,34,1.0,2019-06-07,60628.0,0.7459343876689671,2.4174103513360023,4.1323872598874045,5.04999460857527,-1.097162626683712,-1.716893445662626,2.960489535474342
27560,FEDEX CORP,"Trader Idea Feed: 'FedEx may be dropping Amazon's domestic express contract, but the company says Amazon only was worth **1.3%** of its total revenue for 2018.' @SteveKopack Via Twitter",3,uncertain,0.6,0.3,,168,34,1.0,2019-06-07,60628.0,0.7459343876689671,2.4174103513360023,4.1323872598874045,5.04999460857527,-1.097162626683712,-1.716893445662626,2.960489535474342
27568,FEDEX CORP,FedEx Shares Dip On Large Uptick In Vol As Hearing FedEx Will Not Renew Its Express US Domestic Contract With Amazon,3,decrease,0.85,0.7,,146,34,0.0,2019-06-07,60628.0,0.7459343876689671,2.4174103513360023,4.1323872598874045,5.04999460857527,-1.097162626683712,-1.716893445662626,2.960489535474342
27576,FEDEX CORP,FedEx's Express Unit Creates Flex-Time Driver Classification,3,increase,0.7,0.4,,132,24,2.0,2019-06-07,60628.0,0.7459343876689671,2.4174103513360023,4.1323872598874045,5.04999460857527,-1.097162626683712,-1.716893445662626,2.960489535474342
27584,FAIR ISAAC CORP,5 Fintech Companies That Offer Alternative Loans,3,uncertain,0.5,0.2,,132,34,1.0,2019-06-07,11533.0,0.3139252308756113,0.6674106232821941,-2.219377835740566,-2.736710015317212,3.367554023861885,4.969904055751262,8.558219255144017
27592,SPDR GOLD TRUST,"UPDATE: S&P 500 Futures Spike 10 Points, Gold Falls ~$3/Oz",3,decrease,0.75,0.6,,140,34,0.0,2019-06-07,90448.0,0.5640285089612007,-0.9953349828720092,-0.0236975956097729,4.257839865489199,0.3267681691795587,0.5832966054277078,0.615455695514
27600,SPDR GOLD TRUST,Gold Spikes $5-$6/Oz Following Worse-Than-Expected Jobs Data For Month Of May,3,increase,0.85,0.7,,143,33,2.0,2019-06-07,90448.0,0.5640285089612007,-0.9953349828720092,-0.0236975956097729,4.257839865489199,0.3267681691795587,0.5832966054277078,0.615455695514
27608,G S K PLC,Bicycle Therapeutics 13D Filing From GlaxoSmithKline Shows 10.8% Stake,3,increase,0.75,0.6,,143,33,2.0,2019-06-07,75064.0,2.1036421880126,0.8040193468332291,0.8040193953583019,1.1809077073635876,0.8016586303710938,0.2314223799812609,-0.1536920105191019
27616,G S K PLC,GlaxoSmithKline shares are trading higher after the company announced that the FDA approved two new methods for administering Nucala for patients.,3,increase,0.85,0.7,,149,33,2.0,2019-06-07,75064.0,2.1036421880126,0.8040193468332291,0.8040193953583019,1.1809077073635876,0.8016586303710938,0.2314223799812609,-0.1536920105191019
27624,HELIX ENERGY SOLUTIONS GROUP INC,"Raymond James Upgrades Helix Energy Solutions Gr to Strong Buy, Raises Price Target to $11",3,increase,0.85,0.7,,148,33,2.0,2019-06-07,85168.0,10.7449859380722,0.7761958986520767,-5.692109459969307,6.338942038546813,0.0,-0.8522719144821167,1.0130270801745225
27632,HELMERICH & PAYNE INC,"Piper Jaffray Upgrades Helmerich & Payne to Overweight, Lowers Price Target to $60",3,increase,0.7,0.5,,151,29,2.0,2019-06-07,32707.0,1.387258805334568,-2.3703981190919876,-6.725762098065092,-1.5031776627591698,0.3529417794197798,1.6888504994985398,2.791724035002674
27640,HERSHEY CO,Hershey Option Alert: Sep 20 $145 Calls Sweep (31) near the Ask: 651 @ $3.5 vs 133 OI; Earnings 7/25 Before Open [est] Ref=$139.34,3,increase,0.75,0.6,,170,33,2.0,2019-06-07,16600.0,0.5610528867691755,-0.9202152490615844,0.2246306900834938,-0.6376274839664742,0.904353428632021,3.08720839018517,3.710423673718166
27648,HUBSPOT INC,"Goldman Sachs Initiates Coverage On HubSpot with Buy Rating, Announces $223 Price Target",3,increase,0.85,0.7,,140,33,2.0,2019-06-07,14970.0,3.117423318326473,1.8012845888733864,-1.6234520084221549,2.5470326760320905,-0.2125025726854801,2.684807168454184,4.197483571337712
27656,HURCO CO,"Hurco Companies Q2 EPS $0.76 Up From $0.55 YoY, Sales $70.674M Up From $70.424M YoY",3,increase,0.8,0.6,,156,33,2.0,2019-06-07,42922.0,0.9073462337255478,-1.5940029174089432,-2.3978229516347205,-0.926430955404578,-0.3834549337625503,0.8876551803094657,3.677300562848096
27664,INTERNATIONAL BUSINESS MACHS COR,"IBM Laying Off 1,000+ Employees",3,decrease,0.75,0.6,,134,34,0.0,2019-06-07,12490.0,0.8243808522820473,1.0726937092840672,1.3802387868053545,4.418272731158068,0.5551720038056374,-0.3542100084189425,3.0794392121220593
27672,INTERNATIONAL FLAVORS & FRAG INC,"KeyBanc Maintains Overweight on Intl Flavors & Fragrances, Raises Price Target to $160",3,increase,0.8,0.6,,152,29,2.0,2019-06-07,40272.0,1.8852699548006064,0.006604881491512,-1.67196268209866,-3.251393623361498,5.221403390169144,3.5343377372665907,6.756763555607503
27680,INTERMEDIATE PARFUMS INC,"Inter Parfums Reports 11-Year Exclusive Global Fragrance License Deal With Kate Spade New York, No Terms Disclosed",3,increase,0.75,0.6,,153,29,2.0,2019-06-07,11884.0,1.575885526835918,3.2384417951107025,0.6778082769909988,2.03343649899308,0.0459188391687348,-1.1045480137279795,1.0513301253278096
27688,INVESCO LTD,"UPDATE: Jefferies Downgrades Invesco To Hold, Lowers Target To $23 As Firm Notes 'While the combination with OFI will generate significant expense synergies, the outlook for organic growth remains challenged in our view'",3,decrease,0.8,0.6,,167,34,0.0,2019-06-07,19583.0,-0.8670534938573837,-0.4859105218201875,0.2915425727770371,0.0485919810363499,0.6789494771510363,0.289852472868346,3.851928202354205
27696,INVESCO LTD,"Jefferies Downgrades Invesco to Hold, Lowers Price Target to $23",3,decrease,0.8,0.6,,139,34,0.0,2019-06-07,19583.0,-0.8670534938573837,-0.4859105218201875,0.2915425727770371,0.0485919810363499,0.6789494771510363,0.289852472868346,3.851928202354205
27704,JETBLUE AIRWAYS CORP,Vertical Research Upgrades JetBlue Airways to Buy,3,increase,0.8,0.6,,137,33,2.0,2019-06-07,89353.0,2.120530977845192,-0.2732198918238282,5.737711498381337,1.5847045259758552,-1.1582961305975914,0.6176340624648446,3.9443176087463616
27712,QUAKER CHEMICAL CORP,Janney Capital Upgrades Quaker Chemical to Buy,3,increase,0.85,0.7,,138,29,2.0,2019-06-07,64929.0,0.8046100847423077,2.67290435731411,4.032982260458917,6.075727443423151,0.6285665556788445,0.1909311102816779,4.283748420735711
27720,LOCKHEED MARTIN CORP,Lockheed Martin Shares Relatively Quiet Amid Headline US Has Set Plan To Eject Turkey From Co.'s F-35 Fighter Jet Program,3,decrease,0.7,0.5,,156,34,0.0,2019-06-07,21178.0,0.7687569595873356,-1.0218745097517967,-1.432873431953008,1.1626196445246872,-0.0510414480231702,0.9073945881344692,2.3072181863677654
27728,LANDSTAR SYSTEM INC,"Buckingham Research Maintains Neutral on Landstar System, Lowers Price Target to $112",3,decrease,0.75,0.6,,140,34,0.0,2019-06-07,78981.0,-0.5566191859543325,1.750459149479866,6.096069488920031,6.289436530280801,-1.3675411231815815,-1.1306832180731583,1.992155761873993
27736,MASTERCARD INC,"Biggar Tells Benzinga Today's Weaker-Than-Expected Employment Report, Coupled With Recent Comments From Fed Officials, Raises Potential For An Interest Rate Cut And Thus Likelihood For Continuation Of Long-Running Economic Expansion.",3,increase,0.75,0.6,,169,29,2.0,2019-06-07,91233.0,3.091184794902802,0.1128737116232514,-2.144462739822772,-0.5003712241499536,0.6126499269157648,3.471383719166554,6.42697603082425
27744,MASTERCARD INC,"Argus Research Analyst Stephen Biggar, When Asked About MasterCard Strength, Tells Benzinga 'Visa And PayPal Are Up Nearly As Much As MA On A Percentage Basis. I Would Attribute The Move To A Continued Bright Outlook For Consumer Spending.'",3,increase,0.75,0.6,,173,29,2.0,2019-06-07,91233.0,3.091184794902802,0.1128737116232514,-2.144462739822772,-0.5003712241499536,0.6126499269157648,3.471383719166554,6.42697603082425
27752,MCDONALDS CORP,Bank Of America Likes McDonald's Stock A Little More,3,increase,0.75,0.6,,138,33,2.0,2019-06-07,43449.0,1.196745969355106,-2.034257724881172,-0.0924676886369213,-0.5937324419482581,1.4590506441891191,1.7131683819966217,2.1481055851430675
27760,MCDONALDS CORP,"Bank of America Maintains Buy on McDonald's, Raises Price Target to $220",3,increase,0.85,0.7,,144,33,2.0,2019-06-07,43449.0,1.196745969355106,-2.034257724881172,-0.0924676886369213,-0.5937324419482581,1.4590506441891191,1.7131683819966217,2.1481055851430675
27768,MONSTER BEVERAGE CORP NEW,"Monster shares trading higher after a report that the company is preparing to acquire nonalcoholic beverages outside of energy drinks, and is open to exploring alcoholic and cannabis beverages.",3,increase,0.75,0.6,,163,33,2.0,2019-06-07,88031.0,3.2581422477960587,-0.2578855725005269,-6.962979904104605,-3.246358224861301,-0.2967337612062692,1.5428681392587018,1.6398642213182324
27776,MONSTER BEVERAGE CORP NEW,"UPDATE: Analysts At Monster Annual Shareholder Meeting Say 'The company is open to exploring cannabis beverages, too, if they become federally legal in the U.S...'",3,increase,0.75,0.6,,162,33,2.0,2019-06-07,88031.0,3.2581422477960587,-0.2578855725005269,-6.962979904104605,-3.246358224861301,-0.2967337612062692,1.5428681392587018,1.6398642213182324
27784,MONSTER BEVERAGE CORP NEW,Monster Energy Shares Up 3% Following Annual Shareholder Meeting Thurs.; Recent Dow Jones Article Highlights 'Monster Looks Beyond Energy Drinks Into Alcohol',3,increase,0.75,0.6,,157,33,2.0,2019-06-07,88031.0,3.2581422477960587,-0.2578855725005269,-6.962979904104605,-3.246358224861301,-0.2967337612062692,1.5428681392587018,1.6398642213182324
27792,MATADOR RESOURCES CO,"JP Morgan Upgrades Matador Resources to Overweight, Lowers Price Target to $26",3,increase,0.7,0.5,,142,33,2.0,2019-06-07,13244.0,3.1326793134212485,0.2382311271503567,0.3573521277412839,11.316256428731087,1.2437858618795872,-4.178923327720518,-2.2809072985886636
27800,VAIL RESORTS INC,"Stifel Nicolaus Maintains Hold on Vail Resorts, Raises Price Target to $230",3,uncertain,0.6,0.2,,144,34,1.0,2019-06-07,84588.0,8.72037261724472,-0.6747379433363676,-0.4849699749228886,-2.7790712384220484,-0.0733053835574537,1.843125652101207e-09,2.3077996466539075
27808,NORWEGIAN CRUISE LINE HLDGS LTD,"Norwegian Cruise Line Sees Modification Of Itineraries, Incremental Marketing Investment, Accommodation Of Cancellations, Changes To Reservations Related To New Travel Regulations To Cuba $0.35-$0.45 In FY19 Adj. EPS",3,decrease,0.7,0.6,,185,34,0.0,2019-06-07,13760.0,1.251446921378374,2.357865869998932,3.2135360687497228,-2.8142224476991218,-0.8400199003517628,-4.275709098846026,-4.346225842894224
27816,NEXTERA ENERGY INC,"UBS Maintains Buy on NextEra Energy, Raises Price Target to $236",3,increase,0.85,0.7,,142,29,2.0,2019-06-07,24205.0,-0.6658219266682863,-0.4745834972709417,1.2574036841765055,1.546065693027043,0.5423897411674261,3.199914398609738,3.096498887159771
27824,NEPTUNE WELLNESS SOLUTIONS INC,Neptune Wellness Solutions shares are trading higher after the company signed a multi-year extraction agreement with Tilray.,3,increase,0.75,0.6,,150,29,2.0,2019-06-07,92222.0,27.707812190055854,-9.467455744743347,-15.581853268326162,-13.806711627501675,-0.2512560458853841,-0.5012526641998916,-1.975312602142831
27832,NEPTUNE WELLNESS SOLUTIONS INC,Neptune Wellness Signs Extraction Deal With Tilray,3,increase,0.75,0.6,,139,29,2.0,2019-06-07,92222.0,27.707812190055854,-9.467455744743347,-15.581853268326162,-13.806711627501675,-0.2512560458853841,-0.5012526641998916,-1.975312602142831
27840,NEPTUNE WELLNESS SOLUTIONS INC,"Neptune Wellness Solutions Report Deal To Provide Extraction, Purification Services To Tilray; Minimum Volume Of Biomass To Be Processed Over 3 Year Term Is 125,000kg, Representing 20% Of Total Volumes",3,increase,0.75,0.6,,177,33,2.0,2019-06-07,92222.0,27.707812190055854,-9.467455744743347,-15.581853268326162,-13.806711627501675,-0.2512560458853841,-0.5012526641998916,-1.975312602142831
27848,OIL DRI CORP OF AMERICA,"Oil-Dri Corp of America Q3 EPS $0.74 Up From $0.48 YoY, Sales $70.89M Up From $64.847M YoY",3,increase,0.85,0.7,,169,33,2.0,2019-06-07,59185.0,0.1384593895636499,3.6985818296670914,1.1061171534789915,5.737987660894639,0.3822053549811244,-2.332659095938827,-0.4136534660983293
27856,P G & E CORP,"PG&E Shares Unaffected Following Press Release Highlighting It Is Closely Monitoring Fire Danger Conditions In Northern California, Says Might Proactively Turn Off Power For Safety To A Number Of Customers",3,uncertain,0.6,0.3,,162,34,1.0,2019-06-07,13688.0,-2.4320470169186588,-3.372427448630333,-9.67741739977226,12.21896519051855,1.060237642377615,11.899677498317462,17.2163219291942
27864,PUBLIC SERVICE ENTERPRISE GP INC,"Goldman Upgrades Exelon, Says It's Otherwise Cautious On Energy Group",3,uncertain,0.6,0.3,,142,34,1.0,2019-06-07,23712.0,-0.5139280110597609,-0.2332934411242604,1.583070724126978,1.7330460087092936,0.6456923205405474,2.340064274795295,2.3917817673493547
27872,PACIFIC PREMIER BANCORP INC,Janney Capital Downgrades Pacific Premier Bancorp to Neutral,3,decrease,0.75,0.6,,144,34,0.0,2019-06-07,85020.0,-1.5395103022456171,2.3280058056116104,5.489923232943306,6.323834871840628,0.1027355436235666,-0.1707689344078056,2.886306640563463
27880,P T C THERAPEUTICS INC,PTC Therapeutics Shares Spike After FDA Approves Drug For Younger Patients,3,increase,0.85,0.7,,146,29,2.0,2019-06-07,13967.0,3.945409879088402,-2.0291203632950783,-4.487947133771519,4.201485183664744,-3.1948156654834747,-1.8748488274296091,0.8760914273691522
27888,P T C THERAPEUTICS INC,PTC Therapeutics Reports FDA Approval For Expansion of the EMFLAZA® (deflazacort) Labeling to Include Patients 2-5 Years of Age,3,increase,0.8,0.6,,167,29,2.0,2019-06-07,13967.0,3.945409879088402,-2.0291203632950783,-4.487947133771519,4.201485183664744,-3.1948156654834747,-1.8748488274296091,0.8760914273691522
27896,ROYAL CARIBBEAN CRUISES LTD,"Nomura Maintains Buy on Royal Caribbean Cruises, Lowers Price Target to $150",3,uncertain,0.6,0.2,,153,30,1.0,2019-06-07,79145.0,1.96392610669136,2.041829563677311,2.612214663073509,-5.067376201190754,0.1434947014786303,-2.361947762062322,-1.7067088761701488
27904,REGIONS FINANCIAL CORP NEW,"Regions Bank Reports Purchase Of Highland Associates, No Terms Disclosed",3,uncertain,0.6,0.3,,142,34,1.0,2019-06-07,35044.0,-1.139600016176701,0.7925047539174557,5.115274159326777,5.403458521853377,0.0705708283931016,-1.046754796755145,1.4306181630432846
27912,SABRE CORP,"UPDATE: Mizuho Initiates Sabre With Buy, $25 Target As Firm Notes 'The Travel Network business has been executing well, and we expect it to continue to take share within an attractive oligopolistic market'",3,increase,0.8,0.6,,166,29,2.0,2019-06-07,14608.0,2.952384948730469,0.9250640869140624,3.0989827538077996,6.379035957828649,-0.3795062890276313,-0.2848977659397844,3.39734381826744
27920,SABRE CORP,"Mizuho Initiates Coverage On Sabre with Buy Rating, Announces $25 Price Target",3,increase,0.8,0.6,,140,33,2.0,2019-06-07,14608.0,2.952384948730469,0.9250640869140624,3.0989827538077996,6.379035957828649,-0.3795062890276313,-0.2848977659397844,3.39734381826744
27928,S B A COMMUNICATIONS CORP NEW,"UBS Downgrades SBA Communications to Neutral, Raises Price Target to $240",3,decrease,0.7,0.3,,148,34,0.0,2019-06-07,86996.0,-0.4424759652465582,0.4716522991657257,2.7210884898388077,5.174604947099581,0.344325159676373,1.8486107047606335,1.8673523790654567
27936,SMUCKER J M CO,"Wells Fargo Maintains Market Perform on JM Smucker, Raises Price Target to $114",3,increase,0.7,0.5,,144,33,2.0,2019-06-07,42585.0,1.765135303139687,-1.517706084996462,-0.9796845894105456,-2.4170899922813405,-2.3072004318237305,-1.7897236688465212,-1.552695237902435
27944,SMUCKER J M CO,"Morgan Stanley Maintains Equal-Weight on JM Smucker, Raises Price Target to $120",3,increase,0.7,0.5,,144,33,2.0,2019-06-07,42585.0,1.765135303139687,-1.517706084996462,-0.9796845894105456,-2.4170899922813405,-2.3072004318237305,-1.7897236688465212,-1.552695237902435
27952,SCHLUMBERGER LTD,"Stifel Upgrades Schlumberger, Finds 6 Reasons To Turn Bullish",3,increase,0.85,0.7,,142,29,2.0,2019-06-07,14277.0,1.56918466091156,-0.3651608480140567,0.9269715218427788,9.213490973375894,0.3148271702229976,-1.9031635800107585,0.1422419742976188
27960,SCHLUMBERGER LTD,"Stifel Nicolaus Upgrades Schlumberger to Buy, Announces $50 Price Target",3,increase,0.8,0.6,,143,33,2.0,2019-06-07,14277.0,1.56918466091156,-0.3651608480140567,0.9269715218427788,9.213490973375894,0.3148271702229976,-1.9031635800107585,0.1422419742976188
27968,SMITH & NEPHEW PLC,Smith & Nephew Option Alert: Jun 21 $40 Calls at the Ask: 1750 @ $3.5 vs 5508 OI; Earnings 7/25 After Close [est] Ref=$43.27,3,uncertain,0.6,0.3,,177,34,1.0,2019-06-07,87444.0,1.5954958274960522,-0.5311768036335707,-1.2009248849448315,1.1547344973944051,0.4004668444395065,0.9235126577466612,0.4477931463987339
27976,SANOFI,Sanofi shares are trading higher after the current CEO Brandicourt announced he would step down and Paul Hudson will be the new CEO on September 1st.,3,increase,0.75,0.6,,151,33,2.0,2019-06-07,89475.0,5.487948656082153,-1.3571555726230145,-3.935756413804614,-0.135710419810231,0.9393048472702504,1.1341728318014832,1.9708062901116596
27984,SPLUNK INC,"Goldman Sachs Initiates Coverage On Splunk with Neutral Rating, Announces $119 Price Target",3,uncertain,0.6,0.3,,138,34,1.0,2019-06-07,13379.0,1.680362038314342,6.439739465713501,6.197235222412512,11.675947897619457,-1.324683427810669,-1.9958858532794663,0.4126520232757391
27992,STMICROELECTRONICS NV,STMicroelectronics Option Alert: Oct 18 $17.5 Calls Sweep (21) near the Ask: 605 @ $1.15 vs 2879 OI; Earnings 7/24 Before Open [est] Ref=$16.03,3,increase,0.75,0.6,,181,33,2.0,2019-06-07,81132.0,5.694179981946945,-1.0895902290940285,-4.297820868124691,3.1800767976956967,0.0640219543129205,-2.190234328662777,3.1002657212026774
28000,SOUTHWESTERN ENERGY CO,Oppenheimer Initiates Coverage On Southwestern Energy with Perform Rating,3,uncertain,0.6,0.2,,136,30,1.0,2019-06-07,63765.0,0.5747120827436447,-3.1428541988134384,-9.14285500563128,-9.9999968451421,-0.8547000586986542,-6.702412769151644,-5.691057832440627
28008,TOYOTA MOTOR CORP,"'Toyota unveils images of upcoming all-electric cars, accelerates EV plans by 5 years ' -Electrek",3,increase,0.8,0.6,,150,33,2.0,2019-06-07,76655.0,0.8985954336822033,0.8987650275230408,1.6341204762583272,1.9936289601734547,0.8983545005321503,1.472312265556086,2.683489242519732
28016,TRUSTCO BANK CORP NY,Trustco Bank Reports 1M Share Buyback,3,increase,0.75,0.6,,136,33,2.0,2019-06-07,77519.0,-0.4026809707283973,1.4824816025793552,2.9649566965542107,1.8867906089324205,-0.1577078131958842,-0.8162943921307231,1.596279979881854
28024,ISHARES INC,Russia's Rostec Head Says Russia To Start Delivering S-400 Missile Systems To Turkey In Two Months,3,uncertain,0.5,0.2,,143,29,1.0,2019-06-07,92600.0,2.189141884446144,2.1850910037755966,-3.170521539392246,1.610852716826083,-0.6092227529734373,-0.0874910659417693,1.151462510393264
28032,ISHARES INC,From Earlier: 'US has stopped accepting Turkish pilots for F-35 training over Russia defenses' -The Hill,3,uncertain,0.4,0.2,,144,34,1.0,2019-06-07,92600.0,2.189141884446144,2.1850910037755966,-3.170521539392246,1.610852716826083,-0.6092227529734373,-0.0874910659417693,1.151462510393264
28040,THERAPEUTICSMD INC,"UPDATE: TherapeuticsMD Will Receive €14M As Upfront Fee, Is Eligible To Receive Up To €29.5M In Regulatory, Sales Milestone Payments",3,increase,0.75,0.6,,161,29,2.0,2019-06-07,13863.0,-1.869157142937183,-4.444447532296181,-22.539683797438823,-15.873016102229164,0.6269586272537708,0.6269586272537708,3.2154388393919264
28048,THERAPEUTICSMD INC,"TherapeuticsMD Reports Exclusive License, Supply Deal To Commercialize BIJUVA, IMVEXXY Outside The US",3,increase,0.75,0.6,,152,33,2.0,2019-06-07,13863.0,-1.869157142937183,-4.444447532296181,-22.539683797438823,-15.873016102229164,0.6269586272537708,0.6269586272537708,3.2154388393919264
28056,URSTADT BIDDLE PROPERTIES INC,Urstadt Biddle Properties Q2 FFO EPS $0.35 Down From $0.4 YoY,3,decrease,0.75,0.6,,152,34,0.0,2019-06-07,86313.0,0.6941213272511959,-2.38970797508955,-1.6544145200101723,-1.3786817200987955,-1.2791173532605171,-0.4606102376930154,-1.188844196935568
28064,VEEVA SYSTEMS INC,"Goldman Sachs Initiates Coverage On Veeva Systems with Neutral Rating, Announces $151 Price Target",3,uncertain,0.6,0.2,,146,30,1.0,2019-06-07,14231.0,2.012576721608639,0.191120570525527,1.4981553790125224,4.1491959773400255,0.5756238009780645,2.198224872722787,6.561217622123383
28072,VANECK E T F TRUST,Banks Have Some Things To Work Out Before Helping The Vietnam ETF,3,decrease,0.75,0.6,,140,34,0.0,2019-06-07,92994.0,0.9870558977127076,-0.2443549921736121,-0.5497871066062365,3.2463365329249423e-09,-0.0616536941379308,-0.1847332886960817,0.871184738373243
28080,VANGUARD INDEX FUNDS,Trader Idea Feed: 'Income Investors: Why Now Is 'Not' The Time To Load Up On REITs And 6 Strategies To Apply In June 2019...' @AlertTrade Via Twitter,3,decrease,0.7,0.5,,168,34,0.0,2019-06-07,90350.0,0.3720759879797697,-0.3257619682699442,0.7638736472953322,1.3592526906313296,0.1920535578392446,2.283477522369326,1.825492489121494
28088,VERTEX PHARMACEUTICALS INC,"Vertex Pharmaceuticals shares are trading higher after the company announced it acquired Exonics Therapeutics, expanding into gene therapy; The company also entered a licensing agreement with CRISPR to further help jump-start its gene-therapy business.",3,increase,0.8,0.6,,177,33,2.0,2019-06-07,76744.0,3.433677926659584,-0.3861438482999801,-1.896140466044116,6.028475086817053,-3.1857818365097046,-2.055236883027778,0.6661068602380693
28096,VERTEX PHARMACEUTICALS INC,"Vertex Signs Gene Editing Deals With Crispr, Exonics Worth Up To $2 Billion",3,increase,0.8,0.6,,151,33,2.0,2019-06-07,76744.0,3.433677926659584,-0.3861438482999801,-1.896140466044116,6.028475086817053,-3.1857818365097046,-2.055236883027778,0.6661068602380693
28104,W P CAREY INC,"Citigroup Upgrades W.P. Carey to Neutral, Raises Price Target to $81",3,increase,0.8,0.6,,141,33,2.0,2019-06-07,85763.0,0.8539927192032337,-0.3057769499719143,0.5527475077894417,0.6468341250490672,-0.2602640772238374,2.144410667469865,0.9579635055346536
28112,SELECT SECTOR SPDR TRUST,Russia's Economic Minister Says Its 'Wrong' For Central Banks To Own Commercial Banks,3,uncertain,0.5,0.2,,142,34,1.0,2019-06-07,86455.0,-0.1472717500291765,0.8480808697640896,0.4424739270694644,0.8829699838412752,0.3695505671203136,1.0040924452895172,3.743313624292366
28120,YANDEX N V,"Owner Of Russia's TCS Group, Tinkov, Tells Yandex Exec 'If We Merge Assets, United Co. Will Be Worth $20B+'",3,increase,0.75,0.6,,157,33,2.0,2019-06-07,12799.0,0.3769504372030497,1.314382255077362,1.7972156643959014,4.667386538277141,2.3704538121819496,2.3986736284344,4.7968420278135415
28128,YUM BRANDS INC,Last Year Americans Spent As Much On Cannabis As They Did On Taco Bell,3,uncertain,0.6,0.3,,139,34,1.0,2019-06-07,85348.0,0.5995218176394701,-0.3850721288472414,0.660127663852772,1.1002080784631607,1.0532177053391931,1.3555174022472638,4.1398497568031045
28136,ZUMIEZ INC,Zumiez Sticks Q1 Print: Analyst Says Skate Segment 'Somewhat Inexplicably Turned Positive',3,increase,0.75,0.6,,146,33,2.0,2019-06-07,90715.0,15.96143245697021,-0.8776006288826466,7.57506374047765,20.785219481894423,-6.3691094517707825,-9.58837561586572,-7.984232408503456
28144,ZUMIEZ INC,Zumiez shares are trading higher after the company reported better-than-expected Q1 EPS and sales results.	The company also reported Q1 comps up 3.3%.,3,increase,0.85,0.7,,157,33,2.0,2019-06-07,90715.0,15.96143245697021,-0.8776006288826466,7.57506374047765,20.785219481894423,-6.3691094517707825,-9.58837561586572,-7.984232408503456
28152,A G N C INVESTMENT CORP,"UBS Initiates Coverage On AGNC Investment with Neutral Rating, Announces $16.5 Price Target",3,uncertain,0.6,0.3,,150,30,1.0,2019-06-21,92680.0,-0.1187675632536411,0.0594543933402746,0.9586578012302782,2.1591220265658295,-0.4728127736598253,0.5973738880671986,0.2977917842889255
28160,ALNYLAM PHARMACEUTICALS INC,"Alnylam Announces Progress With RNAi Therapeutics Platform, Including Oral Route Of Administration And CNS And Ocular Delivery",3,increase,0.8,0.6,,157,29,2.0,2019-06-21,90178.0,1.266340259462595,-3.455694019794464,-2.433784059782762,-4.665861483373924,2.042519301176071,0.5751927706912019,2.713290123506318
28168,ALEXANDRIA REAL EST EQUITIES INC,"Alexandria Real Estate Equities shares are trading lower after the company announced the pricing of its upsized public offering of 3,850,000 shares of common stock at $145 per share.",3,decrease,0.75,0.6,,171,34,0.0,2019-06-21,84767.0,-3.101443499326706,0.2340283244848251,-2.1906997665049333,1.0328749255759773,0.2540886867791414,0.8000451458391566,0.5162168123591382
28176,ALEXANDRIA REAL EST EQUITIES INC,Alexandria Real Estate Equities  Announces Pricing of Upsized Public Offering of 3.85M Shares of Common Stock @$145/Share,3,decrease,0.75,0.5,,161,34,0.0,2019-06-21,84767.0,-3.101443499326706,0.2340283244848251,-2.1906997665049333,1.0328749255759773,0.2540886867791414,0.8000451458391566,0.5162168123591382
28184,ARROWHEAD PHARMACEUTICALS INC,Arrowhead Pharmaceuticals Receives FDA Orphan Drug Designation For ARO-APOC3 Fo The Treatment Of Familial Chylomicronemia Syndrome,3,increase,0.8,0.6,,164,33,2.0,2019-06-21,80069.0,3.041406720876694,-2.204839326441288,-5.761026918527701,-6.61451113175705,-0.7997066713869572,-2.1513032444711144,3.1758039016177353
28192,AURINIA PHARMACEUTICALS INC,ILJIN Chairman Issues Letter To Aurinia Shareholders Seeking To Replace Three Incumbent Directors,3,uncertain,0.6,0.3,,155,34,1.0,2019-06-21,14924.0,0.1620705355890095,0.1618160051293671,6.472493645716337,2.750810273227011,-2.9874222353100777,-3.139714507473934,-2.681389164978265
28200,CITIGROUP INC,"'Citigroup Beefs Up Investment Banking Ranks With Hires From Goldman Sachs, Deutsche Bank, Barclays' -Dow Jones",3,increase,0.75,0.6,,147,33,2.0,2019-06-21,70519.0,-0.1908917096443474,-0.8238893002271652,3.030745165286408,4.6491039862297745,0.7545527070760727,0.1765153315177903,2.344450711183743
28208,CATERPILLAR INC,Caterpillar CEO Tells Cramer Trade Tensions 'Not New For Us',3,uncertain,0.6,0.3,,142,34,1.0,2019-06-21,18542.0,0.1945629715919495,0.3585000522434711,1.792511725666257,0.7095354492031136,2.3122305050492287,2.5320363683263514,4.956020450632925
28216,CATERPILLAR INC,Caterpillar Option Alert: Jul 26 $142 Calls Sweep (34) near the Ask: 542 @ $1.48 vs 13 OI; Earnings 7/24 Before Open Ref=$134.035,3,increase,0.75,0.6,,171,33,2.0,2019-06-21,18542.0,0.1945629715919495,0.3585000522434711,1.792511725666257,0.7095354492031136,2.3122305050492287,2.5320363683263514,4.956020450632925
28224,CROWN CASTLE INC,Crown Castle Increases Revolving Credit Facility Commitments To $5B And Extends Maturity Of Existing Facilities,3,increase,0.75,0.6,,147,29,2.0,2019-06-21,86339.0,-0.8326025679707527,-0.463989470154047,-3.9991108087705896,-0.5081768588481639,0.2195894252508878,0.646872213087657,0.6838684249845794
28232,CARNIVAL CORP,"Deutsche Bank Maintains Hold on Carnival, Lowers Price Target to $54",3,decrease,0.75,0.6,,140,34,0.0,2019-06-21,75154.0,-4.4467177242040625,-1.3510637916624546,-0.1715672946214996,-0.4503600142091279,-7.645724713802338,-6.834673140794811,-6.656464528410588
28240,CARNIVAL CORP,"Wedbush Maintains Neutral on Carnival, Lowers Price Target to $50",3,decrease,0.75,0.6,,140,34,0.0,2019-06-21,75154.0,-4.4467177242040625,-1.3510637916624546,-0.1715672946214996,-0.4503600142091279,-7.645724713802338,-6.834673140794811,-6.656464528410588
28248,CARNIVAL CORP,"Nomura Downgrades Carnival to Neutral, Lowers Price Target to $52",3,decrease,0.8,0.6,,140,34,0.0,2019-06-21,75154.0,-4.4467177242040625,-1.3510637916624546,-0.1715672946214996,-0.4503600142091279,-7.645724713802338,-6.834673140794811,-6.656464528410588
28256,CARNIVAL CORP,"Barclays Downgrades Carnival to Equal-Weight, Lowers Price Target to $55",3,decrease,0.85,0.7,,143,34,0.0,2019-06-21,75154.0,-4.4467177242040625,-1.3510637916624546,-0.1715672946214996,-0.4503600142091279,-7.645724713802338,-6.834673140794811,-6.656464528410588
28264,CROCS INC,"Crocs Could Pull Off 10-15% Earnings Upside, Baird Says In Upgrade",3,increase,0.85,0.1,,139,29,2.0,2019-06-21,91090.0,8.337994664907455,-0.5681849550455809,2.0144595577294755,8.367762605652619,0.6193728186190128,-2.4563256776292897,0.1120473944068445
28272,CROCS INC,Crocs shares are trading higher after Baird upgraded the stock from Neutral to Outperform and announced a price target of $29.,3,increase,0.85,0.7,,145,33,2.0,2019-06-21,91090.0,8.337994664907455,-0.5681849550455809,2.0144595577294755,8.367762605652619,0.6193728186190128,-2.4563256776292897,0.1120473944068445
28280,CROCS INC,"Baird Upgrades Crocs to Outperform, Announces $29 Price Target",3,increase,0.8,0.6,,135,33,2.0,2019-06-21,91090.0,8.337994664907455,-0.5681849550455809,2.0144595577294755,8.367762605652619,0.6193728186190128,-2.4563256776292897,0.1120473944068445
28288,CATALENT INC,Catalent shares are trading higher after Jefferies upgraded the stock from Hold to Buy and raised the price target from $50 to $62.,3,increase,0.85,0.7,,150,33,2.0,2019-06-21,14763.0,5.887038633227348,-1.0142766870558262,1.8219334873406767,2.460551284422041,-0.6127720233052969,-0.3961980144644106,-0.5734643318082266
28296,CATALENT INC,"Jefferies Upgrades Catalent to Buy, Raises Price Target to $62",3,increase,0.8,0.6,,138,33,2.0,2019-06-21,14763.0,5.887038633227348,-1.0142766870558262,1.8219334873406767,2.460551284422041,-0.6127720233052969,-0.3961980144644106,-0.5734643318082266
28304,C V S HEALTH CORP,CNBC: Retail Pharmacies More Worried About Amazon Than They Admit,3,decrease,0.75,0.6,,140,34,0.0,2019-06-21,17005.0,-0.4083857405930758,-0.9506097063422204,1.5657039608669931,3.094128335813595,-1.8582629039883616,-1.4452999407158384,-1.2284598447770634
28312,CHINA YUCHAI INTERNATIONAL LTD,China Yuchai Announces the Dissolution of Venture Lewis Limited Subsidiary,3,decrease,0.7,0.5,,143,34,0.0,2019-06-21,81134.0,-1.558075565844774,3.884891793131828,7.841727814719546,13.165467304990862,-2.5534844025969505,-3.0219815943203665,-0.7032376268990226
28320,DEERE & CO,"Morgan Stanley Maintains Overweight on Deere, Raises Price Target to $172",3,increase,0.85,0.1,,137,33,2.0,2019-06-21,19350.0,0.9338930249214172,1.5826674178242683,1.3355926816290609,0.2226151180723112,1.7631562426686287,2.120711242587836,5.434993759695805
28328,ISHARES TRUST,A Darling Among Dividend Growth ETFs,3,increase,0.8,0.6,,128,33,2.0,2019-06-21,14725.0,-0.1042233314365149,-0.2086641499772668,-0.3651523271230528,0.5738164109579058,0.9203321300446988,1.1064330950002257,2.0473290515718556
28336,DISH NETWORK CORP,DISH Network Option Alert: Jul 19 $45 Calls at the Ask: 1244 @ $0.85 vs 3206 OI; Earnings 8/2 Before Open [est] Ref=$39.115,3,uncertain,0.6,0.3,,170,34,1.0,2019-06-21,81696.0,-0.204660603776574,-1.076642330735922,-1.5380632590802912,2.127664375068661,0.4626067820936441,-0.025571196223495,0.2564720596071934
28344,DISH NETWORK CORP,"Dish Network's Charlie Ergen Months Away from Deal to Buy Sprint, T-Mobile Assets",3,increase,0.75,0.6,,141,33,2.0,2019-06-21,81696.0,-0.204660603776574,-1.076642330735922,-1.5380632590802912,2.127664375068661,0.4626067820936441,-0.025571196223495,0.2564720596071934
28352,DARDEN RESTAURANTS INC,The Street Debates Darden's Earnings: Low Bar Set For Guidance?,3,uncertain,0.6,0.3,,144,34,1.0,2019-06-21,81655.0,2.157247252762318,0.6269029807299376,0.4124390556919932,3.0932935730569655,1.0731576941907406,0.6274890730380678,0.3042858773859569
28360,DARDEN RESTAURANTS INC,"Wedbush Maintains Neutral on Darden Restaurants, Lowers Price Target to $125",3,decrease,0.75,0.6,,148,34,0.0,2019-06-21,81655.0,2.157247252762318,0.6269029807299376,0.4124390556919932,3.0932935730569655,1.0731576941907406,0.6274890730380678,0.3042858773859569
28368,ENTEGRIS INC,"CL King Initiates Coverage On Entegris with Buy Rating, Announces $44 Price Target",3,increase,0.8,0.6,,140,33,2.0,2019-06-21,88439.0,-1.792204193770885,-1.401752419769764,-1.2959578731980947,-6.1623957390751105,3.689735755324364,3.550294994191572,7.752590164080986
28376,E Q T CORP,"Activist Investors, EQT Corporation Clash Ahead Of Natural Gas Producer's Annual Meeting",3,uncertain,0.6,0.3,,140,34,1.0,2019-06-21,24328.0,-2.057882025837898,0.9849020279943944,3.8082789269740847,-0.984895845276379,2.572561614215374,-2.568921573953098,-1.89274587521856
28384,E Q T CORP,"EQT Shareholders, Rice Team, Responds To 'Series of Misleading Statements from EQT', Urges Shareholders To Support Its Director Nominees",3,uncertain,0.6,0.3,,155,34,1.0,2019-06-21,24328.0,-2.057882025837898,0.9849020279943944,3.8082789269740847,-0.984895845276379,2.572561614215374,-2.568921573953098,-1.89274587521856
28392,E Q T CORP,"EQT Sees Q2 Sales Volumes At High End Of Guidance, Says On Track To Generate ~$300M-$400M Of Adj. FCF In 2019",3,increase,0.8,0.6,,159,29,2.0,2019-06-21,24328.0,-2.057882025837898,0.9849020279943944,3.8082789269740847,-0.984895845276379,2.572561614215374,-2.568921573953098,-1.89274587521856
28400,E Q T CORP,EQT Corporation Sends Letter Urging Shareholders To Vote For Co.'s Board Nominees,3,increase,0.7,0.6,,142,33,2.0,2019-06-21,24328.0,-2.057882025837898,0.9849020279943944,3.8082789269740847,-0.984895845276379,2.572561614215374,-2.568921573953098,-1.89274587521856
28408,ISHARES INC,"Immigration Authorities To Start Targeting As Many As 2,000 Migrant Families On Sunday In Major US Cities",3,uncertain,0.6,0.2,,145,34,1.0,2019-06-21,83223.0,-1.121830847114325,0.0226960211875848,-1.5656878526768003,1.0664878749659712,1.2264386750757694,2.0842874007499956,2.9805937936323135
28416,EXELIXIS INC,"From 8K Filing Late Thurday: Exelixis Said on June 19 Informed By Genentech, Imspire170, Phase 3 Trial Evaluating Combination of Cobimetinib & Atezolizumab Did Not Meet Primary Endpoint",3,decrease,0.85,0.7,,176,34,0.0,2019-06-21,88159.0,1.087991707026958,-2.9480628669261932,-3.835090023329713e-08,-4.305100907993453,0.8106823079288006,1.7814103353044786,2.323327933227315
28424,FARMER BROTHERS CO,California Cannabis Enterprises Names New COO,3,uncertain,0.5,0.2,,132,29,1.0,2019-06-21,34367.0,-2.93944738805294,-0.3028536913916468,-0.8479671713401582,6.117505964709569,2.8415918350219727,-2.128877695542908,-7.8548155454145725
28432,FIDUS INVESTMENT CORP,"B. Riley Initiates Coverage On Fidus Inv with Buy Rating, Announces $17.5 Price Target",3,increase,0.8,0.6,,149,29,2.0,2019-06-21,12885.0,0.6862052250653505,-0.4337031859904527,-1.1771969008871783,0.3717558008820898,0.5015728995203972,1.0718854566758915,0.944587977512712
28440,FLEETCOR TECHNOLOGIES INC,"Deutsche Bank Maintains Buy on Fleetcor Technologies, Raises Price Target to $305",3,increase,0.8,0.6,,147,29,2.0,2019-06-21,12449.0,0.4824121948331593,0.0286686583422124,0.6234175590953406,4.199061927117631,0.0504211115185171,1.6318434803612725,3.460212136913521
28448,GENERAL DYNAMICS CORP,General Dynamics Awarded CMS Benefits Coordination & Recovery Center Contract,3,increase,0.75,0.6,,137,29,2.0,2019-06-21,12052.0,-0.2978276228532195,0.2198132686316967,2.4742235282006364,2.848119876681987,2.499718777835369,2.517432163262767,3.5976295502134104
28456,GLOBANT S A,Itau BBA Upgrades Globant to Outperform,3,increase,0.85,0.7,,135,33,2.0,2019-06-21,14785.0,1.429540570825338,-3.152085468173027,-3.7710683343138096,-0.4190098554612498,1.3608766719698906,1.7193948286497562,2.0402126404748255
28464,ALPHABET INC,"The Other Low Volatility ETF Is Doing Alright, Too",3,uncertain,0.5,0.2,,134,34,1.0,2019-06-21,14542.0,0.9411348029971124,-0.5669042468070984,-3.65190306976686,-0.4929251993699757,0.824624951928854,0.7085962755229325,1.731811846123854
28472,HELEN OF TROY LTD,"Helen Of Troy On June 17 Entered Into A Severance Agreement With Brian Grass, Company's Chief Financial Officer",3,uncertain,0.6,0.3,,148,34,1.0,2019-06-21,41452.0,-0.5960654933005571,-0.9725790470838548,-4.50457310255914,-3.0712957669085883,0.9169600903987885,-0.520634874687198,0.9317713021751216
28480,INTERNATIONAL BUSINESS MACHS COR,"IBM, Cloudera Announce Strategic Partnership",3,uncertain,0.6,0.3,,133,34,1.0,2019-06-21,12490.0,0.252063968218863,0.1077651977539062,-0.9339102552866962,0.9842029305207278,1.2912198901176453,1.81111680050845,2.8899660522738957
28488,INTERNATIONAL BUSINESS MACHS COR,"IBM, Cloudera Announce Strategic Partnership; IBM To Resell Cloudera Enterprise Data Hub And DataFlow, Cloudera Will Begin To Resell IBM's Watson Studio And BigSQL",3,increase,0.75,0.6,,163,29,2.0,2019-06-21,12490.0,0.252063968218863,0.1077651977539062,-0.9339102552866962,0.9842029305207278,1.2912198901176453,1.81111680050845,2.8899660522738957
28496,ISHARES TRUST,US Issues New Nicaragua-Related Sanctions,3,decrease,0.75,0.6,,130,34,0.0,2019-06-21,89190.0,0.2344719599932432,0.2923931926488876,-1.3450265541503192,1.461988204587228,1.820353977382183,2.74013802056925,4.9846119082531
28504,INUVO INC,Inuvo Announces Termination Of Planned Merger With ConversionPoint Technologies,3,decrease,0.75,0.6,,135,34,0.0,2019-06-21,90608.0,-28.557634353637702,-0.5675650667399168,13.51350916088392,1.2162164777767437,-16.46774411201477,-23.83823746164988,-27.056337206926795
28512,INUVO INC,Inuvo shares are trading lower after the company announced the termination of its planned merger with Conversion Point Technologies.,3,decrease,0.85,0.7,,142,34,0.0,2019-06-21,90608.0,-28.557634353637702,-0.5675650667399168,13.51350916088392,1.2162164777767437,-16.46774411201477,-23.83823746164988,-27.056337206926795
28520,INUVO INC,Inuvo Announces Termination Of Agreement And Plan Of Merger With ConversionPoint Technologies Inc.; Co. To Receive $2.8M Break Up Payment,3,increase,0.7,0.5,,152,33,2.0,2019-06-21,90608.0,-28.557634353637702,-0.5675650667399168,13.51350916088392,1.2162164777767437,-16.46774411201477,-23.83823746164988,-27.056337206926795
28528,KEYCORP NEW,"Baird Upgrades KeyCorp to Outperform, Raises Price Target to $19",3,increase,0.8,0.6,,138,33,2.0,2019-06-21,64995.0,1.007109507918358,0.2932618604972958,4.10557659543378,4.457479674269549,-0.4716977011412382,-1.8604743448562555,-1.146411854335838e-08
28536,KORN FERRY,Korn Ferry Falls On Lower Guidance,3,decrease,0.85,0.7,,129,34,0.0,2019-06-21,86594.0,-17.456720769405358,-1.922597922384739,0.0499388058749605,-3.501203011918197,2.147369459271431,4.20962006757617,6.1706776888251325
28544,CARMAX INC,Hearing Bank of America Raises CarMax Price Target From $95 To Street High Of $112; Unconfirmed,3,increase,0.8,0.6,,142,33,2.0,2019-06-21,89508.0,3.1807221472263345,-3.5030361264944077,1.3895403221197755,2.522190063585006,-0.5868941079825163,-0.8007627461177225,-1.0373229013371232
28552,CARMAX INC,CarMax Shares Trade Higher After Positive Q1 Earnings,3,increase,0.85,0.7,,130,33,2.0,2019-06-21,89508.0,3.1807221472263345,-3.5030361264944077,1.3895403221197755,2.522190063585006,-0.5868941079825163,-0.8007627461177225,-1.0373229013371232
28560,CARMAX INC,CarMax shares are trading higher after the company reported better-than-expected Q1 EPS and sales.,3,increase,0.85,0.7,,139,33,2.0,2019-06-21,89508.0,3.1807221472263345,-3.5030361264944077,1.3895403221197755,2.522190063585006,-0.5868941079825163,-0.8007627461177225,-1.0373229013371232
28568,CARMAX INC,"CarMax Q1 EPS $1.59 Beats $1.47 Estimate, Sales $5.37B Beat $5.12B Estimate",3,increase,0.85,0.7,,149,33,2.0,2019-06-21,89508.0,3.1807221472263345,-3.5030361264944077,1.3895403221197755,2.522190063585006,-0.5868941079825163,-0.8007627461177225,-1.0373229013371232
28576,CARMAX INC,"Earnings Scheduled For June 21, 2019",3,uncertain,0.5,0.5,,131,34,1.0,2019-06-21,89508.0,3.1807221472263345,-3.5030361264944077,1.3895403221197755,2.522190063585006,-0.5868941079825163,-0.8007627461177225,-1.0373229013371232
28584,KROGER CO,"Kroger's Q1 Draws Tepid Reaction From Analysts, Investors Pull Back",3,decrease,0.75,0.6,,138,34,0.0,2019-06-21,16678.0,-3.8478143513202663,-0.7194237783551216,-2.3830965518408687,-1.9784196033135528,-2.1573614329099655,-3.383464277926096,-5.049266791718576
28592,LABORATORY CORP AMERICA HLDGS,"Deutsche Bank Upgrades Laboratory Corp to Buy, Raises Price Target to $220",3,increase,0.85,0.7,,150,29,2.0,2019-06-21,12062.0,1.672717183828354,-0.8665080182254314,1.2295028154227117,2.9742398030836226,-0.8908522315323353,1.1439636451065829,1.1196054763626728
28600,LOCKHEED MARTIN CORP,"US Forces Prepare To Evacuate Some Lockheed Martin And Sallyport Contractors From Iraqi Military Base; US Contractors Evacuation From Iraqi Base 'Imminent', Will Take Place In Two Stages",3,decrease,0.75,0.6,,168,34,0.0,2019-06-21,21178.0,-0.9481815621256828,0.1725360751152038,1.1631854873116687,2.732637842222685,1.9874557852745056,2.6250279893259343,4.046570021288942
28608,MEDTRONIC PLC,Medtronic Says Remains Committed To Returning 50+% Of Free Cash Flow To Shareholders,3,increase,0.75,0.6,,145,29,2.0,2019-06-21,60097.0,0.1208896981552243,-0.2213660627603531,-2.002412876019688,-0.8256148229382587,0.5164578557014465,1.3270753632861565,1.9934262526232205
28616,MEDTRONIC PLC,"Medtronic Raises Quarterly Dividend From $0,50 To $0.54/Share",3,increase,0.75,0.6,,142,33,2.0,2019-06-21,60097.0,0.1208896981552243,-0.2213660627603531,-2.002412876019688,-0.8256148229382587,0.5164578557014465,1.3270753632861565,1.9934262526232205
28624,GLOBAL X FUNDS,A Magnificent MLP ETF,3,increase,0.8,0.6,,128,33,2.0,2019-06-21,14069.0,0.699301902204752,-1.0030873119831083,-0.1543244850162106,1.0802495685620306,0.7830808870494366,1.33858334359358,2.2239852173182806
28632,ALTRIA GROUP INC,"Altria shares are trading lower, but not seeing any news to justify the price action.",3,decrease,0.7,0.5,,141,34,0.0,2019-06-21,13901.0,-4.496614262461662,1.0208368301391602,-1.3541697523361984,2.2500040238751406,0.7214364595711231,0.2793284132952767,-1.1797134439768375
28640,MERCK & CO INC NEW,"Morgan Stanley Maintains Overweight on Merck & Co, Raises Price Target to $90",3,increase,0.8,0.6,,144,33,2.0,2019-06-21,22752.0,-0.0354595511453226,1.111508160829544,-0.8513671224916086,-0.626698344707588,-0.8903492242097855,0.1301936897398103,1.560618694919147
28648,MICRON TECHNOLOGY INC,Hearing Cleveland Research Out With Report Implying Micron Faces Extended DRAM Pricing Downturn,3,decrease,0.85,0.7,,142,34,0.0,2019-06-21,53613.0,-2.635436318814754,-0.1804552623070776,16.060151237993182,21.533834726143652,0.618747528642416,-0.4082805095840025,5.303734823551576
28656,MYRIAD GENETICS INC,Pioneering genetic-testing company Myriad's biggest up-and-coming product could be at risk after scientists raised major,3,decrease,0.85,0.7,,150,34,0.0,2019-06-21,82508.0,-1.75438616424799,-2.04081442207098,18.11224533091764,15.688769083231268,-1.319042406976223,-1.0334848825160448,-3.311791872120662
28664,NEXTERA ENERGY INC,"Morgan Stanley Maintains Overweight on NextEra Energy, Raises Price Target to $209",3,increase,0.8,0.6,,143,33,2.0,2019-06-21,24205.0,0.5669144913554192,0.3131746081635356,-1.2960744491656295,0.7612630929283215,0.0678817799780517,0.467338471454104,0.0048503641492336
28672,ANNALY CAPITAL MANAGEMENT INC,"UBS Initiates Coverage On Annaly Capital Management with Buy Rating, Announces $9.5 Price Target",3,increase,0.8,0.6,,147,29,2.0,2019-06-21,85414.0,0.1094012521207333,0.8743161335587502,2.5226739980301005,2.971841914843476,-0.7600401062518358,0.7717822759296888,0.2193032836523389
28680,NAPCO SECURITY TECHNOLOGIES INC,"Imperial Capital Initiates Coverage On NAPCO Security with Outperform Rating, Announces $36 Price Target",3,increase,0.8,0.6,,151,29,2.0,2019-06-21,55993.0,-8.56185108423233,0.033322989474982,-1.0996333780443956,-15.994672324755598,0.7985206320881844,8.53174551539404,5.802705087540572
28688,OWENS CORNING NEW,Hearing DealReporter Says Major Activist Investor May Have Owens Corning In Its Sights,3,increase,0.75,0.6,,142,33,2.0,2019-06-21,91531.0,4.493694752454758,-0.8172760717570782,13.251608582047105,10.72193492750515,1.2350729666650295,-0.2029189548117815,-0.0812696039955374
28696,OCULAR THERAPEUTIX INC,FDA OKs Expanded Indication For Ocular Therapeutix Eye Pain Drug Months Ahead Of Schedule,3,increase,0.85,0.7,,148,29,2.0,2019-06-21,14823.0,7.0217907428741455,-1.3574647717177868,-0.4524883780413824,18.325789966679217,-7.606256753206253,-7.812497507607485,-1.900235414208884
28704,OCULAR THERAPEUTIX INC,Ocular Therapeutix shares are trading higher after the company received FDA approval of its sNDA for DEXTENZA  for treatment of ocular inflammation following ophthalmic surgery.,3,increase,0.85,0.7,,164,33,2.0,2019-06-21,14823.0,7.0217907428741455,-1.3574647717177868,-0.4524883780413824,18.325789966679217,-7.606256753206253,-7.812497507607485,-1.900235414208884
28712,OCULAR THERAPEUTIX INC,Ocular Therapeutix Announces FDA Approval Of Supplemental New Drug Application For DEXTENZA For Treatment Of Ocular Inflammation Following Ophthalmic Surgery,3,increase,0.85,0.7,,159,29,2.0,2019-06-21,14823.0,7.0217907428741455,-1.3574647717177868,-0.4524883780413824,18.325789966679217,-7.606256753206253,-7.812497507607485,-1.900235414208884
28720,OCEAN POWER TECHNOLOGIES INC,"A Look At Benzinga Pro's Most-Searched Tickers For June 21, 2019",3,uncertain,0.5,0.3,,150,34,1.0,2019-06-21,91964.0,-1.9417457282543176,-2.9702942818403244,-5.445545338593261,-4.950496165203644,-2.830186113715172,0.9803913380016738,5.1020361177809725
28728,OCEAN POWER TECHNOLOGIES INC,"Benzinga Pro's Top 10 Most-Searched Tickers For Morning of Friday., June 21, 2019",3,uncertain,0.5,0.2,,155,34,1.0,2019-06-21,91964.0,-1.9417457282543176,-2.9702942818403244,-5.445545338593261,-4.950496165203644,-2.830186113715172,0.9803913380016738,5.1020361177809725
28736,OVERSTOCK COM INC DEL,Overstock CEO Says Company's Retail Business Has Multiple Suitors,3,increase,0.75,0.6,,137,33,2.0,2019-06-21,89394.0,15.46905338764191,-4.494377970695496,17.545381385817937,43.82022269516233,-3.000962920486927,1.1099962486320392,2.769235644823742
28744,OVERSTOCK COM INC DEL,Overstock.com Option Alert: Fri $11 Calls Sweep (75) near the Ask: 814 @ $0.839 vs 2656 OI; Earnings 8/8 After Close [est] Ref=$11.58,3,uncertain,0.6,0.3,,173,34,1.0,2019-06-21,89394.0,15.46905338764191,-4.494377970695496,17.545381385817937,43.82022269516233,-3.000962920486927,1.1099962486320392,2.769235644823742
28752,OVERSTOCK COM INC DEL,Overstock shares are trading higher following reports indicating the company has heated up efforts to sell its retail business and focus on blockchain.,3,increase,0.75,0.6,,150,33,2.0,2019-06-21,89394.0,15.46905338764191,-4.494377970695496,17.545381385817937,43.82022269516233,-3.000962920486927,1.1099962486320392,2.769235644823742
28760,OVERSTOCK COM INC DEL,'Overstock's exit from retail is getting back on track. It wants to go all-in on blockchain' -CNN,3,increase,0.75,0.6,,150,33,2.0,2019-06-21,89394.0,15.46905338764191,-4.494377970695496,17.545381385817937,43.82022269516233,-3.000962920486927,1.1099962486320392,2.769235644823742
28768,P G & E CORP,California Governor Says Holding PG&E Accountable And Building A Utility That Prioritizes Safety Is A Key Area Of Focus In Strike Force Report,3,uncertain,0.6,0.3,,153,34,1.0,2019-06-21,13688.0,-2.588038332760334,-5.618462711572647,-0.1742118963455885,-5.357141009624932,14.807593822479248,23.145248549196214,24.841106349376908
28776,P G & E CORP,"California Governor Says Proposed $1B Additional Funding To Enhance State's Preparedness, Expand Capacity To Respond To Emergency Incidents; Says Proposed Additional Funding To Utilize The Most Technologically Advanced Equipment And Promote Public Safety",3,increase,0.7,0.6,,167,33,2.0,2019-06-21,13688.0,-2.588038332760334,-5.618462711572647,-0.1742118963455885,-5.357141009624932,14.807593822479248,23.145248549196214,24.841106349376908
28784,P G & E CORP,Large Option Trader Dumped PG&E Puts Minutes Before Restructuring Report,3,increase,0.75,0.6,,141,33,2.0,2019-06-21,13688.0,-2.588038332760334,-5.618462711572647,-0.1742118963455885,-5.357141009624932,14.807593822479248,23.145248549196214,24.841106349376908
28792,P G & E CORP,"'Gavin Newsom unveils $24 billion plan to tackle wildfires, PG&E bankruptcy' -Sacramento Bee",3,increase,0.7,0.6,,150,33,2.0,2019-06-21,13688.0,-2.588038332760334,-5.618462711572647,-0.1742118963455885,-5.357141009624932,14.807593822479248,23.145248549196214,24.841106349376908
28800,P G & E CORP,PG&E shares are trading higher following reports indicating the company is planning a $14 billion fund to compensate fire victims and may be floating a $31 billion restructuring plan.,3,increase,0.75,0.6,,158,33,2.0,2019-06-21,13688.0,-2.588038332760334,-5.618462711572647,-0.1742118963455885,-5.357141009624932,14.807593822479248,23.145248549196214,24.841106349376908
28808,P G & E CORP,PG&E To Float $31B Restructuring Plan,3,uncertain,0.6,0.3,,137,34,1.0,2019-06-21,13688.0,-2.588038332760334,-5.618462711572647,-0.1742118963455885,-5.357141009624932,14.807593822479248,23.145248549196214,24.841106349376908
28816,P G & E CORP,PG&E To Plan $14B Fund To Compensate Fire Victims,3,decrease,0.8,0.6,,141,34,0.0,2019-06-21,13688.0,-2.588038332760334,-5.618462711572647,-0.1742118963455885,-5.357141009624932,14.807593822479248,23.145248549196214,24.841106349376908
28824,PFIZER INC,Pfizer Receives European Commission Approval For Breast Cancer Drug TALZENNA,3,increase,0.8,0.6,,134,29,2.0,2019-06-21,21936.0,0.1605497673153877,0.2060914877802133,-0.8014620705284359,-0.8472611289610965,0.2298815408721566,1.230552093471493,1.6790983982031271
28832,PFIZER INC,"Pfizer Receives European Approval For TALZENNA, A Once-Daily Parp Inhibitor Approved In Europe For Hereditary Breast Cancer",3,increase,0.8,0.6,,149,29,2.0,2019-06-21,21936.0,0.1605497673153877,0.2060914877802133,-0.8014620705284359,-0.8472611289610965,0.2298815408721566,1.230552093471493,1.6790983982031271
28840,PERFICIENT INC,"Nomura Initiates Coverage On Perficient with Buy Rating, Announces $40 Price Target",3,increase,0.8,0.6,,140,33,2.0,2019-06-21,87086.0,2.158484794199467,-2.8943561017513275,-0.6657007013231797,-1.2735127967343995,1.1363668367266655,0.8047703543351936,1.9596067645924584
28848,QUALCOMM INC,Slync's Logistics Orchestration: Where Data And Action Meet,3,uncertain,0.5,0.2,,134,34,1.0,2019-06-21,77178.0,-0.0274905731203034,0.6050638388842344,4.606708426156136,5.376782117952894,1.309184916317463,1.0839338454400993,5.25249210440486
28856,SABRE CORP,UK CMA Says Considering Whether Anticipated Acquisition By Sabre Corporation Of Farelogix Will Result In Creation Of A Relevant Merger Situation,3,uncertain,0.6,0.3,,149,34,1.0,2019-06-21,14608.0,-0.608693016692996,-0.56868358515203,-2.8871383745383117,0.6561661784153738,0.5212838295847178,1.5357572187204127,3.165402124430461
28864,STARBUCKS CORP,Starbucks And Grubhub: 'Trading Nation' Millennial Picks,3,increase,0.7,0.5,,140,33,2.0,2019-06-21,77702.0,-1.0272791609168048,-0.202813372015953,0.0119328483871861,4.318781572579922,1.0499998927116394,2.134592787049283,2.0115705787233873
28872,SPROUTS FARMERS MARKET INC,Sprouts Farmers Market Analyst 'Eager' To Learn About Incoming CEO's Vision,3,uncertain,0.6,0.3,,146,30,1.0,2019-06-21,14102.0,-3.328220546245575,-1.271185278892517,0.0529673903478578,-0.2648264641421316,0.6701086182147264,-2.9324061736935914,-3.982298166859199
28880,SIGNET JEWELERS LTD,Signet Jewelers Option Alert: Jan 17 $20 Calls Sweep (24) above Ask!: 3250 @ $2.603 vs 326 OI; Ref=$17.639,3,increase,0.75,0.6,,167,33,2.0,2019-06-21,12076.0,0.8004539646208286,-3.0062325298786163,1.418037483900858,3.403291927750529,-0.3986315336078405,-2.9411801979084995,-4.2692975527913735
28888,S P PLUS CORP,House Speaker Pelosi Says She Did Not Receive Any Advance Notification That A Strike On Iran Was 'In The Works',3,uncertain,0.5,0.1,,145,29,1.0,2019-06-21,90194.0,-1.507697440683842,-2.3117709904909134,-0.249915710299986,2.717909333822055,0.3086372511461377,1.0886421728087736,0.5258217057217962
28896,T MOBILE U S INC,T-Mobile US shares are trading lower after four additional states joined the lawsuit to stop the merger between T-Mobile and Sprint.,3,decrease,0.85,0.7,,147,34,0.0,2019-06-21,91937.0,-2.861546725034714,-0.2113553928211331,-2.0607629989018106,-0.0924698146695268,-0.4471109714359045,1.9492383539786884,3.5339494765803003
28904,T MOBILE U S INC,"Attorney For New York AG's Office, Beau Buffier, Says Four Additional States Are Being Added To Lawsuit Aimed At Stopping T-Mobile/Sprint Merger",3,decrease,0.75,0.6,,157,34,0.0,2019-06-21,91937.0,-2.861546725034714,-0.2113553928211331,-2.0607629989018106,-0.0924698146695268,-0.4471109714359045,1.9492383539786884,3.5339494765803003
28912,THOMSON REUTERS CORP,Thomson Reuters To Acquire Audit Service Company Confirmation,3,increase,0.75,0.6,,138,33,2.0,2019-06-21,89444.0,-0.7967510260641575,-0.2424549777060747,-2.318531444747718,0.2121523256616964,-0.2249910496175289,1.5882608726189629,2.4487853233202017
28920,THOMSON REUTERS CORP,Thomson Reuters To Acquire Confirmation; Terms Not Disclosed,3,increase,0.7,0.6,,140,33,2.0,2019-06-21,89444.0,-0.7967510260641575,-0.2424549777060747,-2.318531444747718,0.2121523256616964,-0.2249910496175289,1.5882608726189629,2.4487853233202017
28928,TYSON FOODS INC,BMO Reaffirms Tyson Foods As 'Top Pick' For 2019,3,increase,0.8,0.6,,140,29,2.0,2019-06-21,77730.0,0.8393789641559124,1.929623819887638,1.82872604087152,3.3169342626363285,1.1188208125531671,1.878721046813503,0.1273379670190699
28936,TYSON FOODS INC,"Barclays Maintains Overweight on Tyson Foods, Raises Price Target to $100",3,increase,0.8,0.6,,141,29,2.0,2019-06-21,77730.0,0.8393789641559124,1.929623819887638,1.82872604087152,3.3169342626363285,1.1188208125531671,1.878721046813503,0.1273379670190699
28944,VERTEX PHARMACEUTICALS INC,Vertex Pharmaceuticals Confirms FDA Approval For SYMDEKO,3,increase,0.85,0.7,,145,33,2.0,2019-06-21,76744.0,0.9880897589027882,-1.6035206615924835,-0.3207025239948202,-3.924553497971006,0.2310856478288769,2.3772034151610555,4.82794306515153
28952,VERTEX PHARMACEUTICALS INC,FDA Grants Vertex Pharmaceuticals Expanded Indication For SYMDEKO Tablets For PEdiatric PAtients With Cystic Fibrosis,3,increase,0.8,0.6,,160,29,2.0,2019-06-21,76744.0,0.9880897589027882,-1.6035206615924835,-0.3207025239948202,-3.924553497971006,0.2310856478288769,2.3772034151610555,4.82794306515153
28960,VERASTEM INC,Verastem Shares Response Rate From COPIKTRA Data,3,increase,0.75,0.6,,133,33,2.0,2019-06-21,13202.0,13.836471736431118,-2.7624284848570824,-16.574583933871235,-26.51933239412012,-16.31578654050827,-12.6373632237351,-9.142855227183322
28968,VERASTEM INC,"UPDATE: Verastem Says Data From Two Phase 1 Studies Show Response Rates Of 44-57%, Including Complete Response Rates Of 15-22%",3,increase,0.75,0.6,,153,33,2.0,2019-06-21,13202.0,13.836471736431118,-2.7624284848570824,-16.574583933871235,-26.51933239412012,-16.31578654050827,-12.6373632237351,-9.142855227183322
28976,VERASTEM INC,Verastem Oncology Highlights Presentation Of COPIKTRA Data In Peripheral T-Cell Lymphoma At 2019 International Conference On Malignant Lymphoma,3,increase,0.7,0.6,,153,33,2.0,2019-06-21,13202.0,13.836471736431118,-2.7624284848570824,-16.574583933871235,-26.51933239412012,-16.31578654050827,-12.6373632237351,-9.142855227183322
28984,W E X INC,"Deutsche Bank Maintains Buy on WEX, Raises Price Target to $223",3,increase,0.85,0.7,,138,33,2.0,2019-06-21,90569.0,-0.1596838003024459,-1.3765080831944942,0.8627366924540025,1.2844093760074449,-0.4048443865031004,0.2717247327681971,1.9336054199281971
28992,W P P PLC NEW,WPP Announces Sale Of The Farm Group; Terms Not Disclosed,3,uncertain,0.6,0.3,,137,34,1.0,2019-06-21,11845.0,-1.149978023022413,-0.3716263454407453,1.6480861004135594,-0.2908389505408504,-0.0159666582476347,1.4748781909869502,2.689846466006718
